id,nomoficial,nombre_norm,barrio,comuna,tipo_c,long,geometry,metodo_match,match_score,wikidata_id,figura_nombre,partido_madre,tipo_figura,sitelinks
3,"PAZ, GRAL. AV.",GRAL. AV. PAZ,Nuñez,13.0,AVENIDA,145.4747858645993,"LINESTRING (-58.46561093444613 -34.53507012444892, -58.465767943878525 -34.53516012373912, -58.46586095932405 -34.53524695508765, -58.46597593031819 -34.53532963084649, -58.466116601524654 -34.5354160383981, -58.466338798589014 -34.535523359825596, -58.466506872184354 -34.535604202714126, -58.46661265298602 -34.535671384746706, -58.466760565799966 -34.535925542216425)",descartado,0.0,,,,,
8,"PAZ, GRAL. AV.",GRAL. AV. PAZ,Nuñez,13.0,AVENIDA,89.68114676073733,"LINESTRING (-58.46720972641727 -34.53605419399296, -58.467348432077564 -34.535918552130504, -58.46759990115368 -34.53592607894341, -58.46806514945492 -34.53610000987763)",descartado,0.0,,,,,
10,11 DE SEPTIEMBRE DE 1888,11 DE SEPTIEMBRE DE 1888,Nuñez,13.0,CALLE,38.72820076764663,"LINESTRING (-58.46793054025062 -34.53643086874658, -58.46806514945492 -34.53610000987763)",descartado,0.0,,,,,
13,"PAZ, GRAL. AV.",GRAL. AV. PAZ,Nuñez,13.0,AVENIDA,99.93614453869867,"LINESTRING (-58.468344113648705 -34.536229297819794, -58.46901735789398 -34.53652906469473, -58.4692123270257 -34.536599972748526, -58.46931079088061 -34.536642574683334)",descartado,0.0,,,,,
14,PICO,PICO,Nuñez,13.0,CALLE,137.7522208571402,"LINESTRING (-58.46502726359528 -34.536034948083625, -58.465485615777105 -34.53627389063322, -58.46630369452358 -34.536687686836736)",descartado,0.0,,,,,
18,"PAZ, GRAL. AV.",GRAL. AV. PAZ,Nuñez,13.0,AVENIDA,74.31409024865467,"LINESTRING (-58.46931079088061 -34.536642574683334, -58.46938857484927 -34.536676304101185, -58.470025401925724 -34.536957263902)",descartado,0.0,,,,,
20,3 DE FEBRERO,3 DE FEBRERO,Nuñez,13.0,CALLE,46.05100307930488,"LINESTRING (-58.46904845151857 -34.53699639931662, -58.46931079088061 -34.536642574683334)",descartado,0.0,,,,,
21,PICO,PICO,Nuñez,13.0,CALLE,135.8436558588927,"LINESTRING (-58.46630369452358 -34.536687686836736, -58.46756618812389 -34.53732639821828)",descartado,0.0,,,,,
22,11 DE SEPTIEMBRE DE 1888,11 DE SEPTIEMBRE DE 1888,Nuñez,13.0,CALLE,104.8250553687274,"LINESTRING (-58.46756618812389 -34.53732639821828, -58.46793054025062 -34.53643086874658)",descartado,0.0,,,,,
23,PICO,PICO,Nuñez,13.0,CALLE,68.33736154141829,"LINESTRING (-58.46783804631094 -34.5374621173361, -58.468480198633515 -34.53777369837224)",descartado,0.0,,,,,
27,3 DE FEBRERO,3 DE FEBRERO,Nuñez,13.0,CALLE,100.7815688382444,"LINESTRING (-58.468480198633515 -34.53777369837224, -58.46904845151857 -34.53699639931662)",descartado,0.0,,,,,
29,"PAZ, GRAL. AV.",GRAL. AV. PAZ,Nuñez,13.0,AVENIDA,125.455731940772,"LINESTRING (-58.470025401925724 -34.536957263902, -58.470208800066125 -34.537038171255794, -58.47113651921078 -34.537446999074724, -58.471230402129315 -34.53749064939773)",descartado,0.0,,,,,
32,11 DE SEPTIEMBRE DE 1888,11 DE SEPTIEMBRE DE 1888,Nuñez,13.0,CALLE,99.71244818506884,"LINESTRING (-58.4669602178343 -34.538072352636114, -58.46756618812389 -34.53732639821828)",descartado,0.0,,,,,
33,PICO,PICO,Nuñez,13.0,CALLE,99.97384819799011,"LINESTRING (-58.468480198633515 -34.53777369837224, -58.46940094443272 -34.538254935850986)",descartado,0.0,,,,,
37,"PAZ, GRAL. AV.",GRAL. AV. PAZ,Nuñez,13.0,AVENIDA,100.5618826695627,"LINESTRING (-58.47220041802847 -34.537935037363646, -58.47260296768956 -34.53811353308749, -58.4731673908295 -34.5383609599415)",descartado,0.0,,,,,
41,3 DE FEBRERO,3 DE FEBRERO,Nuñez,13.0,CALLE,101.0920766815412,"LINESTRING (-58.46789976543158 -34.53854810774596, -58.468480198633515 -34.53777369837224)",descartado,0.0,,,,,
42,PICO,PICO,Nuñez,13.0,CALLE,101.194646619403,"LINESTRING (-58.46940094443272 -34.538254935850986, -58.470341273907536 -34.53873095382001)",descartado,0.0,,,,,
44,"PAZ, GRAL. AV.",GRAL. AV. PAZ,Nuñez,13.0,AVENIDA,101.0740206997642,"LINESTRING (-58.4731673908295 -34.5383609599415, -58.47400322320223 -34.538727307403825, -58.474141351730765 -34.53878581784663)",descartado,0.0,,,,,
45,"PAZ, GRAL. AV.",GRAL. AV. PAZ,Nuñez,13.0,AVENIDA,154.6142929363611,"LINESTRING (-58.46897848519874 -34.536055316626516, -58.469628838824754 -34.53635582041761, -58.47045732432357 -34.53672212685345)",descartado,0.0,,,,,
47,11 DE SEPTIEMBRE DE 1888,11 DE SEPTIEMBRE DE 1888,Nuñez,13.0,CALLE,100.0813938577547,"LINESTRING (-58.46639108691649 -34.53884182475854, -58.4669602178343 -34.538072352636114)",descartado,0.0,,,,,
49,CUBA,CUBA,Nuñez,13.0,CALLE,68.76475870191204,"LINESTRING (-58.47277734382046 -34.53889015934395, -58.4731673908295 -34.5383609599415)",descartado,0.0,,,,,
54,PICO,PICO,Nuñez,13.0,CALLE,99.97656524023458,"LINESTRING (-58.470341273907536 -34.53873095382001, -58.47127037996868 -34.53920112002357)",descartado,0.0,,,,,
57,3 DE FEBRERO,3 DE FEBRERO,Nuñez,13.0,CALLE,101.1939707849829,"LINESTRING (-58.46732383209402 -34.53932589448244, -58.46789976543158 -34.53854810774596)",descartado,0.0,,,,,
58,"PAZ, GRAL. AV.",GRAL. AV. PAZ,Nuñez,13.0,AVENIDA,139.6005901106397,"LINESTRING (-58.474141351730765 -34.53878581784663, -58.47515804500854 -34.53921707242582, -58.47548797909249 -34.53937008048666)",descartado,0.0,,,,,
65,11 DE SEPTIEMBRE DE 1888,11 DE SEPTIEMBRE DE 1888,Nuñez,13.0,CALLE,95.63166367367384,"LINESTRING (-58.46584722011705 -34.539577067381856, -58.46639108691649 -34.53884182475854)",descartado,0.0,,,,,
66,PICO,PICO,Nuñez,13.0,CALLE,99.38845752547826,"LINESTRING (-58.47127037996868 -34.53920112002357, -58.47219396448327 -34.539668603398844)",descartado,0.0,,,,,
67,CUBA,CUBA,Nuñez,13.0,CALLE,101.6146335374219,"LINESTRING (-58.47219396448327 -34.539668603398844, -58.47277734382046 -34.53889015934395)",descartado,0.0,,,,,
76,3 DE FEBRERO,3 DE FEBRERO,Nuñez,13.0,CALLE,95.58516035268909,"LINESTRING (-58.46683665014248 -34.54007994286758, -58.466891473427076 -34.539903386191426, -58.46732383209402 -34.53932589448244)",descartado,0.0,,,,,
79,PICO,PICO,Nuñez,13.0,CALLE,101.21463984224,"LINESTRING (-58.47219396448327 -34.539668603398844, -58.473134581060705 -34.540144599725004)",descartado,0.0,,,,,
83,"PAZ, GRAL. AV.",GRAL. AV. PAZ,Saavedra,12.0,AVENIDA,212.9372593745566,"LINESTRING (-58.47548797909249 -34.53937008048666, -58.47587355366313 -34.5395489107356, -58.47634241899466 -34.539757035880434, -58.477447482510485 -34.540243897072884, -58.47753003939078 -34.54028036727998)",descartado,0.0,,,,,
85,11 DE SEPTIEMBRE DE 1888,11 DE SEPTIEMBRE DE 1888,Nuñez,13.0,CALLE,101.6731476430885,"LINESTRING (-58.46526904799383 -34.540358788105266, -58.46584722011705 -34.539577067381856)",descartado,0.0,,,,,
87,CUBA,CUBA,Nuñez,13.0,CALLE,99.79318962731924,"LINESTRING (-58.47162699826989 -34.540436127679975, -58.4721189991083 -34.53976861138399, -58.47219396448327 -34.539668603398844)",descartado,0.0,,,,,
91,"PAZ, GRAL. AV.",GRAL. AV. PAZ,Saavedra,12.0,AVENIDA,99.21503547566199,"LINESTRING (-58.47753003939078 -34.54028036727998, -58.4783679531626 -34.540650064872686, -58.478484469877934 -34.54069998128169)",descartado,0.0,,,,,
96,PICO,PICO,Nuñez,13.0,CALLE,131.3525213417523,"LINESTRING (-58.473134581060705 -34.540144599725004, -58.47326343581186 -34.54020980220429, -58.47435632597827 -34.540760919304816)",descartado,0.0,,,,,
103,PICO,PICO,Saavedra,12.0,CALLE,39.79872138460649,"LINESTRING (-58.47435632597827 -34.540760919304816, -58.474586709627985 -34.54080737827816, -58.4747658143919 -34.5408740972262)",descartado,0.0,,,,,
111,"PAZ, GRAL. AV.",GRAL. AV. PAZ,Saavedra,12.0,AVENIDA,100.2520678593017,"LINESTRING (-58.478484469877934 -34.54069998128169, -58.47945439816292 -34.54111528986121)",descartado,0.0,,,,,
113,11 DE SEPTIEMBRE DE 1888,11 DE SEPTIEMBRE DE 1888,Nuñez,13.0,CALLE,101.2631748844135,"LINESTRING (-58.46469316283516 -34.54113733687065, -58.46526904799383 -34.540358788105266)",descartado,0.0,,,,,
115,CUBA,CUBA,Nuñez,13.0,CALLE,100.553216614283,"LINESTRING (-58.47105653293562 -34.54120991721867, -58.47115379531339 -34.54107814711172, -58.47162699826989 -34.540436127679975)",descartado,0.0,,,,,
116,PICO,PICO,Saavedra,12.0,CALLE,100.528860617745,"LINESTRING (-58.47501301689153 -34.540946707853976, -58.476031598256796 -34.54127950163588)",descartado,0.0,,,,,
126,11 DE SEPTIEMBRE DE 1888,11 DE SEPTIEMBRE DE 1888,Nuñez,13.0,CALLE,46.29573856359955,"LINESTRING (-58.46442985370874 -34.54149326406158, -58.46469316283516 -34.54113733687065)",descartado,0.0,,,,,
131,PICO,PICO,Saavedra,12.0,CALLE,85.93131404374485,"LINESTRING (-58.476031598256796 -34.54127950163588, -58.47690226706739 -34.54156399239275)",descartado,0.0,,,,,
134,3 DE FEBRERO,3 DE FEBRERO,Nuñez,13.0,CALLE,100.9664991199841,"LINESTRING (-58.46563417874231 -34.54161240491072, -58.46620776066095 -34.54083582370442)",descartado,0.0,,,,,
148,11 DE SEPTIEMBRE DE 1888,11 DE SEPTIEMBRE DE 1888,Nuñez,13.0,CALLE,45.89909240895707,"LINESTRING (-58.46416884015568 -34.54184616240248, -58.46442985370874 -34.54149326406158)",descartado,0.0,,,,,
151,PICO,PICO,Saavedra,12.0,CALLE,99.45241185961189,"LINESTRING (-58.47690226706739 -34.54156399239275, -58.47790996933878 -34.54189318004306)",descartado,0.0,,,,,
154,CUBA,CUBA,Nuñez,13.0,CALLE,95.4620192953852,"LINESTRING (-58.47051456400996 -34.5419443351284, -58.47105653293562 -34.54120991721867)",descartado,0.0,,,,,
156,3 DE FEBRERO,3 DE FEBRERO,Nuñez,13.0,CALLE,46.32498275866732,"LINESTRING (-58.46537095723988 -34.54196868622287, -58.46563417874231 -34.54161240491072)",descartado,0.0,,,,,
166,PICO,PICO,Saavedra,12.0,CALLE,98.95886195793594,"LINESTRING (-58.47790996933878 -34.54189318004306, -58.47859740728659 -34.542117819812034, -58.47891189234745 -34.54222236009779)",descartado,0.0,,,,,
168,11 DE SEPTIEMBRE DE 1888,11 DE SEPTIEMBRE DE 1888,Nuñez,13.0,CALLE,50.39845384126372,"LINESTRING (-58.4638822078009 -34.54223363862168, -58.46416884015568 -34.54184616240248)",descartado,0.0,,,,,
174,3 DE FEBRERO,3 DE FEBRERO,Nuñez,13.0,CALLE,45.95648589153188,"LINESTRING (-58.465109861081075 -34.54232214994328, -58.46537095723988 -34.54196868622287)",descartado,0.0,,,,,
181,11 DE SEPTIEMBRE DE 1888,11 DE SEPTIEMBRE DE 1888,Nuñez,13.0,CALLE,28.43236560081968,"LINESTRING (-58.46372050785399 -34.54245223631177, -58.4638822078009 -34.54223363862168)",descartado,0.0,,,,,
182,PICO,PICO,Saavedra,12.0,CALLE,98.85532758363178,"LINESTRING (-58.47891189234745 -34.54222236009779, -58.47991118553947 -34.54255449009115)",descartado,0.0,,,,,
191,11 DE SEPTIEMBRE DE 1888,11 DE SEPTIEMBRE DE 1888,Nuñez,13.0,CALLE,22.02904604105208,"LINESTRING (-58.46359523236656 -34.54262160711424, -58.46372050785399 -34.54245223631177)",descartado,0.0,,,,,
197,3 DE FEBRERO,3 DE FEBRERO,Nuñez,13.0,CALLE,50.10816241740591,"LINESTRING (-58.46482442289871 -34.54270716347561, -58.465109861081075 -34.54232214994328)",descartado,0.0,,,,,
199,CUBA,CUBA,Nuñez,13.0,CALLE,101.534250992798,"LINESTRING (-58.469938206345496 -34.54272551415089, -58.47003896120431 -34.542588815073906, -58.47051456400996 -34.5419443351284)",descartado,0.0,,,,,
208,PICO,PICO,Saavedra,12.0,CALLE,99.2615113558883,"LINESTRING (-58.47991118553947 -34.54255449009115, -58.480327127395064 -34.542692746117964, -58.480915252629686 -34.54288661119905)",descartado,0.0,,,,,
222,3 DE FEBRERO,3 DE FEBRERO,Nuñez,13.0,CALLE,51.02066936550104,"LINESTRING (-58.46453523750789 -34.543099923026304, -58.46482442289871 -34.54270716347561)",descartado,0.0,,,,,
230,11 DE SEPTIEMBRE DE 1888,11 DE SEPTIEMBRE DE 1888,Nuñez,13.0,CALLE,83.84200067260807,"LINESTRING (-58.463118380879095 -34.54326620088729, -58.46359523236656 -34.54262160711424)",descartado,0.0,,,,,
232,PICO,PICO,Saavedra,12.0,CALLE,136.2876497802545,"LINESTRING (-58.480915252629686 -34.54288661119905, -58.4822966330383 -34.54333683787153)",descartado,0.0,,,,,
241,3 DE FEBRERO,3 DE FEBRERO,Nuñez,13.0,CALLE,27.10893132015237,"LINESTRING (-58.464378943527244 -34.543307262166515, -58.46453523750789 -34.543099923026304)",descartado,0.0,,,,,
243,CUBA,CUBA,Nuñez,13.0,CALLE,100.9535886998757,"LINESTRING (-58.469365752538 -34.543502535126414, -58.469938206345496 -34.54272551415089)",descartado,0.0,,,,,
259,3 DE FEBRERO,3 DE FEBRERO,Nuñez,13.0,CALLE,32.96097360499056,"LINESTRING (-58.464058645867205 -34.54374515423622, -58.464245879174186 -34.54349162550385)",descartado,0.0,,,,,
262,PICO,PICO,Saavedra,12.0,CALLE,102.0085544290238,"LINESTRING (-58.4822966330383 -34.54333683787153, -58.48323760684481 -34.54382599578549)",descartado,0.0,,,,,
273,11 DE SEPTIEMBRE DE 1888,11 DE SEPTIEMBRE DE 1888,Nuñez,13.0,CALLE,93.22921233187229,"LINESTRING (-58.46258815900909 -34.54398297731837, -58.463118380879095 -34.54326620088729)",descartado,0.0,,,,,
282,CUBA,CUBA,Nuñez,13.0,CALLE,91.82230018448944,"LINESTRING (-58.46884519925117 -34.544209337968944, -58.46893319268496 -34.54408975351629, -58.469365752538 -34.543502535126414)",descartado,0.0,,,,,
291,PICO,PICO,Saavedra,12.0,CALLE,99.95564964153567,"LINESTRING (-58.48323760684481 -34.54382599578549, -58.48415961014922 -34.54430536067487)",descartado,0.0,,,,,
296,3 DE FEBRERO,3 DE FEBRERO,Nuñez,13.0,CALLE,92.7545544446501,"LINESTRING (-58.4635331950659 -34.54445932898626, -58.46398639052812 -34.5438429739926, -58.464058645867205 -34.54374515423622)",descartado,0.0,,,,,
313,11 DE SEPTIEMBRE DE 1888,11 DE SEPTIEMBRE DE 1888,Nuñez,13.0,CALLE,92.29600934771756,"LINESTRING (-58.46206601342407 -34.54469397665403, -58.4624492615047 -34.544170727559006, -58.46258815900909 -34.54398297731837)",descartado,0.0,,,,,
316,PICO,PICO,Saavedra,12.0,CALLE,100.0641249419977,"LINESTRING (-58.48415961014922 -34.54430536067487, -58.48508264545302 -34.54478521134855)",descartado,0.0,,,,,
325,CUBA,CUBA,Nuñez,13.0,CALLE,101.4810520586715,"LINESTRING (-58.46827034234637 -34.54499072003414, -58.46884519925117 -34.544209337968944)",descartado,0.0,,,,,
341,3 DE FEBRERO,3 DE FEBRERO,Nuñez,13.0,CALLE,92.57203466069572,"LINESTRING (-58.463009182141874 -34.54517230418216, -58.4635331950659 -34.54445932898626)",descartado,0.0,,,,,
344,PICO,PICO,Saavedra,12.0,CALLE,100.6471324693164,"LINESTRING (-58.48508264545302 -34.54478521134855, -58.48601105397497 -34.545267870976176)",descartado,0.0,,,,,
349,"PAZ, GRAL. AV.",GRAL. AV. PAZ,Saavedra,12.0,AVENIDA,109.5288096387642,"LINESTRING (-58.478503694199844 -34.54025231019334, -58.47885986374998 -34.54044873463205, -58.47952196897288 -34.54076602194643)",descartado,0.0,,,,,
365,11 DE SEPTIEMBRE DE 1888,11 DE SEPTIEMBRE DE 1888,Nuñez,13.0,CALLE,113.2101644143216,"LINESTRING (-58.46142810702545 -34.54556737030482, -58.46153960334461 -34.54541264985696, -58.46206601342407 -34.54469397665403)",descartado,0.0,,,,,
370,CUBA,CUBA,Nuñez,13.0,CALLE,83.54839601780347,"LINESTRING (-58.46779700280131 -34.54563399362142, -58.46787853142002 -34.54552321322745, -58.46827034234637 -34.54499072003414)",descartado,0.0,,,,,
379,PICO,PICO,Saavedra,12.0,CALLE,100.0682826493578,"LINESTRING (-58.48601105397497 -34.545267870976176, -58.48693411054598 -34.54574777799438)",descartado,0.0,,,,,
395,3 DE FEBRERO,3 DE FEBRERO,Nuñez,13.0,CALLE,112.3979154169716,"LINESTRING (-58.462372899116325 -34.54603795603545, -58.46250396973227 -34.54585950189087, -58.463009182141874 -34.54517230418216)",descartado,0.0,,,,,
418,CUBA,CUBA,Nuñez,13.0,CALLE,92.32192528011848,"LINESTRING (-58.46727378476071 -34.5463447333743, -58.46779700280131 -34.54563399362142)",descartado,0.0,,,,,
423,11 DE SEPTIEMBRE DE 1888,11 DE SEPTIEMBRE DE 1888,Nuñez,13.0,CALLE,103.2679847212789,"LINESTRING (-58.46085189428162 -34.54636688670875, -58.46142810702545 -34.54556737030482)",descartado,0.0,,,,,
457,3 DE FEBRERO,3 DE FEBRERO,Nuñez,13.0,CALLE,103.5518827832715,"LINESTRING (-58.46178715981983 -34.54683571611202, -58.462372899116325 -34.54603795603545)",descartado,0.0,,,,,
468,CUBA,CUBA,Nuñez,13.0,CALLE,92.26970016148377,"LINESTRING (-58.466750813139086 -34.5470550482499, -58.46727378476071 -34.5463447333743)",descartado,0.0,,,,,
474,11 DE SEPTIEMBRE DE 1888,11 DE SEPTIEMBRE DE 1888,Nuñez,13.0,CALLE,100.6665668857543,"LINESTRING (-58.46028452287149 -34.54714344220322, -58.46075988646963 -34.546494563998756, -58.46085189428162 -34.54636688670875)",descartado,0.0,,,,,
479,CIUDAD DE LA PAZ,CIUDAD DE LA PAZ,Saavedra,12.0,CALLE,103.37664194327,"LINESTRING (-58.47067978865012 -34.54716008782459, -58.47105376921797 -34.5462810996019)",descartado,0.0,,,,,
497,CUBA,CUBA,Nuñez,13.0,CALLE,45.47359898716544,"LINESTRING (-58.46649311124536 -34.547405134172465, -58.466750813139086 -34.5470550482499)",descartado,0.0,,,,,
521,3 DE FEBRERO,3 DE FEBRERO,Nuñez,13.0,CALLE,100.6042516528432,"LINESTRING (-58.46121800661647 -34.54761072652874, -58.46178715981983 -34.54683571611202)",descartado,0.0,,,,,
522,PICO,PICO,Saavedra,12.0,CALLE,48.16972353237941,"LINESTRING (-58.49004989822694 -34.54740034439906, -58.49050037847418 -34.54762306716612)",descartado,0.0,,,,,
541,CUBA,CUBA,Nuñez,13.0,CALLE,42.76141386268031,"LINESTRING (-58.46612272484041 -34.54790881744659, -58.46622723688041 -34.54776620590816, -58.46637005103957 -34.547582201026096)",descartado,0.0,,,,,
543,11 DE SEPTIEMBRE DE 1888,11 DE SEPTIEMBRE DE 1888,Nuñez,13.0,CALLE,101.816127119162,"LINESTRING (-58.45970982095984 -34.54792844565459, -58.46017617128494 -34.547291259965604, -58.46028452287149 -34.54714344220322)",descartado,0.0,,,,,
548,PICO,PICO,Saavedra,12.0,CALLE,67.13097185684069,"LINESTRING (-58.49050037847418 -34.54762306716612, -58.491104782000015 -34.54796378432246)",descartado,0.0,,,,,
586,"PAZ, GRAL. AV.",GRAL. AV. PAZ,Saavedra,12.0,AVENIDA,100.945411954405,"LINESTRING (-58.494910546091674 -34.5479558159711, -58.495877838297076 -34.54838874115303)",descartado,0.0,,,,,
588,3 DE FEBRERO,3 DE FEBRERO,Nuñez,13.0,CALLE,101.7779121640885,"LINESTRING (-58.46064228894143 -34.548394818776266, -58.46121800661647 -34.54761072652874)",descartado,0.0,,,,,
593,PICO,PICO,Saavedra,12.0,CALLE,71.3297773222145,"LINESTRING (-58.491409689936084 -34.54807688624931, -58.49206338275078 -34.54842455927489)",descartado,0.0,,,,,
606,"PAZ, GRAL. AV.",GRAL. AV. PAZ,Saavedra,12.0,AVENIDA,226.6114863317032,"LINESTRING (-58.49500444933714 -34.5475841477613, -58.495461150024234 -34.547791832134386, -58.497190920537555 -34.548532471720506)",descartado,0.0,,,,,
610,PICO,PICO,Saavedra,12.0,CALLE,29.82146685097523,"LINESTRING (-58.49206338275078 -34.54842455927489, -58.49233672820824 -34.54856985017895)",descartado,0.0,,,,,
623,11 DE SEPTIEMBRE DE 1888,11 DE SEPTIEMBRE DE 1888,Nuñez,13.0,CALLE,99.35743565941179,"LINESTRING (-58.45914915273938 -34.54869457308451, -58.45970982095984 -34.54792844565459)",descartado,0.0,,,,,
626,CUBA,CUBA,Nuñez,13.0,CALLE,104.8617509495215,"LINESTRING (-58.46553053995925 -34.54871715901672, -58.46612272484041 -34.54790881744659)",descartado,0.0,,,,,
636,"PAZ, GRAL. AV.",GRAL. AV. PAZ,Saavedra,12.0,AVENIDA,30.52870454402667,"LINESTRING (-58.495877838297076 -34.54838874115303, -58.49617291317188 -34.54851571102885)",descartado,0.0,,,,,
638,CIUDAD DE LA PAZ,CIUDAD DE LA PAZ,Saavedra,12.0,CALLE,163.2192958447023,"LINESTRING (-58.47002654280143 -34.54852851294318, -58.47067978865012 -34.54716008782459)",descartado,0.0,,,,,
682,3 DE FEBRERO,3 DE FEBRERO,Nuñez,13.0,CALLE,99.62210241606297,"LINESTRING (-58.46007873224906 -34.549162288413136, -58.46064228894143 -34.548394818776266)",descartado,0.0,,,,,
699,"PAZ, GRAL. AV.",GRAL. AV. PAZ,Saavedra,12.0,AVENIDA,100.4377688954226,"LINESTRING (-58.496847602505156 -34.548806023782284, -58.497810742699556 -34.54923569521209)",descartado,0.0,,,,,
709,PICO,PICO,Saavedra,12.0,CALLE,101.5684905020277,"LINESTRING (-58.49296548396471 -34.54889843930874, -58.49389815787744 -34.5493911082458)",descartado,0.0,,,,,
713,"PAZ, GRAL. AV.",GRAL. AV. PAZ,Saavedra,12.0,AVENIDA,100.9395707759544,"LINESTRING (-58.497810742699556 -34.54923569521209, -58.498211012705234 -34.549400867055375, -58.49871256024498 -34.54974608295559)",descartado,0.0,,,,,
719,11 DE SEPTIEMBRE DE 1888,11 DE SEPTIEMBRE DE 1888,Nuñez,13.0,CALLE,101.5065639067272,"LINESTRING (-58.45857630212318 -34.54947724706319, -58.45914915273938 -34.54869457308451)",descartado,0.0,,,,,
724,CUBA,CUBA,Nuñez,13.0,CALLE,100.5649098006986,"LINESTRING (-58.464962515125464 -34.549492327474866, -58.46553053995925 -34.54871715901672)",descartado,0.0,,,,,
735,CIUDAD DE LA PAZ,CIUDAD DE LA PAZ,Saavedra,12.0,CALLE,100.9657524647434,"LINESTRING (-58.4693031247129 -34.549582263794804, -58.4693804853823 -34.54948169418627, -58.469895367619024 -34.548815313485605)",descartado,0.0,,,,,
740,3 DE FEBRERO,3 DE FEBRERO,Nuñez,13.0,CALLE,56.15774769271187,"LINESTRING (-58.45976396650503 -34.54959637458311, -58.46007873224906 -34.549162288413136)",descartado,0.0,,,,,
773,PICO,PICO,Saavedra,12.0,CALLE,100.4480043270673,"LINESTRING (-58.49389815787744 -34.5493911082458, -58.49482054199145 -34.549878350008306)",descartado,0.0,,,,,
780,3 DE FEBRERO,3 DE FEBRERO,Nuñez,13.0,CALLE,45.14918642661812,"LINESTRING (-58.459505631891645 -34.54994271311034, -58.45976396650503 -34.54959637458311)",descartado,0.0,,,,,
807,"PAZ, GRAL. AV.",GRAL. AV. PAZ,Saavedra,12.0,AVENIDA,126.937990933505,"LINESTRING (-58.49871256024498 -34.54974608295559, -58.49910338849987 -34.55011379461198, -58.49951838965293 -34.55067107976997)",descartado,0.0,,,,,
819,11 DE SEPTIEMBRE DE 1888,11 DE SEPTIEMBRE DE 1888,Nuñez,13.0,CALLE,92.82703614401994,"LINESTRING (-58.45805247063423 -34.55019301737172, -58.45857630212318 -34.54947724706319)",descartado,0.0,,,,,
827,CUBA,CUBA,Nuñez,13.0,CALLE,100.9534324150823,"LINESTRING (-58.46439235194694 -34.550270521451765, -58.464962515125464 -34.549492327474866)",descartado,0.0,,,,,
841,PICO,PICO,Saavedra,12.0,CALLE,100.4545880767194,"LINESTRING (-58.49482054199145 -34.549878350008306, -58.495743021968956 -34.550365584735175)",descartado,0.0,,,,,
873,3 DE FEBRERO,3 DE FEBRERO,Nuñez,13.0,CALLE,93.86612110206292,"LINESTRING (-58.458974570340324 -34.55066581121235, -58.459505631891645 -34.54994271311034)",descartado,0.0,,,,,
880,CIUDAD DE LA PAZ,CIUDAD DE LA PAZ,Nuñez,13.0,CALLE,143.8918101493945,"LINESTRING (-58.468462017615224 -34.550676835310504, -58.46866661545489 -34.55040893281571, -58.4693031247129 -34.549582263794804)",descartado,0.0,,,,,
890,"PAZ, GRAL. AV.",GRAL. AV. PAZ,Saavedra,12.0,AVENIDA,14.21348202586749,"LINESTRING (-58.49951838965293 -34.55067107976997, -58.499618441557494 -34.55076886926101)",descartado,0.0,,,,,
899,PICO,PICO,Saavedra,12.0,CALLE,100.4264250906112,"LINESTRING (-58.495743021968956 -34.550365584735175, -58.49666525729698 -34.550852671668856)",descartado,0.0,,,,,
904,"PAZ, GRAL. AV.",GRAL. AV. PAZ,Saavedra,12.0,AVENIDA,19.06733314340343,"LINESTRING (-58.499618441557494 -34.55076886926101, -58.499772336163105 -34.55088431847923)",descartado,0.0,,,,,
920,CUBA,CUBA,Nuñez,13.0,CALLE,100.4804826283098,"LINESTRING (-58.46382481668803 -34.551045050596954, -58.46439235194694 -34.550270521451765)",descartado,0.0,,,,,
937,CONGRESO,CONGRESO,,,CALLE,137.824883396603,"LINESTRING (-58.45300747509259 -34.55050474598696, -58.454279010426156 -34.55116556640298)",descartado,0.0,,,,,
942,11 DE SEPTIEMBRE DE 1888,11 DE SEPTIEMBRE DE 1888,Nuñez,13.0,CALLE,133.874508504812,"LINESTRING (-58.45729692538149 -34.55122526052296, -58.45805247063423 -34.55019301737172)",descartado,0.0,,,,,
960,PICO,PICO,Saavedra,12.0,CALLE,100.6061927339816,"LINESTRING (-58.49666525729698 -34.550852671668856, -58.49758912093134 -34.55134066665159)",descartado,0.0,,,,,
978,CIUDAD DE LA PAZ,CIUDAD DE LA PAZ,Nuñez,13.0,CALLE,105.4354590550245,"LINESTRING (-58.46784847156198 -34.55148032938548, -58.467956985554764 -34.551338138846376, -58.468462017615224 -34.550676835310504)",descartado,0.0,,,,,
998,3 DE FEBRERO,3 DE FEBRERO,Nuñez,13.0,CALLE,134.6016098618473,"LINESTRING (-58.45821315894656 -34.55170277816591, -58.458974570340324 -34.55066581121235)",descartado,0.0,,,,,
1007,CONGRESO,CONGRESO,,,CALLE,128.4823076023848,"LINESTRING (-58.454279010426156 -34.55116556640298, -58.45545898504412 -34.551788620295845)",descartado,0.0,,,,,
1009,"PAZ, GRAL. AV.",GRAL. AV. PAZ,Saavedra,12.0,AVENIDA,152.4926634276371,"LINESTRING (-58.499772336163105 -34.55088431847923, -58.50052452057518 -34.551803550292775, -58.500682687565885 -34.55203342668198)",descartado,0.0,,,,,
1011,CUBA,CUBA,Nuñez,13.0,CALLE,100.5327170943679,"LINESTRING (-58.463257015564686 -34.55181999955044, -58.46382481668803 -34.551045050596954)",descartado,0.0,,,,,
1025,PICO,PICO,Saavedra,12.0,CALLE,118.2452081839316,"LINESTRING (-58.49758912093134 -34.55134066665159, -58.49867500648357 -34.55191417315098)",descartado,0.0,,,,,
1074,CIUDAD DE LA PAZ,CIUDAD DE LA PAZ,Nuñez,13.0,CALLE,102.6636293781225,"LINESTRING (-58.4672511698829 -34.55226276291578, -58.46784847156198 -34.55148032938548)",descartado,0.0,,,,,
1076,"PAZ, GRAL. AV.",GRAL. AV. PAZ,Saavedra,12.0,AVENIDA,302.1855411873176,"LINESTRING (-58.49778303161708 -34.548789292829035, -58.49823189312575 -34.549001940410875, -58.49886234818977 -34.549364728471794, -58.49941466758213 -34.54976508571627, -58.499954260988645 -34.55028421113846, -58.50014272511713 -34.55051557218711, -58.500203587427805 -34.55058937261116)",descartado,0.0,,,,,
1081,CONGRESO,CONGRESO,,,CALLE,111.9404998773996,"LINESTRING (-58.45545898504412 -34.551788620295845, -58.45574283182248 -34.55193850086838, -58.456490882051455 -34.55232644129281)",descartado,0.0,,,,,
1082,11 DE SEPTIEMBRE DE 1888,11 DE SEPTIEMBRE DE 1888,Nuñez,13.0,CALLE,142.8166305409341,"LINESTRING (-58.456490882051455 -34.55232644129281, -58.45729692538149 -34.55122526052296)",descartado,0.0,,,,,
1108,"PAZ, GRAL. AV.",GRAL. AV. PAZ,Saavedra,12.0,AVENIDA,287.2469781395018,"LINESTRING (-58.50137782831827 -34.55341201787784, -58.502464672954304 -34.55584019071733)",descartado,0.0,,,,,
1110,CUBA,CUBA,Nuñez,13.0,CALLE,98.2054214674678,"LINESTRING (-58.46270231196107 -34.55257698766316, -58.463257015564686 -34.55181999955044)",descartado,0.0,,,,,
1141,CONGRESO,CONGRESO,,,CALLE,72.64371123844336,"LINESTRING (-58.456490882051455 -34.55232644129281, -58.45716147732151 -34.55267422649519)",descartado,0.0,,,,,
1142,3 DE FEBRERO,3 DE FEBRERO,Nuñez,13.0,CALLE,69.11569140435572,"LINESTRING (-58.45743566580354 -34.552761427720384, -58.45782670075442 -34.5522289910363)",descartado,0.0,,,,,
1186,CONGRESO,CONGRESO,,,CALLE,250.5956903747721,"LINESTRING (-58.45716147732151 -34.55267422649519, -58.45807944843147 -34.55314988988118, -58.458317062824186 -34.55327300310948, -58.45853488452641 -34.55338585865284, -58.45947302349168 -34.5538763255725)",descartado,0.0,,,,,
1190,11 DE SEPTIEMBRE DE 1888,11 DE SEPTIEMBRE DE 1888,Belgrano,13.0,CALLE,119.2958363747734,"LINESTRING (-58.45577974126046 -34.55322656141141, -58.456490882051455 -34.55232644129281)",descartado,0.0,,,,,
1218,CIUDAD DE LA PAZ,CIUDAD DE LA PAZ,Nuñez,13.0,CALLE,154.5544686944716,"LINESTRING (-58.4663518769802 -34.5534406330779, -58.4672511698829 -34.55226276291578)",descartado,0.0,,,,,
1238,CUBA,CUBA,Nuñez,13.0,CALLE,137.5607183257789,"LINESTRING (-58.461925352533044 -34.55363735818729, -58.46270231196107 -34.55257698766316)",descartado,0.0,,,,,
1253,3 DE FEBRERO,3 DE FEBRERO,Belgrano,13.0,CALLE,117.0569115569276,"LINESTRING (-58.45682263570954 -34.55379712739288, -58.45756073866264 -34.55293662023396)",descartado,0.0,,,,,
1287,11 DE SEPTIEMBRE DE 1888,11 DE SEPTIEMBRE DE 1888,Belgrano,13.0,CALLE,117.1348449222453,"LINESTRING (-58.45504177682624 -34.55408801257673, -58.45577974126046 -34.55322656141141)",descartado,0.0,,,,,
1291,CIUDAD DE LA PAZ,CIUDAD DE LA PAZ,Nuñez,13.0,CALLE,99.66921697018182,"LINESTRING (-58.465617248466344 -34.5540986222233, -58.46623322607678 -34.55351204609484, -58.4663518769802 -34.5534406330779)",descartado,0.0,,,,,
1321,CONGRESO,CONGRESO,,,CALLE,101.8669226618565,"LINESTRING (-58.45947302349168 -34.5538763255725, -58.46041049248593 -34.554367841591116)",descartado,0.0,,,,,
1322,CUBA,CUBA,Nuñez,13.0,CALLE,142.9038814768043,"LINESTRING (-58.46041049248593 -34.554367841591116, -58.46131387653235 -34.55331868040025)",descartado,0.0,,,,,
1333,3 DE FEBRERO,3 DE FEBRERO,Belgrano,13.0,CALLE,120.2279402978639,"LINESTRING (-58.45599000056119 -34.55462188429443, -58.45627944796485 -34.55443353473923, -58.45682263570954 -34.55379712739288)",descartado,0.0,,,,,
1369,CONGRESO,CONGRESO,,,CALLE,102.5865583382271,"LINESTRING (-58.46041049248593 -34.554367841591116, -58.46135461168259 -34.554862801261805)",descartado,0.0,,,,,
1395,11 DE SEPTIEMBRE DE 1888,11 DE SEPTIEMBRE DE 1888,Belgrano,13.0,CALLE,117.3718387384988,"LINESTRING (-58.45430209462908 -34.554951078787134, -58.45437394376845 -34.55486770186322, -58.45504177682624 -34.55408801257673)",descartado,0.0,,,,,
1404,3 DE FEBRERO,3 DE FEBRERO,Belgrano,13.0,CALLE,66.495253655061,"LINESTRING (-58.45531707840733 -34.555552571607365, -58.45573311277317 -34.55506184886464)",descartado,0.0,,,,,
1408,CIUDAD DE LA PAZ,CIUDAD DE LA PAZ,Nuñez,13.0,CALLE,139.5699243627922,"LINESTRING (-58.464616532312526 -34.555045912461104, -58.465617248466344 -34.5540986222233)",descartado,0.0,,,,,
1445,CUBA,CUBA,Belgrano,13.0,CALLE,128.472806528858,"LINESTRING (-58.459598253154894 -34.55531101036968, -58.46041049248593 -34.554367841591116)",descartado,0.0,,,,,
1459,11 DE SEPTIEMBRE DE 1888,11 DE SEPTIEMBRE DE 1888,Belgrano,13.0,CALLE,60.88654318608982,"LINESTRING (-58.45391696718125 -34.5553979614558, -58.45430209462908 -34.554951078787134)",descartado,0.0,,,,,
1468,CONGRESO,CONGRESO,,,CALLE,128.1205548858933,"LINESTRING (-58.46135461168259 -34.554862801261805, -58.462533754977635 -34.55548092712768)",descartado,0.0,,,,,
1517,11 DE SEPTIEMBRE DE 1888,11 DE SEPTIEMBRE DE 1888,Belgrano,13.0,CALLE,66.96320527047693,"LINESTRING (-58.45349335629241 -34.555889418273516, -58.45391696718125 -34.5553979614558)",descartado,0.0,,,,,
1518,CONGRESO AV.,CONGRESO,,,AVENIDA,94.10467143713032,"LINESTRING (-58.462533754977635 -34.55548092712768, -58.462838225980065 -34.55561466411303, -58.46341346354841 -34.55591558730064)",descartado,0.0,,,,,
1536,CONGRESO AV.,CONGRESO,,,AVENIDA,34.70051135367591,"LINESTRING (-58.46341346354841 -34.55591558730064, -58.46373300393424 -34.55608277349681)",descartado,0.0,,,,,
1537,CIUDAD DE LA PAZ,CIUDAD DE LA PAZ,Nuñez,13.0,CALLE,140.7358783560789,"LINESTRING (-58.46373300393424 -34.55608277349681, -58.464616532312526 -34.555045912461104)",descartado,0.0,,,,,
1556,11 DE SEPTIEMBRE DE 1888,11 DE SEPTIEMBRE DE 1888,Belgrano,13.0,CALLE,42.17449555377413,"LINESTRING (-58.45326911080984 -34.5562239147216, -58.45332631785869 -34.55617053791122, -58.45336905338883 -34.55612603333891, -58.453545360805876 -34.55592054991027)",descartado,0.0,,,,,
1558,CUBA,CUBA,Belgrano,13.0,CALLE,125.6719626433686,"LINESTRING (-58.458803701575405 -34.55623361040183, -58.459598253154894 -34.55531101036968)",descartado,0.0,,,,,
1577,CONGRESO AV.,CONGRESO,,,AVENIDA,66.2019306131384,"LINESTRING (-58.46373300393424 -34.55608277349681, -58.46434263674059 -34.55640172073553)",descartado,0.0,,,,,
1593,3 DE FEBRERO,3 DE FEBRERO,Belgrano,13.0,CALLE,128.4127915188329,"LINESTRING (-58.45450315296931 -34.556494086436906, -58.45531707840733 -34.555552571607365)",descartado,0.0,,,,,
1608,CIUDAD DE LA PAZ,CIUDAD DE LA PAZ,Belgrano,13.0,CALLE,101.998823551639,"LINESTRING (-58.46277063448985 -34.5566656032737, -58.46341346354841 -34.55591558730064)",descartado,0.0,,,,,
1636,CONGRESO AV.,CONGRESO,,,AVENIDA,101.3338751789318,"LINESTRING (-58.46434263674059 -34.55640172073553, -58.4652758214653 -34.55688988929486)",descartado,0.0,,,,,
1661,CUBA,CUBA,Belgrano,13.0,CALLE,125.4576706775117,"LINESTRING (-58.45800981354523 -34.55715423327533, -58.458154955161085 -34.55698691174834, -58.458803701575405 -34.55623361040183)",descartado,0.0,,,,,
1681,CONGRESO AV.,CONGRESO,,,AVENIDA,102.3524963385226,"LINESTRING (-58.4652758214653 -34.55688988929486, -58.46621838059981 -34.557382980147054)",descartado,0.0,,,,,
1684,CIUDAD DE LA PAZ,CIUDAD DE LA PAZ,Belgrano,13.0,CALLE,99.83365618549522,"LINESTRING (-58.46214132839683 -34.55739962962215, -58.46277063448985 -34.5566656032737)",descartado,0.0,,,,,
1693,3 DE FEBRERO,3 DE FEBRERO,Belgrano,13.0,CALLE,127.0860556652084,"LINESTRING (-58.45369882893225 -34.55742658216034, -58.454012371164055 -34.55706173901575, -58.45450315296931 -34.556494086436906)",descartado,0.0,,,,,
1728,11 DE SEPTIEMBRE DE 1888,11 DE SEPTIEMBRE DE 1888,Belgrano,13.0,CALLE,125.7388869620958,"LINESTRING (-58.45200171364926 -34.55781320618064, -58.452801887860986 -34.55689318641354)",descartado,0.0,,,,,
1733,CONGRESO AV.,CONGRESO,,,AVENIDA,104.6000660933596,"LINESTRING (-58.46621838059981 -34.557382980147054, -58.46718163594369 -34.55788690834029)",descartado,0.0,,,,,
1763,CUBA,CUBA,Belgrano,13.0,CALLE,128.717350681342,"LINESTRING (-58.45719198715101 -34.5580968219753, -58.45800981354523 -34.55715423327533)",descartado,0.0,,,,,
1767,CIUDAD DE LA PAZ,CIUDAD DE LA PAZ,Belgrano,13.0,CALLE,99.81824453731682,"LINESTRING (-58.46151218149416 -34.55813358221617, -58.46214132839683 -34.55739962962215)",descartado,0.0,,,,,
1782,3 DE FEBRERO,3 DE FEBRERO,Belgrano,13.0,CALLE,125.9519127807484,"LINESTRING (-58.45290359591631 -34.55835188995497, -58.45369882893225 -34.55742658216034)",descartado,0.0,,,,,
1794,CONGRESO AV.,CONGRESO,,,AVENIDA,112.6456089466297,"LINESTRING (-58.46718163594369 -34.55788690834029, -58.46775860728162 -34.55818872640056, -58.468219982947886 -34.55842829151655)",descartado,0.0,,,,,
1823,11 DE SEPTIEMBRE DE 1888,11 DE SEPTIEMBRE DE 1888,Belgrano,13.0,CALLE,133.2514153422928,"LINESTRING (-58.4511537600374 -34.55878821704674, -58.45200171364926 -34.55781320618064)",descartado,0.0,,,,,
1836,CIUDAD DE LA PAZ,CIUDAD DE LA PAZ,Belgrano,13.0,CALLE,99.32902112335884,"LINESTRING (-58.46088659879104 -34.558864221616545, -58.46098568489505 -34.558747742059374, -58.46151218149416 -34.55813358221617)",descartado,0.0,,,,,
1844,CONGRESO AV.,CONGRESO,,,AVENIDA,104.5225986632488,"LINESTRING (-58.468219982947886 -34.55842829151655, -58.46918462415675 -34.5589291051022)",descartado,0.0,,,,,
1857,CUBA,CUBA,Belgrano,13.0,CALLE,126.5622195453637,"LINESTRING (-58.45638784840241 -34.559023630825465, -58.45719198715101 -34.5580968219753)",descartado,0.0,,,,,
1873,3 DE FEBRERO,3 DE FEBRERO,Belgrano,13.0,CALLE,119.1060054489917,"LINESTRING (-58.45215159456508 -34.55922691357282, -58.45290359591631 -34.55835188995497)",descartado,0.0,,,,,
1889,3 DE FEBRERO,3 DE FEBRERO,Belgrano,13.0,CALLE,13.98879338018053,"LINESTRING (-58.45206322295466 -34.55932965423693, -58.45215159456508 -34.55922691357282)",descartado,0.0,,,,,
1894,CONGRESO AV.,CONGRESO,Coghlan,12.0,AVENIDA,99.31785465453265,"LINESTRING (-58.46918462415675 -34.5589291051022, -58.47010118022643 -34.559405054004415)",descartado,0.0,,,,,
1930,CIUDAD DE LA PAZ,CIUDAD DE LA PAZ,Belgrano,13.0,CALLE,128.2904424873538,"LINESTRING (-58.460081726799494 -34.55980971705226, -58.46018294329159 -34.559691759314894, -58.46088659879104 -34.558864221616545)",descartado,0.0,,,,,
1950,CUBA,CUBA,Belgrano,13.0,CALLE,126.7075328611314,"LINESTRING (-58.455582755355444 -34.55995149053754, -58.45638784840241 -34.559023630825465)",descartado,0.0,,,,,
1958,CONGRESO AV.,CONGRESO,Coghlan,12.0,AVENIDA,143.8494361305769,"LINESTRING (-58.47010118022643 -34.559405054004415, -58.47142874511602 -34.560094354320505)",descartado,0.0,,,,,
1969,CONGRESO AV.,CONGRESO,Coghlan,12.0,AVENIDA,21.83342589379896,"LINESTRING (-58.47142874511602 -34.560094354320505, -58.47160258167453 -34.56022871179104)",descartado,0.0,,,,,
1973,3 DE FEBRERO,3 DE FEBRERO,Belgrano,13.0,CALLE,126.0893426813186,"LINESTRING (-58.451262165544925 -34.56025304905941, -58.451899590146034 -34.559520065835606, -58.45206322295466 -34.55932965423693)",descartado,0.0,,,,,
2009,11 DE SEPTIEMBRE DE 1888,11 DE SEPTIEMBRE DE 1888,Belgrano,13.0,CALLE,128.8751690503832,"LINESTRING (-58.44953433387414 -34.56065710073444, -58.45034903756587 -34.559710901354)",descartado,0.0,,,,,
2014,CIUDAD DE LA PAZ,CIUDAD DE LA PAZ,Belgrano,13.0,CALLE,126.8631536713483,"LINESTRING (-58.45928185956528 -34.56074239001502, -58.460081726799494 -34.55980971705226)",descartado,0.0,,,,,
2015,CONGRESO AV.,CONGRESO,Coghlan,12.0,AVENIDA,117.6541313645201,"LINESTRING (-58.47160258167453 -34.56022871179104, -58.472699553040954 -34.56077751760824)",descartado,0.0,,,,,
2038,CUBA,CUBA,Belgrano,13.0,CALLE,132.6486336596211,"LINESTRING (-58.454742653512284 -34.56092448418625, -58.45540176231783 -34.5601601455527, -58.455582755355444 -34.55995149053754)",descartado,0.0,,,,,
2060,3 DE FEBRERO,3 DE FEBRERO,Belgrano,13.0,CALLE,128.6741115045569,"LINESTRING (-58.450443381612466 -34.56119460603054, -58.451262165544925 -34.56025304905941)",descartado,0.0,,,,,
2079,CONGRESO AV.,CONGRESO,Coghlan,12.0,AVENIDA,119.9962015071203,"LINESTRING (-58.472699553040954 -34.56077751760824, -58.47381833226353 -34.56133729779718)",descartado,0.0,,,,,
2103,11 DE SEPTIEMBRE DE 1888,11 DE SEPTIEMBRE DE 1888,Belgrano,13.0,CALLE,128.5999829756403,"LINESTRING (-58.44872131459647 -34.561601252431245, -58.44953433387414 -34.56065710073444)",descartado,0.0,,,,,
2107,CIUDAD DE LA PAZ,CIUDAD DE LA PAZ,Belgrano,13.0,CALLE,125.4954113154532,"LINESTRING (-58.45849057274064 -34.5616649872888, -58.45928185956528 -34.56074239001502)",descartado,0.0,,,,,
2127,CONGRESO AV.,CONGRESO,Coghlan,12.0,AVENIDA,100.1742310057408,"LINESTRING (-58.47381833226353 -34.56133729779718, -58.4740944113493 -34.561475445739966, -58.47475307159895 -34.56180356191611)",descartado,0.0,,,,,
2133,CUBA,CUBA,Belgrano,13.0,CALLE,125.7282081729453,"LINESTRING (-58.45394705855146 -34.56184712210226, -58.454742653512284 -34.56092448418625)",descartado,0.0,,,,,
2166,3 DE FEBRERO,3 DE FEBRERO,Belgrano,13.0,CALLE,128.68674073074,"LINESTRING (-58.44962517502727 -34.562136650395175, -58.44972147079667 -34.562024827720585, -58.450443381612466 -34.56119460603054)",descartado,0.0,,,,,
2169,SOLDADO DE LA INDEPENDENCIA,SOLDADO DE LA INDEPENDENCIA,Belgrano,13.0,CALLE,59.1122467222671,"LINESTRING (-58.44297793628032 -34.56213532271198, -58.443090250648915 -34.56199390941602, -58.443317052543264 -34.56180417130385, -58.44337110351045 -34.56171831652794)",descartado,0.0,,,,,
2191,CONGRESO AV.,CONGRESO,Coghlan,12.0,AVENIDA,110.0567064549111,"LINESTRING (-58.47475307159895 -34.56180356191611, -58.47578036036683 -34.56231537378668)",descartado,0.0,,,,,
2195,SOLDADO DE LA INDEPENDENCIA,SOLDADO DE LA INDEPENDENCIA,Belgrano,13.0,CALLE,27.46075849737249,"LINESTRING (-58.442808399102844 -34.56233929248604, -58.44297793628032 -34.56213532271198)",descartado,0.0,,,,,
2216,11 DE SEPTIEMBRE DE 1888,11 DE SEPTIEMBRE DE 1888,Belgrano,13.0,CALLE,128.4447733911239,"LINESTRING (-58.44791227777157 -34.56254603288294, -58.44859147160441 -34.561752085224384, -58.44872131459647 -34.561601252431245)",descartado,0.0,,,,,
2222,CIUDAD DE LA PAZ,CIUDAD DE LA PAZ,Belgrano,13.0,CALLE,129.2706771133212,"LINESTRING (-58.457675090649744 -34.56261511398954, -58.45779657554473 -34.5624742009722, -58.45849057274064 -34.5616649872888)",descartado,0.0,,,,,
2245,CUBA,CUBA,Belgrano,13.0,CALLE,128.0631486329939,"LINESTRING (-58.45313663188717 -34.56278686650492, -58.45394705855146 -34.56184712210226)",descartado,0.0,,,,,
2246,CONGRESO AV.,CONGRESO,Coghlan,12.0,AVENIDA,102.5670250498116,"LINESTRING (-58.47578036036683 -34.56231537378668, -58.47673776702341 -34.56279232476994)",descartado,0.0,,,,,
2278,SOLDADO DE LA INDEPENDENCIA,SOLDADO DE LA INDEPENDENCIA,Belgrano,13.0,CALLE,110.3822849707738,"LINESTRING (-58.44197082953747 -34.56305338985965, -58.442808399102844 -34.56233929248604)",descartado,0.0,,,,,
2282,3 DE FEBRERO,3 DE FEBRERO,Belgrano,13.0,CALLE,128.1887412254192,"LINESTRING (-58.44881520742278 -34.563078056288845, -58.44889490241796 -34.562984753840695, -58.44962517502727 -34.562136650395175)",descartado,0.0,,,,,
2305,CONGRESO AV.,CONGRESO,Coghlan,12.0,AVENIDA,105.9713612385606,"LINESTRING (-58.47673776702341 -34.56279232476994, -58.47691246130094 -34.56287941997956, -58.477723961054146 -34.56328919481592)",descartado,0.0,,,,,
2321,11 DE SEPTIEMBRE DE 1888,11 DE SEPTIEMBRE DE 1888,Belgrano,13.0,CALLE,126.5940510673557,"LINESTRING (-58.447115398452745 -34.56347749928973, -58.44791227777157 -34.56254603288294)",descartado,0.0,,,,,
2333,CIUDAD DE LA PAZ,CIUDAD DE LA PAZ,Belgrano,13.0,CALLE,129.6052831218292,"LINESTRING (-58.45685533354213 -34.5635664320766, -58.457675090649744 -34.56261511398954)",descartado,0.0,,,,,
2350,CUBA,CUBA,Belgrano,13.0,CALLE,128.9567993152724,"LINESTRING (-58.45232039745602 -34.56373308387092, -58.45243635884517 -34.563598866002486, -58.45313663188717 -34.56278686650492)",descartado,0.0,,,,,
2367,CONGRESO AV.,CONGRESO,Coghlan,12.0,AVENIDA,233.1522017453702,"LINESTRING (-58.477723961054146 -34.56328919481592, -58.47866589980873 -34.56374597269884, -58.478836677679745 -34.563823608160234, -58.47899978477987 -34.563911103440546, -58.4790734187187 -34.56394472283838, -58.47990028431927 -34.56437260355153)",descartado,0.0,,,,,
2373,SOLDADO DE LA INDEPENDENCIA,SOLDADO DE LA INDEPENDENCIA,Palermo,14.0,CALLE,156.9673940929263,"LINESTRING (-58.44060065043184 -34.563900273707986, -58.44197082953747 -34.56305338985965)",descartado,0.0,,,,,
2384,3 DE FEBRERO,3 DE FEBRERO,Belgrano,13.0,CALLE,126.526403010637,"LINESTRING (-58.44801961001126 -34.56400952866905, -58.44881520742278 -34.563078056288845)",descartado,0.0,,,,,
2435,11 DE SEPTIEMBRE DE 1888,11 DE SEPTIEMBRE DE 1888,Belgrano,13.0,CALLE,126.5095785164953,"LINESTRING (-58.446319012262634 -34.56440832660149, -58.447115398452745 -34.56347749928973)",descartado,0.0,,,,,
2447,CIUDAD DE LA PAZ,CIUDAD DE LA PAZ,Belgrano,13.0,CALLE,128.1585087255908,"LINESTRING (-58.45604313520587 -34.5645061954154, -58.456754363101886 -34.563683612327964, -58.45685533354213 -34.5635664320766)",descartado,0.0,,,,,
2449,SOLDADO DE LA INDEPENDENCIA,SOLDADO DE LA INDEPENDENCIA,Palermo,14.0,CALLE,117.2013047146919,"LINESTRING (-58.43956787277898 -34.564521710339186, -58.44006953404829 -34.5642192651476, -58.44060065043184 -34.563900273707986)",descartado,0.0,,,,,
2463,CUBA,CUBA,Belgrano,13.0,CALLE,127.4228542872989,"LINESTRING (-58.45151299957605 -34.56466753566886, -58.45232039745602 -34.56373308387092)",descartado,0.0,,,,,
2489,CONGRESO AV.,CONGRESO,Villa Urquiza,12.0,AVENIDA,101.9441255529091,"LINESTRING (-58.47990028431927 -34.56437260355153, -58.48084054463707 -34.564861919151596)",descartado,0.0,,,,,
2499,20 DE FEBRERO,20 DE FEBRERO,Saavedra,12.0,CALLE,161.571443066725,"LINESTRING (-58.499482869364 -34.56417266167412, -58.49976051300669 -34.56426603176969, -58.49989231260969 -34.56431416237796, -58.49996681255972 -34.564343084304504, -58.50005919332413 -34.564380662959366, -58.50011394112458 -34.564403956818666, -58.50022284172729 -34.56445237566828, -58.500294534702846 -34.56448587580545, -58.500347666258435 -34.56451156446653, -58.50043570876813 -34.56455576401123, -58.5005397604082 -34.56461087433516, -58.500625165615325 -34.56465838447654, -58.500675659937535 -34.56468752457812, -58.50075919354218 -34.56473742961528, -58.500808411660095 -34.564767978533766, -58.500905060806126 -34.564830203645776, -58.50099737157425 -34.564899190727495)",descartado,0.0,,,,,
2502,3 DE FEBRERO,3 DE FEBRERO,Belgrano,13.0,CALLE,126.5872267756259,"LINESTRING (-58.44722356913152 -34.56494141820458, -58.44801961001126 -34.56400952866905)",descartado,0.0,,,,,
2523,CONGRESO AV.,CONGRESO,Villa Urquiza,12.0,AVENIDA,48.76913208082879,"LINESTRING (-58.48084054463707 -34.564861919151596, -58.48104768604285 -34.56496970841298, -58.48129067122044 -34.56509559102066)",descartado,0.0,,,,,
2525,FLORIDA,FLORIDA,Retiro,1.0,CALLE,71.25247412736552,"LINESTRING (-58.375094098836016 -34.59561882631982, -58.37468848721886 -34.595071083718636)",descartado,0.0,,,,,
2532,CONGRESO AV.,CONGRESO,Villa Urquiza,12.0,AVENIDA,14.30666502202589,"LINESTRING (-58.48129067122044 -34.56509559102066, -58.48142280641986 -34.565164023637266)",descartado,0.0,,,,,
2539,SOLDADO DE LA INDEPENDENCIA,SOLDADO DE LA INDEPENDENCIA,Palermo,14.0,CALLE,125.8912295528404,"LINESTRING (-58.43845921575821 -34.56519002515509, -58.43956787277898 -34.564521710339186)",descartado,0.0,,,,,
2548,11 DE SEPTIEMBRE DE 1888,11 DE SEPTIEMBRE DE 1888,Belgrano,13.0,CALLE,126.7239488909166,"LINESTRING (-58.44552133103973 -34.565340768136515, -58.446319012262634 -34.56440832660149)",descartado,0.0,,,,,
2549,CONGRESO AV.,CONGRESO,Villa Urquiza,12.0,AVENIDA,41.11634656351532,"LINESTRING (-58.48142280641986 -34.565164023637266, -58.48180252605718 -34.56536073142244)",descartado,0.0,,,,,
2558,20 DE FEBRERO,20 DE FEBRERO,Saavedra,12.0,CALLE,94.21401039620756,"LINESTRING (-58.50099737157425 -34.564899190727495, -58.501237431298286 -34.56507841594516, -58.50143278007425 -34.5652157523626, -58.501688583328836 -34.56537919678237, -58.501792381659286 -34.565434799078346)",descartado,0.0,,,,,
2561,CIUDAD DE LA PAZ,CIUDAD DE LA PAZ,Belgrano,13.0,CALLE,128.3710952626736,"LINESTRING (-58.45522896050369 -34.565447150281685, -58.45534321675265 -34.565315676114295, -58.45604313520587 -34.5645061954154)",descartado,0.0,,,,,
2595,CONGRESO AV.,CONGRESO,Villa Urquiza,12.0,AVENIDA,63.73820212465459,"LINESTRING (-58.48180252605718 -34.56536073142244, -58.482391180162686 -34.56566564725541)",descartado,0.0,,,,,
2602,20 DE FEBRERO,20 DE FEBRERO,Saavedra,12.0,CALLE,91.62932917500355,"LINESTRING (-58.501792381659286 -34.565434799078346, -58.50190912159868 -34.56549427051454, -58.50212522355814 -34.56558744338544, -58.502273461618 -34.56564627063362, -58.50234191785899 -34.56567195352793, -58.50256857036221 -34.56575131912792, -58.50269262196577 -34.56578853346846)",descartado,0.0,,,,,
2609,CONGRESO AV.,CONGRESO,Villa Urquiza,12.0,AVENIDA,40.60234148106576,"LINESTRING (-58.482391180162686 -34.56566564725541, -58.482575422806306 -34.56576111328387, -58.48276503016828 -34.56586136701109)",descartado,0.0,,,,,
2612,3 DE FEBRERO,3 DE FEBRERO,Belgrano,13.0,CALLE,126.7021304736846,"LINESTRING (-58.44642751023498 -34.56587457003357, -58.4468415074724 -34.56538870075555, -58.44722356913152 -34.56494141820458)",descartado,0.0,,,,,
2641,SOLDADO DE LA INDEPENDENCIA,SOLDADO DE LA INDEPENDENCIA,Palermo,14.0,CALLE,144.0866766663415,"LINESTRING (-58.437021110932776 -34.56605734806335, -58.43717539467115 -34.56596766097359, -58.437793978955625 -34.565591093674506, -58.43828975555967 -34.56529219272091)",descartado,0.0,,,,,
2666,CIUDAD DE LA PAZ,CIUDAD DE LA PAZ,Belgrano,13.0,CALLE,110.269546384632,"LINESTRING (-58.454527579314224 -34.566254231664075, -58.45522896050369 -34.565447150281685)",descartado,0.0,,,,,
2668,11 DE SEPTIEMBRE DE 1888,11 DE SEPTIEMBRE DE 1888,Palermo,14.0,CALLE,126.2580261473033,"LINESTRING (-58.44472652720554 -34.56626975397394, -58.44552133103973 -34.565340768136515)",descartado,0.0,,,,,
2678,CONGRESO AV.,CONGRESO,Villa Urquiza,12.0,AVENIDA,103.7600119708137,"LINESTRING (-58.48276503016828 -34.56586136701109, -58.48310525180748 -34.56604131609452, -58.483724309480976 -34.566356361585605)",descartado,0.0,,,,,
2709,20 DE FEBRERO,20 DE FEBRERO,Saavedra,12.0,CALLE,193.5907549722288,"LINESTRING (-58.50269262196577 -34.56578853346846, -58.50297419153801 -34.56588400768077, -58.503110423339024 -34.56593431650438, -58.503303194324644 -34.56601115651631, -58.50349281835868 -34.56609320863618, -58.50367605980577 -34.56617899504435, -58.503839123910545 -34.566260984981504, -58.50403761485321 -34.56636817467972, -58.50421328923246 -34.56647107583737, -58.50451321024482 -34.56665640137454)",descartado,0.0,,,,,
2716,SOLDADO DE LA INDEPENDENCIA,SOLDADO DE LA INDEPENDENCIA,Palermo,14.0,CALLE,121.2056655627233,"LINESTRING (-58.43594017905289 -34.566685151980664, -58.436119753417096 -34.56658159836947, -58.437021110932776 -34.56605734806335)",descartado,0.0,,,,,
2734,CONGRESO AV.,CONGRESO,Villa Urquiza,12.0,AVENIDA,104.5682756729189,"LINESTRING (-58.483724309480976 -34.566356361585605, -58.48388803572428 -34.56643964569727, -58.484525491932644 -34.566771937882905, -58.484689390627565 -34.56685747445222)",descartado,0.0,,,,,
2755,CIUDAD DE LA PAZ,CIUDAD DE LA PAZ,Belgrano,13.0,CALLE,102.3337617191317,"LINESTRING (-58.453876758989935 -34.56700328343507, -58.454527579314224 -34.566254231664075)",descartado,0.0,,,,,
2762,3 DE FEBRERO,3 DE FEBRERO,Palermo,14.0,CALLE,159.798366113142,"LINESTRING (-58.44542425796652 -34.56705191683856, -58.44642751023498 -34.56587457003357)",descartado,0.0,,,,,
2797,SOLDADO DE LA INDEPENDENCIA,SOLDADO DE LA INDEPENDENCIA,Palermo,14.0,CALLE,122.8759983902833,"LINESTRING (-58.43484177708495 -34.567318576106764, -58.43594017905289 -34.566685151980664)",descartado,0.0,,,,,
2805,CONGRESO AV.,CONGRESO,Villa Urquiza,12.0,AVENIDA,104.7777019209413,"LINESTRING (-58.484689390627565 -34.56685747445222, -58.48565499491077 -34.567361466934116)",descartado,0.0,,,,,
2815,11 DE SEPTIEMBRE DE 1888,11 DE SEPTIEMBRE DE 1888,Palermo,14.0,CALLE,155.9241872342662,"LINESTRING (-58.44374496179126 -34.56741701914318, -58.44472652720554 -34.56626975397394)",descartado,0.0,,,,,
2830,ARCE,ARCE,Palermo,14.0,CALLE,121.0355187379848,"LINESTRING (-58.436666497601685 -34.56753856990444, -58.43774403024615 -34.56690942087765)",descartado,0.0,,,,,
2841,CIUDAD DE LA PAZ,CIUDAD DE LA PAZ,Colegiales,13.0,CALLE,130.4812842252324,"LINESTRING (-58.45271122967032 -34.56767693439622, -58.453876758989935 -34.56700328343507)",descartado,0.0,,,,,
2868,ARCE,ARCE,Palermo,14.0,CALLE,56.95309819706301,"LINESTRING (-58.436159442854674 -34.56783459115552, -58.436666497601685 -34.56753856990444)",descartado,0.0,,,,,
2871,CONGRESO AV.,CONGRESO,Villa Urquiza,12.0,AVENIDA,103.9304776657295,"LINESTRING (-58.48565499491077 -34.567361466934116, -58.48661286267903 -34.567861298195396)",descartado,0.0,,,,,
2886,SOLDADO DE LA INDEPENDENCIA,SOLDADO DE LA INDEPENDENCIA,Palermo,14.0,CALLE,120.7042853725167,"LINESTRING (-58.43376336819261 -34.5679415019424, -58.434534136404515 -34.56749597249503, -58.43484177708495 -34.567318576106764)",descartado,0.0,,,,,
2895,11 DE SEPTIEMBRE DE 1888,11 DE SEPTIEMBRE DE 1888,Palermo,14.0,CALLE,95.2016789579478,"LINESTRING (-58.44298195736164 -34.567998455955276, -58.44374496179126 -34.56741701914318)",descartado,0.0,,,,,
2906,SOLDADO DE LA INDEPENDENCIA,SOLDADO DE LA INDEPENDENCIA,Palermo,14.0,CALLE,33.94692709710343,"LINESTRING (-58.43346015055637 -34.568116783954856, -58.43376336819261 -34.5679415019424)",descartado,0.0,,,,,
2915,ARCE,ARCE,Palermo,14.0,CALLE,65.44565941638027,"LINESTRING (-58.43557677248573 -34.56817474898207, -58.436159442854674 -34.56783459115552)",descartado,0.0,,,,,
2920,3 DE FEBRERO,3 DE FEBRERO,Palermo,14.0,CALLE,155.94029068618,"LINESTRING (-58.444445161406165 -34.56820080760357, -58.44542425796652 -34.56705191683856)",descartado,0.0,,,,,
2922,CIUDAD DE LA PAZ,CIUDAD DE LA PAZ,Colegiales,13.0,CALLE,102.9607984667695,"LINESTRING (-58.45178883974138 -34.56820531261395, -58.45271122967032 -34.56767693439622)",descartado,0.0,,,,,
2926,CONGRESO AV.,CONGRESO,Villa Urquiza,12.0,AVENIDA,80.51967684076504,"LINESTRING (-58.48661286267903 -34.567861298195396, -58.486779915986645 -34.567948451091205, -58.487352686216965 -34.568251514892445)",descartado,0.0,,,,,
2934,CONGRESO AV.,CONGRESO,Villa Urquiza,12.0,AVENIDA,10.37862617579835,"LINESTRING (-58.487352686216965 -34.568251514892445, -58.48744796384199 -34.568301919663554)",descartado,0.0,,,,,
2968,CONGRESO AV.,CONGRESO,Villa Urquiza,12.0,AVENIDA,47.98999236877395,"LINESTRING (-58.48744796384199 -34.568301919663554, -58.48788850728544 -34.568535005568165)",descartado,0.0,,,,,
2970,SOLDADO DE LA INDEPENDENCIA,SOLDADO DE LA INDEPENDENCIA,Palermo,14.0,CALLE,82.49497549462428,"LINESTRING (-58.43272258008724 -34.56854189193483, -58.4330216280232 -34.568370202357094, -58.43346015055637 -34.568116783954856)",descartado,0.0,,,,,
2980,11 DE SEPTIEMBRE DE 1888,11 DE SEPTIEMBRE DE 1888,Palermo,14.0,CALLE,100.0363730652879,"LINESTRING (-58.44219220051837 -34.568620024993834, -58.44298195736164 -34.567998455955276)",descartado,0.0,,,,,
2983,CIUDAD DE LA PAZ,CIUDAD DE LA PAZ,Colegiales,13.0,CALLE,93.73089972857912,"LINESTRING (-58.4509491091028 -34.56868629685868, -58.45178883974138 -34.56820531261395)",descartado,0.0,,,,,
2994,3 DE FEBRERO,3 DE FEBRERO,Palermo,14.0,CALLE,90.58749558909177,"LINESTRING (-58.443715023445215 -34.568750351926, -58.444445161406165 -34.56820080760357)",descartado,0.0,,,,,
3004,ARCE,ARCE,Palermo,14.0,CALLE,120.86656963565,"LINESTRING (-58.4345007398868 -34.568803034005256, -58.43557677248573 -34.56817474898207)",descartado,0.0,,,,,
3029,"PAZ, GRAL. AV.",GRAL. AV. PAZ,Saavedra,12.0,AVENIDA,1296.809590368787,"LINESTRING (-58.50245729567333 -34.55493212377439, -58.50285483734434 -34.55576988345172, -58.5039978330886 -34.55821745389946, -58.50591621566549 -34.56229944546885, -58.50684068039506 -34.564258295540476, -58.50721851773402 -34.565223372596016, -58.50746710055453 -34.5658599122832)",descartado,0.0,,,,,
3057,SOLDADO DE LA INDEPENDENCIA,SOLDADO DE LA INDEPENDENCIA,Palermo,14.0,CALLE,117.8314774356278,"LINESTRING (-58.431676407793546 -34.56915769444779, -58.432550831348905 -34.56864044238109, -58.43272258008724 -34.56854189193483)",descartado,0.0,,,,,
3063,CIUDAD DE LA PAZ,CIUDAD DE LA PAZ,Colegiales,13.0,CALLE,99.09455432207353,"LINESTRING (-58.45006049810528 -34.56919381983933, -58.4505389887411 -34.568921189112, -58.4509491091028 -34.56868629685868)",descartado,0.0,,,,,
3064,CONGRESO AV.,CONGRESO,Villa Urquiza,12.0,AVENIDA,140.3091536626759,"LINESTRING (-58.48788850728544 -34.568535005568165, -58.48806637718824 -34.56862912648923, -58.489014063328106 -34.569146476436, -58.48916639233975 -34.56922940370803)",descartado,0.0,,,,,
3077,3 DE FEBRERO,3 DE FEBRERO,Palermo,14.0,CALLE,92.68891164366364,"LINESTRING (-58.44296656951081 -34.569310945345954, -58.44314188780699 -34.56919223958294, -58.443715023445215 -34.568750351926)",descartado,0.0,,,,,
3087,11 DE SEPTIEMBRE DE 1888,11 DE SEPTIEMBRE DE 1888,Palermo,14.0,CALLE,121.9332444944094,"LINESTRING (-58.4412271921472 -34.56937557413703, -58.44173400845079 -34.568980586163576, -58.44219220051837 -34.568620024993834)",descartado,0.0,,,,,
3092,REPUBLICA DE ESLOVENIA,REPUBLICA DE ESLOVENIA,Palermo,14.0,CALLE,117.764393822268,"LINESTRING (-58.43272258008724 -34.56854189193483, -58.4334638606914 -34.56940843125606)",descartado,0.0,,,,,
3093,ARCE,ARCE,Palermo,14.0,CALLE,116.4663563653167,"LINESTRING (-58.4334638606914 -34.56940843125606, -58.4345007398868 -34.568803034005256)",descartado,0.0,,,,,
3103,ZADO,ZADO,Villa Urquiza,12.0,CALLE,163.3550236761377,"LINESTRING (-58.50527305120263 -34.56946613028479, -58.50626184347139 -34.56824167658433)",descartado,0.0,,,,,
3108,SOLDADO DE LA INDEPENDENCIA,SOLDADO DE LA INDEPENDENCIA,Palermo,14.0,CALLE,60.69265427893045,"LINESTRING (-58.43117560413961 -34.56950904977902, -58.43131340261641 -34.56937239301714, -58.431676407793546 -34.56915769444779)",descartado,0.0,,,,,
3134,BAEZ,BAEZ,Palermo,14.0,CALLE,121.0257553323564,"LINESTRING (-58.435239913910344 -34.56966660420542, -58.436317654904215 -34.56903782016712)",descartado,0.0,,,,,
3136,CIUDAD DE LA PAZ,CIUDAD DE LA PAZ,Colegiales,13.0,CALLE,94.05872245757567,"LINESTRING (-58.44921640575797 -34.56967479161089, -58.45006049810528 -34.56919381983933)",descartado,0.0,,,,,
3154,CONGRESO AV.,CONGRESO,Villa Urquiza,12.0,AVENIDA,119.9392716494082,"LINESTRING (-58.48916639233975 -34.56922940370803, -58.489364871771166 -34.56933739188159, -58.490118515305184 -34.56973505370531, -58.49026573720175 -34.569814107400056)",descartado,0.0,,,,,
3157,3 DE FEBRERO,3 DE FEBRERO,Palermo,14.0,CALLE,126.2148711414862,"LINESTRING (-58.44175915416075 -34.56984898874681, -58.44282377710228 -34.569407684032086, -58.44296656951081 -34.569310945345954)",descartado,0.0,,,,,
3162,3 DE FEBRERO,3 DE FEBRERO,Palermo,14.0,CALLE,123.7361600376086,"LINESTRING (-58.44086851609171 -34.57067645087173, -58.44099258473331 -34.57057435885194, -58.441664049341234 -34.56988840935515, -58.44175915416075 -34.56984898874681)",descartado,0.0,,,,,
3168,"PAZ, GRAL. AV.",GRAL. AV. PAZ,,,AVENIDA,66.80087929990228,"LINESTRING (-58.5087616018385 -34.569476024775255, -58.508884064799325 -34.56954395458904, -58.509033233689145 -34.56982286532031, -58.509039477603814 -34.56999799179525)",descartado,0.0,,,,,
3179,ARCE,ARCE,Palermo,14.0,CALLE,118.2437115122475,"LINESTRING (-58.432411128116286 -34.57002304116508, -58.4334638606914 -34.56940843125606)",descartado,0.0,,,,,
3205,11 DE SEPTIEMBRE DE 1888,11 DE SEPTIEMBRE DE 1888,Palermo,14.0,CALLE,133.9003479258805,"LINESTRING (-58.44016271015921 -34.57020109817081, -58.44054214805831 -34.569909402967895, -58.4412271921472 -34.56937557413703)",descartado,0.0,,,,,
3209,CIUDAD DE LA PAZ,CIUDAD DE LA PAZ,Colegiales,13.0,CALLE,110.263951095481,"LINESTRING (-58.448226879434664 -34.57023862865398, -58.44921640575797 -34.56967479161089)",descartado,0.0,,,,,
3212,REPUBLICA DE ESLOVENIA,REPUBLICA DE ESLOVENIA,Palermo,14.0,CALLE,117.3375208933176,"LINESTRING (-58.4334638606914 -34.56940843125606, -58.43420251861075 -34.570271796252335)",descartado,0.0,,,,,
3213,BAEZ,BAEZ,Palermo,14.0,CALLE,116.4911335642967,"LINESTRING (-58.43420251861075 -34.570271796252335, -58.435239913910344 -34.56966660420542)",descartado,0.0,,,,,
3227,ZADO,ZADO,Villa Urquiza,12.0,CALLE,122.3222509612667,"LINESTRING (-58.504533778782054 -34.57038365448921, -58.505184737371046 -34.56957538820812, -58.50527305120263 -34.56946613028479)",descartado,0.0,,,,,
3229,CONGRESO AV.,CONGRESO,Villa Urquiza,12.0,AVENIDA,122.9923498309549,"LINESTRING (-58.49026573720175 -34.569814107400056, -58.49117019147 -34.57029954798341, -58.491391579937456 -34.57041562636536)",descartado,0.0,,,,,
3235,ARCE,ARCE,Palermo,14.0,CALLE,94.76226709175857,"LINESTRING (-58.43156743220911 -34.570515581287516, -58.432411128116286 -34.57002304116508)",descartado,0.0,,,,,
3245,CIUDAD DE LA PAZ,CIUDAD DE LA PAZ,Colegiales,13.0,CALLE,68.59589616487217,"LINESTRING (-58.44761129229969 -34.57058940332216, -58.448226879434664 -34.57023862865398)",descartado,0.0,,,,,
3269,11 DE SEPTIEMBRE DE 1888,11 DE SEPTIEMBRE DE 1888,Palermo,14.0,CALLE,82.06185179237754,"LINESTRING (-58.439507713700074 -34.570704714930336, -58.44016271015921 -34.57020109817081)",descartado,0.0,,,,,
3283,CONGRESO AV.,CONGRESO,Villa Urquiza,12.0,AVENIDA,76.3688099189196,"LINESTRING (-58.491391579937456 -34.57041562636536, -58.49209440729843 -34.57078427292428)",descartado,0.0,,,,,
3287,"PAZ, GRAL. AV.",GRAL. AV. PAZ,Villa Pueyrredon,12.0,AVENIDA,66.68519857428777,"LINESTRING (-58.509039477603814 -34.56999799179525, -58.509161885982756 -34.57027862103552, -58.50929435569136 -34.57056087579184)",descartado,0.0,,,,,
3301,BAEZ,BAEZ,Palermo,14.0,CALLE,118.6717168220459,"LINESTRING (-58.43314569341411 -34.57088831287877, -58.43420251861075 -34.570271796252335)",descartado,0.0,,,,,
3316,CONGRESO AV.,CONGRESO,Villa Urquiza,12.0,AVENIDA,46.74116897427132,"LINESTRING (-58.49209440729843 -34.57078427292428, -58.49252458769617 -34.571009879499734)",descartado,0.0,,,,,
3327,3 DE FEBRERO,3 DE FEBRERO,Palermo,14.0,CALLE,76.0453125810708,"LINESTRING (-58.440215926852794 -34.571097182829384, -58.44076471373255 -34.57076192645034, -58.44086851609171 -34.57067645087173)",descartado,0.0,,,,,
3329,CIUDAD DE LA PAZ,CIUDAD DE LA PAZ,Colegiales,13.0,CALLE,101.6694484791081,"LINESTRING (-58.44669888559417 -34.57110929322438, -58.44761129229969 -34.57058940332216)",descartado,0.0,,,,,
3330,REPUBLICA DE ESLOVENIA,REPUBLICA DE ESLOVENIA,Palermo,14.0,CALLE,113.8973089393,"LINESTRING (-58.43420251861075 -34.570271796252335, -58.43491949090073 -34.571109869417576)",descartado,0.0,,,,,
3346,ARCE,ARCE,Palermo,14.0,CALLE,113.9412908680206,"LINESTRING (-58.43042330064516 -34.57118346107756, -58.43143778442795 -34.57059126346477)",descartado,0.0,,,,,
3361,ZADO,ZADO,Villa Urquiza,12.0,CALLE,121.2323299580393,"LINESTRING (-58.50380121189545 -34.571293073104066, -58.504533778782054 -34.57038365448921)",descartado,0.0,,,,,
3362,CONGRESO AV.,CONGRESO,Villa Urquiza,12.0,AVENIDA,61.7653112490854,"LINESTRING (-58.49252458769617 -34.571009879499734, -58.4930930560856 -34.57130798755585)",descartado,0.0,,,,,
3374,BAEZ,BAEZ,Palermo,14.0,CALLE,93.63859012500546,"LINESTRING (-58.43231229652257 -34.571375367552946, -58.432983051131366 -34.57098320409696, -58.43314569341411 -34.57088831287877)",descartado,0.0,,,,,
3400,CONGRESO AV.,CONGRESO,Villa Urquiza,12.0,AVENIDA,60.47344589441055,"LINESTRING (-58.4930930560856 -34.57130798755585, -58.49364960727911 -34.57159989860425)",descartado,0.0,,,,,
3403,CIUDAD DE LA PAZ,CIUDAD DE LA PAZ,Colegiales,13.0,CALLE,96.71553531835215,"LINESTRING (-58.44583091369634 -34.571603830002495, -58.44669888559417 -34.57110929322438)",descartado,0.0,,,,,
3424,ARCE,ARCE,Palermo,14.0,CALLE,117.1665616466736,"LINESTRING (-58.42938014595383 -34.57179248374112, -58.43042330064516 -34.57118346107756)",descartado,0.0,,,,,
3433,CONGRESO AV.,CONGRESO,Villa Urquiza,12.0,AVENIDA,48.66577321317874,"LINESTRING (-58.49364960727911 -34.57159989860425, -58.49409750777943 -34.57183479115875)",descartado,0.0,,,,,
3440,REPUBLICA DE SAN MARINO,REPUBLICA DE SAN MARINO,Villa Pueyrredon,12.0,CALLE,63.79907955405814,"LINESTRING (-58.50787897070519 -34.57070818951246, -58.50804356527492 -34.57071982988831, -58.50836962372031 -34.57106550721691)",descartado,0.0,,,,,
3468,BAEZ,BAEZ,Palermo,14.0,CALLE,113.7028345377275,"LINESTRING (-58.43116901024385 -34.57204388826625, -58.43218080580531 -34.57145225601047)",descartado,0.0,,,,,
3484,CONGRESO AV.,CONGRESO,Villa Urquiza,12.0,AVENIDA,71.19120466194678,"LINESTRING (-58.49409750777943 -34.57183479115875, -58.49475275836975 -34.57217836338736)",descartado,0.0,,,,,
3487,CIUDAD DE LA PAZ,CIUDAD DE LA PAZ,Colegiales,13.0,CALLE,108.248431376862,"LINESTRING (-58.44489565183465 -34.57219849330021, -58.44583091369634 -34.571603830002495)",descartado,0.0,,,,,
3489,ZADO,ZADO,Villa Urquiza,12.0,CALLE,121.1889927645315,"LINESTRING (-58.50306896947329 -34.57220220539064, -58.50380121189545 -34.571293073104066)",descartado,0.0,,,,,
3546,BAEZ,BAEZ,Palermo,14.0,CALLE,116.9218272131847,"LINESTRING (-58.43012857486197 -34.57265228413809, -58.43116901024385 -34.57204388826625)",descartado,0.0,,,,,
3559,CONGRESO AV.,CONGRESO,Villa Urquiza,12.0,AVENIDA,119.9001061691938,"LINESTRING (-58.49475275836975 -34.57217836338736, -58.495856265393435 -34.57275709974227)",descartado,0.0,,,,,
3587,CLAY,CLAY,Palermo,14.0,CALLE,118.2188586699888,"LINESTRING (-58.42952787789906 -34.573003534887505, -58.42840368901748 -34.572483067439286)",descartado,0.0,,,,,
3588,BAEZ,BAEZ,Palermo,14.0,CALLE,67.50425694223487,"LINESTRING (-58.42952787789906 -34.573003534887505, -58.43012857486197 -34.57265228413809)",descartado,0.0,,,,,
3609,CIUDAD DE LA PAZ,CIUDAD DE LA PAZ,Colegiales,13.0,CALLE,163.4615968791376,"LINESTRING (-58.44349230469656 -34.57310603831446, -58.44489565183465 -34.57219849330021)",descartado,0.0,,,,,
3619,ZADO,ZADO,Villa Urquiza,12.0,CALLE,132.3024989425466,"LINESTRING (-58.50226949156403 -34.573194666154535, -58.50306896947329 -34.57220220539064)",descartado,0.0,,,,,
3637,CONGRESO AV.,CONGRESO,Villa Urquiza,12.0,AVENIDA,120.008565460471,"LINESTRING (-58.495856265393435 -34.57275709974227, -58.49696080955354 -34.573336318742854)",descartado,0.0,,,,,
3655,BAEZ,BAEZ,Palermo,14.0,CALLE,93.6003108179147,"LINESTRING (-58.42869494964071 -34.57349056481181, -58.42952787789906 -34.573003534887505)",descartado,0.0,,,,,
3670,CLAY,CLAY,Palermo,14.0,CALLE,129.6178749848648,"LINESTRING (-58.43076044149145 -34.5735742331449, -58.42952787789906 -34.573003534887505)",descartado,0.0,,,,,
3686,CONGRESO AV.,CONGRESO,Villa Urquiza,12.0,AVENIDA,83.19600504289009,"LINESTRING (-58.49696080955354 -34.573336318742854, -58.497726531379676 -34.57373787372122)",descartado,0.0,,,,,
3699,CIUDAD DE LA PAZ,CIUDAD DE LA PAZ,Colegiales,13.0,CALLE,124.6866017916401,"LINESTRING (-58.44242187116344 -34.573798338491095, -58.4425759956158 -34.57369864446591, -58.44349230469656 -34.57310603831446)",descartado,0.0,,,,,
3745,CONGRESO AV.,CONGRESO,Villa Urquiza,12.0,AVENIDA,83.23076308417336,"LINESTRING (-58.497726531379676 -34.57373787372122, -58.49849260117906 -34.57413956461473)",descartado,0.0,,,,,
3747,CLAY,CLAY,Palermo,14.0,CALLE,129.2961378743938,"LINESTRING (-58.43198995748453 -34.57414350964729, -58.43076044149145 -34.5735742331449)",descartado,0.0,,,,,
3780,14 DE JULIO,14 DE JULIO,Villa Ortuzar,15.0,CALLE,129.8340846772401,"LINESTRING (-58.46538018929859 -34.57437849804945, -58.46548405568811 -34.57427715620211, -58.466288585594675 -34.57348120785708)",descartado,0.0,,,,,
3790,CIUDAD DE LA PAZ,CIUDAD DE LA PAZ,Palermo,14.0,CALLE,120.75282373495,"LINESTRING (-58.441385140544625 -34.574468733413205, -58.44242187116344 -34.573798338491095)",descartado,0.0,,,,,
3835,CONGRESO AV.,CONGRESO,Villa Urquiza,12.0,AVENIDA,118.3224442085515,"LINESTRING (-58.49849260117906 -34.57413956461473, -58.49958168306733 -34.57471059503817)",descartado,0.0,,,,,
3893,CIUDAD DE LA PAZ,CIUDAD DE LA PAZ,Palermo,14.0,CALLE,128.8496492432334,"LINESTRING (-58.44027567284428 -34.57518065586465, -58.4408508026521 -34.574814276922986, -58.441385140544625 -34.574468733413205)",descartado,0.0,,,,,
3915,CONGRESO AV.,CONGRESO,Villa Urquiza,12.0,AVENIDA,120.5634178238956,"LINESTRING (-58.49958168306733 -34.57471059503817, -58.500691388448395 -34.575292454652214)",descartado,0.0,,,,,
3940,14 DE JULIO,14 DE JULIO,Villa Ortuzar,15.0,CALLE,163.206931322746,"LINESTRING (-58.464229979886795 -34.57550064699537, -58.46538018929859 -34.57437849804945)",descartado,0.0,,,,,
4023,CIUDAD DE LA PAZ,CIUDAD DE LA PAZ,Palermo,14.0,CALLE,145.2731593403581,"LINESTRING (-58.43902133760599 -34.57597965378845, -58.44027567284428 -34.57518065586465)",descartado,0.0,,,,,
4110,14 DE JULIO,14 DE JULIO,Villa Ortuzar,15.0,CALLE,128.8120124433246,"LINESTRING (-58.46329174027539 -34.576557079592874, -58.464122829511425 -34.575621297165554)",descartado,0.0,,,,,
4148,CIUDAD DE LA PAZ,CIUDAD DE LA PAZ,Palermo,14.0,CALLE,146.6921754956664,"LINESTRING (-58.437754800793876 -34.57678652363514, -58.43902133760599 -34.57597965378845)",descartado,0.0,,,,,
4192,REPUBLICA DE LA INDIA,REPUBLICA DE LA INDIA,Palermo,14.0,CALLE,157.2769208844111,"LINESTRING (-58.413979194021024 -34.57704268787376, -58.413161479160635 -34.57579669686849)",descartado,0.0,,,,,
4234,OMBU,OMBU,Palermo,14.0,CALLE,92.03188335719452,"LINESTRING (-58.401259378950314 -34.57791429640032, -58.40131695614757 -34.57777115391929, -58.40134377879292 -34.57753771239151, -58.40129594590046 -34.57728578189095, -58.4012511354754 -34.5772061801353, -58.40113852324507 -34.577166051648184)",descartado,0.0,,,,,
4250,14 DE JULIO,14 DE JULIO,Villa Ortuzar,15.0,CALLE,112.3116829124809,"LINESTRING (-58.4625670148101 -34.57737293824914, -58.46329174027539 -34.576557079592874)",descartado,0.0,,,,,
4260,OMBU,OMBU,Palermo,14.0,CALLE,69.70397775520466,"LINESTRING (-58.40056842799914 -34.57749083660228, -58.400677614267025 -34.577331171315585, -58.40079689614767 -34.57721932891154, -58.40094627781337 -34.577160953494634, -58.40113852324507 -34.577166051648184)",descartado,0.0,,,,,
4307,OMBU,OMBU,Palermo,14.0,CALLE,33.93119131896508,"LINESTRING (-58.40043709452048 -34.57777676038847, -58.40056842799914 -34.57749083660228)",descartado,0.0,,,,,
4328,"PAZ, GRAL. AV.",GRAL. AV. PAZ,Villa Pueyrredon,12.0,AVENIDA,117.0649959781508,"LINESTRING (-58.5127140954016 -34.57786555211764, -58.5127817217526 -34.57790637167015, -58.51313295862272 -34.5786625107456, -58.51321017720325 -34.57882648938031)",descartado,0.0,,,,,
4336,REPUBLICA ARABE SIRIA,REPUBLICA ARABE SIRIA,Palermo,14.0,CALLE,145.903639667968,"LINESTRING (-58.41170740359879 -34.57795254081265, -58.41094184667112 -34.57679979840107)",descartado,0.0,,,,,
4351,OMBU,OMBU,Palermo,14.0,CALLE,61.29700623843181,"LINESTRING (-58.400889357779256 -34.57836115848196, -58.400951196364886 -34.578327597901634, -58.40099208805952 -34.57829642100994, -58.40102719329186 -34.57826087487246, -58.40112280216134 -34.57815479484464, -58.4012141702736 -34.57802638821586, -58.401259378950314 -34.57791429640032)",descartado,0.0,,,,,
4380,14 DE JULIO,14 DE JULIO,Villa Ortuzar,15.0,CALLE,124.4951202557233,"LINESTRING (-58.46176368708102 -34.578277314349535, -58.4625670148101 -34.57737293824914)",descartado,0.0,,,,,
4385,OMBU,OMBU,Palermo,14.0,CALLE,56.23400698637838,"LINESTRING (-58.40046243251499 -34.57827495189461, -58.40041687612059 -34.57816872923946, -58.40040443195208 -34.57796040902048, -58.40043709452048 -34.57777676038847)",descartado,0.0,,,,,
4391,REPUBLICA DE LA INDIA,REPUBLICA DE LA INDIA,Palermo,14.0,CALLE,143.850131838494,"LINESTRING (-58.41472719763336 -34.57818226902597, -58.413979194021024 -34.57704268787376)",descartado,0.0,,,,,
4419,OMBU,OMBU,Palermo,14.0,CALLE,44.61576003506132,"LINESTRING (-58.40046243251499 -34.57827495189461, -58.40052207276015 -34.57833434990441, -58.40057458232479 -34.57836550424982, -58.40063408117968 -34.57838659154828, -58.400697589951 -34.57839676517518, -58.400762214188795 -34.578395460250384, -58.40083851381255 -34.57837965395031, -58.400889357779256 -34.57836115848196)",descartado,0.0,,,,,
4538,OHM,OHM,Villa Ortuzar,15.0,PASAJE,140.0931533227731,"LINESTRING (-58.4721555921475 -34.579114131398406, -58.47368229976213 -34.57912682822571)",descartado,0.0,,,,,
4542,REPUBLICA ARABE SIRIA,REPUBLICA ARABE SIRIA,Palermo,14.0,CALLE,133.4935562728405,"LINESTRING (-58.41240782596428 -34.57900724731984, -58.41170740359879 -34.57795254081265)",descartado,0.0,,,,,
4566,REPUBLICA DE LA INDIA,REPUBLICA DE LA INDIA,Palermo,14.0,CALLE,120.4825796530804,"LINESTRING (-58.415435030183666 -34.57926077444618, -58.414808587567435 -34.57830628376467)",descartado,0.0,,,,,
4636,14 DE JULIO,14 DE JULIO,Villa Ortuzar,15.0,CALLE,150.0444505958486,"LINESTRING (-58.46181559999409 -34.579629171692396, -58.46176368708102 -34.578277314349535)",descartado,0.0,,,,,
4708,REPUBLICA ARABE SIRIA,REPUBLICA ARABE SIRIA,Palermo,14.0,CALLE,108.7038248811727,"LINESTRING (-58.41306776522444 -34.58000096381383, -58.412497395379226 -34.57914212006669)",descartado,0.0,,,,,
4729,REPUBLICA DE LA INDIA,REPUBLICA DE LA INDIA,Palermo,14.0,CALLE,103.251362267552,"LINESTRING (-58.415971907335994 -34.58007874564513, -58.415435030183666 -34.57926077444618)",descartado,0.0,,,,,
4753,"PAZ, GRAL. AV.",GRAL. AV. PAZ,Villa Pueyrredon,12.0,AVENIDA,49.06211745823851,"LINESTRING (-58.51367865755392 -34.57982132264237, -58.51387269511731 -34.58023343320601)",descartado,0.0,,,,,
4838,14 DE JULIO,14 DE JULIO,Villa Ortuzar,15.0,CALLE,121.1337194504893,"LINESTRING (-58.46186326180773 -34.58072038998288, -58.46181559999409 -34.579629171692396)",descartado,0.0,,,,,
4863,REPUBLICA ARABE SIRIA,REPUBLICA ARABE SIRIA,Palermo,14.0,CALLE,102.9064246676456,"LINESTRING (-58.41360769208074 -34.58081401689035, -58.41306776522444 -34.58000096381383)",descartado,0.0,,,,,
4963,"PAZ, GRAL. AV.",GRAL. AV. PAZ,Villa Pueyrredon,12.0,AVENIDA,89.85652388052252,"LINESTRING (-58.51387269511731 -34.58023343320601, -58.51421019628996 -34.580923019598025, -58.51424015862296 -34.58098423839135)",descartado,0.0,,,,,
5028,REPUBLICA DE LA INDIA,REPUBLICA DE LA INDIA,Palermo,14.0,CALLE,188.7122197293292,"LINESTRING (-58.41695321768858 -34.58157372747739, -58.415971907335994 -34.58007874564513)",descartado,0.0,,,,,
5063,"PAZ, GRAL. AV.",GRAL. AV. PAZ,Villa Devoto,11.0,AVENIDA,193.0020454277962,"LINESTRING (-58.51452347963482 -34.581597623470195, -58.514600798926274 -34.581750274595265, -58.51524739245225 -34.58312788274754, -58.51533493895231 -34.583191663632576)",descartado,0.0,,,,,
5070,LIBRES DEL SUR AV.,LIBRES DEL SUR,Recoleta,2.0,AVENIDA,125.9349956197343,"LINESTRING (-58.392252890067276 -34.581696710149686, -58.39244984459591 -34.581281394490695, -58.39274804138671 -34.58063795672729)",descartado,0.0,,,,,
5078,REPUBLICA ARABE SIRIA,REPUBLICA ARABE SIRIA,Palermo,14.0,CALLE,118.2983890337718,"LINESTRING (-58.41422844662648 -34.581748651535534, -58.41360769208074 -34.58081401689035)",descartado,0.0,,,,,
5094,14 DE JULIO,14 DE JULIO,Villa Ortuzar,15.0,CALLE,121.6186250624293,"LINESTRING (-58.461911180232455 -34.58181597433955, -58.46186326180773 -34.58072038998288)",descartado,0.0,,,,,
5145,NORTE PJE. PARTICULAR (ALTURA SILVIO RUGGERI 2750),NORTE PJE. PARTICULAR (ALTURA SILVIO RUGGERI 2750),Palermo,14.0,PASAJE PEATONAL,59.36615792111377,"LINESTRING (-58.40789553829846 -34.58212996620733, -58.408502245901175 -34.5819440354706)",descartado,0.0,,,,,
5203,REPUBLICA ARABE SIRIA,REPUBLICA ARABE SIRIA,Palermo,14.0,CALLE,95.95485515345216,"LINESTRING (-58.41484466881561 -34.58244750212426, -58.41422844662648 -34.581748651535534)",descartado,0.0,,,,,
5284,14 DE JULIO,14 DE JULIO,Villa Ortuzar,15.0,CALLE,121.298239628927,"LINESTRING (-58.46195901481338 -34.5829086711017, -58.461911180232455 -34.58181597433955)",descartado,0.0,,,,,
5336,LA GLORIA,LA GLORIA,Villa Urquiza,12.0,PASAJE,156.498424553693,"LINESTRING (-58.48846457590028 -34.58314883511661, -58.48939095108983 -34.58196432304079)",descartado,0.0,,,,,
5356,REPUBLICA ARABE SIRIA,REPUBLICA ARABE SIRIA,Palermo,14.0,CALLE,107.4687286988265,"LINESTRING (-58.41552794719168 -34.583234335138556, -58.41484466881561 -34.58244750212426)",descartado,0.0,,,,,
5369,ANTARTIDA ARGENTINA AV.,ANTARTIDA ARGENTINA,Retiro,1.0,AVENIDA,194.8458664046811,"LINESTRING (-58.37287638488188 -34.58362172271289, -58.37347259541134 -34.58193597809261)",descartado,0.0,,,,,
5486,REPUBLICA ARABE SIRIA,REPUBLICA ARABE SIRIA,Palermo,14.0,CALLE,84.68590901145245,"LINESTRING (-58.41606641028216 -34.58385434469351, -58.41552794719168 -34.583234335138556)",descartado,0.0,,,,,
5515,14 DE JULIO,14 DE JULIO,Villa Ortuzar,15.0,CALLE,121.2667275042185,"LINESTRING (-58.46200676550191 -34.58400108595214, -58.46195901481338 -34.5829086711017)",descartado,0.0,,,,,
5614,ANTARTIDA ARGENTINA AV.,ANTARTIDA ARGENTINA,Retiro,1.0,AVENIDA,105.4308001058724,"LINESTRING (-58.37256266595921 -34.58453599616317, -58.37287638488188 -34.58362172271289)",descartado,0.0,,,,,
5647,REPUBLICA DEL LIBANO,REPUBLICA DEL LIBANO,Recoleta,2.0,CALLE,78.17709569647235,"LINESTRING (-58.39623867502272 -34.58453929831396, -58.3961450846999 -34.58455382457744, -58.39608795230006 -34.58455069448047, -58.39603602272359 -34.584536721960305, -58.39597984157166 -34.58451549342229, -58.39590246794533 -34.584482421959805, -58.39584737906098 -34.584479433726266, -58.39542682509682 -34.58458892083744)",descartado,0.0,,,,,
5648,REPUBLICA DEL LIBANO,REPUBLICA DEL LIBANO,Recoleta,2.0,CALLE,162.164049244823,"LINESTRING (-58.39542682509682 -34.58458892083744, -58.39526197680995 -34.584588829049245, -58.39504379169109 -34.584525677926806, -58.39499391820833 -34.58449663542161, -58.39495427028228 -34.58445823225817, -58.39492740035524 -34.58441293470906, -58.394915009136795 -34.58436349026343, -58.39491786034486 -34.58431306842427, -58.39540906690618 -34.583809319536776, -58.39543226039739 -34.58376848663184, -58.395425314612154 -34.583723763655335, -58.395353812415344 -34.58359189051141)",descartado,0.0,,,,,
5656,REPUBLICA ARABE SIRIA,REPUBLICA ARABE SIRIA,Palermo,14.0,CALLE,105.3463085499064,"LINESTRING (-58.416736266818795 -34.58462560191543, -58.41606641028216 -34.58385434469351)",descartado,0.0,,,,,
5659,BEHRING,BEHR,Parque Chas,15.0,CALLE,151.281037774964,"LINESTRING (-58.47431464664943 -34.583545305786245, -58.47528719382187 -34.58464650175197)",descartado,0.0,,,,,
5688,"PAZ, GRAL. AV.",GRAL. AV. PAZ,Villa Devoto,11.0,AVENIDA,184.7539964007059,"LINESTRING (-58.51533493895231 -34.583191663632576, -58.51538093823566 -34.58333082097267, -58.516016340596224 -34.58475831314396)",descartado,0.0,,,,,
5763,14 DE JULIO,14 DE JULIO,Villa Ortuzar,15.0,CALLE,125.8168439888498,"LINESTRING (-58.462056390117716 -34.585134487259765, -58.46200676550191 -34.58400108595214)",descartado,0.0,,,,,
5841,"PAZ, GRAL. AV.",GRAL. AV. PAZ,Villa Devoto,11.0,AVENIDA,85.42085073180354,"LINESTRING (-58.516016340596224 -34.58475831314396, -58.51634317531266 -34.58547931116753)",descartado,0.0,,,,,
5845,PEÑA,PENA,Recoleta,2.0,CALLE,135.4756206543886,"LINESTRING (-58.40589695652659 -34.5855124094372, -58.40709464493288 -34.58479816541325)",descartado,0.0,,,,,
5855,14 DE JULIO,14 DE JULIO,Villa Ortuzar,15.0,CALLE,48.28925019118974,"LINESTRING (-58.46207537208055 -34.585569495267436, -58.462056390117716 -34.585134487259765)",descartado,0.0,,,,,
5935,BEHRING,BEHR,Parque Chas,15.0,CALLE,176.9677021373471,"LINESTRING (-58.47528719382187 -34.58464650175197, -58.47539867218537 -34.584772690214656, -58.47641919765717 -34.585938098667704)",descartado,0.0,,,,,
5943,ANTARTIDA ARGENTINA AV.,ANTARTIDA ARGENTINA,Retiro,1.0,AVENIDA,139.603096720258,"LINESTRING (-58.372180666002976 -34.58575410693135, -58.37256266595921 -34.58453599616317)",descartado,0.0,,,,,
5956,NUEVA YORK,NUEVA YORK,Agronomia,15.0,CALLE,91.696882037573,"LINESTRING (-58.488085786590815 -34.585550716662404, -58.48888524116784 -34.58604675772819)",descartado,0.0,,,,,
6005,"PAZ, GRAL. AV.",GRAL. AV. PAZ,Villa Devoto,11.0,AVENIDA,89.64287393701845,"LINESTRING (-58.51634317531266 -34.58547931116753, -58.51669626282505 -34.586232762106505)",descartado,0.0,,,,,
6021,PEÑA,PENA,Recoleta,2.0,CALLE,155.7257111764966,"LINESTRING (-58.404520270962195 -34.58633345882613, -58.40589695652659 -34.5855124094372)",descartado,0.0,,,,,
6059,NUEVA YORK,NUEVA YORK,Agronomia,15.0,CALLE,83.81719588337182,"LINESTRING (-58.48888524116784 -34.58604675772819, -58.48961597499408 -34.58650020196236)",descartado,0.0,,,,,
6111,"PAZ, GRAL. AV.",GRAL. AV. PAZ,Villa Devoto,11.0,AVENIDA,64.70435789270007,"LINESTRING (-58.51669626282505 -34.586232762106505, -58.51695265999281 -34.58677610993832)",descartado,0.0,,,,,
6138,NUEVA YORK,NUEVA YORK,Agronomia,15.0,CALLE,65.28594448096318,"LINESTRING (-58.48961597499408 -34.58650020196236, -58.48975113606359 -34.586584047469614, -58.49018515230835 -34.58685339402001)",descartado,0.0,,,,,
6141,PEÑA,PENA,Recoleta,2.0,CALLE,96.99263426646087,"LINESTRING (-58.40366277838235 -34.58684481237295, -58.404520270962195 -34.58633345882613)",descartado,0.0,,,,,
6145,14 DE JULIO,14 DE JULIO,Villa Ortuzar,15.0,CALLE,183.1245622013743,"LINESTRING (-58.46308056395001 -34.58690558136261, -58.4617567390358 -34.58567019768449)",descartado,0.0,,,,,
6199,"PAZ, GRAL. AV.",GRAL. AV. PAZ,Villa Devoto,11.0,AVENIDA,38.37454988339979,"LINESTRING (-58.51695265999281 -34.58677610993832, -58.517105543604366 -34.58709809053599)",descartado,0.0,,,,,
6223,NUEVA YORK,NUEVA YORK,Agronomia,15.0,CALLE,64.85000910679952,"LINESTRING (-58.49018515230835 -34.58685339402001, -58.490750501850705 -34.58720426027783)",descartado,0.0,,,,,
6233,PEÑA,PENA,Recoleta,2.0,CALLE,76.83156323729597,"LINESTRING (-58.40298348963786 -34.587249837742675, -58.40366277838235 -34.58684481237295)",descartado,0.0,,,,,
6242,ANTARTIDA ARGENTINA AV.,ANTARTIDA ARGENTINA,Retiro,1.0,AVENIDA,28.61120512096921,"LINESTRING (-58.37167636231348 -34.58719169359949, -58.37177408399814 -34.58694677571301)",descartado,0.0,,,,,
6262,CORRIENTES AV.,CORRIENTES,Chacarita,15.0,AVENIDA,123.1503527960526,"LINESTRING (-58.45389676229751 -34.58744044002453, -58.455118992156855 -34.586981576311096)",descartado,0.0,,,,,
6290,NUEVA YORK,NUEVA YORK,Agronomia,15.0,CALLE,63.9250129190641,"LINESTRING (-58.490750501850705 -34.58720426027783, -58.491192445341134 -34.58747860152139, -58.49130785015704 -34.587550055220106)",descartado,0.0,,,,,
6309,VIDT,VIDT,Palermo,14.0,CALLE,109.0863479002976,"LINESTRING (-58.412187461228356 -34.587645947807836, -58.41162429061171 -34.58677992083256)",descartado,0.0,,,,,
6346,14 DE JULIO,14 DE JULIO,Villa Ortuzar,15.0,CALLE,129.4362499308665,"LINESTRING (-58.46401629942596 -34.587778763873935, -58.46308056395001 -34.58690558136261)",descartado,0.0,,,,,
6368,ANTARTIDA ARGENTINA AV.,ANTARTIDA ARGENTINA,Retiro,1.0,AVENIDA,45.45478046682778,"LINESTRING (-58.371543670753766 -34.58758626641442, -58.37161819998733 -34.58734195245735, -58.37167636231348 -34.58719169359949)",descartado,0.0,,,,,
6370,PEÑA,PENA,Recoleta,2.0,CALLE,113.1576615474576,"LINESTRING (-58.40198311537618 -34.587846462293996, -58.40298348963786 -34.587249837742675)",descartado,0.0,,,,,
6389,NUEVA YORK,NUEVA YORK,Agronomia,15.0,CALLE,65.75470533863614,"LINESTRING (-58.49130785015704 -34.587550055220106, -58.491881640687225 -34.58790521010769)",descartado,0.0,,,,,
6395,CORRIENTES AV.,CORRIENTES,Chacarita,15.0,AVENIDA,129.0134213331831,"LINESTRING (-58.452616357149346 -34.587921188175216, -58.45389676229751 -34.58744044002453)",descartado,0.0,,,,,
6403,"PAZ, GRAL. AV.",GRAL. AV. PAZ,Villa Devoto,11.0,AVENIDA,103.0121117970669,"LINESTRING (-58.517105543604366 -34.58709809053599, -58.51751151221135 -34.587963841479215)",descartado,0.0,,,,,
6491,"PAZ, GRAL. AV.",GRAL. AV. PAZ,Villa Devoto,11.0,AVENIDA,47.86885210388416,"LINESTRING (-58.51751151221135 -34.587963841479215, -58.51770013150849 -34.58836615889146)",descartado,0.0,,,,,
6509,PEÑA,PENA,Recoleta,2.0,CALLE,121.9280585882644,"LINESTRING (-58.40090511804177 -34.58848923689664, -58.40198311537618 -34.587846462293996)",descartado,0.0,,,,,
6532,NUEVA YORK,NUEVA YORK,Agronomia,15.0,CALLE,129.7890909404661,"LINESTRING (-58.491881640687225 -34.58790521010769, -58.49301416101639 -34.588606289878726)",descartado,0.0,,,,,
6556,14 DE JULIO,14 DE JULIO,Villa Ortuzar,15.0,CALLE,130.1940307970377,"LINESTRING (-58.46495758953172 -34.58865700952031, -58.46401629942596 -34.587778763873935)",descartado,0.0,,,,,
6558,CORRIENTES AV.,CORRIENTES,Chacarita,15.0,AVENIDA,120.720608102476,"LINESTRING (-58.451423040903556 -34.58837904260175, -58.45156875746714 -34.5883144087137, -58.452616357149346 -34.587921188175216)",descartado,0.0,,,,,
6596,VIDT,VIDT,Palermo,14.0,CALLE,178.7757411448447,"LINESTRING (-58.413598013589656 -34.58877619791559, -58.41236166761179 -34.58753059609357)",descartado,0.0,,,,,
6630,NUEVA YORK,NUEVA YORK,Agronomia,15.0,CALLE,64.74376374046275,"LINESTRING (-58.49301416101639 -34.588606289878726, -58.49357910814203 -34.588956016243415)",descartado,0.0,,,,,
6645,OSLO,OSLO,Parque Chas,15.0,CALLE,95.36033921847012,"LINESTRING (-58.48194699801792 -34.58903398304932, -58.482528602621066 -34.588321556459505)",descartado,0.0,,,,,
6662,CORRIENTES AV.,CORRIENTES,Chacarita,15.0,AVENIDA,61.10768002691736,"LINESTRING (-58.45033894256723 -34.58911155169611, -58.45076843528564 -34.588690532901154)",descartado,0.0,,,,,
6673,PEÑA,PENA,Recoleta,2.0,CALLE,121.5438388264942,"LINESTRING (-58.39983042670728 -34.589129890906804, -58.400004303655045 -34.589026387888275, -58.40090511804177 -34.58848923689664)",descartado,0.0,,,,,
6707,NUEVA YORK,NUEVA YORK,Agronomia,15.0,CALLE,65.21251364352892,"LINESTRING (-58.49357910814203 -34.588956016243415, -58.49414814831871 -34.58930827419182)",descartado,0.0,,,,,
6756,14 DE JULIO,14 DE JULIO,Villa Ortuzar,15.0,CALLE,129.1060531767419,"LINESTRING (-58.465891490807756 -34.58952757174721, -58.46577431568012 -34.589419121600116, -58.46495758953172 -34.58865700952031)",descartado,0.0,,,,,
6758,"PAZ, GRAL. AV.",GRAL. AV. PAZ,Villa Devoto,11.0,AVENIDA,137.7119792023106,"LINESTRING (-58.51770013150849 -34.58836615889146, -58.517911523131254 -34.588821354031836, -58.518168094266635 -34.58934610712456, -58.518249020691385 -34.58952149625351)",descartado,0.0,,,,,
6773,PEÑA,PENA,Recoleta,2.0,CALLE,88.02761197755503,"LINESTRING (-58.399053722923504 -34.58959576005817, -58.39983042670728 -34.589129890906804)",descartado,0.0,,,,,
6783,LIBERTAD,LIBERTAD,Retiro,1.0,CALLE,166.4763060319943,"LINESTRING (-58.38354996900594 -34.58960745878911, -58.38283949729489 -34.58822661682256)",descartado,0.0,,,,,
6792,NUEVA YORK,NUEVA YORK,Agronomia,15.0,CALLE,64.80626928194343,"LINESTRING (-58.49414814831871 -34.58930827419182, -58.494713701129946 -34.58965827680293)",descartado,0.0,,,,,
6835,PEÑA,PENA,Recoleta,2.0,CALLE,50.52651008800288,"LINESTRING (-58.39860850005009 -34.58986383928524, -58.399053722923504 -34.58959576005817)",descartado,0.0,,,,,
6837,CORRIENTES AV.,CORRIENTES,Chacarita,15.0,AVENIDA,114.579102466926,"LINESTRING (-58.44951716723846 -34.589889291989564, -58.45033894256723 -34.58911155169611)",descartado,0.0,,,,,
6845,VIDT,VIDT,Palermo,14.0,CALLE,162.7897510556257,"LINESTRING (-58.4147238455873 -34.58991040310447, -58.413598013589656 -34.58877619791559)",descartado,0.0,,,,,
6868,NUEVA YORK,NUEVA YORK,Agronomia,15.0,CALLE,65.14532516372824,"LINESTRING (-58.494713701129946 -34.58965827680293, -58.4952821546643 -34.59001017745249)",descartado,0.0,,,,,
6880,ANTARTIDA ARGENTINA AV.,ANTARTIDA ARGENTINA,Retiro,1.0,AVENIDA,39.51557091300096,"LINESTRING (-58.37070489229705 -34.59000346590992, -58.37083996037688 -34.58966523129842)",descartado,0.0,,,,,
6883,VIDT,VIDT,Palermo,14.0,CALLE,19.86622281569449,"LINESTRING (-58.41486120442658 -34.59004884034667, -58.4147238455873 -34.58991040310447)",descartado,0.0,,,,,
6884,REPUBLICA DOMINICANA,REPUBLICA DOMINICANA,Palermo,14.0,CALLE,95.5705845311056,"LINESTRING (-58.41486120442658 -34.59004884034667, -58.41497145291437 -34.589947755569405, -58.415668355831365 -34.589507325999406)",descartado,0.0,,,,,
6889,OSLO,OSLO,Parque Chas,15.0,CALLE,120.2605557726567,"LINESTRING (-58.482011775370026 -34.59006441345084, -58.48187742919892 -34.58980633094702, -58.481857663775095 -34.58976302334939, -58.48183721471399 -34.58970880017109, -58.4818203411529 -34.58965006932634, -58.48180900323898 -34.5895940841655, -58.481802093239665 -34.58953760536559, -58.48179969634689 -34.58948084418572, -58.481801472778805 -34.589427603560225, -58.48180835692448 -34.58936753105573, -58.48181856371375 -34.58931492296392, -58.48183472987524 -34.589256116675536, -58.481854217867884 -34.58920118318596, -58.481913797230774 -34.58907469304884, -58.48194699801792 -34.58903398304932)",descartado,0.0,,,,,
6922,CORRIENTES AV.,CORRIENTES,Chacarita,15.0,AVENIDA,47.82170879352068,"LINESTRING (-58.44951716723846 -34.589889291989564, -58.44917419563529 -34.590213906237906)",descartado,0.0,,,,,
6935,VERA,VERA,Chacarita,15.0,CALLE,60.9385266213345,"LINESTRING (-58.445937196236414 -34.590279193975306, -58.44635070994765 -34.58984931514616)",descartado,0.0,,,,,
6960,ANTARTIDA ARGENTINA AV.,ANTARTIDA ARGENTINA,Retiro,1.0,AVENIDA,26.6941006267668,"LINESTRING (-58.370616995237796 -34.59023285021961, -58.37070489229705 -34.59000346590992)",descartado,0.0,,,,,
6992,14 DE JULIO,14 DE JULIO,Villa Ortuzar,15.0,CALLE,146.8695913957374,"LINESTRING (-58.46695791770074 -34.590514955788265, -58.465891490807756 -34.58952757174721)",descartado,0.0,,,,,
6994,VIDT,VIDT,Palermo,14.0,CALLE,70.25987787722316,"LINESTRING (-58.41534715555433 -34.59053833636819, -58.41486120442658 -34.59004884034667)",descartado,0.0,,,,,
7001,PEÑA,PENA,Recoleta,2.0,CALLE,132.8224253847915,"LINESTRING (-58.39743843411738 -34.59056892960062, -58.39860850005009 -34.58986383928524)",descartado,0.0,,,,,
7005,CORRIENTES AV.,CORRIENTES,Chacarita,15.0,AVENIDA,59.17209624164975,"LINESTRING (-58.44874979972005 -34.59061555339416, -58.44917419563529 -34.590213906237906)",descartado,0.0,,,,,
7013,REPUBLICA DOMINICANA,REPUBLICA DOMINICANA,Palermo,14.0,CALLE,99.52902456260549,"LINESTRING (-58.41406014013643 -34.59065275539054, -58.4147541080717 -34.59014703890333, -58.41486120442658 -34.59004884034667)",descartado,0.0,,,,,
7016,"PAZ, GRAL. AV.",GRAL. AV. PAZ,Villa Devoto,11.0,AVENIDA,134.9506212027434,"LINESTRING (-58.518249020691385 -34.58952149625351, -58.518769386462985 -34.59065930837928)",descartado,0.0,,,,,
7026,NUEVA YORK,NUEVA YORK,Agronomia,15.0,CALLE,130.3140929266851,"LINESTRING (-58.4952821546643 -34.59001017745249, -58.49641933160354 -34.59071404109298)",descartado,0.0,,,,,
7041,14 DE JULIO,14 DE JULIO,Paternal,15.0,CALLE,70.90073773366188,"LINESTRING (-58.467738632395594 -34.590769370858986, -58.467118258795516 -34.59038825856638)",descartado,0.0,,,,,
7089,LIBERTAD,LIBERTAD,Retiro,1.0,CALLE,155.6640262215669,"LINESTRING (-58.384214309742674 -34.59089861705081, -58.38354996900594 -34.58960745878911)",descartado,0.0,,,,,
7109,ANTARTIDA ARGENTINA AV.,ANTARTIDA ARGENTINA,Retiro,1.0,AVENIDA,50.41558123737877,"LINESTRING (-58.37034148761381 -34.59129185789533, -58.37042367556251 -34.59084251182245)",descartado,0.0,,,,,
7122,14 DE JULIO,14 DE JULIO,Paternal,15.0,CALLE,60.06781699503965,"LINESTRING (-58.468264229945355 -34.59109224343831, -58.467738632395594 -34.590769370858986)",descartado,0.0,,,,,
7136,VIDT,VIDT,Palermo,14.0,CALLE,86.77905700664628,"LINESTRING (-58.415947325786604 -34.59114294715798, -58.41534715555433 -34.59053833636819)",descartado,0.0,,,,,
7145,VERA,VERA,Chacarita,15.0,CALLE,125.531324123659,"LINESTRING (-58.44508545525667 -34.59116478916017, -58.445937196236414 -34.590279193975306)",descartado,0.0,,,,,
7147,PEÑA,PENA,Recoleta,2.0,CALLE,89.38740249318417,"LINESTRING (-58.39676779795955 -34.591153434813805, -58.39743843411738 -34.59056892960062)",descartado,0.0,,,,,
7155,REPUBLICA DOMINICANA,REPUBLICA DOMINICANA,Palermo,14.0,CALLE,92.09389854878994,"LINESTRING (-58.41331240173558 -34.59120661569876, -58.41401652191808 -34.5906845693091, -58.41406014013643 -34.59065275539054)",descartado,0.0,,,,,
7180,NUEVA YORK,NUEVA YORK,Agronomia,15.0,CALLE,129.978211014932,"LINESTRING (-58.49641933160354 -34.59071404109298, -58.497398949418056 -34.5913204013154, -58.497553801891044 -34.591415852521045)",descartado,0.0,,,,,
7190,14 DE JULIO,14 DE JULIO,Paternal,15.0,CALLE,67.87414257737152,"LINESTRING (-58.46885812941383 -34.59145708318781, -58.468264229945355 -34.59109224343831)",descartado,0.0,,,,,
7216,LIBERTAD,LIBERTAD,Retiro,1.0,CALLE,73.20746259284704,"LINESTRING (-58.38433566551266 -34.59151877638926, -58.384279745168726 -34.59086048978689)",descartado,0.0,,,,,
7220,"PAZ, GRAL. AV.",GRAL. AV. PAZ,Villa Devoto,11.0,AVENIDA,103.9637822362753,"LINESTRING (-58.518769386462985 -34.59065930837928, -58.5191696915945 -34.59153604195489)",descartado,0.0,,,,,
7262,CORRIENTES AV.,CORRIENTES,Chacarita,15.0,AVENIDA,160.2225342606212,"LINESTRING (-58.44759966059718 -34.59170240115051, -58.44788992342673 -34.591429334934034, -58.44874979972005 -34.59061555339416)",descartado,0.0,,,,,
7289,14 DE JULIO,14 DE JULIO,Paternal,15.0,CALLE,67.12103270649136,"LINESTRING (-58.46944547673489 -34.59181783577886, -58.46885812941383 -34.59145708318781)",descartado,0.0,,,,,
7294,PEÑA,PENA,Recoleta,2.0,CALLE,101.816058464362,"LINESTRING (-58.396003925937265 -34.59181922428328, -58.39676779795955 -34.591153434813805)",descartado,0.0,,,,,
7296,REPUBLICA DOMINICANA,REPUBLICA DOMINICANA,Palermo,14.0,CALLE,104.3614938878763,"LINESTRING (-58.412465486326106 -34.591834656693905, -58.41331240173558 -34.59120661569876)",descartado,0.0,,,,,
7310,14 DE JULIO,14 DE JULIO,Paternal,15.0,CALLE,28.61280102707516,"LINESTRING (-58.46969584816838 -34.591971628327734, -58.46944547673489 -34.59181783577886)",descartado,0.0,,,,,
7324,VERA,VERA,Villa Crespo,15.0,CALLE,54.86278410662999,"LINESTRING (-58.44423735617975 -34.59205805502264, -58.444606097663446 -34.5916687178377)",descartado,0.0,,,,,
7340,VIDT,VIDT,Palermo,14.0,CALLE,141.6081259189269,"LINESTRING (-58.41692674877326 -34.59212953703259, -58.415947325786604 -34.59114294715798)",descartado,0.0,,,,,
7359,NUEVA YORK,NUEVA YORK,Agronomia,15.0,CALLE,147.0616022804979,"LINESTRING (-58.497553801891044 -34.591415852521045, -58.49883939747425 -34.592207681331104)",descartado,0.0,,,,,
7412,PAZ SOLDAN,PAZ SOLDAN,Paternal,15.0,CALLE,90.88349053099265,"LINESTRING (-58.46523147737439 -34.592069927596754, -58.46600646254855 -34.59258022686171)",descartado,0.0,,,,,
7426,"PAZ, GRAL. AV.",GRAL. AV. PAZ,Villa Devoto,11.0,AVENIDA,108.9388982749634,"LINESTRING (-58.519256425625706 -34.59171721249429, -58.519693544499276 -34.59263025588037)",descartado,0.0,,,,,
7437,PEÑA,PENA,Recoleta,2.0,CALLE,137.3272489582725,"LINESTRING (-58.39491969777499 -34.59267250895905, -58.3959254417403 -34.591887632821475, -58.396003925937265 -34.59181922428328)",descartado,0.0,,,,,
7448,LIBERTAD,LIBERTAD,Retiro,1.0,CALLE,135.498533336272,"LINESTRING (-58.38443942647745 -34.59273717345945, -58.38433566551266 -34.59151877638926)",descartado,0.0,,,,,
7467,VERA,VERA,Villa Crespo,15.0,CALLE,104.312772853568,"LINESTRING (-58.44353710846148 -34.59279887155436, -58.44370295127355 -34.592622275625814, -58.44423735617975 -34.59205805502264)",descartado,0.0,,,,,
7484,LIBERTAD,LIBERTAD,Retiro,1.0,CALLE,9.766415593199088,"LINESTRING (-58.38444683733858 -34.59282499659018, -58.38443942647745 -34.59273717345945)",descartado,0.0,,,,,
7495,9 DE JULIO AV.,9 DE JULIO,Retiro,1.0,AVENIDA,139.2061478207709,"LINESTRING (-58.38221391799719 -34.59283395603288, -58.38213334446008 -34.592323682824826, -58.38206636324107 -34.59158552747219)",descartado,0.0,,,,,
7538,NUEVA YORK,NUEVA YORK,Agronomia,15.0,CALLE,152.0913046521182,"LINESTRING (-58.49883939747425 -34.592207681331104, -58.50016897071 -34.59302659633458)",descartado,0.0,,,,,
7555,LIBERTAD,LIBERTAD,Retiro,1.0,CALLE,178.3580874465881,"LINESTRING (-58.384417302263294 -34.594431341654335, -58.3844201373797 -34.59431493315739, -58.384470416637456 -34.593105298103175, -58.38444683733858 -34.59282499659018)",descartado,0.0,,,,,
7573,"PAZ, GRAL. AV.",GRAL. AV. PAZ,Villa Devoto,11.0,AVENIDA,73.83998498943872,"LINESTRING (-58.519693544499276 -34.59263025588037, -58.5199847776405 -34.59325076501752)",descartado,0.0,,,,,
7577,PAZ SOLDAN,PAZ SOLDAN,Paternal,15.0,CALLE,126.2607170656228,"LINESTRING (-58.46600646254855 -34.59258022686171, -58.467083136163104 -34.59328915374648)",descartado,0.0,,,,,
7586,CORRIENTES AV.,CORRIENTES,Villa Crespo,15.0,AVENIDA,245.2263810425825,"LINESTRING (-58.44582193418856 -34.593353173087145, -58.44596477148248 -34.59322086731563, -58.44735061904325 -34.59193659816347, -58.44759966059718 -34.59170240115051)",descartado,0.0,,,,,
7639,VERA,VERA,Villa Crespo,15.0,CALLE,121.9515276835343,"LINESTRING (-58.44272159801279 -34.59366699064785, -58.44353710846148 -34.59279887155436)",descartado,0.0,,,,,
7662,NUEVA YORK,NUEVA YORK,Agronomia,15.0,CALLE,151.8397339482759,"LINESTRING (-58.50016897071 -34.59302659633458, -58.50149635530157 -34.5938441593675)",descartado,0.0,,,,,
7679,PAZ SOLDAN,PAZ SOLDAN,Paternal,15.0,CALLE,127.5442585972454,"LINESTRING (-58.467083136163104 -34.59328915374648, -58.46817072878906 -34.59400532425417)",descartado,0.0,,,,,
7683,CORRIENTES AV.,CORRIENTES,Villa Crespo,15.0,AVENIDA,102.3653865287923,"LINESTRING (-58.445079036594656 -34.59404166738544, -58.44582193418856 -34.593353173087145)",descartado,0.0,,,,,
7690,"PAZ, GRAL. AV.",GRAL. AV. PAZ,Villa Devoto,11.0,AVENIDA,97.69644484575984,"LINESTRING (-58.5199847776405 -34.59325076501752, -58.52037476464863 -34.59407024458803)",descartado,0.0,,,,,
7740,NUEVA YORK,NUEVA YORK,Agronomia,15.0,CALLE,73.85781355350558,"LINESTRING (-58.50149635530157 -34.5938441593675, -58.502140679244945 -34.59424332875719)",descartado,0.0,,,,,
7741,ANTARTIDA ARGENTINA AV.,ANTARTIDA ARGENTINA,Retiro,1.0,AVENIDA,193.6522463970023,"LINESTRING (-58.36951851569034 -34.59426537071014, -58.36988062157615 -34.59324901069009, -58.369972720351754 -34.592971040935936, -58.3701072187099 -34.59258905161453)",descartado,0.0,,,,,
7751,9 DE JULIO AV.,9 DE JULIO,Retiro,1.0,AVENIDA,159.9652119794816,"LINESTRING (-58.38242099658561 -34.59426475051629, -58.382421619400375 -34.59414932652975, -58.38223981709854 -34.5929977083124, -58.38221391799719 -34.59283395603288)",descartado,0.0,,,,,
7766,PAZ SOLDAN,PAZ SOLDAN,Paternal,15.0,CALLE,59.88913605648678,"LINESTRING (-58.46817072878906 -34.59400532425417, -58.46868144644577 -34.59434157595858)",descartado,0.0,,,,,
7805,VERA,VERA,Villa Crespo,15.0,CALLE,125.6817650318572,"LINESTRING (-58.44188111216259 -34.59456164951471, -58.44272159801279 -34.59366699064785)",descartado,0.0,,,,,
7827,NUEVA YORK,NUEVA YORK,Agronomia,15.0,CALLE,35.94490356476788,"LINESTRING (-58.502434328903824 -34.594441845424896, -58.50255156505957 -34.59449113373518, -58.50264575006787 -34.594561364223225, -58.50266170972449 -34.59457741869212, -58.50267767750635 -34.594610679887346, -58.502673527456786 -34.59463477064989, -58.5026617498978 -34.59466259199778)",descartado,0.0,,,,,
7831,CORRIENTES AV.,CORRIENTES,Villa Crespo,15.0,AVENIDA,107.2722190245059,"LINESTRING (-58.44430137411248 -34.59476367334986, -58.44444208596219 -34.594637073380284, -58.44498764380749 -34.59412186629681, -58.445079036594656 -34.59404166738544)",descartado,0.0,,,,,
7853,PAZ SOLDAN,PAZ SOLDAN,Paternal,15.0,CALLE,90.51146510961175,"LINESTRING (-58.46868144644577 -34.59434157595858, -58.46945327919208 -34.594849787273134)",descartado,0.0,,,,,
7899,"PAZ, GRAL. AV.",GRAL. AV. PAZ,Villa Devoto,11.0,AVENIDA,118.7411941671987,"LINESTRING (-58.52037476464863 -34.59407024458803, -58.520752467131665 -34.594847263104405, -58.52080831870922 -34.59507555035454)",descartado,0.0,,,,,
7965,VERA,VERA,Villa Crespo,15.0,CALLE,124.5388884064652,"LINESTRING (-58.44104853029583 -34.59544834602274, -58.441225883556015 -34.5952591497987, -58.44188111216259 -34.59456164951471)",descartado,0.0,,,,,
7967,9 DE JULIO AV.,9 DE JULIO,Retiro,1.0,AVENIDA,130.3679215898581,"LINESTRING (-58.382415088692035 -34.595439906299426, -58.38242099658561 -34.59426475051629)",descartado,0.0,,,,,
7969,CORRIENTES AV.,CORRIENTES,Villa Crespo,15.0,AVENIDA,105.1161397126523,"LINESTRING (-58.44353937103008 -34.59547131037595, -58.44430137411248 -34.59476367334986)",descartado,0.0,,,,,
7981,NUEVA YORK,NUEVA YORK,Villa Devoto,11.0,CALLE,138.6908420183402,"LINESTRING (-58.502956962618114 -34.59474939778188, -58.5030911321168 -34.59479379745229, -58.50327430813819 -34.5949468774846, -58.5041617695084 -34.595493886320135)",descartado,0.0,,,,,
7989,"PAZ, GRAL. AV.",GRAL. AV. PAZ,Villa Devoto,11.0,AVENIDA,53.84593545670489,"LINESTRING (-58.52080831870922 -34.59507555035454, -58.52102561739779 -34.59552644095194)",descartado,0.0,,,,,
8008,PAZ SOLDAN,PAZ SOLDAN,Paternal,15.0,CALLE,136.3961795022432,"LINESTRING (-58.46945327919208 -34.594849787273134, -58.47061645391662 -34.59561558065775)",descartado,0.0,,,,,
8013,LIBERTAD,LIBERTAD,Retiro,1.0,CALLE,129.1921692607036,"LINESTRING (-58.38430370870299 -34.5955918501611, -58.3843189286118 -34.595436998387804, -58.384414115984455 -34.594558876861775, -58.384417302263294 -34.594431341654335)",descartado,0.0,,,,,
8032,PAZ SOLDAN,PAZ SOLDAN,Paternal,15.0,CALLE,25.06634263727438,"LINESTRING (-58.47061645391662 -34.59561558065775, -58.47084503513426 -34.59573937156878)",descartado,0.0,,,,,
8070,PAZ SOLDAN,PAZ SOLDAN,Paternal,15.0,CALLE,31.36302574477064,"LINESTRING (-58.47084503513426 -34.59573937156878, -58.47089877396608 -34.59576852363759, -58.47114336476563 -34.595877101474166)",descartado,0.0,,,,,
8093,"PAZ, GRAL. AV.",GRAL. AV. PAZ,Villa Devoto,11.0,AVENIDA,648.2255852061836,"LINESTRING (-58.517218793959 -34.58632567784604, -58.51785974061514 -34.58777154959188, -58.51864098056168 -34.58941352944662, -58.519318066129586 -34.59088985601964, -58.51974808707678 -34.59178134247419)",descartado,0.0,,,,,
8106,FLORIDA,FLORIDA,Retiro,1.0,CALLE,56.96874045315349,"LINESTRING (-58.37541922631541 -34.596056346087806, -58.375094098836016 -34.59561882631982)",descartado,0.0,,,,,
8157,NUEVA YORK,NUEVA YORK,Villa Devoto,11.0,CALLE,153.1359811423007,"LINESTRING (-58.5041617695084 -34.595493886320135, -58.50549834943066 -34.59632083915218)",descartado,0.0,,,,,
8160,VERA,VERA,Villa Crespo,15.0,CALLE,124.5479565314641,"LINESTRING (-58.440216867309225 -34.596335741127504, -58.44104853029583 -34.59544834602274)",descartado,0.0,,,,,
8164,CORRIENTES AV.,CORRIENTES,Villa Crespo,15.0,AVENIDA,130.7311351323503,"LINESTRING (-58.44259166170722 -34.59635137875842, -58.44353937103008 -34.59547131037595)",descartado,0.0,,,,,
8221,"PAZ, GRAL. AV.",GRAL. AV. PAZ,Villa Devoto,11.0,AVENIDA,141.6187912371638,"LINESTRING (-58.52102561739779 -34.59552644095194, -58.5213357379118 -34.5960949355975, -58.52153956524584 -34.59653188310226, -58.52153969407673 -34.59671647330328)",descartado,0.0,,,,,
8270,9 DE JULIO AV.,9 DE JULIO,Retiro,1.0,AVENIDA,147.8309285232864,"LINESTRING (-58.38226758130253 -34.59676595619856, -58.382291806880175 -34.596549560425224, -58.38241412880394 -34.595639486307334, -58.382415088692035 -34.595439906299426)",descartado,0.0,,,,,
8296,LIBERTAD,LIBERTAD,Retiro,1.0,CALLE,145.7726345784121,"LINESTRING (-58.38417779225646 -34.59690171889556, -58.38418366596299 -34.59681446781042, -58.38430370870299 -34.5955918501611)",descartado,0.0,,,,,
8300,ANTARTIDA ARGENTINA AV.,ANTARTIDA ARGENTINA,Retiro,1.0,AVENIDA,177.2131327166983,"LINESTRING (-58.36859504571971 -34.596909876509024, -58.369065074022245 -34.595556500780674, -58.36917329652818 -34.595389632305725)",descartado,0.0,,,,,
8346,NUEVA YORK,NUEVA YORK,Villa Devoto,11.0,CALLE,153.1641073198119,"LINESTRING (-58.50549834943066 -34.59632083915218, -58.506835211395504 -34.59714791796821)",descartado,0.0,,,,,
8361,CORRIENTES AV.,CORRIENTES,Villa Crespo,15.0,AVENIDA,129.3674092199799,"LINESTRING (-58.44165347296987 -34.59722200456786, -58.44259166170722 -34.59635137875842)",descartado,0.0,,,,,
8379,VERA,VERA,Villa Crespo,15.0,CALLE,129.0860500081285,"LINESTRING (-58.43935485973731 -34.59725544893991, -58.440216867309225 -34.596335741127504)",descartado,0.0,,,,,
8415,PASAJE 2 DE ABRIL,2 DE ABRIL,Agronomia,15.0,CALLE,109.6569905483515,"LINESTRING (-58.487142747600465 -34.59746272582038, -58.48702315588673 -34.596479212245335)",descartado,0.0,,,,,
8421,NUEVA ZELANDIA,NUEVA ZELANDIA,Chacarita,15.0,PASAJE,117.0752861096261,"LINESTRING (-58.45563428543713 -34.596721774298665, -58.45649469212069 -34.5975012040035)",descartado,0.0,,,,,
8431,FLORIDA,FLORIDA,Retiro,1.0,CALLE,139.2224139712021,"LINESTRING (-58.37540561369686 -34.597499246205935, -58.37540752338105 -34.59738410494566, -58.37541758063675 -34.596244305612345)",descartado,0.0,,,,,
8520,9 DE JULIO AV.,9 DE JULIO,Retiro,1.0,AVENIDA,127.3891465974166,"LINESTRING (-58.38217815499385 -34.59791183018737, -58.38225332099717 -34.59689313182554, -58.38226758130253 -34.59676595619856)",descartado,0.0,,,,,
8527,NUEVA YORK,NUEVA YORK,Villa Devoto,11.0,CALLE,149.1734799112818,"LINESTRING (-58.506835211395504 -34.59714791796821, -58.50813725677142 -34.59795344517722)",descartado,0.0,,,,,
8571,LIBERTAD,LIBERTAD,Retiro,1.0,CALLE,130.9040464607836,"LINESTRING (-58.38409764413765 -34.59807985432217, -58.38417779225646 -34.59690171889556)",descartado,0.0,,,,,
8575,CORRIENTES AV.,CORRIENTES,Villa Crespo,15.0,AVENIDA,132.2778975991975,"LINESTRING (-58.44069413899061 -34.5981121968946, -58.44165347296987 -34.59722200456786)",descartado,0.0,,,,,
8590,VERA,VERA,Villa Crespo,15.0,CALLE,129.8157949509996,"LINESTRING (-58.438487977330496 -34.598180360878246, -58.43935485973731 -34.59725544893991)",descartado,0.0,,,,,
8647,ANTARTIDA ARGENTINA AV.,ANTARTIDA ARGENTINA,Retiro,1.0,AVENIDA,175.2420600277389,"LINESTRING (-58.36812071533131 -34.598436401596636, -58.36814800808861 -34.598212734701065, -58.36820602033603 -34.59798932447189, -58.36859504571971 -34.596909876509024)",descartado,0.0,,,,,
8720,FLORIDA,FLORIDA,Retiro,1.0,CALLE,133.7454017256856,"LINESTRING (-58.375372237517325 -34.59870452246423, -58.375380900345604 -34.59848466617376, -58.37540252160339 -34.597685866594695, -58.37540561369686 -34.597499246205935)",descartado,0.0,,,,,
8725,NUEVA YORK,NUEVA YORK,Villa Devoto,11.0,CALLE,149.1627605743861,"LINESTRING (-58.50813725677142 -34.59795344517722, -58.50826538405825 -34.59803276547922, -58.50944026341494 -34.598757760810365)",descartado,0.0,,,,,
8749,"PAZ, GRAL. AV.",GRAL. AV. PAZ,Villa Devoto,11.0,AVENIDA,83.19489666461247,"LINESTRING (-58.522343532454244 -34.59814415035279, -58.52262652547126 -34.59885664133813)",descartado,0.0,,,,,
8768,CORRIENTES AV.,CORRIENTES,Villa Crespo,15.0,AVENIDA,128.0834509861039,"LINESTRING (-58.43976519593558 -34.598974147530036, -58.44069413899061 -34.5981121968946)",descartado,0.0,,,,,
8796,9 DE JULIO AV.,9 DE JULIO,Retiro,1.0,AVENIDA,128.6623689479142,"LINESTRING (-58.38209271744201 -34.59906946729082, -58.38217815499385 -34.59791183018737)",descartado,0.0,,,,,
8810,VERA,VERA,Villa Crespo,15.0,CALLE,132.9458085299048,"LINESTRING (-58.43760020370294 -34.599127586407754, -58.438487977330496 -34.598180360878246)",descartado,0.0,,,,,
8822,LIBERTAD,LIBERTAD,Retiro,1.0,CALLE,119.911424227001,"LINESTRING (-58.38403232073397 -34.59915940603537, -58.38404519187979 -34.59896807342812, -58.38409211584732 -34.598161894260606, -58.38409764413765 -34.59807985432217)",descartado,0.0,,,,,
8834,12 DE OCTUBRE,12 DE OCTUBRE,Paternal,15.0,CALLE,15.85019361506849,"LINESTRING (-58.46940309134918 -34.599111689173455, -58.46945394420061 -34.59924823805698)",descartado,0.0,,,,,
8886,"PAZ, MARCOS",MARCOS PAZ,Villa Devoto,11.0,CALLE,115.9685152470978,"LINESTRING (-58.521437456557116 -34.59944482840629, -58.52220249441948 -34.59861261760665)",descartado,0.0,,,,,
8913,NUEVA YORK,NUEVA YORK,Villa Devoto,11.0,CALLE,149.187780030549,"LINESTRING (-58.50944026341494 -34.598757760810365, -58.51074363582878 -34.59956206227009)",descartado,0.0,,,,,
8922,25 DE MAYO,25 DE MAYO,San Nicolas,1.0,CALLE,128.2606896816842,"LINESTRING (-58.371393815373125 -34.59957047730042, -58.37140012752954 -34.59948407229304, -58.37148416673559 -34.598416724897355)",descartado,0.0,,,,,
8964,BOULOGNE SUR MER,BOULOGNE SUR MER,Balvanera,3.0,CALLE,199.1426866004492,"LINESTRING (-58.40530011111665 -34.59976954676428, -58.404734813765955 -34.59803636249119)",descartado,0.0,,,,,
8974,GUARDIA VIEJA,GUARDIA VIEJA,Almagro,5.0,CALLE,38.38385642702214,"LINESTRING (-58.429736244932954 -34.59980941978033, -58.43015194847563 -34.59977002576182)",descartado,0.0,,,,,
8981,VERA,VERA,Villa Crespo,15.0,CALLE,99.59970784897992,"LINESTRING (-58.436935020539075 -34.59983717387821, -58.43760020370294 -34.599127586407754)",descartado,0.0,,,,,
8982,"PAZ, GRAL. AV.",GRAL. AV. PAZ,Villa Devoto,11.0,AVENIDA,115.2401375580833,"LINESTRING (-58.52262652547126 -34.59885664133813, -58.523078075582056 -34.59982601342288)",descartado,0.0,,,,,
8992,CORRIENTES AV.,CORRIENTES,Villa Crespo,15.0,AVENIDA,135.5705507730601,"LINESTRING (-58.43876630249772 -34.599873894411886, -58.438946636809945 -34.59973364666495, -58.43976519593558 -34.598974147530036)",descartado,0.0,,,,,
8997,FLORIDA,FLORIDA,San Nicolas,1.0,CALLE,129.6894100234831,"LINESTRING (-58.3753675992909 -34.59987326933666, -58.375359068241 -34.59972551446941, -58.37536278746327 -34.598944026366816, -58.375372237517325 -34.59870452246423)",descartado,0.0,,,,,
9018,GUARDIA VIEJA,GUARDIA VIEJA,Almagro,5.0,CALLE,140.9840866510551,"LINESTRING (-58.42820935506946 -34.59995406290563, -58.429736244932954 -34.59980941978033)",descartado,0.0,,,,,
9028,PASO,PASO,Balvanera,3.0,CALLE,134.1485682960451,"LINESTRING (-58.403284618728115 -34.59999343471614, -58.40308568698046 -34.59879543087409)",descartado,0.0,,,,,
9048,GUARDIA VIEJA,GUARDIA VIEJA,Almagro,5.0,CALLE,134.1301605653287,"LINESTRING (-58.426757066185516 -34.60009434301898, -58.42803740077638 -34.59997035161538, -58.42820935506946 -34.59995406290563)",descartado,0.0,,,,,
9053,NUEVA YORK,NUEVA YORK,Villa Devoto,11.0,CALLE,98.91270219048708,"LINESTRING (-58.51074363582878 -34.59956206227009, -58.511607850537274 -34.600095252563335)",descartado,0.0,,,,,
9080,"PAZ, MARCOS",MARCOS PAZ,Villa Devoto,11.0,CALLE,99.86281119579324,"LINESTRING (-58.52078695940438 -34.600166626589115, -58.5213460609308 -34.599546352358836, -58.521437456557116 -34.59944482840629)",descartado,0.0,,,,,
9093,GUARDIA VIEJA,GUARDIA VIEJA,Almagro,5.0,CALLE,135.3227050097554,"LINESTRING (-58.42529191179432 -34.600236221578896, -58.426757066185516 -34.60009434301898)",descartado,0.0,,,,,
9103,CORRIENTES AV.,CORRIENTES,Villa Crespo,15.0,AVENIDA,115.2555671502518,"LINESTRING (-58.43760172735821 -34.60026380159824, -58.43876630249772 -34.599873894411886)",descartado,0.0,,,,,
9109,9 DE JULIO AV.,9 DE JULIO,San Nicolas,1.0,AVENIDA,135.2959846121002,"LINESTRING (-58.381997069239866 -34.6002864875534, -58.38209271744201 -34.59906946729082)",descartado,0.0,,,,,
9122,GUARDIA VIEJA,GUARDIA VIEJA,Almagro,5.0,CALLE,142.4872082205949,"LINESTRING (-58.4237495030888 -34.60038784640823, -58.425113227873126 -34.60025349000103, -58.42529191179432 -34.600236221578896)",descartado,0.0,,,,,
9132,LIBERTAD,LIBERTAD,San Nicolas,1.0,CALLE,141.1610778428647,"LINESTRING (-58.383947651876085 -34.60042993375063, -58.38396001939332 -34.60023127681046, -58.38403232073397 -34.59915940603537)",descartado,0.0,,,,,
9135,12 DE OCTUBRE,12 DE OCTUBRE,Paternal,15.0,CALLE,141.715516941947,"LINESTRING (-58.46945394420061 -34.59924823805698, -58.46985617321871 -34.60032950156535, -58.469908475607454 -34.60046914879355)",descartado,0.0,,,,,
9157,GUARDIA VIEJA,GUARDIA VIEJA,Almagro,5.0,CALLE,141.9007345817595,"LINESTRING (-58.42221347636189 -34.60053910176583, -58.4237495030888 -34.60038784640823)",descartado,0.0,,,,,
9182,NUEVA YORK,NUEVA YORK,Villa Devoto,11.0,CALLE,98.83299332702855,"LINESTRING (-58.511607850537274 -34.600095252563335, -58.51247130959267 -34.60062808487047)",descartado,0.0,,,,,
9194,VERA,VERA,Villa Crespo,15.0,CALLE,117.2752114229173,"LINESTRING (-58.43615183120527 -34.60067271929583, -58.436935020539075 -34.59983717387821)",descartado,0.0,,,,,
9199,GUARDIA VIEJA,GUARDIA VIEJA,Almagro,5.0,CALLE,147.9796420023985,"LINESTRING (-58.420611862640314 -34.60069834314606, -58.42204645918022 -34.60055559496379, -58.42221347636189 -34.60053910176583)",descartado,0.0,,,,,
9204,CORRIENTES AV.,CORRIENTES,Villa Crespo,15.0,AVENIDA,136.3930911385447,"LINESTRING (-58.43622352344329 -34.600725130398416, -58.43760172735821 -34.60026380159824)",descartado,0.0,,,,,
9208,"PAZ, GRAL. AV.",GRAL. AV. PAZ,Villa Devoto,11.0,AVENIDA,106.5892530195421,"LINESTRING (-58.523078075582056 -34.59982601342288, -58.523504372698035 -34.60071983160736)",descartado,0.0,,,,,
9226,25 DE MAYO,25 DE MAYO,San Nicolas,1.0,CALLE,130.2007791374936,"LINESTRING (-58.37127312537602 -34.600739840574356, -58.37128242754203 -34.600645268708476, -58.37138473706351 -34.59969399346066, -58.371393815373125 -34.59957047730042)",descartado,0.0,,,,,
9233,VERA,VERA,Villa Crespo,15.0,CALLE,14.85018980234852,"LINESTRING (-58.43605666612025 -34.60078100961173, -58.43615183120527 -34.60067271929583)",descartado,0.0,,,,,
9234,CORRIENTES AV.,CORRIENTES,Villa Crespo,15.0,AVENIDA,16.51400070174435,"LINESTRING (-58.43605666612025 -34.60078100961173, -58.43622352344329 -34.600725130398416)",descartado,0.0,,,,,
9239,BOULOGNE SUR MER,BOULOGNE SUR MER,Balvanera,3.0,CALLE,117.6226807607724,"LINESTRING (-58.40563401468871 -34.60079324183189, -58.40530011111665 -34.59976954676428)",descartado,0.0,,,,,
9257,GUARDIA VIEJA,GUARDIA VIEJA,Almagro,5.0,CALLE,132.4120325171921,"LINESTRING (-58.41917794569948 -34.60083508869503, -58.41974960339769 -34.60078409609887, -58.420611862640314 -34.60069834314606)",descartado,0.0,,,,,
9264,LIBERTAD,LIBERTAD,San Nicolas,1.0,CALLE,46.16110081622941,"LINESTRING (-58.38392170699245 -34.600845486532066, -58.383947651876085 -34.60042993375063)",descartado,0.0,,,,,
9280,"PAZ, MARCOS",MARCOS PAZ,Villa Devoto,11.0,CALLE,99.59245595957728,"LINESTRING (-58.52013806775501 -34.6008863781916, -58.52078695940438 -34.600166626589115)",descartado,0.0,,,,,
9305,GUARDIA VIEJA,GUARDIA VIEJA,Almagro,5.0,CALLE,127.4755675401706,"LINESTRING (-58.417796323165646 -34.60095831556788, -58.41917794569948 -34.60083508869503)",descartado,0.0,,,,,
9310,PASO,PASO,Balvanera,3.0,CALLE,108.8432691435813,"LINESTRING (-58.403437302207664 -34.60096641190446, -58.403301069212525 -34.60009281052844, -58.403284618728115 -34.59999343471614)",descartado,0.0,,,,,
9336,FLORIDA,FLORIDA,San Nicolas,1.0,CALLE,130.510983804677,"LINESTRING (-58.375334423126866 -34.60104889692518, -58.375343754505245 -34.60092228203847, -58.375376631710644 -34.60003017962905, -58.3753675992909 -34.59987326933666)",descartado,0.0,,,,,
9365,CORRIENTES AV.,CORRIENTES,Villa Crespo,15.0,AVENIDA,119.1566395257781,"LINESTRING (-58.43485262937974 -34.6011840508947, -58.43605666612025 -34.60078100961173)",descartado,0.0,,,,,
9379,"PAZ, GRAL. AV.",GRAL. AV. PAZ,Villa Devoto,11.0,AVENIDA,64.95598813427634,"LINESTRING (-58.523504372698035 -34.60071983160736, -58.523745534157655 -34.601270354546756)",descartado,0.0,,,,,
9414,NUEVA YORK,NUEVA YORK,Villa Devoto,11.0,CALLE,145.3034063333887,"LINESTRING (-58.51247130959267 -34.60062808487047, -58.51374083162028 -34.601411381444116)",descartado,0.0,,,,,
9428,GUARDIA VIEJA,GUARDIA VIEJA,Almagro,5.0,CALLE,144.0470404341695,"LINESTRING (-58.416334613340275 -34.6014327689466, -58.417796323165646 -34.60095831556788)",descartado,0.0,,,,,
9438,LIBERTAD,LIBERTAD,San Nicolas,1.0,CALLE,67.32139637149598,"LINESTRING (-58.38388382762491 -34.60145152732453, -58.38392170699245 -34.600845486532066)",descartado,0.0,,,,,
9445,VERA,VERA,Villa Crespo,15.0,CALLE,103.1697905010626,"LINESTRING (-58.43533745945209 -34.60149599871744, -58.43605666612025 -34.60078100961173)",descartado,0.0,,,,,
9447,12 DE OCTUBRE,12 DE OCTUBRE,Paternal,15.0,CALLE,124.5731187386693,"LINESTRING (-58.469908475607454 -34.60046914879355, -58.47031020468491 -34.601541818933235)",descartado,0.0,,,,,
9455,CORRIENTES AV.,CORRIENTES,Villa Crespo,15.0,AVENIDA,111.9159017418871,"LINESTRING (-58.43372174755523 -34.60156259060627, -58.43485262937974 -34.6011840508947)",descartado,0.0,,,,,
9468,"PAZ, MARCOS",MARCOS PAZ,Villa Devoto,11.0,CALLE,99.8768266094432,"LINESTRING (-58.519487292630934 -34.60160816941543, -58.520038584218426 -34.60099670786033, -58.52013806775501 -34.6008863781916)",descartado,0.0,,,,,
9476,CORRIENTES AV.,CORRIENTES,Villa Crespo,15.0,AVENIDA,24.45253343436562,"LINESTRING (-58.433474650605795 -34.60164527819773, -58.43372174755523 -34.60156259060627)",descartado,0.0,,,,,
9502,"OCAMPO, VICTORIA",VICTORIA OCAMPO,Puerto Madero,1.0,CALLE,86.81880395322142,"LINESTRING (-58.36830728600701 -34.60172918939006, -58.367363596196874 -34.60166960214689)",descartado,0.0,,,,,
9504,BOULOGNE SUR MER,BOULOGNE SUR MER,Balvanera,3.0,CALLE,107.0965599638196,"LINESTRING (-58.40593162242052 -34.601726635706136, -58.40589789692271 -34.60160225177016, -58.40563401468871 -34.60079324183189)",descartado,0.0,,,,,
9518,GUARDIA VIEJA,GUARDIA VIEJA,Almagro,5.0,CALLE,100.328452882541,"LINESTRING (-58.41531490134294 -34.601759771526126, -58.416334613340275 -34.6014327689466)",descartado,0.0,,,,,
9564,PASO,PASO,Balvanera,3.0,CALLE,110.8154395545988,"LINESTRING (-58.40359167986319 -34.60195713632234, -58.403437302207664 -34.60096641190446)",descartado,0.0,,,,,
9567,25 DE MAYO,25 DE MAYO,San Nicolas,1.0,CALLE,133.7202320956368,"LINESTRING (-58.37118135148812 -34.60194281738015, -58.37126477041814 -34.600824976391664, -58.37127312537602 -34.600739840574356)",descartado,0.0,,,,,
9583,"OCAMPO, VICTORIA",VICTORIA OCAMPO,Puerto Madero,1.0,CALLE,74.67675724102995,"LINESTRING (-58.364488098514165 -34.60202082132141, -58.363818063750024 -34.60197309308553, -58.363677100113044 -34.6019838233052)",descartado,0.0,,,,,
9594,CORRIENTES AV.,CORRIENTES,Villa Crespo,15.0,AVENIDA,126.1275349969481,"LINESTRING (-58.43220014722129 -34.60207186790503, -58.433474650605795 -34.60164527819773)",descartado,0.0,,,,,
9595,CORRIENTES AV.,CORRIENTES,Almagro,5.0,AVENIDA,27.85749519910852,"LINESTRING (-58.43189660979431 -34.60207967760541, -58.43220014722129 -34.60207186790503)",descartado,0.0,,,,,
9596,"OCAMPO, VICTORIA",VICTORIA OCAMPO,Puerto Madero,1.0,CALLE,32.06538005975251,"LINESTRING (-58.36483648768428 -34.60204441315667, -58.364488098514165 -34.60202082132141)",descartado,0.0,,,,,
9613,GUARDIA VIEJA,GUARDIA VIEJA,Almagro,5.0,CALLE,112.1742943912059,"LINESTRING (-58.41417481787725 -34.60212545013796, -58.41531490134294 -34.601759771526126)",descartado,0.0,,,,,
9626,CORRIENTES AV.,CORRIENTES,Almagro,5.0,AVENIDA,76.30467148979115,"LINESTRING (-58.43107105533052 -34.60216397066395, -58.43189660979431 -34.60207967760541)",descartado,0.0,,,,,
9639,NUEVA YORK,NUEVA YORK,Villa Devoto,11.0,CALLE,145.0909006204762,"LINESTRING (-58.51374083162028 -34.601411381444116, -58.51500850310815 -34.60219353870387)",descartado,0.0,,,,,
9665,FLORIDA,FLORIDA,San Nicolas,1.0,CALLE,130.1845519423094,"LINESTRING (-58.375270333912184 -34.60222119206977, -58.37532414086108 -34.60118882118091, -58.375334423126866 -34.60104889692518)",descartado,0.0,,,,,
9667,CORRIENTES AV.,CORRIENTES,Almagro,5.0,AVENIDA,83.05100382435216,"LINESTRING (-58.43017250814242 -34.60225570324134, -58.43107105533052 -34.60216397066395)",descartado,0.0,,,,,
9676,"PAZ, GRAL. AV.",GRAL. AV. PAZ,Villa Devoto,11.0,AVENIDA,119.5417573437964,"LINESTRING (-58.523745534157655 -34.601270354546756, -58.52421306322007 -34.60227619353417)",descartado,0.0,,,,,
9680,VERA,VERA,Villa Crespo,15.0,CALLE,117.5973431666844,"LINESTRING (-58.43451064177997 -34.60230610043873, -58.435241615421674 -34.60159125985921, -58.43533745945209 -34.60149599871744)",descartado,0.0,,,,,
9686,"PAZ, MARCOS",MARCOS PAZ,Villa Devoto,11.0,CALLE,99.53152593162831,"LINESTRING (-58.518838804119525 -34.60232749122176, -58.519487292630934 -34.60160816941543)",descartado,0.0,,,,,
9715,CORRIENTES AV.,CORRIENTES,Almagro,5.0,AVENIDA,147.8243008387664,"LINESTRING (-58.428573174401016 -34.60241906383438, -58.43017250814242 -34.60225570324134)",descartado,0.0,,,,,
9727,LIBERTAD,LIBERTAD,San Nicolas,1.0,CALLE,130.8904411362731,"LINESTRING (-58.38380162717639 -34.60262930821323, -58.383820089569326 -34.60247037422847, -58.38388382762491 -34.60145152732453)",descartado,0.0,,,,,
9734,GUARDIA VIEJA,GUARDIA VIEJA,Almagro,5.0,CALLE,132.6226174258245,"LINESTRING (-58.41280646422018 -34.60251102412073, -58.41403179565247 -34.602171308657084, -58.41417481787725 -34.60212545013796)",descartado,0.0,,,,,
9743,NUEVA YORK,NUEVA YORK,Villa Devoto,11.0,CALLE,66.38606724108955,"LINESTRING (-58.51500850310815 -34.60219353870387, -58.51558854378215 -34.60255139548334)",descartado,0.0,,,,,
9745,CORRIENTES AV.,CORRIENTES,Almagro,5.0,AVENIDA,135.5830670460542,"LINESTRING (-58.427105681052005 -34.6025648367385, -58.42835317822166 -34.602441536575036, -58.428573174401016 -34.60241906383438)",descartado,0.0,,,,,
9773,"PAZ, MARCOS",MARCOS PAZ,Villa Devoto,11.0,CALLE,46.65011745464428,"LINESTRING (-58.518534810592044 -34.602664606089085, -58.518838804119525 -34.60232749122176)",descartado,0.0,,,,,
9781,"PAZ, GRAL. AV.",GRAL. AV. PAZ,Villa Devoto,11.0,AVENIDA,50.32452893176146,"LINESTRING (-58.52421306322007 -34.60227619353417, -58.5243904026777 -34.602654842928, -58.524410790277415 -34.60269934042455)",descartado,0.0,,,,,
9783,CORRIENTES AV.,CORRIENTES,Almagro,5.0,AVENIDA,134.8031987692983,"LINESTRING (-58.425646529667695 -34.602709115667004, -58.427105681052005 -34.6025648367385)",descartado,0.0,,,,,
9820,CORRIENTES AV.,CORRIENTES,Almagro,5.0,AVENIDA,142.4244668230676,"LINESTRING (-58.424104927026704 -34.60286187193771, -58.42484225675542 -34.602788654754264, -58.425646529667695 -34.602709115667004)",descartado,0.0,,,,,
9827,CORRIENTES AV.,CORRIENTES,San Nicolas,1.0,AVENIDA,78.03484535872278,"LINESTRING (-58.368169716933316 -34.6028295303064, -58.36840371511677 -34.60285161761207, -58.36901515496271 -34.60290758538501)",descartado,0.0,,,,,
9832,"PAZ, GRAL. AV.",GRAL. AV. PAZ,Villa Devoto,11.0,AVENIDA,21.72488250605206,"LINESTRING (-58.524410790277415 -34.60269934042455, -58.52449447390615 -34.60288254064843)",descartado,0.0,,,,,
9837,GUARDIA VIEJA,GUARDIA VIEJA,Balvanera,3.0,CALLE,132.176143891396,"LINESTRING (-58.41144031649308 -34.60288982300115, -58.41280646422018 -34.60251102412073)",descartado,0.0,,,,,
9847,12 DE OCTUBRE,12 DE OCTUBRE,Paternal,15.0,CALLE,155.2053132635232,"LINESTRING (-58.47031020468491 -34.601541818933235, -58.470434155750056 -34.602937114619834)",descartado,0.0,,,,,
9850,VERA,VERA,Villa Crespo,15.0,CALLE,91.3994712222869,"LINESTRING (-58.43386732347795 -34.602935252215204, -58.43451064177997 -34.60230610043873)",descartado,0.0,,,,,
9851,NUEVA YORK,NUEVA YORK,Villa Devoto,11.0,CALLE,77.28730827351853,"LINESTRING (-58.51558854378215 -34.60255139548334, -58.51620096581086 -34.602929235745464, -58.516279321924145 -34.60293215953912)",descartado,0.0,,,,,
9872,CORRIENTES AV.,CORRIENTES,Almagro,5.0,AVENIDA,142.6878954345316,"LINESTRING (-58.42256050794887 -34.60301517117374, -58.424104927026704 -34.60286187193771)",descartado,0.0,,,,,
9881,CORRIENTES AV.,CORRIENTES,San Nicolas,1.0,AVENIDA,99.39318926344374,"LINESTRING (-58.36901515496271 -34.60290758538501, -58.369187175847856 -34.60292328179558, -58.369935385549425 -34.60298864628346, -58.37009315456111 -34.602996991948196)",descartado,0.0,,,,,
9895,CORRIENTES AV.,CORRIENTES,San Nicolas,1.0,AVENIDA,63.0848721970362,"LINESTRING (-58.3704125010713 -34.603013905923156, -58.37061924196509 -34.60302487238801, -58.37109827562857 -34.60305643294922)",descartado,0.0,,,,,
9896,25 DE MAYO,25 DE MAYO,San Nicolas,1.0,CALLE,123.7747857190396,"LINESTRING (-58.37109827562857 -34.60305643294922, -58.371173052473516 -34.60205422120949, -58.37118135148812 -34.60194281738015)",descartado,0.0,,,,,
9912,CORRIENTES AV.,CORRIENTES,San Nicolas,1.0,AVENIDA,125.7464920587406,"LINESTRING (-58.37109827562857 -34.60305643294922, -58.371278477592774 -34.6030682592975, -58.37246477984885 -34.60314633243528)",descartado,0.0,,,,,
9915,CORRIENTES AV.,CORRIENTES,Almagro,5.0,AVENIDA,148.1813006714448,"LINESTRING (-58.420956632980094 -34.60317441624162, -58.42256050794887 -34.60301517117374)",descartado,0.0,,,,,
9917,BOULOGNE SUR MER,BOULOGNE SUR MER,Balvanera,3.0,CALLE,164.2264681071484,"LINESTRING (-58.406321038552456 -34.60317155811262, -58.406262001473976 -34.60294540040604, -58.40593162242052 -34.601726635706136)",descartado,0.0,,,,,
9934,CORRIENTES AV.,CORRIENTES,San Nicolas,1.0,AVENIDA,127.775377493204,"LINESTRING (-58.37246477984885 -34.60314633243528, -58.372579322419064 -34.60315388255073, -58.37385386107077 -34.60323200775726)",descartado,0.0,,,,,
9937,"PAZ, GRAL. AV.",GRAL. AV. PAZ,Villa Devoto,11.0,AVENIDA,44.14195102939545,"LINESTRING (-58.52449447390615 -34.60288254064843, -58.524664486774014 -34.60325478473333)",descartado,0.0,,,,,
9952,"SAENZ PEÑA, ROQUE, PRES. DIAGONAL NORTE AV.","ROQUE, PRES. DIAGONAL NORTE AV. SAENZ PENA",San Nicolas,1.0,AVENIDA,165.0257381813272,"LINESTRING (-58.38223281745118 -34.6033573942359, -58.38380162717639 -34.60262930821323)",descartado,0.0,,,,,
9954,CORRIENTES AV.,CORRIENTES,Almagro,5.0,AVENIDA,133.4494158155721,"LINESTRING (-58.419512449510705 -34.60331947206896, -58.42074762029649 -34.60319518891028, -58.420956632980094 -34.60317441624162)",descartado,0.0,,,,,
9957,CORRIENTES AV.,CORRIENTES,San Nicolas,1.0,AVENIDA,125.6950259915184,"LINESTRING (-58.37385386107077 -34.60323200775726, -58.375220377674225 -34.60331574954359)",descartado,0.0,,,,,
9958,FLORIDA,FLORIDA,San Nicolas,1.0,CALLE,121.5123587833676,"LINESTRING (-58.375220377674225 -34.60331574954359, -58.375263725609905 -34.6023497103248, -58.375270333912184 -34.60222119206977)",descartado,0.0,,,,,
9971,PASO,PASO,Balvanera,3.0,CALLE,160.4461952254606,"LINESTRING (-58.403625649056686 -34.60340316042403, -58.40359167986319 -34.60195713632234)",descartado,0.0,,,,,
9976,CORRIENTES AV.,CORRIENTES,San Nicolas,1.0,AVENIDA,132.6672406259774,"LINESTRING (-58.375220377674225 -34.60331574954359, -58.37666269180612 -34.603404177825354)",descartado,0.0,,,,,
9986,CORRIENTES AV.,CORRIENTES,Almagro,5.0,AVENIDA,136.625754510766,"LINESTRING (-58.41803393618888 -34.6034683009398, -58.419512449510705 -34.60331947206896)",descartado,0.0,,,,,
10004,CORRIENTES AV.,CORRIENTES,San Nicolas,1.0,AVENIDA,129.9013872819858,"LINESTRING (-58.37666269180612 -34.603404177825354, -58.37807494661316 -34.60349066663076)",descartado,0.0,,,,,
10031,CORRIENTES AV.,CORRIENTES,San Nicolas,1.0,AVENIDA,128.7814774755224,"LINESTRING (-58.37807494661316 -34.60349066663076, -58.37947502603063 -34.603576426491614)",descartado,0.0,,,,,
10034,CORRIENTES AV.,CORRIENTES,Almagro,5.0,AVENIDA,118.7520764431506,"LINESTRING (-58.41674884583653 -34.60359767850516, -58.41803393618888 -34.6034683009398)",descartado,0.0,,,,,
10043,CORRIENTES AV.,CORRIENTES,San Nicolas,1.0,AVENIDA,138.3308343546735,"LINESTRING (-58.37947502603063 -34.603576426491614, -58.38097892231629 -34.603668578495856)",descartado,0.0,,,,,
10045,CORRIENTES AV.,CORRIENTES,San Nicolas,1.0,AVENIDA,15.69036723170947,"LINESTRING (-58.38097892231629 -34.603668578495856, -58.38114992577926 -34.603671854906445)",descartado,0.0,,,,,
10046,9 DE JULIO AV.,9 DE JULIO,San Nicolas,1.0,AVENIDA,92.6815820105869,"LINESTRING (-58.38114992577926 -34.603671854906445, -58.38117182285258 -34.603176224927005, -58.38124753394441 -34.60297699564558, -58.3813237956677 -34.60286256313408)",descartado,0.0,,,,,
10060,9 DE JULIO AV.,9 DE JULIO,San Nicolas,1.0,AVENIDA,62.21790181348987,"LINESTRING (-58.38206076522625 -34.6037363737301, -58.38207406339157 -34.603441679344485, -58.3820772048888 -34.603175746046574)",descartado,0.0,,,,,
10061,CORRIENTES AV.,CORRIENTES,San Nicolas,1.0,AVENIDA,13.62649706817776,"LINESTRING (-58.38206076522625 -34.6037363737301, -58.38220928185864 -34.60373898087009)",descartado,0.0,,,,,
10065,NUEVA YORK,NUEVA YORK,Villa Devoto,11.0,CALLE,147.861056900721,"LINESTRING (-58.516279321924145 -34.60293215953912, -58.51754417324093 -34.60375837661945)",descartado,0.0,,,,,
10066,"PAZ, MARCOS",MARCOS PAZ,Villa Devoto,11.0,CALLE,92.39280612958994,"LINESTRING (-58.51754417324093 -34.60375837661945, -58.518051238469496 -34.60319645167761, -58.518146888194906 -34.60309109653536)",descartado,0.0,,,,,
10072,CORRIENTES AV.,CORRIENTES,Almagro,5.0,AVENIDA,102.1933845723286,"LINESTRING (-58.41566308698492 -34.60380402306387, -58.41674884583653 -34.60359767850516)",descartado,0.0,,,,,
10081,CORRIENTES AV.,CORRIENTES,San Nicolas,1.0,AVENIDA,138.480436719811,"LINESTRING (-58.38220928185864 -34.60373898087009, -58.38371514660011 -34.60382736801033)",descartado,0.0,,,,,
10082,LIBERTAD,LIBERTAD,San Nicolas,1.0,CALLE,133.1877633106266,"LINESTRING (-58.38371514660011 -34.60382736801033, -58.38371606750073 -34.603665535264135, -58.38377560788181 -34.60285337907142, -58.38380162717639 -34.60262930821323)",descartado,0.0,,,,,
10083,CORRIENTES AV.,CORRIENTES,San Nicolas,1.0,AVENIDA,109.0506543928065,"LINESTRING (-58.38095973776205 -34.60403568356746, -58.38128509572797 -34.60386455562741, -58.38184058689542 -34.6038268351546, -58.38206076522625 -34.6037363737301)",descartado,0.0,,,,,
10087,"PAZ, GRAL. AV.",GRAL. AV. PAZ,Villa Devoto,11.0,AVENIDA,72.57749427420256,"LINESTRING (-58.524664486774014 -34.60325478473333, -58.52495263455563 -34.60386408509093)",descartado,0.0,,,,,
10099,CORRIENTES AV.,CORRIENTES,San Nicolas,1.0,AVENIDA,130.6877862736303,"LINESTRING (-58.38371514660011 -34.60382736801033, -58.385136276420454 -34.60391075266488)",descartado,0.0,,,,,
10113,CORRIENTES AV.,CORRIENTES,San Nicolas,1.0,AVENIDA,127.7900339721019,"LINESTRING (-58.385136276420454 -34.60391075266488, -58.386345776279285 -34.60398166335405, -58.38652589838241 -34.60399226993417)",descartado,0.0,,,,,
10114,CORRIENTES AV.,CORRIENTES,San Nicolas,1.0,AVENIDA,6.325544418648228,"LINESTRING (-58.38652589838241 -34.60399226993417, -58.38659453936207 -34.603997735719425)",descartado,0.0,,,,,
10117,CORRIENTES AV.,CORRIENTES,Almagro,5.0,AVENIDA,107.7483527274593,"LINESTRING (-58.41451642455954 -34.60401469987806, -58.41566308698492 -34.60380402306387)",descartado,0.0,,,,,
10132,CORRIENTES AV.,CORRIENTES,Balvanera,3.0,AVENIDA,128.3890665138661,"LINESTRING (-58.41034706273563 -34.60402951119841, -58.410477714170646 -34.604025553686014, -58.41158734660618 -34.60407673399261, -58.41174473497328 -34.60408264575259)",descartado,0.0,,,,,
10147,CORRIENTES AV.,CORRIENTES,San Nicolas,1.0,AVENIDA,120.7760575408239,"LINESTRING (-58.38659453936207 -34.603997735719425, -58.38790510672277 -34.604102286485826)",descartado,0.0,,,,,
10152,CORRIENTES AV.,CORRIENTES,Balvanera,3.0,AVENIDA,131.5418121793817,"LINESTRING (-58.40891736152724 -34.60411824986078, -58.40918565837051 -34.6040953406396, -58.410088655567414 -34.604037427066295, -58.41034706273563 -34.60402951119841)",descartado,0.0,,,,,
10153,CORRIENTES AV.,CORRIENTES,Balvanera,3.0,AVENIDA,132.3367409125319,"LINESTRING (-58.41174473497328 -34.60408264575259, -58.413185929676175 -34.604136838533826)",descartado,0.0,,,,,
10156,CORRIENTES AV.,CORRIENTES,Almagro,5.0,AVENIDA,123.066427704458,"LINESTRING (-58.413185929676175 -34.604136838533826, -58.41334774692832 -34.60414296131577, -58.414358760121324 -34.604043721675446, -58.41451642455954 -34.60401469987806)",descartado,0.0,,,,,
10170,CORRIENTES AV.,CORRIENTES,San Nicolas,1.0,AVENIDA,137.2802435972157,"LINESTRING (-58.38790510672277 -34.604102286485826, -58.38923058376845 -34.604204789944355, -58.389395118444014 -34.60421805892092)",descartado,0.0,,,,,
10175,CORRIENTES AV.,CORRIENTES,Balvanera,3.0,AVENIDA,102.3302233221332,"LINESTRING (-58.407814673083486 -34.604256699106244, -58.408743351785766 -34.60413310197648, -58.40891736152724 -34.60411824986078)",descartado,0.0,,,,,
10179,25 DE MAYO,25 DE MAYO,San Nicolas,1.0,CALLE,132.2468789715425,"LINESTRING (-58.37101622003 -34.6042465994247, -58.37108392480995 -34.603249100967446, -58.37109827562857 -34.60305643294922)",descartado,0.0,,,,,
10199,CORRIENTES AV.,CORRIENTES,San Nicolas,1.0,AVENIDA,131.58963703778,"LINESTRING (-58.389395118444014 -34.60421805892092, -58.39082287618787 -34.6043332832326)",descartado,0.0,,,,,
10214,BOULOGNE SUR MER,BOULOGNE SUR MER,Balvanera,3.0,CALLE,140.8229756484171,"LINESTRING (-58.40664511150247 -34.60441236112221, -58.406321038552456 -34.60317155811262)",descartado,0.0,,,,,
10215,CORRIENTES AV.,CORRIENTES,Balvanera,3.0,AVENIDA,108.663951267404,"LINESTRING (-58.40664511150247 -34.60441236112221, -58.407814673083486 -34.604256699106244)",descartado,0.0,,,,,
10220,"SAENZ PEÑA, ROQUE, PRES. DIAGONAL NORTE AV.","ROQUE, PRES. DIAGONAL NORTE AV. SAENZ PENA",San Nicolas,1.0,AVENIDA,70.54567108864813,"LINESTRING (-58.3803354219688 -34.60440702660387, -58.38095973776205 -34.60403568356746)",descartado,0.0,,,,,
10223,CORRIENTES AV.,CORRIENTES,San Nicolas,1.0,AVENIDA,135.0215696657225,"LINESTRING (-58.39082287618787 -34.6043332832326, -58.39228965665492 -34.60443527392531)",descartado,0.0,,,,,
10226,"PAZ, MARCOS",MARCOS PAZ,Villa Devoto,11.0,CALLE,95.11580368068242,"LINESTRING (-58.51692407715164 -34.6044455622385, -58.51754417324093 -34.60375837661945)",descartado,0.0,,,,,
10231,CORRIENTES AV.,CORRIENTES,Balvanera,3.0,AVENIDA,118.341113724072,"LINESTRING (-58.39228965665492 -34.60443527392531, -58.393579526817255 -34.604456018084335)",descartado,0.0,,,,,
10233,CORRIENTES AV.,CORRIENTES,Balvanera,3.0,AVENIDA,25.81275854806688,"LINESTRING (-58.393579526817255 -34.604456018084335, -58.39369050084689 -34.60445777161145, -58.39386083586723 -34.60446188281242)",descartado,0.0,,,,,
10235,9 DE JULIO AV.,9 DE JULIO,San Nicolas,1.0,AVENIDA,89.3312689960477,"LINESTRING (-58.38120413697637 -34.6044727351032, -58.38115081333343 -34.60425250564627, -58.38114992577926 -34.603671854906445)",descartado,0.0,,,,,
10240,9 DE JULIO AV.,9 DE JULIO,San Nicolas,1.0,AVENIDA,83.92554279274736,"LINESTRING (-58.38188845725185 -34.604475428537036, -58.38197624543979 -34.604279044889566, -58.38201600384795 -34.604022803132295, -58.38206076522625 -34.6037363737301)",descartado,0.0,,,,,
10243,CORRIENTES AV.,CORRIENTES,Balvanera,3.0,AVENIDA,131.3022301038735,"LINESTRING (-58.39386083586723 -34.60446188281242, -58.39529165099295 -34.60449606948021)",descartado,0.0,,,,,
10255,CORRIENTES AV.,CORRIENTES,Balvanera,3.0,AVENIDA,136.8319512145886,"LINESTRING (-58.39529165099295 -34.60449606948021, -58.3966154967561 -34.60452764570632, -58.39678267996527 -34.604532807459215)",descartado,0.0,,,,,
10258,NUEVA YORK,NUEVA YORK,Villa Devoto,11.0,CALLE,145.0065989756995,"LINESTRING (-58.51754417324093 -34.60375837661945, -58.51770128722152 -34.603855350356376, -58.51881140454175 -34.60453978999243)",descartado,0.0,,,,,
10263,CORRIENTES AV.,CORRIENTES,Balvanera,3.0,AVENIDA,108.8861745622217,"LINESTRING (-58.40547222748421 -34.60456293984988, -58.40564717760439 -34.604545135055666, -58.40664511150247 -34.60441236112221)",descartado,0.0,,,,,
10271,FLORIDA,FLORIDA,San Nicolas,1.0,CALLE,138.5238746494256,"LINESTRING (-58.375165744159 -34.60456361548502, -58.37521087150606 -34.60352680209303, -58.375220377674225 -34.60331574954359)",descartado,0.0,,,,,
10272,CORRIENTES AV.,CORRIENTES,Balvanera,3.0,AVENIDA,132.1235645282261,"LINESTRING (-58.39678267996527 -34.604532807459215, -58.398048094760696 -34.604572012441906, -58.39822191948896 -34.60457957017559)",descartado,0.0,,,,,
10284,CORRIENTES AV.,CORRIENTES,Balvanera,3.0,AVENIDA,115.8056003342236,"LINESTRING (-58.39822191948896 -34.60457957017559, -58.39948263925824 -34.60463460307796)",descartado,0.0,,,,,
10288,"PAZ, GRAL. AV.",GRAL. AV. PAZ,Villa Devoto,11.0,AVENIDA,93.80926674104593,"LINESTRING (-58.52495263455563 -34.60386408509093, -58.525324129655026 -34.60465193651943)",descartado,0.0,,,,,
10291,CORRIENTES AV.,CORRIENTES,Balvanera,3.0,AVENIDA,91.43985792310106,"LINESTRING (-58.40448282956744 -34.60466352473217, -58.40547222748421 -34.60456293984988)",descartado,0.0,,,,,
10300,CORRIENTES AV.,CORRIENTES,Balvanera,3.0,AVENIDA,124.4864051948147,"LINESTRING (-58.39948263925824 -34.60463460307796, -58.399627081781915 -34.604640875814304, -58.400633762204286 -34.60467020023521, -58.400838846662666 -34.604674953349395)",descartado,0.0,,,,,
10310,CORRIENTES AV.,CORRIENTES,Balvanera,3.0,AVENIDA,119.4246458964016,"LINESTRING (-58.400838846662666 -34.604674953349395, -58.40120157712025 -34.60468330763226, -58.402139952467124 -34.60471293696164)",descartado,0.0,,,,,
10314,CORRIENTES AV.,CORRIENTES,Balvanera,3.0,AVENIDA,137.0744568942698,"LINESTRING (-58.402139952467124 -34.60471293696164, -58.403633628515244 -34.60474987424446)",descartado,0.0,,,,,
10315,PASO,PASO,Balvanera,3.0,CALLE,149.4348724463187,"LINESTRING (-58.403633628515244 -34.60474987424446, -58.4036439634768 -34.60458959526962, -58.403625649056686 -34.60340316042403)",descartado,0.0,,,,,
10316,CORRIENTES AV.,CORRIENTES,Balvanera,3.0,AVENIDA,78.48305604192494,"LINESTRING (-58.403633628515244 -34.60474987424446, -58.40448282956744 -34.60466352473217)",descartado,0.0,,,,,
10336,"SAENZ PEÑA, ROQUE, PRES. DIAGONAL NORTE AV.","ROQUE, PRES. DIAGONAL NORTE AV. SAENZ PENA",San Nicolas,1.0,AVENIDA,90.5779689871938,"LINESTRING (-58.37950177249902 -34.60484463223439, -58.3803354219688 -34.60440702660387)",descartado,0.0,,,,,
10349,"SAENZ PEÑA, ROQUE, PRES. DIAGONAL NORTE AV.","ROQUE, PRES. DIAGONAL NORTE AV. SAENZ PENA",San Nicolas,1.0,AVENIDA,12.91497227217142,"LINESTRING (-58.37938289814335 -34.60490701622003, -58.37950177249902 -34.60484463223439)",descartado,0.0,,,,,
10367,9 DE JULIO AV.,9 DE JULIO,San Nicolas,1.0,AVENIDA,56.55886297982116,"LINESTRING (-58.38134615294569 -34.60496277589692, -58.381307276184685 -34.60466503452287, -58.38120413697637 -34.6044727351032)",descartado,0.0,,,,,
10368,9 DE JULIO AV.,9 DE JULIO,San Nicolas,1.0,AVENIDA,58.36999101611239,"LINESTRING (-58.38175866392757 -34.604989209095734, -58.381818079138505 -34.604666641047565, -58.38188845725185 -34.604475428537036)",descartado,0.0,,,,,
10400,LIBERTAD,LIBERTAD,San Nicolas,1.0,CALLE,141.4268682463214,"LINESTRING (-58.38362373786769 -34.605099721132014, -58.38371432188217 -34.603977651351144, -58.38371514660011 -34.60382736801033)",descartado,0.0,,,,,
10410,"PAZ, MARCOS",MARCOS PAZ,Villa Devoto,11.0,CALLE,95.06122364720915,"LINESTRING (-58.51630473728923 -34.60513260345759, -58.51682739363178 -34.6045526485139, -58.51692407715164 -34.6044455622385)",descartado,0.0,,,,,
10453,NUEVA YORK,NUEVA YORK,Villa Devoto,11.0,CALLE,144.9128655741891,"LINESTRING (-58.51881140454175 -34.60453978999243, -58.51995851939034 -34.60524708992322, -58.52007789266058 -34.60532062704869)",descartado,0.0,,,,,
10478,BOULOGNE SUR MER,BOULOGNE SUR MER,Balvanera,3.0,CALLE,114.5570946751492,"LINESTRING (-58.40695155537945 -34.60541343310409, -58.40664511150247 -34.60441236112221)",descartado,0.0,,,,,
10484,25 DE MAYO,25 DE MAYO,San Nicolas,1.0,CALLE,128.3261721561007,"LINESTRING (-58.370935138065924 -34.60540141373214, -58.371008081936864 -34.604366102029765, -58.37101622003 -34.6042465994247)",descartado,0.0,,,,,
10529,PASO,PASO,Balvanera,3.0,CALLE,95.9432330483206,"LINESTRING (-58.40358182326644 -34.60561366424484, -58.40362398278018 -34.60489909705237, -58.403633628515244 -34.60474987424446)",descartado,0.0,,,,,
10544,"SAENZ PEÑA, ROQUE, PRES. DIAGONAL NORTE AV.","ROQUE, PRES. DIAGONAL NORTE AV. SAENZ PENA",San Nicolas,1.0,AVENIDA,154.472146662255,"LINESTRING (-58.37796116393722 -34.60565329430446, -58.37938289814335 -34.60490701622003)",descartado,0.0,,,,,
10555,FLORIDA,FLORIDA,San Nicolas,1.0,CALLE,129.494687767307,"LINESTRING (-58.375105914689506 -34.605729856512944, -58.3751610305086 -34.604671993918934, -58.375165744159 -34.60456361548502)",descartado,0.0,,,,,
10580,"PAZ, MARCOS",MARCOS PAZ,Villa Devoto,11.0,CALLE,102.2534659461428,"LINESTRING (-58.515638661223186 -34.605871704522094, -58.51630473728923 -34.60513260345759)",descartado,0.0,,,,,
10590,"SAENZ PEÑA, ROQUE, PRES. DIAGONAL NORTE AV.","ROQUE, PRES. DIAGONAL NORTE AV. SAENZ PENA",San Nicolas,1.0,AVENIDA,48.80114566124229,"LINESTRING (-58.37751198815631 -34.605889039000395, -58.37796116393722 -34.60565329430446)",descartado,0.0,,,,,
10652,NUEVA YORK,NUEVA YORK,Villa Devoto,11.0,CALLE,145.1051883399928,"LINESTRING (-58.52007789266058 -34.60532062704869, -58.52134644902285 -34.60610208367402)",descartado,0.0,,,,,
10687,LIBERTAD,LIBERTAD,San Nicolas,1.0,CALLE,125.9985450219254,"LINESTRING (-58.38358509308802 -34.60623499378224, -58.38361822228776 -34.60516746498181, -58.38362373786769 -34.605099721132014)",descartado,0.0,,,,,
10703,PASO,PASO,Balvanera,3.0,CALLE,84.56638593889357,"LINESTRING (-58.40353698916455 -34.60637506168417, -58.40358182326644 -34.60561366424484)",descartado,0.0,,,,,
10718,"SAENZ PEÑA, ROQUE, PRES. DIAGONAL NORTE AV.","ROQUE, PRES. DIAGONAL NORTE AV. SAENZ PENA",San Nicolas,1.0,AVENIDA,109.2541955918186,"LINESTRING (-58.37650625493935 -34.606416645032965, -58.376728672590154 -34.606300252111076, -58.37751198815631 -34.605889039000395)",descartado,0.0,,,,,
10762,25 DE MAYO,25 DE MAYO,San Nicolas,1.0,CALLE,128.9805475545405,"LINESTRING (-58.370871591767205 -34.60656286086031, -58.37087572091266 -34.60644905957654, -58.37092743682067 -34.60551077565075, -58.370935138065924 -34.60540141373214)",descartado,0.0,,,,,
10771,"PAZ, MARCOS",MARCOS PAZ,Villa Devoto,11.0,CALLE,102.3078974276989,"LINESTRING (-58.51497078445278 -34.6066103096637, -58.51555108154122 -34.60596899698343, -58.515638661223186 -34.605871704522094)",descartado,0.0,,,,,
10778,BOULOGNE SUR MER,BOULOGNE SUR MER,Balvanera,3.0,CALLE,139.7695947232307,"LINESTRING (-58.40732548471067 -34.60663481997498, -58.40695155537945 -34.60541343310409)",descartado,0.0,,,,,
10795,INCA,INCA,Almagro,5.0,PASAJE,132.0902107894044,"LINESTRING (-58.4199197541006 -34.60669952613826, -58.42135975362042 -34.606690452024026)",descartado,0.0,,,,,
10821,NUEVA YORK,NUEVA YORK,Villa Devoto,11.0,CALLE,124.3332496001077,"LINESTRING (-58.52134644902285 -34.60610208367402, -58.52243344892622 -34.60677164170022)",descartado,0.0,,,,,
10844,FLORIDA,FLORIDA,San Nicolas,1.0,CALLE,126.1264705245599,"LINESTRING (-58.37504023915641 -34.60686538840213, -58.37505357806333 -34.60673560750025, -58.375105914689506 -34.605729856512944)",descartado,0.0,,,,,
10855,"SAENZ PEÑA, ROQUE, PRES. DIAGONAL NORTE AV.","ROQUE, PRES. DIAGONAL NORTE AV. SAENZ PENA",San Nicolas,1.0,AVENIDA,100.1579456204215,"LINESTRING (-58.375583683597874 -34.60689958359953, -58.37650625493935 -34.606416645032965)",descartado,0.0,,,,,
10914,FLORIDA,FLORIDA,San Nicolas,1.0,CALLE,37.4904976507024,"LINESTRING (-58.37500572887649 -34.60720212870015, -58.37504023915641 -34.60686538840213)",descartado,0.0,,,,,
10915,"SAENZ PEÑA, ROQUE, PRES. DIAGONAL NORTE AV.","ROQUE, PRES. DIAGONAL NORTE AV. SAENZ PENA",San Nicolas,1.0,AVENIDA,62.74499247297344,"LINESTRING (-58.37500572887649 -34.60720212870015, -58.375583683597874 -34.60689958359953)",descartado,0.0,,,,,
10927,25 DE MAYO,25 DE MAYO,San Nicolas,1.0,CALLE,112.1231983130227,"LINESTRING (-58.37083845553195 -34.607571375112386, -58.37086680779586 -34.60743000389693, -58.37085812590927 -34.60726778122608, -58.370868340700206 -34.606652859657146, -58.370871591767205 -34.60656286086031)",descartado,0.0,,,,,
10964,"PAZ, MARCOS",MARCOS PAZ,Villa Devoto,11.0,CALLE,106.9394506799785,"LINESTRING (-58.514273276603326 -34.6073827267447, -58.51439379791152 -34.60724795611021, -58.51497078445278 -34.6066103096637)",descartado,0.0,,,,,
10969,NUEVA YORK,NUEVA YORK,Villa Devoto,11.0,CALLE,107.9119844919609,"LINESTRING (-58.52243344892622 -34.60677164170022, -58.523334588558264 -34.60739698515235)",descartado,0.0,,,,,
10983,LIBERTAD,LIBERTAD,San Nicolas,1.0,CALLE,133.9150485642489,"LINESTRING (-58.38351248142028 -34.60744059709563, -58.383515694022336 -34.607376584216794, -58.38358140364758 -34.60635245782466, -58.38358509308802 -34.60623499378224)",descartado,0.0,,,,,
10997,PASO,PASO,Balvanera,3.0,CALLE,127.8740866641168,"LINESTRING (-58.40346921880614 -34.60752638285998, -58.40353698916455 -34.60637506168417)",descartado,0.0,,,,,
11063,"SAENZ PEÑA, ROQUE, PRES. DIAGONAL NORTE AV.","ROQUE, PRES. DIAGONAL NORTE AV. SAENZ PENA",San Nicolas,1.0,AVENIDA,154.6454166325643,"LINESTRING (-58.37357498279493 -34.60793954586973, -58.37500572887649 -34.60720212870015)",descartado,0.0,,,,,
11082,BOULOGNE SUR MER,BOULOGNE SUR MER,Balvanera,3.0,CALLE,137.618992579835,"LINESTRING (-58.40769373093466 -34.60783739978765, -58.40732548471067 -34.60663481997498)",descartado,0.0,,,,,
11123,FLORIDA,FLORIDA,San Nicolas,1.0,CALLE,92.03145220775411,"LINESTRING (-58.37495598774088 -34.60803069907871, -58.37500572887649 -34.60720212870015)",descartado,0.0,,,,,
11127,NUEVA YORK,NUEVA YORK,Villa Devoto,11.0,CALLE,115.4782356065241,"LINESTRING (-58.523334588558264 -34.60739698515235, -58.52430552554938 -34.608059611464505)",descartado,0.0,,,,,
11135,"PAZ, GRAL. AV.",GRAL. AV. PAZ,Villa Devoto,11.0,AVENIDA,108.5331520757318,"LINESTRING (-58.525324129655026 -34.60465193651943, -58.5257555603054 -34.605562921113574)",descartado,0.0,,,,,
11180,"PAZ, MARCOS",MARCOS PAZ,Villa Devoto,11.0,CALLE,128.8163671021541,"LINESTRING (-58.51343489016918 -34.60831428445955, -58.514183055550184 -34.607483540481496, -58.514273276603326 -34.6073827267447)",descartado,0.0,,,,,
11253,LIBERTAD,LIBERTAD,San Nicolas,1.0,CALLE,126.1176414366798,"LINESTRING (-58.38346795607179 -34.608576851352026, -58.38351248142028 -34.60744059709563)",descartado,0.0,,,,,
11260,DE MAYO AV.,DE MAYO,Monserrat,1.0,AVENIDA,131.2223577956217,"LINESTRING (-58.37350810209254 -34.60851203975447, -58.3749344890699 -34.60860287113681)",descartado,0.0,,,,,
11261,PERU,PERU,Monserrat,1.0,CALLE,63.44589360746038,"LINESTRING (-58.37498560040767 -34.60803290030367, -58.37496709413235 -34.608377046576585, -58.3749344890699 -34.60860287113681)",descartado,0.0,,,,,
11281,KING,K,Almagro,5.0,PASAJE,155.9616896537673,"LINESTRING (-58.42703011591805 -34.60868729776404, -58.427036007901364 -34.60728143453273)",descartado,0.0,,,,,
11287,PASO,PASO,Balvanera,3.0,CALLE,130.1115117492019,"LINESTRING (-58.40340015448598 -34.608697844268825, -58.40346921880614 -34.60752638285998)",descartado,0.0,,,,,
11293,DE MAYO AV.,DE MAYO,Monserrat,1.0,AVENIDA,132.2842382781762,"LINESTRING (-58.3749344890699 -34.60860287113681, -58.37516963713161 -34.608617830154806, -58.37637168763415 -34.60870193309749)",descartado,0.0,,,,,
11324,DE MAYO AV.,DE MAYO,Monserrat,1.0,AVENIDA,130.1017822719985,"LINESTRING (-58.37637168763415 -34.60870193309749, -58.37778504126224 -34.608800750148376)",descartado,0.0,,,,,
11341,"PAZ, GRAL. AV.",GRAL. AV. PAZ,Villa Devoto,11.0,AVENIDA,94.64684177274547,"LINESTRING (-58.52696286348447 -34.60809698676209, -58.52732971927477 -34.60889441153081)",descartado,0.0,,,,,
11345,DE MAYO AV.,DE MAYO,Monserrat,1.0,AVENIDA,129.451042891093,"LINESTRING (-58.37778504126224 -34.608800750148376, -58.37919132935523 -34.60889905299253)",descartado,0.0,,,,,
11363,DE MAYO AV.,DE MAYO,Monserrat,1.0,AVENIDA,137.5428551458185,"LINESTRING (-58.37919132935523 -34.60889905299253, -58.37944606615244 -34.60891683421136, -58.380685686031605 -34.6090019063979)",descartado,0.0,,,,,
11379,NUEVA YORK,NUEVA YORK,Villa Devoto,11.0,CALLE,172.7863037016945,"LINESTRING (-58.52430552554938 -34.608059611464505, -58.525758465873345 -34.60905093239741)",descartado,0.0,,,,,
11382,DE MAYO AV.,DE MAYO,Monserrat,1.0,AVENIDA,37.29367197524324,"LINESTRING (-58.380685686031605 -34.6090019063979, -58.381090378214815 -34.609034306717504)",descartado,0.0,,,,,
11386,NIZA,NIZA,Villa Gral. Mitre,11.0,PASAJE,163.4516920006508,"LINESTRING (-58.46483679269018 -34.60907662825342, -58.46578048299644 -34.60782680628996)",descartado,0.0,,,,,
11395,DE MAYO AV.,DE MAYO,Monserrat,1.0,AVENIDA,36.99114057169987,"LINESTRING (-58.381542009623 -34.609063850489754, -58.38194421583128 -34.60908824622415)",descartado,0.0,,,,,
11396,LIMA,LIMA,Monserrat,1.0,CALLE,70.05997926817506,"LINESTRING (-58.38197430130518 -34.608457201269935, -58.38194421583128 -34.60908824622415)",descartado,0.0,,,,,
11411,"PAZ, MARCOS",MARCOS PAZ,Villa Devoto,11.0,CALLE,118.141125076263,"LINESTRING (-58.51266560057624 -34.609168412898654, -58.51343489016918 -34.60831428445955)",descartado,0.0,,,,,
11421,DE MAYO AV.,DE MAYO,Monserrat,1.0,AVENIDA,137.837430409156,"LINESTRING (-58.38194421583128 -34.60908824622415, -58.38344181610724 -34.609190927189616)",descartado,0.0,,,,,
11426,PERU,PERU,Monserrat,1.0,CALLE,65.40383659917345,"LINESTRING (-58.3749344890699 -34.60860287113681, -58.374913981739965 -34.608745252598794, -58.374895281971604 -34.60919116062912)",descartado,0.0,,,,,
11451,DE MAYO AV.,DE MAYO,Monserrat,1.0,AVENIDA,129.1053171563103,"LINESTRING (-58.38344181610724 -34.609190927189616, -58.38484454218628 -34.60928712026333)",descartado,0.0,,,,,
11472,DE MAYO AV.,DE MAYO,Monserrat,1.0,AVENIDA,130.0934234440626,"LINESTRING (-58.38484454218628 -34.60928712026333, -58.38625800276547 -34.60938407864778)",descartado,0.0,,,,,
11494,DE MAYO AV.,DE MAYO,Monserrat,1.0,AVENIDA,95.0767630857904,"LINESTRING (-58.38625800276547 -34.60938407864778, -58.387291016691165 -34.609454868387296)",descartado,0.0,,,,,
11496,DE MAYO AV.,DE MAYO,Monserrat,1.0,AVENIDA,125.7225209891213,"LINESTRING (-58.387291016691165 -34.609454868387296, -58.38749415803196 -34.609454220115644, -58.38771998884636 -34.60941703576754, -58.38787915379215 -34.60935135871429, -58.38803623088611 -34.60923941192431, -58.388195417629326 -34.609148874973236, -58.38838686423997 -34.6090813861107, -58.38851102593639 -34.60901082750954)",descartado,0.0,,,,,
11552,LIMA,LIMA,Monserrat,1.0,CALLE,65.42881630306863,"LINESTRING (-58.38194421583128 -34.60908824622415, -58.381933078823224 -34.609328875890284, -58.38191689615712 -34.609677602242414)",descartado,0.0,,,,,
11553,"PAZ, GRAL. AV.",GRAL. AV. PAZ,Villa Devoto,11.0,AVENIDA,95.39925130357695,"LINESTRING (-58.52732971927477 -34.60889441153081, -58.52770374061217 -34.6096968313738)",descartado,0.0,,,,,
11572,NUEVA YORK,NUEVA YORK,Villa Devoto,11.0,CALLE,127.7979104155942,"LINESTRING (-58.525758465873345 -34.60905093239741, -58.52683306748514 -34.60978419047549)",descartado,0.0,,,,,
11626,PASO,PASO,Balvanera,3.0,CALLE,141.6902657369118,"LINESTRING (-58.403326073070076 -34.60997360015068, -58.40340015448598 -34.608697844268825)",descartado,0.0,,,,,
11642,NUEVA YORK,NUEVA YORK,Villa Devoto,11.0,CALLE,48.55540211674017,"LINESTRING (-58.52683306748514 -34.60978419047549, -58.52724135287819 -34.610062783816396)",descartado,0.0,,,,,
11670,"PAZ, MARCOS",MARCOS PAZ,Villa Devoto,11.0,CALLE,135.2630685409346,"LINESTRING (-58.51178478804896 -34.61014631484117, -58.51266560057624 -34.609168412898654)",descartado,0.0,,,,,
11698,PERU,PERU,Monserrat,1.0,CALLE,117.1676228413267,"LINESTRING (-58.374895281971604 -34.60919116062912, -58.374863913083814 -34.60993755645907, -58.37485421594207 -34.61024677894443)",descartado,0.0,,,,,
11705,"ROCA, JULIO A., PRESIDENTE DIAGONAL SUR AV.","JULIO A., PRESIDENTE DIAGONAL SUR AV. ROCA",Monserrat,1.0,AVENIDA,175.6381189718384,"LINESTRING (-58.373504839273494 -34.60909021426581, -58.37478545785064 -34.6102672927362)",descartado,0.0,,,,,
11706,"ROCA, JULIO A., PRESIDENTE DIAGONAL SUR AV.","JULIO A., PRESIDENTE DIAGONAL SUR AV. ROCA",Monserrat,1.0,AVENIDA,6.704713716892182,"LINESTRING (-58.37478545785064 -34.6102672927362, -58.37485421594207 -34.61024677894443)",descartado,0.0,,,,,
11734,"ROCA, JULIO A., PRESIDENTE DIAGONAL SUR AV.","JULIO A., PRESIDENTE DIAGONAL SUR AV. ROCA",Monserrat,1.0,AVENIDA,16.77386121032097,"LINESTRING (-58.37485421594207 -34.61024677894443, -58.37493713108046 -34.610289656501216, -58.37496832105198 -34.61035510250036)",descartado,0.0,,,,,
11748,"ROCA, JULIO A., PRESIDENTE DIAGONAL SUR AV.","JULIO A., PRESIDENTE DIAGONAL SUR AV. ROCA",Monserrat,1.0,AVENIDA,6.94797913451803,"LINESTRING (-58.37496832105198 -34.61035510250036, -58.37494543084381 -34.610414805036534)",descartado,0.0,,,,,
11757,"PAZ, MARCOS",MARCOS PAZ,Villa Devoto,11.0,CALLE,45.3423729552653,"LINESTRING (-58.51148950522729 -34.610474112383244, -58.51178478804896 -34.61014631484117)",descartado,0.0,,,,,
11758,NUEVA YORK,NUEVA YORK,Villa Devoto,11.0,CALLE,70.97404843554787,"LINESTRING (-58.52724135287819 -34.610062783816396, -58.52783814815 -34.610470010350284)",descartado,0.0,,,,,
11823,NUEVA YORK,NUEVA YORK,Villa Devoto,11.0,CALLE,40.03789784466942,"LINESTRING (-58.52783814815 -34.610470010350284, -58.52817485466986 -34.61069969404955)",descartado,0.0,,,,,
11824,"PAZ, GRAL. AV.",GRAL. AV. PAZ,Villa Devoto,11.0,AVENIDA,119.3509624123821,"LINESTRING (-58.52770374061217 -34.6096968313738, -58.52805515421845 -34.610443275284496, -58.52817485466986 -34.61069969404955)",descartado,0.0,,,,,
11878,LIMA,LIMA,Monserrat,1.0,CALLE,128.0774475460153,"LINESTRING (-58.38191689615712 -34.609677602242414, -58.38190689189393 -34.60989196467644, -58.38186483530629 -34.610831315473874)",descartado,0.0,,,,,
11896,"PAZ, MARCOS",MARCOS PAZ,Villa Devoto,11.0,CALLE,63.01813543258717,"LINESTRING (-58.511080499031124 -34.61093054708737, -58.51141238575396 -34.61055977779498, -58.51148950522729 -34.610474112383244)",descartado,0.0,,,,,
11973,SIERRA GRANDE,SIERRA GRANDE,Villa Devoto,11.0,PASAJE,117.0994262583107,"LINESTRING (-58.50372025568768 -34.61122363407473, -58.50441127812111 -34.61033606709398)",descartado,0.0,,,,,
11996,"PAZ, MARCOS",MARCOS PAZ,Villa Devoto,11.0,CALLE,49.52270047966371,"LINESTRING (-58.51075924957094 -34.611289339324685, -58.511080499031124 -34.61093054708737)",descartado,0.0,,,,,
12058,PERU,PERU,Monserrat,1.0,CALLE,115.848882810497,"LINESTRING (-58.37484839699391 -34.610432903984425, -58.37484081849033 -34.61067184535027, -58.37479081874671 -34.611476045135234)",descartado,0.0,,,,,
12065,"PAZ, GRAL. AV.",GRAL. AV. PAZ,Villa Devoto,11.0,AVENIDA,95.94893972822742,"LINESTRING (-58.52817485466986 -34.61069969404955, -58.528551195602034 -34.611506687338974)",descartado,0.0,,,,,
12082,"ROCA, JULIO A., PRESIDENTE DIAGONAL SUR AV.","JULIO A., PRESIDENTE DIAGONAL SUR AV. ROCA",Monserrat,1.0,AVENIDA,172.3708560974829,"LINESTRING (-58.37494543084381 -34.610414805036534, -58.37620916821292 -34.611564813500685)",descartado,0.0,,,,,
12103,"PAZ, MARCOS",MARCOS PAZ,Villa Devoto,11.0,CALLE,49.94395908701377,"LINESTRING (-58.51043638110245 -34.611651863766404, -58.51068434205706 -34.61137303154715, -58.51075924957094 -34.611289339324685)",descartado,0.0,,,,,
12158,24 DE NOVIEMBRE,24 DE NOVIEMBRE,Balvanera,3.0,CALLE,146.2324041066235,"LINESTRING (-58.41173571910306 -34.61053878996806, -58.41168345777081 -34.611856250523225)",descartado,0.0,,,,,
12178,LIMA,LIMA,Monserrat,1.0,CALLE,120.4484222758025,"LINESTRING (-58.38186483530629 -34.610831315473874, -58.38185464940955 -34.61105694549773, -58.38182274768222 -34.61171425689156, -58.38182399822891 -34.61191637307917)",descartado,0.0,,,,,
12204,"PAZ, MARCOS",MARCOS PAZ,Villa Devoto,11.0,CALLE,52.98803862712894,"LINESTRING (-58.51009410197399 -34.6120366486002, -58.51043638110245 -34.611651863766404)",descartado,0.0,,,,,
12256,MAZA,MAZA,Almagro,5.0,CALLE,152.1513426146736,"LINESTRING (-58.41734208543123 -34.61094159950482, -58.41677733155772 -34.612231191633754)",descartado,0.0,,,,,
12269,"PAZ, GRAL. AV.",GRAL. AV. PAZ,Villa Real,10.0,AVENIDA,89.79129072322885,"LINESTRING (-58.528551195602034 -34.611506687338974, -58.52890961428649 -34.61225988546323)",descartado,0.0,,,,,
12318,"PAZ, MARCOS",MARCOS PAZ,Villa Devoto,11.0,CALLE,53.04343620951157,"LINESTRING (-58.50975045673281 -34.61242122170034, -58.510010766195904 -34.61213034376609, -58.51009410197399 -34.6120366486002)",descartado,0.0,,,,,
12375,PERU,PERU,Monserrat,1.0,CALLE,130.4074320976476,"LINESTRING (-58.37479081874671 -34.611476045135234, -58.374728167579384 -34.612482280504985, -58.37471802365241 -34.61265002180851)",descartado,0.0,,,,,
12384,"PAZ, GRAL. AV.",GRAL. AV. PAZ,Villa Real,10.0,AVENIDA,50.85518895671544,"LINESTRING (-58.52890961428649 -34.61225988546323, -58.52910756326329 -34.61268809438835)",descartado,0.0,,,,,
12402,"PAZ, MARCOS",MARCOS PAZ,Villa Devoto,11.0,CALLE,48.27435035422364,"LINESTRING (-58.509437453102215 -34.61277106345291, -58.50975045673281 -34.61242122170034)",descartado,0.0,,,,,
12433,"ROCA, JULIO A., PRESIDENTE DIAGONAL SUR AV.","JULIO A., PRESIDENTE DIAGONAL SUR AV. ROCA",Monserrat,1.0,AVENIDA,190.4208178921042,"LINESTRING (-58.37620916821292 -34.611564813500685, -58.37758532111066 -34.612850030324275)",descartado,0.0,,,,,
12461,24 DE NOVIEMBRE,24 DE NOVIEMBRE,Balvanera,3.0,CALLE,132.5042030520219,"LINESTRING (-58.41168345777081 -34.611856250523225, -58.411463990005366 -34.613036807041794)",descartado,0.0,,,,,
12479,9 DE JULIO AV.,9 DE JULIO,Monserrat,1.0,AVENIDA,133.9214072089489,"LINESTRING (-58.380941115101756 -34.61186164310576, -58.38091243701274 -34.6123577947518, -58.38089724357981 -34.61306816013691)",descartado,0.0,,,,,
12483,9 DE JULIO AV.,9 DE JULIO,Monserrat,1.0,AVENIDA,136.9502492634014,"LINESTRING (-58.381230405776094 -34.61187653691419, -58.38120217929998 -34.61229753638083, -58.38125724311233 -34.61262957447996, -58.38135376255176 -34.61310056850638)",descartado,0.0,,,,,
12485,"PAZ, MARCOS",MARCOS PAZ,Villa Devoto,11.0,CALLE,48.91093230721363,"LINESTRING (-58.50911584482921 -34.61312266820177, -58.509205912128486 -34.61302981621059, -58.509437453102215 -34.61277106345291)",descartado,0.0,,,,,
12493,LIMA,LIMA,Monserrat,1.0,CALLE,134.7182161239415,"LINESTRING (-58.38182399822891 -34.61191637307917, -58.381824730698376 -34.61203848785816, -58.38177910158272 -34.61288353890027, -58.381758248249405 -34.61312930281827)",descartado,0.0,,,,,
12583,REPUBLICA BOLIVARIANA DE VENEZUELA,REPUBLICA BOLIVARIANA DE VENEZUELA,Monserrat,1.0,CALLE,71.79017397154546,"LINESTRING (-58.36704541533897 -34.613394639115555, -58.36782461727603 -34.61345588871546)",descartado,0.0,,,,,
12600,MAZA,MAZA,Almagro,5.0,CALLE,153.33910601957,"LINESTRING (-58.41677733155772 -34.612231191633754, -58.416288893184316 -34.61334651221974, -58.4162237105469 -34.61353501070303)",descartado,0.0,,,,,
12620,REPUBLICA BOLIVARIANA DE VENEZUELA,REPUBLICA BOLIVARIANA DE VENEZUELA,Monserrat,1.0,CALLE,112.1058434270669,"LINESTRING (-58.36782461727603 -34.61345588871546, -58.368837553956425 -34.61353526978181, -58.36904165063926 -34.61354923730724)",descartado,0.0,,,,,
12625,REPUBLICA BOLIVARIANA DE VENEZUELA,REPUBLICA BOLIVARIANA DE VENEZUELA,Monserrat,1.0,CALLE,111.9384999616115,"LINESTRING (-58.36952208280853 -34.61358262997339, -58.36966022892673 -34.61359217232244, -58.370481113721176 -34.61357484164897, -58.37067983267996 -34.61357710537873, -58.37074175662753 -34.613577856609254)",descartado,0.0,,,,,
12629,REPUBLICA BOLIVARIANA DE VENEZUELA,REPUBLICA BOLIVARIANA DE VENEZUELA,Monserrat,1.0,CALLE,35.35165248071736,"LINESTRING (-58.37074175662753 -34.613577856609254, -58.370924462209324 -34.61357996694363, -58.37112692235182 -34.61358828919376)",descartado,0.0,,,,,
12630,5 DE JULIO,5 DE JULIO,Monserrat,1.0,CALLE,129.1690051583854,"LINESTRING (-58.37122190140027 -34.61242658531289, -58.37112692235182 -34.61358828919376)",descartado,0.0,,,,,
12636,REPUBLICA BOLIVARIANA DE VENEZUELA,REPUBLICA BOLIVARIANA DE VENEZUELA,Monserrat,1.0,CALLE,67.23965162663458,"LINESTRING (-58.37112692235182 -34.61358828919376, -58.371723485823 -34.613612823268575, -58.37185899683693 -34.61362017852658)",descartado,0.0,,,,,
12658,REPUBLICA BOLIVARIANA DE VENEZUELA,REPUBLICA BOLIVARIANA DE VENEZUELA,Monserrat,1.0,CALLE,128.3233668857653,"LINESTRING (-58.37185899683693 -34.61362017852658, -58.37200251419146 -34.613627962166525, -58.37304067491011 -34.613702679264584, -58.373252836347305 -34.61371987851734)",descartado,0.0,,,,,
12679,REPUBLICA BOLIVARIANA DE VENEZUELA,REPUBLICA BOLIVARIANA DE VENEZUELA,Monserrat,1.0,CALLE,128.3181160093734,"LINESTRING (-58.373252836347305 -34.61371987851734, -58.37343092931099 -34.61373437621911, -58.37448366189272 -34.61380564102346, -58.37464702390889 -34.61381583039509)",descartado,0.0,,,,,
12680,PERU,PERU,Monserrat,1.0,CALLE,129.4941107837574,"LINESTRING (-58.37471802365241 -34.61265002180851, -58.37464702390889 -34.61381583039509)",descartado,0.0,,,,,
12703,"PAZ, MARCOS",MARCOS PAZ,Villa Devoto,11.0,CALLE,115.3959584337431,"LINESTRING (-58.50830682741745 -34.61391924746344, -58.508422439671996 -34.61380709060698, -58.509010283666704 -34.613231512058704, -58.50911584482921 -34.61312266820177)",descartado,0.0,,,,,
12707,REPUBLICA BOLIVARIANA DE VENEZUELA,REPUBLICA BOLIVARIANA DE VENEZUELA,Monserrat,1.0,CALLE,133.2125958695128,"LINESTRING (-58.37464702390889 -34.61381583039509, -58.37609530914276 -34.61390617114714)",descartado,0.0,,,,,
12715,"PAZ, GRAL. AV.",GRAL. AV. PAZ,Villa Real,10.0,AVENIDA,148.2280747074734,"LINESTRING (-58.52910756326329 -34.61268809438835, -58.529689041249746 -34.61393476753915)",descartado,0.0,,,,,
12732,REPUBLICA BOLIVARIANA DE VENEZUELA,REPUBLICA BOLIVARIANA DE VENEZUELA,Monserrat,1.0,CALLE,132.7979371427828,"LINESTRING (-58.37609530914276 -34.61390617114714, -58.37753908328813 -34.61399628026585)",descartado,0.0,,,,,
12741,24 DE NOVIEMBRE,24 DE NOVIEMBRE,Balvanera,3.0,CALLE,113.5007661948724,"LINESTRING (-58.411463990005366 -34.613036807041794, -58.41142288175729 -34.61325806010326, -58.411314806548894 -34.61405232032149)",descartado,0.0,,,,,
12758,REPUBLICA BOLIVARIANA DE VENEZUELA,REPUBLICA BOLIVARIANA DE VENEZUELA,Monserrat,1.0,CALLE,133.1910963967235,"LINESTRING (-58.37753908328813 -34.61399628026585, -58.37783369844401 -34.6140146562622, -58.37883737353101 -34.61408760970937, -58.37898582839735 -34.61409968438286)",descartado,0.0,,,,,
12771,REPUBLICA BOLIVARIANA DE VENEZUELA,REPUBLICA BOLIVARIANA DE VENEZUELA,Monserrat,1.0,CALLE,132.6813756217048,"LINESTRING (-58.37898582839735 -34.61409968438286, -58.379125851367014 -34.61411097840049, -58.38020866778554 -34.61417629899061, -58.38042824566327 -34.614190321761974)",descartado,0.0,,,,,
12777,REPUBLICA BOLIVARIANA DE VENEZUELA,REPUBLICA BOLIVARIANA DE VENEZUELA,Monserrat,1.0,CALLE,37.07617346595679,"LINESTRING (-58.38042824566327 -34.614190321761974, -58.380831287993026 -34.614216017739004)",descartado,0.0,,,,,
12778,9 DE JULIO AV.,9 DE JULIO,Monserrat,1.0,AVENIDA,127.4824591904933,"LINESTRING (-58.38089724357981 -34.61306816013691, -58.380831287993026 -34.614216017739004)",descartado,0.0,,,,,
12781,REPUBLICA BOLIVARIANA DE VENEZUELA,REPUBLICA BOLIVARIANA DE VENEZUELA,Monserrat,1.0,CALLE,41.3304354511713,"LINESTRING (-58.380831287993026 -34.614216017739004, -58.381280580011094 -34.61424463084804)",descartado,0.0,,,,,
12782,9 DE JULIO AV.,9 DE JULIO,Monserrat,1.0,AVENIDA,127.1103162218966,"LINESTRING (-58.38135376255176 -34.61310056850638, -58.381323956249375 -34.613440541706645, -58.3813064074709 -34.613686191858676, -58.38129062521254 -34.6139908315208, -58.381280580011094 -34.61424463084804)",descartado,0.0,,,,,
12794,REPUBLICA BOLIVARIANA DE VENEZUELA,REPUBLICA BOLIVARIANA DE VENEZUELA,Monserrat,1.0,CALLE,36.93476766642188,"LINESTRING (-58.381280580011094 -34.61424463084804, -58.38168208978442 -34.614270182137226)",descartado,0.0,,,,,
12795,LIMA,LIMA,Monserrat,1.0,CALLE,126.7624200047899,"LINESTRING (-58.381758248249405 -34.61312930281827, -58.38173256929092 -34.613431824796514, -58.38168208978442 -34.614270182137226)",descartado,0.0,,,,,
12822,"PAZ, GRAL. AV.",GRAL. AV. PAZ,Villa Real,10.0,AVENIDA,50.47301948233532,"LINESTRING (-58.529689041249746 -34.61393476753915, -58.52988691011326 -34.61435931310109)",descartado,0.0,,,,,
12843,REPUBLICA BOLIVARIANA DE VENEZUELA,REPUBLICA BOLIVARIANA DE VENEZUELA,Monserrat,1.0,CALLE,132.1503362721603,"LINESTRING (-58.38168208978442 -34.614270182137226, -58.3818846333555 -34.6142831345386, -58.38311571271469 -34.614388669541455)",descartado,0.0,,,,,
12858,MAZA,MAZA,Almagro,5.0,CALLE,102.9863092394415,"LINESTRING (-58.4162237105469 -34.61353501070303, -58.41613574742842 -34.613789768818734, -58.41600729090617 -34.614252612486595, -58.41597251720989 -34.61443893946418)",descartado,0.0,,,,,
12859,REPUBLICA BOLIVARIANA DE VENEZUELA,REPUBLICA BOLIVARIANA DE VENEZUELA,Monserrat,1.0,CALLE,133.1179333477225,"LINESTRING (-58.38311571271469 -34.614388669541455, -58.38327524050354 -34.61440236601193, -58.38438616836225 -34.614472808873415, -58.384562824898616 -34.614478768160545)",descartado,0.0,,,,,
12876,REPUBLICA BOLIVARIANA DE VENEZUELA,REPUBLICA BOLIVARIANA DE VENEZUELA,Monserrat,1.0,CALLE,128.209342476059,"LINESTRING (-58.384562824898616 -34.614478768160545, -58.38470583665857 -34.61448357874664, -58.385782710034135 -34.61453785998074, -58.385957826723526 -34.61455121073058)",descartado,0.0,,,,,
12915,REPUBLICA BOLIVARIANA DE VENEZUELA,REPUBLICA BOLIVARIANA DE VENEZUELA,Monserrat,1.0,CALLE,141.9987609120539,"LINESTRING (-58.385957826723526 -34.61455121073058, -58.386128344168206 -34.61456413577919, -58.38739299414717 -34.61466936715915, -58.387498869697566 -34.61467239077351)",descartado,0.0,,,,,
12922,REPUBLICA BOLIVARIANA DE VENEZUELA,REPUBLICA BOLIVARIANA DE VENEZUELA,Monserrat,1.0,CALLE,135.2349877780056,"LINESTRING (-58.387498869697566 -34.61467239077351, -58.38769213729426 -34.6146779333088, -58.38881582101666 -34.61468496264551, -58.38897271295549 -34.614695058461514)",descartado,0.0,,,,,
12968,"PAZ, MARCOS",MARCOS PAZ,Monte Castro,10.0,CALLE,134.4674253919697,"LINESTRING (-58.507356974273186 -34.61484256399223, -58.50747616528965 -34.61472787151184, -58.50817222982665 -34.614049791715836, -58.50830682741745 -34.61391924746344)",descartado,0.0,,,,,
12969,REPUBLICA BOLIVARIANA DE VENEZUELA,REPUBLICA BOLIVARIANA DE VENEZUELA,Monserrat,1.0,CALLE,130.0662755110091,"LINESTRING (-58.38897271295549 -34.614695058461514, -58.38914238118934 -34.61470593650046, -58.39020694371969 -34.61481812968943, -58.3903811261567 -34.614829853791456)",descartado,0.0,,,,,
12990,REPUBLICA BOLIVARIANA DE VENEZUELA,REPUBLICA BOLIVARIANA DE VENEZUELA,Monserrat,1.0,CALLE,119.5165786022364,"LINESTRING (-58.3903811261567 -34.614829853791456, -58.391432439702356 -34.61490047853869, -58.39168004431451 -34.61491597645876)",descartado,0.0,,,,,
12997,PERU,PERU,Monserrat,1.0,CALLE,123.232851826609,"LINESTRING (-58.37464702390889 -34.61381583039509, -58.374641561367675 -34.61390639096849, -58.374580255898515 -34.61492530305094)",descartado,0.0,,,,,
13014,"PAZ, GRAL. AV.",GRAL. AV. PAZ,Villa Real,10.0,AVENIDA,79.46522384400228,"LINESTRING (-58.52988691011326 -34.61435931310109, -58.530195029748214 -34.61502880105527)",descartado,0.0,,,,,
13019,REPUBLICA BOLIVARIANA DE VENEZUELA,REPUBLICA BOLIVARIANA DE VENEZUELA,Balvanera,3.0,CALLE,140.4655216134694,"LINESTRING (-58.39168004431451 -34.61491597645876, -58.39191206194683 -34.61493047882828, -58.39320500730639 -34.61503249746127)",descartado,0.0,,,,,
13056,REPUBLICA BOLIVARIANA DE VENEZUELA,REPUBLICA BOLIVARIANA DE VENEZUELA,Balvanera,3.0,CALLE,131.2288185890195,"LINESTRING (-58.39320500730639 -34.61503249746127, -58.394329991559424 -34.615121308792475, -58.39462946642417 -34.61514366111341)",descartado,0.0,,,,,
13058,REPUBLICA BOLIVARIANA DE VENEZUELA,REPUBLICA BOLIVARIANA DE VENEZUELA,Balvanera,3.0,CALLE,129.9246518952432,"LINESTRING (-58.397866551880014 -34.61483740815762, -58.39908534530688 -34.615116650902934, -58.399232000453125 -34.615149193214044)",descartado,0.0,,,,,
13090,REPUBLICA BOLIVARIANA DE VENEZUELA,REPUBLICA BOLIVARIANA DE VENEZUELA,Balvanera,3.0,CALLE,137.5175470249533,"LINESTRING (-58.39462946642417 -34.61514366111341, -58.39612275475176 -34.61525512774744)",descartado,0.0,,,,,
13093,9 DE JULIO AV.,9 DE JULIO,Monserrat,1.0,AVENIDA,115.6714510146935,"LINESTRING (-58.380831287993026 -34.614216017739004, -58.38078894498202 -34.61525811507262)",descartado,0.0,,,,,
13097,9 DE JULIO AV.,9 DE JULIO,Monserrat,1.0,AVENIDA,114.7407239163959,"LINESTRING (-58.381280580011094 -34.61424463084804, -58.381276386193015 -34.61435160123166, -58.381252069174224 -34.614739477163816, -58.38123075526538 -34.615278061222476)",descartado,0.0,,,,,
13099,LIMA,LIMA,Monserrat,1.0,CALLE,113.9008218037266,"LINESTRING (-58.38168208978442 -34.614270182137226, -58.38166927617984 -34.61448172557163, -58.38162341492488 -34.6151259284409, -58.381616604837596 -34.61529543307306)",descartado,0.0,,,,,
13105,24 DE NOVIEMBRE,24 DE NOVIEMBRE,Balvanera,3.0,CALLE,143.8288825515297,"LINESTRING (-58.411314806548894 -34.61405232032149, -58.41129050428232 -34.61423097427101, -58.41115241553745 -34.61534184522054)",descartado,0.0,,,,,
13108,REPUBLICA BOLIVARIANA DE VENEZUELA,REPUBLICA BOLIVARIANA DE VENEZUELA,Balvanera,3.0,CALLE,155.7619340023955,"LINESTRING (-58.39612275475176 -34.61525512774744, -58.397814165041744 -34.61538133068772)",descartado,0.0,,,,,
13146,REPUBLICA BOLIVARIANA DE VENEZUELA,REPUBLICA BOLIVARIANA DE VENEZUELA,Balvanera,3.0,CALLE,190.4259025794405,"LINESTRING (-58.399232000453125 -34.615149193214044, -58.39941468081753 -34.615189712067725, -58.40126174570054 -34.615509331381496)",descartado,0.0,,,,,
13148,REPUBLICA BOLIVARIANA DE VENEZUELA,REPUBLICA BOLIVARIANA DE VENEZUELA,Balvanera,3.0,CALLE,148.8232784820697,"LINESTRING (-58.40126174570054 -34.615509331381496, -58.40288226933673 -34.61544091845889)",descartado,0.0,,,,,
13180,MAZA,MAZA,Almagro,5.0,CALLE,132.3349351625966,"LINESTRING (-58.41597251720989 -34.61443893946418, -58.415939964746585 -34.61461343614842, -58.41578070086714 -34.615621204156305)",descartado,0.0,,,,,
13181,"PAZ, GRAL. AV.",GRAL. AV. PAZ,Villa Real,10.0,AVENIDA,115.140937424193,"LINESTRING (-58.530195029748214 -34.61502880105527, -58.53048486768784 -34.61562632547699, -58.530453412017586 -34.61601958722568)",descartado,0.0,,,,,
13252,REPUBLICA BOLIVARIANA DE VENEZUELA,REPUBLICA BOLIVARIANA DE VENEZUELA,Balvanera,3.0,CALLE,159.382182622738,"LINESTRING (-58.40288226933673 -34.61544091845889, -58.40430199380062 -34.61577098371505, -58.40455690223598 -34.61582441726357)",descartado,0.0,,,,,
13261,"PAZ, MARCOS",MARCOS PAZ,Monte Castro,10.0,CALLE,148.8389903068519,"LINESTRING (-58.506299821101635 -34.615860489540125, -58.507356974273186 -34.61484256399223)",descartado,0.0,,,,,
13345,REPUBLICA BOLIVARIANA DE VENEZUELA,REPUBLICA BOLIVARIANA DE VENEZUELA,Balvanera,3.0,CALLE,119.6036728553335,"LINESTRING (-58.40455690223598 -34.61582441726357, -58.405612224986136 -34.61604555747014, -58.40581969312112 -34.61609333206181)",descartado,0.0,,,,,
13354,PERU,PERU,Monserrat,1.0,CALLE,128.9614153558718,"LINESTRING (-58.374580255898515 -34.61492530305094, -58.37457245123968 -34.615055439866445, -58.37454599159621 -34.615986347808224, -58.374537366230676 -34.61608711743822)",descartado,0.0,,,,,
13402,REPUBLICA BOLIVARIANA DE VENEZUELA,REPUBLICA BOLIVARIANA DE VENEZUELA,Balvanera,3.0,CALLE,106.7953381935503,"LINESTRING (-58.40581969312112 -34.61609333206181, -58.406941439024195 -34.61635153476562)",descartado,0.0,,,,,
13417,"PAZ, GRAL. AV.",GRAL. AV. PAZ,Villa Real,10.0,AVENIDA,41.92099342230033,"LINESTRING (-58.530453412017586 -34.61601958722568, -58.53043872425708 -34.616397276137604)",descartado,0.0,,,,,
13422,"PAZ, GRAL. AV.",GRAL. AV. PAZ,Villa Devoto,11.0,AVENIDA,1519.267748935643,"LINESTRING (-58.52169740815426 -34.595949338474675, -58.522183827993636 -34.59731172111368, -58.5226748630978 -34.59857759670849, -58.52318369773651 -34.59949729446156, -58.52372644689354 -34.60034500686157, -58.52409106324083 -34.60103578373437, -58.5252459169364 -34.603486366046184, -58.52641489058693 -34.60599869064846, -58.52768678932254 -34.60870009336752)",descartado,0.0,,,,,
13436,9 DE JULIO AV.,9 DE JULIO,Monserrat,1.0,AVENIDA,131.9736202204002,"LINESTRING (-58.38078894498202 -34.61525811507262, -58.38074747748405 -34.616447256892876)",descartado,0.0,,,,,
13440,9 DE JULIO AV.,9 DE JULIO,Monserrat,1.0,AVENIDA,132.1218092574355,"LINESTRING (-58.38123075526538 -34.615278061222476, -58.38118367090443 -34.616468396611054)",descartado,0.0,,,,,
13445,REPUBLICA BOLIVARIANA DE VENEZUELA,REPUBLICA BOLIVARIANA DE VENEZUELA,Balvanera,3.0,CALLE,119.4570656602117,"LINESTRING (-58.406941439024195 -34.61635153476562, -58.408232096865646 -34.61649621052375)",descartado,0.0,,,,,
13448,LIMA,LIMA,Monserrat,1.0,CALLE,132.2575725117777,"LINESTRING (-58.381616604837596 -34.61529543307306, -58.38156850262328 -34.61648696512735)",descartado,0.0,,,,,
13473,REPUBLICA BOLIVARIANA DE VENEZUELA,REPUBLICA BOLIVARIANA DE VENEZUELA,Balvanera,3.0,CALLE,113.1742408149729,"LINESTRING (-58.408232096865646 -34.61649621052375, -58.409255824932885 -34.61660216262904, -58.409457698841955 -34.616612322443196)",descartado,0.0,,,,,
13477,REPUBLICA BOLIVARIANA DE VENEZUELA,REPUBLICA BOLIVARIANA DE VENEZUELA,Balvanera,3.0,CALLE,141.868498488432,"LINESTRING (-58.409457698841955 -34.616612322443196, -58.40970173639453 -34.616624542734556, -58.411004077628164 -34.61662630516512)",descartado,0.0,,,,,
13478,24 DE NOVIEMBRE,24 DE NOVIEMBRE,Balvanera,3.0,CALLE,143.14099595126,"LINESTRING (-58.41115241553745 -34.61534184522054, -58.411004077628164 -34.61662630516512)",descartado,0.0,,,,,
13479,REPUBLICA BOLIVARIANA DE VENEZUELA,REPUBLICA BOLIVARIANA DE VENEZUELA,Balvanera,3.0,CALLE,160.7188418791093,"LINESTRING (-58.411004077628164 -34.61662630516512, -58.41275643332133 -34.616628593085565)",descartado,0.0,,,,,
13483,REPUBLICA BOLIVARIANA DE VENEZUELA,REPUBLICA BOLIVARIANA DE VENEZUELA,Almagro,5.0,CALLE,137.6954011324882,"LINESTRING (-58.41275643332133 -34.616628593085565, -58.41425775891941 -34.61663061433112)",descartado,0.0,,,,,
13500,"PAZ, MARCOS",MARCOS PAZ,Monte Castro,10.0,CALLE,120.573627872329,"LINESTRING (-58.50544502241021 -34.61668622091372, -58.50557954195062 -34.61655293323686, -58.50617330497758 -34.61598236661626, -58.506299821101635 -34.615860489540125)",descartado,0.0,,,,,
13569,INDEPENDENCIA AV.,INDEPENDENCIA,San Telmo,1.0,AVENIDA,8.167495128434293,"LINESTRING (-58.36655854808261 -34.616875350806176, -58.36664724492661 -34.616881923780305)",descartado,0.0,,,,,
13591,INDEPENDENCIA AV.,INDEPENDENCIA,San Telmo,1.0,AVENIDA,115.3016891484671,"LINESTRING (-58.36743314931195 -34.616927878814025, -58.36764081953493 -34.616930788344035, -58.36868642488655 -34.617005155103605)",descartado,0.0,,,,,
13596,PAEZ,PAEZ,Flores,7.0,CALLE,124.633383500212,"LINESTRING (-58.45819906900543 -34.61655987128956, -58.45939337514866 -34.61709583772086)",descartado,0.0,,,,,
13604,TOAY,TOAY,Villa Santa Rita,11.0,PASAJE,105.0638483472246,"LINESTRING (-58.4845086060111 -34.61658566995148, -58.485466100527105 -34.6171055767868)",descartado,0.0,,,,,
13633,INDEPENDENCIA AV.,INDEPENDENCIA,San Telmo,1.0,AVENIDA,35.59213708534369,"LINESTRING (-58.36941739240173 -34.61712004855213, -58.36980170839081 -34.61716457914918)",descartado,0.0,,,,,
13634,INDEPENDENCIA AV.,INDEPENDENCIA,San Telmo,1.0,AVENIDA,7.041771640842463,"LINESTRING (-58.36980170839081 -34.61716457914918, -58.369878455496725 -34.61716639853056)",descartado,0.0,,,,,
13637,"PAZ, MARCOS",MARCOS PAZ,Monte Castro,10.0,CALLE,73.13673037639396,"LINESTRING (-58.504939638223206 -34.617195907955164, -58.5049920001178 -34.61714553732298, -58.505060362292625 -34.617067414362275, -58.50544502241021 -34.61668622091372)",descartado,0.0,,,,,
13651,INDEPENDENCIA AV.,INDEPENDENCIA,San Telmo,1.0,AVENIDA,130.0046445264607,"LINESTRING (-58.37167056263455 -34.61720353283396, -58.37187065628078 -34.61720297872654, -58.37308676751853 -34.61715691168568)",descartado,0.0,,,,,
13652,INDEPENDENCIA AV.,INDEPENDENCIA,San Telmo,1.0,AVENIDA,164.423259922492,"LINESTRING (-58.369878455496725 -34.61716639853056, -58.3714752391869 -34.617204090203856, -58.37167056263455 -34.61720353283396)",descartado,0.0,,,,,
13655,REPUBLICA BOLIVARIANA DE VENEZUELA,REPUBLICA BOLIVARIANA DE VENEZUELA,Almagro,5.0,CALLE,121.442246748421,"LINESTRING (-58.41420506715547 -34.6171486982755, -58.41552405824626 -34.61724499781198)",descartado,0.0,,,,,
13656,MAZA,MAZA,Almagro,5.0,CALLE,181.6686780882167,"LINESTRING (-58.41578070086714 -34.615621204156305, -58.41552405824626 -34.61724499781198)",descartado,0.0,,,,,
13665,INDEPENDENCIA AV.,INDEPENDENCIA,San Telmo,1.0,AVENIDA,124.803748757748,"LINESTRING (-58.37308676751853 -34.61715691168568, -58.374442681324155 -34.61725192207755)",descartado,0.0,,,,,
13666,PERU,PERU,San Telmo,1.0,CALLE,129.5142922153058,"LINESTRING (-58.374537366230676 -34.61608711743822, -58.37445291794586 -34.61707819500344, -58.374442681324155 -34.61725192207755)",descartado,0.0,,,,,
13670,REPUBLICA DE INDONESIA,REPUBLICA DE INDONESIA,Caballito,6.0,PASAJE,171.2565242860425,"LINESTRING (-58.43087045822297 -34.61582072859043, -58.43034124075168 -34.617301169038505)",descartado,0.0,,,,,
13683,REPUBLICA BOLIVARIANA DE VENEZUELA,REPUBLICA BOLIVARIANA DE VENEZUELA,Almagro,5.0,CALLE,122.4701040055284,"LINESTRING (-58.41552405824626 -34.61724499781198, -58.41659041177898 -34.61732280610455, -58.41685403959298 -34.6173436816684)",descartado,0.0,,,,,
13694,INDEPENDENCIA AV.,INDEPENDENCIA,San Telmo,1.0,AVENIDA,135.5206634232594,"LINESTRING (-58.374442681324155 -34.61725192207755, -58.375915292257744 -34.61735249407188)",descartado,0.0,,,,,
13719,REPUBLICA BOLIVARIANA DE VENEZUELA,REPUBLICA BOLIVARIANA DE VENEZUELA,Almagro,5.0,CALLE,131.1415611311019,"LINESTRING (-58.41685403959298 -34.6173436816684, -58.41708768462381 -34.61736222133553, -58.41827669184111 -34.61746238551296)",descartado,0.0,,,,,
13729,INDEPENDENCIA AV.,INDEPENDENCIA,San Telmo,1.0,AVENIDA,133.1208030454231,"LINESTRING (-58.375915292257744 -34.61735249407188, -58.37713433647824 -34.617435686146884, -58.37736184292189 -34.617451128503916)",descartado,0.0,,,,,
13738,REPUBLICA BOLIVARIANA DE VENEZUELA,REPUBLICA BOLIVARIANA DE VENEZUELA,Almagro,5.0,CALLE,66.47244218628248,"LINESTRING (-58.41827669184111 -34.61746238551296, -58.41899772955465 -34.61752314320909)",descartado,0.0,,,,,
13752,INDEPENDENCIA AV.,INDEPENDENCIA,,,AVENIDA,130.2078341475246,"LINESTRING (-58.37736184292189 -34.617451128503916, -58.37877679704246 -34.61754704780739)",descartado,0.0,,,,,
13757,REPUBLICA BOLIVARIANA DE VENEZUELA,REPUBLICA BOLIVARIANA DE VENEZUELA,Almagro,5.0,CALLE,59.40083209035721,"LINESTRING (-58.41899772955465 -34.61752314320909, -58.41942311251683 -34.617558931197266, -58.419642193089864 -34.6175763339578)",descartado,0.0,,,,,
13758,REPUBLICA BOLIVARIANA DE VENEZUELA,REPUBLICA BOLIVARIANA DE VENEZUELA,Almagro,5.0,CALLE,5.478189397140094,"LINESTRING (-58.419642193089864 -34.6175763339578, -58.4197016480891 -34.61758107358965)",descartado,0.0,,,,,
13762,TOAY,TOAY,Villa Santa Rita,11.0,PASAJE,100.0714408435911,"LINESTRING (-58.485466100527105 -34.6171055767868, -58.486378112585854 -34.61760076605096)",descartado,0.0,,,,,
13771,PAEZ,PAEZ,Flores,7.0,CALLE,124.1613922611365,"LINESTRING (-58.45939337514866 -34.61709583772086, -58.46058318202975 -34.61762975003374)",descartado,0.0,,,,,
13777,REPUBLICA BOLIVARIANA DE VENEZUELA,REPUBLICA BOLIVARIANA DE VENEZUELA,Almagro,5.0,CALLE,78.16760606354775,"LINESTRING (-58.4197016480891 -34.61758107358965, -58.419892023402674 -34.61759621208995, -58.42055140248713 -34.61763489611748)",descartado,0.0,,,,,
13781,INDEPENDENCIA AV.,INDEPENDENCIA,,,AVENIDA,100.3470111627761,"LINESTRING (-58.37877679704246 -34.61754704780739, -58.37895234631652 -34.617558930018724, -58.37986723016692 -34.617621250050185)",descartado,0.0,,,,,
13787,INDEPENDENCIA AV.,INDEPENDENCIA,,,AVENIDA,37.75532579953529,"LINESTRING (-58.37986723016692 -34.617621250050185, -58.38004686809924 -34.61763355602318, -58.38027822007101 -34.61763772782216)",descartado,0.0,,,,,
13789,INDEPENDENCIA AV.,INDEPENDENCIA,,,AVENIDA,37.54735453510935,"LINESTRING (-58.38027822007101 -34.61763772782216, -58.38068751548872 -34.6176451184436)",descartado,0.0,,,,,
13790,9 DE JULIO AV.,9 DE JULIO,Monserrat,1.0,AVENIDA,132.9999137119651,"LINESTRING (-58.38074747748405 -34.616447256892876, -58.38068751548872 -34.6176451184436)",descartado,0.0,,,,,
13791,INDEPENDENCIA AV.,INDEPENDENCIA,,,AVENIDA,41.20443890833123,"LINESTRING (-58.38068751548872 -34.6176451184436, -58.38113667575936 -34.617653238781756)",descartado,0.0,,,,,
13792,9 DE JULIO AV.,9 DE JULIO,Monserrat,1.0,AVENIDA,131.5124953528304,"LINESTRING (-58.38118367090443 -34.616468396611054, -58.38113667575936 -34.617653238781756)",descartado,0.0,,,,,
13794,"PAZ, MARCOS",MARCOS PAZ,Monte Castro,10.0,CALLE,70.49137360481322,"LINESTRING (-58.504441049587435 -34.617679463482595, -58.50456041680355 -34.617560266743155, -58.504939638223206 -34.617195907955164)",descartado,0.0,,,,,
13795,INDEPENDENCIA AV.,INDEPENDENCIA,,,AVENIDA,34.69527291381772,"LINESTRING (-58.38113667575936 -34.617653238781756, -58.38151488015504 -34.617660112719534)",descartado,0.0,,,,,
13796,LIMA,LIMA,Monserrat,1.0,CALLE,130.2377290719385,"LINESTRING (-58.38156850262328 -34.61648696512735, -58.381558811242506 -34.616727947549776, -58.38151488015504 -34.617660112719534)",descartado,0.0,,,,,
13797,REPUBLICA BOLIVARIANA DE VENEZUELA,REPUBLICA BOLIVARIANA DE VENEZUELA,Almagro,5.0,CALLE,92.13802696464349,"LINESTRING (-58.42055140248713 -34.61763489611748, -58.42155346203615 -34.61769411712067)",descartado,0.0,,,,,
13799,INDEPENDENCIA AV.,INDEPENDENCIA,,,AVENIDA,138.0986951534615,"LINESTRING (-58.38151488015504 -34.617660112719534, -58.381786097068996 -34.61766501261236, -58.38285031721603 -34.61771945212252, -58.38301768800627 -34.6177332949456)",descartado,0.0,,,,,
13801,"PAZ, GRAL. AV.",GRAL. AV. PAZ,Villa Real,10.0,AVENIDA,155.330388245449,"LINESTRING (-58.53043872425708 -34.616397276137604, -58.530377033925184 -34.61779652537363)",descartado,0.0,,,,,
13812,REPUBLICA BOLIVARIANA DE VENEZUELA,REPUBLICA BOLIVARIANA DE VENEZUELA,Almagro,5.0,CALLE,94.98959081284444,"LINESTRING (-58.42155346203615 -34.61769411712067, -58.4217342997254 -34.617704742382976, -58.42258404697854 -34.617778480576824)",descartado,0.0,,,,,
13825,INDEPENDENCIA AV.,INDEPENDENCIA,,,AVENIDA,119.7891856372831,"LINESTRING (-58.38301768800627 -34.6177332949456, -58.38330669020065 -34.61775721747896, -58.38432143914722 -34.6177928086591)",descartado,0.0,,,,,
13837,24 DE NOVIEMBRE,24 DE NOVIEMBRE,Balvanera,3.0,CALLE,135.0860468271896,"LINESTRING (-58.411004077628164 -34.61662630516512, -58.411001439881865 -34.61784399538597)",descartado,0.0,,,,,
13839,INDEPENDENCIA AV.,INDEPENDENCIA,,,AVENIDA,142.8683023901665,"LINESTRING (-58.38432143914722 -34.6177928086591, -58.3855760561832 -34.61783671357406, -58.38587776356304 -34.61784789147553)",descartado,0.0,,,,,
13858,INDEPENDENCIA AV.,INDEPENDENCIA,,,AVENIDA,145.6192144892997,"LINESTRING (-58.38587776356304 -34.61784789147553, -58.38720674218395 -34.61789703812306, -58.38746381397376 -34.61790839552251)",descartado,0.0,,,,,
13861,REPUBLICA BOLIVARIANA DE VENEZUELA,REPUBLICA BOLIVARIANA DE VENEZUELA,Almagro,5.0,CALLE,165.9835406371835,"LINESTRING (-58.42258404697854 -34.617778480576824, -58.42419972936193 -34.617918658760566, -58.42438388728746 -34.6179351263028)",descartado,0.0,,,,,
13867,REPUBLICA BOLIVARIANA DE VENEZUELA,REPUBLICA BOLIVARIANA DE VENEZUELA,Almagro,5.0,CALLE,60.17112450819766,"LINESTRING (-58.42438388728746 -34.6179351263028, -58.42455518317582 -34.617950462708045, -58.42503704720825 -34.617985967351565)",descartado,0.0,,,,,
13872,INDEPENDENCIA AV.,INDEPENDENCIA,,,AVENIDA,138.2780265917763,"LINESTRING (-58.38746381397376 -34.61790839552251, -58.387740647505744 -34.617920609702686, -58.38896772598239 -34.61799615320831)",descartado,0.0,,,,,
13884,REPUBLICA BOLIVARIANA DE VENEZUELA,REPUBLICA BOLIVARIANA DE VENEZUELA,Almagro,5.0,CALLE,71.08017941327338,"LINESTRING (-58.42503704720825 -34.617985967351565, -58.425808608122274 -34.61804641893277)",descartado,0.0,,,,,
13897,INDEPENDENCIA AV.,INDEPENDENCIA,,,AVENIDA,125.2103023054807,"LINESTRING (-58.38896772598239 -34.61799615320831, -58.39012708974313 -34.61806755921682, -58.390329218823034 -34.61807951142104)",descartado,0.0,,,,,
13911,REPUBLICA BOLIVARIANA DE VENEZUELA,REPUBLICA BOLIVARIANA DE VENEZUELA,Almagro,5.0,CALLE,69.48798100285225,"LINESTRING (-58.425808608122274 -34.61804641893277, -58.42599183058105 -34.61806077105759, -58.42656202366295 -34.618112494043956)",descartado,0.0,,,,,
13912,PAEZ,PAEZ,Flores,7.0,CALLE,115.5507880420285,"LINESTRING (-58.46058318202975 -34.61762975003374, -58.46169054748747 -34.61812653649371)",descartado,0.0,,,,,
13926,INDEPENDENCIA AV.,INDEPENDENCIA,,,AVENIDA,126.0466118285941,"LINESTRING (-58.390329218823034 -34.61807951142104, -58.391414226225756 -34.618143677511185, -58.39170025904134 -34.61815807125222)",descartado,0.0,,,,,
13928,REPUBLICA BOLIVARIANA DE VENEZUELA,REPUBLICA BOLIVARIANA DE VENEZUELA,Almagro,5.0,CALLE,69.8488414738719,"LINESTRING (-58.42656202366295 -34.618112494043956, -58.42731901679126 -34.61818159376384)",descartado,0.0,,,,,
13936,"PAZ, GRAL. AV.",GRAL. AV. PAZ,Villa Real,10.0,AVENIDA,57.28439192530764,"LINESTRING (-58.530338123598845 -34.61830983649328, -58.53030616798922 -34.61882553280245)",descartado,0.0,,,,,
13948,INDEPENDENCIA AV.,INDEPENDENCIA,,,AVENIDA,137.9873456641355,"LINESTRING (-58.39170025904134 -34.61815807125222, -58.392031181508564 -34.61817481452804, -58.393005807705826 -34.61822263412207, -58.39320206124113 -34.618233028865916)",descartado,0.0,,,,,
13960,REPUBLICA BOLIVARIANA DE VENEZUELA,REPUBLICA BOLIVARIANA DE VENEZUELA,Almagro,5.0,CALLE,113.827403790061,"LINESTRING (-58.42731901679126 -34.61818159376384, -58.42855267907433 -34.61829385419417)",descartado,0.0,,,,,
13967,INDEPENDENCIA AV.,INDEPENDENCIA,,,AVENIDA,119.1990955212299,"LINESTRING (-58.39320206124113 -34.618233028865916, -58.39449909056827 -34.618301655416964)",descartado,0.0,,,,,
13983,MAZA,MAZA,Almagro,5.0,CALLE,127.4182979991823,"LINESTRING (-58.41552405824626 -34.61724499781198, -58.415344009313955 -34.61838388505356)",descartado,0.0,,,,,
13984,INDEPENDENCIA AV.,INDEPENDENCIA,,,AVENIDA,137.2741833382706,"LINESTRING (-58.39449909056827 -34.618301655416964, -58.39599280220958 -34.618380658670084)",descartado,0.0,,,,,
14007,PAEZ,PAEZ,Flores,7.0,CALLE,76.99933098094488,"LINESTRING (-58.46169054748747 -34.61812653649371, -58.462428400934336 -34.61845767490835)",descartado,0.0,,,,,
14013,INDEPENDENCIA AV.,INDEPENDENCIA,,,AVENIDA,140.123604604101,"LINESTRING (-58.39599280220958 -34.618380658670084, -58.397517522223716 -34.61846128009735)",descartado,0.0,,,,,
14035,9 DE JULIO AV.,9 DE JULIO,Constitucion,1.0,AVENIDA,96.91034542059906,"LINESTRING (-58.38068751548872 -34.6176451184436, -58.38064525142663 -34.61851798778711)",descartado,0.0,,,,,
14040,PERU,PERU,San Telmo,1.0,CALLE,140.4315931458767,"LINESTRING (-58.374442681324155 -34.61725192207755, -58.37443270493472 -34.61742121266128, -58.37436935358658 -34.61843660138345, -58.3743652650842 -34.61851617682854)",descartado,0.0,,,,,
14045,INDEPENDENCIA AV.,INDEPENDENCIA,,,AVENIDA,133.1016578605158,"LINESTRING (-58.397517522223716 -34.61846128009735, -58.39896583864911 -34.61853782806589)",descartado,0.0,,,,,
14049,9 DE JULIO AV.,9 DE JULIO,Constitucion,1.0,AVENIDA,97.60924617421708,"LINESTRING (-58.38113667575936 -34.617653238781756, -58.381125319191625 -34.61794020647875, -58.381095687898764 -34.61853244724826)",descartado,0.0,,,,,
14052,LIMA,LIMA,Constitucion,1.0,CALLE,97.08242820621264,"LINESTRING (-58.38151488015504 -34.617660112719534, -58.38150452746204 -34.617880249321985, -58.38147470007503 -34.618414672456275, -58.381471089990875 -34.61853446022152)",descartado,0.0,,,,,
14061,"PAZ, MARCOS",MARCOS PAZ,Monte Castro,10.0,CALLE,131.5643723629342,"LINESTRING (-58.50352611654657 -34.61859287858608, -58.504441049587435 -34.617679463482595)",descartado,0.0,,,,,
14064,INDEPENDENCIA AV.,INDEPENDENCIA,,,AVENIDA,98.97572990773683,"LINESTRING (-58.39896583864911 -34.61853782806589, -58.39924582579084 -34.618552623467544, -58.40004216963128 -34.618602476232226)",descartado,0.0,,,,,
14068,PAEZ,PAEZ,Flores,7.0,CALLE,83.4055112551452,"LINESTRING (-58.46255260008169 -34.61828549047775, -58.46336516447253 -34.61862310260681)",descartado,0.0,,,,,
14082,INDEPENDENCIA AV.,INDEPENDENCIA,,,AVENIDA,86.58287536676222,"LINESTRING (-58.40004216963128 -34.618602476232226, -58.4002968567886 -34.618618382874274, -58.40098306078511 -34.61866627113315)",descartado,0.0,,,,,
14100,INDEPENDENCIA AV.,INDEPENDENCIA,,,AVENIDA,116.5562943273574,"LINESTRING (-58.40098306078511 -34.61866627113315, -58.40224942263568 -34.61875472943644)",descartado,0.0,,,,,
14123,INDEPENDENCIA AV.,INDEPENDENCIA,,,AVENIDA,116.5043433535391,"LINESTRING (-58.40224942263568 -34.61875472943644, -58.40351561970376 -34.618839160379636)",descartado,0.0,,,,,
14143,PEIPING,PEIP,Monte Castro,10.0,PASAJE,93.14918971196904,"LINESTRING (-58.513781878312386 -34.61829265357504, -58.51447190094352 -34.618908782141176)",descartado,0.0,,,,,
14172,PAEZ,PAEZ,Flores,7.0,CALLE,100.1026725026478,"LINESTRING (-58.46336516447253 -34.61862310260681, -58.46434043783293 -34.619028244075565)",descartado,0.0,,,,,
14180,"PAZ, MARCOS",MARCOS PAZ,Monte Castro,10.0,CALLE,54.5178848390955,"LINESTRING (-58.50331005489683 -34.61905070177732, -58.50352611654657 -34.61859287858608)",descartado,0.0,,,,,
14182,24 DE NOVIEMBRE,24 DE NOVIEMBRE,Balvanera,3.0,CALLE,133.6351884160944,"LINESTRING (-58.411001439881865 -34.61784399538597, -58.410991995522934 -34.619048583691665)",descartado,0.0,,,,,
14203,INDEPENDENCIA AV.,INDEPENDENCIA,,,AVENIDA,143.8918898738383,"LINESTRING (-58.40351561970376 -34.618839160379636, -58.40503780703846 -34.61915342182772)",descartado,0.0,,,,,
14243,"PAZ, MARCOS",MARCOS PAZ,Monte Castro,10.0,CALLE,32.46649508129637,"LINESTRING (-58.503191695723764 -34.61932651857918, -58.50331005489683 -34.61905070177732)",descartado,0.0,,,,,
14264,PAEZ,PAEZ,Flores,7.0,CALLE,97.11946548027548,"LINESTRING (-58.46434043783293 -34.619028244075565, -58.465082227778055 -34.61933640832561, -58.46528607618673 -34.61942225130828)",descartado,0.0,,,,,
14275,INDEPENDENCIA AV.,INDEPENDENCIA,,,AVENIDA,127.7917457511892,"LINESTRING (-58.40503780703846 -34.61915342182772, -58.40638983145502 -34.61943202119383)",descartado,0.0,,,,,
14291,PEIPING,PEIP,Monte Castro,10.0,PASAJE,91.71181730410656,"LINESTRING (-58.51447190094352 -34.618908782141176, -58.51515127978642 -34.61951540410346)",descartado,0.0,,,,,
14331,PERU,PERU,San Telmo,1.0,CALLE,127.4551669277415,"LINESTRING (-58.3743652650842 -34.61851617682854, -58.37430594470069 -34.619664034635385)",descartado,0.0,,,,,
14333,"PAZ, MARCOS",MARCOS PAZ,Monte Castro,10.0,CALLE,42.85426247769301,"LINESTRING (-58.50303717456617 -34.619691080518024, -58.503141237602016 -34.61944421256903, -58.503191695723764 -34.61932651857918)",descartado,0.0,,,,,
14341,INDEPENDENCIA AV.,INDEPENDENCIA,,,AVENIDA,131.672317433142,"LINESTRING (-58.40638983145502 -34.61943202119383, -58.407782918364795 -34.619719075068325)",descartado,0.0,,,,,
14344,MAZA,MAZA,Almagro,5.0,CALLE,149.8705577348045,"LINESTRING (-58.415344009313955 -34.61838388505356, -58.4152125612541 -34.619730469568935)",descartado,0.0,,,,,
14364,LIMA,LIMA,Constitucion,1.0,CALLE,135.3556678577458,"LINESTRING (-58.381471089990875 -34.61853446022152, -58.381439575194 -34.61957240932691, -58.38144604114449 -34.619754176400136)",descartado,0.0,,,,,
14365,9 DE JULIO AV.,9 DE JULIO,Constitucion,1.0,AVENIDA,135.8842848579822,"LINESTRING (-58.381095687898764 -34.61853244724826, -58.38107126946081 -34.619021028246486, -58.381041666429574 -34.61975651006233)",descartado,0.0,,,,,
14367,9 DE JULIO AV.,9 DE JULIO,Constitucion,1.0,AVENIDA,137.6837472811172,"LINESTRING (-58.38064525142663 -34.61851798778711, -58.380618636157685 -34.6197589001646)",descartado,0.0,,,,,
14405,"PAZ, GRAL. AV.",GRAL. AV. PAZ,Villa Real,10.0,AVENIDA,75.26071100317176,"LINESTRING (-58.530283216516295 -34.61919591737372, -58.530238953469784 -34.619873344223635)",descartado,0.0,,,,,
14432,PAEZ,PAEZ,Flores,7.0,CALLE,136.7326734548008,"LINESTRING (-58.46528607618673 -34.61942225130828, -58.46634570282525 -34.61986857297837, -58.46661438076938 -34.61998194764681)",descartado,0.0,,,,,
14443,INDEPENDENCIA AV.,INDEPENDENCIA,,,AVENIDA,139.0961802883008,"LINESTRING (-58.407782918364795 -34.619719075068325, -58.40925454503733 -34.62002234522549)",descartado,0.0,,,,,
14449,VIEL,VIEL,Caballito,6.0,CALLE,129.4134012591171,"LINESTRING (-58.433400406876466 -34.61893000571782, -58.43298685887283 -34.62004533989945)",descartado,0.0,,,,,
14483,INDEPENDENCIA AV.,INDEPENDENCIA,,,AVENIDA,78.16095929323342,"LINESTRING (-58.40925454503733 -34.62002234522549, -58.41008149868843 -34.620192710846446)",descartado,0.0,,,,,
14494,PAEZ,PAEZ,Flores,7.0,CALLE,63.388060976481,"LINESTRING (-58.46661438076938 -34.61998194764681, -58.46706314441478 -34.62017123272047, -58.46723556230866 -34.6202318618236)",descartado,0.0,,,,,
14515,INDEPENDENCIA AV.,INDEPENDENCIA,,,AVENIDA,69.04456240843749,"LINESTRING (-58.41008149868843 -34.620192710846446, -58.41052159373332 -34.620283396096774, -58.41081425817176 -34.6203351427076)",descartado,0.0,,,,,
14516,24 DE NOVIEMBRE,24 DE NOVIEMBRE,Balvanera,3.0,CALLE,143.6575844068271,"LINESTRING (-58.410991995522934 -34.619048583691665, -58.4109728095773 -34.61921540849276, -58.41081425817176 -34.6203351427076)",descartado,0.0,,,,,
14543,PAEZ,PAEZ,Flores,7.0,CALLE,71.23604199440945,"LINESTRING (-58.46723556230866 -34.6202318618236, -58.467797285182364 -34.62042923918229, -58.467953007082535 -34.62047768463626)",descartado,0.0,,,,,
14591,INDEPENDENCIA AV.,INDEPENDENCIA,,,AVENIDA,162.430959624581,"LINESTRING (-58.41081425817176 -34.6203351427076, -58.412546232728296 -34.62064123138442)",descartado,0.0,,,,,
14619,INDEPENDENCIA AV.,INDEPENDENCIA,,,AVENIDA,117.9808530457453,"LINESTRING (-58.412546232728296 -34.62064123138442, -58.41382582822736 -34.62075077244928)",descartado,0.0,,,,,
14626,PERU,PERU,San Telmo,1.0,CALLE,121.6729010593339,"LINESTRING (-58.37430594470069 -34.619664034635385, -58.37429942106031 -34.61979029898022, -58.374233529190526 -34.62062885232335, -58.37422785323187 -34.620758849701055)",descartado,0.0,,,,,
14631,"PAZ, MARCOS",MARCOS PAZ,Monte Castro,10.0,CALLE,129.7602837864166,"LINESTRING (-58.502571308049866 -34.62079554055061, -58.502628489098136 -34.620660097961995, -58.50303717456617 -34.619691080518024)",descartado,0.0,,,,,
14652,INDEPENDENCIA AV.,INDEPENDENCIA,,,AVENIDA,117.0619955391426,"LINESTRING (-58.41382582822736 -34.62075077244928, -58.41509546083592 -34.62085945107423)",descartado,0.0,,,,,
14653,MAZA,MAZA,Almagro,5.0,CALLE,125.7044876767781,"LINESTRING (-58.4152125612541 -34.619730469568935, -58.41509546083592 -34.62085945107423)",descartado,0.0,,,,,
14669,PAEZ,PAEZ,Flores,7.0,CALLE,138.1360962124371,"LINESTRING (-58.467953007082535 -34.62047768463626, -58.469180643792434 -34.62085974894893, -58.4693627755479 -34.620916078743136)",descartado,0.0,,,,,
14682,LIMA,LIMA,Constitucion,1.0,CALLE,133.1938140242314,"LINESTRING (-58.38144604114449 -34.619754176400136, -58.381461216165604 -34.62017574089163, -58.381459088623664 -34.62095462189138)",descartado,0.0,,,,,
14683,INDEPENDENCIA AV.,INDEPENDENCIA,,,AVENIDA,130.5459301208105,"LINESTRING (-58.41509546083592 -34.62085945107423, -58.416106910205976 -34.62094604478067, -58.416511867917 -34.62097613070973)",descartado,0.0,,,,,
14705,VIEL,VIEL,Caballito,6.0,CALLE,117.1809109378634,"LINESTRING (-58.43298685887283 -34.62004533989945, -58.43265456283658 -34.62094167619082, -58.432622660619934 -34.6210575146372)",descartado,0.0,,,,,
14717,INDEPENDENCIA AV.,INDEPENDENCIA,,,AVENIDA,143.2468412419613,"LINESTRING (-58.416511867917 -34.62097613070973, -58.4180675591568 -34.62109150758001)",descartado,0.0,,,,,
14730,9 DE JULIO AV.,9 DE JULIO,Constitucion,1.0,AVENIDA,150.5739152810588,"LINESTRING (-58.380618636157685 -34.6197589001646, -58.38059105292037 -34.62111601016892)",descartado,0.0,,,,,
14745,INDEPENDENCIA AV.,INDEPENDENCIA,,,AVENIDA,125.2542426466266,"LINESTRING (-58.4180675591568 -34.62109150758001, -58.41942784485358 -34.62119242812112)",descartado,0.0,,,,,
14763,INDEPENDENCIA AV.,INDEPENDENCIA,,,AVENIDA,98.64834013901972,"LINESTRING (-58.41942784485358 -34.62119242812112, -58.420240150566364 -34.62125264785268, -58.42049927811446 -34.62127104912403)",descartado,0.0,,,,,
14774,INDEPENDENCIA AV.,INDEPENDENCIA,,,AVENIDA,43.77405866969039,"LINESTRING (-58.42049927811446 -34.62127104912403, -58.420974942414 -34.62130375068954)",descartado,0.0,,,,,
14782,PAEZ,PAEZ,Flores,7.0,CALLE,131.4180297529536,"LINESTRING (-58.4693627755479 -34.620916078743136, -58.470704833511135 -34.621331291361436)",descartado,0.0,,,,,
14791,INDEPENDENCIA AV.,INDEPENDENCIA,,,AVENIDA,43.80888684221142,"LINESTRING (-58.420974942414 -34.62130375068954, -58.4214507764364 -34.62133849273639)",descartado,0.0,,,,,
14799,INDEPENDENCIA AV.,INDEPENDENCIA,,,AVENIDA,70.30204435226423,"LINESTRING (-58.4214507764364 -34.62133849273639, -58.42221453167855 -34.62139269666778)",descartado,0.0,,,,,
14833,INDEPENDENCIA AV.,INDEPENDENCIA,,,AVENIDA,138.730388071768,"LINESTRING (-58.42221453167855 -34.62139269666778, -58.423522697008174 -34.62148545529216, -58.42372083121156 -34.62150629463425)",descartado,0.0,,,,,
14841,INDEPENDENCIA AV.,INDEPENDENCIA,,,AVENIDA,29.74317661206401,"LINESTRING (-58.42372083121156 -34.62150629463425, -58.42404256528625 -34.62154006097125)",descartado,0.0,,,,,
14846,24 DE NOVIEMBRE,24 DE NOVIEMBRE,San Cristobal,3.0,CALLE,137.2632667838639,"LINESTRING (-58.41081425817176 -34.6203351427076, -58.41079467547889 -34.62058985565407, -58.410763815894036 -34.62157161463912)",descartado,0.0,,,,,
14859,INDEPENDENCIA AV.,INDEPENDENCIA,,,AVENIDA,104.3655850473398,"LINESTRING (-58.42404256528625 -34.62154006097125, -58.4242901907801 -34.62156612663531, -58.42516525594353 -34.62169274286432)",descartado,0.0,,,,,
14877,PAEZ,PAEZ,Flores,7.0,CALLE,137.0369095776382,"LINESTRING (-58.470704833511135 -34.621331291361436, -58.47083074264209 -34.621370227783935, -58.47210381167535 -34.62176528813266)",descartado,0.0,,,,,
14881,"PAZ, GRAL. AV.",GRAL. AV. PAZ,Villa Real,10.0,AVENIDA,209.8008613397114,"LINESTRING (-58.530238953469784 -34.619873344223635, -58.530124530663976 -34.62176216178194)",descartado,0.0,,,,,
14928,INDEPENDENCIA AV.,INDEPENDENCIA,,,AVENIDA,135.1463837432039,"LINESTRING (-58.42516525594353 -34.62169274286432, -58.42661683251189 -34.621902697544414)",descartado,0.0,,,,,
14947,PERU,PERU,San Telmo,1.0,CALLE,131.4503642480464,"LINESTRING (-58.37422785323187 -34.620758849701055, -58.37421693862827 -34.62100814041647, -58.37416394096291 -34.62173634958324, -58.37416721346373 -34.62194226983914)",descartado,0.0,,,,,
14957,"PAZ, MARCOS",MARCOS PAZ,Monte Castro,10.0,CALLE,144.0017950974786,"LINESTRING (-58.50205283975476 -34.62202079140824, -58.502115384807276 -34.62187576980437, -58.502571308049866 -34.62079554055061)",descartado,0.0,,,,,
14970,INDEPENDENCIA AV.,INDEPENDENCIA,,,AVENIDA,109.8809239184268,"LINESTRING (-58.42661683251189 -34.621902697544414, -58.427797026441795 -34.622073471294854)",descartado,0.0,,,,,
14994,9 DE JULIO AV.,9 DE JULIO,Constitucion,1.0,AVENIDA,115.5782594058939,"LINESTRING (-58.38059105292037 -34.62111601016892, -58.380527759227945 -34.621287941078606, -58.38051390598373 -34.62151293429913, -58.38048373063521 -34.62178960716965, -58.380423636279886 -34.62199879412918, -58.38039896059337 -34.62214138464143)",descartado,0.0,,,,,
14997,9 DE JULIO AV.,9 DE JULIO,Constitucion,1.0,AVENIDA,116.2617103688288,"LINESTRING (-58.38059105292037 -34.62111601016892, -58.38071116634339 -34.62145912372055, -58.38075906022244 -34.62169803215261, -58.380768449777214 -34.62193698493536, -58.3807741202854 -34.622146498233)",descartado,0.0,,,,,
14998,PAEZ,PAEZ,Flores,7.0,CALLE,132.549107301954,"LINESTRING (-58.47210381167535 -34.62176528813266, -58.47224224502857 -34.621808236323346, -58.473220653194346 -34.622109713568975, -58.47346165584091 -34.62217413111723)",descartado,0.0,,,,,
15001,9 DE JULIO AV.,9 DE JULIO,Constitucion,1.0,AVENIDA,265.6260235319795,"LINESTRING (-58.381041666429574 -34.61975651006233, -58.38102332867643 -34.620211432681344, -58.381004856663644 -34.62071586279777, -58.38098753029292 -34.62118134952519, -58.38097126963823 -34.62160261106768, -58.380998330204534 -34.62214953706714)",descartado,0.0,,,,,
15006,LIMA,LIMA,Constitucion,1.0,CALLE,133.9371038962848,"LINESTRING (-58.381459088623664 -34.62095462189138, -58.38145825624941 -34.621281878684535, -58.381430643759735 -34.62216165909847)",descartado,0.0,,,,,
15033,MAZA,MAZA,Boedo,5.0,CALLE,157.8529009052089,"LINESTRING (-58.41509546083592 -34.62085945107423, -58.41494828908598 -34.62227715613394)",descartado,0.0,,,,,
15061,PAEZ,PAEZ,Flores,7.0,CALLE,83.38606684368476,"LINESTRING (-58.47346165584091 -34.62217413111723, -58.47432676386222 -34.62240546718182)",descartado,0.0,,,,,
15114,PAEZ,PAEZ,Flores,7.0,CALLE,77.98839297016073,"LINESTRING (-58.47432676386222 -34.62240546718182, -58.474971231993095 -34.622577803629795, -58.47513607646797 -34.622621309387554)",descartado,0.0,,,,,
15131,24 DE NOVIEMBRE,24 DE NOVIEMBRE,San Cristobal,3.0,CALLE,125.3664172834104,"LINESTRING (-58.410763815894036 -34.62157161463912, -58.41059085961378 -34.62269260954073)",descartado,0.0,,,,,
15156,VIEL,VIEL,Caballito,6.0,CALLE,194.2023867391784,"LINESTRING (-58.432622660619934 -34.6210575146372, -58.43221082318039 -34.62255517468053, -58.432155883889926 -34.6227650222897)",descartado,0.0,,,,,
15188,"PAZ, GRAL. AV.",GRAL. AV. PAZ,Villa Real,10.0,AVENIDA,124.2491732462387,"LINESTRING (-58.530124530663976 -34.62176216178194, -58.530059406673956 -34.622880872419884)",descartado,0.0,,,,,
15200,PAEZ,PAEZ,Flores,7.0,CALLE,108.7368015646225,"LINESTRING (-58.47513607646797 -34.622621309387554, -58.47626562779127 -34.62291929666417)",descartado,0.0,,,,,
15244,PAEZ,PAEZ,Flores,7.0,CALLE,55.83349487300207,"LINESTRING (-58.47626562779127 -34.62291929666417, -58.47684561324062 -34.623072334029615)",descartado,0.0,,,,,
15255,"PAZ, MARCOS",MARCOS PAZ,Monte Castro,10.0,CALLE,125.7006532038893,"LINESTRING (-58.50157951677773 -34.62308377024968, -58.50165884395011 -34.62293536331603, -58.50205283975476 -34.62202079140824)",descartado,0.0,,,,,
15289,PAEZ,PAEZ,Flores,7.0,CALLE,54.73166519565648,"LINESTRING (-58.47684561324062 -34.623072334029615, -58.477414185046875 -34.62322227132667)",descartado,0.0,,,,,
15307,PERU,PERU,San Telmo,1.0,CALLE,146.0009188740013,"LINESTRING (-58.37416721346373 -34.62194226983914, -58.37416984672067 -34.622108682125486, -58.37411063452411 -34.62315041127321, -58.37411247963292 -34.623257174391206)",descartado,0.0,,,,,
15350,VIEL,VIEL,Caballito,6.0,CALLE,79.99276432603959,"LINESTRING (-58.432155883889926 -34.6227650222897, -58.431971357530564 -34.6234697720072)",descartado,0.0,,,,,
15375,PAEZ,PAEZ,Floresta,10.0,CALLE,106.7532992673542,"LINESTRING (-58.477414185046875 -34.62322227132667, -58.478521773614574 -34.623518338788855)",descartado,0.0,,,,,
15385,"PAZ, GRAL. AV.",GRAL. AV. PAZ,Villa Real,10.0,AVENIDA,75.63757965062901,"LINESTRING (-58.530059406673956 -34.622880872419884, -58.53001957258948 -34.62356188794715)",descartado,0.0,,,,,
15391,MAZA,MAZA,Boedo,5.0,CALLE,146.2712628768676,"LINESTRING (-58.41494828908598 -34.62227715613394, -58.41481199178779 -34.623590849722206)",descartado,0.0,,,,,
15434,24 DE NOVIEMBRE,24 DE NOVIEMBRE,San Cristobal,3.0,CALLE,116.4387474141363,"LINESTRING (-58.41059085961378 -34.62269260954073, -58.41055526984878 -34.622932244833855, -58.410475449329134 -34.62373771255703)",descartado,0.0,,,,,
15450,PAEZ,PAEZ,Floresta,10.0,CALLE,99.86275981852728,"LINESTRING (-58.478521773614574 -34.623518338788855, -58.47955789272939 -34.62379525057313)",descartado,0.0,,,,,
15462,LIMA,LIMA,Constitucion,1.0,CALLE,183.3124819540705,"LINESTRING (-58.381430643759735 -34.62216165909847, -58.38144154515797 -34.62233779520354, -58.381455454818386 -34.62361479092331, -58.38144972221291 -34.62381373298228)",descartado,0.0,,,,,
15519,"PAZ, MARCOS",MARCOS PAZ,Velez Sarsfield,10.0,CALLE,110.9333689324359,"LINESTRING (-58.501097852244804 -34.624000902909124, -58.50115266048634 -34.6238828563844, -58.50157951677773 -34.62308377024968)",descartado,0.0,,,,,
15574,VIEL,VIEL,Caballito,6.0,CALLE,78.04805037358193,"LINESTRING (-58.431971357530564 -34.6234697720072, -58.43179143474104 -34.624157409678915)",descartado,0.0,,,,,
15630,"PAZ, GRAL. AV.",GRAL. AV. PAZ,Villa Real,10.0,AVENIDA,93.66190498985951,"LINESTRING (-58.53001957258948 -34.62356188794715, -58.529972403720976 -34.624339598628424, -58.52996990047339 -34.624405164117135)",descartado,0.0,,,,,
15635,MAZA,MAZA,Boedo,5.0,CALLE,86.69376573108008,"LINESTRING (-58.41481199178779 -34.623590849722206, -58.414795029348625 -34.623754225142385, -58.414753438848834 -34.624370764956126)",descartado,0.0,,,,,
15650,PUAN,PUAN,Caballito,6.0,CALLE,109.1737042591944,"LINESTRING (-58.44864864612158 -34.623528267903545, -58.448267173293054 -34.624460485807916)",descartado,0.0,,,,,
15656,PERU,PERU,San Telmo,1.0,CALLE,130.9039601754071,"LINESTRING (-58.37411247963292 -34.623257174391206, -58.374113920803936 -34.623343373600015, -58.374043947819715 -34.624249600171005, -58.37403284494212 -34.62443508706383)",descartado,0.0,,,,,
15684,"PAZ, MARCOS",MARCOS PAZ,Velez Sarsfield,10.0,CALLE,67.82742535041383,"LINESTRING (-58.5008330004882 -34.6245717658841, -58.501097852244804 -34.624000902909124)",descartado,0.0,,,,,
15708,LIMA,LIMA,Constitucion,1.0,CALLE,90.6649863662058,"LINESTRING (-58.38144972221291 -34.62381373298228, -58.38144557567626 -34.62395901352422, -58.38142600391096 -34.62463076846348)",descartado,0.0,,,,,
15713,CONSTITUCION,CONSTITUCION,Constitucion,1.0,CALLE,48.89042587311965,"LINESTRING (-58.38089321161753 -34.62464611408978, -58.38142600391096 -34.62463076846348)",descartado,0.0,,,,,
15727,CONSTITUCION,CONSTITUCION,Constitucion,1.0,CALLE,74.89385465202979,"LINESTRING (-58.38211431916759 -34.62465368785634, -58.38293032263474 -34.624680853939644)",descartado,0.0,,,,,
15735,CONSTITUCION,CONSTITUCION,Constitucion,1.0,CALLE,133.2596842527518,"LINESTRING (-58.38293032263474 -34.624680853939644, -58.384148006973284 -34.62470157995444, -58.38438295281994 -34.6247099012862)",descartado,0.0,,,,,
15752,24 DE NOVIEMBRE,24 DE NOVIEMBRE,San Cristobal,3.0,CALLE,114.951310174476,"LINESTRING (-58.410475449329134 -34.62373771255703, -58.41045144312195 -34.62397953591746, -58.410369755794015 -34.624770213722876)",descartado,0.0,,,,,
15755,CONSTITUCION,CONSTITUCION,Constitucion,1.0,CALLE,128.7717094263678,"LINESTRING (-58.38438295281994 -34.6247099012862, -58.38554294531267 -34.62475106922459, -58.38578572701529 -34.62476143512563)",descartado,0.0,,,,,
15779,CONSTITUCION,CONSTITUCION,Constitucion,1.0,CALLE,129.1999051231761,"LINESTRING (-58.38578572701529 -34.62476143512563, -58.38592875524443 -34.62476758233601, -58.38697865940735 -34.62483542760618, -58.38719042845969 -34.62485006712609)",descartado,0.0,,,,,
15786,24 DE NOVIEMBRE,24 DE NOVIEMBRE,San Cristobal,3.0,CALLE,11.53360515384133,"LINESTRING (-58.410369755794015 -34.624770213722876, -58.410359041257784 -34.624873801793676)",descartado,0.0,,,,,
15797,CONSTITUCION,CONSTITUCION,Constitucion,1.0,CALLE,110.6634407944164,"LINESTRING (-58.38719042845969 -34.62485006712609, -58.388182915967555 -34.6249185704264, -58.38839238107418 -34.624937924803284)",descartado,0.0,,,,,
15808,MIRO,MIRO,Caballito,6.0,CALLE,116.2281893553967,"LINESTRING (-58.44989334515832 -34.62401679701097, -58.44949969127615 -34.625012680055754)",descartado,0.0,,,,,
15818,CONSTITUCION,CONSTITUCION,Constitucion,1.0,CALLE,116.7607400020384,"LINESTRING (-58.38839238107418 -34.624937924803284, -58.38866709648106 -34.624963375166146, -58.38965623479029 -34.625065104236604)",descartado,0.0,,,,,
15821,"PAZ, GRAL. AV.",GRAL. AV. PAZ,Villa Real,10.0,AVENIDA,73.89680047757875,"LINESTRING (-58.52996990047339 -34.624405164117135, -58.52994479070308 -34.62507095996351)",descartado,0.0,,,,,
15844,"PAZ, MARCOS",MARCOS PAZ,Velez Sarsfield,10.0,CALLE,67.65405941691282,"LINESTRING (-58.500571722850175 -34.62514206375284, -58.5006307847175 -34.625007537124226, -58.5008330004882 -34.6245717658841)",descartado,0.0,,,,,
15887,CONSTITUCION,CONSTITUCION,Constitucion,1.0,CALLE,154.7476891060028,"LINESTRING (-58.38965623479029 -34.625065104236604, -58.39133221329164 -34.625227303541045)",descartado,0.0,,,,,
15894,MAZA,MAZA,Boedo,5.0,CALLE,99.5192843107349,"LINESTRING (-58.414753438848834 -34.624370764956126, -58.41469294310656 -34.62526645523922)",descartado,0.0,,,,,
15903,CONSTITUCION,CONSTITUCION,San Cristobal,3.0,CALLE,111.0023825286176,"LINESTRING (-58.39133221329164 -34.625227303541045, -58.39253955689363 -34.625298503632216)",descartado,0.0,,,,,
15913,ROMA,ROMA,Versalles,10.0,CALLE,150.5170685777298,"LINESTRING (-58.522521162902585 -34.62534408878932, -58.52292402537749 -34.62402880726903)",descartado,0.0,,,,,
15914,CONSTITUCION,CONSTITUCION,San Cristobal,3.0,CALLE,84.0068626800007,"LINESTRING (-58.39253955689363 -34.625298503632216, -58.39324532535353 -34.625340038221616, -58.39345266400909 -34.62535811506814)",descartado,0.0,,,,,
15920,PUAN,PUAN,Caballito,6.0,CALLE,108.8698426380617,"LINESTRING (-58.448267173293054 -34.624460485807916, -58.44788671469813 -34.6253900968396)",descartado,0.0,,,,,
15936,CONSTITUCION,CONSTITUCION,San Cristobal,3.0,CALLE,106.3687885922618,"LINESTRING (-58.39345266400909 -34.62535811506814, -58.39363836600385 -34.62537420735483, -58.39460434683463 -34.62547179852175)",descartado,0.0,,,,,
15951,VIEL,VIEL,Caballito,6.0,CALLE,160.7414952666989,"LINESTRING (-58.43179143474104 -34.624157409678915, -58.431467412993044 -34.62539487488529, -58.431412141745085 -34.62557190470198)",descartado,0.0,,,,,
15956,PERU,PERU,San Telmo,1.0,CALLE,124.5570265758189,"LINESTRING (-58.37403284494212 -34.62443508706383, -58.37397169317589 -34.62545512394465, -58.3739697954207 -34.6255566025354)",descartado,0.0,,,,,
15970,CONSTITUCION,CONSTITUCION,San Cristobal,3.0,CALLE,104.5974408944962,"LINESTRING (-58.39460434683463 -34.62547179852175, -58.394808787492984 -34.62549247709378, -58.395736352383196 -34.625587150363614)",descartado,0.0,,,,,
16011,"PAZ, GRAL. AV.",GRAL. AV. PAZ,Villa Real,10.0,AVENIDA,71.51937709647987,"LINESTRING (-58.52994479070308 -34.62507095996351, -58.52991378508931 -34.62571513899412)",descartado,0.0,,,,,
16015,CONSTITUCION,CONSTITUCION,San Cristobal,3.0,CALLE,141.6309776207555,"LINESTRING (-58.395736352383196 -34.625587150363614, -58.39709230969072 -34.625725571461714, -58.397268895108965 -34.62574503359177)",descartado,0.0,,,,,
16031,"PAZ Y FIGUEROA, MARIA ANTONIA DE LA",MARIA ANTONIA DE LA PAZ Y FIGUEROA,Velez Sarsfield,10.0,PASAJE,129.5369977987103,"LINESTRING (-58.49606026662893 -34.625282515325, -58.49730265609376 -34.625838097090536)",descartado,0.0,,,,,
16068,CONSTITUCION,CONSTITUCION,San Cristobal,3.0,CALLE,153.2189278038082,"LINESTRING (-58.397268895108965 -34.62574503359177, -58.39746268773613 -34.62576633576096, -58.39866477471094 -34.62593176920705, -58.398916909979896 -34.62597133960477)",descartado,0.0,,,,,
16070,LIMA,LIMA,Constitucion,1.0,CALLE,150.2539453610481,"LINESTRING (-58.38211431916759 -34.62465368785634, -58.382210273914694 -34.6247546574558, -58.38227961828428 -34.62483858387145, -58.38224491644215 -34.625962597648446)",descartado,0.0,,,,,
16074,MIRO,MIRO,Caballito,6.0,CALLE,114.5259809546792,"LINESTRING (-58.44949969127615 -34.625012680055754, -58.449111823470744 -34.62599398470969)",descartado,0.0,,,,,
16090,GOYA,GOYA,Velez Sarsfield,10.0,CALLE,39.38858969327821,"LINESTRING (-58.49260247248804 -34.62601953003419, -58.492755358750145 -34.62568772891852)",descartado,0.0,,,,,
16134,CONSTITUCION,CONSTITUCION,San Cristobal,3.0,CALLE,118.275026913078,"LINESTRING (-58.398916909979896 -34.62597133960477, -58.40018397842717 -34.626170313854644)",descartado,0.0,,,,,
16160,"PAZ, MARCOS",MARCOS PAZ,Velez Sarsfield,10.0,CALLE,134.2502920844589,"LINESTRING (-58.50007207200995 -34.626279552125254, -58.500571722850175 -34.62514206375284)",descartado,0.0,,,,,
16170,24 DE NOVIEMBRE,24 DE NOVIEMBRE,San Cristobal,3.0,CALLE,159.4702246747806,"LINESTRING (-58.410359041257784 -34.624873801793676, -58.41021100577941 -34.62630607741017)",descartado,0.0,,,,,
16176,VIEL,VIEL,Caballito,6.0,CALLE,87.02543291368724,"LINESTRING (-58.431412141745085 -34.62557190470198, -58.43134006698304 -34.62580280393218, -58.431257967999095 -34.626180533107146, -58.43122170028661 -34.6263399619747)",descartado,0.0,,,,,
16188,PUAN,PUAN,Caballito,6.0,CALLE,115.6317359564117,"LINESTRING (-58.44788671469813 -34.6253900968396, -58.447482638589854 -34.62637745060587)",descartado,0.0,,,,,
16193,LIMA,LIMA,Constitucion,1.0,CALLE,202.0579021294798,"LINESTRING (-58.38089321161753 -34.62464611408978, -58.38035077903095 -34.62604491675102, -58.38018543959765 -34.6263698077313)",descartado,0.0,,,,,
16194,CONSTITUCION,CONSTITUCION,San Cristobal,3.0,CALLE,130.0013465065372,"LINESTRING (-58.40018397842717 -34.626170313854644, -58.40157669602194 -34.626388916264965)",descartado,0.0,,,,,
16235,ROMA,ROMA,Versalles,10.0,CALLE,137.6606984243139,"LINESTRING (-58.52215271114425 -34.62654702692623, -58.522521162902585 -34.62534408878932)",descartado,0.0,,,,,
16241,CONSTITUCION,CONSTITUCION,San Cristobal,3.0,CALLE,121.7486694862163,"LINESTRING (-58.40157669602194 -34.626388916264965, -58.402881001839134 -34.62659365604101)",descartado,0.0,,,,,
16281,CONSTITUCION,CONSTITUCION,San Cristobal,3.0,CALLE,99.23855761973067,"LINESTRING (-58.402881001839134 -34.62659365604101, -58.40394416235801 -34.62676051786938)",descartado,0.0,,,,,
16291,MAZA,MAZA,Boedo,5.0,CALLE,169.6704854706533,"LINESTRING (-58.41469294310656 -34.62526645523922, -58.41467876451538 -34.62547588856215, -58.41459680772079 -34.62679382825971)",descartado,0.0,,,,,
16298,PERU,PERU,San Telmo,1.0,CALLE,131.8286691015165,"LINESTRING (-58.3739697954207 -34.6255566025354, -58.373896332937974 -34.6266947300303, -58.373882971855735 -34.62674203850284)",descartado,0.0,,,,,
16305,MIRO,MIRO,Caballito,6.0,CALLE,96.55996215512876,"LINESTRING (-58.449111823470744 -34.62599398470969, -58.448784800599164 -34.62682134985446)",descartado,0.0,,,,,
16344,LIMA,LIMA,Constitucion,1.0,CALLE,108.3075289601278,"LINESTRING (-58.38224491644215 -34.625962597648446, -58.382226741512554 -34.62651815498748, -58.38223382941855 -34.62693865719167)",descartado,0.0,,,,,
16353,CONSTITUCION,CONSTITUCION,San Cristobal,3.0,CALLE,139.2100384661796,"LINESTRING (-58.40394416235801 -34.62676051786938, -58.405435541556706 -34.626994617306835)",descartado,0.0,,,,,
16368,"PAZ, GRAL. AV.",GRAL. AV. PAZ,Villa Real,10.0,AVENIDA,77.45732132610863,"LINESTRING (-58.52985330678129 -34.626337809659255, -58.52980758280641 -34.62703500014507)",descartado,0.0,,,,,
16384,GOYA,GOYA,Velez Sarsfield,10.0,CALLE,130.5306883261072,"LINESTRING (-58.49209451591197 -34.62711867731174, -58.492161851461965 -34.62696957524369, -58.49260247248804 -34.62601953003419)",descartado,0.0,,,,,
16422,CONSTITUCION,CONSTITUCION,San Cristobal,3.0,CALLE,123.4096611064532,"LINESTRING (-58.405435541556706 -34.626994617306835, -58.406757669744216 -34.627202070581724)",descartado,0.0,,,,,
16446,CONSTITUCION,CONSTITUCION,San Cristobal,3.0,CALLE,86.45007822805496,"LINESTRING (-58.406757669744216 -34.627202070581724, -58.40769567208081 -34.62727982656941)",descartado,0.0,,,,,
16463,CONSTITUCION,CONSTITUCION,San Cristobal,3.0,CALLE,82.14992344683031,"LINESTRING (-58.40769567208081 -34.62727982656941, -58.40858810696706 -34.627344104062814)",descartado,0.0,,,,,
16476,CONSTITUCION,CONSTITUCION,San Cristobal,3.0,CALLE,82.58916227267821,"LINESTRING (-58.40858810696706 -34.627344104062814, -58.40948531379976 -34.62740872924871)",descartado,0.0,,,,,
16491,CONSTITUCION,CONSTITUCION,San Cristobal,3.0,CALLE,56.09944967286771,"LINESTRING (-58.40948531379976 -34.62740872924871, -58.41009475420259 -34.6274525886265)",descartado,0.0,,,,,
16492,24 DE NOVIEMBRE,24 DE NOVIEMBRE,San Cristobal,3.0,CALLE,127.6364117766888,"LINESTRING (-58.41021100577941 -34.62630607741017, -58.41011456973906 -34.62723942593307, -58.41009475420259 -34.6274525886265)",descartado,0.0,,,,,
16499,PUAN,PUAN,Caballito,6.0,CALLE,128.3457610474393,"LINESTRING (-58.447482638589854 -34.62637745060587, -58.44738257688191 -34.626622158632415, -58.447032953717155 -34.62747303742645)",descartado,0.0,,,,,
16511,CONSTITUCION,CONSTITUCION,San Cristobal,3.0,CALLE,87.0431436019446,"LINESTRING (-58.41009475420259 -34.6274525886265, -58.41104035071228 -34.6275206742135)",descartado,0.0,,,,,
16516,GOYA,GOYA,Velez Sarsfield,10.0,CALLE,51.52648184544341,"LINESTRING (-58.49189795597915 -34.62755379876211, -58.49209451591197 -34.62711867731174)",descartado,0.0,,,,,
16523,CONSTITUCION,CONSTITUCION,San Cristobal,3.0,CALLE,82.20508106041275,"LINESTRING (-58.41104035071228 -34.6275206742135, -58.4119333870953 -34.62758499791238)",descartado,0.0,,,,,
16527,GANA,GANA,Versalles,10.0,CALLE,118.5588932888786,"LINESTRING (-58.52853856241229 -34.62758421252894, -58.52886216290879 -34.62654952075268)",descartado,0.0,,,,,
16529,VIEL,VIEL,Caballito,6.0,CALLE,142.1958825021673,"LINESTRING (-58.43122170028661 -34.6263399619747, -58.43093530816855 -34.627599688972204)",descartado,0.0,,,,,
16537,LIMA,LIMA,Constitucion,1.0,CALLE,34.63763919577737,"LINESTRING (-58.38222219651298 -34.62728101694201, -58.38219170484273 -34.627592227729714)",descartado,0.0,,,,,
16557,20 DE SEPTIEMBRE,20 DE SEPTIEMBRE,La Boca,4.0,CALLE,36.33690657803714,"LINESTRING (-58.35943129776129 -34.62632455232375, -58.35967001401256 -34.62658598420792)",descartado,0.0,,,,,
16567,CONSTITUCION,CONSTITUCION,Boedo,5.0,CALLE,130.4206462444169,"LINESTRING (-58.4119333870953 -34.62758499791238, -58.413194868331885 -34.627675805291794, -58.413350168078075 -34.62768748883079)",descartado,0.0,,,,,
16586,MIRO,MIRO,Caballito,6.0,CALLE,110.8201051238719,"LINESTRING (-58.448784800599164 -34.62682134985446, -58.44840944501223 -34.62777089255695)",descartado,0.0,,,,,
16589,CONSTITUCION,CONSTITUCION,Boedo,5.0,CALLE,112.8422065662626,"LINESTRING (-58.413350168078075 -34.62768748883079, -58.41457561495016 -34.62777967563483)",descartado,0.0,,,,,
16590,MAZA,MAZA,Boedo,5.0,CALLE,109.3835278375052,"LINESTRING (-58.41459680772079 -34.62679382825971, -58.41457561495016 -34.62777967563483)",descartado,0.0,,,,,
16596,LIMA,LIMA,Constitucion,1.0,CALLE,99.3967239307461,"LINESTRING (-58.38018543959765 -34.6263698077313, -58.380039731692975 -34.62665597905905, -58.379822244199936 -34.627213186434744)",descartado,0.0,,,,,
16614,LIMA,LIMA,Constitucion,1.0,CALLE,27.26694794015181,"LINESTRING (-58.38219170484273 -34.627592227729714, -58.382167697568704 -34.62783721436645)",descartado,0.0,,,,,
16616,GANA,GANA,Versalles,10.0,CALLE,32.02673287922111,"LINESTRING (-58.5284523955522 -34.627863979900845, -58.528487574340346 -34.62774741055844, -58.52853856241229 -34.62758421252894)",descartado,0.0,,,,,
16617,CONSTITUCION,CONSTITUCION,Boedo,5.0,CALLE,125.3636672576299,"LINESTRING (-58.41457561495016 -34.62777967563483, -58.41593796911193 -34.62787331182943)",descartado,0.0,,,,,
16640,ROMA,ROMA,Versalles,10.0,CALLE,158.6174293213697,"LINESTRING (-58.52172814975429 -34.62793309117165, -58.52215271114425 -34.62654702692623)",descartado,0.0,,,,,
16650,CONSTITUCION,CONSTITUCION,Boedo,5.0,CALLE,60.83410147236892,"LINESTRING (-58.41593796911193 -34.62787331182943, -58.41658963924847 -34.62797588817625)",descartado,0.0,,,,,
16651,CONSTITUCION,CONSTITUCION,Boedo,5.0,CALLE,63.42936956247848,"LINESTRING (-58.41658963924847 -34.62797588817625, -58.41675213339499 -34.627921090545776, -58.417152066426 -34.62785581926596, -58.41725992643724 -34.627845859917024)",descartado,0.0,,,,,
16672,CONSTITUCION,CONSTITUCION,Boedo,5.0,CALLE,56.62809666790731,"LINESTRING (-58.41658963924847 -34.62797588817625, -58.41719624760859 -34.62807140168695)",descartado,0.0,,,,,
16692,"PAZ, GRAL. AV.",GRAL. AV. PAZ,Versalles,10.0,AVENIDA,121.9143238234336,"LINESTRING (-58.52980758280641 -34.62703500014507, -58.52974456366668 -34.62813272236007)",descartado,0.0,,,,,
16696,GANA,GANA,Versalles,10.0,CALLE,32.11702889248245,"LINESTRING (-58.528367592088905 -34.628144873244636, -58.52840837967617 -34.62801013172969, -58.5284523955522 -34.627863979900845)",descartado,0.0,,,,,
16718,CONSTITUCION,CONSTITUCION,Boedo,5.0,CALLE,99.81701060087215,"LINESTRING (-58.41719624760859 -34.62807140168695, -58.418265503650176 -34.62823976071114)",descartado,0.0,,,,,
16727,PERU,PERU,Barracas,4.0,CALLE,161.8944635806888,"LINESTRING (-58.37386302877915 -34.626812652176774, -58.373500313773135 -34.628240863943134)",descartado,0.0,,,,,
16729,GOYA,GOYA,Velez Sarsfield,10.0,CALLE,85.02315034107735,"LINESTRING (-58.49157378524544 -34.62827183991045, -58.49189795597915 -34.62755379876211)",descartado,0.0,,,,,
16788,CONSTITUCION,CONSTITUCION,Boedo,5.0,CALLE,136.0659454060764,"LINESTRING (-58.418265503650176 -34.62823976071114, -58.41939550211106 -34.62841763938279, -58.41972364263492 -34.62846670124247)",descartado,0.0,,,,,
16822,PUAN,PUAN,Caballito,6.0,CALLE,131.7799869494996,"LINESTRING (-58.447032953717155 -34.62747303742645, -58.44657089804002 -34.62859784636182)",descartado,0.0,,,,,
16838,CONSTITUCION,CONSTITUCION,Boedo,5.0,CALLE,113.1856989128831,"LINESTRING (-58.41972364263492 -34.62846670124247, -58.42093824308006 -34.628648116977516)",descartado,0.0,,,,,
16859,24 DE NOVIEMBRE,24 DE NOVIEMBRE,San Cristobal,3.0,CALLE,142.8346837538325,"LINESTRING (-58.41009475420259 -34.6274525886265, -58.40997560019414 -34.62873635323045)",descartado,0.0,,,,,
16871,MIRO,MIRO,Caballito,6.0,CALLE,122.2193377635838,"LINESTRING (-58.44840944501223 -34.62777089255695, -58.447995470039174 -34.62881810622565)",descartado,0.0,,,,,
16879,MAZA,MAZA,Boedo,5.0,CALLE,117.9081228621925,"LINESTRING (-58.41457561495016 -34.62777967563483, -58.41455284323388 -34.62884235402063)",descartado,0.0,,,,,
16882,CONSTITUCION,CONSTITUCION,Boedo,5.0,CALLE,124.1794871948605,"LINESTRING (-58.42093824308006 -34.628648116977516, -58.422270834047566 -34.6288470957594)",descartado,0.0,,,,,
16903,VIEL,VIEL,Parque Chacabuco,7.0,CALLE,149.4296876855073,"LINESTRING (-58.43093530816855 -34.627599688972204, -58.43063431406052 -34.628923496318)",descartado,0.0,,,,,
16906,"PAZ, GRAL. AV.",GRAL. AV. PAZ,Versalles,10.0,AVENIDA,86.4150205929951,"LINESTRING (-58.52974456366668 -34.62813272236007, -58.52969432283936 -34.62891057487057)",descartado,0.0,,,,,
16916,GOYA,GOYA,Velez Sarsfield,10.0,CALLE,125.4288470649762,"LINESTRING (-58.49037883474522 -34.62897993558436, -58.49054355512083 -34.62884109459641, -58.491336402584245 -34.62817259785185)",descartado,0.0,,,,,
16927,LIMA,LIMA,Constitucion,1.0,CALLE,132.7242273026305,"LINESTRING (-58.381435667116044 -34.62780278123993, -58.38139947401834 -34.62882896491963, -58.381393854810185 -34.62899868122457)",descartado,0.0,,,,,
16933,CONSTITUCION,CONSTITUCION,Boedo,5.0,CALLE,122.2769046680384,"LINESTRING (-58.422270834047566 -34.6288470957594, -58.42358588931088 -34.6290293639511)",descartado,0.0,,,,,
16955,20 DE SEPTIEMBRE,20 DE SEPTIEMBRE,La Boca,4.0,CALLE,65.4153144594381,"LINESTRING (-58.36158330591881 -34.62866541963836, -58.3616672936609 -34.62869861821958, -58.36208498770138 -34.629077638621474)",descartado,0.0,,,,,
16997,CONSTITUCION,CONSTITUCION,Boedo,5.0,CALLE,133.0411856803766,"LINESTRING (-58.42358588931088 -34.6290293639511, -58.425016722338896 -34.62922764044042)",descartado,0.0,,,,,
17005,GANA,GANA,Versalles,10.0,CALLE,127.0887556578059,"LINESTRING (-58.52803074840951 -34.62925612057258, -58.528367592088905 -34.628144873244636)",descartado,0.0,,,,,
17029,ROMA,ROMA,Versalles,10.0,CALLE,158.8097812788595,"LINESTRING (-58.521300763686696 -34.62932035216884, -58.521332213998605 -34.629217378377774, -58.521691345275094 -34.62805325093248, -58.52172814975429 -34.62793309117165)",descartado,0.0,,,,,
17042,CONSTITUCION,CONSTITUCION,Boedo,5.0,CALLE,111.3687702537638,"LINESTRING (-58.425016722338896 -34.62922764044042, -58.42621448375365 -34.62939357563569)",descartado,0.0,,,,,
17070,PERU,PERU,Barracas,4.0,CALLE,138.4345909852973,"LINESTRING (-58.373500313773135 -34.628240863943134, -58.37319144465323 -34.62946233894781)",descartado,0.0,,,,,
17071,20 DE SEPTIEMBRE,20 DE SEPTIEMBRE,La Boca,4.0,CALLE,54.09227868908428,"LINESTRING (-58.36208498770138 -34.629077638621474, -58.36235139793178 -34.62935279177531, -58.36245350373579 -34.62945837026622)",descartado,0.0,,,,,
17115,VIGO,VIGO,Villa Luro,10.0,PASAJE,125.7723429250959,"LINESTRING (-58.509618201291204 -34.62963922451134, -58.51064002604452 -34.62888297911816)",descartado,0.0,,,,,
17138,ROMA,ROMA,Versalles,10.0,CALLE,51.101338543415,"LINESTRING (-58.521164336390996 -34.62976697094954, -58.521300763686696 -34.62932035216884)",descartado,0.0,,,,,
17149,PUAN,PUAN,Caballito,6.0,CALLE,143.1111095273299,"LINESTRING (-58.44657089804002 -34.62859784636182, -58.44647492252419 -34.628831568079825, -58.44606178264138 -34.62981729558767)",descartado,0.0,,,,,
17158,MAZA,MAZA,Boedo,5.0,CALLE,111.6024867485614,"LINESTRING (-58.41455284323388 -34.62884235402063, -58.41453129690868 -34.62984820112322)",descartado,0.0,,,,,
17167,24 DE NOVIEMBRE,24 DE NOVIEMBRE,San Cristobal,3.0,CALLE,128.0172578013511,"LINESTRING (-58.40997560019414 -34.62873635323045, -58.40989110054086 -34.62964695969988, -58.40987135175627 -34.629887094414435)",descartado,0.0,,,,,
17179,GOYA,GOYA,Velez Sarsfield,10.0,CALLE,152.9860942750127,"LINESTRING (-58.489206099398125 -34.62996069370359, -58.48941392345106 -34.629793253247875, -58.49037883474522 -34.62897993558436)",descartado,0.0,,,,,
17188,VIEL,VIEL,Parque Chacabuco,7.0,CALLE,118.7782804367768,"LINESTRING (-58.43063431406052 -34.628923496318, -58.43039509918509 -34.62997576715669)",descartado,0.0,,,,,
17206,MIRO,MIRO,Caballito,6.0,CALLE,142.0654998800979,"LINESTRING (-58.447995470039174 -34.62881810622565, -58.44751431863076 -34.63003538185675)",descartado,0.0,,,,,
17255,LIMA,LIMA,Constitucion,1.0,CALLE,130.3926579033766,"LINESTRING (-58.381393854810185 -34.62899868122457, -58.38135700316967 -34.63017366858437)",descartado,0.0,,,,,
17289,ROMA,ROMA,Versalles,10.0,CALLE,62.20686971806285,"LINESTRING (-58.52099824158675 -34.63031064684396, -58.521164336390996 -34.62976697094954)",descartado,0.0,,,,,
17313,MAZA,MAZA,Boedo,5.0,CALLE,61.40749540804732,"LINESTRING (-58.41453129690868 -34.62984820112322, -58.41451947162238 -34.630401652884814)",descartado,0.0,,,,,
17325,20 DE SEPTIEMBRE,20 DE SEPTIEMBRE,La Boca,4.0,CALLE,124.3640234106286,"LINESTRING (-58.36245350373579 -34.62945837026622, -58.36329974526817 -34.63033438970921)",descartado,0.0,,,,,
17336,GOYA,GOYA,Velez Sarsfield,10.0,CALLE,78.28991274126186,"LINESTRING (-58.48859318315279 -34.63045195427696, -58.48870016361093 -34.630368410041825, -58.489206099398125 -34.62996069370359)",descartado,0.0,,,,,
17345,24 DE NOVIEMBRE,24 DE NOVIEMBRE,Parque Patricios,4.0,CALLE,65.05795180960033,"LINESTRING (-58.40987135175627 -34.629887094414435, -58.409851688865345 -34.63012596153499, -58.40981798507791 -34.63047186585173)",descartado,0.0,,,,,
17390,GANA,GANA,Versalles,10.0,CALLE,159.006822398031,"LINESTRING (-58.52760951183749 -34.63064649867741, -58.52799055443717 -34.62938888976776, -58.52803074840951 -34.62925612057258)",descartado,0.0,,,,,
17421,LIMA,LIMA,Constitucion,1.0,CALLE,62.76830106477063,"LINESTRING (-58.38135700316967 -34.63017366858437, -58.38133991898973 -34.630739296657616)",descartado,0.0,,,,,
17427,ROMA,ROMA,Versalles,10.0,CALLE,54.1577038282725,"LINESTRING (-58.52085356546952 -34.6307839595233, -58.52099824158675 -34.63031064684396)",descartado,0.0,,,,,
17431,15 DE NOVIEMBRE DE 1889,15 DE NOVIEMBRE DE 1889,Constitucion,1.0,CALLE,54.87684241794746,"LINESTRING (-58.38133991898973 -34.630739296657616, -58.38193479044982 -34.63079321660471)",descartado,0.0,,,,,
17453,15 DE NOVIEMBRE DE 1889,15 DE NOVIEMBRE DE 1889,Constitucion,1.0,CALLE,32.80134911082126,"LINESTRING (-58.38193479044982 -34.63079321660471, -58.38229035842627 -34.63082546643503)",descartado,0.0,,,,,
17490,PUAN,PUAN,Parque Chacabuco,7.0,CALLE,140.3880327837952,"LINESTRING (-58.44606178264138 -34.62981729558767, -58.44596333339169 -34.63005214327855, -58.445546012974525 -34.63100878343467)",descartado,0.0,,,,,
17491,15 DE NOVIEMBRE DE 1889,15 DE NOVIEMBRE DE 1889,Constitucion,1.0,CALLE,133.106393934341,"LINESTRING (-58.38266613494361 -34.63085954801581, -58.3828512500264 -34.63087636056211, -58.38391176419284 -34.63097438036221, -58.3841088065273 -34.630991973418254)",descartado,0.0,,,,,
17494,MAZA,MAZA,Boedo,5.0,CALLE,68.97129600073318,"LINESTRING (-58.41451947162238 -34.630401652884814, -58.414506072728976 -34.63102327368222)",descartado,0.0,,,,,
17496,VIEL,VIEL,Parque Chacabuco,7.0,CALLE,119.0647916804207,"LINESTRING (-58.43039509918509 -34.62997576715669, -58.43015528087541 -34.63103057241538)",descartado,0.0,,,,,
17508,"PAZ, GRAL. AV.",GRAL. AV. PAZ,Versalles,10.0,AVENIDA,237.9765953031978,"LINESTRING (-58.52969432283936 -34.62891057487057, -58.52956814999181 -34.631053200911225)",descartado,0.0,,,,,
17530,GOYA,GOYA,Velez Sarsfield,10.0,PASAJE,109.2924174635237,"LINESTRING (-58.487726940231724 -34.631128616769026, -58.48859318315279 -34.63045195427696)",descartado,0.0,,,,,
17539,15 DE NOVIEMBRE DE 1889,15 DE NOVIEMBRE DE 1889,Constitucion,1.0,CALLE,130.6260023887598,"LINESTRING (-58.3841088065273 -34.630991973418254, -58.385297025381604 -34.63109823311743, -58.385525077494755 -34.63111830852661)",descartado,0.0,,,,,
17550,15 DE NOVIEMBRE DE 1889,15 DE NOVIEMBRE DE 1889,Constitucion,1.0,CALLE,111.9039705701716,"LINESTRING (-58.385525077494755 -34.63111830852661, -58.38653644759071 -34.63120754167705, -58.386738517438914 -34.6312253449187)",descartado,0.0,,,,,
17552,GANA,GANA,Versalles,10.0,CALLE,67.14640139121018,"LINESTRING (-58.527431648472344 -34.63123364058234, -58.52760951183749 -34.63064649867741)",descartado,0.0,,,,,
17555,24 DE NOVIEMBRE,24 DE NOVIEMBRE,Parque Patricios,4.0,CALLE,85.54575269420894,"LINESTRING (-58.40981798507791 -34.63047186585173, -58.40974311518788 -34.63124050289471)",descartado,0.0,,,,,
17578,15 DE NOVIEMBRE DE 1889,15 DE NOVIEMBRE DE 1889,Constitucion,1.0,CALLE,98.63311694173386,"LINESTRING (-58.386738517438914 -34.6312253449187, -58.3878080749693 -34.63131953366284)",descartado,0.0,,,,,
17589,20 DE SEPTIEMBRE,20 DE SEPTIEMBRE,La Boca,4.0,CALLE,130.3079065308496,"LINESTRING (-58.36339606093019 -34.63043409302319, -58.364283793600244 -34.631351297168955)",descartado,0.0,,,,,
17591,AYUI,AYUI,Versalles,10.0,PASAJE,8.085216603629465,"LINESTRING (-58.52730897755787 -34.631360396449296, -58.52739444363384 -34.63137830949651)",descartado,0.0,,,,,
17601,15 DE NOVIEMBRE DE 1889,15 DE NOVIEMBRE DE 1889,Constitucion,1.0,CALLE,112.9516149278589,"LINESTRING (-58.3878080749693 -34.63131953366284, -58.387984503215456 -34.631335065423315, -58.38903293667718 -34.631427117683856)",descartado,0.0,,,,,
17640,15 DE NOVIEMBRE DE 1889,15 DE NOVIEMBRE DE 1889,Constitucion,1.0,CALLE,150.1499477756762,"LINESTRING (-58.38903293667718 -34.631427117683856, -58.38923602995975 -34.631444917411116, -58.390665644477274 -34.631528454023496)",descartado,0.0,,,,,
17667,AYUI,AYUI,Versalles,10.0,PASAJE,113.8203256247117,"LINESTRING (-58.52739444363384 -34.63137830949651, -58.52859753397957 -34.63163070208188)",descartado,0.0,,,,,
17688,MAZA,MAZA,Boedo,5.0,CALLE,71.33085888496478,"LINESTRING (-58.414506072728976 -34.63102327368222, -58.414492320386174 -34.631666162095456)",descartado,0.0,,,,,
17691,15 DE NOVIEMBRE DE 1889,15 DE NOVIEMBRE DE 1889,Parque Patricios,4.0,CALLE,60.77355449582112,"LINESTRING (-58.390665644477274 -34.631528454023496, -58.391300822488205 -34.63168481810714)",descartado,0.0,,,,,
17697,15 DE NOVIEMBRE DE 1889,15 DE NOVIEMBRE DE 1889,Parque Patricios,4.0,CALLE,9.145765112470166,"LINESTRING (-58.391300822488205 -34.63168481810714, -58.39139639321926 -34.631708395848186)",descartado,0.0,,,,,
17713,DEL PROGRESO,DEL PROGRESO,Parque Chacabuco,7.0,CALLE,125.6477829142364,"LINESTRING (-58.44009401131791 -34.63081258427335, -58.43935363838494 -34.63176562005473)",descartado,0.0,,,,,
17718,GOYA,GOYA,Velez Sarsfield,10.0,PASAJE,105.7190590779715,"LINESTRING (-58.486895183354044 -34.631788505634496, -58.48762660165379 -34.63120701791762, -58.487726940231724 -34.631128616769026)",descartado,0.0,,,,,
17735,AYUI,AYUI,Versalles,10.0,PASAJE,87.55064172356438,"LINESTRING (-58.52859753397957 -34.63163070208188, -58.52952284259295 -34.63182520516872)",descartado,0.0,,,,,
17736,"PAZ, GRAL. AV.",GRAL. AV. PAZ,Versalles,10.0,AVENIDA,85.74408809501898,"LINESTRING (-58.52956814999181 -34.631053200911225, -58.52952284259295 -34.63182520516872)",descartado,0.0,,,,,
17769,VIEL,VIEL,Parque Chacabuco,7.0,CALLE,114.2968061101932,"LINESTRING (-58.43015528087541 -34.63103057241538, -58.429815066102 -34.63173041628822, -58.42971851649181 -34.63199468822387)",descartado,0.0,,,,,
17777,PUAN,PUAN,Parque Chacabuco,7.0,CALLE,119.8508360243444,"LINESTRING (-58.445546012974525 -34.63100878343467, -58.445102599560514 -34.63202506661944)",descartado,0.0,,,,,
17812,GANA,GANA,Versalles,10.0,CALLE,83.76824842152513,"LINESTRING (-58.52721243453517 -34.63211827162772, -58.52739444363384 -34.63137830949651)",descartado,0.0,,,,,
17833,DEL BUEN ORDEN,DEL BUEN ORDEN,Parque Chacabuco,7.0,CALLE,124.4751954189519,"LINESTRING (-58.44090981702604 -34.631251684988044, -58.440176267804176 -34.632195783194106)",descartado,0.0,,,,,
17856,MIRO,MIRO,Parque Chacabuco,7.0,CALLE,119.8483266259305,"LINESTRING (-58.44645789574362 -34.63130145101157, -58.44599949804434 -34.632313157827895)",descartado,0.0,,,,,
17857,20 DE SEPTIEMBRE,20 DE SEPTIEMBRE,La Boca,4.0,CALLE,131.4116995867371,"LINESTRING (-58.364283793600244 -34.631351297168955, -58.36517854715852 -34.63227660675913)",descartado,0.0,,,,,
17881,MAZA,MAZA,Boedo,5.0,CALLE,79.3378330897734,"LINESTRING (-58.414492320386174 -34.631666162095456, -58.4144799707997 -34.63224109256758, -58.41448074067766 -34.63238123513534)",descartado,0.0,,,,,
17916,GOYA,GOYA,Velez Sarsfield,10.0,CALLE,94.9642260041873,"LINESTRING (-58.486436000498 -34.63250979815364, -58.48680357412392 -34.631709508424684)",descartado,0.0,,,,,
17920,24 DE NOVIEMBRE,24 DE NOVIEMBRE,Parque Patricios,4.0,CALLE,141.8328124354632,"LINESTRING (-58.40974311518788 -34.63124050289471, -58.40963959921549 -34.632302299167065, -58.40961918522083 -34.63251489795482)",descartado,0.0,,,,,
17921,15 DE NOVIEMBRE DE 1889,15 DE NOVIEMBRE DE 1889,Parque Patricios,4.0,CALLE,310.4759175676379,"LINESTRING (-58.39139639321926 -34.631708395848186, -58.394641231613235 -34.63250759749253)",descartado,0.0,,,,,
17962,"PAZ, GRAL. AV.",GRAL. AV. PAZ,Versalles,10.0,AVENIDA,85.50961231045414,"LINESTRING (-58.52952284259295 -34.63182520516872, -58.52947761788677 -34.63259509656969)",descartado,0.0,,,,,
17985,DEL PROGRESO,DEL PROGRESO,Parque Chacabuco,7.0,CALLE,128.5862699797279,"LINESTRING (-58.43935363838494 -34.63176562005473, -58.438595861502925 -34.63274090141099)",descartado,0.0,,,,,
17988,15 DE NOVIEMBRE DE 1889,15 DE NOVIEMBRE DE 1889,Parque Patricios,4.0,CALLE,93.4243056674496,"LINESTRING (-58.394641231613235 -34.63250759749253, -58.39561765965015 -34.63274800476968)",descartado,0.0,,,,,
17998,ROMA,ROMA,Versalles,10.0,CALLE,230.2601641845048,"LINESTRING (-58.52023871685443 -34.63279638116049, -58.52085356546952 -34.6307839595233)",descartado,0.0,,,,,
18024,PUAN,PUAN,Parque Chacabuco,7.0,CALLE,101.1383456584664,"LINESTRING (-58.445102599560514 -34.63202506661944, -58.44472847701967 -34.63288269501646)",descartado,0.0,,,,,
18085,VIEL,VIEL,Parque Chacabuco,7.0,CALLE,117.1300728656176,"LINESTRING (-58.42971851649181 -34.63199468822387, -58.42963168955346 -34.632232342766514, -58.42942749066086 -34.633022082944976)",descartado,0.0,,,,,
18091,GANA,GANA,Versalles,10.0,CALLE,100.0832188404387,"LINESTRING (-58.52710969251627 -34.63301643295781, -58.52721243453517 -34.63211827162772)",descartado,0.0,,,,,
18099,15 DE NOVIEMBRE DE 1889,15 DE NOVIEMBRE DE 1889,Parque Patricios,4.0,CALLE,118.6295167395696,"LINESTRING (-58.39561765965015 -34.63274800476968, -58.39583180499382 -34.632800799992175, -58.39685995118278 -34.633046437233276)",descartado,0.0,,,,,
18138,DEL BUEN ORDEN,DEL BUEN ORDEN,Parque Chacabuco,7.0,CALLE,128.276464612743,"LINESTRING (-58.440176267804176 -34.632195783194106, -58.439420371666465 -34.633168745994496)",descartado,0.0,,,,,
18140,24 DE NOVIEMBRE,24 DE NOVIEMBRE,Parque Patricios,4.0,CALLE,72.36507931819057,"LINESTRING (-58.40961918522083 -34.63251489795482, -58.40960237421762 -34.63268904722918, -58.409544303393524 -34.63316423765216)",descartado,0.0,,,,,
18151,"PAZ, GRAL. AV.",GRAL. AV. PAZ,Versalles,10.0,AVENIDA,65.94701361814955,"LINESTRING (-58.52947761788677 -34.63259509656969, -58.52943940914665 -34.63318871471463)",descartado,0.0,,,,,
18187,MIRO,MIRO,Parque Chacabuco,7.0,CALLE,116.6937036305319,"LINESTRING (-58.44599949804434 -34.632313157827895, -58.445553193099315 -34.633298244525356)",descartado,0.0,,,,,
18217,15 DE NOVIEMBRE DE 1889,15 DE NOVIEMBRE DE 1889,Parque Patricios,4.0,CALLE,137.3040884889321,"LINESTRING (-58.39685995118278 -34.633046437233276, -58.39829842903102 -34.633390103036156)",descartado,0.0,,,,,
18224,REPUBLICA,REPUBLICA,Parque Chacabuco,7.0,CALLE,52.19455668339571,"LINESTRING (-58.4328107537439 -34.6333955849761, -58.43327107457057 -34.633418657153534, -58.43337859234672 -34.63342741605911)",descartado,0.0,,,,,
18227,REPUBLICA,REPUBLICA,Parque Chacabuco,7.0,CALLE,47.48882681144977,"LINESTRING (-58.43337859234672 -34.63342741605911, -58.43351746238696 -34.633438788189444, -58.433892407776206 -34.633480569726075)",descartado,0.0,,,,,
18253,24 DE NOVIEMBRE,24 DE NOVIEMBRE,Parque Patricios,4.0,CALLE,40.28035600439093,"LINESTRING (-58.409544303393524 -34.63316423765216, -58.409500107709526 -34.63352548934605)",descartado,0.0,,,,,
18256,REPUBLICA,REPUBLICA,Parque Chacabuco,7.0,CALLE,52.65893896278144,"LINESTRING (-58.433892407776206 -34.633480569726075, -58.43400597345778 -34.63349320281468, -58.434458014970446 -34.63356218447453)",descartado,0.0,,,,,
18262,VIEL,VIEL,Parque Chacabuco,7.0,CALLE,63.49560421760691,"LINESTRING (-58.42942749066086 -34.633022082944976, -58.429380386923775 -34.633204395626485, -58.42928336200339 -34.633581907584826)",descartado,0.0,,,,,
18264,DEL PROGRESO,DEL PROGRESO,Parque Chacabuco,7.0,CALLE,111.2688836133355,"LINESTRING (-58.438595861502925 -34.63274090141099, -58.4379401754052 -34.633584859830904)",descartado,0.0,,,,,
18279,GOYA,GOYA,Velez Sarsfield,10.0,CALLE,132.5339081561647,"LINESTRING (-58.485922901150545 -34.633626666212756, -58.486436000498 -34.63250979815364)",descartado,0.0,,,,,
18288,AZUL,AZUL,Floresta,10.0,CALLE,159.1457896935287,"LINESTRING (-58.475654518054995 -34.63231566052833, -58.475044947393044 -34.63365883291233)",descartado,0.0,,,,,
18292,MAZA,MAZA,Boedo,5.0,CALLE,143.2978703025818,"LINESTRING (-58.41448074067766 -34.63238123513534, -58.414486937336925 -34.63358371440841, -58.414462434301896 -34.63367060686624)",descartado,0.0,,,,,
18304,15 DE NOVIEMBRE DE 1889,15 DE NOVIEMBRE DE 1889,Parque Patricios,4.0,CALLE,133.7853023948706,"LINESTRING (-58.39829842903102 -34.633390103036156, -58.39970003422307 -34.63372500015976)",descartado,0.0,,,,,
18357,GOYA,GOYA,Velez Sarsfield,10.0,CALLE,38.05019727964911,"LINESTRING (-58.48577474122549 -34.633947048904936, -58.48589326939411 -34.6336912498142, -58.485922901150545 -34.633626666212756)",descartado,0.0,,,,,
18374,DEL BUEN ORDEN,DEL BUEN ORDEN,Parque Chacabuco,7.0,CALLE,110.9351341982523,"LINESTRING (-58.439420371666465 -34.633168745994496, -58.4387666508806 -34.63401017394739)",descartado,0.0,,,,,
18376,GANA,GANA,Versalles,10.0,CALLE,110.1344794991198,"LINESTRING (-58.52699594129368 -34.63400474154177, -58.52710969251627 -34.63301643295781)",descartado,0.0,,,,,
18398,15 DE NOVIEMBRE DE 1889,15 DE NOVIEMBRE DE 1889,Parque Patricios,4.0,CALLE,148.9057163056417,"LINESTRING (-58.39970003422307 -34.63372500015976, -58.401260093608116 -34.634097638289994)",descartado,0.0,,,,,
18410,"PAZ, GRAL. AV.",GRAL. AV. PAZ,Versalles,10.0,AVENIDA,103.4776693253428,"LINESTRING (-58.52943940914665 -34.63318871471463, -58.529381105221965 -34.63412023428552)",descartado,0.0,,,,,
18485,VIEL,VIEL,Parque Chacabuco,7.0,CALLE,87.73120471163875,"LINESTRING (-58.42928336200339 -34.633581907584826, -58.429084445529995 -34.6343554511421)",descartado,0.0,,,,,
18543,"PAZ, GRAL. AV.",GRAL. AV. PAZ,Versalles,10.0,AVENIDA,70.01124085826592,"LINESTRING (-58.529381105221965 -34.63412023428552, -58.52927671939866 -34.634224201133, -58.52907215900333 -34.63442793946389, -58.52894163898525 -34.63449053810653, -58.52883019750616 -34.63454398631497)",descartado,0.0,,,,,
18579,GOYA,GOYA,Velez Sarsfield,10.0,CALLE,82.98730978304263,"LINESTRING (-58.485451659607655 -34.63464582060429, -58.48577474122549 -34.633947048904936)",descartado,0.0,,,,,
18582,GANA,GANA,Versalles,10.0,CALLE,75.48285524912976,"LINESTRING (-58.526918160178 -34.634682112629456, -58.52699594129368 -34.63400474154177)",descartado,0.0,,,,,
18588,MAZA,MAZA,Boedo,5.0,CALLE,118.8442070648473,"LINESTRING (-58.414462434301896 -34.63367060686624, -58.414168734272494 -34.63471402024473)",descartado,0.0,,,,,
18596,24 DE NOVIEMBRE,24 DE NOVIEMBRE,Parque Patricios,4.0,CALLE,133.1339744736166,"LINESTRING (-58.409500107709526 -34.63352548934605, -58.40948880142598 -34.63361844302115, -58.40935904839938 -34.634531915761514, -58.40934955548786 -34.63471867393461)",descartado,0.0,,,,,
18641,DEL PROGRESO,DEL PROGRESO,Parque Chacabuco,7.0,CALLE,169.1116554372616,"LINESTRING (-58.4379401754052 -34.633584859830904, -58.43694362300441 -34.63486754853899)",descartado,0.0,,,,,
18686,DEL BUEN ORDEN,DEL BUEN ORDEN,Parque Chacabuco,7.0,PASAJE,139.1033515944575,"LINESTRING (-58.4387666508806 -34.63401017394739, -58.43794688171666 -34.63506522792843)",descartado,0.0,,,,,
18733,AZUL,AZUL,Floresta,10.0,CALLE,184.8994163859656,"LINESTRING (-58.475044947393044 -34.63365883291233, -58.4743366385494 -34.63521933699276)",descartado,0.0,,,,,
18758,GANA,GANA,Liniers,9.0,CALLE,70.43285705253403,"LINESTRING (-58.52684690378535 -34.6353142684959, -58.526918160178 -34.634682112629456)",descartado,0.0,,,,,
18790,24 DE NOVIEMBRE,24 DE NOVIEMBRE,Parque Patricios,4.0,CALLE,80.77569002746539,"LINESTRING (-58.40934955548786 -34.63471867393461, -58.40933833727479 -34.634938248555464, -58.40927053096683 -34.63544350507229)",descartado,0.0,,,,,
18806,VIEL,VIEL,Parque Chacabuco,7.0,CALLE,132.4286762918285,"LINESTRING (-58.429084445529995 -34.6343554511421, -58.42878431421596 -34.635523124411215)",descartado,0.0,,,,,
18944,MAZA,MAZA,Boedo,5.0,CALLE,151.5904369828274,"LINESTRING (-58.414168734272494 -34.63471402024473, -58.4141249348026 -34.63486956747969, -58.41381657602996 -34.63604910194054)",descartado,0.0,,,,,
18988,GANA,GANA,Liniers,9.0,CALLE,98.69071906581016,"LINESTRING (-58.52674508161389 -34.63619989324202, -58.52684690378535 -34.6353142684959)",descartado,0.0,,,,,
19029,VIEL,VIEL,Parque Chacabuco,7.0,CALLE,91.46836463670965,"LINESTRING (-58.42878431421596 -34.635523124411215, -58.42857693975181 -34.636329622555806)",descartado,0.0,,,,,
19049,"PAZ, GRAL. AV.",GRAL. AV. PAZ,Liniers,9.0,AVENIDA,82.37015593591445,"LINESTRING (-58.52927231432037 -34.63563805417278, -58.529227659301554 -34.63637963456853)",descartado,0.0,,,,,
19053,AZUL,AZUL,Floresta,10.0,CALLE,137.067007546348,"LINESTRING (-58.47439934927385 -34.63524207800221, -58.47388905948661 -34.63640340217131)",descartado,0.0,,,,,
19118,24 DE NOVIEMBRE,24 DE NOVIEMBRE,Parque Patricios,4.0,CALLE,136.9316782255416,"LINESTRING (-58.40927053096683 -34.63544350507229, -58.40924912741849 -34.63560279288224, -58.40915908689878 -34.636494521933905, -58.40914406034333 -34.63667331975281)",descartado,0.0,,,,,
19154,PUAN,PUAN,Parque Chacabuco,7.0,CALLE,83.62196149676575,"LINESTRING (-58.442807327097654 -34.636056996079056, -58.44263580322097 -34.636797326300126)",descartado,0.0,,,,,
19219,MIRO,MIRO,Parque Chacabuco,7.0,CALLE,83.7977373765476,"LINESTRING (-58.44407975201152 -34.63631671276265, -58.44390917572226 -34.637058805474084)",descartado,0.0,,,,,
19237,MAZA,MAZA,Boedo,5.0,CALLE,119.1201042622979,"LINESTRING (-58.41381657602996 -34.63604910194054, -58.413542196815435 -34.6370986480486)",descartado,0.0,,,,,
19291,GANA,GANA,Liniers,9.0,CALLE,117.1285205626308,"LINESTRING (-58.52662574620386 -34.63725109177378, -58.52674508161389 -34.63619989324202)",descartado,0.0,,,,,
19300,AZUL,AZUL,Floresta,10.0,CALLE,106.6685611708286,"LINESTRING (-58.47388905948661 -34.63640340217131, -58.47349195885571 -34.6373071769529)",descartado,0.0,,,,,
19302,LUNA,LUNA,Parque Patricios,4.0,CALLE,126.3569054955354,"LINESTRING (-58.40048762203231 -34.63620219257513, -58.400386449928995 -34.6364778472298, -58.400094099542834 -34.63729375996033)",descartado,0.0,,,,,
19339,ASIA,ASIA,Parque Chacabuco,7.0,PASAJE,125.030399118547,"LINESTRING (-58.440586462207996 -34.63637639448869, -58.4402059063625 -34.637458657177646)",descartado,0.0,,,,,
19352,VIEL,VIEL,Parque Chacabuco,7.0,CALLE,129.7251973180097,"LINESTRING (-58.42857693975181 -34.636329622555806, -58.42832885311216 -34.63729456075763, -58.428283535201516 -34.63747356350765)",descartado,0.0,,,,,
19410,24 DE NOVIEMBRE,24 DE NOVIEMBRE,Parque Patricios,4.0,CALLE,116.3773941670269,"LINESTRING (-58.40914406034333 -34.63667331975281, -58.40905604682738 -34.637719839623855)",descartado,0.0,,,,,
19482,PUAN,PUAN,Parque Chacabuco,7.0,CALLE,135.0047120413605,"LINESTRING (-58.44263580322097 -34.636797326300126, -58.44235893619813 -34.63799257195499)",descartado,0.0,,,,,
19511,RIO GRANDE,RIO GRANDE,Velez Sarsfield,10.0,CALLE,152.9046215703026,"LINESTRING (-58.488178881759495 -34.63674942625809, -58.48787536513179 -34.638104711728474)",descartado,0.0,,,,,
19553,MIRO,MIRO,Parque Chacabuco,7.0,CALLE,134.7934730991118,"LINESTRING (-58.44390917572226 -34.637058805474084, -58.4436347973695 -34.638252505062496)",descartado,0.0,,,,,
19567,GANA,GANA,Liniers,9.0,CALLE,116.3278301156349,"LINESTRING (-58.52650725439191 -34.63829510640764, -58.52662574620386 -34.63725109177378)",descartado,0.0,,,,,
19618,MAZA,MAZA,Boedo,5.0,CALLE,151.0416763894015,"LINESTRING (-58.413542196815435 -34.6370986480486, -58.41319419598501 -34.63842943329559)",descartado,0.0,,,,,
19623,AZUL,AZUL,Parque Avellaneda,9.0,CALLE,134.2990221502736,"LINESTRING (-58.47349195885571 -34.6373071769529, -58.47299195073529 -34.638445045195525)",descartado,0.0,,,,,
19644,LUNA,LUNA,Parque Patricios,4.0,CALLE,137.9326971765566,"LINESTRING (-58.400094099542834 -34.63729375996033, -58.3996670047447 -34.638485943069256)",descartado,0.0,,,,,
19710,VIEL,VIEL,Parque Chacabuco,7.0,CALLE,146.8103582174899,"LINESTRING (-58.428283535201516 -34.63747356350765, -58.42800479577105 -34.638574831334736, -58.42795333554343 -34.63876848016656)",descartado,0.0,,,,,
19739,"PAZ, GRAL. AV.",GRAL. AV. PAZ,Liniers,9.0,AVENIDA,276.2723745312097,"LINESTRING (-58.529227659301554 -34.63637963456853, -58.529167277441715 -34.63738284547022, -58.52915680903526 -34.63782862983414, -58.52909134101499 -34.638867266056764)",descartado,0.0,,,,,
19857,"PAZ, GRAL. AV.",GRAL. AV. PAZ,Versalles,10.0,AVENIDA,529.3349793031498,"LINESTRING (-58.530071250251446 -34.629906800155595, -58.53005909983338 -34.630596321360436, -58.53001323439875 -34.63148536510494, -58.52998411503831 -34.63213639460291, -58.52990905477876 -34.633585465580744, -58.529873571432745 -34.63406232835118, -58.52984406348528 -34.634674276460494)",descartado,0.0,,,,,
19873,PUAN,PUAN,Parque Chacabuco,7.0,CALLE,147.2378996011171,"LINESTRING (-58.44235893619813 -34.63799257195499, -58.44205698341657 -34.63929612321716)",descartado,0.0,,,,,
19911,AZUL,AZUL,Parque Avellaneda,9.0,CALLE,117.448820336766,"LINESTRING (-58.47299195073529 -34.638445045195525, -58.47255470928762 -34.639440158660946)",descartado,0.0,,,,,
19932,"PAZ, GRAL. AV.",GRAL. AV. PAZ,Liniers,9.0,AVENIDA,33.22713590431279,"LINESTRING (-58.52879503344126 -34.63934313398605, -58.528923825151836 -34.63940299485946, -58.52896781624517 -34.6394351545629, -58.529008741937844 -34.63946978071231, -58.52909159453028 -34.63951198993779)",descartado,0.0,,,,,
19933,"PAZ, GRAL. AV.",GRAL. AV. PAZ,Liniers,9.0,AVENIDA,28.21788622211653,"LINESTRING (-58.529279828869406 -34.63931752033677, -58.52912119240461 -34.63944429731502, -58.52909159453028 -34.63951198993779)",descartado,0.0,,,,,
19957,LUNA,LUNA,Parque Patricios,4.0,CALLE,132.9492912381534,"LINESTRING (-58.3996670047447 -34.638485943069256, -58.399308379219704 -34.639486820674165, -58.399177913201456 -34.639597578449695)",descartado,0.0,,,,,
19959,"PAZ, GRAL. AV.",GRAL. AV. PAZ,Liniers,9.0,AVENIDA,51.73118111317133,"LINESTRING (-58.52909159453028 -34.63951198993779, -58.52908405727135 -34.63957023395249, -58.52905566443351 -34.63997729508238)",descartado,0.0,,,,,
19963,MIRO,MIRO,Parque Chacabuco,7.0,CALLE,153.0208227230598,"LINESTRING (-58.4436347973695 -34.638252505062496, -58.443323223067274 -34.63960760761536)",descartado,0.0,,,,,
20028,VIEL,VIEL,Parque Chacabuco,7.0,CALLE,119.4311305881868,"LINESTRING (-58.42795333554343 -34.63876848016656, -58.42790870253353 -34.63893600395454, -58.42768653647935 -34.639822214853446)",descartado,0.0,,,,,
20122,PUAN,PUAN,Parque Chacabuco,7.0,CALLE,106.8382077973913,"LINESTRING (-58.44205698341657 -34.63929612321716, -58.44167315518062 -34.64020543011166)",descartado,0.0,,,,,
20186,POLA,POLA,Liniers,9.0,CALLE,128.9046519609156,"LINESTRING (-58.51299094782754 -34.63929320236389, -58.5126984319052 -34.64042973969891)",descartado,0.0,,,,,
20189,COBO AV.,COBO,,,AVENIDA,133.4621457335801,"LINESTRING (-58.423493655676694 -34.64019887948855, -58.42492006006727 -34.640438564184116)",descartado,0.0,,,,,
20218,AZUL,AZUL,Parque Avellaneda,9.0,CALLE,126.6598631890971,"LINESTRING (-58.47255470928762 -34.639440158660946, -58.47208312760296 -34.64051330173563)",descartado,0.0,,,,,
20220,TUYU,TUYU,Liniers,9.0,CALLE,143.1789184619323,"LINESTRING (-58.51429659674889 -34.6392444235305, -58.51397656916046 -34.64050766668151)",descartado,0.0,,,,,
20226,MIRO,MIRO,Parque Chacabuco,7.0,CALLE,107.5725431849426,"LINESTRING (-58.44326673538498 -34.63959372498525, -58.44292415429018 -34.640521141294734)",descartado,0.0,,,,,
20232,PUAN,PUAN,Parque Chacabuco,7.0,CALLE,37.96123011858425,"LINESTRING (-58.44167315518062 -34.64020543011166, -58.44155182196296 -34.64053259453518)",descartado,0.0,,,,,
20257,COBO AV.,COBO,,,AVENIDA,116.8373283895647,"LINESTRING (-58.42492006006727 -34.640438564184116, -58.42507128881053 -34.64046452740344, -58.426168404229934 -34.64064993842197)",descartado,0.0,,,,,
20284,COBO AV.,COBO,,,AVENIDA,56.29186809148517,"LINESTRING (-58.426168404229934 -34.64064993842197, -58.426769915601554 -34.64075152941878)",descartado,0.0,,,,,
20307,COBO AV.,COBO,,,AVENIDA,61.24384634244035,"LINESTRING (-58.426769915601554 -34.64075152941878, -58.42742433777691 -34.640862076763966)",descartado,0.0,,,,,
20308,VIEL,VIEL,Parque Chacabuco,7.0,CALLE,117.8374145582304,"LINESTRING (-58.42768653647935 -34.639822214853446, -58.4274699992388 -34.64068532807628, -58.42742433777691 -34.640862076763966)",descartado,0.0,,,,,
20337,COBO AV.,COBO,,,AVENIDA,53.68567018687448,"LINESTRING (-58.42742433777691 -34.640862076763966, -58.42799799165089 -34.640959005575176)",descartado,0.0,,,,,
20353,POLA,POLA,Liniers,9.0,CALLE,91.89768066941271,"LINESTRING (-58.51264048971841 -34.640426171573885, -58.51190438237393 -34.64098837346542)",descartado,0.0,,,,,
20368,COBO AV.,COBO,,,AVENIDA,53.33950724720546,"LINESTRING (-58.42799799165089 -34.640959005575176, -58.42835600416251 -34.6410194613215, -58.42856789794665 -34.64105550808076)",descartado,0.0,,,,,
20394,COBO AV.,COBO,,,AVENIDA,64.08175491171222,"LINESTRING (-58.42856789794665 -34.64105550808076, -58.42925248572966 -34.64117182889737)",descartado,0.0,,,,,
20420,LUNA,LUNA,Parque Patricios,4.0,CALLE,205.0521652705183,"LINESTRING (-58.399177913201456 -34.639597578449695, -58.39852216099482 -34.640184862427446, -58.39827136453332 -34.641213399786324)",descartado,0.0,,,,,
20428,PUAN,PUAN,Parque Chacabuco,7.0,CALLE,85.01901534094134,"LINESTRING (-58.44155182196296 -34.64053259453518, -58.44127999123359 -34.64126529866989)",descartado,0.0,,,,,
20436,COBO AV.,COBO,,,AVENIDA,62.72555415727352,"LINESTRING (-58.42925248572966 -34.64117182889737, -58.429733359688576 -34.641253653051, -58.42992387163635 -34.641279973172075)",descartado,0.0,,,,,
20464,MIRO,MIRO,Parque Chacabuco,7.0,CALLE,100.6775980901463,"LINESTRING (-58.44292415429018 -34.640521141294734, -58.44260356374537 -34.64138912309586)",descartado,0.0,,,,,
20474,PUNA,PUNA,Nueva Pompeya,4.0,CALLE,44.91318189584076,"LINESTRING (-58.414306560850996 -34.641425545499736, -58.41478343317854 -34.641332988867006)",descartado,0.0,,,,,
20502,COBO AV.,COBO,,,AVENIDA,115.7936627250047,"LINESTRING (-58.42992387163635 -34.641279973172075, -58.430125289624975 -34.64130770442558, -58.43092507411608 -34.641443131803925, -58.43115971499888 -34.64149312387723)",descartado,0.0,,,,,
20506,TAFI,TAFI,Liniers,9.0,PASAJE,120.120923199615,"LINESTRING (-58.517735632979345 -34.640419637538095, -58.5175522862636 -34.64149177075075)",descartado,0.0,,,,,
20532,MIRO,MIRO,Parque Chacabuco,7.0,CALLE,22.49418869797715,"LINESTRING (-58.44260356374537 -34.64138912309586, -58.44253194153432 -34.641583056266754)",descartado,0.0,,,,,
20538,AZUL,AZUL,Parque Avellaneda,9.0,CALLE,127.289953389355,"LINESTRING (-58.47208312760296 -34.64051330173563, -58.47160923371137 -34.641591795114465)",descartado,0.0,,,,,
20575,COBO AV.,COBO,,,AVENIDA,112.1393240519168,"LINESTRING (-58.43115971499888 -34.64149312387723, -58.43142306862112 -34.6415492498207, -58.4321151525758 -34.641692599006674, -58.43234579117919 -34.641739770847174)",descartado,0.0,,,,,
20578,PUNA,PUNA,Nueva Pompeya,4.0,CALLE,151.2563234870139,"LINESTRING (-58.412700560257015 -34.6417372163548, -58.414306560850996 -34.641425545499736)",descartado,0.0,,,,,
20581,"PAZ, GRAL. AV.",GRAL. AV. PAZ,Liniers,9.0,AVENIDA,138.8340187490223,"LINESTRING (-58.52901423160397 -34.640488307766475, -58.528953527898395 -34.641738773670646)",descartado,0.0,,,,,
20591,COBO AV.,COBO,Parque Chacabuco,7.0,AVENIDA,73.21934872490908,"LINESTRING (-58.43234579117919 -34.641739770847174, -58.43251781179206 -34.64177495553556, -58.433121803182516 -34.641895530063174)",descartado,0.0,,,,,
20623,POLA,POLA,Liniers,9.0,CALLE,146.7363626090356,"LINESTRING (-58.51190438237393 -34.64098837346542, -58.51072904291224 -34.641886097457444)",descartado,0.0,,,,,
20715,COBO AV.,COBO,Parque Chacabuco,7.0,AVENIDA,147.0496935089583,"LINESTRING (-58.433121803182516 -34.641895530063174, -58.434680737786096 -34.64220689444757)",descartado,0.0,,,,,
20744,LUGO,LUGO,Nueva Pompeya,4.0,PASAJE,117.8988506044764,"LINESTRING (-58.43106023851716 -34.6420363417328, -58.43230749699475 -34.64229483630085)",descartado,0.0,,,,,
20767,PUAN,PUAN,Parque Chacabuco,7.0,CALLE,126.0016432427601,"LINESTRING (-58.44127999123359 -34.64126529866989, -58.441222776528136 -34.6414196558671, -58.44088254950688 -34.642352559587216)",descartado,0.0,,,,,
20807,AZUL,AZUL,Parque Avellaneda,9.0,CALLE,108.4126640297466,"LINESTRING (-58.47160923371137 -34.641591795114465, -58.471205864846716 -34.64251042139174)",descartado,0.0,,,,,
20808,COBO AV.,COBO,Parque Chacabuco,7.0,AVENIDA,147.8133227293819,"LINESTRING (-58.434680737786096 -34.64220689444757, -58.43624777830272 -34.642519860421494)",descartado,0.0,,,,,
20837,MIRO,MIRO,Parque Chacabuco,7.0,CALLE,117.8879840298082,"LINESTRING (-58.44253194153432 -34.641583056266754, -58.44215651636503 -34.642599408933684)",descartado,0.0,,,,,
20896,POLA,POLA,Liniers,9.0,CALLE,147.0074975549196,"LINESTRING (-58.51072904291224 -34.641886097457444, -58.50955146359813 -34.64278543058135)",descartado,0.0,,,,,
20911,COBO AV.,COBO,Parque Chacabuco,7.0,AVENIDA,145.1359068334833,"LINESTRING (-58.43624777830272 -34.642519860421494, -58.43778645793938 -34.6428270960428)",descartado,0.0,,,,,
20921,MOM,MOM,Parque Chacabuco,7.0,CALLE,75.61549606541016,"LINESTRING (-58.434680737786096 -34.64220689444757, -58.43444593434905 -34.642860295372515)",descartado,0.0,,,,,
20951,"PAZ, GRAL. AV.",GRAL. AV. PAZ,Liniers,9.0,AVENIDA,137.7190695191638,"LINESTRING (-58.528953527898395 -34.641738773670646, -58.52887773211434 -34.64297861351382)",descartado,0.0,,,,,
20956,COBO AV.,COBO,Parque Chacabuco,7.0,AVENIDA,82.14276800198928,"LINESTRING (-58.43778645793938 -34.6428270960428, -58.43794186871134 -34.64285811463446, -58.438656469149414 -34.64300382573948)",descartado,0.0,,,,,
20988,COBO AV.,COBO,Parque Chacabuco,7.0,AVENIDA,53.82807056685505,"LINESTRING (-58.438656469149414 -34.64300382573948, -58.43922648132413 -34.64311999690774)",descartado,0.0,,,,,
21001,GUAL,GUAL,Nueva Pompeya,4.0,CALLE,167.3762655198627,"LINESTRING (-58.4270501755604 -34.64208465274364, -58.42577106403995 -34.64316110590991)",descartado,0.0,,,,,
21014,COBO AV.,COBO,Parque Chacabuco,7.0,AVENIDA,59.86306853334835,"LINESTRING (-58.43922648132413 -34.64311999690774, -58.439860398073094 -34.6432492059876)",descartado,0.0,,,,,
21021,ELIA,ELIA,Parque Patricios,4.0,CALLE,67.58739368296595,"LINESTRING (-58.408864173431354 -34.64266860031171, -58.40872702198544 -34.64326720595734)",descartado,0.0,,,,,
21029,LUNA,LUNA,Parque Patricios,4.0,CALLE,236.5319232246897,"LINESTRING (-58.39827136453332 -34.641213399786324, -58.3978366019096 -34.642996139866575, -58.39774629676196 -34.643300671320674)",descartado,0.0,,,,,
21045,COBO AV.,COBO,Parque Chacabuco,7.0,AVENIDA,60.45046254770646,"LINESTRING (-58.439860398073094 -34.6432492059876, -58.44050053670131 -34.643379680549565)",descartado,0.0,,,,,
21046,PUAN,PUAN,Parque Chacabuco,7.0,CALLE,119.2073340123161,"LINESTRING (-58.44088254950688 -34.642352559587216, -58.440831727934025 -34.64249205846657, -58.44050053670131 -34.643379680549565)",descartado,0.0,,,,,
21065,MOM,MOM,Parque Chacabuco,7.0,CALLE,66.88200212553286,"LINESTRING (-58.43444593434905 -34.642860295372515, -58.43423816486243 -34.64343820863235)",descartado,0.0,,,,,
21116,COBO AV.,COBO,Parque Chacabuco,7.0,AVENIDA,92.09716744478254,"LINESTRING (-58.44050053670131 -34.643379680549565, -58.44128893326798 -34.64354039011802, -58.44147621344548 -34.643577043800285)",descartado,0.0,,,,,
21168,POLA,POLA,Liniers,9.0,CALLE,147.7161253404203,"LINESTRING (-58.50955146359813 -34.64278543058135, -58.509407777784794 -34.64289520421892, -58.50836602089495 -34.64368714950372)",descartado,0.0,,,,,
21228,"PAZ, GRAL. AV.",GRAL. AV. PAZ,Liniers,9.0,AVENIDA,99.93413662496494,"LINESTRING (-58.52887773211434 -34.64297861351382, -58.52881973092953 -34.64387815906785)",descartado,0.0,,,,,
21238,ELIA,ELIA,Parque Patricios,4.0,CALLE,75.72201977182966,"LINESTRING (-58.40872702198544 -34.64326720595734, -58.40857329059242 -34.64393784678993)",descartado,0.0,,,,,
21269,PASAJE 5 BO. RIVADAVIA (SIN NOMBRE OFICIAL),5 BO. RIVADAVIA (SIN NOMBRE OFICIAL),Flores,7.0,CALLE,66.42514481895758,"LINESTRING (-58.4439918614601 -34.643506974494706, -58.44381278652014 -34.644087162098835)",descartado,0.0,,,,,
21283,"PAZ, JOSE C.",JOSE C. PAZ,Parque Patricios,4.0,CALLE,188.0478670358311,"LINESTRING (-58.402219575908305 -34.64379102599164, -58.40422882841981 -34.64413131432172)",descartado,0.0,,,,,
21286,PASAJE 4 BO. RIVADAVIA (SIN NOMBRE OFICIAL),4 BO. RIVADAVIA (SIN NOMBRE OFICIAL),Flores,7.0,CALLE,57.89402401358488,"LINESTRING (-58.44428196714842 -34.64364476770945, -58.444128303511214 -34.64415094502955)",descartado,0.0,,,,,
21288,GUAL,GUAL,Nueva Pompeya,4.0,CALLE,153.2997967688181,"LINESTRING (-58.42577106403995 -34.64316110590991, -58.42459949640165 -34.644147015512495)",descartado,0.0,,,,,
21308,GUAL,GUAL,Nueva Pompeya,4.0,CALLE,15.76850984942756,"LINESTRING (-58.42459949640165 -34.644147015512495, -58.42453462635608 -34.64420157282045, -58.42447972909821 -34.64424902053425)",descartado,0.0,,,,,
21314,PASAJE 3 BO. RIVADAVIA (SIN NOMBRE OFICIAL),3 BO. RIVADAVIA (SIN NOMBRE OFICIAL),Flores,7.0,CALLE,49.27486879295934,"LINESTRING (-58.44457539660027 -34.643784180473304, -58.4444399867012 -34.64421402231939)",descartado,0.0,,,,,
21316,GENA,GENA,Parque Patricios,4.0,PASAJE,64.04264411130468,"LINESTRING (-58.41240202013952 -34.64364647430232, -58.41226457163037 -34.64421247781882)",descartado,0.0,,,,,
21326,PASAJE 2 BO. RIVADAVIA (SIN NOMBRE OFICIAL),2 BO. RIVADAVIA (SIN NOMBRE OFICIAL),Flores,7.0,CALLE,45.97808882398726,"LINESTRING (-58.44484992106976 -34.64387591321762, -58.44486371340041 -34.64392838052732, -58.444750903521246 -34.6442768874261)",descartado,0.0,,,,,
21342,PASAJE 1 BO. RIVADAVIA (SIN NOMBRE OFICIAL),1 BO. RIVADAVIA (SIN NOMBRE OFICIAL),Flores,7.0,CALLE,28.97873723384874,"LINESTRING (-58.445146063141756 -34.64408807209411, -58.44506173558552 -34.644339822149995)",descartado,0.0,,,,,
21356,"PAZ, GRAL. AV.",GRAL. AV. PAZ,Liniers,9.0,AVENIDA,54.35262649731364,"LINESTRING (-58.52881973092953 -34.64387815906785, -58.52877853288873 -34.64436691751977)",descartado,0.0,,,,,
21369,"PAZ, JOSE C.",JOSE C. PAZ,Parque Patricios,4.0,CALLE,131.9663380402307,"LINESTRING (-58.40422882841981 -34.64413131432172, -58.40563862855006 -34.64437107549842)",descartado,0.0,,,,,
21393,"PAZ, JOSE C.",JOSE C. PAZ,Parque Patricios,4.0,CALLE,64.45019926203973,"LINESTRING (-58.40563862855006 -34.64437107549842, -58.40632781413409 -34.64448548484229)",descartado,0.0,,,,,
21415,MOM,MOM,Parque Chacabuco,7.0,CALLE,131.5454468558467,"LINESTRING (-58.43423816486243 -34.64343820863235, -58.43420012464215 -34.64354404551361, -58.433838301946075 -34.6445769953182)",descartado,0.0,,,,,
21426,POLA,POLA,Liniers,9.0,CALLE,147.3253619045642,"LINESTRING (-58.50836602089495 -34.64368714950372, -58.50718336305253 -34.644586179699104)",descartado,0.0,,,,,
21430,LUNA,LUNA,Parque Patricios,4.0,CALLE,148.0369270451889,"LINESTRING (-58.39774629676196 -34.643300671320674, -58.39766778133743 -34.64356520871266, -58.39726271343351 -34.64457311289661)",descartado,0.0,,,,,
21435,"PAZ, JOSE C.",JOSE C. PAZ,Parque Patricios,4.0,CALLE,60.52940775592405,"LINESTRING (-58.40632781413409 -34.64448548484229, -58.40697508289985 -34.64459289905029)",descartado,0.0,,,,,
21444,PASAJE 11 BO. RIVADAVIA (SIN NOMBRE OFICIAL),11 BO. RIVADAVIA (SIN NOMBRE OFICIAL),Flores,7.0,CALLE,117.0769061323197,"LINESTRING (-58.44159354040507 -34.643600586062966, -58.44128685723604 -34.644625046584466)",descartado,0.0,,,,,
21478,"PAZ, JOSE C.",JOSE C. PAZ,Parque Patricios,4.0,CALLE,66.6810202255507,"LINESTRING (-58.40697508289985 -34.64459289905029, -58.40768812842652 -34.644711255415615)",descartado,0.0,,,,,
21488,PUAN,PUAN,Parque Chacabuco,7.0,CALLE,158.1354862876583,"LINESTRING (-58.44050053670131 -34.643379680549565, -58.4399923098171 -34.64474184924223)",descartado,0.0,,,,,
21490,PASAJE 10 BO. RIVADAVIA (SIN NOMBRE OFICIAL),10 BO. RIVADAVIA (SIN NOMBRE OFICIAL),Flores,7.0,CALLE,115.2330913461948,"LINESTRING (-58.44227330531797 -34.64373697390189, -58.44196569712774 -34.64474411186477)",descartado,0.0,,,,,
21509,PASAJE 9 BO. RIVADAVIA (SIN NOMBRE OFICIAL),9 BO. RIVADAVIA (SIN NOMBRE OFICIAL),Flores,7.0,CALLE,116.6311232243965,"LINESTRING (-58.442570674729254 -34.64378251814736, -58.442279085443666 -34.6448058569306)",descartado,0.0,,,,,
21514,"PAZ, JOSE C.",JOSE C. PAZ,Parque Patricios,4.0,CALLE,63.73314966868302,"LINESTRING (-58.40768812842652 -34.644711255415615, -58.408369651550466 -34.6448243821064)",descartado,0.0,,,,,
21515,ELIA,ELIA,Parque Patricios,4.0,CALLE,100.10581654234,"LINESTRING (-58.40857329059242 -34.64393784678993, -58.40840015820208 -34.64469312718732, -58.408369651550466 -34.6448243821064)",descartado,0.0,,,,,
21516,"GARCIA GRANDE DE ZEQUEIRA, SEVERO",SEVERO GARCIA GRANDE DE ZEQUEIRA,Mataderos,9.0,CALLE,57.56026584232988,"LINESTRING (-58.49914405741268 -34.6444472571904, -58.49956167037171 -34.644834672086)",descartado,0.0,,,,,
21529,"CARRERAS, SEGUNDO IÑIGO",SEGUNDO INIGO CARRERAS,Liniers,9.0,CALLE,78.66919525955743,"LINESTRING (-58.52814715971908 -34.64484711786564, -58.52877853288873 -34.64436691751977)",descartado,0.0,,,,,
21531,PASAJE 8 BO. RIVADAVIA (SIN NOMBRE OFICIAL),8 BO. RIVADAVIA (SIN NOMBRE OFICIAL),Flores,7.0,CALLE,128.7832073562023,"LINESTRING (-58.44292984225759 -34.64374250791445, -58.44259298501514 -34.6448695027013)",descartado,0.0,,,,,
21537,"PAZ, GRAL. AV.",GRAL. AV. PAZ,Liniers,9.0,AVENIDA,56.54691439145635,"LINESTRING (-58.52877853288873 -34.64436691751977, -58.528728743268324 -34.64487497645601)",descartado,0.0,,,,,
21550,GENA,GENA,Parque Patricios,4.0,SENDERO,20.4303121689254,"LINESTRING (-58.41226457163037 -34.64421247781882, -58.4122199909656 -34.6443929165722)",descartado,0.0,,,,,
21555,PASAJE 7 BO. RIVADAVIA (SIN NOMBRE OFICIAL),7 BO. RIVADAVIA (SIN NOMBRE OFICIAL),Flores,7.0,CALLE,108.5358446217613,"LINESTRING (-58.44318174341602 -34.64398158957469, -58.442901261425604 -34.64493209037637)",descartado,0.0,,,,,
21562,TOLL,TOLL,Barracas,4.0,CALLE,154.9288503791479,"LINESTRING (-58.38691047734634 -34.644199442936646, -58.38713825337502 -34.644374727636944, -58.388349620785604 -34.64491858103168)",descartado,0.0,,,,,
21585,PASAJE 6 BO. RIVADAVIA (SIN NOMBRE OFICIAL),6 BO. RIVADAVIA (SIN NOMBRE OFICIAL),Flores,7.0,CALLE,110.9428104361151,"LINESTRING (-58.44350025223402 -34.64402387179733, -58.443216014004676 -34.644995945954236)",descartado,0.0,,,,,
21603,"PAZ, JOSE C.",JOSE C. PAZ,Parque Patricios,4.0,CALLE,125.7855232528983,"LINESTRING (-58.408369651550466 -34.6448243821064, -58.409714725813906 -34.64504765839248)",descartado,0.0,,,,,
21608,PASAJE 5 BO. RIVADAVIA (SIN NOMBRE OFICIAL),5 BO. RIVADAVIA (SIN NOMBRE OFICIAL),Flores,7.0,CALLE,110.9527731967115,"LINESTRING (-58.44381278652014 -34.644087162098835, -58.443529148146396 -34.6450594483412)",descartado,0.0,,,,,
21626,PASAJE 4 BO. RIVADAVIA (SIN NOMBRE OFICIAL),4 BO. RIVADAVIA (SIN NOMBRE OFICIAL),Flores,7.0,CALLE,110.9761620990317,"LINESTRING (-58.444128303511214 -34.64415094502955, -58.44383938573045 -34.64512238607654)",descartado,0.0,,,,,
21634,"GARCIA GRANDE DE ZEQUEIRA, SEVERO",SEVERO GARCIA GRANDE DE ZEQUEIRA,Mataderos,9.0,CALLE,46.89670916191903,"LINESTRING (-58.49956167037171 -34.644834672086, -58.499901969377156 -34.64515027719266)",descartado,0.0,,,,,
21642,PASAJE 3 BO. RIVADAVIA (SIN NOMBRE OFICIAL),3 BO. RIVADAVIA (SIN NOMBRE OFICIAL),Flores,7.0,CALLE,110.9973542719346,"LINESTRING (-58.4444399867012 -34.64421402231939, -58.44415183915278 -34.645185816331725)",descartado,0.0,,,,,
21648,GUAL,GUAL,Nueva Pompeya,4.0,CALLE,151.945853949108,"LINESTRING (-58.42447972909821 -34.64424902053425, -58.42330370991661 -34.64521407084612)",descartado,0.0,,,,,
21652,PASAJE 2 BO. RIVADAVIA (SIN NOMBRE OFICIAL),2 BO. RIVADAVIA (SIN NOMBRE OFICIAL),Flores,7.0,CALLE,111.0191787633158,"LINESTRING (-58.444750903521246 -34.6442768874261, -58.4444645486841 -34.64524924582531)",descartado,0.0,,,,,
21668,"PAZ, JOSE C.",JOSE C. PAZ,Parque Patricios,4.0,CALLE,130.420522382937,"LINESTRING (-58.409714725813906 -34.64504765839248, -58.40995277926407 -34.64508712927327, -58.41110896782967 -34.645280800123565)",descartado,0.0,,,,,
21675,PASAJE 1 BO. RIVADAVIA (SIN NOMBRE OFICIAL),1 BO. RIVADAVIA (SIN NOMBRE OFICIAL),Flores,7.0,CALLE,111.0304630691104,"LINESTRING (-58.44506173558552 -34.644339822149995, -58.444775213722224 -34.64531225166728)",descartado,0.0,,,,,
21706,TOLL,TOLL,Barracas,4.0,CALLE,116.8047337332328,"LINESTRING (-58.388349620785604 -34.64491858103168, -58.38946909779373 -34.645421169254085)",descartado,0.0,,,,,
21712,"PAZ, GRAL. AV.",GRAL. AV. PAZ,Liniers,9.0,AVENIDA,545.7183103902047,"LINESTRING (-58.52926023479353 -34.64308150601761, -58.52915940207869 -34.64410007977741, -58.52909236690138 -34.645017133159755, -58.529126695117235 -34.64558412519918, -58.52913970734535 -34.6459726253826, -58.52911043247711 -34.64644164985314, -58.529051580585765 -34.64699819183821, -58.52901793164584 -34.64729221536528, -58.528954953750954 -34.64798876199806)",descartado,0.0,,,,,
21724,POLA,POLA,Liniers,9.0,CALLE,147.8003718615543,"LINESTRING (-58.50718336305253 -34.644586179699104, -58.50614752631713 -34.64537359661986, -58.505998040154914 -34.64548914292839)",descartado,0.0,,,,,
21730,"CARRERAS, SEGUNDO IÑIGO",SEGUNDO INIGO CARRERAS,Liniers,9.0,CALLE,110.8072102773843,"LINESTRING (-58.52725467079106 -34.64552062265606, -58.52814715971908 -34.64484711786564)",descartado,0.0,,,,,
21736,"PAZ, JOSE C.",JOSE C. PAZ,Parque Patricios,4.0,CALLE,161.0652854681288,"LINESTRING (-58.41110896782967 -34.645280800123565, -58.41261960408638 -34.6455337632255, -58.41283073607834 -34.645569062332775)",descartado,0.0,,,,,
21742,MOM,MOM,Parque Chacabuco,7.0,CALLE,117.2056321737089,"LINESTRING (-58.433838301946075 -34.6445769953182, -58.43348286759297 -34.64559184669698)",descartado,0.0,,,,,
21794,MOM,MOM,Nueva Pompeya,4.0,CALLE,20.03364174654248,"LINESTRING (-58.433537734894315 -34.64561636733792, -58.43337757872341 -34.645739216448845)",descartado,0.0,,,,,
21799,PASAJE 18 BO. RIVADAVIA (SIN NOMBRE OFICIAL),18 BO. RIVADAVIA (SIN NOMBRE OFICIAL),Flores,7.0,CALLE,111.3642759140376,"LINESTRING (-58.442125373682515 -34.64477463290076, -58.44183847441775 -34.645750083569595)",descartado,0.0,,,,,
21806,"PAZ, JOSE C.",JOSE C. PAZ,Nueva Pompeya,4.0,CALLE,31.50149289911426,"LINESTRING (-58.41421820705434 -34.645753996308144, -58.41456169831414 -34.64574723261056)",descartado,0.0,,,,,
21807,"PAZ, JOSE C.",JOSE C. PAZ,Nueva Pompeya,4.0,CALLE,129.3236477110169,"LINESTRING (-58.41283073607834 -34.645569062332775, -58.41396623393463 -34.64575889467259, -58.41421820705434 -34.645753996308144)",descartado,0.0,,,,,
21814,"CARRERAS, SEGUNDO IÑIGO",SEGUNDO INIGO CARRERAS,Liniers,9.0,CALLE,40.59163292204864,"LINESTRING (-58.52692764823676 -34.645767274518384, -58.52725467079106 -34.64552062265606)",descartado,0.0,,,,,
21823,PASAJE 17 BO. RIVADAVIA (SIN NOMBRE OFICIAL),17 BO. RIVADAVIA (SIN NOMBRE OFICIAL),Flores,7.0,CALLE,111.3177728009755,"LINESTRING (-58.44243969903591 -34.64483841998645, -58.44215109919833 -34.64581309643617)",descartado,0.0,,,,,
21844,"GARCIA GRANDE DE ZEQUEIRA, SEVERO",SEVERO GARCIA GRANDE DE ZEQUEIRA,Mataderos,9.0,CALLE,104.3231915475031,"LINESTRING (-58.499901969377156 -34.64515027719266, -58.50001500516662 -34.64525517363284, -58.50065052320501 -34.64585850657418)",descartado,0.0,,,,,
21851,PASAJE 16 BO. RIVADAVIA (SIN NOMBRE OFICIAL),16 BO. RIVADAVIA (SIN NOMBRE OFICIAL),Flores,7.0,CALLE,111.2756523652166,"LINESTRING (-58.44275317281754 -34.64490199484858, -58.4424637244523 -34.64587610850084)",descartado,0.0,,,,,
21862,"CARRERAS, SEGUNDO IÑIGO",SEGUNDO INIGO CARRERAS,Liniers,9.0,CALLE,19.40506267485891,"LINESTRING (-58.526771375135205 -34.64588524419601, -58.52692764823676 -34.645767274518384)",descartado,0.0,,,,,
21880,PASAJE 15 BO. RIVADAVIA (SIN NOMBRE OFICIAL),15 BO. RIVADAVIA (SIN NOMBRE OFICIAL),Flores,7.0,CALLE,111.2235443410828,"LINESTRING (-58.443061364258185 -34.644964582104286, -58.44277677622049 -34.64593919025838)",descartado,0.0,,,,,
21884,POLA,POLA,Liniers,9.0,CALLE,73.49710664030854,"LINESTRING (-58.505998040154914 -34.64548914292839, -58.50586115988027 -34.64559496626574, -58.50541934729866 -34.64594758723803)",descartado,0.0,,,,,
21888,ELIA,ELIA,Parque Patricios,4.0,CALLE,127.7789546005479,"LINESTRING (-58.408369651550466 -34.6448243821064, -58.40810730579395 -34.645955610620256)",descartado,0.0,,,,,
21893,"PAZ, GRAL. AV.",GRAL. AV. PAZ,Liniers,9.0,AVENIDA,121.704264408577,"LINESTRING (-58.528728743268324 -34.64487497645601, -58.528662116319474 -34.64597065456442)",descartado,0.0,,,,,
21897,PASAJE 14 BO. RIVADAVIA (SIN NOMBRE OFICIAL),14 BO. RIVADAVIA (SIN NOMBRE OFICIAL),Flores,7.0,CALLE,111.1803989578065,"LINESTRING (-58.44337620229368 -34.6450284372826, -58.44308556808354 -34.64600142542852)",descartado,0.0,,,,,
21912,GUAL,GUAL,Nueva Pompeya,4.0,CALLE,133.041716009907,"LINESTRING (-58.42330370991661 -34.64521407084612, -58.422273946214446 -34.64605901715652)",descartado,0.0,,,,,
21914,PASAJE 13 BO. RIVADAVIA (SIN NOMBRE OFICIAL),13 BO. RIVADAVIA (SIN NOMBRE OFICIAL),Flores,7.0,CALLE,111.1371863013697,"LINESTRING (-58.443683031381745 -34.64509067062798, -58.44339964328512 -34.646064717024885)",descartado,0.0,,,,,
21925,PASAJE 12 BO. RIVADAVIA (SIN NOMBRE OFICIAL),12 BO. RIVADAVIA (SIN NOMBRE OFICIAL),Flores,7.0,CALLE,111.092719301407,"LINESTRING (-58.44400119343033 -34.64515522895726, -58.44370801003711 -34.64612688012529)",descartado,0.0,,,,,
21982,POLA,POLA,Liniers,9.0,CALLE,63.8154860377258,"LINESTRING (-58.50541934729866 -34.64594758723803, -58.504918672965914 -34.64634719889156)",descartado,0.0,,,,,
22050,"GARCIA GRANDE DE ZEQUEIRA, SEVERO",SEVERO GARCIA GRANDE DE ZEQUEIRA,Mataderos,9.0,CALLE,103.1600121036017,"LINESTRING (-58.50065052320501 -34.64585850657418, -58.50138937241028 -34.6465598328431)",descartado,0.0,,,,,
22054,MOM,MOM,Nueva Pompeya,4.0,CALLE,134.2639675478111,"LINESTRING (-58.43337757872341 -34.645739216448845, -58.4323044603736 -34.646562757730614)",descartado,0.0,,,,,
22070,1RO DE MAYO,1RO DE MAYO,Nueva Pompeya,4.0,PASAJE,196.72509419038,"LINESTRING (-58.4323044603736 -34.646562757730614, -58.43444871934161 -34.64662807313088)",descartado,0.0,,,,,
22106,PASAJE 18 BO. RIVADAVIA (SIN NOMBRE OFICIAL),18 BO. RIVADAVIA (SIN NOMBRE OFICIAL),Flores,7.0,CALLE,111.0587785988017,"LINESTRING (-58.44183847441775 -34.645750083569595, -58.44155165437526 -34.64672271649586)",descartado,0.0,,,,,
22131,PASAJE 17 BO. RIVADAVIA (SIN NOMBRE OFICIAL),17 BO. RIVADAVIA (SIN NOMBRE OFICIAL),Flores,7.0,CALLE,111.2107399089368,"LINESTRING (-58.44215109919833 -34.64581309643617, -58.4418604478632 -34.64678636322253)",descartado,0.0,,,,,
22133,POLA,POLA,Liniers,9.0,CALLE,71.65584155796364,"LINESTRING (-58.504918672965914 -34.64634719889156, -58.50435640939433 -34.64679584368032)",descartado,0.0,,,,,
22142,MOM,MOM,Nueva Pompeya,4.0,CALLE,42.31678179166604,"LINESTRING (-58.4323044603736 -34.646562757730614, -58.43196624043513 -34.64682232120708)",descartado,0.0,,,,,
22154,PASAJE 16 BO. RIVADAVIA (SIN NOMBRE OFICIAL),16 BO. RIVADAVIA (SIN NOMBRE OFICIAL),Flores,7.0,CALLE,111.3675576958686,"LINESTRING (-58.4424637244523 -34.64587610850084, -58.442175973258756 -34.646851418794725)",descartado,0.0,,,,,
22168,PASAJE 15 BO. RIVADAVIA (SIN NOMBRE OFICIAL),15 BO. RIVADAVIA (SIN NOMBRE OFICIAL),Flores,7.0,CALLE,111.518034277779,"LINESTRING (-58.44277677622049 -34.64593919025838, -58.44248630145867 -34.64691534589363)",descartado,0.0,,,,,
22188,GUAL,GUAL,Nueva Pompeya,4.0,CALLE,141.4276237446683,"LINESTRING (-58.422273946214446 -34.64605901715652, -58.42117920269318 -34.64695717206599)",descartado,0.0,,,,,
22194,PASAJE 14 BO. RIVADAVIA (SIN NOMBRE OFICIAL),14 BO. RIVADAVIA (SIN NOMBRE OFICIAL),Flores,7.0,CALLE,111.6746856226543,"LINESTRING (-58.44308556808354 -34.64600142542852, -58.44279731178491 -34.64697948358615)",descartado,0.0,,,,,
22221,ELIA,ELIA,Parque Patricios,4.0,CALLE,127.2472237525893,"LINESTRING (-58.40810730579395 -34.645955610620256, -58.40784597858544 -34.647082120472426)",descartado,0.0,,,,,
22227,PASAJE 29 BO. RIVADAVIA (SIN NOMBRE OFICIAL),29 BO. RIVADAVIA (SIN NOMBRE OFICIAL),Flores,7.0,CALLE,126.7335213773367,"LINESTRING (-58.438851815445815 -34.64603339687221, -58.43883531888424 -34.64620600056344, -58.438555629396824 -34.64714728952179)",descartado,0.0,,,,,
22238,PASAJE 28 BO. RIVADAVIA (SIN NOMBRE OFICIAL),28 BO. RIVADAVIA (SIN NOMBRE OFICIAL),Flores,7.0,CALLE,113.1506844392548,"LINESTRING (-58.43915886415168 -34.646220994738314, -58.43886169535088 -34.64721094328386)",descartado,0.0,,,,,
22240,POLA,POLA,Mataderos,9.0,CALLE,67.08651748429126,"LINESTRING (-58.50435640939433 -34.64679584368032, -58.50383000050438 -34.647215882165526)",descartado,0.0,,,,,
22253,PASAJE 27 BO. RIVADAVIA (SIN NOMBRE OFICIAL),27 BO. RIVADAVIA (SIN NOMBRE OFICIAL),Flores,7.0,CALLE,113.3612244496327,"LINESTRING (-58.43947626021706 -34.646285142171074, -58.439172703800566 -34.64727572402446)",descartado,0.0,,,,,
22254,"GARCIA GRANDE DE ZEQUEIRA, SEVERO",SEVERO GARCIA GRANDE DE ZEQUEIRA,Mataderos,9.0,CALLE,105.0929189095818,"LINESTRING (-58.50138937241028 -34.6465598328431, -58.50214204470221 -34.64727431926306)",descartado,0.0,,,,,
22268,PASAJE 26 BO. RIVADAVIA (SIN NOMBRE OFICIAL),26 BO. RIVADAVIA (SIN NOMBRE OFICIAL),Flores,7.0,CALLE,113.5768140251782,"LINESTRING (-58.43979655382252 -34.64634985272039, -58.43948192338102 -34.6473400810834)",descartado,0.0,,,,,
22294,PASAJE 25 BO. RIVADAVIA (SIN NOMBRE OFICIAL),25 BO. RIVADAVIA (SIN NOMBRE OFICIAL),Flores,7.0,CALLE,113.7607194011168,"LINESTRING (-58.440099209998785 -34.646411037919094, -58.43979608552304 -34.64740542423354)",descartado,0.0,,,,,
22314,PASAJE 24 BO. RIVADAVIA (SIN NOMBRE OFICIAL),24 BO. RIVADAVIA (SIN NOMBRE OFICIAL),Flores,7.0,CALLE,114.0332885146828,"LINESTRING (-58.44043211527975 -34.64647828442792, -58.440342152099205 -34.64671164963551, -58.4401089700193 -34.647470555061474)",descartado,0.0,,,,,
22318,"PAZ, GRAL. AV.",GRAL. AV. PAZ,Liniers,9.0,AVENIDA,167.1423532959623,"LINESTRING (-58.528662116319474 -34.64597065456442, -58.52865069926845 -34.64618953561237, -58.528633148537665 -34.64662778781246, -58.5286105563244 -34.64704850733484, -58.528599354308746 -34.647324642175704, -58.52857194800914 -34.6474745875505)",descartado,0.0,,,,,
22332,PASAJE 23 BO. RIVADAVIA (SIN NOMBRE OFICIAL),23 BO. RIVADAVIA (SIN NOMBRE OFICIAL),Flores,7.0,CALLE,114.1812609334811,"LINESTRING (-58.440724291876045 -34.64653728299281, -58.44042100291143 -34.647535544080114)",descartado,0.0,,,,,
22339,OWEN,OWEN,Barracas,4.0,PASAJE,73.13404598803473,"LINESTRING (-58.387660580457705 -34.64748254133909, -58.38845651756998 -34.64752627219825)",descartado,0.0,,,,,
22359,POLA,POLA,Mataderos,9.0,CALLE,63.25876768270014,"LINESTRING (-58.50383000050438 -34.647215882165526, -58.503718159271216 -34.64730521574534, -58.50333314362599 -34.647611542270596)",descartado,0.0,,,,,
22375,PASAJE 21 BO. RIVADAVIA (SIN NOMBRE OFICIAL),21 BO. RIVADAVIA (SIN NOMBRE OFICIAL),Flores,7.0,CALLE,112.3511004490702,"LINESTRING (-58.44139529802507 -34.646690505160116, -58.44109525900878 -34.647672430331035)",descartado,0.0,,,,,
22381,"PAZ, GRAL. AV.",GRAL. AV. PAZ,Liniers,9.0,AVENIDA,24.10942056685598,"LINESTRING (-58.52857194800914 -34.6474745875505, -58.52857262960683 -34.64769191275328)",descartado,0.0,,,,,
22383,MOM,MOM,Nueva Pompeya,4.0,CALLE,143.6609066789785,"LINESTRING (-58.43196624043513 -34.64682232120708, -58.43083009486549 -34.647714143528745)",descartado,0.0,,,,,
22391,PASAJE 20 BO. RIVADAVIA (SIN NOMBRE OFICIAL),20 BO. RIVADAVIA (SIN NOMBRE OFICIAL),Flores,7.0,CALLE,112.1429340398439,"LINESTRING (-58.44171244165744 -34.64675584391554, -58.44141189539977 -34.647735727496666)",descartado,0.0,,,,,
22404,PASAJE 19 BO. RIVADAVIA (SIN NOMBRE OFICIAL),19 BO. RIVADAVIA (SIN NOMBRE OFICIAL),Flores,7.0,CALLE,111.9346744044734,"LINESTRING (-58.44201561165208 -34.64681836248405, -58.441723419715814 -34.64779803701216)",descartado,0.0,,,,,
22456,"GARCIA GRANDE DE ZEQUEIRA, SEVERO",SEVERO GARCIA GRANDE DE ZEQUEIRA,Mataderos,9.0,CALLE,102.8333628965784,"LINESTRING (-58.50214204470221 -34.64727431926306, -58.50276599923618 -34.64786651780598, -58.50287572089298 -34.647975426732316)",descartado,0.0,,,,,
22457,POLA,POLA,Mataderos,9.0,CALLE,58.2092199904757,"LINESTRING (-58.50333314362599 -34.647611542270596, -58.50287572089298 -34.647975426732316)",descartado,0.0,,,,,
22482,LUNA,LUNA,Barracas,4.0,CALLE,142.8059271550406,"LINESTRING (-58.39630976032057 -34.64690210211295, -58.39575413620838 -34.648104691927195)",descartado,0.0,,,,,
22546,DON SEGUNDO SOMBRA,DON SEGUNDO SOMBRA,Flores,7.0,PASAJE,128.4566367995806,"LINESTRING (-58.462215489168926 -34.64757177027613, -58.46120049333931 -34.64837000256006)",descartado,0.0,,,,,
22567,POLA,POLA,Mataderos,9.0,CALLE,72.3373756859405,"LINESTRING (-58.50287572089298 -34.647975426732316, -58.502307301586605 -34.648427655534384)",descartado,0.0,,,,,
22613,"GARCIA GRANDE DE ZEQUEIRA, SEVERO",SEVERO GARCIA GRANDE DE ZEQUEIRA,Mataderos,9.0,CALLE,103.8767870175944,"LINESTRING (-58.50287572089298 -34.647975426732316, -58.50297197261388 -34.64807081871212, -58.503615889517235 -34.64868434451513)",descartado,0.0,,,,,
22645,MOM,MOM,Nueva Pompeya,4.0,CALLE,172.1248211028294,"LINESTRING (-58.43083009486549 -34.647714143528745, -58.42970654069446 -34.6485960289444, -58.4294663317265 -34.64878047095261)",descartado,0.0,,,,,
22659,"PAZ, GRAL. AV.",GRAL. AV. PAZ,Liniers,9.0,AVENIDA,123.9987167648081,"LINESTRING (-58.52857262960683 -34.64769191275328, -58.52850422506205 -34.64880822517315)",descartado,0.0,,,,,
22670,MOM,MOM,Nueva Pompeya,4.0,CALLE,14.78713916701089,"LINESTRING (-58.4294663317265 -34.64878047095261, -58.42934818738278 -34.64887121343856)",descartado,0.0,,,,,
22672,POLA,POLA,Mataderos,9.0,CALLE,72.50307272465632,"LINESTRING (-58.502307301586605 -34.648427655534384, -58.50173759837523 -34.648880938405846)",descartado,0.0,,,,,
22746,DON SEGUNDO SOMBRA,DON SEGUNDO SOMBRA,Flores,7.0,PASAJE,137.3701635044707,"LINESTRING (-58.46120049333931 -34.64837000256006, -58.46011500318044 -34.64922357699367)",descartado,0.0,,,,,
22753,MOM,MOM,Nueva Pompeya,4.0,CALLE,62.36918092665634,"LINESTRING (-58.42934818738278 -34.64887121343856, -58.42915707603338 -34.64901792173058, -58.42883946078707 -34.64924433526169)",descartado,0.0,,,,,
22802,"GARCIA GRANDE DE ZEQUEIRA, SEVERO",SEVERO GARCIA GRANDE DE ZEQUEIRA,Mataderos,9.0,CALLE,118.4660719487578,"LINESTRING (-58.503615889517235 -34.64868434451513, -58.50446246763205 -34.64949110988387)",descartado,0.0,,,,,
22881,MOM,MOM,Nueva Pompeya,4.0,CALLE,58.93435333366175,"LINESTRING (-58.428568565112954 -34.64943742754592, -58.42808176744148 -34.6497843821008)",descartado,0.0,,,,,
22885,POLA,POLA,Mataderos,9.0,CALLE,149.4170000658606,"LINESTRING (-58.50173759837523 -34.648880938405846, -58.501637337454696 -34.64896068886788, -58.50054543017763 -34.64979927284436)",descartado,0.0,,,,,
22949,LUNA,LUNA,Barracas,4.0,CALLE,156.1302957286112,"LINESTRING (-58.395651625651524 -34.648627174142085, -58.395540556498645 -34.65003155915999)",descartado,0.0,,,,,
22962,DON SEGUNDO SOMBRA,DON SEGUNDO SOMBRA,Flores,7.0,PASAJE,137.0385351376554,"LINESTRING (-58.46011500318044 -34.64922357699367, -58.459032132567415 -34.65007509946706)",descartado,0.0,,,,,
22996,"PAZ, GRAL. AV.",GRAL. AV. PAZ,Liniers,9.0,AVENIDA,149.8869945658104,"LINESTRING (-58.52850422506205 -34.64880822517315, -58.52841614549933 -34.650157366405104)",descartado,0.0,,,,,
23008,MOM,MOM,Nueva Pompeya,4.0,CALLE,71.00097535907986,"LINESTRING (-58.42808176744148 -34.6497843821008, -58.427650104101396 -34.65009207579884, -58.42749479355337 -34.650201890241455)",descartado,0.0,,,,,
23041,"GARCIA GRANDE DE ZEQUEIRA, SEVERO",SEVERO GARCIA GRANDE DE ZEQUEIRA,Mataderos,9.0,CALLE,124.1538128652553,"LINESTRING (-58.50446246763205 -34.64949110988387, -58.50534972977548 -34.65033658791074)",descartado,0.0,,,,,
23096,MOM,MOM,Nueva Pompeya,4.0,CALLE,43.67947711677613,"LINESTRING (-58.427371837073565 -34.65028877765427, -58.42735064933935 -34.650303749972956, -58.427011979869924 -34.65054682041538)",descartado,0.0,,,,,
23113,POLA,POLA,Mataderos,9.0,CALLE,137.2671082605034,"LINESTRING (-58.50054543017763 -34.64979927284436, -58.499575830839056 -34.65054400712466, -58.49944864519327 -34.650641580801924)",descartado,0.0,,,,,
23143,"PAZ, GRAL. AV.",GRAL. AV. PAZ,Liniers,9.0,AVENIDA,67.44806645062931,"LINESTRING (-58.52841614549933 -34.650157366405104, -58.528406229654664 -34.65044497935403, -58.52838722078768 -34.65076485088776)",descartado,0.0,,,,,
23195,LUNA,LUNA,Barracas,4.0,CALLE,103.0974045614615,"LINESTRING (-58.395540556498645 -34.65003155915999, -58.395467282490486 -34.65095891925492)",descartado,0.0,,,,,
23245,"GARCIA GRANDE DE ZEQUEIRA, SEVERO",SEVERO GARCIA GRANDE DE ZEQUEIRA,Mataderos,9.0,CALLE,128.8001196570828,"LINESTRING (-58.50534972977548 -34.65033658791074, -58.506270260874075 -34.651213667577686)",descartado,0.0,,,,,
23262,MOM,MOM,Nueva Pompeya,4.0,CALLE,102.797912036904,"LINESTRING (-58.42682747828645 -34.65067921752942, -58.425980786163535 -34.65128672569067)",descartado,0.0,,,,,
23332,LUNA,LUNA,Barracas,4.0,CALLE,61.19724338789214,"LINESTRING (-58.395467282490486 -34.65095891925492, -58.39543929863332 -34.65131284977751, -58.39542857135052 -34.65150960571285)",descartado,0.0,,,,,
23343,POLA,POLA,Mataderos,9.0,CALLE,156.0437358943693,"LINESTRING (-58.49944864519327 -34.650641580801924, -58.49820113664701 -34.65159850028278)",descartado,0.0,,,,,
23427,MOM,MOM,Nueva Pompeya,4.0,CALLE,130.9220527176238,"LINESTRING (-58.425980786163535 -34.65128672569067, -58.42504718072525 -34.65195665231944, -58.424902262708024 -34.652060269457934)",descartado,0.0,,,,,
23430,"GARCIA GRANDE DE ZEQUEIRA, SEVERO",SEVERO GARCIA GRANDE DE ZEQUEIRA,Mataderos,9.0,CALLE,127.2163213948039,"LINESTRING (-58.506270260874075 -34.651213667577686, -58.507179471706564 -34.652079969513345)",descartado,0.0,,,,,
23498,MOM,MOM,Nueva Pompeya,4.0,CALLE,53.66809824683804,"LINESTRING (-58.424902262708024 -34.652060269457934, -58.42445957853963 -34.65237682156729)",descartado,0.0,,,,,
23530,"PAZ, GRAL. AV.",GRAL. AV. PAZ,Liniers,9.0,AVENIDA,195.8601048079361,"LINESTRING (-58.52838722078768 -34.65076485088776, -58.52828395096208 -34.652528298245734)",descartado,0.0,,,,,
23543,POLA,POLA,Mataderos,9.0,CALLE,158.8268778136462,"LINESTRING (-58.49820113664701 -34.65159850028278, -58.49803740112962 -34.651724040868935, -58.49693545627393 -34.65257611623932)",descartado,0.0,,,,,
23553,MOM,MOM,Nueva Pompeya,4.0,CALLE,48.05125042698808,"LINESTRING (-58.42445957853963 -34.65237682156729, -58.42406386174525 -34.652660851741885)",descartado,0.0,,,,,
23582,SUD AMERICA,SUD AMERICA,Barracas,4.0,PASAJE,137.8186651101506,"LINESTRING (-58.39483983829474 -34.65152222653043, -58.39474597214578 -34.652762119580615)",descartado,0.0,,,,,
23587,LUNA,LUNA,Barracas,4.0,CALLE,142.8132923804671,"LINESTRING (-58.39542857135052 -34.65150960571285, -58.39542138999743 -34.651642489942375, -58.39538349006507 -34.65203366866318, -58.39532304652468 -34.65279392173307)",descartado,0.0,,,,,
23594,"GARCIA GRANDE DE ZEQUEIRA, SEVERO",SEVERO GARCIA GRANDE DE ZEQUEIRA,Mataderos,9.0,CALLE,110.7175033079002,"LINESTRING (-58.507179471706564 -34.652079969513345, -58.50797078358995 -34.65283391266551)",descartado,0.0,,,,,
23680,POLA,POLA,Mataderos,9.0,CALLE,97.90128007704695,"LINESTRING (-58.49693545627393 -34.65257611623932, -58.49615560470588 -34.65317900899947)",descartado,0.0,,,,,
23702,MOM,MOM,Nueva Pompeya,4.0,CALLE,100.7247494656533,"LINESTRING (-58.42406386174525 -34.652660851741885, -58.42323686940606 -34.65325861502614)",descartado,0.0,,,,,
23714,LUNA,LUNA,Barracas,4.0,CALLE,53.31557556355182,"LINESTRING (-58.39532304652468 -34.65279392173307, -58.395284902969216 -34.65327348107057)",descartado,0.0,,,,,
23723,POLA,POLA,Mataderos,9.0,CALLE,27.09513088908815,"LINESTRING (-58.49615560470588 -34.65317900899947, -58.49593981029359 -34.653345899059396)",descartado,0.0,,,,,
23740,"PAZ, GRAL. AV.",GRAL. AV. PAZ,Liniers,9.0,AVENIDA,112.2886899934651,"LINESTRING (-58.52828395096208 -34.652528298245734, -58.52827452377094 -34.65267858595836, -58.52825410553999 -34.65283169644187, -58.528131866349646 -34.65300486122912, -58.52780376493986 -34.65343348874446)",descartado,0.0,,,,,
23746,"GARCIA GRANDE DE ZEQUEIRA, SEVERO",SEVERO GARCIA GRANDE DE ZEQUEIRA,Mataderos,9.0,CALLE,96.17954121895029,"LINESTRING (-58.50797078358995 -34.65283391266551, -58.50865817337551 -34.65348887454566)",descartado,0.0,,,,,
23835,MOM,MOM,Nueva Pompeya,4.0,CALLE,100.7798706687745,"LINESTRING (-58.42323686940606 -34.65325861502614, -58.42240943892333 -34.65385672460636)",descartado,0.0,,,,,
23902,"GARCIA GRANDE DE ZEQUEIRA, SEVERO",SEVERO GARCIA GRANDE DE ZEQUEIRA,Mataderos,9.0,CALLE,85.92775263818785,"LINESTRING (-58.50865817337551 -34.65348887454566, -58.50927233142154 -34.65407400049786)",descartado,0.0,,,,,
23917,POLA,POLA,Mataderos,9.0,CALLE,126.0553956303317,"LINESTRING (-58.49593981029359 -34.653345899059396, -58.49581261640995 -34.65344424355695, -58.494945259410926 -34.6541305326257)",descartado,0.0,,,,,
23942,LUNA,LUNA,Barracas,4.0,CALLE,102.3011868683671,"LINESTRING (-58.395284902969216 -34.65327348107057, -58.3952117995134 -34.65419365746332)",descartado,0.0,,,,,
23997,MOM,MOM,Nueva Pompeya,4.0,CALLE,100.3205336361122,"LINESTRING (-58.42240943892333 -34.65385672460636, -58.42158574762547 -34.65445208329096)",descartado,0.0,,,,,
24016,"PAZ, GRAL. AV.",GRAL. AV. PAZ,Liniers,9.0,AVENIDA,141.3228761651553,"LINESTRING (-58.52780376493986 -34.65343348874446, -58.52694957044201 -34.6544939444372)",descartado,0.0,,,,,
24056,"GARCIA GRANDE DE ZEQUEIRA, SEVERO",SEVERO GARCIA GRANDE DE ZEQUEIRA,Mataderos,9.0,CALLE,89.62561176096811,"LINESTRING (-58.50927233142154 -34.65407400049786, -58.50937516086617 -34.65417192006942, -58.509908841608336 -34.654687213526444)",descartado,0.0,,,,,
24107,POLA,POLA,Mataderos,9.0,CALLE,125.7961413693374,"LINESTRING (-58.494945259410926 -34.6541305326257, -58.493954098460904 -34.65491473459368)",descartado,0.0,,,,,
24138,MOM,MOM,Nueva Pompeya,4.0,CALLE,107.3458096960406,"LINESTRING (-58.42158574762547 -34.65445208329096, -58.42070441383495 -34.65508917705487)",descartado,0.0,,,,,
24192,"GARCIA GRANDE DE ZEQUEIRA, SEVERO",SEVERO GARCIA GRANDE DE ZEQUEIRA,Mataderos,9.0,CALLE,97.45184764072872,"LINESTRING (-58.509908841608336 -34.654687213526444, -58.5106000187574 -34.65535462766622)",descartado,0.0,,,,,
24195,"PAZ, GRAL. AV.",GRAL. AV. PAZ,Liniers,9.0,AVENIDA,147.7542508905273,"LINESTRING (-58.52694957044201 -34.6544939444372, -58.52572722372618 -34.65536204661276)",descartado,0.0,,,,,
24241,FRAGATA LA ARGENTINA,FRAGATA LA ARGENTINA,Mataderos,9.0,CALLE,178.4691593329234,"LINESTRING (-58.5207604910302 -34.654443285330764, -58.51933438410936 -34.65553839256017)",descartado,0.0,,,,,
24261,POLA,POLA,Mataderos,9.0,CALLE,114.6177753693969,"LINESTRING (-58.493954098460904 -34.65491473459368, -58.493051013101585 -34.65562925862248)",descartado,0.0,,,,,
24270,MOM,MOM,Nueva Pompeya,4.0,CALLE,104.1517664278362,"LINESTRING (-58.42070441383495 -34.65508917705487, -58.41984923952137 -34.65570725949758)",descartado,0.0,,,,,
24333,LUNA,LUNA,Barracas,4.0,CALLE,17.87490965447947,"LINESTRING (-58.3952117995134 -34.65419365746332, -58.39520336138893 -34.654299498493984, -58.395198849930935 -34.65435442858057)",descartado,0.0,,,,,
24338,"GARCIA GRANDE DE ZEQUEIRA, SEVERO",SEVERO GARCIA GRANDE DE ZEQUEIRA,Mataderos,9.0,CALLE,94.25974083004812,"LINESTRING (-58.5106000187574 -34.65535462766622, -58.51126861056068 -34.6560001451531)",descartado,0.0,,,,,
24420,"PAZ, GRAL. AV.",GRAL. AV. PAZ,Liniers,9.0,AVENIDA,130.5967452930996,"LINESTRING (-58.525969587251666 -34.655580867303236, -58.524919821408105 -34.656376688884585)",descartado,0.0,,,,,
24435,"PAZ, GRAL. AV.",GRAL. AV. PAZ,Liniers,9.0,AVENIDA,325.3105321954306,"LINESTRING (-58.52777411224825 -34.65445400624357, -58.527219740739845 -34.6550773087577, -58.5270504322447 -34.65522439989731, -58.52631815114781 -34.655840791008714, -58.52535299791888 -34.656586798577955)",descartado,0.0,,,,,
24460,FRAGATA LA ARGENTINA,FRAGATA LA ARGENTINA,Mataderos,9.0,CALLE,167.5013831817844,"LINESTRING (-58.51933438410936 -34.65553839256017, -58.51799588948579 -34.65656618973293)",descartado,0.0,,,,,
24471,POLA,POLA,Mataderos,9.0,CALLE,135.6950298785931,"LINESTRING (-58.49294566399859 -34.655712485676545, -58.492620707920715 -34.65596474247703, -58.49186681314005 -34.656549966289944)",descartado,0.0,,,,,
24505,"GARCIA GRANDE DE ZEQUEIRA, SEVERO",SEVERO GARCIA GRANDE DE ZEQUEIRA,Mataderos,9.0,CALLE,111.744008189949,"LINESTRING (-58.51126861056068 -34.6560001451531, -58.51139361559222 -34.656120800882555, -58.512060429820025 -34.65676596252699)",descartado,0.0,,,,,
24621,LUNA,LUNA,Barracas,4.0,CALLE,143.0789085927635,"LINESTRING (-58.39506589317418 -34.65597323484716, -58.39502138926009 -34.65651490333696, -58.39496427504809 -34.6572602278624)",descartado,0.0,,,,,
24669,"GARCIA GRANDE DE ZEQUEIRA, SEVERO",SEVERO GARCIA GRANDE DE ZEQUEIRA,Mataderos,9.0,CALLE,104.5861732651526,"LINESTRING (-58.512060429820025 -34.65676596252699, -58.512801356137054 -34.65748285137562)",descartado,0.0,,,,,
24674,POLA,POLA,Mataderos,9.0,CALLE,145.3446402333431,"LINESTRING (-58.49176144234742 -34.6566315445467, -58.490604413537476 -34.65752730755169)",descartado,0.0,,,,,
24684,FRAGATA LA ARGENTINA,FRAGATA LA ARGENTINA,Mataderos,9.0,CALLE,159.3089821593097,"LINESTRING (-58.51799588948579 -34.65656618973293, -58.51672278121755 -34.65754366143625)",descartado,0.0,,,,,
24804,"GARCIA GRANDE DE ZEQUEIRA, SEVERO",SEVERO GARCIA GRANDE DE ZEQUEIRA,Mataderos,9.0,CALLE,95.67504654305823,"LINESTRING (-58.512801356137054 -34.65748285137562, -58.51338385642953 -34.658046349211624, -58.513479192501165 -34.65813863449584)",descartado,0.0,,,,,
24845,FRAGATA LA ARGENTINA,FRAGATA LA ARGENTINA,Mataderos,9.0,CALLE,133.6914682562547,"LINESTRING (-58.51672278121755 -34.65754366143625, -58.51565442393953 -34.658363988798676)",descartado,0.0,,,,,
24855,POLA,POLA,Mataderos,9.0,CALLE,144.4187863271108,"LINESTRING (-58.490604413537476 -34.65752730755169, -58.489578658559694 -34.65832141091215, -58.489458267712166 -34.65842038104454)",descartado,0.0,,,,,
24869,MOM,MOM,Nueva Pompeya,4.0,CALLE,143.1172241500565,"LINESTRING (-58.41782116766713 -34.657520263383915, -58.416776388693684 -34.658478888922986)",descartado,0.0,,,,,
24873,CUYO,CUYO,Mataderos,9.0,PASAJE,137.4900573202429,"LINESTRING (-58.480912231069695 -34.657668107693475, -58.47982170779249 -34.65851896963029)",descartado,0.0,,,,,
24877,"PAZ, GRAL. AV.",GRAL. AV. PAZ,Mataderos,9.0,AVENIDA,353.3777104255201,"LINESTRING (-58.524919821408105 -34.656376688884585, -58.522070905836024 -34.65852254459587)",descartado,0.0,,,,,
24887,LUNA,LUNA,Barracas,4.0,CALLE,142.7481112885701,"LINESTRING (-58.39496427504809 -34.6572602278624, -58.39495514450427 -34.657378251603554, -58.39487786031086 -34.65839898877576, -58.39485984400135 -34.658543979483916)",descartado,0.0,,,,,
24929,"GARCIA GRANDE DE ZEQUEIRA, SEVERO",SEVERO GARCIA GRANDE DE ZEQUEIRA,Mataderos,9.0,CALLE,102.1101401015124,"LINESTRING (-58.513479192501165 -34.65813863449584, -58.51420249138285 -34.65883862040521)",descartado,0.0,,,,,
24957,"GARCIA GRANDE DE ZEQUEIRA, SEVERO",SEVERO GARCIA GRANDE DE ZEQUEIRA,Mataderos,9.0,CALLE,25.63513995065554,"LINESTRING (-58.51420249138285 -34.65883862040521, -58.51438412807352 -34.659014320087785)",descartado,0.0,,,,,
24979,"PAZ, GRAL. AV.",GRAL. AV. PAZ,Mataderos,9.0,AVENIDA,103.6588319356927,"LINESTRING (-58.522070905836024 -34.65852254459587, -58.52124339304424 -34.65915935271681)",descartado,0.0,,,,,
24982,"GARCIA GRANDE DE ZEQUEIRA, SEVERO",SEVERO GARCIA GRANDE DE ZEQUEIRA,Mataderos,9.0,CALLE,26.43932954635139,"LINESTRING (-58.51438412807352 -34.659014320087785, -58.51457139381813 -34.65919558053903)",descartado,0.0,,,,,
24983,FRAGATA LA ARGENTINA,FRAGATA LA ARGENTINA,Mataderos,9.0,CALLE,135.5267230772038,"LINESTRING (-58.51565442393953 -34.658363988798676, -58.51457139381813 -34.65919558053903)",descartado,0.0,,,,,
25006,POLA,POLA,Mataderos,9.0,CALLE,157.8576199470369,"LINESTRING (-58.489458267712166 -34.65842038104454, -58.489309418942895 -34.658542878395025, -58.48820900045432 -34.65939966242523)",descartado,0.0,,,,,
25016,27 DE FEBRERO AV.,27 DE FEBRERO,Nueva Pompeya,4.0,AVENIDA,128.6471930119031,"LINESTRING (-58.41684553286214 -34.65894446597172, -58.416961964137634 -34.65903638679205, -58.418137174910754 -34.659369315477065)",descartado,0.0,,,,,
25029,"GARCIA GRANDE DE ZEQUEIRA, SEVERO",SEVERO GARCIA GRANDE DE ZEQUEIRA,Mataderos,9.0,CALLE,52.23694338232526,"LINESTRING (-58.51457139381813 -34.65919558053903, -58.51485638720624 -34.65947137740697, -58.514948222901815 -34.659548522069805)",descartado,0.0,,,,,
25081,LUNA,LUNA,Barracas,4.0,CALLE,142.6597194357343,"LINESTRING (-58.39485984400135 -34.658543979483916, -58.394768816840276 -34.65927766484318, -58.394727798748356 -34.659825039143804)",descartado,0.0,,,,,
25092,"GARCIA GRANDE DE ZEQUEIRA, SEVERO",SEVERO GARCIA GRANDE DE ZEQUEIRA,Mataderos,9.0,CALLE,52.30359787740998,"LINESTRING (-58.514948222901815 -34.659548522069805, -58.51506248488153 -34.65964460091107, -58.51533970778323 -34.65989145610419)",descartado,0.0,,,,,
25106,"GARCIA GRANDE DE ZEQUEIRA, SEVERO",SEVERO GARCIA GRANDE DE ZEQUEIRA,Mataderos,9.0,CALLE,25.75614899993215,"LINESTRING (-58.51533970778323 -34.65989145610419, -58.51553080581815 -34.66006165701921)",descartado,0.0,,,,,
25121,27 DE FEBRERO AV.,27 DE FEBRERO,Nueva Pompeya,4.0,AVENIDA,209.1098468861804,"LINESTRING (-58.418137174910754 -34.659369315477065, -58.420283690291384 -34.66000731336905)",descartado,0.0,,,,,
25146,"GARCIA GRANDE DE ZEQUEIRA, SEVERO",SEVERO GARCIA GRANDE DE ZEQUEIRA,Mataderos,9.0,CALLE,25.68417566918699,"LINESTRING (-58.51553080581815 -34.66006165701921, -58.51572139296675 -34.66023136488881)",descartado,0.0,,,,,
25157,"PAZ, GRAL. AV.",GRAL. AV. PAZ,Mataderos,9.0,AVENIDA,57.98796584218359,"LINESTRING (-58.520999579363625 -34.65934341968021, -58.5205325617785 -34.659695990624435)",descartado,0.0,,,,,
25168,POLA,POLA,Mataderos,9.0,CALLE,157.1201988517981,"LINESTRING (-58.48820900045432 -34.65939966242523, -58.48696149127776 -34.660370902299334)",descartado,0.0,,,,,
25195,"GARCIA GRANDE DE ZEQUEIRA, SEVERO",SEVERO GARCIA GRANDE DE ZEQUEIRA,Mataderos,9.0,CALLE,48.11780714180067,"LINESTRING (-58.51572139296675 -34.66023136488881, -58.51607843685686 -34.66054931117738)",descartado,0.0,,,,,
25216,"GARCIA GRANDE DE ZEQUEIRA, SEVERO",SEVERO GARCIA GRANDE DE ZEQUEIRA,Mataderos,9.0,CALLE,55.13649937434909,"LINESTRING (-58.51614496651844 -34.66049843701408, -58.51639688260662 -34.66061086338745, -58.51657470201235 -34.660668110071974, -58.51668544144947 -34.660714822449364)",descartado,0.0,,,,,
25232,"PAZ, GRAL. AV.",GRAL. AV. PAZ,Mataderos,9.0,AVENIDA,83.70388661563662,"LINESTRING (-58.51977009328248 -34.66027159941637, -58.519093224599196 -34.660778040526324)",descartado,0.0,,,,,
25271,"GARCIA GRANDE DE ZEQUEIRA, SEVERO",SEVERO GARCIA GRANDE DE ZEQUEIRA,Mataderos,9.0,CALLE,52.89845285388636,"LINESTRING (-58.51668544144947 -34.660714822449364, -58.51681203749046 -34.66076821794418, -58.51701950448558 -34.66093897269677, -58.517133838958344 -34.66100871137232)",descartado,0.0,,,,,
25279,ORMA,ORMA,Barracas,4.0,CALLE,288.299075671611,"LINESTRING (-58.39147853977616 -34.660939934924315, -58.39461688263837 -34.661109842705756)",descartado,0.0,,,,,
25280,LUNA,LUNA,Barracas,4.0,CALLE,142.914958257521,"LINESTRING (-58.394727798748356 -34.659825039143804, -58.39470952965828 -34.66006925554069, -58.39462824177143 -34.66087421406771, -58.39461688263837 -34.661109842705756)",descartado,0.0,,,,,
25281,ORMA,ORMA,Barracas,4.0,CALLE,147.3365302184847,"LINESTRING (-58.39461688263837 -34.661109842705756, -58.394733006935844 -34.661145132405686, -58.395056265527884 -34.66117965687289, -58.39539570261256 -34.661197017067785, -58.39568436681878 -34.66117809568801, -58.39595990751311 -34.66114652568601, -58.39620528984483 -34.66110790272465)",descartado,0.0,,,,,
25296,"GARCIA GRANDE DE ZEQUEIRA, SEVERO",SEVERO GARCIA GRANDE DE ZEQUEIRA,Mataderos,9.0,CALLE,48.1516831934351,"LINESTRING (-58.517133838958344 -34.66100871137232, -58.51755494444492 -34.66126817397656)",descartado,0.0,,,,,
25300,27 DE FEBRERO AV.,27 DE FEBRERO,Nueva Pompeya,4.0,AVENIDA,270.6385699265226,"LINESTRING (-58.42040352346818 -34.660051712976596, -58.421493482316684 -34.660455548011086, -58.422287526941034 -34.660797073238996, -58.42301385209176 -34.66118174095956)",descartado,0.0,,,,,
25308,POLA,POLA,Mataderos,9.0,CALLE,157.457193589248,"LINESTRING (-58.48696149127776 -34.660370902299334, -58.48571131151063 -34.661344242438155)",descartado,0.0,,,,,
25339,"GARCIA GRANDE DE ZEQUEIRA, SEVERO",SEVERO GARCIA GRANDE DE ZEQUEIRA,Mataderos,9.0,CALLE,54.52492911687742,"LINESTRING (-58.51755494444492 -34.66126817397656, -58.51796077716766 -34.66162750163951)",descartado,0.0,,,,,
25340,"PAZ, GRAL. AV.",GRAL. AV. PAZ,Mataderos,9.0,AVENIDA,140.2019375936224,"LINESTRING (-58.519093224599196 -34.660778040526324, -58.51796077716766 -34.66162750163951)",descartado,0.0,,,,,
25378,POLA,POLA,Mataderos,9.0,CALLE,85.02841402548412,"LINESTRING (-58.48571131151063 -34.661344242438155, -58.485224762824195 -34.661723065332744, -58.485036362550325 -34.66187000125821)",descartado,0.0,,,,,
25383,27 DE FEBRERO AV.,27 DE FEBRERO,Nueva Pompeya,4.0,AVENIDA,128.239039784117,"LINESTRING (-58.42301385209176 -34.66118174095956, -58.423669121223845 -34.661515041748046, -58.42416843541386 -34.661831807003836)",descartado,0.0,,,,,
25388,"PAZ, GRAL. AV.",GRAL. AV. PAZ,Mataderos,9.0,AVENIDA,364.1072334370207,"LINESTRING (-58.52307119629938 -34.65824346608863, -58.5223345787926 -34.658796834089266, -58.521517523756245 -34.65942373723079, -58.520150089482854 -34.660467399463954)",descartado,0.0,,,,,
25390,"PAZ, GRAL. AV.",GRAL. AV. PAZ,Mataderos,9.0,AVENIDA,59.63485283402486,"LINESTRING (-58.51796077716766 -34.66162750163951, -58.517473165511795 -34.66198335492367)",descartado,0.0,,,,,
25397,PASAJE 27 DE MAYO,27 DE MAYO,Villa Soldati,8.0,CALLE,90.05218874886864,"LINESTRING (-58.45255175134246 -34.66106610861099, -58.45256473956512 -34.66111441938194, -58.4532538322237 -34.66162119598011)",descartado,0.0,,,,,
25405,LUNA,LUNA,Barracas,4.0,CALLE,104.7123566050032,"LINESTRING (-58.39461688263837 -34.661109842705756, -58.39461150686288 -34.66122096701646, -58.394557719195035 -34.66185143290369, -58.39452942935267 -34.662050713736384)",descartado,0.0,,,,,
25454,27 DE FEBRERO AV.,27 DE FEBRERO,Villa Soldati,8.0,AVENIDA,109.0860074690565,"LINESTRING (-58.42416843541386 -34.661831807003836, -58.42510168086144 -34.66244194727913)",descartado,0.0,,,,,
25507,POLA,POLA,Villa Lugano,8.0,CALLE,166.6658935378788,"LINESTRING (-58.485036362550325 -34.66187000125821, -58.48371413350624 -34.66290122113275)",descartado,0.0,,,,,
25521,"PAZ, GRAL. AV.",GRAL. AV. PAZ,Mataderos,9.0,AVENIDA,187.6585088081665,"LINESTRING (-58.517473165511795 -34.66198335492367, -58.515988633662126 -34.66314816634711)",descartado,0.0,,,,,
25550,27 DE FEBRERO AV.,27 DE FEBRERO,Villa Soldati,8.0,AVENIDA,132.5279520590774,"LINESTRING (-58.42510168086144 -34.66244194727913, -58.42613742229566 -34.6632754421288)",descartado,0.0,,,,,
25564,"PAZ, GRAL. AV.",GRAL. AV. PAZ,Mataderos,9.0,AVENIDA,48.30791637285207,"LINESTRING (-58.515988633662126 -34.66314816634711, -58.51561160026251 -34.66345241471761)",descartado,0.0,,,,,
25598,"PAZ, GRAL. AV.",GRAL. AV. PAZ,Mataderos,9.0,AVENIDA,51.73648321349534,"LINESTRING (-58.51561160026251 -34.66345241471761, -58.515193574218024 -34.663765763914604)",descartado,0.0,,,,,
25604,POLA,POLA,Villa Lugano,8.0,CALLE,157.71832970178,"LINESTRING (-58.48371413350624 -34.66290122113275, -58.4824628555873 -34.66387706297813)",descartado,0.0,,,,,
25693,"PAZ, GRAL. AV.",GRAL. AV. PAZ,Mataderos,9.0,AVENIDA,84.60134936818802,"LINESTRING (-58.515193574218024 -34.663765763914604, -58.51450676252411 -34.66427519978177)",descartado,0.0,,,,,
25702,POLA,POLA,Villa Lugano,8.0,CALLE,147.4830303959075,"LINESTRING (-58.4824628555873 -34.66387706297813, -58.48129275977754 -34.6647895697097)",descartado,0.0,,,,,
25761,"PAZ, GRAL. AV.",GRAL. AV. PAZ,Mataderos,9.0,AVENIDA,92.55576237678248,"LINESTRING (-58.51391229914634 -34.664723208559394, -58.51316686636612 -34.665285983164935)",descartado,0.0,,,,,
25770,POLA,POLA,Villa Lugano,8.0,CALLE,95.2898551278739,"LINESTRING (-58.48129275977754 -34.6647895697097, -58.48053671305882 -34.66537911839275)",descartado,0.0,,,,,
25798,27 DE FEBRERO AV.,27 DE FEBRERO,Villa Soldati,8.0,AVENIDA,325.4517015689099,"LINESTRING (-58.42613742229566 -34.6632754421288, -58.42692964029752 -34.66400984766695, -58.42762295987666 -34.66476256430039, -58.42832685456552 -34.66558090595026)",descartado,0.0,,,,,
25800,"PAZ, GRAL. AV.",GRAL. AV. PAZ,Mataderos,9.0,AVENIDA,65.45706235407884,"LINESTRING (-58.51316686636612 -34.665285983164935, -58.51297373376614 -34.665431837331674, -58.51263824050885 -34.665682678943675)",descartado,0.0,,,,,
25831,POLA,POLA,Villa Lugano,8.0,CALLE,103.4637054150592,"LINESTRING (-58.48053671305882 -34.66537911839275, -58.47971580394749 -34.666019234697984)",descartado,0.0,,,,,
25877,POLA,POLA,Villa Lugano,8.0,CALLE,64.66437120160889,"LINESTRING (-58.47971580394749 -34.666019234697984, -58.47959402575086 -34.66611425147521, -58.47920073669227 -34.66641754423772)",descartado,0.0,,,,,
25907,POLA,POLA,Villa Lugano,8.0,CALLE,63.64483607750309,"LINESTRING (-58.47920073669227 -34.66641754423772, -58.47869307850183 -34.666808949201034)",descartado,0.0,,,,,
25909,"PAZ, GRAL. AV.",GRAL. AV. PAZ,Mataderos,9.0,AVENIDA,187.6490122615406,"LINESTRING (-58.51263824050885 -34.665682678943675, -58.51123226484747 -34.666733737512104, -58.51112637155471 -34.66682286399956)",descartado,0.0,,,,,
25965,POLA,POLA,Villa Lugano,8.0,CALLE,127.0629903831298,"LINESTRING (-58.47869307850183 -34.666808949201034, -58.477873247763775 -34.6674411654576, -58.477682691587404 -34.66759309016466)",descartado,0.0,,,,,
25980,PILA,PILA,Mataderos,9.0,PASAJE,111.3314607463431,"LINESTRING (-58.50725254140259 -34.66716432363288, -58.508108497157004 -34.66787633904786)",descartado,0.0,,,,,
25985,"PAZ, GRAL. AV.",GRAL. AV. PAZ,Mataderos,9.0,AVENIDA,182.6002536908325,"LINESTRING (-58.51112637155471 -34.66682286399956, -58.50966550469919 -34.66794195429664)",descartado,0.0,,,,,
25997,27 DE FEBRERO AV.,27 DE FEBRERO,Villa Soldati,8.0,AVENIDA,319.3550251524106,"LINESTRING (-58.42832685456552 -34.66558090595026, -58.43031864401823 -34.6679428190329)",descartado,0.0,,,,,
26027,POLA,POLA,Villa Lugano,8.0,CALLE,132.2720017199111,"LINESTRING (-58.477682691587404 -34.66759309016466, -58.47664442096404 -34.66842116955984)",descartado,0.0,,,,,
26037,PILA,PILA,Mataderos,9.0,PASAJE,100.7801407943037,"LINESTRING (-58.508108497157004 -34.66787633904786, -58.5088831166884 -34.668521054580786)",descartado,0.0,,,,,
26038,"PAZ, GRAL. AV.",GRAL. AV. PAZ,Mataderos,9.0,AVENIDA,96.28076629711995,"LINESTRING (-58.50966550469919 -34.66794195429664, -58.5088831166884 -34.668521054580786)",descartado,0.0,,,,,
26071,POLA,POLA,Villa Lugano,8.0,CALLE,91.34719303662533,"LINESTRING (-58.47664442096404 -34.66842116955984, -58.4760408623062 -34.66889884177899, -58.47592529747703 -34.66899124855335)",descartado,0.0,,,,,
26080,"PAZ, GRAL. AV.",GRAL. AV. PAZ,Mataderos,9.0,AVENIDA,98.85469748822241,"LINESTRING (-58.5088831166884 -34.668521054580786, -58.50809669260353 -34.669130851222974)",descartado,0.0,,,,,
26142,"PAZ, GRAL. AV.",GRAL. AV. PAZ,Mataderos,9.0,AVENIDA,131.3116184966956,"LINESTRING (-58.50809669260353 -34.669130851222974, -58.507026841378725 -34.66991807817065)",descartado,0.0,,,,,
26169,POLA,POLA,Villa Lugano,8.0,CALLE,97.95562858928801,"LINESTRING (-58.47503204588113 -34.66969267869523, -58.474254262297244 -34.67029824644356)",descartado,0.0,,,,,
26183,27 DE FEBRERO AV.,27 DE FEBRERO,Villa Soldati,8.0,AVENIDA,126.560552989169,"LINESTRING (-58.43031864401823 -34.6679428190329, -58.43111267216477 -34.668876148500566)",descartado,0.0,,,,,
26189,"PAZ, GRAL. AV.",GRAL. AV. PAZ,Mataderos,9.0,AVENIDA,121.8136188332837,"LINESTRING (-58.507026841378725 -34.66991807817065, -58.506049650008016 -34.670662300865374)",descartado,0.0,,,,,
26190,27 DE FEBRERO AV.,27 DE FEBRERO,Villa Soldati,8.0,AVENIDA,118.0624799572282,"LINESTRING (-58.43215879849078 -34.67010576325613, -58.4328839422378 -34.67098533421914)",descartado,0.0,,,,,
26226,POLA,POLA,Villa Lugano,8.0,CALLE,148.0623029280707,"LINESTRING (-58.474254262297244 -34.67029824644356, -58.473073160814735 -34.671208772914575)",descartado,0.0,,,,,
26234,"PAZ, GRAL. AV.",GRAL. AV. PAZ,Mataderos,9.0,AVENIDA,115.2302819487616,"LINESTRING (-58.506049650008016 -34.670662300865374, -58.50510906572798 -34.671351502890715)",descartado,0.0,,,,,
26272,ARGENTINA AV.,ARGENTINA,Villa Lugano,8.0,AVENIDA,109.8152947738541,"LINESTRING (-58.46596871800117 -34.671770264323904, -58.46703275402226 -34.67197227938709, -58.46713742736006 -34.671987909997384)",descartado,0.0,,,,,
26279,POLA,POLA,Villa Lugano,8.0,CALLE,143.490922460351,"LINESTRING (-58.473073160814735 -34.671208772914575, -58.471928512621886 -34.672091186539)",descartado,0.0,,,,,
26282,ARGENTINA AV.,ARGENTINA,Villa Lugano,8.0,AVENIDA,113.5066798834208,"LINESTRING (-58.46713742736006 -34.671987909997384, -58.468077443426374 -34.67212822940975, -58.468359498714676 -34.67214906317637)",descartado,0.0,,,,,
26284,ARGENTINA AV.,ARGENTINA,Villa Lugano,8.0,AVENIDA,17.99329335868601,"LINESTRING (-58.468359498714676 -34.67214906317637, -58.468555036672534 -34.67216349157643)",descartado,0.0,,,,,
26289,ARGENTINA AV.,ARGENTINA,Villa Lugano,8.0,AVENIDA,130.9023861090909,"LINESTRING (-58.468555036672534 -34.67216349157643, -58.469415012389604 -34.6722269024071, -58.46968031579476 -34.672241933275984, -58.46997692657769 -34.67227240041322)",descartado,0.0,,,,,
26298,"PAZ, GRAL. AV.",GRAL. AV. PAZ,Mataderos,9.0,AVENIDA,157.3982548751174,"LINESTRING (-58.50510906572798 -34.671351502890715, -58.504971035501846 -34.671460846327896, -58.50431929453428 -34.67195304098588, -58.503966454635055 -34.67222259678145, -58.503847079835516 -34.67231369320567)",descartado,0.0,,,,,
26299,ARGENTINA AV.,ARGENTINA,Villa Lugano,8.0,AVENIDA,147.6819819124748,"LINESTRING (-58.46997692657769 -34.67227240041322, -58.470239257637836 -34.67227606461129, -58.47158468726677 -34.67235621135311)",descartado,0.0,,,,,
26300,POLA,POLA,Villa Lugano,8.0,CALLE,43.09875573233203,"LINESTRING (-58.471928512621886 -34.672091186539, -58.47158468726677 -34.67235621135311)",descartado,0.0,,,,,
26302,ARGENTINA AV.,ARGENTINA,Villa Lugano,8.0,AVENIDA,58.11503471816451,"LINESTRING (-58.47158468726677 -34.67235621135311, -58.47175342546618 -34.67232465307002, -58.472212719932976 -34.67235795016652)",descartado,0.0,,,,,
26306,ARGENTINA AV.,ARGENTINA,Villa Lugano,8.0,AVENIDA,85.38128777626093,"LINESTRING (-58.472212719932976 -34.67235795016652, -58.47314075695449 -34.6724247958609)",descartado,0.0,,,,,
26323,ARGENTINA AV.,ARGENTINA,Villa Lugano,8.0,AVENIDA,125.0074653070305,"LINESTRING (-58.47314075695449 -34.6724247958609, -58.474184199221796 -34.672497364032125, -58.47449886823915 -34.67252745300655)",descartado,0.0,,,,,
26331,ARGENTINA AV.,ARGENTINA,Villa Lugano,8.0,AVENIDA,158.8206952673419,"LINESTRING (-58.474649593517164 -34.672541865216886, -58.4756218860668 -34.672622434944394, -58.47621803610494 -34.67267126370367, -58.47636397693276 -34.67262438537963)",descartado,0.0,,,,,
26337,ARGENTINA AV.,ARGENTINA,Villa Lugano,8.0,AVENIDA,40.14209253996148,"LINESTRING (-58.4775175482325 -34.67281474993203, -58.47769629203278 -34.67279916551919, -58.47795448063116 -34.672794979810874)",descartado,0.0,,,,,
26338,ARGENTINA AV.,ARGENTINA,Villa Lugano,8.0,AVENIDA,97.14197178577868,"LINESTRING (-58.47795448063116 -34.672794979810874, -58.4786537931388 -34.67285292211259, -58.47901069128779 -34.67286174990984)",descartado,0.0,,,,,
26340,ARGENTINA AV.,ARGENTINA,Villa Lugano,8.0,AVENIDA,78.66773713827426,"LINESTRING (-58.47901069128779 -34.67286174990984, -58.47944413468645 -34.672872467964254, -58.479868627994264 -34.67288276315759)",descartado,0.0,,,,,
26342,ARGENTINA AV.,ARGENTINA,Villa Lugano,8.0,AVENIDA,111.0714543757662,"LINESTRING (-58.479868627994264 -34.67288276315759, -58.48107996878634 -34.672912029223326)",descartado,0.0,,,,,
26345,ARGENTINA AV.,ARGENTINA,Villa Lugano,8.0,AVENIDA,81.56652025817309,"LINESTRING (-58.48107996878634 -34.672912029223326, -58.48196953040594 -34.67293351602789)",descartado,0.0,,,,,
26347,ARGENTINA AV.,ARGENTINA,Villa Lugano,8.0,AVENIDA,62.25341051312435,"LINESTRING (-58.48196953040594 -34.67293351602789, -58.48264846500268 -34.67294988909025)",descartado,0.0,,,,,
26352,ARGENTINA AV.,ARGENTINA,Villa Lugano,8.0,AVENIDA,112.8457331096471,"LINESTRING (-58.48264846500268 -34.67294988909025, -58.483879157182166 -34.672979617226865)",descartado,0.0,,,,,
26354,ARGENTINA AV.,ARGENTINA,Villa Lugano,8.0,AVENIDA,81.12094090703785,"LINESTRING (-58.483879157182166 -34.672979617226865, -58.48476386155816 -34.67300094361447)",descartado,0.0,,,,,
26358,POLA,POLA,Villa Lugano,8.0,CALLE,96.14209688628848,"LINESTRING (-58.47158468726677 -34.67235621135311, -58.47081772406453 -34.67294743525464)",descartado,0.0,,,,,
26359,ARGENTINA AV.,ARGENTINA,Villa Lugano,8.0,AVENIDA,102.7866638410514,"LINESTRING (-58.48476386155816 -34.67300094361447, -58.48588485144769 -34.6730279947024)",descartado,0.0,,,,,
26378,"PAZ, GRAL. AV.",GRAL. AV. PAZ,Mataderos,9.0,AVENIDA,157.4659927400931,"LINESTRING (-58.503847079835516 -34.67231369320567, -58.50338500054707 -34.67266617120153, -58.50264666528154 -34.673217258708895, -58.50257739036545 -34.67326988686082)",descartado,0.0,,,,,
26379,ARGENTINA AV.,ARGENTINA,Villa Lugano,8.0,AVENIDA,125.1697160674658,"LINESTRING (-58.49269093487849 -34.67320076971698, -58.494046464821814 -34.67333811189036)",descartado,0.0,,,,,
26385,ARGENTINA AV.,ARGENTINA,Villa Lugano,8.0,AVENIDA,59.27032558967166,"LINESTRING (-58.494046464821814 -34.67333811189036, -58.494688344140215 -34.67340308937269)",descartado,0.0,,,,,
26395,ARGENTINA AV.,ARGENTINA,Villa Lugano,8.0,AVENIDA,90.009888824406,"LINESTRING (-58.494688344140215 -34.67340308937269, -58.49527976054429 -34.67346300628328, -58.49566420398987 -34.6734936091526)",descartado,0.0,,,,,
26400,POLA,POLA,Villa Lugano,8.0,CALLE,53.3392659195422,"LINESTRING (-58.47041170993684 -34.673261711164194, -58.47010708459566 -34.67351863084788, -58.470002672606576 -34.67360370734651)",descartado,0.0,,,,,
26404,ARGENTINA AV.,ARGENTINA,Villa Lugano,8.0,AVENIDA,131.1803364271127,"LINESTRING (-58.49566420398987 -34.6734936091526, -58.496072174668406 -34.673526105901466, -58.49708427384624 -34.67363977365447)",descartado,0.0,,,,,
26411,ARGENTINA AV.,ARGENTINA,Villa Lugano,8.0,AVENIDA,27.77950540054501,"LINESTRING (-58.49708427384624 -34.67363977365447, -58.4973844831971 -34.673674241607294)",descartado,0.0,,,,,
26417,ARGENTINA AV.,ARGENTINA,Villa Lugano,8.0,AVENIDA,75.22233685433824,"LINESTRING (-58.49860809458112 -34.67380631420524, -58.49942234551343 -34.67389135761736)",descartado,0.0,,,,,
26422,ARGENTINA AV.,ARGENTINA,Villa Lugano,8.0,AVENIDA,57.43203831385329,"LINESTRING (-58.49942234551343 -34.67389135761736, -58.50004403129041 -34.673956242450245)",descartado,0.0,,,,,
26425,"PAZ, GRAL. AV.",GRAL. AV. PAZ,Mataderos,9.0,AVENIDA,116.6609589882609,"LINESTRING (-58.50257739036545 -34.67326988686082, -58.50164042359439 -34.67398166638999)",descartado,0.0,,,,,
26426,POLA,POLA,Villa Lugano,8.0,CALLE,60.92772788095682,"LINESTRING (-58.470002672606576 -34.67360370734651, -58.46991121605152 -34.67367821963648, -58.46953081316571 -34.67399056466952)",descartado,0.0,,,,,
26438,"PAZ, GRAL. AV.",GRAL. AV. PAZ,Mataderos,9.0,AVENIDA,272.035449480007,"LINESTRING (-58.506274760101526 -34.670917240495505, -58.50409386324337 -34.67258051375616)",descartado,0.0,,,,,
26459,POLA,POLA,Villa Lugano,8.0,CALLE,75.51157764522901,"LINESTRING (-58.46953081316571 -34.67399056466952, -58.46905451712486 -34.6743818569854, -58.46894660834546 -34.674470524293554)",descartado,0.0,,,,,
26472,"PAZ, GRAL. AV.",GRAL. AV. PAZ,Villa Lugano,8.0,AVENIDA,139.468413877446,"LINESTRING (-58.50164042359439 -34.67398166638999, -58.50051665315841 -34.674829341311295)",descartado,0.0,,,,,
26481,27 DE FEBRERO AV.,27 DE FEBRERO,Villa Soldati,8.0,AVENIDA,322.6632594730693,"LINESTRING (-58.4328839422378 -34.67098533421914, -58.43387906860414 -34.67215372036394, -58.43410670588552 -34.67235065291962, -58.43485325900264 -34.67268333418001, -58.43539995617077 -34.67291311911077)",descartado,0.0,,,,,
26498,POLA,POLA,Villa Lugano,8.0,CALLE,141.9812450574394,"LINESTRING (-58.46894660834546 -34.674470524293554, -58.467928708704186 -34.67530726000911, -58.467847306429675 -34.67537226327581)",descartado,0.0,,,,,
26510,POLA,POLA,Villa Lugano,8.0,CALLE,36.41422151539754,"LINESTRING (-58.467847306429675 -34.67537226327581, -58.46756182127663 -34.675600551622544)",descartado,0.0,,,,,
26513,"PAZ, GRAL. AV.",GRAL. AV. PAZ,Villa Lugano,8.0,AVENIDA,147.1071158415563,"LINESTRING (-58.50051665315841 -34.674829341311295, -58.499331932087934 -34.67572399576493)",descartado,0.0,,,,,
26559,"PAZ, GRAL. AV.",GRAL. AV. PAZ,Villa Lugano,8.0,AVENIDA,149.669300748326,"LINESTRING (-58.499331932087934 -34.67572399576493, -58.49812855953633 -34.67663603320514)",descartado,0.0,,,,,
26584,POLA,POLA,Villa Lugano,8.0,CALLE,125.7841806624536,"LINESTRING (-58.46679753639413 -34.67621170291563, -58.465811369967724 -34.677000258694164)",descartado,0.0,,,,,
26592,"PAZ, GRAL. AV.",GRAL. AV. PAZ,Villa Lugano,8.0,AVENIDA,124.2296346790115,"LINESTRING (-58.49812855953633 -34.67663603320514, -58.49712850465117 -34.67739195586485)",descartado,0.0,,,,,
26598,POLA,POLA,Villa Lugano,8.0,CALLE,35.89044642966923,"LINESTRING (-58.465448823025014 -34.67729015172848, -58.46516743850445 -34.67751515699007)",descartado,0.0,,,,,
26617,POLA,POLA,Villa Lugano,8.0,CALLE,39.02900977593367,"LINESTRING (-58.4650438436029 -34.67761396389699, -58.46473781485095 -34.67785861445857)",descartado,0.0,,,,,
26636,2 DE ABRIL DE 1982,2 DE ABRIL DE 1982,Villa Lugano,8.0,PASAJE,252.055783218357,"LINESTRING (-58.48935287494937 -34.6764859758427, -58.491122596691035 -34.67799657485968, -58.491266615308604 -34.678117739404854)",descartado,0.0,,,,,
26641,"PAZ, GRAL. AV.",GRAL. AV. PAZ,Villa Lugano,8.0,AVENIDA,62.29218410523626,"LINESTRING (-58.49712850465117 -34.67739195586485, -58.4966782981882 -34.67773271469417, -58.49662753714998 -34.67777143884888)",descartado,0.0,,,,,
26676,2 DE ABRIL DE 1982,2 DE ABRIL DE 1982,Villa Lugano,8.0,PASAJE,93.82271560949577,"LINESTRING (-58.491266615308604 -34.678117739404854, -58.49198398599307 -34.67872109538613)",descartado,0.0,,,,,
26684,2 DE ABRIL DE 1982,2 DE ABRIL DE 1982,Villa Lugano,8.0,PASAJE,302.4962396203301,"LINESTRING (-58.49198398599307 -34.67872109538613, -58.49224356335752 -34.6787375833644, -58.495283340551644 -34.67878464070037)",descartado,0.0,,,,,
26685,"PAZ, GRAL. AV.",GRAL. AV. PAZ,Villa Lugano,8.0,AVENIDA,102.2246518764522,"LINESTRING (-58.49611372771777 -34.67816941842531, -58.495283340551644 -34.67878464070037)",descartado,0.0,,,,,
26728,18 DE OCTUBRE DE 1908,18 DE OCTUBRE DE 1908,Villa Lugano,8.0,CALLE,156.2393779278185,"LINESTRING (-58.46505485455181 -34.67862100668911, -58.46378905561861 -34.679564400983594)",descartado,0.0,,,,,
26729,27 DE FEBRERO AV.,27 DE FEBRERO,Villa Soldati,8.0,AVENIDA,370.8505706428839,"LINESTRING (-58.43605902365656 -34.67390260793317, -58.43603357446689 -34.67447737929567, -58.436118199012036 -34.674801152722736, -58.43679200800189 -34.675609361850675, -58.43714862517644 -34.67588637068739, -58.43758988514171 -34.67615797799953, -58.438181372449606 -34.676499432308965)",descartado,0.0,,,,,
26738,18 DE OCTUBRE DE 1908,18 DE OCTUBRE DE 1908,Villa Lugano,8.0,CALLE,154.5775723789533,"LINESTRING (-58.46511154416528 -34.678695513093935, -58.46385213809214 -34.67962235860102)",descartado,0.0,,,,,
26752,27 DE FEBRERO AV.,27 DE FEBRERO,Villa Soldati,8.0,AVENIDA,87.54456500505023,"LINESTRING (-58.44034804515644 -34.6798420908321, -58.440808798325335 -34.679833426603864, -58.44129390930027 -34.67991211089653)",descartado,0.0,,,,,
26758,"PAZ, GRAL. AV.",GRAL. AV. PAZ,Villa Lugano,8.0,AVENIDA,187.2710299669059,"LINESTRING (-58.495283340551644 -34.67878464070037, -58.49522660448261 -34.678881768491806, -58.49515578972945 -34.67894481534418, -58.494157841706176 -34.679639530675246, -58.493844166427586 -34.679965131139305)",descartado,0.0,,,,,
26800,"PAZ, GRAL. AV.",GRAL. AV. PAZ,Villa Lugano,8.0,AVENIDA,226.4063427343848,"LINESTRING (-58.492959851204 -34.68050761587819, -58.492819547788 -34.68061012571585, -58.49265481313046 -34.680746292558936, -58.49220423426144 -34.68110161227088, -58.49177059981692 -34.68140995441238, -58.49130109404529 -34.68178189492005, -58.49114172839516 -34.68188785044212)",descartado,0.0,,,,,
26807,18 DE OCTUBRE DE 1908,18 DE OCTUBRE DE 1908,Villa Lugano,8.0,CALLE,101.1710524030463,"LINESTRING (-58.46418911933543 -34.67993200523648, -58.4633688785691 -34.680542361985374)",descartado,0.0,,,,,
26811,18 DE OCTUBRE DE 1908,18 DE OCTUBRE DE 1908,Villa Lugano,8.0,CALLE,101.2077084041735,"LINESTRING (-58.46425919265351 -34.679996371054294, -58.46343741731674 -34.68060581277498)",descartado,0.0,,,,,
26831,27 DE FEBRERO AV.,27 DE FEBRERO,Villa Soldati,8.0,AVENIDA,161.5575109876325,"LINESTRING (-58.44129390930027 -34.67991211089653, -58.441518434063084 -34.67993418179839, -58.4417349354692 -34.67999101649648, -58.441926162507414 -34.680179257186204, -58.44223853170244 -34.680555566472286, -58.44241187434693 -34.6809073457427)",descartado,0.0,,,,,
26869,18 DE OCTUBRE DE 1908,18 DE OCTUBRE DE 1908,Villa Lugano,8.0,CALLE,101.2797171788136,"LINESTRING (-58.46377721415526 -34.680913559083066, -58.46295482948809 -34.68152341999648)",descartado,0.0,,,,,
26875,18 DE OCTUBRE DE 1908,18 DE OCTUBRE DE 1908,Villa Lugano,8.0,CALLE,101.3597989044697,"LINESTRING (-58.46384549776752 -34.68097546034114, -58.463022857241754 -34.681586166780605)",descartado,0.0,,,,,
26912,27 DE FEBRERO AV.,27 DE FEBRERO,Villa Soldati,8.0,AVENIDA,125.5513779621619,"LINESTRING (-58.44241187434693 -34.6809073457427, -58.44216931097815 -34.682021198405565)",descartado,0.0,,,,,
26913,"PAZ, GRAL. AV.",GRAL. AV. PAZ,Villa Lugano,8.0,AVENIDA,664.6025621526486,"LINESTRING (-58.49646214124794 -34.67836490867773, -58.49503476804005 -34.67941180252906, -58.494420612313284 -34.679880967041356, -58.49400552826681 -34.68021007661389, -58.49365820585414 -34.68047266703326, -58.4933659436479 -34.68068974229307, -58.49293389901044 -34.68100485217603, -58.49229854263342 -34.681495011301664, -58.49111252363774 -34.68240879936426)",descartado,0.0,,,,,
26943,"PAZ, GRAL. AV.",GRAL. AV. PAZ,Villa Lugano,8.0,AVENIDA,124.6565227160355,"LINESTRING (-58.490743915601136 -34.68208327188495, -58.49073960543886 -34.682198881214255, -58.49066982982778 -34.682299151999786, -58.48988266768207 -34.68291025134159)",descartado,0.0,,,,,
26995,FRAGATA 25 DE MAYO,FRAGATA 25 DE MAYO,Villa Lugano,8.0,CALLE,10.33469439358702,"LINESTRING (-58.469298586332215 -34.68418503845265, -58.46937599900861 -34.684252781209295)",descartado,0.0,,,,,
27029,27 DE FEBRERO AV.,27 DE FEBRERO,Villa Soldati,8.0,AVENIDA,355.0937284079123,"LINESTRING (-58.44216931097815 -34.682021198405565, -58.44443593194586 -34.68461726896606)",descartado,0.0,,,,,
27032,"PAZ, GRAL. AV.",GRAL. AV. PAZ,Villa Lugano,8.0,AVENIDA,58.43076495967834,"LINESTRING (-58.48942353953947 -34.68326668079576, -58.48892175960356 -34.683591639509416)",descartado,0.0,,,,,
27056,"PAZ, GRAL. AV.",GRAL. AV. PAZ,Villa Lugano,8.0,AVENIDA,64.85740802792746,"LINESTRING (-58.48472489296859 -34.68519252998109, -58.48431044059947 -34.685358940399574, -58.48411456257745 -34.68548312911537)",descartado,0.0,,,,,
27057,FRAGATA 25 DE MAYO,FRAGATA 25 DE MAYO,Villa Lugano,8.0,CALLE,170.508148398231,"LINESTRING (-58.46937599900861 -34.684252781209295, -58.4705403589573 -34.685272930469424, -58.47065128045166 -34.6853719380602)",descartado,0.0,,,,,
27058,CAÑONERA AMERICA,CANONERA AMERICA,Villa Lugano,8.0,CALLE,80.88177526150959,"LINESTRING (-58.471294544194016 -34.68487274188449, -58.47065128045166 -34.6853719380602)",descartado,0.0,,,,,
27072,CAÑONERA AMERICA,CANONERA AMERICA,Villa Lugano,8.0,CALLE,62.09582054169928,"LINESTRING (-58.47065128045166 -34.6853719380602, -58.470157361855144 -34.68575513641257)",descartado,0.0,,,,,
27073,FRAGATA 25 DE MAYO,FRAGATA 25 DE MAYO,Villa Lugano,8.0,CALLE,59.90468197503961,"LINESTRING (-58.47065128045166 -34.6853719380602, -58.471095565843584 -34.68576803778177)",descartado,0.0,,,,,
27104,"PAZ, GRAL. AV.",GRAL. AV. PAZ,Villa Lugano,8.0,AVENIDA,128.9988847819278,"LINESTRING (-58.48411456257745 -34.68548312911537, -58.48374326218198 -34.68571861482422, -58.48351466120357 -34.685907385605745, -58.48314118108164 -34.68631237708957)",descartado,0.0,,,,,
27119,"PAZ, GRAL. AV.",GRAL. AV. PAZ,Villa Lugano,8.0,AVENIDA,36.394617401822,"LINESTRING (-58.48314118108164 -34.68631237708957, -58.483035712947775 -34.686628662218624)",descartado,0.0,,,,,
27125,"PAZ, GRAL. AV.",GRAL. AV. PAZ,Villa Lugano,8.0,AVENIDA,21.0600967736127,"LINESTRING (-58.483035712947775 -34.686628662218624, -58.48301136243369 -34.6867633846344, -58.4830017413574 -34.6868164144233)",descartado,0.0,,,,,
27127,"PAZ, GRAL. AV.",GRAL. AV. PAZ,Villa Lugano,8.0,AVENIDA,396.6259312998578,"LINESTRING (-58.49111252363774 -34.68240879936426, -58.49028229176957 -34.68303899394855, -58.48948593217155 -34.68363417510538, -58.488871708588185 -34.68408581114529, -58.48791436192381 -34.68481751728715)",descartado,0.0,,,,,
27158,BERGANTIN CONGRESO NACIONAL,BERGANTIN CONGRESO NACIONAL,Villa Lugano,8.0,CALLE,61.70962995970924,"LINESTRING (-58.468810834015684 -34.687554643608216, -58.468346941141526 -34.68715142380424)",descartado,0.0,,,,,
27186,"PAZ, GRAL. AV.",GRAL. AV. PAZ,Villa Lugano,8.0,AVENIDA,154.6710936040779,"LINESTRING (-58.4830017413574 -34.6868164144233, -58.48280637280139 -34.687318277418655, -58.48267362281736 -34.68764351021715, -58.482443548452665 -34.688131645666886)",descartado,0.0,,,,,
27239,"PAZ, GRAL. AV.",GRAL. AV. PAZ,Villa Riachuelo,8.0,AVENIDA,152.2779567234742,"LINESTRING (-58.482443548452665 -34.688131645666886, -58.48233156736193 -34.6883229309965, -58.482220430040954 -34.68847787802428, -58.48206760828535 -34.6886587468892, -58.48191478327982 -34.68882806625179, -58.48172376436427 -34.68900316585048, -58.48145227237544 -34.689220953248075)",descartado,0.0,,,,,
27253,"PAZ, GRAL. AV.",GRAL. AV. PAZ,Villa Lugano,8.0,AVENIDA,332.049638800609,"LINESTRING (-58.48791436192381 -34.68481751728715, -58.48522788320203 -34.686826034260115)",descartado,0.0,,,,,
27262,27 DE FEBRERO AV.,27 DE FEBRERO,Villa Riachuelo,8.0,AVENIDA,655.4087025564705,"LINESTRING (-58.44451316183508 -34.68475866886105, -58.4462145763764 -34.686764391369714, -58.447591338381216 -34.68840084602044, -58.44859746587213 -34.68960848560309)",descartado,0.0,,,,,
27274,"PAZ, GRAL. AV.",GRAL. AV. PAZ,Villa Riachuelo,8.0,AVENIDA,76.87082355312138,"LINESTRING (-58.48145227237544 -34.689220953248075, -58.48083190728105 -34.689687382146346)",descartado,0.0,,,,,
27298,"PAZ, GRAL. AV.",GRAL. AV. PAZ,Villa Riachuelo,8.0,AVENIDA,143.9120318273224,"LINESTRING (-58.48027617637952 -34.69010520790229, -58.47912128357738 -34.69098430748371)",descartado,0.0,,,,,
27321,"PAZ, GRAL. AV.",GRAL. AV. PAZ,Villa Riachuelo,8.0,AVENIDA,151.8437209281803,"LINESTRING (-58.47912128357738 -34.69098430748371, -58.47817539088208 -34.69169717341783, -58.47789501212862 -34.69190488345514)",descartado,0.0,,,,,
27341,"PAZ, GRAL. AV.",GRAL. AV. PAZ,Villa Riachuelo,8.0,AVENIDA,147.5132320068253,"LINESTRING (-58.47789501212862 -34.69190488345514, -58.476706138643614 -34.6928014287537)",descartado,0.0,,,,,
27358,"PAZ, GRAL. AV.",GRAL. AV. PAZ,Villa Riachuelo,8.0,AVENIDA,146.5401170722726,"LINESTRING (-58.476706138643614 -34.6928014287537, -58.47552687332997 -34.69369366558656)",descartado,0.0,,,,,
27372,27 DE FEBRERO AV.,27 DE FEBRERO,Villa Riachuelo,8.0,AVENIDA,638.746937653655,"LINESTRING (-58.44859746587213 -34.68960848560309, -58.45014908499504 -34.691424308594186, -58.452579906265505 -34.6943339536799)",descartado,0.0,,,,,
27377,"PAZ, GRAL. AV.",GRAL. AV. PAZ,Villa Riachuelo,8.0,AVENIDA,147.6386912646382,"LINESTRING (-58.47552687332997 -34.69369366558656, -58.47433632879076 -34.69459039894382)",descartado,0.0,,,,,
27388,"PAZ, GRAL. AV.",GRAL. AV. PAZ,Villa Riachuelo,8.0,AVENIDA,146.7536171181478,"LINESTRING (-58.47433632879076 -34.69459039894382, -58.473150361828694 -34.69547944411584)",descartado,0.0,,,,,
27397,"PAZ, GRAL. AV.",GRAL. AV. PAZ,Villa Riachuelo,8.0,AVENIDA,147.2945430975641,"LINESTRING (-58.473150361828694 -34.69547944411584, -58.47199387406923 -34.69640164452125)",descartado,0.0,,,,,
27398,"PAZ, GRAL. AV.",GRAL. AV. PAZ,Villa Riachuelo,8.0,AVENIDA,407.9399356175861,"LINESTRING (-58.4755901773342 -34.69410499049021, -58.47534866631677 -34.69429401664553, -58.475056307738214 -34.69451104753283, -58.47474275796802 -34.694714079552874, -58.47438683389359 -34.69493811484591, -58.47357328452742 -34.69543869146094, -58.47318769477808 -34.695694226055046, -58.47219621199773 -34.69647691158145)",descartado,0.0,,,,,
27407,"PAZ, GRAL. AV.",GRAL. AV. PAZ,Villa Riachuelo,8.0,AVENIDA,147.6800162458707,"LINESTRING (-58.47199387406923 -34.69640164452125, -58.470779973615045 -34.69727735850116)",descartado,0.0,,,,,
27410,"PAZ, GRAL. AV.",GRAL. AV. PAZ,Villa Riachuelo,8.0,AVENIDA,95.03917293958548,"LINESTRING (-58.470014773911146 -34.697855712607875, -58.470779973615045 -34.69727735850116)",descartado,0.0,,,,,
27412,"PAZ, GRAL. AV.",GRAL. AV. PAZ,Villa Riachuelo,8.0,AVENIDA,24.13650475176375,"LINESTRING (-58.470014773911146 -34.697855712607875, -58.46982686222319 -34.69800818751293)",descartado,0.0,,,,,
27413,"PAZ, GRAL. AV.",GRAL. AV. PAZ,Villa Riachuelo,8.0,AVENIDA,273.8890510525808,"LINESTRING (-58.47219621199773 -34.69647691158145, -58.47154363869352 -34.697020862199935, -58.470128682720144 -34.698259730585136)",descartado,0.0,,,,,
27414,"PAZ, GRAL. AV.",GRAL. AV. PAZ,Villa Riachuelo,8.0,AVENIDA,684.5728480628516,"LINESTRING (-58.46982686222319 -34.69800818751293, -58.46959043696541 -34.69820003080989, -58.46848724334085 -34.69904022300065, -58.46689188309568 -34.700255279384784, -58.465818563346836 -34.70107269979615, -58.46432919891959 -34.7021866637831)",descartado,0.0,,,,,
27417,27 DE FEBRERO AV.,27 DE FEBRERO,Villa Riachuelo,8.0,AVENIDA,790.3100525136672,"LINESTRING (-58.452579906265505 -34.6943339536799, -58.45419525429481 -34.69624598035596, -58.456101988984834 -34.69851675621002, -58.45751345627462 -34.70017742009567)",descartado,0.0,,,,,
27421,"PAZ, GRAL. AV.",GRAL. AV. PAZ,Villa Riachuelo,8.0,AVENIDA,200.3749316149188,"LINESTRING (-58.46735315323302 -34.70052756263482, -58.46655182818769 -34.70107063811655, -58.465644940266316 -34.701655164561885)",descartado,0.0,,,,,
27422,27 DE FEBRERO AV.,27 DE FEBRERO,Villa Riachuelo,8.0,AVENIDA,497.9800507357685,"LINESTRING (-58.45751345627462 -34.70017742009567, -58.458596795296984 -34.70140878150114, -58.459846912733525 -34.70284383695305, -58.46004820683222 -34.7030757196591, -58.46027598707346 -34.70337322829344, -58.46048258159665 -34.70359198527176, -58.46071831389846 -34.70379892990401)",descartado,0.0,,,,,
27443,PASAJE A,A,Villa Soldati,8.0,PASAJE,158.4458342351747,"LINESTRING (-58.45669545678807 -34.6543748832335, -58.45788177093845 -34.65541357344367)",descartado,0.0,,,,,
27444,PASAJE D,D,Villa Soldati,8.0,PASAJE,116.1218297621405,"LINESTRING (-58.45713421658064 -34.65598911985161, -58.458009660610855 -34.65674564320295)",descartado,0.0,,,,,
27445,PASAJE E,E,Villa Soldati,8.0,PASAJE,115.296807106197,"LINESTRING (-58.45688805517295 -34.656184718402564, -58.457758801888616 -34.65693466326645)",descartado,0.0,,,,,
27446,PASAJE F,F,Villa Soldati,8.0,PASAJE,115.2722672601508,"LINESTRING (-58.45663560782956 -34.65638204719992, -58.457509329597166 -34.65712931963771)",descartado,0.0,,,,,
27447,PASAJE G,G,Villa Soldati,8.0,PASAJE,115.1184331705239,"LINESTRING (-58.45638944402318 -34.65657851026248, -58.45726715766957 -34.657320645430076)",descartado,0.0,,,,,
27448,PASAJE H,H,Villa Soldati,8.0,PASAJE,114.7965704879898,"LINESTRING (-58.45613908953932 -34.65677151047208, -58.4570103573346 -34.65751478169374)",descartado,0.0,,,,,
27449,PASAJE I,I,Villa Soldati,8.0,PASAJE,37.87277299234545,"LINESTRING (-58.45588227374975 -34.656984573128156, -58.4561732326263 -34.65722693820997)",descartado,0.0,,,,,
27450,PASAJE K,K,Villa Soldati,8.0,PASAJE,74.65527194573953,"LINESTRING (-58.45567042422347 -34.657627868179205, -58.45622720504649 -34.658118977296745)",descartado,0.0,,,,,
27454,PASAJE B,B,Villa Soldati,8.0,PASAJE,115.5614062893118,"LINESTRING (-58.45764224688531 -34.65560657720437, -58.45771765782529 -34.65567668833593, -58.45841796685082 -34.656283328904195, -58.4585116537911 -34.65636075354995)",descartado,0.0,,,,,
27455,PASAJE B,B,Villa Soldati,8.0,PASAJE,158.9990966693781,"LINESTRING (-58.456419432027076 -34.65459582996664, -58.45704943266964 -34.6551270468696, -58.45757416537562 -34.65558060842527, -58.45764224688531 -34.65560657720437)",descartado,0.0,,,,,
27456,PASAJE C,C,Villa Soldati,8.0,PASAJE,116.0909236407446,"LINESTRING (-58.45738456646034 -34.655795252042346, -58.45825802622854 -34.65655295364377)",descartado,0.0,,,,,
27457,PASAJE C,C,Villa Soldati,8.0,PASAJE,157.5099975341254,"LINESTRING (-58.45619767269551 -34.65476915349447, -58.457076742718044 -34.65553116908601, -58.45733010230656 -34.65575716628416, -58.45738456646034 -34.655795252042346)",descartado,0.0,,,,,
27542,PREFECTURA NAVAL ARGENTINA,PREFECTURA NAVAL ARGENTINA,Retiro,1.0,CALLE,172.6858907599081,"LINESTRING (-58.376229609269565 -34.58195295690245, -58.37517609921402 -34.58066305641467)",descartado,0.0,,,,,
27589,ANTARTIDA ARGENTINA AV.,ANTARTIDA ARGENTINA,Retiro,1.0,AVENIDA,19.00403383079165,"LINESTRING (-58.371010560955504 -34.58917414914473, -58.371057152779294 -34.58900723219063)",descartado,0.0,,,,,
27596,CIUDAD DE LA PAZ,CIUDAD DE LA PAZ,Saavedra,12.0,CALLE,34.01830995054522,"LINESTRING (-58.469895367619024 -34.548815313485605, -58.47002654280143 -34.54852851294318)",descartado,0.0,,,,,
27625,PICO,PICO,Saavedra,12.0,CALLE,24.08012921314258,"LINESTRING (-58.4747658143919 -34.5408740972262, -58.47501301689153 -34.540946707853976)",descartado,0.0,,,,,
27628,3 DE FEBRERO,3 DE FEBRERO,Nuñez,13.0,CALLE,23.82221535977425,"LINESTRING (-58.464245879174186 -34.54349162550385, -58.464378943527244 -34.543307262166515)",descartado,0.0,,,,,
27633,CUBA,CUBA,Nuñez,13.0,CALLE,22.65921885893011,"LINESTRING (-58.46637005103957 -34.547582201026096, -58.46649311124536 -34.547405134172465)",descartado,0.0,,,,,
27745,14 DE JULIO,14 DE JULIO,Villa Ortuzar,15.0,CALLE,16.60763909367589,"LINESTRING (-58.464122829511425 -34.575621297165554, -58.464229979886795 -34.57550064699537)",descartado,0.0,,,,,
27756,SOLDADO DE LA INDEPENDENCIA,SOLDADO DE LA INDEPENDENCIA,Palermo,14.0,CALLE,19.2435855374927,"LINESTRING (-58.43828975555967 -34.56529219272091, -58.43845921575821 -34.56519002515509)",descartado,0.0,,,,,
27762,ARCE,ARCE,Palermo,14.0,CALLE,14.56144877272974,"LINESTRING (-58.43143778442795 -34.57059126346477, -58.43156743220911 -34.570515581287516)",descartado,0.0,,,,,
27763,BAEZ,BAEZ,Palermo,14.0,CALLE,14.77668757666997,"LINESTRING (-58.43218080580531 -34.57145225601047, -58.43231229652257 -34.571375367552946)",descartado,0.0,,,,,
27840,"ROCA, JULIO A., PRESIDENTE DIAGONAL SUR AV.","JULIO A., PRESIDENTE DIAGONAL SUR AV. ROCA",Monserrat,1.0,AVENIDA,8.337606734332715,"LINESTRING (-58.37478545785064 -34.6102672927362, -58.37475948814788 -34.61033931711313)",descartado,0.0,,,,,
27841,"ROCA, JULIO A., PRESIDENTE DIAGONAL SUR AV.","JULIO A., PRESIDENTE DIAGONAL SUR AV. ROCA",Monserrat,1.0,AVENIDA,13.74408048017185,"LINESTRING (-58.37475948814788 -34.61033931711313, -58.37478768420201 -34.61039688345597, -58.37484839699391 -34.610432903984425)",descartado,0.0,,,,,
27872,FLORIDA,FLORIDA,Retiro,1.0,CALLE,20.8519854644972,"LINESTRING (-58.37541758063675 -34.596244305612345, -58.37541922631541 -34.596056346087806)",descartado,0.0,,,,,
27876,PICO,PICO,Saavedra,12.0,CALLE,37.59224493948521,"LINESTRING (-58.49867500648357 -34.55191417315098, -58.49901699577614 -34.55210062724889)",descartado,0.0,,,,,
27995,CONSTITUCION,CONSTITUCION,Constitucion,1.0,CALLE,63.17450413452178,"LINESTRING (-58.38142600391096 -34.62463076846348, -58.38211431916759 -34.62465368785634)",descartado,0.0,,,,,
28010,INDEPENDENCIA AV.,INDEPENDENCIA,San Telmo,1.0,AVENIDA,40.4558924079185,"LINESTRING (-58.36898913439489 -34.61703268445627, -58.36941739240173 -34.61712004855213)",descartado,0.0,,,,,
28020,REPUBLICA BOLIVARIANA DE VENEZUELA,REPUBLICA BOLIVARIANA DE VENEZUELA,Monserrat,1.0,CALLE,22.03521313856945,"LINESTRING (-58.36904165063926 -34.61354923730724, -58.36928104365497 -34.61356596486622)",descartado,0.0,,,,,
28021,REPUBLICA BOLIVARIANA DE VENEZUELA,REPUBLICA BOLIVARIANA DE VENEZUELA,Monserrat,1.0,CALLE,22.1850799444504,"LINESTRING (-58.36928104365497 -34.61356596486622, -58.36952208280853 -34.61358262997339)",descartado,0.0,,,,,
28033,INDEPENDENCIA AV.,INDEPENDENCIA,San Telmo,1.0,AVENIDA,27.93058978231402,"LINESTRING (-58.36868642488655 -34.617005155103605, -58.36898913439489 -34.61703268445627)",descartado,0.0,,,,,
28039,"PAZ, GRAL. AV.",GRAL. AV. PAZ,Villa Devoto,11.0,AVENIDA,72.84406773231332,"LINESTRING (-58.522107238575884 -34.59751726457023, -58.522343532454244 -34.59814415035279)",descartado,0.0,,,,,
28040,"PAZ, GRAL. AV.",GRAL. AV. PAZ,Villa Devoto,11.0,AVENIDA,299.0143468807487,"LINESTRING (-58.52080831870922 -34.59507555035454, -58.521046320896566 -34.59530513503614, -58.521388025489316 -34.595758304906724, -58.52154252579078 -34.59607040600844, -58.52170419278611 -34.596397034101756, -58.522107238575884 -34.59751726457023)",descartado,0.0,,,,,
28042,"PAZ, GRAL. AV.",GRAL. AV. PAZ,Liniers,9.0,AVENIDA,102.2142050253479,"LINESTRING (-58.52897044555487 -34.634815052740834, -58.52889745509445 -34.6351471106425, -58.529251389229564 -34.635573839531105, -58.52927231432037 -34.63563805417278)",descartado,0.0,,,,,
28052,"PAZ, GRAL. AV.",GRAL. AV. PAZ,Villa Lugano,8.0,AVENIDA,48.78543913742933,"LINESTRING (-58.493844166427586 -34.679965131139305, -58.49378515399352 -34.68004562977814, -58.493700447430825 -34.68012615198631, -58.49358184751988 -34.68021018260507, -58.493461710804084 -34.68025737020393)",descartado,0.0,,,,,
28057,ANTARTIDA ARGENTINA AV.,ANTARTIDA ARGENTINA,Retiro,1.0,AVENIDA,56.68237554204571,"LINESTRING (-58.37083996037688 -34.58966523129842, -58.371010560955504 -34.58917414914473)",descartado,0.0,,,,,
28066,ANTARTIDA ARGENTINA AV.,ANTARTIDA ARGENTINA,Retiro,1.0,AVENIDA,43.78128848538082,"LINESTRING (-58.3714156344444 -34.58796645013142, -58.371543670753766 -34.58758626641442)",descartado,0.0,,,,,
28072,REPUBLICA ARABE SIRIA,REPUBLICA ARABE SIRIA,Palermo,14.0,CALLE,17.07079913550185,"LINESTRING (-58.412497395379226 -34.57914212006669, -58.41240782596428 -34.57900724731984)",descartado,0.0,,,,,
28074,REPUBLICA DE LA INDIA,REPUBLICA DE LA INDIA,Palermo,14.0,CALLE,15.65394122462083,"LINESTRING (-58.414808587567435 -34.57830628376467, -58.41472719763336 -34.57818226902597)",descartado,0.0,,,,,
28080,ANTARTIDA ARGENTINA AV.,ANTARTIDA ARGENTINA,Retiro,1.0,AVENIDA,69.97048394577176,"LINESTRING (-58.37042367556251 -34.59084251182245, -58.37044431755141 -34.5907428194973, -58.370616995237796 -34.59023285021961)",descartado,0.0,,,,,
28128,POLA,POLA,Mataderos,9.0,CALLE,13.36103870409801,"LINESTRING (-58.493051013101585 -34.65562925862248, -58.49294566399859 -34.655712485676545)",descartado,0.0,,,,,
28141,POLA,POLA,Mataderos,9.0,CALLE,13.23667421974286,"LINESTRING (-58.49186681314005 -34.656549966289944, -58.49176144234742 -34.6566315445467)",descartado,0.0,,,,,
28190,9 DE JULIO AV.,9 DE JULIO,Retiro,1.0,AVENIDA,157.305725152618,"LINESTRING (-58.38284025085344 -34.592833384668864, -58.38227228276258 -34.59214355261722, -58.38206636324107 -34.59158552747219)",descartado,0.0,,,,,
28191,9 DE JULIO AV.,9 DE JULIO,Retiro,1.0,AVENIDA,174.2333581483501,"LINESTRING (-58.38206636324107 -34.59158552747219, -58.38218525768945 -34.59153806236517, -58.382300980486846 -34.59111632755476, -58.38215888450205 -34.59062213092644, -58.38225069801611 -34.59010672985282)",descartado,0.0,,,,,
28309,"PAZ, GRAL. AV.",GRAL. AV. PAZ,Nuñez,13.0,AVENIDA,210.0527920041154,"LINESTRING (-58.46514781908041 -34.5346537833613, -58.465516712400884 -34.534811696797625, -58.4658627280205 -34.534959815339114, -58.46611401881399 -34.535097640701544, -58.466391610413424 -34.53530317128221, -58.466616606816814 -34.53547243137941, -58.46677850642665 -34.5356432236137, -58.46680762229164 -34.53584272180944)",descartado,0.0,,,,,
28310,"PAZ, GRAL. AV.",GRAL. AV. PAZ,Nuñez,13.0,AVENIDA,204.8233714803297,"LINESTRING (-58.46680762229164 -34.53584272180944, -58.467066938409594 -34.53578141886372, -58.467273164418934 -34.535768770548785, -58.467471753133815 -34.535771924371446, -58.46775054109466 -34.53577507497486, -58.46809043633213 -34.5358319501239, -58.468403601039775 -34.53592359034004, -58.46870530916346 -34.536012069814525, -58.46897848519874 -34.536055316626516)",descartado,0.0,,,,,
28311,"PAZ, GRAL. AV.",GRAL. AV. PAZ,Nuñez,13.0,AVENIDA,269.6245017579407,"LINESTRING (-58.46514781908041 -34.5346537833613, -58.46592408533136 -34.53485583634206, -58.466540374867414 -34.53506068037312, -58.46662243544382 -34.535087955585006, -58.46701398105829 -34.5352257751965, -58.46762467798258 -34.535462058618634, -58.46787012797105 -34.53555702390208)",descartado,0.0,,,,,
28312,"PAZ, GRAL. AV.",GRAL. AV. PAZ,Nuñez,13.0,AVENIDA,436.6774058801363,"LINESTRING (-58.47437366326108 -34.5383050633256, -58.47544438359987 -34.53874135021902, -58.47616125300254 -34.53906998515879, -58.477134482009745 -34.539561297336455, -58.47740183065337 -34.539696224735, -58.478503694199844 -34.54025231019334)",descartado,0.0,,,,,
28313,"PAZ, GRAL. AV.",GRAL. AV. PAZ,Nuñez,13.0,AVENIDA,157.3913170449066,"LINESTRING (-58.47423124142988 -34.53851968115635, -58.47447597738487 -34.53862242759274, -58.47470610032535 -34.53870099405887, -58.47510581291568 -34.538847743455705, -58.47527439762805 -34.53896644534279, -58.47536408583777 -34.53913561009071, -58.47548797909249 -34.53937008048666)",descartado,0.0,,,,,
28314,"PAZ, GRAL. AV.",GRAL. AV. PAZ,Saavedra,12.0,AVENIDA,113.8064528496353,"LINESTRING (-58.477389569025604 -34.539848170429096, -58.47764527634983 -34.539984157877434, -58.4778918489491 -34.540097476343306, -58.478289101242375 -34.54025233672177, -58.478503694199844 -34.54025231019334)",descartado,0.0,,,,,
28315,"PAZ, GRAL. AV.",GRAL. AV. PAZ,Saavedra,12.0,AVENIDA,286.7275532592735,"LINESTRING (-58.4840974295482 -34.54274891223843, -58.48482806323769 -34.543069937220054, -58.486181381375886 -34.54366035234629, -58.48678059457646 -34.54390391933618, -58.48686804887329 -34.543941921004546)",descartado,0.0,,,,,
28316,"PAZ, GRAL. AV.",GRAL. AV. PAZ,Saavedra,12.0,AVENIDA,316.0241885018844,"LINESTRING (-58.48303365690485 -34.54228816571275, -58.4832618013988 -34.54249590865576, -58.484454394901455 -34.543041825599346, -58.48519799218891 -34.54339857953645, -58.485303052464474 -34.5435610255645, -58.485442646813546 -34.54376070187515, -58.485669516513966 -34.54401248054003)",descartado,0.0,,,,,
28317,"PAZ, GRAL. AV.",GRAL. AV. PAZ,Saavedra,12.0,AVENIDA,258.5309329141638,"LINESTRING (-58.485669516513966 -34.54401248054003, -58.48620729097173 -34.54419182762595, -58.48643100830534 -34.544127555145764, -58.48660907672634 -34.5441048517648, -58.48680298370478 -34.544111566946036, -58.48694698982254 -34.54420302138249, -58.48728037886203 -34.54444476457435, -58.48758179541275 -34.544644952424456, -58.48806724146914 -34.544956317636974)",descartado,0.0,,,,,
28318,"PAZ, GRAL. AV.",GRAL. AV. PAZ,Saavedra,12.0,AVENIDA,245.4506806141925,"LINESTRING (-58.48990612743335 -34.545316997107946, -58.492263943412965 -34.546360599318504)",descartado,0.0,,,,,
28319,"PAZ, GRAL. AV.",GRAL. AV. PAZ,Saavedra,12.0,AVENIDA,138.6126349108887,"LINESTRING (-58.49094757062068 -34.546454019674144, -58.491653722247236 -34.54678209336856, -58.4919677237423 -34.547008715148536, -58.492150432721324 -34.54718813906109)",descartado,0.0,,,,,
28320,"PAZ, GRAL. AV.",GRAL. AV. PAZ,Saavedra,12.0,AVENIDA,337.6289917513449,"LINESTRING (-58.4951472422735 -34.54784386536182, -58.495529705212185 -34.54795238972385, -58.495940728386195 -34.54811285620301, -58.4966234933327 -34.54839861246031, -58.49721794338153 -34.54866784165557, -58.49788870989693 -34.54902103504486, -58.49835755814303 -34.54930574235903)",descartado,0.0,,,,,
28321,"PAZ, GRAL. AV.",GRAL. AV. PAZ,Saavedra,12.0,AVENIDA,353.5174623823159,"LINESTRING (-58.497190920537555 -34.548532471720506, -58.49786123312545 -34.54889565902305, -58.49826723952061 -34.549118749067155, -58.49854967785151 -34.54926886225565, -58.49885230487819 -34.54946068986086, -58.49907171605922 -34.549612906529894, -58.49922556459522 -34.54973802374954, -58.4993996080651 -34.54991945811735, -58.49948539012741 -34.550057111755976, -58.49956616589749 -34.55027612287907, -58.499583863296856 -34.55038667830002, -58.49958474405855 -34.550625122311565, -58.499618441557494 -34.55076886926101)",descartado,0.0,,,,,
28322,"PAZ, GRAL. AV.",GRAL. AV. PAZ,Saavedra,12.0,AVENIDA,61.36481952301016,"LINESTRING (-58.497190920537555 -34.548532471720506, -58.49778303161708 -34.548789292829035)",descartado,0.0,,,,,
28323,"PAZ, GRAL. AV.",GRAL. AV. PAZ,Saavedra,12.0,AVENIDA,318.3299021264412,"LINESTRING (-58.501199487709584 -34.552257965949664, -58.50245729567333 -34.55493212377439)",descartado,0.0,,,,,
28324,"PAZ, GRAL. AV.",GRAL. AV. PAZ,Saavedra,12.0,AVENIDA,165.9296958430105,"LINESTRING (-58.500682687565885 -34.55203342668198, -58.500778300290946 -34.55216906195888, -58.50089548194046 -34.55240039940141, -58.50108578917469 -34.55276124561599, -58.50137782831827 -34.55341201787784)",descartado,0.0,,,,,
28325,"PAZ, GRAL. AV.",GRAL. AV. PAZ,Saavedra,12.0,AVENIDA,195.8498385878341,"LINESTRING (-58.50137782831827 -34.55341201787784, -58.50176395272817 -34.55393474570479, -58.50206600731665 -34.554441345834476, -58.50245729567333 -34.55493212377439)",descartado,0.0,,,,,
28326,"PAZ, GRAL. AV.",GRAL. AV. PAZ,Saavedra,12.0,AVENIDA,622.5921831819666,"LINESTRING (-58.50620643353462 -34.5637788285834, -58.507205484962306 -34.5658973516412, -58.50767087646727 -34.5668838956715, -58.50794065931173 -34.567433283279634, -58.50804683579937 -34.56762638088191, -58.508162429258824 -34.56797365171862, -58.508267543116546 -34.56833061751426, -58.50841628189832 -34.568819499054186, -58.50848130244244 -34.56905578829106)",descartado,0.0,,,,,
28327,"PAZ, GRAL. AV.",GRAL. AV. PAZ,Saavedra,12.0,AVENIDA,179.4167539954816,"LINESTRING (-58.50746710055453 -34.5658599122832, -58.50759141189648 -34.56621309383357, -58.50794662749338 -34.56710977513731, -58.508086680307095 -34.56739284347661)",descartado,0.0,,,,,
28328,"PAZ, GRAL. AV.",GRAL. AV. PAZ,Saavedra,12.0,AVENIDA,258.4538423912801,"LINESTRING (-58.50620643353462 -34.5637788285834, -58.506302168213566 -34.56392977408897, -58.50642781454151 -34.56411169807216, -58.506660529628434 -34.56443807600027, -58.50699203718257 -34.565020922692845, -58.5072106937651 -34.56540560103492, -58.50736378118202 -34.56569469940466, -58.50746710055453 -34.5658599122832)",descartado,0.0,,,,,
28329,"PAZ, GRAL. AV.",GRAL. AV. PAZ,Villa Pueyrredon,12.0,AVENIDA,631.7439907867181,"LINESTRING (-58.508086680307095 -34.56739284347661, -58.50921627958215 -34.56919984853513, -58.5094164355492 -34.56957642909758, -58.50968879041231 -34.57009369864949, -58.51013127710142 -34.57113267223546, -58.510724955383246 -34.57263783835941)",descartado,0.0,,,,,
28330,"PAZ, GRAL. AV.",GRAL. AV. PAZ,Saavedra,12.0,AVENIDA,135.1529138274261,"LINESTRING (-58.508669736645146 -34.568923292586454, -58.508764627117955 -34.56908511151994, -58.50894855821196 -34.56933413027807, -58.509077222658114 -34.56951876047099, -58.509169531760215 -34.569667071975154, -58.50918496592419 -34.56978150463503, -58.50915939126724 -34.56986204501284, -58.509039477603814 -34.56999799179525)",descartado,0.0,,,,,
28331,"PAZ, GRAL. AV.",GRAL. AV. PAZ,Villa Pueyrredon,12.0,AVENIDA,191.736910547502,"LINESTRING (-58.50967969379723 -34.57114828554185, -58.50981986413527 -34.57142511444229, -58.510214891082015 -34.571937470733545, -58.51034641300704 -34.5721497800529, -58.51053746582307 -34.57244158783673, -58.510724955383246 -34.57263783835941)",descartado,0.0,,,,,
28332,"PAZ, GRAL. AV.",GRAL. AV. PAZ,Villa Devoto,11.0,AVENIDA,245.5045291285726,"LINESTRING (-58.514450028768344 -34.58054234227832, -58.51541079289632 -34.58260779197102)",descartado,0.0,,,,,
28333,"PAZ, GRAL. AV.",GRAL. AV. PAZ,Villa Pueyrredon,12.0,AVENIDA,941.1903229033305,"LINESTRING (-58.510724955383246 -34.57263783835941, -58.510937588621644 -34.573043781449734, -58.51267798510488 -34.57674469595959, -58.5135065910679 -34.57852632867482, -58.514450028768344 -34.58054234227832)",descartado,0.0,,,,,
28334,"PAZ, GRAL. AV.",GRAL. AV. PAZ,Villa Pueyrredon,12.0,AVENIDA,222.1122331429561,"LINESTRING (-58.51321017720325 -34.57882648938031, -58.51337843889428 -34.57901487726386, -58.51405107161707 -34.579995068432154, -58.51424566255144 -34.58030853859854, -58.514450028768344 -34.58054234227832)",descartado,0.0,,,,,
28335,"PAZ, GRAL. AV.",GRAL. AV. PAZ,Villa Devoto,11.0,AVENIDA,245.8833148222581,"LINESTRING (-58.51541079289632 -34.58260779197102, -58.515469094688825 -34.58286336001768, -58.51556044044358 -34.58308638187424, -58.51570217822979 -34.583557364810346, -58.51594004537148 -34.584205370337365, -58.516011085934224 -34.584524914045005, -58.516016340596224 -34.58475831314396)",descartado,0.0,,,,,
28336,"PAZ, GRAL. AV.",GRAL. AV. PAZ,Villa Devoto,11.0,AVENIDA,444.5568704376226,"LINESTRING (-58.51541079289632 -34.58260779197102, -58.515999622773805 -34.5838311945696, -58.517218793959 -34.58632567784604)",descartado,0.0,,,,,
28337,"PAZ, GRAL. AV.",GRAL. AV. PAZ,Villa Devoto,11.0,AVENIDA,367.4533521715489,"LINESTRING (-58.517218793959 -34.58632567784604, -58.51726155087554 -34.58659448224328, -58.51751401873483 -34.58725830916459, -58.51788338561574 -34.588242472277216, -58.5180559604807 -34.5888012504215, -58.51812666792238 -34.58911860779553, -58.518249020691385 -34.58952149625351)",descartado,0.0,,,,,
28338,"PAZ, GRAL. AV.",GRAL. AV. PAZ,Villa Devoto,11.0,AVENIDA,319.9540281253662,"LINESTRING (-58.520424788444274 -34.593264393038886, -58.52077179046446 -34.59394638385198, -58.52169740815426 -34.595949338474675)",descartado,0.0,,,,,
28339,"PAZ, GRAL. AV.",GRAL. AV. PAZ,Villa Devoto,11.0,AVENIDA,286.9298411936555,"LINESTRING (-58.518249020691385 -34.58952149625351, -58.5184178422554 -34.589740097797446, -58.51849871263847 -34.58986582536725, -58.51867953338348 -34.5902233851519, -58.51886505558856 -34.590502339940066, -58.51909340181208 -34.590859877424045, -58.51929796489672 -34.591182054223474, -58.519435949930276 -34.59143351900768, -58.51957388809842 -34.591614241350314, -58.51974808707678 -34.59178134247419)",descartado,0.0,,,,,
28340,"PAZ, GRAL. AV.",GRAL. AV. PAZ,Villa Real,10.0,AVENIDA,186.9296671775289,"LINESTRING (-58.53015778129515 -34.61397599467481, -58.530613864965666 -34.614957667157064, -58.53071568936705 -34.61523061737492, -58.5307496649558 -34.61536360172988, -58.53078370296929 -34.615573587849674)",descartado,0.0,,,,,
28341,"PAZ, GRAL. AV.",GRAL. AV. PAZ,Villa Real,10.0,AVENIDA,312.6844721202933,"LINESTRING (-58.528551195602034 -34.611506687338974, -58.52869820958749 -34.61161502113662, -58.52880288732564 -34.6118468711265, -58.528971602370454 -34.61213344481198, -58.529222815930225 -34.61247106745994, -58.529596844820134 -34.61313190563898, -58.52987149290393 -34.613575666688924, -58.53000586912457 -34.61375894766139, -58.53015778129515 -34.61397599467481)",descartado,0.0,,,,,
28342,"PAZ, GRAL. AV.",GRAL. AV. PAZ,Villa Real,10.0,AVENIDA,627.648880194897,"LINESTRING (-58.52768678932254 -34.60870009336752, -58.528551926419404 -34.610552479172696, -58.528890636420044 -34.61130575757635, -58.529467965811406 -34.61251918590782, -58.53015778129515 -34.61397599467481)",descartado,0.0,,,,,
28343,"PAZ, GRAL. AV.",GRAL. AV. PAZ,Villa Devoto,11.0,AVENIDA,321.422582769445,"LINESTRING (-58.52768678932254 -34.60870009336752, -58.527788325032034 -34.60909064660427, -58.52797516402872 -34.60959040552339, -58.52812244723695 -34.61008084200106, -58.52823571857335 -34.61042647777509, -58.528374802512936 -34.6109192827009, -58.52845904127006 -34.6111778640211, -58.528551195602034 -34.611506687338974)",descartado,0.0,,,,,
28344,"PAZ, GRAL. AV.",GRAL. AV. PAZ,Villa Real,10.0,AVENIDA,249.6649698515843,"LINESTRING (-58.53078370296929 -34.615573587849674, -58.53073727862886 -34.6157521177174, -58.53072577578721 -34.61595225799824, -58.53066214276769 -34.616350888446625, -58.5305691650667 -34.61696510183912, -58.53050563070559 -34.61723628023505, -58.530377033925184 -34.61779652537363)",descartado,0.0,,,,,
28345,"PAZ, GRAL. AV.",GRAL. AV. PAZ,Villa Real,10.0,AVENIDA,651.5187642324443,"LINESTRING (-58.53078370296929 -34.615573587849674, -58.53086033450279 -34.61610205784467, -58.53084371218767 -34.61648707605943, -58.53081028007276 -34.61702610713877, -58.53070171754163 -34.61889521039859, -58.530618273117476 -34.620417791265446, -58.53054712066617 -34.62143635357074)",descartado,0.0,,,,,
28346,"PAZ, GRAL. AV.",GRAL. AV. PAZ,Villa Real,10.0,AVENIDA,250.7057615047834,"LINESTRING (-58.530283216516295 -34.61919591737372, -58.53034798189885 -34.61954335109304, -58.53038334244847 -34.619807489713956, -58.53040705589436 -34.6201570458209, -58.53044790268078 -34.62062018042272, -58.53046312980835 -34.62101200642313, -58.53046228080465 -34.62123339572771, -58.53054712066617 -34.62143635357074)",descartado,0.0,,,,,
28347,"PAZ, GRAL. AV.",GRAL. AV. PAZ,Villa Real,10.0,AVENIDA,183.8863306070066,"LINESTRING (-58.53054712066617 -34.62143635357074, -58.53050522548122 -34.62198588902999, -58.53045107640986 -34.62309194359927)",descartado,0.0,,,,,
28348,"PAZ, GRAL. AV.",GRAL. AV. PAZ,Villa Real,10.0,AVENIDA,225.0978124684208,"LINESTRING (-58.53045107640986 -34.62309194359927, -58.53035807138123 -34.623266998659844, -58.53031590955612 -34.62348752673405, -58.53022311547331 -34.62398450430867, -58.53010243962678 -34.624492197306104, -58.53001195323774 -34.6248997782118, -58.52994479070308 -34.62507095996351)",descartado,0.0,,,,,
28349,"PAZ, GRAL. AV.",GRAL. AV. PAZ,Villa Real,10.0,AVENIDA,482.0945825833537,"LINESTRING (-58.53045107640986 -34.62309194359927, -58.53038449446201 -34.624534012199426, -58.530250722143144 -34.62666913239481, -58.530192057339136 -34.62743218108776)",descartado,0.0,,,,,
28350,"PAZ, GRAL. AV.",GRAL. AV. PAZ,Villa Real,10.0,AVENIDA,193.7302340204113,"LINESTRING (-58.52991378508931 -34.62571513899412, -58.52997335414935 -34.62589533338805, -58.529988457314516 -34.62610927994353, -58.530018581545335 -34.626434310188934, -58.53003370139737 -34.62666882928634, -58.5300538547438 -34.62697329237274, -58.530081807552705 -34.62722923711607, -58.530192057339136 -34.62743218108776)",descartado,0.0,,,,,
28351,"PAZ, GRAL. AV.",GRAL. AV. PAZ,Versalles,10.0,AVENIDA,274.7557102512277,"LINESTRING (-58.530192057339136 -34.62743218108776, -58.53016697552642 -34.6278347035095, -58.53009195024412 -34.62931877634878, -58.530071250251446 -34.629906800155595)",descartado,0.0,,,,,
28352,"PAZ, GRAL. AV.",GRAL. AV. PAZ,Liniers,9.0,AVENIDA,257.3522831215087,"LINESTRING (-58.529227659301554 -34.63637963456853, -58.529293157797525 -34.636773307374355, -58.52928224384698 -34.63716766907531, -58.52927958790412 -34.63735788918104, -58.52926721725728 -34.637684979179745, -58.52929266583172 -34.6379238985969, -58.52930293934574 -34.63818488791519, -58.52932848881253 -34.63836337761803, -58.52934981202845 -34.63855236980641, -58.52938392034855 -34.63868947447452)",descartado,0.0,,,,,
28353,"PAZ, GRAL. AV.",GRAL. AV. PAZ,Liniers,9.0,AVENIDA,316.8768698372625,"LINESTRING (-58.52943583660317 -34.64022885605549, -58.52936473090756 -34.64134541622709, -58.52930612553315 -34.64220646450238, -58.52926023479353 -34.64308150601761)",descartado,0.0,,,,,
28354,"PAZ, GRAL. AV.",GRAL. AV. PAZ,Liniers,9.0,AVENIDA,228.5087253059812,"LINESTRING (-58.528954953750954 -34.64798876199806, -58.528917598355605 -34.64895479959952, -58.52885492971411 -34.650046852897546)",descartado,0.0,,,,,
28355,"PAZ, GRAL. AV.",GRAL. AV. PAZ,Liniers,9.0,AVENIDA,246.6655211607454,"LINESTRING (-58.528954953750954 -34.64798876199806, -58.52884083564688 -34.64828282872701, -58.528748212603865 -34.6488202750114, -58.52859233218689 -34.64937056657423, -58.52853473462105 -34.64974856634538, -58.5285002005538 -34.65000694332085, -58.52841614549933 -34.650157366405104)",descartado,0.0,,,,,
28356,"PAZ, GRAL. AV.",GRAL. AV. PAZ,Liniers,9.0,AVENIDA,297.3793388116936,"LINESTRING (-58.52885492971411 -34.650046852897546, -58.528850848304955 -34.65016200008537, -58.52876693829956 -34.651254421605515, -58.52870830069742 -34.652090967782065, -58.5286788866544 -34.65238848875994, -58.528607143063766 -34.65271753294311)",descartado,0.0,,,,,
28357,"PAZ, GRAL. AV.",GRAL. AV. PAZ,Liniers,9.0,AVENIDA,284.7622960317183,"LINESTRING (-58.52841614549933 -34.650157366405104, -58.52850408191226 -34.65091505644193, -58.528530331816164 -34.651518802685715, -58.5285827262333 -34.6518871746268, -58.52860038748653 -34.65226034954297, -58.528607143063766 -34.65271753294311)",descartado,0.0,,,,,
28358,"PAZ, GRAL. AV.",GRAL. AV. PAZ,Liniers,9.0,AVENIDA,208.6928160299623,"LINESTRING (-58.528607143063766 -34.65271753294311, -58.52848889145963 -34.653151603761046, -58.528400141749756 -34.65340015548018, -58.528226780690794 -34.65377475438077, -58.52796028102591 -34.65420540340032, -58.52777411224825 -34.65445400624357)",descartado,0.0,,,,,
28359,"PAZ, GRAL. AV.",GRAL. AV. PAZ,Liniers,9.0,AVENIDA,209.621214542784,"LINESTRING (-58.52777411224825 -34.65445400624357, -58.527631239413765 -34.654564648130744, -58.52742702813341 -34.65474819430498, -58.5271857625388 -34.654954824477215, -58.5266863683816 -34.6552652914208, -58.52623183445407 -34.65550341511888, -58.525969587251666 -34.655580867303236)",descartado,0.0,,,,,
28360,"PAZ, GRAL. AV.",GRAL. AV. PAZ,Mataderos,9.0,AVENIDA,278.4715004684686,"LINESTRING (-58.52535299791888 -34.656586798577955, -58.524861944867766 -34.656961553776185, -58.52407876867478 -34.65752895615024, -58.523553816434855 -34.65790022286339, -58.52307119629938 -34.65824346608863)",descartado,0.0,,,,,
28361,"PAZ, GRAL. AV.",GRAL. AV. PAZ,Mataderos,9.0,AVENIDA,268.2888287289701,"LINESTRING (-58.524919821408105 -34.656376688884585, -58.52473035392872 -34.65657311362938, -58.52440017471366 -34.65684278405426, -58.52416677051977 -34.65713318680462, -58.523807664107984 -34.65749759046345, -58.52330395226168 -34.657956347012586, -58.52307119629938 -34.65824346608863)",descartado,0.0,,,,,
28362,"PAZ, GRAL. AV.",GRAL. AV. PAZ,Mataderos,9.0,AVENIDA,558.0137624076857,"LINESTRING (-58.520150089482854 -34.660467399463954, -58.51974789961708 -34.66077909136689, -58.51908744760522 -34.66127990341167, -58.51817298784765 -34.66201183011421, -58.517021381976186 -34.66286985659438, -58.51667419784364 -34.66312201305836, -58.51565803766413 -34.66386096528543)",descartado,0.0,,,,,
28363,"PAZ, GRAL. AV.",GRAL. AV. PAZ,Mataderos,9.0,AVENIDA,108.7408139768125,"LINESTRING (-58.520150089482854 -34.660467399463954, -58.51994258762937 -34.6605444972862, -58.51963774469253 -34.66074414175122, -58.519315945216235 -34.66092629295777, -58.51914499036396 -34.66097204443603)",descartado,0.0,,,,,
28364,"PAZ, GRAL. AV.",GRAL. AV. PAZ,Mataderos,9.0,AVENIDA,107.579363829542,"LINESTRING (-58.517473165511795 -34.66198335492367, -58.51748915595074 -34.66212708842946, -58.5175063342146 -34.66223076226353, -58.51751114936294 -34.66225982248069, -58.517471053286044 -34.66236241507688, -58.51735427459231 -34.662452974059626, -58.51702940376903 -34.66258284457615, -58.51685780399341 -34.66264054437032)",descartado,0.0,,,,,
28365,"PAZ, GRAL. AV.",GRAL. AV. PAZ,Mataderos,9.0,AVENIDA,615.7623357747495,"LINESTRING (-58.51565803766413 -34.66386096528543, -58.51446827333298 -34.66474698422869, -58.51349867246159 -34.66548939878236, -58.51175417496262 -34.66679212451497, -58.5106828900652 -34.66759055766114)",descartado,0.0,,,,,
28366,"PAZ, GRAL. AV.",GRAL. AV. PAZ,Mataderos,9.0,AVENIDA,292.6143327457903,"LINESTRING (-58.5106828900652 -34.66759055766114, -58.51036525693218 -34.66773068280717, -58.50981050823313 -34.668070400809086, -58.50920984387497 -34.66846819010295, -58.508507628936776 -34.66888071651048, -58.50809669260353 -34.669130851222974)",descartado,0.0,,,,,
28367,"PAZ, GRAL. AV.",GRAL. AV. PAZ,Mataderos,9.0,AVENIDA,547.2445538649197,"LINESTRING (-58.5106828900652 -34.66759055766114, -58.509408343738535 -34.668564060954715, -58.50805754685222 -34.66959707967543, -58.50671517445732 -34.6706020798579, -58.506274760101526 -34.670917240495505)",descartado,0.0,,,,,
28368,"PAZ, GRAL. AV.",GRAL. AV. PAZ,Mataderos,9.0,AVENIDA,259.6955866660231,"LINESTRING (-58.50809669260353 -34.669130851222974, -58.507955705548184 -34.66927861231613, -58.507534092989424 -34.669653463876315, -58.50710159504524 -34.670075221241284, -58.506660926351984 -34.670493607141466, -58.5063848177931 -34.6707491992034, -58.506274760101526 -34.670917240495505)",descartado,0.0,,,,,
28369,"PAZ, GRAL. AV.",GRAL. AV. PAZ,Villa Lugano,8.0,AVENIDA,565.2770573712831,"LINESTRING (-58.50409386324337 -34.67258051375616, -58.503013972433656 -34.673410382132495, -58.50209074379398 -34.674096689073416, -58.50048990374633 -34.67533970528484, -58.49955816273764 -34.67603299553386)",descartado,0.0,,,,,
28370,"PAZ, GRAL. AV.",GRAL. AV. PAZ,Mataderos,9.0,AVENIDA,273.7692424529668,"LINESTRING (-58.50409386324337 -34.67258051375616, -58.50377619485148 -34.672710121493076, -58.50322752534822 -34.67303927404085, -58.50248020803827 -34.67347355574518, -58.50203550151849 -34.673736201569376, -58.50164042359439 -34.67398166638999)",descartado,0.0,,,,,
28371,"PAZ, GRAL. AV.",GRAL. AV. PAZ,Villa Lugano,8.0,AVENIDA,297.3376170217053,"LINESTRING (-58.50164042359439 -34.67398166638999, -58.50137383353987 -34.674252828102915, -58.50094290127364 -34.67463630333697, -58.50063485979753 -34.6749482205366, -58.500172189729824 -34.67540280267149, -58.49978258099904 -34.67575642477464, -58.49955816273764 -34.67603299553386)",descartado,0.0,,,,,
28372,"PAZ, GRAL. AV.",GRAL. AV. PAZ,Villa Lugano,8.0,AVENIDA,383.9755776682052,"LINESTRING (-58.49955816273764 -34.67603299553386, -58.49884664365627 -34.676568712421, -58.49785134858841 -34.67731800876597, -58.49702968913105 -34.67794124728504, -58.49646214124794 -34.67836490867773)",descartado,0.0,,,,,
28373,"PAZ, GRAL. AV.",GRAL. AV. PAZ,Villa Lugano,8.0,AVENIDA,299.7780657644878,"LINESTRING (-58.49646214124794 -34.67836490867773, -58.49610014162209 -34.67855970901191, -58.495718638429665 -34.6788120102949, -58.49503193857539 -34.67929688634653, -58.4944644105915 -34.67958863808313, -58.49420870255378 -34.67969201847913, -58.493986435780265 -34.67983599398332, -58.493844166427586 -34.679965131139305)",descartado,0.0,,,,,
28374,"PAZ, GRAL. AV.",GRAL. AV. PAZ,Villa Lugano,8.0,AVENIDA,271.5383189037343,"LINESTRING (-58.492959851204 -34.68050761587819, -58.492793158868125 -34.6806688343631, -58.49260339034395 -34.6809069308122, -58.49224217553719 -34.68137428310275, -58.49187917037294 -34.68172261327045, -58.49150733981333 -34.68200353498194, -58.49111252363774 -34.68240879936426)",descartado,0.0,,,,,
28375,"PAZ, GRAL. AV.",GRAL. AV. PAZ,Villa Lugano,8.0,ENLACE AUTOPISTA,215.4504031599013,"LINESTRING (-58.48610240503861 -34.68546794898413, -58.485779113907995 -34.6856369398231, -58.48551097425627 -34.68576857967, -58.48532332730225 -34.68583449717588, -58.48506899935517 -34.685875648591974, -58.48478960138501 -34.685825016097645, -58.48438258081853 -34.68557462092778, -58.48411948849046 -34.68532578628295)",descartado,0.0,,,,,
28376,"PAZ, GRAL. AV.",GRAL. AV. PAZ,Villa Riachuelo,8.0,ENLACE AUTOPISTA,199.7719026348344,"LINESTRING (-58.483098387122304 -34.68803090425981, -58.483004430755784 -34.68819945066338, -58.482504580856286 -34.6888120376262, -58.48177591606477 -34.6894491576633)",descartado,0.0,,,,,
28377,"PAZ, GRAL. AV.",GRAL. AV. PAZ,Villa Riachuelo,8.0,AVENIDA,575.2720087265027,"LINESTRING (-58.48177591606477 -34.6894491576633, -58.47830182121795 -34.69207466459905, -58.47713667725369 -34.69294281205569)",descartado,0.0,,,,,
28378,"PAZ, GRAL. AV.",GRAL. AV. PAZ,Villa Riachuelo,8.0,AVENIDA,283.4827850453652,"LINESTRING (-58.47912128357738 -34.69098430748371, -58.478840858808894 -34.6912859248929, -58.47853248433829 -34.69155808987342, -58.477866678596875 -34.692200851890085, -58.47753728219288 -34.69255407563155, -58.47713667725369 -34.69294281205569)",descartado,0.0,,,,,
28379,"PAZ, GRAL. AV.",GRAL. AV. PAZ,Villa Riachuelo,8.0,AVENIDA,271.3085869225408,"LINESTRING (-58.47976785845263 -34.69153196925885, -58.479454334847134 -34.69176909501752, -58.47905606602986 -34.6919975685653, -58.47834001490773 -34.69238966339139, -58.47736668259181 -34.69295762320314)",descartado,0.0,,,,,
28380,"PAZ, GRAL. AV.",GRAL. AV. PAZ,Villa Riachuelo,8.0,AVENIDA,191.6030679363937,"LINESTRING (-58.47713667725369 -34.69294281205569, -58.476297762056845 -34.69359041149868, -58.4755901773342 -34.69410499049021)",descartado,0.0,,,,,
28381,"PAZ, GRAL. AV.",GRAL. AV. PAZ,Villa Riachuelo,8.0,AVENIDA,271.8948618757487,"LINESTRING (-58.4755901773342 -34.69410499049021, -58.47531131365215 -34.69422173036414, -58.47477453886124 -34.69452990154394, -58.47446066126731 -34.69471780840345, -58.47394662443064 -34.69500718605781, -58.47357361086657 -34.69527024684706, -58.47332796509477 -34.69543184211983, -58.473150361828694 -34.69547944411584)",descartado,0.0,,,,,
28382,"PAZ, GRAL. AV.",GRAL. AV. PAZ,Villa Riachuelo,8.0,AVENIDA,357.9249560049558,"LINESTRING (-58.470128682720144 -34.698259730585136, -58.46888677870241 -34.699338036452566, -58.46811977594735 -34.69995757533292, -58.467709380614906 -34.70027317581951, -58.46735315323302 -34.70052756263482)",descartado,0.0,,,,,
28383,"PAZ, GRAL. AV.",GRAL. AV. PAZ,Villa Riachuelo,8.0,AVENIDA,362.0274499384547,"LINESTRING (-58.46982686222319 -34.69800818751293, -58.469594406261 -34.698252991067356, -58.46891216688203 -34.69876752958415, -58.4686706316574 -34.699026543063425, -58.46838304826496 -34.69941515434368, -58.467958737629935 -34.69993308135449, -58.467755331606966 -34.700101090613316, -58.467518023896154 -34.70030410104887, -58.46735315323302 -34.70052756263482)",descartado,0.0,,,,,
28384,"PAZ, GRAL. AV.",GRAL. AV. PAZ,Villa Riachuelo,8.0,AVENIDA,119.7557525848514,"LINESTRING (-58.46432919891959 -34.7021866637831, -58.46369127273593 -34.7026701961205, -58.46334164175443 -34.70289244882637)",descartado,0.0,,,,,
28385,"PAZ, GRAL. AV.",GRAL. AV. PAZ,Villa Riachuelo,8.0,AVENIDA,455.6008127022646,"LINESTRING (-58.465644940266316 -34.701655164561885, -58.46454602379088 -34.70239500897115, -58.46329186510465 -34.703222126279066, -58.462551254584156 -34.703657203644575, -58.46201514247439 -34.703963451991825, -58.461697287503526 -34.70414894992677)",descartado,0.0,,,,,
28386,"PAZ, GRAL. AV.",GRAL. AV. PAZ,Villa Riachuelo,8.0,AVENIDA,134.4410260212806,"LINESTRING (-58.465644940266316 -34.701655164561885, -58.465303421391035 -34.701813013925715, -58.46469141959814 -34.70207518318329, -58.46432919891959 -34.7021866637831)",descartado,0.0,,,,,
28387,"PAZ, GRAL. AV.",GRAL. AV. PAZ,Liniers,9.0,AVENIDA,323.3315412334247,"LINESTRING (-58.527962195985566 -34.65442339809816, -58.5274484133109 -34.65501768765482, -58.52724102319525 -34.65521379992258, -58.52654260951073 -34.655805674203, -58.525583415304006 -34.65656415145547)",descartado,0.0,,,,,
28388,"PAZ, GRAL. AV.",GRAL. AV. PAZ,Mataderos,9.0,AVENIDA,411.3127383613278,"LINESTRING (-58.523355128866875 -34.65821169665303, -58.52255907421929 -34.65880022524411, -58.52180913155838 -34.659402227864504, -58.52043807830139 -34.6604007637655, -58.52003588506597 -34.66070545650964)",descartado,0.0,,,,,
28389,"PAZ, GRAL. AV.",GRAL. AV. PAZ,Mataderos,9.0,AVENIDA,275.0324316725499,"LINESTRING (-58.50657442810077 -34.67089767670601, -58.504355027272574 -34.672566223046076)",descartado,0.0,,,,,
28390,"PAZ, GRAL. AV.",GRAL. AV. PAZ,Villa Lugano,8.0,AVENIDA,604.061054242478,"LINESTRING (-58.496236654603 -34.67869110933834, -58.495339805809884 -34.679387222408806, -58.494708963045014 -34.679839495274685, -58.494278147223326 -34.680169621987496, -58.493963679331834 -34.680406169980195, -58.493652357116574 -34.68064791347871, -58.493218386398645 -34.68097543863535, -58.49258000722706 -34.681469318975516, -58.49137170096151 -34.68236419505474)",descartado,0.0,,,,,
28391,"PAZ, GRAL. AV.",GRAL. AV. PAZ,Villa Riachuelo,8.0,AVENIDA,408.29324624165,"LINESTRING (-58.47587256107098 -34.69408095833935, -58.47565391133054 -34.694251106234745, -58.475385361613114 -34.69446397743652, -58.47504200627642 -34.6946807073495, -58.474686528663355 -34.6949120119065, -58.473846585560736 -34.69544738846845, -58.47347222515327 -34.695683888183986, -58.47244047253166 -34.696423750239475)",descartado,0.0,,,,,
28392,"PAZ, GRAL. AV.",GRAL. AV. PAZ,Villa Devoto,11.0,AVENIDA,545.2213240995852,"LINESTRING (-58.517558480939634 -34.58678476373146, -58.51796454070295 -34.58763353399239, -58.51868683804624 -34.58922643787124, -58.51942452105709 -34.59070440877271, -58.519721771777434 -34.591361745653295)",descartado,0.0,,,,,
28393,"PAZ, GRAL. AV.",GRAL. AV. PAZ,Villa Devoto,11.0,AVENIDA,477.072456206375,"LINESTRING (-58.52036957942597 -34.5928001213699, -58.52111751733826 -34.59439785278535, -58.5218327411414 -34.59589909228873, -58.522171365787344 -34.59683156545181)",descartado,0.0,,,,,
28394,"PAZ, GRAL. AV.",GRAL. AV. PAZ,Versalles,10.0,AVENIDA,552.5802603116209,"LINESTRING (-58.53024789085228 -34.629812227158425, -58.53022416372943 -34.63050522898789, -58.53016135720051 -34.63138728194819, -58.53012375909474 -34.63202431584545, -58.53006565309287 -34.63349087801491, -58.53005431757179 -34.63405494155981, -58.53002261876507 -34.63478938802718)",descartado,0.0,,,,,
28395,"PAZ, GRAL. AV.",GRAL. AV. PAZ,Villa Lugano,8.0,AVENIDA,356.3951073960372,"LINESTRING (-58.488182515338444 -34.68478969882321, -58.48527977090362 -34.686927735555514)",descartado,0.0,,,,,
28396,"PAZ, GRAL. AV.",GRAL. AV. PAZ,Villa Riachuelo,8.0,AVENIDA,274.1748458745782,"LINESTRING (-58.47244047253166 -34.696423750239475, -58.471780942911394 -34.696971845410204, -58.470376357777646 -34.69821270331612)",descartado,0.0,,,,,
28397,"PAZ, GRAL. AV.",GRAL. AV. PAZ,Liniers,9.0,AVENIDA,540.2660613934838,"LINESTRING (-58.52941634562148 -34.64301830137945, -58.529337168056955 -34.64397048120558, -58.52923203095063 -34.644901555571565, -58.529253516386014 -34.64529355127022, -58.529279372928784 -34.64585704775667, -58.529279738907825 -34.646319056106286, -58.52923360741337 -34.646893091628094, -58.529191535981305 -34.64724662085115, -58.52913697733005 -34.64787666182233)",descartado,0.0,,,,,
28398,"PAZ, GRAL. AV.",GRAL. AV. PAZ,Nuñez,13.0,AVENIDA,267.0927442562028,"LINESTRING (-58.46906554212659 -34.53589642102577, -58.47023515911501 -34.53646762393641, -58.471614319668134 -34.53705536783298)",descartado,0.0,,,,,
28399,"PAZ, GRAL. AV.",GRAL. AV. PAZ,Saavedra,12.0,AVENIDA,205.9230881875338,"LINESTRING (-58.47727936667209 -34.53947521594446, -58.4774717077046 -34.539579904734246, -58.47865435405704 -34.54018806099319, -58.47919504755904 -34.540440074779454)",descartado,0.0,,,,,
28400,"PAZ, GRAL. AV.",GRAL. AV. PAZ,Saavedra,12.0,AVENIDA,449.9386917948273,"LINESTRING (-58.492812644498606 -34.54651287667339, -58.49313808669849 -34.54665832174311, -58.49386267646485 -34.54697991866794, -58.49592321250396 -34.547882513535356, -58.49715089764889 -34.54840061832141)",descartado,0.0,,,,,
28401,"PAZ, GRAL. AV.",GRAL. AV. PAZ,Saavedra,12.0,AVENIDA,374.28731082734,"LINESTRING (-58.50019158542338 -34.55030459860361, -58.5005078948002 -34.550662801655356, -58.500964525116444 -34.55139979168408, -58.501618167034025 -34.552752448690356, -58.5019077397069 -34.553351679772085)",descartado,0.0,,,,,
28402,"PAZ, GRAL. AV.",GRAL. AV. PAZ,Saavedra,12.0,AVENIDA,97.53021752958266,"LINESTRING (-58.502585132834106 -34.55479786778586, -58.50297149887928 -34.55561685927481)",descartado,0.0,,,,,
28403,"PAZ, GRAL. AV.",GRAL. AV. PAZ,Villa Lugano,8.0,AVENIDA,397.32173488744,"LINESTRING (-58.49137170096151 -34.68236419505474, -58.49049413477653 -34.68302494669264, -58.48969353984843 -34.68362013015176, -58.489130149592235 -34.68403325599786, -58.488182515338444 -34.68478969882321)",descartado,0.0,,,,,
28404,"PAZ, GRAL. AV.",GRAL. AV. PAZ,Villa Riachuelo,8.0,AVENIDA,285.4612243107792,"LINESTRING (-58.4682041057073 -34.70003493019039, -58.46767906814982 -34.70043009660021, -58.467183257079256 -34.700773116749204, -58.46582673759386 -34.701697267387665)",descartado,0.0,,,,,
28405,"PAZ, GRAL. AV.",GRAL. AV. PAZ,Nuñez,13.0,AVENIDA,231.7700673774288,"LINESTRING (-58.46678379560394 -34.535002649404596, -58.467835109294114 -34.53540259556988, -58.46791687241002 -34.535433699774565, -58.46906554212659 -34.53589642102577)",descartado,0.0,,,,,
28406,"PAZ, GRAL. AV.",GRAL. AV. PAZ,Nuñez,13.0,AVENIDA,296.2389245152351,"LINESTRING (-58.474459141287504 -34.53817993575387, -58.475129765638975 -34.538462167915945, -58.4757945759052 -34.538749249230804, -58.47638268486335 -34.53902726733764, -58.47727936667209 -34.53947521594446)",descartado,0.0,,,,,
28407,"PAZ, GRAL. AV.",GRAL. AV. PAZ,Saavedra,12.0,AVENIDA,318.9321434380167,"LINESTRING (-58.48400605921288 -34.5425411237776, -58.48494674986498 -34.54296034686967, -58.48628929757833 -34.54353061784277, -58.48707651540464 -34.543886086594306)",descartado,0.0,,,,,
28408,"PAZ, GRAL. AV.",GRAL. AV. PAZ,Saavedra,12.0,AVENIDA,299.6905529167568,"LINESTRING (-58.489955607258686 -34.54520720556871, -58.49120306168127 -34.54581543695605, -58.492812644498606 -34.54651287667339)",descartado,0.0,,,,,
28409,"PAZ, GRAL. AV.",GRAL. AV. PAZ,Saavedra,12.0,AVENIDA,32.57614217657954,"LINESTRING (-58.49715089764889 -34.54840061832141, -58.49746488344403 -34.54853749245403)",descartado,0.0,,,,,
28410,"PAZ, GRAL. AV.",GRAL. AV. PAZ,Saavedra,12.0,AVENIDA,172.0590386755103,"LINESTRING (-58.5019077397069 -34.553351679772085, -58.502585132834106 -34.55479786778586)",descartado,0.0,,,,,
28411,"PAZ, GRAL. AV.",GRAL. AV. PAZ,Saavedra,12.0,AVENIDA,97.36673908820481,"LINESTRING (-58.50755474035907 -34.56572150880716, -58.50770872431556 -34.56604351194072, -58.50788382495855 -34.56646709453517, -58.507911348524935 -34.56654768065294)",descartado,0.0,,,,,
28412,"PAZ, GRAL. AV.",GRAL. AV. PAZ,Villa Pueyrredon,12.0,AVENIDA,660.7411039854273,"LINESTRING (-58.507911348524935 -34.56654768065294, -58.50820436450236 -34.567289347586616, -58.50869967247448 -34.56818007627483, -58.50890877273013 -34.56849593392322, -58.50931090018866 -34.569124522771396, -58.50974332099023 -34.56993760115346, -58.51019573575583 -34.57097246347229, -58.510460393437235 -34.57163395906002, -58.51064678762474 -34.572044516870235)",descartado,0.0,,,,,
28413,"PAZ, GRAL. AV.",GRAL. AV. PAZ,Villa Devoto,11.0,AVENIDA,235.6748695459742,"LINESTRING (-58.51461706321059 -34.58050036338197, -58.515544174534234 -34.58248157833839)",descartado,0.0,,,,,
28414,"PAZ, GRAL. AV.",GRAL. AV. PAZ,Villa Pueyrredon,12.0,AVENIDA,253.5249809211587,"LINESTRING (-58.51064678762474 -34.572044516870235, -58.51104846810982 -34.572921370942325, -58.51164594973138 -34.57417512169893)",descartado,0.0,,,,,
28415,"PAZ, GRAL. AV.",GRAL. AV. PAZ,Villa Devoto,11.0,AVENIDA,340.0696896707045,"LINESTRING (-58.515544174534234 -34.58248157833839, -58.5161020280835 -34.583699433075985, -58.51687732634289 -34.585341845548434)",descartado,0.0,,,,,
28416,"PAZ, GRAL. AV.",GRAL. AV. PAZ,Villa Devoto,11.0,AVENIDA,170.2756705250702,"LINESTRING (-58.519721771777434 -34.591361745653295, -58.52036957942597 -34.5928001213699)",descartado,0.0,,,,,
28417,"PAZ, GRAL. AV.",GRAL. AV. PAZ,Villa Real,10.0,AVENIDA,153.2240381949706,"LINESTRING (-58.530258939427775 -34.613824952029994, -58.530709463457896 -34.61481817001037, -58.530842551093485 -34.615119112769364)",descartado,0.0,,,,,
28418,"PAZ, GRAL. AV.",GRAL. AV. PAZ,Villa Real,10.0,AVENIDA,579.7996112464343,"LINESTRING (-58.527967101728464 -34.608954711397686, -58.52863585388922 -34.61041347086902, -58.52897259135209 -34.611166008384146, -58.529584233876015 -34.612379307884055, -58.530258939427775 -34.613824952029994)",descartado,0.0,,,,,
28419,"PAZ, GRAL. AV.",GRAL. AV. PAZ,Villa Real,10.0,AVENIDA,691.9113445222832,"LINESTRING (-58.530842551093485 -34.615119112769364, -58.530995722701896 -34.61599698033072, -58.53099180739284 -34.616388991683785, -58.530966851968884 -34.616938518354935, -58.530879152250485 -34.61842610144086, -58.53076213897081 -34.620316209482006, -58.53070634679447 -34.62134137128031)",descartado,0.0,,,,,
28420,"PAZ, GRAL. AV.",GRAL. AV. PAZ,Villa Real,10.0,AVENIDA,180.392430779969,"LINESTRING (-58.53070634679447 -34.62134137128031, -58.53067025488376 -34.62187379548198, -58.53062033066085 -34.62296584749979)",descartado,0.0,,,,,
28421,"PAZ, GRAL. AV.",GRAL. AV. PAZ,Villa Real,10.0,AVENIDA,475.4666805235864,"LINESTRING (-58.53062033066085 -34.62296584749979, -58.53052413655018 -34.62443593316114, -58.53040310682265 -34.62661654752039, -58.53036550702271 -34.627246581840694)",descartado,0.0,,,,,
28422,"PAZ, GRAL. AV.",GRAL. AV. PAZ,Versalles,10.0,AVENIDA,284.8479683447335,"LINESTRING (-58.53036550702271 -34.627246581840694, -58.53033625108625 -34.62772260818637, -58.530261212043506 -34.629185680715985, -58.53024789085228 -34.629812227158425)",descartado,0.0,,,,,
28423,"PAZ, GRAL. AV.",GRAL. AV. PAZ,Liniers,9.0,AVENIDA,296.5724221089366,"LINESTRING (-58.52957993371037 -34.64034854948277, -58.52951710680664 -34.6412473316972, -58.529454270987664 -34.642111882420615, -58.52941634562148 -34.64301830137945)",descartado,0.0,,,,,
28424,"PAZ, GRAL. AV.",GRAL. AV. PAZ,Liniers,9.0,AVENIDA,245.3875150866938,"LINESTRING (-58.52913697733005 -34.64787666182233, -58.52906575900624 -34.648863718142586, -58.52899873934348 -34.6500856133338)",descartado,0.0,,,,,
28425,"PAZ, GRAL. AV.",GRAL. AV. PAZ,Liniers,9.0,AVENIDA,248.9094312421355,"LINESTRING (-58.52899873934348 -34.6500856133338, -58.528923568339984 -34.65115633568238, -58.52885646439597 -34.65199638656012, -58.528839781861116 -34.65232540128624)",descartado,0.0,,,,,
28426,"PAZ, GRAL. AV.",GRAL. AV. PAZ,Liniers,9.0,AVENIDA,248.3978299642414,"LINESTRING (-58.528839781861116 -34.65232540128624, -58.52877231564205 -34.65270694418491, -58.52866247532738 -34.653064009318946, -58.52860055773465 -34.653292378812615, -58.5284271792503 -34.65368957789481, -58.52816775964413 -34.65412829187789, -58.527962195985566 -34.65442339809816)",descartado,0.0,,,,,
28427,"PAZ, GRAL. AV.",GRAL. AV. PAZ,Mataderos,9.0,AVENIDA,274.145723657513,"LINESTRING (-58.525583415304006 -34.65656415145547, -58.52510334935139 -34.65692643106721, -58.524332874386594 -34.65748332846208, -58.523826700475034 -34.65787767854432, -58.523355128866875 -34.65821169665303)",descartado,0.0,,,,,
28428,"PAZ, GRAL. AV.",GRAL. AV. PAZ,Mataderos,9.0,AVENIDA,511.3851431865589,"LINESTRING (-58.52003588506597 -34.66070545650964, -58.519328859994 -34.66123429198046, -58.519132823836294 -34.6613923351535, -58.51847791086147 -34.66192069104557, -58.517267036033616 -34.66282424738578, -58.51591014719636 -34.66380701850577)",descartado,0.0,,,,,
28429,"PAZ, GRAL. AV.",GRAL. AV. PAZ,Mataderos,9.0,AVENIDA,618.5604183039438,"LINESTRING (-58.51591014719636 -34.66380701850577, -58.51479686298445 -34.66467377010539, -58.513792205688766 -34.665450479668756, -58.512029847700724 -34.66676700738408, -58.51094703519323 -34.66758467079029)",descartado,0.0,,,,,
28430,"PAZ, GRAL. AV.",GRAL. AV. PAZ,Mataderos,9.0,AVENIDA,543.8390174070795,"LINESTRING (-58.51094703519323 -34.66758467079029, -58.50967678811027 -34.668535900582576, -58.50831169254409 -34.669540985278196, -58.50698402243668 -34.6705724645636, -58.50657442810077 -34.67089767670601)",descartado,0.0,,,,,
28431,"PAZ, GRAL. AV.",GRAL. AV. PAZ,Villa Lugano,8.0,AVENIDA,562.9861943194207,"LINESTRING (-58.504355027272574 -34.672566223046076, -58.50330448842929 -34.67336381500665, -58.50240805644111 -34.67404549261553, -58.50073136557222 -34.675290630701575, -58.49981306218778 -34.67598273761862)",descartado,0.0,,,,,
28432,"PAZ, GRAL. AV.",GRAL. AV. PAZ,Villa Lugano,8.0,AVENIDA,444.7175197179131,"LINESTRING (-58.49981306218778 -34.67598273761862, -58.499130468676725 -34.676502128417695, -58.49814211836902 -34.67728440888698, -58.49730763730193 -34.67791908333307, -58.496236654603 -34.67869110933834)",descartado,0.0,,,,,
28433,"PAZ, GRAL. AV.",GRAL. AV. PAZ,Villa Riachuelo,8.0,AVENIDA,429.0695464510982,"LINESTRING (-58.48527977090362 -34.686927735555514, -58.484000113504955 -34.68794728265406, -58.48185679449328 -34.689566273041265)",descartado,0.0,,,,,
28434,"PAZ, GRAL. AV.",GRAL. AV. PAZ,Villa Riachuelo,8.0,AVENIDA,185.1408563713737,"LINESTRING (-58.47736668259181 -34.69295762320314, -58.47656253480183 -34.69357308733524, -58.47587256107098 -34.69408095833935)",descartado,0.0,,,,,
28435,"PAZ, GRAL. AV.",GRAL. AV. PAZ,Villa Riachuelo,8.0,AVENIDA,283.7278956621534,"LINESTRING (-58.470376357777646 -34.69821270331612, -58.46913680395141 -34.69928202417639, -58.4682041057073 -34.70003493019039)",descartado,0.0,,,,,
28436,"PAZ, GRAL. AV.",GRAL. AV. PAZ,Villa Riachuelo,8.0,AVENIDA,525.4316083318992,"LINESTRING (-58.46582673759386 -34.701697267387665, -58.465270178916185 -34.702093908331165, -58.46497536688281 -34.70239718265976, -58.464479534708545 -34.702866192878986, -58.463979459381086 -34.70338770155562, -58.46338614150259 -34.70397920887994, -58.463059813230934 -34.70424871114244, -58.462843672580455 -34.704423712121375, -58.46239655581474 -34.70472996240868, -58.46217445443311 -34.704873570410676, -58.461849840207215 -34.70508346032068)",descartado,0.0,,,,,
28437,"PAZ, GRAL. AV.",GRAL. AV. PAZ,Nuñez,13.0,AVENIDA,229.4539756343929,"LINESTRING (-58.46680762229164 -34.53584272180944, -58.46686265326507 -34.53571915310202, -58.46686917679238 -34.53561831281164, -58.46673212799785 -34.53544580435898, -58.466666273153386 -34.53530316402027, -58.46665458285562 -34.53524029411206, -58.466654579170196 -34.53514840685196, -58.46671301350257 -34.53503959137029, -58.4668269644745 -34.534933192353975, -58.46703734092165 -34.53487515203534, -58.46727401775219 -34.53488723499273, -58.46757790237877 -34.534964603475, -58.467861336924294 -34.53509516985419, -58.46800451685853 -34.53518463359773)",descartado,0.0,,,,,
28438,"PAZ, GRAL. AV.",GRAL. AV. PAZ,Saavedra,12.0,AVENIDA,184.0689279175992,"LINESTRING (-58.47732096568149 -34.539152979159255, -58.47749447627528 -34.539224745988626, -58.47770909068394 -34.53936451634348, -58.477941972846246 -34.539526953666865, -58.478206823759955 -34.53973094746164, -58.478413906686775 -34.53988884005956, -58.478793602051354 -34.54013930390427, -58.47887073228695 -34.54019760982726)",descartado,0.0,,,,,
28439,"PAZ, GRAL. AV.",GRAL. AV. PAZ,Saavedra,12.0,AVENIDA,320.4660446896333,"LINESTRING (-58.49746488344403 -34.54853749245403, -58.49821846419817 -34.548891490249396, -58.49863522895931 -34.549108619740764, -58.49901204275638 -34.549330482304846, -58.49937960725683 -34.54958522524214, -58.49974075731717 -34.54988111747752, -58.50019158542338 -34.55030459860361)",descartado,0.0,,,,,
28440,"PAZ, GRAL. AV.",GRAL. AV. PAZ,Saavedra,12.0,AVENIDA,232.7675611757697,"LINESTRING (-58.50042663640078 -34.55009784542769, -58.5004416978203 -34.5499518171137, -58.50045620890785 -34.54981572766092, -58.50042332601326 -34.549674526900326, -58.500364207640835 -34.54957949915261, -58.50029525780861 -34.549517061454296, -58.50019676884323 -34.549451917054334, -58.5000982931808 -34.549416644079365, -58.49999654036853 -34.54939223437675, -58.49986854348882 -34.549394988369414, -58.499809478129855 -34.549419446370344, -58.499730734915325 -34.549476497316014, -58.49970450370994 -34.54953353256537, -58.499688120861585 -34.549595996057356, -58.4997269662948 -34.54967433022412, -58.499816352920284 -34.549767002038436, -58.500081697550236 -34.55008960730906, -58.50019158542338 -34.55030459860361)",descartado,0.0,,,,,
28441,"PAZ, GRAL. AV.",GRAL. AV. PAZ,Saavedra,12.0,AVENIDA,178.2721637603509,"LINESTRING (-58.508086680307095 -34.56739284347661, -58.50818429145316 -34.567725525180954, -58.50827436134993 -34.56797141360191, -58.50836442612912 -34.568206969091094, -58.50851709342818 -34.56862654791579, -58.508669736645146 -34.568923292586454)",descartado,0.0,,,,,
28442,"PAZ, GRAL. AV.",GRAL. AV. PAZ,Saavedra,12.0,AVENIDA,96.03294459369623,"LINESTRING (-58.508669736645146 -34.568923292586454, -58.508665220123376 -34.568738679742836, -58.5086849796557 -34.56861385965029, -58.50878160411122 -34.568538067912435, -58.50890877273013 -34.56849593392322, -58.508985265680096 -34.56849391056358, -58.50918860335095 -34.56851266366837, -58.50929675128808 -34.56855529191606)",descartado,0.0,,,,,
28443,"PAZ, GRAL. AV.",GRAL. AV. PAZ,Villa Real,10.0,AVENIDA,326.7660234903707,"LINESTRING (-58.52933723730061 -34.61098186079445, -58.52938520280193 -34.61118267349314, -58.52945540201069 -34.61139494059436, -58.52953728876631 -34.61162650176946, -58.529613351539986 -34.6118725413957, -58.529706964923655 -34.61217164769145, -58.52981813313432 -34.61252864572187, -58.529882544801936 -34.612798817073376, -58.52997024701296 -34.613001424035396, -58.530258939427775 -34.613824952029994)",descartado,0.0,,,,,
28444,"PAZ, GRAL. AV.",GRAL. AV. PAZ,Villa Real,10.0,AVENIDA,212.6632875667128,"LINESTRING (-58.53084380218674 -34.62538885884414, -58.53082316793044 -34.6257054768407, -58.530652702547656 -34.626350404177835, -58.53048394928714 -34.627106513635695, -58.53036550702271 -34.627246581840694)",descartado,0.0,,,,,
28445,"PAZ, GRAL. AV.",GRAL. AV. PAZ,Liniers,9.0,AVENIDA,89.08716059788583,"LINESTRING (-58.529337389441224 -34.63941613485981, -58.529261309377546 -34.639542103504155, -58.529206259713106 -34.63968760120467, -58.52916437182836 -34.63986783038053, -58.52915395346059 -34.639980736491026, -58.52914098708585 -34.64019351747593)",descartado,0.0,,,,,
28446,"PAZ, GRAL. AV.",GRAL. AV. PAZ,Liniers,9.0,AVENIDA,142.3144680180814,"LINESTRING (-58.52984886760028 -34.641787314923846, -58.529805608439666 -34.64191568757282, -58.529780288681536 -34.642027703525706, -58.52970422297922 -34.642230748855155, -58.529522485165046 -34.6426858563666, -58.52941634562148 -34.64301830137945)",descartado,0.0,,,,,
28447,"PAZ, GRAL. AV.",GRAL. AV. PAZ,Liniers,9.0,AVENIDA,247.740996084501,"LINESTRING (-58.52932872966011 -34.65014993837083, -58.52933368064403 -34.65028313441295, -58.52930725784703 -34.650494100391946, -58.52926631649651 -34.65076064374565, -58.52910158757125 -34.651327742775884, -58.529046754806 -34.65161477740832, -58.52901730622985 -34.651866797710646, -58.52896671371959 -34.65216083011913, -58.528839781861116 -34.65232540128624)",descartado,0.0,,,,,
28449,"PAZ, GRAL. AV.",GRAL. AV. PAZ,Mataderos,9.0,AVENIDA,267.3050498235835,"LINESTRING (-58.525766059083296 -34.65688731930123, -58.525484662365976 -34.65706973959321, -58.525014738597065 -34.657381483550544, -58.52479879316553 -34.657479594293264, -58.52448968856987 -34.6576127520217, -58.52416790414577 -34.65778441593418, -58.52383291507198 -34.65800178671704, -58.5236270839303 -34.65814246250414, -58.523355128866875 -34.65821169665303)",descartado,0.0,,,,,
28450,"PAZ, GRAL. AV.",GRAL. AV. PAZ,Mataderos,9.0,AVENIDA,249.5449241217104,"LINESTRING (-58.51904802290787 -34.661849381431445, -58.5191069201598 -34.661739306656216, -58.519175634830006 -34.661645170284494, -58.51919098818511 -34.661538952652876, -58.51917365736329 -34.66141920628385, -58.519132823836294 -34.6613923351535, -58.51897487548667 -34.661288394519715, -58.51883604274559 -34.66127146414114, -58.518702379866994 -34.66129701549541, -58.51852763817411 -34.66140330537266, -58.51840435369111 -34.66157329810949, -58.5183222011979 -34.661743272161694, -58.518255411381794 -34.6618197739109, -58.51816291078755 -34.661892038771185, -58.51806526007227 -34.661951560603285, -58.51794701222546 -34.66196435893147, -58.51764365650775 -34.66196024609843, -58.517473165511795 -34.66198335492367)",descartado,0.0,,,,,
28452,"PAZ, GRAL. AV.",GRAL. AV. PAZ,Mataderos,9.0,AVENIDA,314.6125890359526,"LINESTRING (-58.51094703519323 -34.66758467079029, -58.51046946718791 -34.66805122087618, -58.51007377804933 -34.66848046368196, -58.50958045052513 -34.66902444958834, -58.509153902285064 -34.669457949473, -58.50877521821595 -34.66977709920209)",descartado,0.0,,,,,
28453,"PAZ, GRAL. AV.",GRAL. AV. PAZ,Mataderos,9.0,AVENIDA,238.4533379075266,"LINESTRING (-58.50877521821595 -34.66977709920209, -58.50830069139025 -34.67013801432881, -58.50798196448632 -34.670291074612585, -58.507452450883676 -34.67052068210463, -58.50696920896871 -34.67074177388747, -58.50657442810077 -34.67089767670601)",descartado,0.0,,,,,
28455,"PAZ, GRAL. AV.",GRAL. AV. PAZ,Mataderos,9.0,AVENIDA,274.2728871092934,"LINESTRING (-58.504355027272574 -34.672566223046076, -58.50421249613087 -34.67277441709095, -58.50401717192799 -34.67294017071968, -58.50375102472227 -34.673221137111064, -58.50349699659585 -34.67355022579358, -58.50319487563437 -34.67390908141048, -58.50293274508814 -34.67417681708592, -58.5025179062848 -34.674503135662384)",descartado,0.0,,,,,
28456,"PAZ, GRAL. AV.",GRAL. AV. PAZ,Villa Lugano,8.0,AVENIDA,299.4651763975418,"LINESTRING (-58.5025179062848 -34.674503135662384, -58.50226088222669 -34.67470289358646, -58.501998704678456 -34.674881410524456, -58.50178277603573 -34.67499193766643, -58.50134562947042 -34.6752099394209, -58.50085734682003 -34.67543406142119, -58.50001143973696 -34.67594535866575, -58.49981306218778 -34.67598273761862)",descartado,0.0,,,,,
28457,"PAZ, GRAL. AV.",GRAL. AV. PAZ,Villa Riachuelo,8.0,AVENIDA,278.5294183923503,"LINESTRING (-58.47244047253166 -34.696423750239475, -58.472255427790735 -34.69667574461242, -58.47198316579755 -34.696938141030635, -58.471764017563764 -34.69722034915027, -58.471369964775874 -34.697745381263765, -58.471132679543075 -34.69802189956226, -58.47064556238885 -34.69843756392287)",descartado,0.0,,,,,
28461,"PAZ, GRAL. AV.",GRAL. AV. PAZ,Saavedra,12.0,AVENIDA,267.5789637092335,"LINESTRING (-58.48400605921288 -34.5425411237776, -58.48454313232301 -34.54269052006251, -58.48546869870903 -34.543042224937146, -58.48568086730369 -34.54312995946643, -58.4857604237646 -34.54313725929523, -58.48587091415538 -34.54312992448665, -58.486021176802105 -34.543104296094505, -58.48618027173428 -34.54305306533696, -58.4863261235234 -34.54306035235758, -58.486494085966285 -34.54311152162181, -58.48671535786145 -34.54321216510026)",descartado,0.0,,,,,
28464,"PAZ, GRAL. AV.",GRAL. AV. PAZ,Saavedra,12.0,AVENIDA,298.7696911052561,"LINESTRING (-58.4975307161039 -34.548386752045616, -58.497873396877566 -34.54853824032036, -58.498204357333066 -34.548669565861076, -58.49863445775084 -34.548814880125306, -58.49919379743104 -34.54896896928371, -58.499828742446425 -34.549181399013534, -58.50032765949189 -34.54941471166319, -58.50050129015477 -34.549472774414085)",descartado,0.0,,,,,
28465,"PAZ, GRAL. AV.",GRAL. AV. PAZ,Saavedra,12.0,AVENIDA,41.84625435667866,"LINESTRING (-58.50050129015477 -34.549472774414085, -58.50073810926946 -34.5497951022003)",descartado,0.0,,,,,
28467,"PAZ, GRAL. AV.",GRAL. AV. PAZ,Saavedra,12.0,AVENIDA,112.2463369368968,"LINESTRING (-58.50073810926946 -34.5497951022003, -58.50084215297822 -34.54989050663814, -58.50092809019443 -34.55003601944248, -58.501036325976195 -34.5502649244067, -58.50123993067808 -34.550709647950015)",descartado,0.0,,,,,
28468,"PAZ, GRAL. AV.",GRAL. AV. PAZ,Saavedra,12.0,AVENIDA,230.2455732502954,"LINESTRING (-58.50929675128808 -34.56855529191606, -58.50934453433826 -34.56867011047021, -58.50937494702076 -34.56875263777704, -58.509392279368065 -34.56881981868465, -58.50947892117695 -34.56909334844408, -58.509570595317555 -34.569265868533996, -58.509820176627166 -34.569775020751756, -58.50994978086644 -34.5699857423791, -58.5101208032013 -34.570163357524045, -58.510230128006505 -34.57032349958036, -58.510314599301644 -34.57043436371471)",descartado,0.0,,,,,
28470,"PAZ, GRAL. AV.",GRAL. AV. PAZ,Saavedra,12.0,AVENIDA,348.946046251724,"LINESTRING (-58.507911348524935 -34.56654768065294, -58.5081485727631 -34.56686882969139, -58.50827305132634 -34.56709656542507, -58.508406380904354 -34.567265515224605, -58.50862413930105 -34.56751525905501, -58.508801882940254 -34.567684191693786, -58.50903296745592 -34.567933929743376, -58.50925959977234 -34.56816162561439, -58.509450717272394 -34.56841505199431, -58.50981727527632 -34.5689970050594, -58.5099304611766 -34.569197394209986)",descartado,0.0,,,,,
28472,"PAZ, GRAL. AV.",GRAL. AV. PAZ,Villa Pueyrredon,12.0,AVENIDA,146.6481131754713,"LINESTRING (-58.5099304611766 -34.569197394209986, -58.509918020507584 -34.5693941322445, -58.509908605609105 -34.56949336627019, -58.50988341706691 -34.56961088560336, -58.509892915033284 -34.569660497192174, -58.50994663692171 -34.56976231842836, -58.51005408255353 -34.56996857215075, -58.510133078485524 -34.570104983697306, -58.51021515619425 -34.57018796499599, -58.51027976642608 -34.57029883678858, -58.510314599301644 -34.57043436371471)",descartado,0.0,,,,,
28473,"PAZ, GRAL. AV.",GRAL. AV. PAZ,Villa Pueyrredon,12.0,AVENIDA,181.5344145797455,"LINESTRING (-58.510314599301644 -34.57043436371471, -58.51041417505092 -34.57091487740165, -58.51052903074045 -34.57141751860167, -58.51063826829815 -34.57181145944909, -58.51064678762474 -34.572044516870235)",descartado,0.0,,,,,
28476,"PAZ, GRAL. AV.",GRAL. AV. PAZ,Villa Devoto,11.0,AVENIDA,443.3319900002534,"LINESTRING (-58.515293480206026 -34.581588772304876, -58.51587746629263 -34.582545830030284, -58.51610637243505 -34.582889281180556, -58.51632129860042 -34.58326361884917, -58.51652224483989 -34.583668843104256, -58.51671382898647 -34.58402774976353, -58.51693138542796 -34.584534839279186, -58.51712305582261 -34.58499666793042, -58.517232016991514 -34.585241655282545)",descartado,0.0,,,,,
28477,"PAZ, GRAL. AV.",GRAL. AV. PAZ,Villa Devoto,11.0,AVENIDA,86.24968402012217,"LINESTRING (-58.517232016991514 -34.585241655282545, -58.517599124048054 -34.585957395793805)",descartado,0.0,,,,,
28478,"PAZ, GRAL. AV.",GRAL. AV. PAZ,Villa Devoto,11.0,AVENIDA,394.5434113152718,"LINESTRING (-58.517599124048054 -34.585957395793805, -58.51791307009683 -34.58665661944611, -58.518111294183406 -34.58703029593384, -58.51836836877143 -34.58758989602677, -58.51870958358899 -34.58833474256016, -58.51892923638249 -34.58875925454765, -58.51911777010986 -34.58928219391339)",descartado,0.0,,,,,
28480,"PAZ, GRAL. AV.",GRAL. AV. PAZ,Villa Devoto,11.0,AVENIDA,312.9381277150305,"LINESTRING (-58.517558480939634 -34.58678476373146, -58.51773785172097 -34.5869494007866, -58.517854664516 -34.587146214199024, -58.518279861033584 -34.587852423333565, -58.51860693053752 -34.58838111042564, -58.518840528832754 -34.58872069386924, -58.51896672799945 -34.58898698382992, -58.51911777010986 -34.58928219391339)",descartado,0.0,,,,,
28481,"PAZ, GRAL. AV.",GRAL. AV. PAZ,Villa Devoto,11.0,AVENIDA,237.4352126591801,"LINESTRING (-58.51911777010986 -34.58928219391339, -58.51926306737842 -34.589670243012705, -58.51940694505562 -34.59015988364035, -58.51956655398676 -34.59069218064096, -58.519721771777434 -34.591361745653295)",descartado,0.0,,,,,
28482,"PAZ, GRAL. AV.",GRAL. AV. PAZ,Villa Devoto,11.0,AVENIDA,258.8872769630203,"LINESTRING (-58.527967101728464 -34.608954711397686, -58.52811658377995 -34.6090665748328, -58.52834257270586 -34.609484901404656, -58.528506295967425 -34.609724818673826, -58.528883175403756 -34.610262794499306, -58.52908415650813 -34.61055219335724, -58.52933723730061 -34.61098186079445)",descartado,0.0,,,,,
28484,"PAZ, GRAL. AV.",GRAL. AV. PAZ,Villa Real,10.0,AVENIDA,270.392865399246,"LINESTRING (-58.53062033066085 -34.62296584749979, -58.53070061044778 -34.62321290617418, -58.53070983678251 -34.6237008144201, -58.530803734350194 -34.62462828299841, -58.53085739728199 -34.62510015556398, -58.53084380218674 -34.62538885884414)",descartado,0.0,,,,,
28485,"PAZ, GRAL. AV.",GRAL. AV. PAZ,Villa Real,10.0,AVENIDA,65.50660665065365,"LINESTRING (-58.53084380218674 -34.62538885884414, -58.530130017273365 -34.625366226064216)",descartado,0.0,,,,,
28486,"PAZ, GRAL. AV.",GRAL. AV. PAZ,Villa Real,10.0,AVENIDA,45.62171445425214,"LINESTRING (-58.530130017273365 -34.625366226064216, -58.530060835663946 -34.625405469656975, -58.53002305921394 -34.62543450570767, -58.529996109440326 -34.62549701511292, -58.52997461493397 -34.625628712052254, -58.52991378508931 -34.62571513899412)",descartado,0.0,,,,,
28487,"PAZ, GRAL. AV.",GRAL. AV. PAZ,Villa Real,10.0,AVENIDA,39.77817546970131,"LINESTRING (-58.52994479070308 -34.62507095996351, -58.52999593442694 -34.62527828387228, -58.53003917687818 -34.62533182707929, -58.530130017273365 -34.625366226064216)",descartado,0.0,,,,,
28490,"PAZ, GRAL. AV.",GRAL. AV. PAZ,Liniers,9.0,AVENIDA,136.5131371366006,"LINESTRING (-58.529942190033296 -34.64055918340246, -58.52984886760028 -34.641787314923846)",descartado,0.0,,,,,
28491,"PAZ, GRAL. AV.",GRAL. AV. PAZ,Liniers,9.0,AVENIDA,254.1438460594869,"LINESTRING (-58.52913697733005 -34.64787666182233, -58.529226059751835 -34.64805861700569, -58.5292730985319 -34.64862910190905, -58.529307304675456 -34.64903859078897, -58.52933292134779 -34.64929758158017, -58.52933163449043 -34.649627773892384, -58.52933698782524 -34.64982740673721, -58.52932872966011 -34.65014993837083)",descartado,0.0,,,,,
28492,"PAZ, GRAL. AV.",GRAL. AV. PAZ,Liniers,9.0,AVENIDA,342.7404593241101,"LINESTRING (-58.527962195985566 -34.65442339809816, -58.52771240035553 -34.65489961484177, -58.52752755394996 -34.65514946334837, -58.52722714340237 -34.65551277954212, -58.527040743393705 -34.65575115994481, -58.52684662739399 -34.65598317287735, -58.52645060762749 -34.656349085381486, -58.52607611701777 -34.65664107960821, -58.525766059083296 -34.65688731930123)",descartado,0.0,,,,,
28493,"PAZ, GRAL. AV.",GRAL. AV. PAZ,Mataderos,9.0,AVENIDA,210.2783893778235,"LINESTRING (-58.51904802290787 -34.661849381431445, -58.51871588207433 -34.662054061993544, -58.518337977001856 -34.66227431797954, -58.518096439523575 -34.662452860552534, -58.51802947345831 -34.66251849036844, -58.51762371402817 -34.662916150210926, -58.51736254519046 -34.663120538812244)",descartado,0.0,,,,,
28494,"PAZ, GRAL. AV.",GRAL. AV. PAZ,Mataderos,9.0,AVENIDA,157.6589950767863,"LINESTRING (-58.52003588506597 -34.66070545650964, -58.519971663807304 -34.66082161189887, -58.51952805942087 -34.66134861986832, -58.51926571057224 -34.66171971235185, -58.51904802290787 -34.661849381431445)",descartado,0.0,,,,,
28496,"PAZ, GRAL. AV.",GRAL. AV. PAZ,Mataderos,9.0,AVENIDA,114.4717150826762,"LINESTRING (-58.51904802290787 -34.661849381431445, -58.518806680173434 -34.66189585457191, -58.51865351314394 -34.6619304458069, -58.518475344108545 -34.66206401008456, -58.518380722318454 -34.66218142630432, -58.518337977001856 -34.66227431797954, -58.51835021663119 -34.66238166534956, -58.518399307018996 -34.662524884133504)",descartado,0.0,,,,,
28497,"PAZ, GRAL. AV.",GRAL. AV. PAZ,Mataderos,9.0,AVENIDA,154.0763776793764,"LINESTRING (-58.51736254519046 -34.663120538812244, -58.51699931382953 -34.6633592210432, -58.516520591779354 -34.66356708513938, -58.51591014719636 -34.66380701850577)",descartado,0.0,,,,,
28498,"PAZ, GRAL. AV.",GRAL. AV. PAZ,Mataderos,9.0,AVENIDA,130.485550161031,"LINESTRING (-58.518399307018996 -34.662524884133504, -58.51819635410082 -34.66251733608857, -58.51802947345831 -34.66251849036844, -58.517851575801664 -34.662548519680506, -58.51773212612805 -34.66260216833511, -58.5176365935299 -34.662686835054, -58.51751719863782 -34.66282510757606, -58.5174455809619 -34.662937971539094, -58.51736254519046 -34.663120538812244)",descartado,0.0,,,,,
28499,"PAZ, GRAL. AV.",GRAL. AV. PAZ,Mataderos,9.0,AVENIDA,119.382391824526,"LINESTRING (-58.51736254519046 -34.663120538812244, -58.517145325052084 -34.66319197681404, -58.51700195137699 -34.66320614406625, -58.516909771270264 -34.66319772222406, -58.516769767933475 -34.66314418844254, -58.51670441629417 -34.663048662373484, -58.51668727231678 -34.662932311742864, -58.51669575269527 -34.66284768392672, -58.51673837842759 -34.66277361916051, -58.51685780399341 -34.66264054437032)",descartado,0.0,,,,,
28500,"PAZ, GRAL. AV.",GRAL. AV. PAZ,Mataderos,9.0,AVENIDA,175.1706983278448,"LINESTRING (-58.51685780399341 -34.66264054437032, -58.51658506393886 -34.662842047623855, -58.51647078570872 -34.662985599783724, -58.516282032953995 -34.66317930881063, -58.51612852717902 -34.66336625363704, -58.51591954722393 -34.663556748223456, -58.5158044107087 -34.663687260003975, -58.51565803766413 -34.66386096528543)",descartado,0.0,,,,,
28501,"PAZ, GRAL. AV.",GRAL. AV. PAZ,Villa Lugano,8.0,AVENIDA,255.9594602240288,"LINESTRING (-58.496236654603 -34.67869110933834, -58.49612764115525 -34.678872505975875, -58.495772432906314 -34.679171310086986, -58.49547019194235 -34.67946669014957, -58.495280626993726 -34.679740742600906, -58.49497577049641 -34.68024482879981, -58.49483171987571 -34.68039714069675, -58.49467226548141 -34.68058167828077)",descartado,0.0,,,,,
28502,"PAZ, GRAL. AV.",GRAL. AV. PAZ,Villa Lugano,8.0,AVENIDA,68.32804695580354,"LINESTRING (-58.494137998212935 -34.680957396639634, -58.49359074554488 -34.681375695500215)",descartado,0.0,,,,,
28503,"PAZ, GRAL. AV.",GRAL. AV. PAZ,Liniers,9.0,AVENIDA,91.63084400354278,"LINESTRING (-58.529337389441224 -34.63941613485981, -58.52932536918165 -34.63977040696754, -58.52935523442348 -34.640050396260996, -58.52943583660317 -34.64022885605549)",descartado,0.0,,,,,
28526,"PAZ, GRAL. AV.",GRAL. AV. PAZ,Mataderos,9.0,AVENIDA,47.638923879075,"LINESTRING (-58.51429628385055 -34.664433824894026, -58.51391229914634 -34.664723208559394)",descartado,0.0,,,,,
28527,"PAZ, GRAL. AV.",GRAL. AV. PAZ,Villa Devoto,11.0,AVENIDA,21.6161653228911,"LINESTRING (-58.5191696915945 -34.59153604195489, -58.519256425625706 -34.59171721249429)",descartado,0.0,,,,,
28529,"PAZ, GRAL. AV.",GRAL. AV. PAZ,Villa Riachuelo,8.0,AVENIDA,70.0220800707199,"LINESTRING (-58.46396250987933 -34.703695704499495, -58.46386503645599 -34.70379720592639, -58.46375908674466 -34.703895207273696, -58.4636149945893 -34.70398970859971, -58.4634158078529 -34.70413321026756)",descartado,0.0,,,,,
28530,27 DE FEBRERO AV.,27 DE FEBRERO,Villa Riachuelo,8.0,AVENIDA,86.01847634987516,"LINESTRING (-58.46071831389846 -34.70379892990401, -58.46088749369127 -34.70393557071952, -58.4612348143569 -34.70408200485326, -58.46152044637827 -34.704186229104224)",descartado,0.0,,,,,
28531,"PAZ, GRAL. AV.",GRAL. AV. PAZ,Villa Riachuelo,8.0,AVENIDA,241.6294366556167,"LINESTRING (-58.46396250987933 -34.703695704499495, -58.46389894131875 -34.703905706763095, -58.46393569975576 -34.70413944823063, -58.463941324175934 -34.70425570975553, -58.46389894459778 -34.704360710929684, -58.46379299416657 -34.70445171223359, -58.46257243093373 -34.705218217988985, -58.462449526216886 -34.705249717475894)",descartado,0.0,,,,,
28532,"PAZ, GRAL. AV.",GRAL. AV. PAZ,Liniers,9.0,AVENIDA,89.33553277590002,"LINESTRING (-58.52961880738641 -34.639543905799144, -58.52957993371037 -34.64034854948277)",descartado,0.0,,,,,
28533,"PAZ, GRAL. AV.",GRAL. AV. PAZ,Liniers,9.0,AVENIDA,160.5596942845548,"LINESTRING (-58.529786615900235 -34.63934314802671, -58.52982059710768 -34.639472632034945, -58.52984615087852 -34.639654621656625, -58.52986744484117 -34.63980511297737, -58.529859145915324 -34.64001862167353, -58.52977035837183 -34.64019717357579, -58.52955022551814 -34.64029179519592, -58.52931731294089 -34.64029192149817, -58.52914098708585 -34.64019351747593)",descartado,0.0,,,,,
28534,"PAZ, GRAL. AV.",GRAL. AV. PAZ,Liniers,9.0,AVENIDA,53.07306051823273,"LINESTRING (-58.52962652668905 -34.6403862555609, -58.529438276284836 -34.64039671711063, -58.52930340663468 -34.64033508061465, -58.52914098708585 -34.64019351747593)",descartado,0.0,,,,,
28535,"PAZ, GRAL. AV.",GRAL. AV. PAZ,Liniers,9.0,AVENIDA,36.63809101395232,"LINESTRING (-58.52914098708585 -34.64019351747593, -58.529121026909806 -34.64036889171332, -58.52909224833264 -34.64043562902244, -58.52901423160397 -34.640488307766475)",descartado,0.0,,,,,
28536,"PAZ, GRAL. AV.",GRAL. AV. PAZ,Liniers,9.0,AVENIDA,25.23048925615134,"LINESTRING (-58.52905566443351 -34.63997729508238, -58.52914098708585 -34.64019351747593)",descartado,0.0,,,,,
28537,"PAZ, GRAL. AV.",GRAL. AV. PAZ,Liniers,9.0,AVENIDA,56.81713713203848,"LINESTRING (-58.52905566443351 -34.63997729508238, -58.52901423160397 -34.640488307766475)",descartado,0.0,,,,,
28538,"PAZ, GRAL. AV.",GRAL. AV. PAZ,Liniers,9.0,AVENIDA,136.5036047332048,"LINESTRING (-58.529279828869406 -34.63931752033677, -58.52934639784149 -34.63933146527074, -58.52958832174857 -34.63935600171542, -58.52973197290659 -34.639382332579636, -58.52989334139772 -34.63945013671363, -58.52997564457122 -34.63958973063554, -58.52996496730784 -34.639959062714226, -58.52994614797271 -34.64013466963831)",descartado,0.0,,,,,
28539,"PAZ, GRAL. AV.",GRAL. AV. PAZ,Villa Lugano,8.0,ENLACE AUTOPISTA,160.2196441940492,"LINESTRING (-58.48610240503861 -34.68546794898413, -58.48645492785972 -34.685459664904776, -58.48664015018014 -34.68551353088964, -58.486830196095376 -34.68565368138558, -58.487072605554104 -34.68591565787724, -58.48710626495426 -34.686193037890106, -58.48704179852754 -34.68635632574953)",descartado,0.0,,,,,
28540,"PAZ, GRAL. AV.",GRAL. AV. PAZ,Villa Lugano,8.0,ENLACE AUTOPISTA,181.6655327885874,"LINESTRING (-58.48791436192381 -34.68481751728715, -58.48768557189767 -34.68485256370659, -58.48610240503861 -34.68546794898413)",descartado,0.0,,,,,
28541,"PAZ, GRAL. AV.",GRAL. AV. PAZ,Villa Lugano,8.0,ENLACE AUTOPISTA,169.1144305251112,"LINESTRING (-58.48527977090362 -34.686927735555514, -58.48503382246665 -34.68730309507023, -58.48468656992015 -34.6880626654962, -58.48444376909249 -34.688266099193775)",descartado,0.0,,,,,
28542,"PAZ, GRAL. AV.",GRAL. AV. PAZ,Villa Lugano,8.0,ENLACE AUTOPISTA,266.6080194195948,"LINESTRING (-58.48398082588593 -34.68542852221734, -58.484303281197136 -34.68591612899255, -58.484367657161265 -34.68616182635777, -58.484367710992586 -34.686374330968, -58.4842954096268 -34.68658020728705, -58.4840221585117 -34.68691893326136, -58.48358814095149 -34.68735065622667, -58.48346290107739 -34.68752315493434)",descartado,0.0,,,,,
28560,CORRIENTES AV.,CORRIENTES,Chacarita,15.0,AVENIDA,75.21802089966411,"LINESTRING (-58.45076843528564 -34.588690532901154, -58.45087390661596 -34.588704954348614, -58.4509813431818 -34.58869958026942, -58.45105134375363 -34.58866862373102, -58.45107088442488 -34.58862150719268, -58.45111972746111 -34.5885622773936, -58.45115228820592 -34.58853131705411, -58.45121415185871 -34.58848420469722, -58.451337875675016 -34.588412866016455, -58.451423040903556 -34.58837904260175)",descartado,0.0,,,,,
28561,CORRIENTES AV.,CORRIENTES,Chacarita,15.0,AVENIDA,75.47615641892355,"LINESTRING (-58.45076843528564 -34.588690532901154, -58.45085274040739 -34.58873591577561, -58.45101312131334 -34.58880231862481, -58.45121659473598 -34.58882758099268, -58.451526658418246 -34.58871848149433)",descartado,0.0,,,,,
28562,CORRIENTES AV.,CORRIENTES,Chacarita,15.0,AVENIDA,126.5506916095396,"LINESTRING (-58.451526658418246 -34.58871848149433, -58.452777510683084 -34.5882376865918)",descartado,0.0,,,,,
28563,CORRIENTES AV.,CORRIENTES,Chacarita,15.0,AVENIDA,131.2705656985253,"LINESTRING (-58.452777510683084 -34.5882376865918, -58.454083295440604 -34.58775398089667)",descartado,0.0,,,,,
28564,CORRIENTES AV.,CORRIENTES,Chacarita,15.0,AVENIDA,89.35429966872724,"LINESTRING (-58.454083295440604 -34.58775398089667, -58.454844717939075 -34.587469617837456, -58.45497420227809 -34.58742906429993)",descartado,0.0,,,,,
28565,CORRIENTES AV.,CORRIENTES,Chacarita,15.0,AVENIDA,41.10087615319883,"LINESTRING (-58.451526658418246 -34.58871848149433, -58.45154473420797 -34.58859622756269, -58.45151423083903 -34.588467910851385, -58.451423040903556 -34.58837904260175)",descartado,0.0,,,,,
28570,CAÑONERA AMERICA,CANONERA AMERICA,Villa Lugano,8.0,CALLE,10.993377903495,"LINESTRING (-58.470157361855144 -34.68575513641257, -58.47007219384716 -34.6858249244149)",descartado,0.0,,,,,
28596,3 DE FEBRERO,3 DE FEBRERO,Nuñez,13.0,CALLE,39.56432320133744,"LINESTRING (-58.46620776066095 -34.54083582370442, -58.46634324145631 -34.54049725783121)",descartado,0.0,,,,,
28610,"PAZ, GRAL. AV.",GRAL. AV. PAZ,Saavedra,12.0,AVENIDA,363.9143231976396,"LINESTRING (-58.47952196897288 -34.54076602194643, -58.48081878422791 -34.54132880283881, -58.48303365690485 -34.54228816571275)",descartado,0.0,,,,,
28611,"PAZ, GRAL. AV.",GRAL. AV. PAZ,Saavedra,12.0,AVENIDA,285.8604272456159,"LINESTRING (-58.492263943412965 -34.546360599318504, -58.493771378795564 -34.547050783700925, -58.49500444933714 -34.5475841477613)",descartado,0.0,,,,,
28612,"PAZ, GRAL. AV.",GRAL. AV. PAZ,Villa Devoto,11.0,AVENIDA,743.3403284788683,"LINESTRING (-58.522171365787344 -34.59683156545181, -58.52227707775617 -34.59715727197209, -58.52280084170893 -34.59849647320506, -58.5232589475275 -34.599387932431185, -58.52376833682892 -34.6001751416775, -58.524165641045606 -34.600881342545065, -58.52499320128643 -34.60263727232281, -58.525184467442905 -34.60303824588737)",descartado,0.0,,,,,
28613,"PAZ, GRAL. AV.",GRAL. AV. PAZ,Villa Devoto,11.0,AVENIDA,704.2466555368846,"LINESTRING (-58.525184467442905 -34.60303824588737, -58.52533451111072 -34.603347357483045, -58.52649415447695 -34.60586740632073, -58.527967101728464 -34.608954711397686)",descartado,0.0,,,,,
28614,"PAZ, GRAL. AV.",GRAL. AV. PAZ,Villa Real,10.0,AVENIDA,69.30743141613279,"LINESTRING (-58.52991378508931 -34.62571513899412, -58.52985950191123 -34.62622785033643, -58.52985330678129 -34.626337809659255)",descartado,0.0,,,,,
28669,"PAZ, GRAL. AV.",GRAL. AV. PAZ,Liniers,9.0,AVENIDA,151.7921660284812,"LINESTRING (-58.528953527898395 -34.641738773670646, -58.529021020137705 -34.642064994652024, -58.529105419089255 -34.642358109067196, -58.52914172265656 -34.64265124938539, -58.529202031315215 -34.64288971977949, -58.52926023479353 -34.64308150601761)",descartado,0.0,,,,,
28685,CLAY,CLAY,Palermo,14.0,CALLE,30.74033799611424,"LINESTRING (-58.4322552461266 -34.57431271909359, -58.43198995748453 -34.57414350964729)",descartado,0.0,,,,,
28708,"PAZ, GRAL. AV.",GRAL. AV. PAZ,Villa Lugano,8.0,AVENIDA,30.00039313940995,"LINESTRING (-58.48892175960356 -34.683591639509416, -58.488733500328316 -34.68373640501673, -58.48867994831579 -34.683773853459)",descartado,0.0,,,,,
28709,"PAZ, GRAL. AV.",GRAL. AV. PAZ,Villa Lugano,8.0,AVENIDA,97.27414612053084,"LINESTRING (-58.48867994831579 -34.683773853459, -58.487869788338905 -34.68434038405732)",descartado,0.0,,,,,
28913,CORRIENTES AV.,CORRIENTES,San Nicolas,1.0,AVENIDA,90.52851173519295,"LINESTRING (-58.38114992577926 -34.603671854906445, -58.38129615988445 -34.60359082751152, -58.381835891831614 -34.60361201676566, -58.38206076522625 -34.6037363737301)",descartado,0.0,,,,,
28916,9 DE JULIO AV.,9 DE JULIO,San Nicolas,1.0,AVENIDA,38.64456800776684,"LINESTRING (-58.3813237956677 -34.60286256313408, -58.38148319400661 -34.60254011043915)",descartado,0.0,,,,,
28917,9 DE JULIO AV.,9 DE JULIO,San Nicolas,1.0,AVENIDA,70.98041100750993,"LINESTRING (-58.3820772048888 -34.603175746046574, -58.38201000935619 -34.603017429263254, -58.381961610926055 -34.60294115027137, -58.381885820251114 -34.60256036394228)",descartado,0.0,,,,,
28926,9 DE JULIO AV.,9 DE JULIO,San Nicolas,1.0,AVENIDA,133.3613860472548,"LINESTRING (-58.38159658712458 -34.60025043453993, -58.38162457305003 -34.59967249184703, -58.38166681584415 -34.59904972783063)",descartado,0.0,,,,,
28927,9 DE JULIO AV.,9 DE JULIO,Retiro,1.0,AVENIDA,130.6452899062355,"LINESTRING (-58.38166681584415 -34.59904972783063, -58.38170981920388 -34.59787259936035)",descartado,0.0,,,,,
28928,9 DE JULIO AV.,9 DE JULIO,Retiro,1.0,AVENIDA,128.0932908188563,"LINESTRING (-58.38170981920388 -34.59787259936035, -58.381756111508764 -34.597761285550966, -58.38183645362527 -34.596726466918625)",descartado,0.0,,,,,
28929,9 DE JULIO AV.,9 DE JULIO,Retiro,1.0,AVENIDA,139.4895656201041,"LINESTRING (-58.38170981920388 -34.59787259936035, -58.381588449397604 -34.596793886012804, -58.381421068290734 -34.596688418087574)",descartado,0.0,,,,,
28930,9 DE JULIO AV.,9 DE JULIO,Retiro,1.0,AVENIDA,147.4086104949984,"LINESTRING (-58.38183645362527 -34.596726466918625, -58.38197622975841 -34.595402729585146)",descartado,0.0,,,,,
28931,9 DE JULIO AV.,9 DE JULIO,Retiro,1.0,AVENIDA,26.91568837689866,"LINESTRING (-58.38197622975841 -34.595402729585146, -58.38198521507667 -34.59516021930772)",descartado,0.0,,,,,
28932,9 DE JULIO AV.,9 DE JULIO,Retiro,1.0,AVENIDA,103.7882065358131,"LINESTRING (-58.38198521507667 -34.59516021930772, -58.38205025640955 -34.594226196325195)",descartado,0.0,,,,,
28933,9 DE JULIO AV.,9 DE JULIO,Retiro,1.0,AVENIDA,116.9297954626622,"LINESTRING (-58.38198521507667 -34.59516021930772, -58.38188531895528 -34.59494229510145, -58.38172789190693 -34.59428861712599, -58.38159631748329 -34.59417898850716)",descartado,0.0,,,,,
28934,9 DE JULIO AV.,9 DE JULIO,Retiro,1.0,AVENIDA,130.713142427601,"LINESTRING (-58.382415088692035 -34.595439906299426, -58.38260209502821 -34.59472491360275, -58.382774795878085 -34.59430160480335)",descartado,0.0,,,,,
28935,9 DE JULIO AV.,9 DE JULIO,Retiro,1.0,AVENIDA,154.5528855379287,"LINESTRING (-58.38205025640955 -34.594226196325195, -58.381982204413795 -34.59283415848341)",descartado,0.0,,,,,
28936,9 DE JULIO AV.,9 DE JULIO,Retiro,1.0,AVENIDA,138.4150044829304,"LINESTRING (-58.381982204413795 -34.59283415848341, -58.38183574020843 -34.591592346941525)",descartado,0.0,,,,,
28937,9 DE JULIO AV.,9 DE JULIO,Retiro,1.0,AVENIDA,113.7327016553681,"LINESTRING (-58.38225069801611 -34.59010672985282, -58.38227405075872 -34.5899673571864, -58.3823267760105 -34.589737378634105, -58.382178840541236 -34.589098555736186)",descartado,0.0,,,,,
29055,3 DE FEBRERO,3 DE FEBRERO,Nuñez,13.0,CALLE,68.30761140764773,"LINESTRING (-58.45782670075442 -34.5522289910363, -58.45821315894656 -34.55170277816591)",descartado,0.0,,,,,
29104,AUTOPISTA 25 DE MAYO,25 DE MAYO,Constitucion,1.0,AUTOPISTA,492.4500997556727,"LINESTRING (-58.377320969693855 -34.622788555050604, -58.37812704713721 -34.6227939956421, -58.37852450761875 -34.62279667632674, -58.37943106970267 -34.62282313345966, -58.38043659920456 -34.6228524709604, -58.381210140705164 -34.62285257794832, -58.38133569963326 -34.62284973931147, -58.381384766658925 -34.62285523854334, -58.38176605415961 -34.62285265180693, -58.38268809856246 -34.62282019580255)",descartado,0.0,,,,,
29107,AUTOPISTA 25 DE MAYO,25 DE MAYO,Constitucion,1.0,SUBIDA AUTOPISTA,98.68663848788908,"LINESTRING (-58.381041666429574 -34.61975651006233, -58.38117211806987 -34.61988541023941, -58.38119824761796 -34.6201142002493, -58.381243886212374 -34.620604457544886)",descartado,0.0,,,,,
29108,AUTOPISTA 25 DE MAYO,25 DE MAYO,Constitucion,1.0,SUBIDA AUTOPISTA,333.3241664435481,"LINESTRING (-58.381243886212374 -34.620604457544886, -58.38123447557563 -34.62079725108341, -58.381221357705954 -34.62100015145552, -58.38120504177785 -34.62117101137434, -58.38119520328242 -34.62132318664229, -58.38118538578805 -34.62145400305885, -58.38117230714419 -34.62161685556689, -58.38115928105972 -34.621726310954735, -58.38116563760041 -34.62183043967638, -58.38117998720154 -34.621915089625716, -58.381193568529206 -34.62199520728146, -58.381223501684815 -34.62210280407728, -58.38127329450873 -34.622200389036756, -58.38137182345461 -34.62234586079646, -58.3814944272182 -34.62246875650993, -58.381681620645466 -34.622594365188284, -58.38186563458876 -34.62266924416996, -58.38211747309983 -34.62274149817344, -58.38268809856246 -34.62282019580255)",descartado,0.0,,,,,
29109,AUTOPISTA 25 DE MAYO,25 DE MAYO,Constitucion,1.0,SUBIDA AUTOPISTA,96.44035330974754,"LINESTRING (-58.38144604114449 -34.619754176400136, -58.38134985791399 -34.620043491682424, -58.38129675203165 -34.62020323113526, -58.381283420125555 -34.620287341118036, -58.381243886212374 -34.620604457544886)",descartado,0.0,,,,,
29110,AUTOPISTA 25 DE MAYO,25 DE MAYO,Constitucion,1.0,ENLACE AUTOPISTA,132.1965975496409,"LINESTRING (-58.377320969693855 -34.622788555050604, -58.37771258444773 -34.62273081020121, -58.37820021543042 -34.622697560692075, -58.37875431785291 -34.622682677504635)",descartado,0.0,,,,,
29111,AUTOPISTA 25 DE MAYO,25 DE MAYO,Constitucion,1.0,BAJADA AUTOPISTA,418.651262956528,"LINESTRING (-58.37875431785291 -34.622682677504635, -58.3791717854129 -34.62262799958114, -58.37936923781348 -34.62260213767803, -58.379559728775014 -34.62254581668853, -58.379729724994746 -34.62246959083712, -58.37994409655205 -34.62234453592091, -58.380088271328745 -34.62223164755045, -58.38025878886381 -34.622039748207456, -58.38032334187669 -34.6219016705563, -58.380373135420264 -34.6217951627869, -58.3804288106407 -34.62152647522242, -58.38045496505097 -34.621227230596084, -58.380467745523035 -34.62108100254411, -58.38047265384883 -34.6208506013124, -58.380481407451114 -34.62063788481837, -58.380506950476665 -34.62032706330396, -58.38052927323974 -34.620114375394415, -58.380618636157685 -34.6197589001646)",descartado,0.0,,,,,
29112,AUTOPISTA 25 DE MAYO,25 DE MAYO,Constitucion,1.0,ENLACE AUTOPISTA,813.633869794101,"LINESTRING (-58.37875431785291 -34.622682677504635, -58.379079382135075 -34.62268290236856, -58.37943772849503 -34.62264650488526, -58.37966680304148 -34.622594749301925, -58.38001786162706 -34.622457573106075, -58.380147549137476 -34.62240689732082, -58.38027782167855 -34.62234308589915, -58.380391103695864 -34.62229903509345, -58.38050614973874 -34.62227584803494, -58.380653403573426 -34.62226562241535, -58.380752194826485 -34.622278465438825, -58.380845449817215 -34.62230239674706, -58.380959645483756 -34.62233864672498, -58.381052226629066 -34.622384986170054, -58.381118735563064 -34.622433828260924, -58.38118274296135 -34.622498691793425, -58.38126620838564 -34.622598622835426, -58.381317896087175 -34.62268137364626, -58.381337204341925 -34.62275183657087, -58.38133569963326 -34.62284973931147, -58.381331122440976 -34.62290744914834, -58.381326613111376 -34.62297116317635, -58.381301162985466 -34.62306124090918, -58.381268808327675 -34.623123906139746, -58.38118106162307 -34.623268819983785, -58.38109050532343 -34.62341089703121, -58.38101415129104 -34.623536204294986, -58.38095241909801 -34.62365219349115, -58.38085132149438 -34.6238353566254, -58.38078757893217 -34.62396699136054, -58.380756149628276 -34.624028168286344, -58.38073287874142 -34.62407346484536, -58.38065986178526 -34.62421319579045, -58.380595913883056 -34.62436347322236, -58.38052377894555 -34.62450512226951, -58.380421562545294 -34.6247058404085, -58.380382086546284 -34.624810967212106, -58.380285535924926 -34.625015531257134, -58.38021831763668 -34.6251754998046, -58.38018894573402 -34.625259305673616, -58.38015478514957 -34.6253279007366, -58.38008794118953 -34.6254699931492, -58.38003688652934 -34.62559983981787, -58.379951697617585 -34.62582575511844, -58.37985324135031 -34.62608685294431, -58.37980189803924 -34.62622301044477, -58.379705433948494 -34.62647882262046, -58.379634683892675 -34.62666644294267, -58.379574254004034 -34.62682669476096, -58.37931850720647 -34.62732163147765)",descartado,0.0,,,,,
29113,AUTOPISTA 25 DE MAYO,25 DE MAYO,Constitucion,1.0,ENLACE AUTOPISTA,229.0031966630021,"LINESTRING (-58.381326539745636 -34.62348357293429, -58.381428547565086 -34.6233949515743, -58.38152401223529 -34.62332703300777, -58.38162177760786 -34.62327534978822, -58.381736273914576 -34.62321482165464, -58.381991033402365 -34.62313054153177, -58.38212976023939 -34.62310274361797, -58.38226210362482 -34.62307622464784, -58.382448076228016 -34.623063044572646, -58.382588848961554 -34.623043723153295, -58.382795415699775 -34.62303487242097, -58.38312545673181 -34.62302073047525, -58.38367265961658 -34.622966044865365)",descartado,0.0,,,,,
29114,AUTOPISTA 25 DE MAYO,25 DE MAYO,Constitucion,1.0,ENLACE AUTOPISTA,166.8279871848912,"LINESTRING (-58.38046695428177 -34.624797080294364, -58.3805565155066 -34.62457824210844, -58.38061212557165 -34.624460157362044, -58.38065492034936 -34.624369284887486, -58.38070348582601 -34.62429170853785, -58.38078765967296 -34.62415725255766, -58.3808610579042 -34.62407009049175, -58.38092307254795 -34.623977666820565, -58.38104546508734 -34.62383370868807, -58.38120120945367 -34.623650521226494, -58.38128533676667 -34.623561887953485, -58.381326539745636 -34.62348357293429)",descartado,0.0,,,,,
29115,AUTOPISTA 1 SUR PRESIDENTE ARTURO FRONDIZI,1 SUR PRESIDENTE ARTURO FRONDIZI,Constitucion,1.0,ENLACE AUTOPISTA,300.1009381933691,"LINESTRING (-58.37931850720647 -34.62732163147765, -58.37942602124064 -34.62720348836031, -58.37948261497176 -34.62707559989085, -58.37956366008435 -34.62689245633696, -58.37961704806263 -34.626771811153986, -58.379660420755705 -34.62667379805374, -58.37970881053238 -34.62656444711424, -58.379737434091325 -34.62645801167527, -58.3797930904662 -34.62632799865017, -58.379857614571726 -34.62617727010441, -58.379927533322814 -34.626045353683274, -58.37997264309659 -34.625936506412025, -58.38001678088351 -34.625830004194746, -58.3800997724208 -34.62562974908216, -58.38017831319001 -34.625440232540235, -58.38021813936232 -34.62534413281822, -58.380275218604424 -34.6252064013864, -58.38034870802554 -34.62502907170063, -58.38046695428177 -34.624797080294364)",descartado,0.0,,,,,
29116,AUTOPISTA 25 DE MAYO,25 DE MAYO,Constitucion,1.0,BAJADA AUTOPISTA,176.4560011320653,"LINESTRING (-58.38018543959765 -34.6263698077313, -58.38020331754147 -34.62615563253081, -58.38024670823553 -34.62593203812037, -58.38025928687143 -34.625867219552276, -58.38028266228112 -34.62574676419852, -58.38029730317304 -34.6256713183309, -58.380308557604835 -34.62561332310963, -58.38033029660866 -34.62550129959806, -58.38034984465596 -34.62540056606608, -58.38036845021057 -34.625304689085056, -58.38038390723262 -34.62522503675318, -58.38040577968837 -34.62511232447133, -58.38042131032568 -34.62503229241, -58.38043999450183 -34.62493600940852, -58.38046695428177 -34.624797080294364)",descartado,0.0,,,,,
29117,AUTOPISTA 25 DE MAYO,25 DE MAYO,Constitucion,1.0,BAJADA AUTOPISTA,324.0680314228301,"LINESTRING (-58.38039896059337 -34.62214138464143, -58.38026013303539 -34.6223200212656, -58.38009322935511 -34.62256101941052, -58.38000652840001 -34.622725234260564, -58.379948641033806 -34.6229212637061, -58.37991960449454 -34.623112013680114, -58.37991950113987 -34.623215347258366, -58.37991938188384 -34.623334578308025, -58.37995126860987 -34.62349887409884, -58.38003765556079 -34.6236499591869, -58.38012410098536 -34.62374275347951, -58.38027144381611 -34.6238355891751, -58.38036965758384 -34.62387946345299, -58.3804540827944 -34.62388870496201, -58.38057586415395 -34.62390203551254, -58.38062273065138 -34.62389459171253, -58.38075858480199 -34.62387301390514, -58.38085132149438 -34.6238353566254, -58.380971628504426 -34.62376297781866, -58.38112098776967 -34.623645394668216, -58.381326539745636 -34.62348357293429)",descartado,0.0,,,,,
29118,AUTOPISTA 25 DE MAYO,25 DE MAYO,Constitucion,1.0,BAJADA AUTOPISTA,572.4644296892321,"LINESTRING (-58.380445283111655 -34.61975990992514, -58.38044004135668 -34.619958400313436, -58.380426028405346 -34.62017960658382, -58.38040943350763 -34.620441569502354, -58.38039315300102 -34.62069856788164, -58.380402541386225 -34.620907679219435, -58.380393240421114 -34.62105627952705, -58.380386276603765 -34.62116753917375, -58.38037301180594 -34.62137946760057, -58.380357133607326 -34.621466922078106, -58.380324906668704 -34.62164442211906, -58.38027669397609 -34.62178216754722, -58.38020716080262 -34.62190824096043, -58.38010658637689 -34.62202316355199, -58.38000838220546 -34.62213611852251, -58.379939733187655 -34.62221381949145, -58.37984344363622 -34.62235153187123, -58.37980803993344 -34.62249728380835, -58.379802040513944 -34.62263773642761, -58.37979491390815 -34.62280457700984, -58.3797850677478 -34.623035083802705, -58.37979771027359 -34.62321261436824, -58.37983401868218 -34.62332498252504, -58.379906442219884 -34.6234538005914, -58.37995126860987 -34.62349887409884, -58.38002491188101 -34.623573112651826, -58.38012234263074 -34.623640230986204, -58.38022673060987 -34.623676583903126, -58.380299303107286 -34.62370185706712, -58.38032769668777 -34.6237117450341, -58.380441420336 -34.62372972153318, -58.38055655921261 -34.62374792162399, -58.380659370611006 -34.6237272198036, -58.380703671910716 -34.623718299385835, -58.38080362951154 -34.62369817206458, -58.381105048435266 -34.6235579477699, -58.381326539745636 -34.62348357293429)",descartado,0.0,,,,,
29119,9 DE JULIO AV.,9 DE JULIO,Constitucion,1.0,AVENIDA,13.76947706674471,"LINESTRING (-58.38046218408952 -34.61963657819219, -58.380445283111655 -34.61975990992514)",descartado,0.0,,,,,
29120,AUTOPISTA 25 DE MAYO,25 DE MAYO,Constitucion,1.0,SUBIDA AUTOPISTA,516.3417989122933,"LINESTRING (-58.37735321086131 -34.62296224909966, -58.37820703713847 -34.62294395925766, -58.37866040650689 -34.62297363224286, -58.37896560670323 -34.623049016479975, -58.37922393227867 -34.623112822014605, -58.37967903309609 -34.62330599173216, -58.37998022470544 -34.62341046155584, -58.380119705964255 -34.62345884099054, -58.38031274138857 -34.62352579546966, -58.38035602486718 -34.623540808319355, -58.38050443532722 -34.62356817794636, -58.380696863435865 -34.62355921880299, -58.38075852521652 -34.62354106077545, -58.38092783369679 -34.62349120297968, -58.38109050532343 -34.62341089703121, -58.38124751202278 -34.6232618700105, -58.38129650038933 -34.623164225712465, -58.38136260187865 -34.623032470901556, -58.381384766658925 -34.62285523854334, -58.38135236563649 -34.622702309115844, -58.381236706135944 -34.622473375714776, -58.381137941643466 -34.62227788276585, -58.380998330204534 -34.62214953706714)",descartado,0.0,,,,,
29121,AUTOPISTA 1 SUR PRESIDENTE ARTURO FRONDIZI,1 SUR PRESIDENTE ARTURO FRONDIZI,Constitucion,1.0,ENLACE AUTOPISTA,148.6356481800003,"LINESTRING (-58.37945980022644 -34.625991924726335, -58.379380115901334 -34.62633973736413, -58.37922567125314 -34.62683955882534, -58.379131738770354 -34.62730306343664)",descartado,0.0,,,,,
29122,AUTOPISTA 1 SUR PRESIDENTE ARTURO FRONDIZI,1 SUR PRESIDENTE ARTURO FRONDIZI,Constitucion,1.0,ENLACE AUTOPISTA,514.3401966492831,"LINESTRING (-58.37735321086131 -34.62296224909966, -58.37812453528347 -34.622980260086585, -58.378525854456235 -34.622989629249524, -58.37875002765988 -34.62301313840978, -58.378943579295324 -34.62308535965678, -58.37919615442604 -34.623179604093785, -58.37932275278215 -34.62324923411175, -58.379464662490115 -34.623327285189596, -58.379619403279946 -34.62347213321103, -58.37974573153286 -34.6235903846232, -58.37981702399802 -34.62376768065567, -58.37986929449776 -34.62384556104478, -58.379882809956605 -34.62395406247668, -58.37989825612607 -34.62407806321048, -58.37987015122058 -34.624200743934175, -58.379829602423726 -34.624377742833104, -58.379751212765065 -34.62471991807323, -58.37967448623314 -34.62505483087143, -58.379593070170706 -34.62541021053104, -58.37950712432385 -34.62578535923379, -58.37945980022644 -34.625991924726335)",descartado,0.0,,,,,
29123,AUTOPISTA 1 SUR PRESIDENTE ARTURO FRONDIZI,1 SUR PRESIDENTE ARTURO FRONDIZI,Constitucion,1.0,ENLACE AUTOPISTA,636.8002041334337,"LINESTRING (-58.38268809856246 -34.62282019580255, -58.38236339543606 -34.622805898974896, -58.38182890410671 -34.62272123033955, -58.381616665542936 -34.62264928794479, -58.38137955037907 -34.6225689125577, -58.38118274296135 -34.622498691793425, -58.38101682839115 -34.62244595878875, -58.38085743352193 -34.622409492755196, -58.38058255742048 -34.62240476187137, -58.38037359391914 -34.62245915761315, -58.38024707631998 -34.62253178836268, -58.38015350345458 -34.622645344651986, -58.38010387966627 -34.6227907444578, -58.38011938744402 -34.62299241171384, -58.38018515123788 -34.623151520071154, -58.3802408270275 -34.62328622109336, -58.38029933823159 -34.62342778156887, -58.38031274138857 -34.62352579546966, -58.38032195082291 -34.62359314160196, -58.380299303107286 -34.62370185706712, -58.38027144381611 -34.6238355891751, -58.38021815239224 -34.623972470539215, -58.38011341914928 -34.624249631973825, -58.37997891882183 -34.624503277612476, -58.379867088877425 -34.62482397076172, -58.37978553129237 -34.62505785065789, -58.37970246872008 -34.62529604493582, -58.37960629982065 -34.62557182176743, -58.37945980022644 -34.625991924726335)",descartado,0.0,,,,,
29125,AUTOPISTA 1 SUR PRESIDENTE ARTURO FRONDIZI,1 SUR PRESIDENTE ARTURO FRONDIZI,Barracas,4.0,AUTOPISTA,746.715311199451,"LINESTRING (-58.37931850720647 -34.62732163147765, -58.37915320286147 -34.62782572996787, -58.37889964277055 -34.62847091597639, -58.378843173969734 -34.628614599919885, -58.37876722954028 -34.62892530395361, -58.378702261049945 -34.62919110130153, -58.3786613992495 -34.629358273109204, -58.378634560933705 -34.62962965536062, -58.37860826799046 -34.629895521192736, -58.378622964474715 -34.63022047076366, -58.37862496618666 -34.630497510099936, -58.3786457793142 -34.63072491792182, -58.378667352039265 -34.63120189580175, -58.37867744561185 -34.6314250651528, -58.37868421975288 -34.63157484106125, -58.378693900148825 -34.63178887319638, -58.37865416221867 -34.63198387284389, -58.3785992959051 -34.63225310807046, -58.378544598356484 -34.63252151337076, -58.37847727523889 -34.632851870924064, -58.378212673964306 -34.63357878822216, -58.37809085579231 -34.63391344475798)",descartado,0.0,,,,,
29126,AUTOPISTA 1 SUR PRESIDENTE ARTURO FRONDIZI,1 SUR PRESIDENTE ARTURO FRONDIZI,Barracas,4.0,AUTOPISTA,331.7426253863001,"LINESTRING (-58.37809085579231 -34.63391344475798, -58.37801418919576 -34.6341103903539, -58.37785970321806 -34.63462838856767, -58.37769368868498 -34.63518503505605, -58.37754048024843 -34.635698735851385, -58.37741816222138 -34.63624602426994, -58.377288259729895 -34.636827239811986)",descartado,0.0,,,,,
29127,AUTOPISTA 1 SUR PRESIDENTE ARTURO FRONDIZI,1 SUR PRESIDENTE ARTURO FRONDIZI,Barracas,4.0,BAJADA AUTOPISTA,329.7769225366018,"LINESTRING (-58.377288259729895 -34.636827239811986, -58.377274215203826 -34.6372003288573, -58.37719094260126 -34.63796833960091, -58.377074737461314 -34.63867724465135, -58.377025224829985 -34.638979290832836, -58.37696932999857 -34.63957703827001, -58.37695652959013 -34.639785355929476)",descartado,0.0,,,,,
29128,AUTOPISTA 1 SUR PRESIDENTE ARTURO FRONDIZI,1 SUR PRESIDENTE ARTURO FRONDIZI,Barracas,4.0,AUTOPISTA,299.7980548819133,"LINESTRING (-58.377288259729895 -34.636827239811986, -58.377125334993934 -34.63760471007454, -58.376991112108044 -34.6382452050702, -58.37688028174535 -34.638774066216214, -58.37677146016881 -34.63949509184936)",descartado,0.0,,,,,
29129,AUTOPISTA 1 SUR PRESIDENTE ARTURO FRONDIZI,1 SUR PRESIDENTE ARTURO FRONDIZI,Barracas,4.0,BAJADA AUTOPISTA,310.7188420647585,"LINESTRING (-58.37677146016881 -34.63949509184936, -58.376765593225855 -34.63984958118248, -58.37665473881394 -34.64069483303505, -58.37654420870846 -34.641226494586945, -58.37645125124166 -34.64167362448394, -58.37638802741204 -34.64197773133603, -58.37636715460059 -34.6422716694784)",descartado,0.0,,,,,
29130,AUTOPISTA 1 SUR PRESIDENTE ARTURO FRONDIZI,1 SUR PRESIDENTE ARTURO FRONDIZI,Barracas,4.0,AUTOPISTA,444.7253799735093,"LINESTRING (-58.37677146016881 -34.63949509184936, -58.3765394008951 -34.64056295219431, -58.37631263520597 -34.64182169672849, -58.37616352809859 -34.642430591679016, -58.376102606930516 -34.642844123675424, -58.37601289863565 -34.643453054629056)",descartado,0.0,,,,,
29131,AUTOPISTA 1 SUR PRESIDENTE ARTURO FRONDIZI,1 SUR PRESIDENTE ARTURO FRONDIZI,Barracas,4.0,SUBIDA AUTOPISTA,360.5061608817452,"LINESTRING (-58.377093345924365 -34.640350824684575, -58.37695190580738 -34.64047234920058, -58.37653252936348 -34.64188093560423, -58.37644091999712 -34.64218862322522, -58.37625676776122 -34.64266244236167, -58.37601289863565 -34.643453054629056)",descartado,0.0,,,,,
29132,AUTOPISTA 1 SUR PRESIDENTE ARTURO FRONDIZI,1 SUR PRESIDENTE ARTURO FRONDIZI,Barracas,4.0,AUTOPISTA,1028.637905301017,"LINESTRING (-58.37601289863565 -34.643453054629056, -58.37589794374597 -34.64398926312931, -58.37568156399934 -34.64499854987676, -58.37556105208662 -34.645366090948606, -58.37546598191294 -34.64565603659724, -58.37539599267253 -34.645869488897624, -58.37528310748812 -34.64621376229143, -58.375201915118446 -34.64646137817473, -58.375058300110354 -34.6468993633041, -58.37486611142214 -34.64729712189244, -58.37469831117437 -34.647644402161404, -58.374491153630835 -34.64807313214389, -58.37438776806846 -34.648287095473535, -58.37416662088813 -34.64874477031992, -58.37402847118954 -34.64893263307063, -58.37364826182575 -34.64963225041967, -58.37331221357502 -34.65017283178322, -58.373135334726 -34.65045736332931, -58.37298158157012 -34.6507861326598, -58.372799772635034 -34.65108595332811, -58.372678447253634 -34.65139490823305, -58.37257278763191 -34.651663968319234, -58.3723724512637 -34.652174115749354)",descartado,0.0,,,,,
29133,AUTOPISTA 1 SUR PRESIDENTE ARTURO FRONDIZI,1 SUR PRESIDENTE ARTURO FRONDIZI,Barracas,4.0,SUBIDA AUTOPISTA,72.28529091762772,"LINESTRING (-58.3745481411369 -34.64980604355902, -58.37426935965358 -34.64994629533984, -58.373906143698406 -34.65018235819627)",descartado,0.0,,,,,
29134,AUTOPISTA 1 SUR PRESIDENTE ARTURO FRONDIZI,1 SUR PRESIDENTE ARTURO FRONDIZI,Barracas,4.0,SUBIDA AUTOPISTA,74.97212104323208,"LINESTRING (-58.37389120829378 -34.64959204266627, -58.37403310344773 -34.64974160748758, -58.37408246672496 -34.6498643526927, -58.37406585645267 -34.64996887049283, -58.373906143698406 -34.65018235819627)",descartado,0.0,,,,,
29135,AUTOPISTA 1 SUR PRESIDENTE ARTURO FRONDIZI,1 SUR PRESIDENTE ARTURO FRONDIZI,Barracas,4.0,SUBIDA AUTOPISTA,266.4765082983831,"LINESTRING (-58.373906143698406 -34.65018235819627, -58.373675025209835 -34.650313987176, -58.373515398988324 -34.65044566837489, -58.37332500023824 -34.650602734075825, -58.37316857385517 -34.65077718145816, -58.37307491030313 -34.65093617948622, -58.37291711553763 -34.65120404154117, -58.37273075570903 -34.65152039127277, -58.3723724512637 -34.652174115749354)",descartado,0.0,,,,,
29136,AUTOPISTA 1 SUR PRESIDENTE ARTURO FRONDIZI,1 SUR PRESIDENTE ARTURO FRONDIZI,Barracas,4.0,AUTOPISTA,278.7370923654178,"LINESTRING (-58.3723724512637 -34.652174115749354, -58.37221520472038 -34.6525671160612, -58.37185641804921 -34.65376212416031, -58.37157931267418 -34.654598759933805)",descartado,0.0,,,,,
29137,AUTOPISTA 1 SUR PRESIDENTE ARTURO FRONDIZI,1 SUR PRESIDENTE ARTURO FRONDIZI,Barracas,4.0,AUTOPISTA,243.6661929627881,"LINESTRING (-58.37206588817587 -34.65240391120393, -58.37186819090753 -34.65305769241503, -58.371548045353066 -34.65411638515396, -58.37150015421216 -34.65425694440864, -58.37140659029967 -34.654531550623894)",descartado,0.0,,,,,
29138,AUTOPISTA 1 SUR PRESIDENTE ARTURO FRONDIZI,1 SUR PRESIDENTE ARTURO FRONDIZI,Barracas,4.0,BAJADA AUTOPISTA,263.1265391383183,"LINESTRING (-58.37257539215862 -34.65007684542177, -58.37249680639332 -34.65027844484586, -58.37242065407426 -34.650767536781935, -58.3723655692126 -34.65112131829674, -58.3723090055345 -34.65132726044527, -58.37224932041293 -34.65154456628176, -58.37206710884865 -34.65220796783125, -58.37206588817587 -34.65240391120393)",descartado,0.0,,,,,
29139,AUTOPISTA 1 SUR PRESIDENTE ARTURO FRONDIZI,1 SUR PRESIDENTE ARTURO FRONDIZI,Barracas,4.0,BAJADA AUTOPISTA,101.3063891175469,"LINESTRING (-58.373272402212585 -34.64939045761051, -58.373098478586236 -34.649486411991646, -58.37293887769981 -34.649595368569166, -58.37277370288081 -34.64977249250795, -58.37257539215862 -34.65007684542177)",descartado,0.0,,,,,
29140,AUTOPISTA 1 SUR PRESIDENTE ARTURO FRONDIZI,1 SUR PRESIDENTE ARTURO FRONDIZI,Barracas,4.0,BAJADA AUTOPISTA,140.4823541955087,"LINESTRING (-58.372682826116524 -34.64881705915049, -58.372603691159426 -34.649340611999314, -58.37262536707725 -34.649636038875656, -58.37257539215862 -34.65007684542177)",descartado,0.0,,,,,
29141,AUTOPISTA 1 SUR PRESIDENTE ARTURO FRONDIZI,1 SUR PRESIDENTE ARTURO FRONDIZI,Barracas,4.0,AUTOPISTA,970.5753642992992,"LINESTRING (-58.375501831169714 -34.64416168042392, -58.37536262267046 -34.644843051706054, -58.37517597862011 -34.64549306724221, -58.37502480853608 -34.646019531712035, -58.37493319220215 -34.64627004956291, -58.37467397606815 -34.6469788476154, -58.37445000575606 -34.64750734113453, -58.37427160421443 -34.64784660797862, -58.37380786648557 -34.648728485388204, -58.373621391203734 -34.64905049869043, -58.373043797122314 -34.6500478945076, -58.37288441713931 -34.65039817271292, -58.37267904072902 -34.65084953511659, -58.37248058335017 -34.651285686318126, -58.37225437771529 -34.651949055403044, -58.37206588817587 -34.65240391120393)",descartado,0.0,,,,,
29142,AUTOPISTA 1 SUR PRESIDENTE ARTURO FRONDIZI,1 SUR PRESIDENTE ARTURO FRONDIZI,Barracas,4.0,SUBIDA AUTOPISTA,333.089959081689,"LINESTRING (-58.375501831169714 -34.64416168042392, -58.37530883643908 -34.64466146765181, -58.37513227899646 -34.645215803826765, -58.3749282909386 -34.64570649284555, -58.37472884127398 -34.64607716819522, -58.37455349173309 -34.646510647341906, -58.374410134165124 -34.64686503600697, -58.3743030075649 -34.646985422226614)",descartado,0.0,,,,,
29143,AUTOPISTA 1 SUR PRESIDENTE ARTURO FRONDIZI,1 SUR PRESIDENTE ARTURO FRONDIZI,Barracas,4.0,AUTOPISTA,163.7175078016741,"LINESTRING (-58.375772817377154 -34.6427029990589, -58.375501831169714 -34.64416168042392)",descartado,0.0,,,,,
29144,AUTOPISTA 1 SUR PRESIDENTE ARTURO FRONDIZI,1 SUR PRESIDENTE ARTURO FRONDIZI,Barracas,4.0,BAJADA AUTOPISTA,353.5082748769718,"LINESTRING (-58.375844746400105 -34.63953197096319, -58.375847061407654 -34.6400761653893, -58.375923739225136 -34.64036708677886, -58.37595089045998 -34.64072593631497, -58.37593399807131 -34.641071536204514, -58.37591521821571 -34.64145574814515, -58.37585622237317 -34.64182591511117, -58.37577872697125 -34.64231215168351, -58.375772817377154 -34.6427029990589)",descartado,0.0,,,,,
29145,AUTOPISTA 1 SUR PRESIDENTE ARTURO FRONDIZI,1 SUR PRESIDENTE ARTURO FRONDIZI,Barracas,4.0,AUTOPISTA,861.4162161390419,"LINESTRING (-58.37741388636224 -34.63505983069089, -58.37709230018049 -34.636269063829005, -58.37690612161889 -34.63720314133075, -58.37659073389521 -34.63878542580754, -58.37643090698342 -34.63958724590802, -58.376254778390575 -34.64047082998616, -58.37609877306701 -34.641253445624756, -58.375883182694 -34.64233495053462, -58.375772817377154 -34.6427029990589)",descartado,0.0,,,,,
29146,AUTOPISTA 1 SUR PRESIDENTE ARTURO FRONDIZI,1 SUR PRESIDENTE ARTURO FRONDIZI,Barracas,4.0,SUBIDA AUTOPISTA,344.649857012873,"LINESTRING (-58.37741388636224 -34.63505983069089, -58.37721549624904 -34.635491446039424, -58.37709459490681 -34.63577175712847, -58.37696731617647 -34.636213892430455, -58.376790726446664 -34.6368273140561, -58.376526042857336 -34.63754974767664, -58.376393758593515 -34.63785415440722, -58.37627355517366 -34.63800916579329)",descartado,0.0,,,,,
29148,AUTOPISTA 1 SUR PRESIDENTE ARTURO FRONDIZI,1 SUR PRESIDENTE ARTURO FRONDIZI,Barracas,4.0,SUBIDA AUTOPISTA,302.5875254375239,"LINESTRING (-58.37912190212712 -34.63139553454884, -58.3791768761322 -34.63160701654582, -58.379200994167896 -34.63169979696523, -58.3791931506227 -34.63182517790401, -58.37918618991147 -34.63193644620739, -58.37905538697544 -34.632129584044826, -58.378889628488004 -34.63237433420633, -58.378779990330635 -34.632606596883605, -58.378620290695736 -34.63285190497223, -58.3784659820226 -34.63320174683835, -58.378334563892416 -34.63349968977558, -58.37809085579231 -34.63391344475798)",descartado,0.0,,,,,
29149,AUTOPISTA 1 SUR PRESIDENTE ARTURO FRONDIZI,1 SUR PRESIDENTE ARTURO FRONDIZI,Barracas,4.0,AUTOPISTA,146.2607821805153,"LINESTRING (-58.37788621150124 -34.63380054086613, -58.37769507751134 -34.63431013766729, -58.37741388636224 -34.63505983069089)",descartado,0.0,,,,,
29150,AUTOPISTA 1 SUR PRESIDENTE ARTURO FRONDIZI,1 SUR PRESIDENTE ARTURO FRONDIZI,Barracas,4.0,BAJADA AUTOPISTA,291.9523350925272,"LINESTRING (-58.3784461096284 -34.63123121408956, -58.37837988914502 -34.63135650055517, -58.37828623889884 -34.631533682307726, -58.37823398000073 -34.63171988236759, -58.378229233719104 -34.63182461026715, -58.378221829219456 -34.63198799187484, -58.37821254861431 -34.63219276915234, -58.37820287465713 -34.632406224668735, -58.37819162970389 -34.632654342738455, -58.37815894225099 -34.63278348708654, -58.37811985706797 -34.632937907584, -58.37803704766809 -34.63326507484737, -58.377937812400425 -34.63352405864577, -58.37788621150124 -34.63380054086613)",descartado,0.0,,,,,
29151,AUTOPISTA 1 SUR PRESIDENTE ARTURO FRONDIZI,1 SUR PRESIDENTE ARTURO FRONDIZI,,,BAJADA AUTOPISTA,79.0392672420964,"LINESTRING (-58.37912190212712 -34.63139553454884, -58.37888591708295 -34.63116597043724, -58.37874302410126 -34.6311067891262, -58.378605537130014 -34.63113850729961, -58.3784461096284 -34.63123121408956)",descartado,0.0,,,,,
29152,AUTOPISTA 1 SUR PRESIDENTE ARTURO FRONDIZI,1 SUR PRESIDENTE ARTURO FRONDIZI,,,BAJADA AUTOPISTA,74.22263643994154,"LINESTRING (-58.37854752758853 -34.6305769641635, -58.37849036656364 -34.63085210518892, -58.37849384531858 -34.63087760110387, -58.37851765397401 -34.631052095140234, -58.3784461096284 -34.63123121408956)",descartado,0.0,,,,,
29153,AUTOPISTA 1 SUR PRESIDENTE ARTURO FRONDIZI,1 SUR PRESIDENTE ARTURO FRONDIZI,Barracas,4.0,AUTOPISTA,737.3221962517179,"LINESTRING (-58.379131738770354 -34.62730306343664, -58.37887211293875 -34.628079949528974, -58.37876775502076 -34.62840719748917, -58.378596771772486 -34.62894336488736, -58.37851231136269 -34.62928830112365, -58.37849938293508 -34.629482547458174, -58.37848627070796 -34.62967955438598, -58.37847174594801 -34.629897783043894, -58.37845814095314 -34.63010219154105, -58.378441696809034 -34.63034925551632, -58.37849036656364 -34.63085210518892, -58.37849384531858 -34.63087760110387, -58.37851765397401 -34.631052095140234, -58.378537088841234 -34.631315720233886, -58.3785241381181 -34.63151016567334, -58.3785059131146 -34.63178379892031, -58.3784854274106 -34.63209137250415, -58.37843543974233 -34.632317546409496, -58.37840074297173 -34.632474534468244, -58.37833445783353 -34.632774444698974, -58.37820725867865 -34.63313048848269, -58.3780643719572 -34.63342870650104, -58.37788621150124 -34.63380054086613)",descartado,0.0,,,,,
29154,AUTOPISTA 1 SUR PRESIDENTE ARTURO FRONDIZI,1 SUR PRESIDENTE ARTURO FRONDIZI,Constitucion,1.0,AUTOPISTA,594.5197353973763,"LINESTRING (-58.3807741202854 -34.622146498233, -58.38077732991029 -34.62262855624595, -58.380702887981364 -34.6230274811831, -58.380649971624536 -34.623311050907546, -58.38060904018135 -34.623418270478616, -58.38036099803076 -34.62406800855324, -58.380028930255776 -34.62479798314989, -58.37987511714616 -34.62523804547132, -58.379594834101376 -34.626039928188774, -58.37930260527197 -34.62687597021343, -58.379131738770354 -34.62730306343664)",descartado,0.0,,,,,
29155,AUTOPISTA 25 DE MAYO,25 DE MAYO,Constitucion,1.0,AUTOPISTA,580.0226491426062,"LINESTRING (-58.37735321086131 -34.62296224909966, -58.3780861260673 -34.62290751644524, -58.37880164585319 -34.622898729882344, -58.37947701192909 -34.62292665934318, -58.38036700873784 -34.62296345902288, -58.38078540110391 -34.62296379126143, -58.381326613111376 -34.62297116317635, -58.38180797844817 -34.62296459723368, -58.38367265961658 -34.622966044865365)",descartado,0.0,,,,,
29156,AUTOPISTA 25 DE MAYO,25 DE MAYO,San Telmo,1.0,AUTOPISTA,520.3547100721578,"LINESTRING (-58.371714671138605 -34.6226165767239, -58.37215991910786 -34.622671447812124, -58.372544819838566 -34.622747917771335, -58.37307237784446 -34.62280847016545, -58.37427390484947 -34.62294637096543, -58.37475937297577 -34.622967693454484, -58.37520527394283 -34.62298727638272, -58.37569975458129 -34.623008990899926, -58.37643674746573 -34.62298815951419, -58.37735321086131 -34.62296224909966)",descartado,0.0,,,,,
29157,AUTOPISTA 25 DE MAYO,25 DE MAYO,San Telmo,1.0,BAJADA AUTOPISTA,31.28147850223847,"LINESTRING (-58.36595968150677 -34.62250407784948, -58.3661993409358 -34.6224827255799, -58.36629646765378 -34.62246289089672)",descartado,0.0,,,,,
29158,AUTOPISTA 25 DE MAYO,25 DE MAYO,San Telmo,1.0,SUBIDA AUTOPISTA,87.03442864848489,"LINESTRING (-58.367072103474136 -34.6216009644001, -58.366852312016526 -34.62161016152655, -58.366767140137846 -34.62162472213274, -58.36669633338939 -34.621649350790086, -58.36661942251773 -34.621708229418815, -58.366591802897304 -34.62182182755989, -58.36663518614267 -34.621927233895825, -58.36679988562239 -34.621997761429704)",descartado,0.0,,,,,
29159,AUTOPISTA 25 DE MAYO,25 DE MAYO,San Telmo,1.0,SUBIDA AUTOPISTA,91.33425223279461,"LINESTRING (-58.36607137180189 -34.62150748925018, -58.366147763190945 -34.621682742326776, -58.36624941637819 -34.6217605343663, -58.36637736591332 -34.621848926177655, -58.366478166738986 -34.62190973864728, -58.36661912736602 -34.62196273805866, -58.36679988562239 -34.621997761429704)",descartado,0.0,,,,,
29167,AUTOPISTA 25 DE MAYO,25 DE MAYO,San Telmo,1.0,SUBIDA AUTOPISTA,420.5556230266646,"LINESTRING (-58.36679988562239 -34.621997761429704, -58.367161531300226 -34.62197988595663, -58.36735090954389 -34.6219954355791, -58.36759614280271 -34.62203926302467, -58.36779199601277 -34.622074265010035, -58.36816418466895 -34.6221680450095, -58.36833323852357 -34.622210640893414, -58.36849177731025 -34.62225058708142, -58.36867636405317 -34.62227624700485, -58.368842101891524 -34.622299286437475, -58.369047942126905 -34.622327900225265, -58.369180366694096 -34.62234630832962, -58.36938419477837 -34.62234609634303, -58.369663632597096 -34.62234580516684, -58.37002694555594 -34.62234542563495, -58.37041811878085 -34.62234501578935, -58.370616901057225 -34.622344807037685, -58.37107527581981 -34.622368525777304, -58.37132792247969 -34.622403797573895)",descartado,0.0,,,,,
29168,AUTOPISTA 25 DE MAYO,25 DE MAYO,San Telmo,1.0,SUBIDA AUTOPISTA,324.3620606210304,"LINESTRING (-58.369751652194545 -34.622284765084046, -58.369995925160346 -34.62228239695342, -58.370235164673254 -34.622280077145874, -58.370784546246455 -34.62229583136952, -58.37110731787884 -34.62230508610492, -58.3712532916684 -34.62230927128699, -58.371530910929096 -34.62231723036401, -58.371818404019855 -34.62235307964776, -58.37192278874011 -34.62236609584597, -58.37208767789157 -34.622386656422414, -58.37240511740089 -34.6224510548503, -58.37257569450457 -34.62248565916262, -58.373068199313735 -34.622585570193785, -58.37323390138979 -34.62265187631764)",descartado,0.0,,,,,
29169,AUTOPISTA 25 DE MAYO,25 DE MAYO,San Telmo,1.0,AUTOPISTA,176.9575572415661,"LINESTRING (-58.37132792247969 -34.622403797573895, -58.37183708648743 -34.62246318034756, -58.37323390138979 -34.62265187631764)",descartado,0.0,,,,,
29170,AUTOPISTA 25 DE MAYO,25 DE MAYO,San Telmo,1.0,AUTOPISTA,376.3737340377039,"LINESTRING (-58.37323390138979 -34.62265187631764, -58.373997596780555 -34.62274997440362, -58.37453158989105 -34.6227939989593, -58.37507424548623 -34.622838735243114, -58.375711383390275 -34.62285388710924, -58.376717398211554 -34.6228238042762, -58.377320969693855 -34.622788555050604)",descartado,0.0,,,,,
29177,"PAZ, GRAL. AV.",GRAL. AV. PAZ,Villa Lugano,8.0,ENLACE AUTOPISTA,175.3928697137268,"LINESTRING (-58.48704179852754 -34.68635632574953, -58.48693842943916 -34.68642191447733, -58.486527106797574 -34.68654681751002, -58.485939476877874 -34.68663707870905, -58.48527977090362 -34.686927735555514)",descartado,0.0,,,,,
29178,"PAZ, GRAL. AV.",GRAL. AV. PAZ,Villa Lugano,8.0,ENLACE AUTOPISTA,140.3225051654484,"LINESTRING (-58.48444376909249 -34.688266099193775, -58.48408070255467 -34.68827627281556, -58.483742926035916 -34.68809894262703, -58.48351279955185 -34.68780036270731, -58.48346290107739 -34.68752315493434)",descartado,0.0,,,,,
29228,AUTOPISTA 25 DE MAYO,25 DE MAYO,Parque Avellaneda,9.0,ENLACE AUTOPISTA,1022.37865316736,"LINESTRING (-58.46275839104915 -34.64536550311936, -58.46295447217767 -34.64565747651517, -58.463144067143475 -34.64602916426805, -58.46329838987794 -34.64625509196941, -58.46361144689745 -34.646648642857784, -58.46404796751704 -34.647147868019246, -58.46448700720942 -34.64764996645465, -58.46482612504956 -34.648037786127915, -58.46514590472841 -34.6483394419265, -58.46553834510625 -34.648667394648506, -58.46572573934632 -34.64882399401926, -58.466036614129 -34.64900991972808, -58.466429055286426 -34.64918117790405, -58.46693614158529 -34.64933421148925, -58.467302122685034 -34.64935970796854, -58.46872195055066 -34.649388805037226, -58.46965233206095 -34.649366896170434, -58.47042868425515 -34.64934860898432, -58.47155277166826 -34.649257462612276)",descartado,0.0,,,,,
29247,AUTOPISTA 25 DE MAYO,25 DE MAYO,Constitucion,1.0,AUTOPISTA,252.4763376086182,"LINESTRING (-58.38367265961658 -34.622966044865365, -58.38428494965373 -34.622982921339144, -58.38547958962558 -34.62303899650562, -58.38641905663759 -34.62311392097694)",descartado,0.0,,,,,
29248,AUTOPISTA 25 DE MAYO,25 DE MAYO,Constitucion,1.0,SUBIDA AUTOPISTA,316.2175733032925,"LINESTRING (-58.38641905663759 -34.62311392097694, -58.386859274853094 -34.6232486325864, -58.38726660451654 -34.6233087583729, -58.38769663787445 -34.62337223387333, -58.38789730770758 -34.62341581372773, -58.38834946239837 -34.623450299080325, -58.38862641766716 -34.623492102221725, -58.38896286550784 -34.623542884164806, -58.38948846343696 -34.62362221360107, -58.38968913481385 -34.62366579050794, -58.38978956993467 -34.62365553350951)",descartado,0.0,,,,,
29249,AUTOPISTA 25 DE MAYO,25 DE MAYO,,,AUTOPISTA,969.4637202811875,"LINESTRING (-58.38641905663759 -34.62311392097694, -58.38828447158798 -34.62332519062481, -58.39033160084481 -34.62355700646513, -58.392173989342346 -34.62381343368105, -58.39256952926598 -34.62386848186275, -58.3931579508301 -34.62399673309522, -58.39435276300016 -34.62425714210568, -58.395370475751676 -34.624478941824876, -58.396765626606005 -34.62482340540139)",descartado,0.0,,,,,
29250,AUTOPISTA 25 DE MAYO,25 DE MAYO,San Cristobal,3.0,BAJADA AUTOPISTA,299.7700043626548,"LINESTRING (-58.393582246696056 -34.62422831739173, -58.393845407562644 -34.62427273948782, -58.3941178003073 -34.62433442357923, -58.39442950762831 -34.6244054167065, -58.39483809200116 -34.624505486701, -58.395154002897286 -34.624582534930894, -58.39554715204308 -34.62465286265216, -58.39603452596596 -34.62474004366531, -58.396765626606005 -34.62482340540139)",descartado,0.0,,,,,
29251,AUTOPISTA 25 DE MAYO,25 DE MAYO,San Cristobal,3.0,SUBIDA AUTOPISTA,369.6482021138404,"LINESTRING (-58.396765626606005 -34.62482340540139, -58.397501504811366 -34.62509068654519, -58.39794091657071 -34.62522304257756, -58.398308805334814 -34.625333853493466, -58.398680497880115 -34.625400045161626, -58.39918319257929 -34.6255318418548, -58.3999381108513 -34.62572976194508, -58.40008622158824 -34.62577724493761, -58.40015074983435 -34.62581659901282, -58.40015781872684 -34.62589184687427, -58.40018397842717 -34.626170313854644)",descartado,0.0,,,,,
29252,AUTOPISTA 25 DE MAYO,25 DE MAYO,San Cristobal,3.0,AUTOPISTA,919.667318607613,"LINESTRING (-58.396765626606005 -34.62482340540139, -58.39965930115577 -34.62552569044373, -58.40051159380801 -34.6257142564411, -58.40156756353556 -34.62594787564658, -58.402047862952685 -34.62604077544024, -58.40265184846687 -34.626121131529224, -58.40369299648132 -34.62625964167505, -58.404836033113604 -34.62641169590757, -58.40653411747242 -34.62663756542737)",descartado,0.0,,,,,
29253,AUTOPISTA 25 DE MAYO,25 DE MAYO,San Cristobal,3.0,BAJADA AUTOPISTA,332.313873238625,"LINESTRING (-58.40293953826048 -34.62633333259967, -58.403075425682694 -34.62632054225902, -58.40319128858398 -34.62633503658135, -58.40346904854126 -34.62636978357967, -58.40383239392075 -34.626415236077605, -58.40468780741897 -34.626522239106784, -58.405556037450104 -34.626630838930346, -58.40593504281201 -34.62663344637433, -58.40653411747242 -34.62663756542737)",descartado,0.0,,,,,
29254,AUTOPISTA 25 DE MAYO,25 DE MAYO,,,AUTOPISTA,1350.073120440859,"LINESTRING (-58.40653411747242 -34.62663756542737, -58.40745635236882 -34.626726643302874, -58.40772708048904 -34.62675279133907, -58.40834353045477 -34.62681232831108, -58.409036463175106 -34.62684424263354, -58.40967299760364 -34.62684023042636, -58.410551373058105 -34.62689231329528, -58.41124105659652 -34.62693320328512, -58.41206623614795 -34.62701937535817, -58.4130261597025 -34.62711961126554, -58.4141533114425 -34.627274058210375, -58.41570756838805 -34.62748701083287, -58.41683533298742 -34.62764151559243, -58.417724151674804 -34.62779197036473, -58.41891404975748 -34.62795042961181, -58.42109956680033 -34.628294374603456)",descartado,0.0,,,,,
29255,AUTOPISTA 25 DE MAYO,25 DE MAYO,Boedo,5.0,BAJADA AUTOPISTA,355.9920426051061,"LINESTRING (-58.41725992643724 -34.627845859917024, -58.41736411770742 -34.627853170738845, -58.41763534360024 -34.627891736868285, -58.41808302540315 -34.62795539220406, -58.41849959514213 -34.628014622189454, -58.41924371470921 -34.62812042110986, -58.41987628970263 -34.628210356840846, -58.420189908088425 -34.62823927452756, -58.42066301387655 -34.628282896442414, -58.42109956680033 -34.628294374603456)",descartado,0.0,,,,,
29256,AUTOPISTA 25 DE MAYO,25 DE MAYO,,,AUTOPISTA,1148.747402775754,"LINESTRING (-58.42109956680033 -34.628294374603456, -58.42181948673591 -34.6284097115621, -58.422646215683386 -34.62851665370469, -58.42342039185574 -34.628591968984765, -58.4245307992037 -34.628714790036305, -58.425317533011665 -34.628811194144554, -58.42663177443217 -34.628972225707166, -58.42840951363444 -34.62919002526642, -58.42877271410769 -34.62922173270319, -58.43001520527804 -34.629427504635395, -58.43168781423441 -34.629664980221655, -58.43346084172624 -34.629950802431786)",descartado,0.0,,,,,
29257,AUTOPISTA 25 DE MAYO,25 DE MAYO,Parque Chacabuco,7.0,BAJADA AUTOPISTA,307.4101355625674,"LINESTRING (-58.43039509918509 -34.62997576715669, -58.430488201674535 -34.62977922821444, -58.430540811251895 -34.629680479598335, -58.430632939342004 -34.62963677273157, -58.430735033963906 -34.62965211112256, -58.43096565818334 -34.629686759080904, -58.431372358339445 -34.62974785877282, -58.43245238810178 -34.62991010761888, -58.43301153488982 -34.62995370336031, -58.43346084172624 -34.629950802431786)",descartado,0.0,,,,,
29258,AUTOPISTA 25 DE MAYO,25 DE MAYO,,,AUTOPISTA,2337.001930285385,"LINESTRING (-58.43346084172624 -34.629950802431786, -58.434549273392925 -34.63010984395028, -58.43562085802686 -34.63026641369785, -58.43683949450932 -34.63044445710246, -58.43739871253783 -34.630511319080625, -58.43780005532568 -34.630634286175685, -58.438445189645954 -34.630831944830405, -58.43925277189351 -34.63119950411077, -58.43978105856661 -34.63154621009932, -58.4402667071544 -34.6318292638944, -58.44124061955131 -34.63239688407306, -58.44224412698777 -34.63298173669647, -58.443500902014904 -34.63379180133389, -58.44408794351053 -34.634224144484556, -58.445127612159425 -34.634918500030764, -58.445866361397314 -34.63541187036821, -58.44648761053941 -34.63582676078254, -58.446912946276775 -34.63603224500615, -58.44743625710909 -34.63623168662791, -58.447749310486685 -34.63630888995152, -58.44807870958591 -34.63639012333478, -58.44858454954444 -34.63646681530802, -58.44902541516336 -34.63649076926509, -58.44957146885681 -34.636520436274, -58.45034935044654 -34.63648301602137, -58.45092289994189 -34.6364554220327, -58.451577696821595 -34.63645943723158, -58.45192425826748 -34.63648488140494, -58.45210344077428 -34.63650294219672, -58.45246190004909 -34.63655433115645, -58.452930282086825 -34.636664986047776, -58.45346266992003 -34.636840318152885, -58.45385747195611 -34.63705221093027, -58.45425500622148 -34.637265567725095, -58.45453613083853 -34.637443361639775, -58.455410745278854 -34.637996492093286, -58.45593860544338 -34.638370390117295)",descartado,0.0,,,,,
29259,AUTOPISTA 25 DE MAYO,25 DE MAYO,Flores,7.0,BAJADA AUTOPISTA,316.0773334043919,"LINESTRING (-58.45305175973471 -34.63698378890752, -58.453155553153394 -34.63692323054556, -58.45328355048035 -34.63691412492873, -58.45342253976161 -34.63697316636639, -58.45377450530773 -34.63714811352164, -58.45402615213351 -34.63729190371476, -58.454423977378106 -34.63752441374925, -58.45483298062039 -34.6377895401812, -58.45518132372312 -34.637988576026636, -58.45550632128533 -34.63817427096602, -58.45593860544338 -34.638370390117295)",descartado,0.0,,,,,
29260,AUTOPISTA 25 DE MAYO,25 DE MAYO,Flores,7.0,AUTOPISTA,854.977520106112,"LINESTRING (-58.45593860544338 -34.638370390117295, -58.456184997723796 -34.638557511420785, -58.45670559658576 -34.638952873030725, -58.4570978591393 -34.6392884045958, -58.45764749342483 -34.639758541299976, -58.45846957014802 -34.64040250874507, -58.45931115053774 -34.641004827882426, -58.460175900727904 -34.64166277489692, -58.46055694518921 -34.641952688115346, -58.4608259428373 -34.64221586017488, -58.46106015049785 -34.64244499383496, -58.461490328746805 -34.642978318754764, -58.46174395945321 -34.64338711521654, -58.46186315060364 -34.64365781000301, -58.462043977082416 -34.64406848105746)",descartado,0.0,,,,,
29261,AUTOPISTA 25 DE MAYO,25 DE MAYO,,,AUTOPISTA,718.930120988939,"LINESTRING (-58.462043977082416 -34.64406848105746, -58.46220513372226 -34.644484914625494, -58.46253570459888 -34.645339105853, -58.46272830819712 -34.64577923602978, -58.4629172841805 -34.6462110716761, -58.46304359389883 -34.64648719820389, -58.46323601952601 -34.6469443899297, -58.46359281288368 -34.6476599932972, -58.46386542145976 -34.648084053450404, -58.46409393243687 -34.64836234202169, -58.464326452686116 -34.64858099632331, -58.46484251507138 -34.648996677668144, -58.46500397276867 -34.649117689361525, -58.465168344403814 -34.64929990044073, -58.46549408718849 -34.64978579817359)",descartado,0.0,,,,,
29262,AUTOPISTA 25 DE MAYO,25 DE MAYO,Flores,7.0,SUBIDA AUTOPISTA,254.2268717314338,"LINESTRING (-58.46549408718849 -34.64978579817359, -58.4656223870512 -34.65015602143872, -58.46567752122192 -34.650454188898536, -58.465773749436714 -34.65078714164651, -58.46587899048384 -34.650903921715425, -58.466119538125945 -34.651062938545955, -58.466420225191506 -34.65128904104594, -58.46654780942567 -34.6513849511072, -58.466624696153396 -34.651502722233474, -58.46668375781527 -34.65174801931414)",descartado,0.0,,,,,
29263,AUTOPISTA 25 DE MAYO,25 DE MAYO,,,AUTOPISTA,607.9315031945827,"LINESTRING (-58.46549408718849 -34.64978579817359, -58.46634804445487 -34.650876576448326, -58.46682614450413 -34.65137599386971, -58.46703061845839 -34.6516230803144, -58.467766879691794 -34.65265697225105, -58.46801070572344 -34.653044111628745, -58.468746621016585 -34.65453332665106)",descartado,0.0,,,,,
29290,"PAZ, GRAL. AV.",GRAL. AV. PAZ,,,ENLACE AUTOPISTA,215.9535957605845,"LINESTRING (-58.48645718359563 -34.68840102382672, -58.48610970551286 -34.68809471183608, -58.48600501182975 -34.68800242068339, -58.48585619396243 -34.68795254200998, -58.48571626530869 -34.68790564247705, -58.485530964897734 -34.68788149326083, -58.48533488671821 -34.68789733075759, -58.48516272926515 -34.687944767430196, -58.48489015751096 -34.68806333019165, -58.48461552335034 -34.68818278909431, -58.48444376909249 -34.688266099193775)",descartado,0.0,,,,,
29293,"PAZ, GRAL. AV.",GRAL. AV. PAZ,,,ENLACE AUTOPISTA,133.2279543347425,"LINESTRING (-58.4869535451693 -34.68795245441811, -58.48668840131946 -34.688138057356184, -58.48647285602587 -34.688288939845826, -58.48599025596559 -34.68850953371586, -58.48573201837309 -34.68858069001537)",descartado,0.0,,,,,
29296,"PAZ, GRAL. AV.",GRAL. AV. PAZ,,,ENLACE AUTOPISTA,249.5804268690383,"LINESTRING (-58.48704179852754 -34.68635632574953, -58.4867549397764 -34.686660567740276, -58.48655743747187 -34.68687003671402, -58.48642632076437 -34.687009097022624, -58.48631304027689 -34.68712924002763, -58.48625774408668 -34.687300639045276, -58.48621816286124 -34.6874233266689, -58.48624347734747 -34.68759297671742, -58.486264741255084 -34.687735480466564, -58.486382276726104 -34.687980096820716, -58.48659787350908 -34.68832482662204)",descartado,0.0,,,,,
29297,"PAZ, GRAL. AV.",GRAL. AV. PAZ,Villa Lugano,8.0,ENLACE AUTOPISTA,203.1042729226619,"LINESTRING (-58.488182515338444 -34.68478969882321, -58.488083950470504 -34.684969501944636, -58.48786882151007 -34.68522632632783, -58.487644146161344 -34.68555031028624, -58.48750023432281 -34.685757830953946, -58.48735962126954 -34.685960593607334, -58.48704179852754 -34.68635632574953)",descartado,0.0,,,,,
29324,AUTOPISTA 25 DE MAYO,25 DE MAYO,,,AUTOPISTA,198.0103732539355,"LINESTRING (-58.46579948625523 -34.64970988905139, -58.4662635434435 -34.65024825353729, -58.46659273243337 -34.65067138900012, -58.46682362345123 -34.65095851585882, -58.467001447200936 -34.65119227871134)",descartado,0.0,,,,,
29325,AUTOPISTA 25 DE MAYO,25 DE MAYO,Parque Avellaneda,9.0,BAJADA AUTOPISTA,200.211781815789,"LINESTRING (-58.46579948625523 -34.64970988905139, -58.46610351542368 -34.64987611670571, -58.466320679788076 -34.64999323109818, -58.4664852662074 -34.65004423025231, -58.46663156470254 -34.65007445030573, -58.466846439728094 -34.65009711170036, -58.46707960112653 -34.6501027706771, -58.467225899940104 -34.650132990017156, -58.46732419590497 -34.65017832335227, -58.46736991794371 -34.650251994271535, -58.46732521893951 -34.650454137533714, -58.467277908000206 -34.65059020634023)",descartado,0.0,,,,,
29326,AUTOPISTA 25 DE MAYO,25 DE MAYO,,,AUTOPISTA,560.4296617845262,"LINESTRING (-58.46275839104915 -34.64536550311936, -58.462844430304216 -34.64568154348907, -58.46301651163359 -34.646060792010275, -58.463427600847915 -34.646767931709284, -58.46407292671582 -34.64758963314879, -58.464518323715154 -34.64815675116396, -58.46468398615853 -34.64836768452817, -58.46499924232773 -34.6488263264921, -58.46579948625523 -34.64970988905139)",descartado,0.0,,,,,
29327,AUTOPISTA 25 DE MAYO,25 DE MAYO,Flores,7.0,SUBIDA AUTOPISTA,334.4034665341281,"LINESTRING (-58.45329030215133 -34.6364786630803, -58.45342391559812 -34.636533618381875, -58.45369406853381 -34.63664223280713, -58.453953116709826 -34.63677531740866, -58.45429913155833 -34.6369604101125, -58.45449727979579 -34.63708035796833, -58.45496770179363 -34.63736940175737, -58.45537092136682 -34.637617150966626, -58.45554121723908 -34.63775658912024, -58.4556466936275 -34.637832508434975, -58.45577902753017 -34.637951306853616, -58.455968638107805 -34.63810655794303, -58.45613384162541 -34.63831759710462)",descartado,0.0,,,,,
29328,AUTOPISTA 25 DE MAYO,25 DE MAYO,,,AUTOPISTA,2325.459773527053,"LINESTRING (-58.433823336674735 -34.6298167515961, -58.436133654683374 -34.63019253877291, -58.43709901005131 -34.63031916628219, -58.43735775789694 -34.63035310536768, -58.437806285608126 -34.630465485029845, -58.438245929200626 -34.6306077944833, -58.43865806940473 -34.630741199405556, -58.43888149320446 -34.63084890447157, -58.43933398832916 -34.63106703497274, -58.43978940708693 -34.631338946034376, -58.44040104031307 -34.63174201433759, -58.44165303019008 -34.63243358201724, -58.44255140518914 -34.632978908322414, -58.44322518511452 -34.63342542850421, -58.4441844146162 -34.63406110402745, -58.44520736662579 -34.63475101853229, -58.445872963244845 -34.63522081099992, -58.44612585442361 -34.635405075644904, -58.4464460430259 -34.635586843619414, -58.446816989179844 -34.635797424116326, -58.44741619057357 -34.636057084096244, -58.447851104956335 -34.63617565515069, -58.44836249524636 -34.636282382523945, -58.44894558946738 -34.636333809125425, -58.45023606613191 -34.63632210266223, -58.45137838080951 -34.636282714608605, -58.45191368423421 -34.63631436980827, -58.4524489834361 -34.63638157721353, -58.45298427518752 -34.63651594087163, -58.45335228567207 -34.63663843713019, -58.45375852784495 -34.63681229184958, -58.45446586182649 -34.63720344520538, -58.455197094346374 -34.637657804110006, -58.455547933360386 -34.637875798240124, -58.45613384162541 -34.63831759710462)",descartado,0.0,,,,,
29329,AUTOPISTA 25 DE MAYO,25 DE MAYO,Parque Chacabuco,7.0,SUBIDA AUTOPISTA,327.7944980829697,"LINESTRING (-58.43063431406052 -34.628923496318, -58.43064758380314 -34.62908900112644, -58.430653975501876 -34.62916872036298, -58.43075266890875 -34.62923124759613, -58.43176100220626 -34.629397433933775, -58.432297298613285 -34.62948581883424, -58.43308951234164 -34.62964665237251, -58.433823336674735 -34.6298167515961)",descartado,0.0,,,,,
29330,AUTOPISTA 25 DE MAYO,25 DE MAYO,,,AUTOPISTA,1171.529671230728,"LINESTRING (-58.42121431361003 -34.628132896451476, -58.42228450504445 -34.62831217551473, -58.42353178147591 -34.62844295541115, -58.424539720666985 -34.62854863061062, -58.426126687792 -34.62874796318186, -58.42696004953962 -34.628852629754775, -58.428637817463056 -34.629063331961085, -58.430145699183186 -34.62928244076115, -58.431555664760374 -34.62948730355171, -58.433198512063214 -34.62972598136139, -58.433823336674735 -34.6298167515961)",descartado,0.0,,,,,
29331,AUTOPISTA 25 DE MAYO,25 DE MAYO,Boedo,5.0,SUBIDA AUTOPISTA,364.26412580005,"LINESTRING (-58.4173375399643 -34.627507328264706, -58.417611026637665 -34.62747695660449, -58.4181988084834 -34.62754828456134, -58.419407807674304 -34.62773044912673, -58.419754228755366 -34.62778264336937, -58.420482986525585 -34.62793625787213, -58.42121431361003 -34.628132896451476)",descartado,0.0,,,,,
29332,AUTOPISTA 25 DE MAYO,25 DE MAYO,,,AUTOPISTA,1356.778599007267,"LINESTRING (-58.406576945454475 -34.62645704300446, -58.40763778396104 -34.62659579962506, -58.40853141349577 -34.62665546181852, -58.409319929724624 -34.626679516386936, -58.41002688331668 -34.626701078450665, -58.41055299885619 -34.62671712229267, -58.41128403658404 -34.626767281027895, -58.41221587588427 -34.62687038814715, -58.41258109761446 -34.626910797567525, -58.41396963498815 -34.62709233867009, -58.414970714967524 -34.62722321225494, -58.41641039849055 -34.6274114104051, -58.41879606925344 -34.62776973257802, -58.420441051979 -34.6280167761581, -58.42121431361003 -34.628132896451476)",descartado,0.0,,,,,
29333,AUTOPISTA 25 DE MAYO,25 DE MAYO,San Cristobal,3.0,SUBIDA AUTOPISTA,331.910645106117,"LINESTRING (-58.40304917622519 -34.62584574564461, -58.40319859997438 -34.6259221060813, -58.40433111576833 -34.626053025736695, -58.40545405255702 -34.62621948494294, -58.40607523250227 -34.62634224381639, -58.406576945454475 -34.62645704300446)",descartado,0.0,,,,,
29334,AUTOPISTA 25 DE MAYO,25 DE MAYO,San Cristobal,3.0,AUTOPISTA,916.6405097135339,"LINESTRING (-58.396839490771114 -34.62467061639967, -58.39927559377319 -34.62526827553004, -58.40087655539802 -34.625661014825, -58.40199911883 -34.625878053544604, -58.40423067115152 -34.62617544301287, -58.40534094843669 -34.626323388933535, -58.406576945454475 -34.62645704300446)",descartado,0.0,,,,,
29335,AUTOPISTA 25 DE MAYO,25 DE MAYO,San Cristobal,3.0,BAJADA AUTOPISTA,355.4295036943298,"LINESTRING (-58.396839490771114 -34.62467061639967, -58.39764636266367 -34.62479334799053, -58.39827780639791 -34.624889391596696, -58.39885045198548 -34.62503497139953, -58.399324269482285 -34.62515542438876, -58.399749682381106 -34.62526357018654, -58.39995419441978 -34.625272580334745, -58.400134403034926 -34.62525975277242, -58.40020614930614 -34.6251768291393, -58.400215814723374 -34.62503461568202, -58.400265799813766 -34.62488132773778)",descartado,0.0,,,,,
29336,AUTOPISTA 25 DE MAYO,25 DE MAYO,San Cristobal,3.0,SUBIDA AUTOPISTA,309.1101193833163,"LINESTRING (-58.39363899092425 -34.62381088029286, -58.39501853677448 -34.62411636760344, -58.3955966471642 -34.62427471036492, -58.39622103353596 -34.62444572422754, -58.396839490771114 -34.62467061639967)",descartado,0.0,,,,,
29337,AUTOPISTA 25 DE MAYO,25 DE MAYO,,,AUTOPISTA,964.6411385906534,"LINESTRING (-58.38654673725886 -34.62294988029271, -58.388840293857264 -34.62323178832042, -58.390925951665906 -34.623488103779565, -58.39132187328028 -34.62353675608422, -58.39204099750604 -34.623625121282664, -58.39337004840221 -34.62386655136664, -58.39437818629767 -34.62410020542431, -58.39556292748954 -34.624374778136755, -58.396839490771114 -34.62467061639967)",descartado,0.0,,,,,
29338,AUTOPISTA 25 DE MAYO,25 DE MAYO,Constitucion,1.0,BAJADA AUTOPISTA,279.5907089589959,"LINESTRING (-58.38654673725886 -34.62294988029271, -58.38730655364904 -34.622958257034995, -58.387817845763976 -34.622998079623905, -58.388749606535704 -34.623109267009085, -58.389529945560206 -34.62320237947196, -58.389575270897325 -34.623204487036794)",descartado,0.0,,,,,
29339,AUTOPISTA 25 DE MAYO,25 DE MAYO,Constitucion,1.0,AUTOPISTA,354.5123467682048,"LINESTRING (-58.38268809856246 -34.62282019580255, -58.38421960636099 -34.6228140763859, -58.38515144169718 -34.622838380001554, -58.38654673725886 -34.62294988029271)",descartado,0.0,,,,,
29395,AUTOPISTA 1 SUR PRESIDENTE ARTURO FRONDIZI,1 SUR PRESIDENTE ARTURO FRONDIZI,Constitucion,1.0,AUTOPISTA,596.7084183814651,"LINESTRING (-58.380998330204534 -34.62214953706714, -58.380959645483756 -34.62233864672498, -58.38095069090744 -34.622614071811746, -58.38094631667843 -34.622748613771044, -58.3808787634496 -34.62307759295541, -58.38082203082974 -34.62335387452207, -58.38075852521652 -34.62354106077545, -58.380703671910716 -34.623718299385835, -58.38062273065138 -34.62389459171253, -58.380479463429886 -34.62420662975105, -58.380345459991574 -34.6244984888519, -58.380251546943136 -34.62470302988224, -58.380125570660226 -34.62497740238989, -58.38005795950703 -34.62512465661694, -58.3799916183714 -34.62526914425263, -58.37990320032405 -34.62555384592083, -58.37982575541959 -34.62580321295343, -58.37973508098802 -34.62609517613496, -58.3796100873116 -34.62649764057361, -58.37931850720647 -34.62732163147765)",descartado,0.0,,,,,
29409,"PAZ, GRAL. AV.",GRAL. AV. PAZ,Nuñez,13.0,AVENIDA,115.7979413959424,"LINESTRING (-58.46787012797105 -34.53555702390208, -58.46897848519874 -34.536055316626516)",descartado,0.0,,,,,
29410,"PAZ, GRAL. AV.",GRAL. AV. PAZ,Nuñez,13.0,AVENIDA,195.7179121576658,"LINESTRING (-58.47045732432357 -34.53672212685345, -58.47236275719003 -34.53751348265899)",descartado,0.0,,,,,
29411,"PAZ, GRAL. AV.",GRAL. AV. PAZ,Nuñez,13.0,AVENIDA,204.4364587877356,"LINESTRING (-58.47236275719003 -34.53751348265899, -58.47269706435298 -34.537652320985025, -58.47437366326108 -34.5383050633256)",descartado,0.0,,,,,
29412,"PAZ, GRAL. AV.",GRAL. AV. PAZ,Nuñez,13.0,AVENIDA,141.2538381964817,"LINESTRING (-58.471614319668134 -34.53705536783298, -58.47278106129483 -34.53755256849365, -58.47298730313019 -34.537629675853736)",descartado,0.0,,,,,
29413,"PAZ, GRAL. AV.",GRAL. AV. PAZ,Nuñez,13.0,AVENIDA,148.2670536155597,"LINESTRING (-58.47298730313019 -34.537629675853736, -58.474459141287504 -34.53817993575387)",descartado,0.0,,,,,
29414,"PAZ, GRAL. AV.",GRAL. AV. PAZ,Nuñez,13.0,AVENIDA,101.7892250550886,"LINESTRING (-58.471230402129315 -34.53749064939773, -58.47189012404313 -34.53779737997735, -58.47220041802847 -34.537935037363646)",descartado,0.0,,,,,
29415,"PAZ, GRAL. AV.",GRAL. AV. PAZ,Saavedra,12.0,AVENIDA,499.44123521148,"LINESTRING (-58.47919504755904 -34.540440074779454, -58.48045345291659 -34.541026594281256, -58.48400605921288 -34.5425411237776)",descartado,0.0,,,,,
29416,"PAZ, GRAL. AV.",GRAL. AV. PAZ,Saavedra,12.0,AVENIDA,110.2193240624723,"LINESTRING (-58.48303365690485 -34.54228816571275, -58.4840974295482 -34.54274891223843)",descartado,0.0,,,,,
29417,"PAZ, GRAL. AV.",GRAL. AV. PAZ,Saavedra,12.0,AVENIDA,149.937840313302,"LINESTRING (-58.48707651540464 -34.543886086594306, -58.48808059513966 -34.54433946770662, -58.48850785640911 -34.54453720430746)",descartado,0.0,,,,,
29418,"PAZ, GRAL. AV.",GRAL. AV. PAZ,Saavedra,12.0,AVENIDA,152.2684756887725,"LINESTRING (-58.48850785640911 -34.54453720430746, -58.489955607258686 -34.54520720556871)",descartado,0.0,,,,,
29419,"PAZ, GRAL. AV.",GRAL. AV. PAZ,Saavedra,12.0,AVENIDA,317.8953090664359,"LINESTRING (-58.48686804887329 -34.543941921004546, -58.487851111208364 -34.54436908609479, -58.48990612743335 -34.545316997107946)",descartado,0.0,,,,,
29420,"PAZ, GRAL. AV.",GRAL. AV. PAZ,Saavedra,12.0,AVENIDA,300.2445051107412,"LINESTRING (-58.50123993067808 -34.550709647950015, -58.501259173247895 -34.5507516782663, -58.50132286489401 -34.55093586171165, -58.501380239164774 -34.55121478018995, -58.50147268257288 -34.551677890909595, -58.50153010960869 -34.552069962677436, -58.50166075414048 -34.55260674250564, -58.5018549784699 -34.55307508375665, -58.5019077397069 -34.553351679772085)",descartado,0.0,,,,,
29421,"PAZ, GRAL. AV.",GRAL. AV. PAZ,Saavedra,12.0,AVENIDA,1197.480623080401,"LINESTRING (-58.50297149887928 -34.55561685927481, -58.50411277585709 -34.5580480872982, -58.50608167622454 -34.56223758074791, -58.506915089086704 -34.564135050363625, -58.50743210497778 -34.565404016171215, -58.50755474035907 -34.56572150880716)",descartado,0.0,,,,,
29424,"PAZ, GRAL. AV.",GRAL. AV. PAZ,Villa Pueyrredon,12.0,AVENIDA,45.66112916069081,"LINESTRING (-58.51005319513538 -34.572176380381784, -58.51023296105709 -34.57256018238078)",descartado,0.0,,,,,
29425,"PAZ, GRAL. AV.",GRAL. AV. PAZ,Villa Pueyrredon,12.0,AVENIDA,752.8014335227272,"LINESTRING (-58.51164594973138 -34.57417512169893, -58.51279501189965 -34.57658618984416, -58.51362320000676 -34.57838272922435, -58.51461706321059 -34.58050036338197)",descartado,0.0,,,,,
29426,"PAZ, GRAL. AV.",GRAL. AV. PAZ,Villa Pueyrredon,12.0,AVENIDA,118.4383545299089,"LINESTRING (-58.51321017720325 -34.57882648938031, -58.51367865755392 -34.57982132264237)",descartado,0.0,,,,,
29427,"PAZ, GRAL. AV.",GRAL. AV. PAZ,Villa Devoto,11.0,AVENIDA,171.8382668396592,"LINESTRING (-58.51687732634289 -34.585341845548434, -58.517558480939634 -34.58678476373146)",descartado,0.0,,,,,
29428,"PAZ, GRAL. AV.",GRAL. AV. PAZ,Villa Devoto,11.0,AVENIDA,154.3154967909812,"LINESTRING (-58.526345956906106 -34.60680285058382, -58.52696286348447 -34.60809698676209)",descartado,0.0,,,,,
29429,"PAZ, GRAL. AV.",GRAL. AV. PAZ,Villa Real,10.0,AVENIDA,37.61191721333801,"LINESTRING (-58.530377033925184 -34.61779652537363, -58.53034096964438 -34.61813425294733)",descartado,0.0,,,,,
29430,"PAZ, GRAL. AV.",GRAL. AV. PAZ,Villa Real,10.0,AVENIDA,41.14292927147869,"LINESTRING (-58.53030616798922 -34.61882553280245, -58.530283216516295 -34.61919591737372)",descartado,0.0,,,,,
29431,"PAZ, GRAL. AV.",GRAL. AV. PAZ,Liniers,9.0,AVENIDA,528.9007172015154,"LINESTRING (-58.53002261876507 -34.63478938802718, -58.53000776925053 -34.63523744536822, -58.52992799351157 -34.63608800616901, -58.52988175176528 -34.63651153993922, -58.529739001198266 -34.63804814844081, -58.529663457563565 -34.63890220644086, -58.52964236487124 -34.63900371991364, -58.52961880738641 -34.639543905799144)",descartado,0.0,,,,,
29432,"PAZ, GRAL. AV.",GRAL. AV. PAZ,Liniers,9.0,AVENIDA,617.4501346926371,"LINESTRING (-58.52984406348528 -34.634674276460494, -58.52980459064296 -34.635335558313585, -58.529771392957144 -34.63618609359233, -58.529742102664024 -34.63662711841431, -58.52959084657702 -34.63812173051627, -58.52949849323781 -34.63914030077445, -58.52943583660317 -34.64022885605549)",descartado,0.0,,,,,
29433,"PAZ, GRAL. AV.",GRAL. AV. PAZ,Liniers,9.0,AVENIDA,80.8076262967505,"LINESTRING (-58.52938392034855 -34.63868947447452, -58.52937480229858 -34.63886334859444, -58.52935019217254 -34.63903187904879, -58.52934607399728 -34.63917888416802, -58.52934639784149 -34.63933146527074, -58.529337389441224 -34.63941613485981)",descartado,0.0,,,,,
29434,"PAZ, GRAL. AV.",GRAL. AV. PAZ,Liniers,9.0,AVENIDA,44.47939800751147,"LINESTRING (-58.52994614797271 -34.64013466963831, -58.529888993458215 -34.64027411035674, -58.52977472440124 -34.64036167439662, -58.52962652668905 -34.6403862555609)",descartado,0.0,,,,,
29435,"PAZ, GRAL. AV.",GRAL. AV. PAZ,Mataderos,9.0,AVENIDA,280.9174833219369,"LINESTRING (-58.51914499036396 -34.66097204443603, -58.51876546061929 -34.66118554879688, -58.51852413165078 -34.661357161099176, -58.51822780254616 -34.661630299335954, -58.51801286434197 -34.66182745905632, -58.517800237310254 -34.66202249747441, -58.5175063342146 -34.66223076226353, -58.51712701072838 -34.66245330340598, -58.51685780399341 -34.66264054437032)",descartado,0.0,,,,,
29436,"PAZ, GRAL. AV.",GRAL. AV. PAZ,Mataderos,9.0,AVENIDA,94.6720327016907,"LINESTRING (-58.5205325617785 -34.659695990624435, -58.51977009328248 -34.66027159941637)",descartado,0.0,,,,,
29437,"PAZ, GRAL. AV.",GRAL. AV. PAZ,Villa Lugano,8.0,AVENIDA,64.301593012879,"LINESTRING (-58.49467226548141 -34.68058167828077, -58.494137998212935 -34.680957396639634)",descartado,0.0,,,,,
29438,"PAZ, GRAL. AV.",GRAL. AV. PAZ,Villa Lugano,8.0,AVENIDA,232.0809207948749,"LINESTRING (-58.49359074554488 -34.681375695500215, -58.49309658819794 -34.68155248577503, -58.49254860059519 -34.68172945456342, -58.49195130952964 -34.682048100496715, -58.49137170096151 -34.68236419505474)",descartado,0.0,,,,,
29439,"PAZ, GRAL. AV.",GRAL. AV. PAZ,Villa Lugano,8.0,AVENIDA,112.5423789629246,"LINESTRING (-58.48672613169789 -34.684787230921074, -58.48657164612609 -34.68483641769895, -58.48619687232152 -34.6849082598603, -58.485782911413914 -34.68496744260075, -58.485529083333404 -34.68500407838678)",descartado,0.0,,,,,
29440,"PAZ, GRAL. AV.",GRAL. AV. PAZ,Villa Lugano,8.0,AVENIDA,429.8577732222111,"LINESTRING (-58.48522788320203 -34.686826034260115, -58.48511177057787 -34.68691862377963, -58.484825562759454 -34.68715254433232, -58.4840763263028 -34.68771976699612, -58.48230548308686 -34.68904307152624, -58.48177591606477 -34.6894491576633)",descartado,0.0,,,,,
29441,"PAZ, GRAL. AV.",GRAL. AV. PAZ,Villa Riachuelo,8.0,AVENIDA,557.5251443450595,"LINESTRING (-58.48185679449328 -34.689566273041265, -58.47736668259181 -34.69295762320314)",descartado,0.0,,,,,
29442,"PAZ, GRAL. AV.",GRAL. AV. PAZ,Villa Lugano,8.0,ENLACE AUTOPISTA,65.50468581923732,"LINESTRING (-58.48346290107739 -34.68752315493434, -58.48311205169654 -34.688006391596346, -58.483098387122304 -34.68803090425981)",descartado,0.0,,,,,
29443,"PAZ, GRAL. AV.",GRAL. AV. PAZ,Villa Riachuelo,8.0,AVENIDA,68.86112417797939,"LINESTRING (-58.48083190728105 -34.689687382146346, -58.48027617637952 -34.69010520790229)",descartado,0.0,,,,,
29449,"PAZ, GRAL. AV.",GRAL. AV. PAZ,Villa Riachuelo,8.0,AVENIDA,51.00149389472276,"LINESTRING (-58.461222638510954 -34.70374293902909, -58.461040401531115 -34.70384093668901, -58.460875118539555 -34.7038584336731, -58.46071831389846 -34.70379892990401)",descartado,0.0,,,,,
29450,"PAZ, GRAL. AV.",GRAL. AV. PAZ,Villa Riachuelo,8.0,AVENIDA,224.0668769477855,"LINESTRING (-58.46334164175443 -34.70289244882637, -58.46316364718143 -34.702944949248504, -58.46253642805296 -34.702951946997885, -58.462337242630646 -34.703035946371976, -58.461489636403876 -34.70358544183387, -58.461222638510954 -34.70374293902909)",descartado,0.0,,,,,
29457,27 DE FEBRERO AV.,27 DE FEBRERO,Nueva Pompeya,4.0,AVENIDA,161.0314541569697,"LINESTRING (-58.41644842387665 -34.65896181431406, -58.416994853824775 -34.659181549617706, -58.4173695130404 -34.659290295177435, -58.418078888095636 -34.65949618871919)",descartado,0.0,,,,,
29458,"PAZ, GRAL. AV.",GRAL. AV. PAZ,Saavedra,12.0,AVENIDA,310.4796695633162,"LINESTRING (-58.488021581272704 -34.54507305197303, -58.48833395558307 -34.54525604483567, -58.488554587150986 -34.545385292659674, -58.488773798496496 -34.545513707711955, -58.489033598468545 -34.54564135383258, -58.48934008484004 -34.54580451369774, -58.48969029334586 -34.54598158193953, -58.489941249384614 -34.5461002915465, -58.490123455028986 -34.546175624894694, -58.490368482577104 -34.54626657308304, -58.490615476154304 -34.546358564438485, -58.49094757062068 -34.546454019674144)",descartado,0.0,,,,,
29459,ACCESO NORTE - PANAMERICANA,ACCESO NORTE - PANAMERICANA,Saavedra,12.0,ENLACE AUTOPISTA,368.3526035194606,"LINESTRING (-58.488021581272704 -34.54507305197303, -58.48839016150919 -34.5452304181976, -58.488741323880575 -34.54540869775067, -58.48897399350147 -34.54550689782112, -58.489421249605606 -34.545695663931525, -58.48994741365942 -34.545917730240255, -58.49057165172098 -34.546181183972585, -58.49094752688955 -34.546321780866464, -58.491331130675526 -34.546465266981606, -58.4916188196609 -34.54652943088193)",descartado,0.0,,,,,
29460,"PAZ, GRAL. AV.",GRAL. AV. PAZ,Saavedra,12.0,AVENIDA,135.0553230587242,"LINESTRING (-58.48681462403205 -34.54437684659451, -58.488021581272704 -34.54507305197303)",descartado,0.0,,,,,
29461,"PAZ, GRAL. AV.",GRAL. AV. PAZ,Saavedra,12.0,AVENIDA,186.2163421716147,"LINESTRING (-58.48686804887329 -34.543941921004546, -58.48720096176171 -34.544157160614496, -58.48762339148393 -34.54440738648068, -58.488120020610424 -34.54465287299918, -58.4885361745439 -34.544894123610916)",descartado,0.0,,,,,
29462,ACCESO NORTE - PANAMERICANA,ACCESO NORTE - PANAMERICANA,Saavedra,12.0,ENLACE AUTOPISTA,336.4101536071943,"LINESTRING (-58.4885361745439 -34.544894123610916, -58.48898201006911 -34.54513442199206, -58.48959283384381 -34.54548850317885, -58.48984371485033 -34.54565133593505, -58.49007232392706 -34.54576442497316, -58.49042845120097 -34.5459405936367, -58.49086014421808 -34.546154140686724, -58.4916188196609 -34.54652943088193)",descartado,0.0,,,,,
29463,ACCESO NORTE - PANAMERICANA,ACCESO NORTE - PANAMERICANA,Saavedra,12.0,ENLACE AUTOPISTA,530.393007133087,"LINESTRING (-58.4916188196609 -34.54652943088193, -58.49205322909149 -34.54668754365529, -58.492344279914896 -34.54678191563422, -58.49254984675704 -34.54682438732745, -58.492801004222144 -34.54687627786586, -58.49301554090876 -34.54689071669851, -58.4930806887953 -34.54689510123165, -58.49333194871354 -34.54688084153866, -58.49362290262639 -34.54684301682729, -58.49385117991191 -34.54675794926365, -58.49406418412858 -34.54667326680735, -58.49421640478756 -34.54657366756676, -58.49438673087353 -34.54646222128695, -58.49454164607044 -34.54631382997069, -58.49463292989205 -34.54620990465224, -58.4947527375647 -34.546068189399236, -58.494861124190344 -34.54591230853239, -58.494940981176164 -34.54578004903811, -58.495020832533825 -34.545633621043926, -58.4951234853139 -34.54541162200452, -58.49527982658429 -34.545129014208165, -58.49536872418966 -34.544920385002456, -58.49547136790251 -34.54467949438279, -58.495636783054785 -34.544410250162514)",descartado,0.0,,,,,
29464,"PAZ, GRAL. AV.",GRAL. AV. PAZ,Saavedra,12.0,AVENIDA,282.1993949089514,"LINESTRING (-58.492150432721324 -34.54718813906109, -58.492196135391026 -34.54730619860989, -58.49236424627163 -34.54752257223167, -58.49244740276175 -34.54766979557015, -58.49253681190133 -34.54782808818532, -58.49259021437838 -34.54800508117357, -58.4926498749457 -34.54820281456483, -58.492647418265214 -34.54836400126349, -58.4926445201832 -34.54855414823232, -58.49259618697854 -34.548760729874616, -58.49255702608842 -34.54892810722918, -58.492504952289636 -34.549020506442226, -58.492305300178316 -34.54937476498535, -58.49213764409525 -34.5495378078201)",descartado,0.0,,,,,
29465,ACCESO NORTE - PANAMERICANA,ACCESO NORTE - PANAMERICANA,Saavedra,12.0,ENLACE AUTOPISTA,629.0824730591004,"LINESTRING (-58.492150432721324 -34.54718813906109, -58.49236167464096 -34.547348664650606, -58.492496879091384 -34.547534447656176, -58.492744238161535 -34.5477594578159, -58.49291552651543 -34.54791526924554, -58.49311429294286 -34.54801115578989, -58.49325232457373 -34.54802381180745, -58.493457811807886 -34.548042652482884, -58.49362985054744 -34.54802907223737, -58.49375459111646 -34.54797173661855, -58.49390469643157 -34.54790274210176, -58.494096966055295 -34.54772134161791, -58.494342314180074 -34.54748986160878, -58.49458993562385 -34.54714820385491, -58.49467116514811 -34.54695621079795, -58.494848784421315 -34.54653638889377, -58.49498192561943 -34.54622169266544, -58.49510085606628 -34.54594058322517, -58.49533465787228 -34.54538795270906, -58.49555130108306 -34.54475031553945, -58.495636783054785 -34.544410250162514)",descartado,0.0,,,,,
29466,"PAZ, GRAL. AV.",GRAL. AV. PAZ,Saavedra,12.0,AVENIDA,178.0951053863329,"LINESTRING (-58.49332664966868 -34.54836855893626, -58.49360567082874 -34.54831090723672, -58.4939259060103 -34.54819366600697, -58.4944680731483 -34.547995170650125, -58.49474860490964 -34.54789551932663, -58.494925073165895 -34.54786209603339, -58.4951472422735 -34.54784386536182)",descartado,0.0,,,,,
29467,"PAZ, GRAL. AV.",GRAL. AV. PAZ,Saavedra,12.0,AVENIDA,124.336903289317,"LINESTRING (-58.493810571165206 -34.54769907296793, -58.494096966055295 -34.54772134161791, -58.49431957078797 -34.54772600808423, -58.494722458777986 -34.54774732649458, -58.49491891154256 -34.54779197375005, -58.4951472422735 -34.54784386536182)",descartado,0.0,,,,,
29468,"PAZ, GRAL. AV.",GRAL. AV. PAZ,Saavedra,12.0,AVENIDA,496.5532188002433,"LINESTRING (-58.49541701744731 -34.54434466101402, -58.495321209988155 -34.54458865913955, -58.49517463954867 -34.54484959357887, -58.495042318276695 -34.54508515914455, -58.49495864037761 -34.545193062852434, -58.494850973636254 -34.545331899978834, -58.494701164670914 -34.545525078911226, -58.49457165035325 -34.54569208698655, -58.4944299513185 -34.545798306821396, -58.49428668003418 -34.545905704796034, -58.49417052876563 -34.54599277293516, -58.49400783347762 -34.546114730438845, -58.493853673774076 -34.546189852047966, -58.49365694652106 -34.5462857162296, -58.493419014215306 -34.546401658703104, -58.49332596946462 -34.54647471065999, -58.493179560626565 -34.54658965980532, -58.49313808669849 -34.54665832174311, -58.493057820962306 -34.54679120488714, -58.49301554090876 -34.54689071669851, -58.493012253315676 -34.547055693593734, -58.493052266206 -34.54722098235122, -58.49312510095019 -34.54734938436917, -58.49322357262474 -34.54742874431331, -58.49335228442007 -34.547532474920146, -58.49356039476432 -34.54760812823798, -58.493810571165206 -34.54769907296793)",descartado,0.0,,,,,
29469,"PAZ, GRAL. AV.",GRAL. AV. PAZ,Saavedra,12.0,AVENIDA,182.3936587793287,"LINESTRING (-58.49230095480171 -34.546877101401265, -58.49234873592997 -34.54704246067814, -58.49244723151401 -34.54717862294619, -58.49252380805815 -34.54728448353079, -58.492704165820975 -34.5474241476818, -58.49284584979061 -34.547533863381645, -58.49310377388047 -34.54760824054481, -58.493349233069516 -34.54767902259438, -58.493600388462184 -34.547716743039416, -58.493810571165206 -34.54769907296793)",descartado,0.0,,,,,
29470,ACCESO NORTE - PANAMERICANA,ACCESO NORTE - PANAMERICANA,Saavedra,12.0,ENLACE AUTOPISTA,389.2644790029879,"LINESTRING (-58.49332664966868 -34.54836855893626, -58.49370535363989 -34.54821056629764, -58.493914744268274 -34.54806645256437, -58.49407992795361 -34.5479527637872, -58.49420111235645 -34.547869357470816, -58.49431957078797 -34.54772600808423, -58.494467905873336 -34.54754650338339, -58.494736037248174 -34.54719222359054, -58.49485943610448 -34.54699158080979, -58.49489003359857 -34.54689464654369, -58.495014917776714 -34.54649900531003, -58.4950936138076 -34.54633606442325, -58.495163735583134 -34.54619087603341, -58.495369048451686 -34.54576576892011, -58.49552876210425 -34.54550597202192)",descartado,0.0,,,,,
29471,"PAZ, GRAL. AV.",GRAL. AV. PAZ,Saavedra,12.0,AVENIDA,115.2651113912919,"LINESTRING (-58.49271410177882 -34.549255198789474, -58.49280747040473 -34.549025156523264, -58.49287138909305 -34.54886429209112, -58.49301282906576 -34.548675618564026, -58.49311552122802 -34.548538631950144, -58.49332664966868 -34.54836855893626)",descartado,0.0,,,,,
29472,ACCESO NORTE - PANAMERICANA,ACCESO NORTE - PANAMERICANA,Saavedra,12.0,ENLACE AUTOPISTA,58.16938541365577,"LINESTRING (-58.492161916666326 -34.54738649454344, -58.4922359898601 -34.54701809750007, -58.49230095480171 -34.546877101401265)",descartado,0.0,,,,,
29473,ACCESO NORTE - PANAMERICANA,ACCESO NORTE - PANAMERICANA,Saavedra,12.0,ENLACE AUTOPISTA,312.0135600676477,"LINESTRING (-58.49288063645571 -34.546096994157395, -58.493080382612156 -34.5460355490088, -58.493505186605944 -34.54590487104068, -58.49386222757756 -34.54575198690977, -58.494221729933955 -34.54553936970672, -58.49440377488638 -34.54543170370051, -58.494569799353634 -34.54528424902531, -58.4947762981554 -34.54510084601372, -58.49490947106825 -34.54498256716658, -58.495123213871686 -34.54469847687645, -58.49541701744731 -34.54434466101402)",descartado,0.0,,,,,
29474,ACCESO NORTE - PANAMERICANA,ACCESO NORTE - PANAMERICANA,Saavedra,12.0,ENLACE AUTOPISTA,298.2953352929219,"LINESTRING (-58.49288063645571 -34.546096994157395, -58.49297192545876 -34.54600251570558, -58.49311628777452 -34.545886771567545, -58.49324581998763 -34.54579936778666, -58.49343984561291 -34.5457048637423, -58.49360357373104 -34.545625116295035, -58.49391918630441 -34.545430821187196, -58.49405845957825 -34.54534508224297, -58.49417022533861 -34.54517100311629, -58.494273554753 -34.545010063157164, -58.494455483635456 -34.544845056368075, -58.494673157975356 -34.54464762776372, -58.494866656009776 -34.544472125730394, -58.49514300669189 -34.544216272167176)",descartado,0.0,,,,,
29475,ACCESO NORTE - PANAMERICANA,ACCESO NORTE - PANAMERICANA,,,ENLACE AUTOPISTA,120.2489783629472,"LINESTRING (-58.49593360107649 -34.544476290628644, -58.49586519328889 -34.54468883562209, -58.49579175068605 -34.544917022681275, -58.49552876210425 -34.54550597202192)",descartado,0.0,,,,,
29476,ACCESO NORTE - PANAMERICANA,ACCESO NORTE - PANAMERICANA,Saavedra,12.0,ENLACE AUTOPISTA,151.2902105555667,"LINESTRING (-58.49552876210425 -34.54550597202192, -58.49547177861493 -34.545746850635794, -58.495363416888786 -34.54596412863958, -58.4952841625945 -34.54612304203942, -58.49520761787102 -34.546276521832056, -58.495175244544996 -34.546436459404745, -58.49514978823093 -34.54656222364973, -58.49513327703871 -34.54672934779366, -58.49514276525329 -34.54681695951727)",descartado,0.0,,,,,
29477,"PAZ, GRAL. AV.",GRAL. AV. PAZ,Saavedra,12.0,AVENIDA,574.9550287143163,"LINESTRING (-58.50123993067808 -34.550709647950015, -58.50139293173264 -34.55087412221399, -58.50189002778592 -34.55196021260442, -58.50201592881407 -34.552659148644715, -58.50210165782532 -34.55289053910856, -58.50265591932504 -34.55410884647704, -58.503340968218744 -34.55556596410623)",descartado,0.0,,,,,
29478,"PAZ, GRAL. AV.",GRAL. AV. PAZ,Saavedra,12.0,AVENIDA,180.0420490553102,"LINESTRING (-58.50297149887928 -34.55561685927481, -58.503147779843424 -34.55586425593157, -58.503258365978674 -34.55601945410934, -58.50331863248512 -34.556104032707275, -58.503830798217656 -34.55682280288508, -58.504010167047596 -34.55698931504781)",descartado,0.0,,,,,
29479,"PAZ, GRAL. AV.",GRAL. AV. PAZ,Saavedra,12.0,AVENIDA,746.3785519810425,"LINESTRING (-58.50410611540624 -34.55723812172533, -58.50411154541851 -34.557252202412386, -58.50495131565355 -34.55881268953985, -58.50526938892374 -34.55949439085597, -58.50578001899898 -34.5605887587785, -58.505945368993764 -34.56105492674957, -58.505999959640995 -34.56120883188095, -58.50635131014568 -34.561995856117896, -58.507054821938496 -34.56350353491896)",descartado,0.0,,,,,
29481,"PAZ, GRAL. AV.",GRAL. AV. PAZ,Saavedra,12.0,AVENIDA,272.6750353752931,"LINESTRING (-58.50867268318241 -34.56697050998691, -58.50981727527632 -34.5689970050594, -58.5099304611766 -34.569197394209986)",descartado,0.0,,,,,
29482,"PAZ, GRAL. AV.",GRAL. AV. PAZ,Villa Pueyrredon,12.0,AVENIDA,334.1066410698958,"LINESTRING (-58.5099304611766 -34.569197394209986, -58.510359138316936 -34.57017148044172, -58.51073687290172 -34.57102978929297, -58.51121421385596 -34.57201531761411)",descartado,0.0,,,,,
29483,"PAZ, GRAL. AV.",GRAL. AV. PAZ,Villa Pueyrredon,12.0,AVENIDA,95.39593102904942,"LINESTRING (-58.510314599301644 -34.57043436371471, -58.510279902722466 -34.57054116642739, -58.510250518084035 -34.570631617747175, -58.51018608316768 -34.5707034811243, -58.51008071499729 -34.57075466968918, -58.509962688495605 -34.570787263929674, -58.509846052107946 -34.570793121262845, -58.50976453569373 -34.5707768784763, -58.50966894477191 -34.57072228033576, -58.509607063433705 -34.5706362831303)",descartado,0.0,,,,,
29484,"PAZ, GRAL. AV.",GRAL. AV. PAZ,,,AVENIDA,214.124757031986,"LINESTRING (-58.508669736645146 -34.568923292586454, -58.50884206317149 -34.569096817721636, -58.5090421095919 -34.56927688276381, -58.50909800633462 -34.56935621207916, -58.50915340502527 -34.56943444606753, -58.5092364958576 -34.56955178655296, -58.509306224585714 -34.5696502568372, -58.50939765437841 -34.569779372755114, -58.50947791029796 -34.56997349690958, -58.50950732061248 -34.57013417553726, -58.50952999448003 -34.570258050215244, -58.50954932964118 -34.57042822747223, -58.50957329787282 -34.57056771178883, -58.509607063433705 -34.5706362831303)",descartado,0.0,,,,,
29485,"PAZ, GRAL. AV.",GRAL. AV. PAZ,Saavedra,12.0,AVENIDA,396.2630989916903,"LINESTRING (-58.49216439257185 -34.54605916273688, -58.492472552592986 -34.54613629169914, -58.49280132984178 -34.54618155173358, -58.493139224879215 -34.5461852478824, -58.493404046879604 -34.54614740036081, -58.49372820353844 -34.54604152895585, -58.493951906176754 -34.54593946019841, -58.49426689692377 -34.54574668985861, -58.49444035270356 -34.54559551565337, -58.494596979420905 -34.54545900801872, -58.494764420594485 -34.54526294636075, -58.494882090457345 -34.545125162662686, -58.495014449722284 -34.544970177955896, -58.49541701744731 -34.54434466101402)",descartado,0.0,,,,,
29486,"PAZ, GRAL. AV.",GRAL. AV. PAZ,Nuñez,13.0,AVENIDA,369.4146429625776,"LINESTRING (-58.462187566063186 -34.53451590464167, -58.462470370664654 -34.53437949876827, -58.46286775114144 -34.534287613547946, -58.463279740261356 -34.53423925258789, -58.46364643452083 -34.534229094477226, -58.46421229735843 -34.53425710900905, -58.46468626883809 -34.5343171419366, -58.46495793986457 -34.534351550748376, -58.46509333698933 -34.53436869939336, -58.46546977536781 -34.53446122025817, -58.46609292360466 -34.534614374364075)",descartado,0.0,,,,,
29487,"PAZ, GRAL. AV.",GRAL. AV. PAZ,Nuñez,13.0,AVENIDA,234.2797149852627,"LINESTRING (-58.46678379560394 -34.535002649404596, -58.46712208227966 -34.53499363562168, -58.467335383988534 -34.5350057191892, -58.467531155377856 -34.53504198385139, -58.467633425981376 -34.535097596239716, -58.467721640855345 -34.53514556531885, -58.46776491856152 -34.535199151107236, -58.46782083478831 -34.5352683855919, -58.46783505194914 -34.535324888982906, -58.467835109294114 -34.53540259556988, -58.467776746429415 -34.535499026689955, -58.46770357792849 -34.535581210877574, -58.4676217664721 -34.53564408402644, -58.46747274913152 -34.535692450921054, -58.467306459224204 -34.53574642373051, -58.46718639986715 -34.53574807633777, -58.46703436665143 -34.5357501688931, -58.46680762229164 -34.53584272180944)",descartado,0.0,,,,,
29488,"PAZ, GRAL. AV.",GRAL. AV. PAZ,Nuñez,13.0,AVENIDA,191.5154021195461,"LINESTRING (-58.46609292360466 -34.534614374364075, -58.46671007796255 -34.534705895594925, -58.46687662789378 -34.53471314508883, -58.467057788667326 -34.53474699285267, -58.467214315746006 -34.53477623786115, -58.4673256037035 -34.534797030405365, -58.46748731715364 -34.5348582108346, -58.46763341746211 -34.534933166401196, -58.46778900362398 -34.53501298826625, -58.46789055589387 -34.5350879145019, -58.46800451685853 -34.53518463359773)",descartado,0.0,,,,,
29489,"PAZ, GRAL. AV.",GRAL. AV. PAZ,Nuñez,13.0,AVENIDA,126.6718518783787,"LINESTRING (-58.46609292360466 -34.534614374364075, -58.466251335511814 -34.53469139902662, -58.46636821348309 -34.53472041317807, -58.466596124673956 -34.53474942427129, -58.466798899992654 -34.53477523541413, -58.46693406433263 -34.53479244020204, -58.467214315746006 -34.53477623786115, -58.46743471801782 -34.534768743446726)",descartado,0.0,,,,,
29490,"PAZ, GRAL. AV.",GRAL. AV. PAZ,Nuñez,13.0,AVENIDA,125.6717507328962,"LINESTRING (-58.46800451685853 -34.53518463359773, -58.46813308892101 -34.535300696694385, -58.46833763388179 -34.535448191657245, -58.468618151758406 -34.53561744575986, -58.46906554212659 -34.53589642102577)",descartado,0.0,,,,,
29491,"PAZ, GRAL. AV.",GRAL. AV. PAZ,Nuñez,13.0,AVENIDA,197.0512984518841,"LINESTRING (-58.46743471801782 -34.534768743446726, -58.46782335540796 -34.53516287766983, -58.46796361468873 -34.53527410434036, -58.46809147390585 -34.535375497266756, -58.46830841656277 -34.53548446414424, -58.46856198417108 -34.53561182630671, -58.46881101018992 -34.53576010425934, -58.46906554212659 -34.53589642102577)",descartado,0.0,,,,,
29492,"PAZ, GRAL. AV.",GRAL. AV. PAZ,Nuñez,13.0,AVENIDA,257.1652353424987,"LINESTRING (-58.46743471801782 -34.534768743446726, -58.46724187025966 -34.5347542413077, -58.467070339002404 -34.534770888259274, -58.466895185726976 -34.53481816068183, -58.46680942903229 -34.53484130559429, -58.4666750218122 -34.53487758067159, -58.466601736865805 -34.534939125335825, -58.466540374867414 -34.53506068037312, -58.4664997175326 -34.53517742803722, -58.46650455078648 -34.53524923685579, -58.466549395861435 -34.535315257614684, -58.46661714590478 -34.5354149987558, -58.466692576632894 -34.53545066652145, -58.46681530093825 -34.535508697106906, -58.46694944000394 -34.53552621119402, -58.46708890693209 -34.53552222704425, -58.467224374563024 -34.53551835698953, -58.467393847516625 -34.53551351525474, -58.46752825801396 -34.53552801918911, -58.46756941992659 -34.535539696633876, -58.467630527832675 -34.53555703263332, -58.46787012797105 -34.53555702390208)",descartado,0.0,,,,,
29493,"PAZ, GRAL. AV.",GRAL. AV. PAZ,Nuñez,13.0,AVENIDA,191.1071846239957,"LINESTRING (-58.46743471801782 -34.534768743446726, -58.46748731715364 -34.5348582108346, -58.46761589523366 -34.53511452346134, -58.46764441553435 -34.53518002314557, -58.46766603277434 -34.53522966919656, -58.46767726617075 -34.535310386225795, -58.46765097345225 -34.53540227442308, -58.46762467798258 -34.535462058618634, -58.46756941992659 -34.535539696633876, -58.467501963726995 -34.53559330840915, -58.467420150916 -34.5356320005667, -58.467320805590546 -34.535656184734094, -58.467133800936864 -34.53566828117584, -58.4669292631217 -34.53564894274062, -58.4667948517255 -34.53561509346234, -58.46656985731917 -34.53551595818222)",descartado,0.0,,,,,
29494,"PAZ, GRAL. AV.",GRAL. AV. PAZ,Nuñez,13.0,AVENIDA,163.2770651169671,"LINESTRING (-58.46514781908041 -34.5346537833613, -58.4652169754399 -34.53471560050279, -58.46530969268901 -34.53478456397646, -58.465573454775786 -34.53488727848961, -58.46577214826991 -34.53496465337806, -58.465945051736504 -34.53505887007566, -58.466083025885396 -34.53515980832987, -58.46622568758065 -34.535264175447615, -58.46636823725614 -34.535368460186604, -58.46656985731917 -34.53551595818222)",descartado,0.0,,,,,
29496,"PAZ, GRAL. AV.",GRAL. AV. PAZ,Nuñez,13.0,AVENIDA,387.256299994966,"LINESTRING (-58.46656985731917 -34.53551595818222, -58.466684913060824 -34.53561237621265, -58.466925979708144 -34.53573629618031, -58.467066938409594 -34.53578141886372, -58.46724185746705 -34.535831400468346, -58.467485172590095 -34.53584210980639, -58.46775874435623 -34.53585415028636, -58.46792436560809 -34.53586143933326, -58.46805459502913 -34.535887387802546, -58.468250915518 -34.53592650475446, -58.46841254121678 -34.53597805154848, -58.46862037773144 -34.53604433580948, -58.46874885289066 -34.53610153595081, -58.46894290431634 -34.536187931771906, -58.469197842819085 -34.5363014350725, -58.469559212267725 -34.53646232194032, -58.47000141220582 -34.536615744708534, -58.47045732432357 -34.53672212685345)",descartado,0.0,,,,,
29497,"PAZ, GRAL. AV.",GRAL. AV. PAZ,Villa Pueyrredon,12.0,AVENIDA,196.9511519629374,"LINESTRING (-58.510314599301644 -34.57043436371471, -58.51037682183171 -34.570566063033056, -58.51042781455164 -34.57081842577082, -58.51046227837789 -34.57098898620504, -58.510534306942915 -34.57111665472217, -58.51058694714798 -34.571209957664664, -58.51102473312441 -34.571835371353316, -58.51121421385596 -34.57201531761411)",descartado,0.0,,,,,
29498,"PAZ, GRAL. AV.",GRAL. AV. PAZ,Villa Pueyrredon,12.0,AVENIDA,155.6788978983224,"LINESTRING (-58.51121421385596 -34.57201531761411, -58.51180685917179 -34.57333023718583)",descartado,0.0,,,,,
29499,"PAZ, GRAL. AV.",GRAL. AV. PAZ,Villa Pueyrredon,12.0,AVENIDA,173.9413831029073,"LINESTRING (-58.51164594973138 -34.57417512169893, -58.51188704268979 -34.57446440332937, -58.51211373619394 -34.57473640512465, -58.51228820625158 -34.57494574428677, -58.51241764755735 -34.57510105453017, -58.51280230642529 -34.57540975295589)",descartado,0.0,,,,,
29500,"PAZ, GRAL. AV.",GRAL. AV. PAZ,Villa Pueyrredon,12.0,AVENIDA,136.0530889425901,"LINESTRING (-58.51280230642529 -34.57540975295589, -58.51333375835521 -34.57655468063729)",descartado,0.0,,,,,
29501,"PAZ, GRAL. AV.",GRAL. AV. PAZ,Nuñez,13.0,AVENIDA,205.1816385048327,"LINESTRING (-58.47236275719003 -34.53751348265899, -58.47267207280607 -34.537728724246406, -58.47290893555404 -34.53786388691481, -58.47322549284947 -34.53804452484339, -58.47359565807238 -34.53822654364724, -58.473982853510165 -34.53841693454721, -58.47423124142988 -34.53851968115635)",descartado,0.0,,,,,
29502,"PAZ, GRAL. AV.",GRAL. AV. PAZ,Nuñez,13.0,AVENIDA,63.83169035519451,"LINESTRING (-58.4742312246701 -34.53800773185383, -58.47421291546918 -34.53803606588491, -58.47412892366392 -34.538166045410165, -58.474081457204605 -34.538296021655675, -58.47413991580625 -34.53843203373478, -58.47423124142988 -34.53851968115635)",descartado,0.0,,,,,
29503,"PAZ, GRAL. AV.",GRAL. AV. PAZ,Nuñez,13.0,AVENIDA,193.5550792216822,"LINESTRING (-58.4742312246701 -34.53800773185383, -58.47445762337059 -34.53793932038559, -58.47460007263006 -34.53793930728759, -58.474716958200055 -34.537969522474526, -58.474921514241174 -34.538066226565675, -58.47507044033866 -34.53813663118315, -58.47528075254696 -34.5382360554914, -58.4754264108479 -34.53830491455543, -58.47553645045673 -34.53835693491134, -58.47567398350295 -34.53836236799967, -58.47591139056318 -34.53829886899456, -58.476178020985074 -34.53825652468901)",descartado,0.0,,,,,
29504,"PAZ, GRAL. AV.",GRAL. AV. PAZ,,,AVENIDA,514.3032853297657,"LINESTRING (-58.4742312246701 -34.53800773185383, -58.47432977990641 -34.53790608333459, -58.47445396034401 -34.53786073296739, -58.47461101963638 -34.53786071852136, -58.47479365627476 -34.53793022140398, -58.475151630072375 -34.5381024757195, -58.475474380828224 -34.538257779458455, -58.47567398350295 -34.53836236799967, -58.4758272660872 -34.53842758191285, -58.47603843541909 -34.53852919222562, -58.4762323060052 -34.538622478199414, -58.47656526990395 -34.53874614534064, -58.47679540099974 -34.53886097913167, -58.477113195395134 -34.53897882520781, -58.477235575292774 -34.539024206411824, -58.47747483105548 -34.53915107226817, -58.47768305253517 -34.539287065155946, -58.47801616586643 -34.53950462531014, -58.47817484516024 -34.53962893844313, -58.478380334950224 -34.53979515651289, -58.478562994529696 -34.539950042319674, -58.478793602051354 -34.54013930390427, -58.47887073228695 -34.54019760982726)",descartado,0.0,,,,,
29505,"PAZ, GRAL. AV.",GRAL. AV. PAZ,Saavedra,12.0,AVENIDA,190.0790305385921,"LINESTRING (-58.47548797909249 -34.53937008048666, -58.475906249012965 -34.53930774671402, -58.47611106629338 -34.539308020595804, -58.47625261116945 -34.53934956648573, -58.476398725497596 -34.539413781259675, -58.4765585391433 -34.53948932914055, -58.47674575012831 -34.539579986822986, -58.4769420930709 -34.53967064319722, -58.477193231458415 -34.539795297338124, -58.477389569025604 -34.539848170429096)",descartado,0.0,,,,,
29506,"PAZ, GRAL. AV.",GRAL. AV. PAZ,Nuñez,13.0,AVENIDA,380.2060636106109,"LINESTRING (-58.4742312246701 -34.53800773185383, -58.47421651550821 -34.53811601271565, -58.47416591869438 -34.53826541028717, -58.47419494897946 -34.53838690651797, -58.474280085977824 -34.53845431292861, -58.474376810041505 -34.538530893083475, -58.474503820423074 -34.538563862059306, -58.4748092903582 -34.53864315438535, -58.47501520225812 -34.538718722604436, -58.47536118208507 -34.538845693676144, -58.475620030928624 -34.53896871252646, -58.47591382127878 -34.53910833634792, -58.47626332132048 -34.53927443466014, -58.47660418838781 -34.53943642858674, -58.47703340362446 -34.53964040691267, -58.477282863891006 -34.53978592587575, -58.477389569025604 -34.539848170429096)",descartado,0.0,,,,,
29507,"PAZ, GRAL. AV.",GRAL. AV. PAZ,Saavedra,12.0,AVENIDA,156.2070620085876,"LINESTRING (-58.476178020985074 -34.53825652468901, -58.47632096576805 -34.538503229716, -58.47638948988963 -34.538748809088005, -58.476448853826824 -34.53880925481922, -58.476549309439214 -34.53886969606969, -58.476643675438886 -34.538926473220044, -58.47684153709816 -34.53899812474246, -58.47698307327426 -34.53904937887932, -58.47714506176885 -34.539108039083516, -58.47732096568149 -34.539152979159255)",descartado,0.0,,,,,
29508,"PAZ, GRAL. AV.",GRAL. AV. PAZ,Saavedra,12.0,AVENIDA,32.65204037187561,"LINESTRING (-58.47732096568149 -34.539152979159255, -58.47746252817216 -34.539296536571136, -58.4774945064171 -34.53940232403833)",descartado,0.0,,,,,
29509,"PAZ, GRAL. AV.",GRAL. AV. PAZ,Nuñez,13.0,AVENIDA,577.5821621525121,"LINESTRING (-58.47236275719003 -34.53751348265899, -58.472471975083806 -34.537634580287516, -58.472642988653774 -34.537780742202166, -58.47304554958327 -34.537996171360646, -58.47342170149214 -34.53819746560902, -58.473832249973775 -34.53841716443204, -58.474287950628465 -34.53862233971122, -58.47458602930658 -34.538756545589955, -58.475257234246925 -34.539058742251484, -58.47575546432916 -34.5392597324105, -58.47627038532529 -34.539503151170024, -58.476768604541064 -34.53973867106657, -58.476960382096514 -34.53982932791242, -58.47712931987334 -34.53985197843459, -58.477282863891006 -34.53978592587575, -58.47740183065337 -34.539696224735, -58.4774717077046 -34.539579904734246, -58.477505921738086 -34.53949374017205, -58.4774945064171 -34.53940232403833)",descartado,0.0,,,,,
29510,"PAZ, GRAL. AV.",GRAL. AV. PAZ,Villa Pueyrredon,12.0,AVENIDA,257.0366115274338,"LINESTRING (-58.51451271879553 -34.57936953712539, -58.514849508360854 -34.58061621211853, -58.515293480206026 -34.581588772304876)",descartado,0.0,,,,,
29511,"PAZ, GRAL. AV.",GRAL. AV. PAZ,Saavedra,12.0,ENLACE AUTOPISTA,333.3281589631562,"LINESTRING (-58.49250440990817 -34.54583402391095, -58.49266423842424 -34.54587554635515, -58.492924514967854 -34.545898153000515, -58.49311628777452 -34.545886771567545, -58.49327569227992 -34.54587731091385, -58.49340866622308 -34.5458694187526, -58.49356831125529 -34.54582620832046, -58.49371047322524 -34.54577294176928, -58.49387874879709 -34.54566744437798, -58.49398296673006 -34.545602106538965, -58.49411528458046 -34.54551915161025, -58.49422567757602 -34.54541043584182, -58.49431856401327 -34.545318960352624, -58.49448126440929 -34.545104332383744, -58.49465926469347 -34.54490026115238, -58.49479617250791 -34.54470375676675, -58.49490570772271 -34.54457148961093, -58.49514300669189 -34.544216272167176)",descartado,0.0,,,,,
29512,"PAZ, GRAL. AV.",GRAL. AV. PAZ,,,AVENIDA,524.2189992025611,"LINESTRING (-58.51321017720325 -34.57882648938031, -58.51353267954564 -34.57940082531936, -58.51372890333144 -34.579752014789676, -58.51401083168107 -34.58016194778364, -58.514134851196594 -34.58037158695357, -58.51426144604215 -34.58058557816584, -58.514442496437496 -34.58089161686139, -58.514596013274684 -34.58121992686698, -58.51486423648402 -34.5817935403839, -58.51500298634277 -34.58209026301255, -58.515121321061734 -34.58243035005983, -58.51524417007812 -34.582792596942326, -58.51533493895231 -34.583191663632576)",descartado,0.0,,,,,
29513,"PAZ, GRAL. AV.",GRAL. AV. PAZ,Villa Devoto,11.0,AVENIDA,102.8492278354145,"LINESTRING (-58.515293480206026 -34.581588772304876, -58.51533560168128 -34.58177789987896, -58.51547114468747 -34.58209437124818, -58.51555344463412 -34.582286527284516, -58.515544174534234 -34.58248157833839)",descartado,0.0,,,,,
29514,"PAZ, GRAL. AV.",GRAL. AV. PAZ,Villa Devoto,11.0,AVENIDA,647.891554233718,"LINESTRING (-58.51911777010986 -34.58928219391339, -58.519289164691095 -34.5895542721801, -58.52038761386433 -34.591869827421704, -58.52048115708751 -34.59214771126319, -58.521093518152455 -34.593444418259175, -58.52148081243142 -34.59426451184489, -58.521694224294365 -34.59471640286238)",descartado,0.0,,,,,
29515,"PAZ, GRAL. AV.",GRAL. AV. PAZ,Villa Devoto,11.0,AVENIDA,245.5527162875747,"LINESTRING (-58.52036957942597 -34.5928001213699, -58.52060780137824 -34.5930470564818, -58.520869483164574 -34.59346768478612, -58.520949753642554 -34.59359671089013, -58.52119654559357 -34.593930742650215, -58.521395824106406 -34.59420046286074, -58.521694224294365 -34.59471640286238)",descartado,0.0,,,,,
29516,27 DE FEBRERO AV.,27 DE FEBRERO,Villa Riachuelo,8.0,AVENIDA,62.65789067463083,"LINESTRING (-58.461222638510954 -34.70374293902909, -58.46111297621444 -34.70388950096003, -58.46109125395853 -34.703980938908515, -58.46115005261947 -34.70413012882816, -58.46126659579522 -34.70423513178929)",descartado,0.0,,,,,
29517,27 DE FEBRERO AV.,27 DE FEBRERO,Villa Soldati,8.0,AVENIDA,227.7946104603414,"LINESTRING (-58.43104613794393 -34.669008852902934, -58.43108953925695 -34.669059844948585, -58.432104610764924 -34.670279951361, -58.432342894607174 -34.6705739061279, -58.432475086814776 -34.67068626540725)",descartado,0.0,,,,,
29520,27 DE FEBRERO AV.,27 DE FEBRERO,Villa Soldati,8.0,AVENIDA,359.1610442544376,"LINESTRING (-58.432475086814776 -34.67068626540725, -58.43379958341885 -34.67230245329354, -58.434704755617766 -34.673348308912274)",descartado,0.0,,,,,
29521,27 DE FEBRERO AV.,27 DE FEBRERO,Villa Soldati,8.0,AVENIDA,91.29353654800663,"LINESTRING (-58.434704755617766 -34.673348308912274, -58.4352764505459 -34.67402220120304)",descartado,0.0,,,,,
29522,27 DE FEBRERO AV.,27 DE FEBRERO,Villa Soldati,8.0,AVENIDA,247.4262661819009,"LINESTRING (-58.4352764505459 -34.67402220120304, -58.435424781076215 -34.67423171559974, -58.436801488920985 -34.67586173292359)",descartado,0.0,,,,,
29523,27 DE FEBRERO AV.,27 DE FEBRERO,Villa Riachuelo,8.0,AVENIDA,2602.635716022558,"LINESTRING (-58.444329502374266 -34.684773463318145, -58.44652462862406 -34.68740890658799, -58.4470723465979 -34.68805077390521, -58.44943572484168 -34.690820259721754, -58.44997428608849 -34.69146804009907, -58.45248292755858 -34.69448526374589, -58.4527705335048 -34.69481960050934, -58.4546045800081 -34.696951567103255, -58.45562527504882 -34.698171098625714, -58.45715601740345 -34.699999953681235, -58.4587128641612 -34.70180281408599, -58.458969829385566 -34.702090741379706, -58.45973566174164 -34.70294883473263, -58.46041900735576 -34.70371448491671, -58.46069288133589 -34.70394243068278)",descartado,0.0,,,,,
29524,"PAZ, GRAL. AV.",GRAL. AV. PAZ,Villa Riachuelo,8.0,AVENIDA,146.1971437514674,"LINESTRING (-58.48333929555041 -34.68871740213845, -58.48306392894177 -34.688944949756085, -58.48278156187368 -34.68917828021568, -58.4824708345814 -34.6894700505801, -58.482246305813426 -34.68967658807387)",descartado,0.0,,,,,
29525,"PAZ, GRAL. AV.",GRAL. AV. PAZ,Villa Riachuelo,8.0,AVENIDA,148.0670075302032,"LINESTRING (-58.482246305813426 -34.68967658807387, -58.48193279810677 -34.68990763906433, -58.48107277244421 -34.69059377535421)",descartado,0.0,,,,,
29526,"PAZ, GRAL. AV.",GRAL. AV. PAZ,Villa Riachuelo,8.0,AVENIDA,158.5388574554816,"LINESTRING (-58.48107277244421 -34.69059377535421, -58.48046268406823 -34.69102086763681, -58.47976785845263 -34.69153196925885)",descartado,0.0,,,,,
29529,27 DE FEBRERO AV.,27 DE FEBRERO,Villa Riachuelo,8.0,AVENIDA,62.44311839538608,"LINESTRING (-58.46069288133589 -34.70394243068278, -58.460916962259084 -34.70409074913196, -58.461091778235975 -34.70418700330663, -58.46126659579522 -34.70423513178929)",descartado,0.0,,,,,
29530,"PAZ, GRAL. AV.",GRAL. AV. PAZ,Villa Riachuelo,8.0,AVENIDA,165.7828521456887,"LINESTRING (-58.48333929555041 -34.68871740213845, -58.48305542866027 -34.68883644986986, -58.482767331897385 -34.68899049802101, -58.482547028654416 -34.6891375347191, -58.48215118438072 -34.689401730216446, -58.48185679449328 -34.689566273041265)",descartado,0.0,,,,,
29531,"PAZ, GRAL. AV.",GRAL. AV. PAZ,Villa Riachuelo,8.0,AVENIDA,71.62617889741226,"LINESTRING (-58.46334164175443 -34.70289244882637, -58.4627638377878 -34.70332735363449)",descartado,0.0,,,,,
29532,"PAZ, GRAL. AV.",GRAL. AV. PAZ,Villa Riachuelo,8.0,AVENIDA,278.1628513855514,"LINESTRING (-58.483098387122304 -34.68803090425981, -58.48289003832331 -34.68825196972108, -58.482542066370215 -34.68853957659525, -58.48189022008377 -34.688990634962984, -58.48136911603174 -34.68935121751836, -58.48083190728105 -34.689687382146346)",descartado,0.0,,,,,
29533,27 DE FEBRERO AV.,27 DE FEBRERO,Villa Soldati,8.0,AVENIDA,143.8106541446479,"LINESTRING (-58.42500823954909 -34.662539236082246, -58.42613035064537 -34.66344522271552)",descartado,0.0,,,,,
29534,27 DE FEBRERO AV.,27 DE FEBRERO,Villa Soldati,8.0,AVENIDA,314.0753663837491,"LINESTRING (-58.42613035064537 -34.66344522271552, -58.42698777626279 -34.66425924390835, -58.42747998852722 -34.66477564758306, -58.42821730919876 -34.66568510331934)",descartado,0.0,,,,,
29535,27 DE FEBRERO AV.,27 DE FEBRERO,Villa Soldati,8.0,AVENIDA,15.31151959485867,"LINESTRING (-58.42832685456552 -34.66558090595026, -58.42821730919876 -34.66568510331934)",descartado,0.0,,,,,
29536,27 DE FEBRERO AV.,27 DE FEBRERO,Nueva Pompeya,4.0,AVENIDA,511.2809704861845,"LINESTRING (-58.42026676205804 -34.66015599733589, -58.42087403874525 -34.66037220768426, -58.42147738437963 -34.6605870143355, -58.42200159398531 -34.660827602218845, -58.42264564925507 -34.66112318870001, -58.423303797622566 -34.6614755468183, -58.42391361807375 -34.661802025387026, -58.424494796891935 -34.66219344322449, -58.42500823954909 -34.662539236082246)",descartado,0.0,,,,,
29537,"PAZ, GRAL. AV.",GRAL. AV. PAZ,Villa Lugano,8.0,AVENIDA,113.2828862459617,"LINESTRING (-58.48444376909249 -34.688266099193775, -58.48418666554781 -34.68840575622319, -58.483754503002785 -34.68854583115773, -58.48333929555041 -34.68871740213845)",descartado,0.0,,,,,
29538,"PAZ, GRAL. AV.",GRAL. AV. PAZ,,,AVENIDA,344.7543801516442,"LINESTRING (-58.48573201837309 -34.68858069001537, -58.48529265446849 -34.688682064907425, -58.48461323961212 -34.688838823398186, -58.48416137038664 -34.688916766528074, -58.48382664912961 -34.68900432437924, -58.48342665262374 -34.68910895576669, -58.48277589821654 -34.68938250120145, -58.482246305813426 -34.68967658807387)",descartado,0.0,,,,,
29539,"PAZ, GRAL. AV.",GRAL. AV. PAZ,Villa Lugano,8.0,AVENIDA,173.0825393709235,"LINESTRING (-58.48610240503861 -34.68546794898413, -58.485966755798415 -34.68560392790433, -58.48591895101225 -34.685685914549545, -58.48581195267557 -34.68586941925571, -58.48577073335934 -34.68598344558016, -58.48566065058147 -34.686287969510474, -58.48560136191057 -34.68640348176685, -58.485542072139 -34.6865154939503, -58.485423462322586 -34.68662751688474, -58.48522788320203 -34.686826034260115)",descartado,0.0,,,,,
29540,27 DE FEBRERO AV.,27 DE FEBRERO,Villa Riachuelo,8.0,AVENIDA,165.9030021286917,"LINESTRING (-58.46126659579522 -34.70423513178929, -58.461554979633135 -34.70433830456018, -58.461722179547735 -34.70448451581429, -58.46190229381796 -34.70464201944445, -58.46202943247059 -34.70483452258, -58.462140678084694 -34.705088275978135, -58.46220954561325 -34.70518015244004, -58.462326092010194 -34.70525015405578, -58.462449526216886 -34.705249717475894)",descartado,0.0,,,,,
29541,27 DE FEBRERO AV.,27 DE FEBRERO,Villa Riachuelo,8.0,AVENIDA,127.7190581548431,"LINESTRING (-58.46152044637827 -34.704186229104224, -58.46171158752864 -34.70432263920158, -58.4618251013087 -34.704403649271086, -58.46198459023391 -34.70451746944467, -58.46206651792436 -34.704672646495304, -58.46212477382832 -34.70478298705891, -58.46217445443311 -34.704873570410676, -58.462230057777056 -34.70497495251702, -58.46235417129467 -34.705076465215996)",descartado,0.0,,,,,
29542,27 DE FEBRERO AV.,27 DE FEBRERO,,,AVENIDA,17.20920833439338,"LINESTRING (-58.44443593194586 -34.68461726896606, -58.44451316183508 -34.68475866886105)",descartado,0.0,,,,,
29543,27 DE FEBRERO AV.,27 DE FEBRERO,Villa Soldati,8.0,AVENIDA,293.7735993132448,"LINESTRING (-58.44034804515644 -34.6798420908321, -58.441406905034576 -34.6811241773214, -58.44216931097815 -34.682021198405565)",descartado,0.0,,,,,
29544,27 DE FEBRERO AV.,27 DE FEBRERO,Villa Soldati,8.0,AVENIDA,104.4777299446837,"LINESTRING (-58.43539995617077 -34.67291311911077, -58.43512855696234 -34.67288902604866, -58.4350120579816 -34.67288024894587, -58.43489025302684 -34.67290209593237, -58.434784321151014 -34.67296332207271, -58.43470485785837 -34.673050804705916, -58.434679741619725 -34.673175678379984, -58.43468890650936 -34.67323892863991, -58.434704755617766 -34.673348308912274)",descartado,0.0,,,,,
29545,27 DE FEBRERO AV.,27 DE FEBRERO,Villa Soldati,8.0,AVENIDA,91.31828845896321,"LINESTRING (-58.43605902365656 -34.67390260793317, -58.43599666144323 -34.674000489332485, -58.43595012156811 -34.67407353640911, -58.43584833661138 -34.6741448330537, -58.43573711837507 -34.67417543338807, -58.43557825253053 -34.674166647241, -58.43543528531377 -34.67412286402976, -58.4352764505459 -34.67402220120304)",descartado,0.0,,,,,
29546,27 DE FEBRERO AV.,27 DE FEBRERO,Villa Soldati,8.0,AVENIDA,128.4874964634355,"LINESTRING (-58.43539995617077 -34.67291311911077, -58.435636852043935 -34.67312102075825, -58.435859184690386 -34.673366074491284, -58.43598091681165 -34.67356735468628, -58.43605902365656 -34.67390260793317)",descartado,0.0,,,,,
29548,27 DE FEBRERO AV.,27 DE FEBRERO,Villa Soldati,8.0,AVENIDA,52.61031254152903,"LINESTRING (-58.43284809144781 -34.67051543679894, -58.43283109374278 -34.67069656680536, -58.43286810877053 -34.67084095316106, -58.4328839422378 -34.67098533421914)",descartado,0.0,,,,,
29549,27 DE FEBRERO AV.,27 DE FEBRERO,Villa Soldati,8.0,AVENIDA,66.58575375595446,"LINESTRING (-58.43215879849078 -34.67010576325613, -58.432343031573325 -34.6701984588905, -58.43250318589106 -34.670238505343185, -58.43271549672299 -34.67025548364924, -58.432844010438174 -34.6702385892883)",descartado,0.0,,,,,
29550,"PAZ, GRAL. AV.",GRAL. AV. PAZ,Villa Riachuelo,8.0,AVENIDA,52.75241513021365,"LINESTRING (-58.46136249193716 -34.70377794165569, -58.4613073953012 -34.703882941733944, -58.461315869575465 -34.70395644254786, -58.46135824804052 -34.70402994390529, -58.46145995839818 -34.70412794638188, -58.46152044637827 -34.704186229104224)",descartado,0.0,,,,,
29551,"PAZ, GRAL. AV.",GRAL. AV. PAZ,Villa Riachuelo,8.0,AVENIDA,71.84587855727221,"LINESTRING (-58.46136249193716 -34.70377794165569, -58.46127772979601 -34.703858441019825, -58.461189218307496 -34.70394250094217, -58.46109125395853 -34.703980938908515, -58.46091325653764 -34.7040019357449, -58.46069288133589 -34.70394243068278)",descartado,0.0,,,,,
29552,"PAZ, GRAL. AV.",GRAL. AV. PAZ,Villa Riachuelo,8.0,AVENIDA,181.4771558344066,"LINESTRING (-58.4627638377878 -34.70332735363449, -58.46277375254329 -34.70321445070321, -58.46277934665179 -34.7031507484162, -58.462735611480305 -34.703102449488874, -58.46265085228738 -34.7030639487076, -58.46254490309664 -34.70304994796644, -58.462438953542744 -34.703074447492526, -58.462205863263016 -34.70320744686227, -58.46204246917611 -34.70330067764429, -58.46158711024368 -34.703592443307734, -58.461442196021174 -34.703685294532846, -58.46136249193716 -34.70377794165569)",descartado,0.0,,,,,
29553,"PAZ, GRAL. AV.",GRAL. AV. PAZ,Villa Lugano,8.0,AVENIDA,182.8059380864033,"LINESTRING (-58.48522788320203 -34.686826034260115, -58.484906621916274 -34.68697411375855, -58.48474485285034 -34.68704835814721, -58.484482941451084 -34.68711068976173, -58.484203305651974 -34.68717723883517, -58.48401264030413 -34.68720527172005, -58.48383469237389 -34.687257802456735, -58.48365251732795 -34.68735233413927, -58.48346290107739 -34.68752315493434)",descartado,0.0,,,,,
29554,"PAZ, GRAL. AV.",GRAL. AV. PAZ,Villa Lugano,8.0,AVENIDA,414.6736251053568,"LINESTRING (-58.49114172839516 -34.68188785044212, -58.49091331289317 -34.682181341762885, -58.490738074593274 -34.682385902622016, -58.49062292613939 -34.682474374187414, -58.49033802115224 -34.68269327285074, -58.49017988555559 -34.682814771061935, -58.48989249109433 -34.68303557957073, -58.489290988342994 -34.6834977151221, -58.488885946288434 -34.68377450587151, -58.48843107698143 -34.68414190348873, -58.488244693769495 -34.68429244364338, -58.488117626120086 -34.684435971359825, -58.488037140381174 -34.68449548845727, -58.48796473992708 -34.684517513788265)",descartado,0.0,,,,,
29555,"PAZ, GRAL. AV.",GRAL. AV. PAZ,Villa Lugano,8.0,AVENIDA,116.1733969875994,"LINESTRING (-58.49012679122747 -34.68391553145448, -58.48988293657017 -34.68383835615201, -58.489568849360126 -34.683754032950965, -58.48905798886833 -34.68362599239676, -58.48892175960356 -34.683591639509416)",descartado,0.0,,,,,
29556,"PAZ, GRAL. AV.",GRAL. AV. PAZ,Villa Lugano,8.0,AVENIDA,229.8331154736504,"LINESTRING (-58.49202670926625 -34.682574120488724, -58.49159146221251 -34.6828986953435, -58.49125785066823 -34.683147475222796, -58.490998025456655 -34.68334122969202, -58.49072731019201 -34.683458899900145, -58.49040961592557 -34.68370047399532, -58.49012679122747 -34.68391553145448)",descartado,0.0,,,,,
29557,"PAZ, GRAL. AV.",GRAL. AV. PAZ,Villa Riachuelo,8.0,AVENIDA,133.6272049918793,"LINESTRING (-58.4627638377878 -34.70332735363449, -58.46241174126579 -34.703598587190875, -58.462201617974834 -34.703760451947346, -58.461697287503526 -34.70414894992677)",descartado,0.0,,,,,
29558,"PAZ, GRAL. AV.",GRAL. AV. PAZ,Villa Lugano,8.0,AVENIDA,177.3032152036927,"LINESTRING (-58.49012679122747 -34.68391553145448, -58.49008980094608 -34.68394365841389, -58.489702199352124 -34.684204635558004, -58.489304017700725 -34.684516225016786, -58.48904984701126 -34.684680781009234, -58.48887617376576 -34.68482781938727, -58.48869256070691 -34.68498490039361)",descartado,0.0,,,,,
29559,"PAZ, GRAL. AV.",GRAL. AV. PAZ,,,AVENIDA,156.7628748361954,"LINESTRING (-58.48771153453249 -34.686693580889255, -58.48762683579694 -34.68684409962868, -58.48756756478127 -34.68701211345463, -58.48747439825913 -34.68718713405824, -58.48739235481761 -34.68734125841162, -58.48730737486257 -34.687500898547164, -58.48717793853695 -34.68768069836283, -58.4869535451693 -34.68795245441811)",descartado,0.0,,,,,
29560,"PAZ, GRAL. AV.",GRAL. AV. PAZ,,,AVENIDA,212.4815114750154,"LINESTRING (-58.48869256070691 -34.68498490039361, -58.48846953204347 -34.685205908679045, -58.48823657547946 -34.68547895990014, -58.488084121052566 -34.685748494278606, -58.48799447739557 -34.68590698038605, -58.48788933910008 -34.686168538822805, -58.48781882419239 -34.68634396173707, -58.48771153453249 -34.686693580889255)",descartado,0.0,,,,,
29561,"PAZ, GRAL. AV.",GRAL. AV. PAZ,Villa Lugano,8.0,AVENIDA,412.7004327423638,"LINESTRING (-58.49202670926625 -34.682574120488724, -58.491697334442506 -34.68274816882256, -58.49143468105938 -34.68285673110277, -58.4911295457125 -34.6829828513451, -58.49088337008365 -34.683084601190934, -58.49057048481128 -34.683283932892905, -58.49034174791825 -34.68346598613758, -58.4899520338402 -34.68373907539037, -58.48960883945189 -34.68397956378913, -58.48938865174832 -34.68417670272553, -58.48922185972125 -34.68432603443734, -58.489058267967984 -34.6845092771124, -58.488770264843716 -34.68488384225397, -58.48869256070691 -34.68498490039361)",descartado,0.0,,,,,
29562,"PAZ, GRAL. AV.",GRAL. AV. PAZ,Villa Lugano,8.0,AVENIDA,195.5004141340529,"LINESTRING (-58.49359074554488 -34.681375695500215, -58.49301045355199 -34.6818203440281, -58.49232883644218 -34.682342623252396, -58.49202670926625 -34.682574120488724)",descartado,0.0,,,,,
29563,"PAZ, GRAL. AV.",GRAL. AV. PAZ,Villa Lugano,8.0,AVENIDA,270.0996425189145,"LINESTRING (-58.49683458836326 -34.67892743584357, -58.49620952540304 -34.6793985593824, -58.49569592849789 -34.67978566211563, -58.49467226548141 -34.68058167828077)",descartado,0.0,,,,,
29566,"PAZ, GRAL. AV.",GRAL. AV. PAZ,Villa Lugano,8.0,AVENIDA,146.2434418165441,"LINESTRING (-58.50013023352803 -34.67642119381493, -58.49970251323309 -34.676732962079114, -58.49938488438312 -34.677006060228074, -58.49896559166213 -34.6773211878934)",descartado,0.0,,,,,
29567,"PAZ, GRAL. AV.",GRAL. AV. PAZ,Mataderos,9.0,AVENIDA,521.2384601978039,"LINESTRING (-58.50877521821595 -34.66977709920209, -58.50846028127466 -34.67005478289009, -58.507503205754304 -34.670745298761034, -58.506046490723854 -34.67187633462048, -58.50495375864523 -34.672724731815734, -58.50461019457534 -34.67297390612361)",descartado,0.0,,,,,
29568,"PAZ, GRAL. AV.",GRAL. AV. PAZ,Mataderos,9.0,AVENIDA,283.5290434473397,"LINESTRING (-58.51685780399341 -34.66264054437032, -58.516698451804935 -34.662703961581116, -58.5163945389806 -34.66298563301192, -58.51604316309536 -34.66331129065835, -58.515776426481224 -34.66351440895132, -58.514946498279244 -34.66402927140786, -58.51450676252411 -34.66427519978177)",descartado,0.0,,,,,
29569,"PAZ, GRAL. AV.",GRAL. AV. PAZ,Mataderos,9.0,AVENIDA,413.0720253862946,"LINESTRING (-58.51209673028779 -34.66726177608644, -58.51174189440393 -34.66752714051836, -58.51123667033742 -34.66790496820978, -58.509730588889965 -34.66908894645816, -58.509215339337295 -34.669473506887655, -58.50877521821595 -34.66977709920209)",descartado,0.0,,,,,
29570,"PAZ, GRAL. AV.",GRAL. AV. PAZ,Mataderos,9.0,AVENIDA,190.439952392339,"LINESTRING (-58.5205325617785 -34.659695990624435, -58.52026717924803 -34.65997330466379, -58.51999584488414 -34.66021816958388, -58.51959527529736 -34.660579658709274, -58.5192693158501 -34.66087381352549, -58.51914499036396 -34.66097204443603)",descartado,0.0,,,,,
29571,"PAZ, GRAL. AV.",GRAL. AV. PAZ,Mataderos,9.0,AVENIDA,416.5913525837013,"LINESTRING (-58.52173071819262 -34.659974639234015, -58.5216797056901 -34.66001376741224, -58.51956207721355 -34.661598190421685, -58.5186331373785 -34.66229319833167, -58.518399307018996 -34.662524884133504)",descartado,0.0,,,,,
29572,"PAZ, GRAL. AV.",GRAL. AV. PAZ,Liniers,9.0,AVENIDA,151.3820446468765,"LINESTRING (-58.52694957044201 -34.6544939444372, -58.5264912408588 -34.65509168871435, -58.52627966041866 -34.655350802588494, -58.525969587251666 -34.655580867303236)",descartado,0.0,,,,,
29573,"PAZ, GRAL. AV.",GRAL. AV. PAZ,,,AVENIDA,363.7390801495422,"LINESTRING (-58.52874486148063 -34.65472239926809, -58.52848603973448 -34.654919135679364, -58.52802746703818 -34.65526770377564, -58.52746161344853 -34.65565819159051, -58.526843574907886 -34.65612052304942, -58.52653801848809 -34.656349095285776, -58.525766059083296 -34.65688731930123)",descartado,0.0,,,,,
29574,"PAZ, GRAL. AV.",GRAL. AV. PAZ,Liniers,9.0,AVENIDA,64.12068182640364,"LINESTRING (-58.5292606764865 -34.65433420910376, -58.52911254228943 -34.654470791485814, -58.52893050979569 -34.654589891636256, -58.52874486148063 -34.65472239926809)",descartado,0.0,,,,,
29575,"PAZ, GRAL. AV.",GRAL. AV. PAZ,Liniers,9.0,AVENIDA,53.70227450866022,"LINESTRING (-58.52893448871635 -34.65426438391934, -58.52883302990996 -34.65450944268831, -58.52878514046289 -34.65462511204523, -58.52874486148063 -34.65472239926809)",descartado,0.0,,,,,
29576,"PAZ, GRAL. AV.",GRAL. AV. PAZ,Villa Riachuelo,8.0,AVENIDA,120.1465829099488,"LINESTRING (-58.461849840207215 -34.70508346032068, -58.46081149185469 -34.70574494945685)",descartado,0.0,,,,,
29577,"PAZ, GRAL. AV.",GRAL. AV. PAZ,Villa Riachuelo,8.0,AVENIDA,178.4666462640659,"LINESTRING (-58.4634158078529 -34.70413321026756, -58.4632695958715 -34.70424696135937, -58.4630739826627 -34.70439914522325, -58.462828838768566 -34.704540963131876, -58.4626590361154 -34.70463919489214, -58.461849840207215 -34.70508346032068)",descartado,0.0,,,,,
29578,"PAZ, GRAL. AV.",GRAL. AV. PAZ,Villa Riachuelo,8.0,AVENIDA,221.4293086461171,"LINESTRING (-58.4634158078529 -34.70413321026756, -58.46357049573894 -34.704099959717816, -58.46367644637756 -34.704099959436554, -58.4637612071021 -34.704138459497884, -58.4638163017641 -34.70418745972537, -58.463829437616226 -34.70427776481563, -58.46379511248979 -34.704334461156336, -58.46375273249611 -34.70440446195943, -58.46313041490037 -34.704781035682736, -58.46286697904905 -34.70495396701346, -58.46270169357333 -34.70506246729188, -58.4626042175053 -34.705104467152324, -58.46246012275372 -34.70511846637026, -58.46235417129467 -34.705076465215996)",descartado,0.0,,,,,
29581,"PAZ, GRAL. AV.",GRAL. AV. PAZ,Liniers,9.0,AVENIDA,56.77944890709315,"LINESTRING (-58.529148010233726 -34.65378394253847, -58.52893448871635 -34.65426438391934)",descartado,0.0,,,,,
29582,"PAZ, GRAL. AV.",GRAL. AV. PAZ,Liniers,9.0,AVENIDA,60.19267075536973,"LINESTRING (-58.529148010233726 -34.65378394253847, -58.52915883652288 -34.654096260067476, -58.52916162855628 -34.65417680444569, -58.529179440756366 -34.65420726760079, -58.529239522631215 -34.65423351112822, -58.529311419102044 -34.65422917984315)",descartado,0.0,,,,,
29583,"PAZ, GRAL. AV.",GRAL. AV. PAZ,Liniers,9.0,AVENIDA,403.9374890751045,"LINESTRING (-58.52932872966011 -34.65014993837083, -58.52933368064403 -34.65028313441295, -58.5293720464258 -34.65056808308659, -58.52927572990627 -34.651950659635446, -58.52923577060638 -34.65252424242227, -58.529148010233726 -34.65378394253847)",descartado,0.0,,,,,
29584,"PAZ, GRAL. AV.",GRAL. AV. PAZ,Villa Riachuelo,8.0,AVENIDA,173.2031623417202,"LINESTRING (-58.461697287503526 -34.70414894992677, -58.46020546592625 -34.705107929876455)",descartado,0.0,,,,,
29585,"PAZ, GRAL. AV.",GRAL. AV. PAZ,,,AVENIDA,406.5221575077042,"LINESTRING (-58.52958599971967 -34.64649506453289, -58.529569669548536 -34.646756172846914, -58.52948520359333 -34.64810669994498, -58.529440110493674 -34.64882767617823, -58.52943897170409 -34.649511027939745, -58.52932872966011 -34.65014993837083)",descartado,0.0,,,,,
29586,"PAZ, GRAL. AV.",GRAL. AV. PAZ,Liniers,9.0,AVENIDA,47.09549656133693,"LINESTRING (-58.52994614797271 -34.64013466963831, -58.529942190033296 -34.64055918340246)",descartado,0.0,,,,,
29587,"PAZ, GRAL. AV.",GRAL. AV. PAZ,Liniers,9.0,AVENIDA,113.4091202687639,"LINESTRING (-58.529786615900235 -34.63934314802671, -58.529748620613795 -34.63949017161528, -58.52973606992271 -34.63968268222022, -58.52968127761979 -34.64000821841231, -58.52957993371037 -34.64034854948277)",descartado,0.0,,,,,
29588,"PAZ, GRAL. AV.",GRAL. AV. PAZ,Villa Riachuelo,8.0,AVENIDA,823.4877543541279,"LINESTRING (-58.47046168876594 -34.698590263252655, -58.47039960734972 -34.698637950703976, -58.46913258827395 -34.69959702750637, -58.46781747228548 -34.70059247402453, -58.466358142085355 -34.701697035434655, -58.464724440763675 -34.70293352187862, -58.46457322510319 -34.703047968284956, -58.46444468623876 -34.70314525153606, -58.46427399870937 -34.70330894882603, -58.4641848159221 -34.70339447891909, -58.46406210166334 -34.70355045257498, -58.46396250987933 -34.703695704499495)",descartado,0.0,,,,,
29589,"PAZ, GRAL. AV.",GRAL. AV. PAZ,Liniers,9.0,AVENIDA,205.5952327074944,"LINESTRING (-58.52994605718532 -34.637495024481986, -58.52981158277138 -34.63879012354357, -58.529786615900235 -34.63934314802671)",descartado,0.0,,,,,
29590,"PAZ, GRAL. AV.",GRAL. AV. PAZ,Liniers,9.0,AVENIDA,98.96853180458895,"LINESTRING (-58.529463550951746 -34.63779979325208, -58.529434186241524 -34.63814981612241, -58.52938392034855 -34.63868947447452)",descartado,0.0,,,,,
29591,"PAZ, GRAL. AV.",GRAL. AV. PAZ,Liniers,9.0,ENLACE AUTOPISTA,77.2940162507326,"LINESTRING (-58.52757307426876 -34.63508023826673, -58.52828023454824 -34.63509386329088, -58.528415484082025 -34.63510180309224)",descartado,0.0,,,,,
29592,"PAZ, GRAL. AV.",GRAL. AV. PAZ,Liniers,9.0,ENLACE AUTOPISTA,342.9359588688248,"LINESTRING (-58.528415484082025 -34.63510180309224, -58.52871198498674 -34.635210146637306, -58.52888542670489 -34.635291247910374, -58.529001836544296 -34.63538113844082, -58.52913967687929 -34.635487576992226, -58.52927231432037 -34.63563805417278, -58.52934336339338 -34.635759317510185, -58.529389565779496 -34.635866793659844, -58.52940712313761 -34.636063789112214, -58.529429563373625 -34.63631556959957, -58.52942027676447 -34.63663079338269, -58.529406353591746 -34.63710339586754, -58.52942934319123 -34.637383303515854, -58.529463550951746 -34.63779979325208)",descartado,0.0,,,,,
29593,"PAZ, GRAL. AV.",GRAL. AV. PAZ,Liniers,9.0,AVENIDA,147.6887528300585,"LINESTRING (-58.529598004138904 -34.63647319373933, -58.529505613744334 -34.63744276332276, -58.529463550951746 -34.63779979325208)",descartado,0.0,,,,,
29594,"PAZ, GRAL. AV.",GRAL. AV. PAZ,Liniers,9.0,AVENIDA,201.4359363892833,"LINESTRING (-58.52984406348528 -34.634674276460494, -58.529778792572266 -34.634845562425156, -58.529736810381145 -34.63530059454423, -58.529681965166326 -34.63555612958295, -58.529652479512926 -34.63575214959078, -58.52963166344332 -34.63620016994842, -58.529598004138904 -34.63647319373933)",descartado,0.0,,,,,
29595,"PAZ, GRAL. AV.",GRAL. AV. PAZ,Liniers,9.0,AVENIDA,503.3693729251381,"LINESTRING (-58.53242492356809 -34.634326080856646, -58.53171328486333 -34.63435420216407, -58.531531481771985 -34.63436508473332, -58.531137735686336 -34.63438865308053, -58.53094296396987 -34.634384615665944, -58.53069442365192 -34.63437946323207, -58.530589579648634 -34.63437728958235, -58.53038816566409 -34.63435521876563, -58.53019335183923 -34.634320325053444, -58.52995621308727 -34.63430995466904, -58.52978261098423 -34.63432404970767, -58.529562496433044 -34.634422171493796, -58.529435545496426 -34.63452724254218, -58.529328522601205 -34.634709484423134, -58.529318754323896 -34.63481894854644, -58.52933432303418 -34.63505581106505, -58.52938222471381 -34.635209691664144, -58.52943540093133 -34.63538051563147, -58.5294999052557 -34.63558772917501, -58.529540244193164 -34.635717313338944, -58.52956133653666 -34.63599334169178, -58.52958088762838 -34.6362491985393, -58.529598004138904 -34.63647319373933)",descartado,0.0,,,,,
29596,27 DE FEBRERO AV.,27 DE FEBRERO,Nueva Pompeya,4.0,AVENIDA,213.5418756495249,"LINESTRING (-58.418078888095636 -34.65949618871919, -58.41922236980885 -34.65982036277038, -58.42026676205804 -34.66015599733589)",descartado,0.0,,,,,
29597,"PAZ, GRAL. AV.",GRAL. AV. PAZ,Liniers,9.0,AVENIDA,163.8961465987272,"LINESTRING (-58.53002261876507 -34.63478938802718, -58.530092521317435 -34.63531440054567, -58.53008430474954 -34.63562941142285, -58.530076544370516 -34.63592693057219, -58.530060495384426 -34.636263201751234)",descartado,0.0,,,,,
29598,"PAZ, GRAL. AV.",GRAL. AV. PAZ,Liniers,9.0,AVENIDA,137.1008743856898,"LINESTRING (-58.530060495384426 -34.636263201751234, -58.530008884499104 -34.636630472856616, -58.52994605718532 -34.637495024481986)",descartado,0.0,,,,,
29599,"PAZ, GRAL. AV.",GRAL. AV. PAZ,Liniers,9.0,AVENIDA,160.3182115857928,"LINESTRING (-58.530198991326905 -34.63607035747053, -58.53015254034998 -34.636231386182466, -58.530114659385234 -34.63651841270857, -58.53008429603275 -34.63674847636218, -58.530055237878926 -34.6369686493054, -58.52999923528234 -34.63739297635004, -58.52994605718532 -34.637495024481986)",descartado,0.0,,,,,
29600,"PAZ, GRAL. AV.",GRAL. AV. PAZ,Liniers,9.0,AVENIDA,446.202136787974,"LINESTRING (-58.53055859832908 -34.635660651426626, -58.53049099529701 -34.63584619243507, -58.530372613901015 -34.63607726225295, -58.53026764791448 -34.63628214522708, -58.53023737791683 -34.636413343309464, -58.53020373456465 -34.63670386759884, -58.530124099806144 -34.637729431725006, -58.53009988617618 -34.638041258280545, -58.530075579359064 -34.63835428257046, -58.530053198057 -34.63864250791467, -58.530036024555955 -34.63879350100433, -58.52996410750623 -34.638884542128196, -58.529663457563565 -34.63890220644086, -58.52943922473808 -34.63891538047366, -58.52923997336271 -34.63888493579854, -58.52909134101499 -34.638867266056764)",descartado,0.0,,,,,
29602,"PAZ, GRAL. AV.",GRAL. AV. PAZ,Villa Devoto,11.0,AVENIDA,342.7597223548416,"LINESTRING (-58.524664486774014 -34.60325478473333, -58.52490962902464 -34.60325493038885, -58.52552586748683 -34.60328935856353, -58.5256616604993 -34.603296944661395, -58.525740654537046 -34.60335101041675, -58.525801400044934 -34.60342818128937, -58.526488757980864 -34.60490624486257, -58.52672719700528 -34.60536933285218)",descartado,0.0,,,,,
29603,"PAZ, GRAL. AV.",GRAL. AV. PAZ,Villa Devoto,11.0,AVENIDA,542.3802250773552,"LINESTRING (-58.52459509045674 -34.60085410686981, -58.52459990891244 -34.60105868976358, -58.52471225147266 -34.601475524081025, -58.52482259947674 -34.60188495362854, -58.52494151692869 -34.60218566682176, -58.525043214031705 -34.602442832131054, -58.52511457683022 -34.602623288931916, -58.52532961322032 -34.6030385520668, -58.5255225631754 -34.60341115956157, -58.52574107057815 -34.60390686439368, -58.52585790577488 -34.60407664887283, -58.526540297325994 -34.60515326440842, -58.52672719700528 -34.60536933285218)",descartado,0.0,,,,,
29604,"PAZ, GRAL. AV.",GRAL. AV. PAZ,Versalles,10.0,AVENIDA,462.0824291444935,"LINESTRING (-58.53024497501524 -34.633260317772965, -58.53022651920731 -34.633438288769526, -58.53024777007015 -34.63353627912296, -58.53027884617803 -34.63367957446907, -58.53038355643614 -34.6338897117734, -58.53057010952132 -34.634183615044876, -58.53069442365192 -34.63437946323207, -58.53070237488311 -34.634391989802836, -58.530790638971304 -34.63460000171807, -58.530818904576485 -34.63477228598372, -58.530795196652704 -34.63499900731661, -58.53071487131654 -34.63516005501146, -58.53053294539792 -34.63535615940826, -58.53036787787455 -34.635454252275125, -58.53013504620184 -34.63553838178685, -58.52991487009972 -34.63556300273799, -58.529681965166326 -34.63555612958295, -58.52945749043143 -34.63550025041869, -58.52920757007215 -34.63539538360084, -58.52897033183351 -34.63526250887275, -58.5287367261016 -34.635176422324314, -58.528415484082025 -34.63510180309224)",descartado,0.0,,,,,
29605,"PAZ, GRAL. AV.",GRAL. AV. PAZ,Versalles,10.0,AVENIDA,255.5661067780306,"LINESTRING (-58.53024497501524 -34.633260317772965, -58.53034937951011 -34.633515222875445, -58.53045114120469 -34.63368317034423, -58.53061643132006 -34.63386508296405, -58.53077744518723 -34.63399449664456, -58.53097232386891 -34.634109891038, -58.53124765508342 -34.634221740252215, -58.53142977429965 -34.63426713958726, -58.53242492356809 -34.634326080856646)",descartado,0.0,,,,,
29606,"PAZ, GRAL. AV.",GRAL. AV. PAZ,Versalles,10.0,AVENIDA,382.6703578199283,"LINESTRING (-58.53024789085228 -34.629812227158425, -58.53029665852634 -34.63114220257424, -58.530305005900075 -34.63136984492647, -58.53028878354333 -34.63188072233314, -58.53027408376736 -34.632343645045005, -58.53024497501524 -34.633260317772965)",descartado,0.0,,,,,
29607,"PAZ, GRAL. AV.",GRAL. AV. PAZ,Versalles,10.0,AVENIDA,446.7522814684004,"LINESTRING (-58.5306366872021 -34.62914383835362, -58.53061737303934 -34.62946669846376, -58.530551294763086 -34.630571259745615, -58.53052638608714 -34.6309876244206, -58.53043500952658 -34.63251500749386, -58.53040984981658 -34.63293554884735, -58.53040039306286 -34.63309361619246, -58.53039606094462 -34.63316602629918)",descartado,0.0,,,,,
29608,"PAZ, GRAL. AV.",GRAL. AV. PAZ,Villa Real,10.0,AVENIDA,251.9587381439973,"LINESTRING (-58.530991703124805 -34.623124033640835, -58.53097628176304 -34.62334015888004, -58.53092884670495 -34.62400493838909, -58.530893116180856 -34.62520574619685, -58.53084380218674 -34.62538885884414)",descartado,0.0,,,,,
29609,"PAZ, GRAL. AV.",GRAL. AV. PAZ,Villa Real,10.0,AVENIDA,251.8919108411833,"LINESTRING (-58.53121417042269 -34.61911193116556, -58.531146707528805 -34.61945147648235, -58.530851371205834 -34.62071516916256, -58.53080928565405 -34.62102669951573, -58.53070634679447 -34.62134137128031)",descartado,0.0,,,,,
29610,"PAZ, GRAL. AV.",GRAL. AV. PAZ,Villa Real,10.0,AVENIDA,37.08895040892932,"LINESTRING (-58.53058748143455 -34.618986275552494, -58.530468974725466 -34.61903184190541, -58.530375884143226 -34.619094894572186, -58.530283216516295 -34.61919591737372)",descartado,0.0,,,,,
29611,"PAZ, GRAL. AV.",GRAL. AV. PAZ,Villa Real,10.0,AVENIDA,31.36297178953355,"LINESTRING (-58.53058748143455 -34.618986275552494, -58.53030616798922 -34.61882553280245)",descartado,0.0,,,,,
29612,"PAZ, GRAL. AV.",GRAL. AV. PAZ,Villa Real,10.0,AVENIDA,25.61956371528088,"LINESTRING (-58.530866347961954 -34.61899977810517, -58.53058748143455 -34.618986275552494)",descartado,0.0,,,,,
29613,"PAZ, GRAL. AV.",GRAL. AV. PAZ,Villa Real,10.0,AVENIDA,40.5942724482715,"LINESTRING (-58.53123932448269 -34.61880741016747, -58.53110814579581 -34.6188879850031, -58.531000197325234 -34.61895429075135, -58.530866347961954 -34.61899977810517)",descartado,0.0,,,,,
29614,"PAZ, GRAL. AV.",GRAL. AV. PAZ,Villa Real,10.0,AVENIDA,34.41774265375495,"LINESTRING (-58.53121417042269 -34.61911193116556, -58.53109134764902 -34.619055998196515, -58.530866347961954 -34.61899977810517)",descartado,0.0,,,,,
29619,"PAZ, GRAL. AV.",GRAL. AV. PAZ,Villa Real,10.0,AVENIDA,33.86107276493257,"LINESTRING (-58.53123932448269 -34.61880741016747, -58.53121417042269 -34.61911193116556)",descartado,0.0,,,,,
29620,"PAZ, GRAL. AV.",GRAL. AV. PAZ,Villa Real,10.0,AVENIDA,81.97330039660201,"LINESTRING (-58.53126835823223 -34.61806887697396, -58.53123932448269 -34.61880741016747)",descartado,0.0,,,,,
29621,"PAZ, GRAL. AV.",GRAL. AV. PAZ,Villa Real,10.0,AVENIDA,50.30507219785866,"LINESTRING (-58.531318793643116 -34.61761733841323, -58.53126835823223 -34.61806887697396)",descartado,0.0,,,,,
29622,"PAZ, GRAL. AV.",GRAL. AV. PAZ,Villa Real,10.0,AVENIDA,40.86047052992041,"LINESTRING (-58.53134812907038 -34.61724981352274, -58.531318793643116 -34.61761733841323)",descartado,0.0,,,,,
29623,"PAZ, GRAL. AV.",GRAL. AV. PAZ,Villa Real,10.0,AVENIDA,243.5947312202777,"LINESTRING (-58.530842551093485 -34.615119112769364, -58.530969733504676 -34.61527247771505, -58.53105034637243 -34.61548943808468, -58.53111595123423 -34.615666005231816, -58.53123292354223 -34.61614735200386, -58.53125323030363 -34.61623091473732, -58.53130537055465 -34.61673182530395, -58.5313206333238 -34.61687845332558, -58.53134812907038 -34.61724981352274)",descartado,0.0,,,,,
29624,"PAZ, GRAL. AV.",GRAL. AV. PAZ,Villa Devoto,11.0,AVENIDA,327.847653556827,"LINESTRING (-58.52459509045674 -34.60085410686981, -58.525156160469614 -34.602058174914156, -58.525363565289915 -34.602503260490735, -58.525418063073054 -34.60270653855269, -58.52540411293089 -34.60277988753698, -58.52532946684682 -34.60284168709273, -58.52473195309969 -34.602872870179915, -58.524629234451226 -34.60284976125836, -58.524410790277415 -34.60269934042455)",descartado,0.0,,,,,
29625,"PAZ, GRAL. AV.",GRAL. AV. PAZ,Villa Riachuelo,8.0,AVENIDA,274.291647351088,"LINESTRING (-58.47596083046106 -34.694443131295344, -58.473746714952945 -34.696107117837556)",descartado,0.0,,,,,
29626,"PAZ, GRAL. AV.",GRAL. AV. PAZ,Villa Devoto,11.0,AVENIDA,97.58420435931127,"LINESTRING (-58.52421637060196 -34.6000320950979, -58.52459509045674 -34.60085410686981)",descartado,0.0,,,,,
29628,"PAZ, GRAL. AV.",GRAL. AV. PAZ,Saavedra,12.0,AVENIDA,284.3525962077057,"LINESTRING (-58.4885361745439 -34.544894123610916, -58.488806844791426 -34.5451067878561, -58.48890154733379 -34.54518119476585, -58.48908423466958 -34.545324729927806, -58.489182868350305 -34.54543943159411, -58.48934457680016 -34.5455664828394, -58.489709955303994 -34.54585355154102, -58.48983089966633 -34.54596667461189, -58.48996167700906 -34.54602375016495, -58.49009616216822 -34.546082443703575, -58.490236556552276 -34.54614371596659, -58.49041026392229 -34.546219526653616, -58.490618761200665 -34.546310520106886, -58.49094757062068 -34.546454019674144)",descartado,0.0,,,,,
29629,"PAZ, GRAL. AV.",GRAL. AV. PAZ,Saavedra,12.0,AVENIDA,224.2446888499108,"LINESTRING (-58.489955607258686 -34.54520720556871, -58.490855968752804 -34.54560771189777, -58.49108843475422 -34.545711117662215, -58.49148617330116 -34.54585315445652, -58.491816412638926 -34.54597108518951, -58.49216439257185 -34.54605916273688)",descartado,0.0,,,,,
29630,"PAZ, GRAL. AV.",GRAL. AV. PAZ,Saavedra,12.0,AVENIDA,396.7286821068348,"LINESTRING (-58.48850785640911 -34.54453720430746, -58.48896531814814 -34.54467867374854, -58.489068146956896 -34.54471047312006, -58.489306266959304 -34.544784110291495, -58.48956808291038 -34.54482589743636, -58.48979183646481 -34.544878744638474, -58.490266743252675 -34.54499198826885, -58.49047430821962 -34.5450413312878, -58.49077819232127 -34.54514300435938, -58.49104329590913 -34.545231701485605, -58.49133532686626 -34.545362016369545, -58.49158759303354 -34.54547458585951, -58.49191988290502 -34.54564524969595, -58.49215735670719 -34.54575098487148, -58.49234002593992 -34.54582272835891, -58.49250440990817 -34.54583402391095)",descartado,0.0,,,,,
29631,"PAZ, GRAL. AV.",GRAL. AV. PAZ,Saavedra,12.0,AVENIDA,420.0230635314034,"LINESTRING (-58.48806724146914 -34.544956317636974, -58.488301992230085 -34.54508346225113, -58.48848100497737 -34.54515899052189, -58.48862713220444 -34.54520127673091, -58.48880613351005 -34.54523751069814, -58.488988785049706 -34.54526467582852, -58.489178742439876 -34.545291839137434, -58.48937966138333 -34.54532806761628, -58.489614548871856 -34.545376793217464, -58.48978516319532 -34.54543377140925, -58.489964178995265 -34.54551232010213, -58.49021261053565 -34.54562410187341, -58.49061814150109 -34.54581141313811, -58.49086657580054 -34.54592621617409, -58.49128078293478 -34.54610634459003, -58.4915019059792 -34.54620937541844, -58.49171919019439 -34.54628004293683, -58.49189728502094 -34.546325340381024, -58.492263943412965 -34.546360599318504)",descartado,0.0,,,,,
29635,"PAZ, GRAL. AV.",GRAL. AV. PAZ,Villa Devoto,11.0,AVENIDA,578.9002396896631,"LINESTRING (-58.523504372698035 -34.60071983160736, -58.5242041762202 -34.60182342078584, -58.52438296736847 -34.602106339469145, -58.52448233803938 -34.60226358243011, -58.5246484740018 -34.60252647247398, -58.52472189699875 -34.602688072997715, -58.52533560880959 -34.604038797070615, -58.52564568199895 -34.60510499108355, -58.5257555603054 -34.605562921113574)",descartado,0.0,,,,,
29636,"PAZ, GRAL. AV.",GRAL. AV. PAZ,Villa Devoto,11.0,AVENIDA,534.6165852981316,"LINESTRING (-58.52722978324676 -34.606489447680076, -58.52774257088842 -34.607632264972004, -58.5284381288349 -34.60906013093226, -58.52904802947664 -34.61031211270205, -58.52933723730061 -34.61098186079445)",descartado,0.0,,,,,
29637,"PAZ, GRAL. AV.",GRAL. AV. PAZ,Versalles,10.0,AVENIDA,128.996964713632,"LINESTRING (-58.530071250251446 -34.629906800155595, -58.53002060741708 -34.63011683230931, -58.529961568582195 -34.63041787094291, -58.52990203171077 -34.631059656103936)",descartado,0.0,,,,,
29638,"PAZ, GRAL. AV.",GRAL. AV. PAZ,Villa Real,10.0,AVENIDA,437.4703401342044,"LINESTRING (-58.52933723730061 -34.61098186079445, -58.53008077606447 -34.61255745293497, -58.531070946567375 -34.614655568553495)",descartado,0.0,,,,,
29641,"PAZ, GRAL. AV.",GRAL. AV. PAZ,Saavedra,12.0,AVENIDA,305.2790223213563,"LINESTRING (-58.48937097469681 -34.54458656263545, -58.48979183646481 -34.544878744638474, -58.49014096987222 -34.545121126783194, -58.49042664873054 -34.545279100057016, -58.49074632158438 -34.54542260222102, -58.49120337028906 -34.54562777052702, -58.49165305508391 -34.54582963052792, -58.49200715621882 -34.545988581911914, -58.49216439257185 -34.54605916273688)",descartado,0.0,,,,,
29642,"PAZ, GRAL. AV.",GRAL. AV. PAZ,Saavedra,12.0,AVENIDA,544.0196795548103,"LINESTRING (-58.48725273694098 -34.54358710646716, -58.48805642939091 -34.5438514239286, -58.488814474807384 -34.54414219340753, -58.4893815720123 -34.5443597149605, -58.490020064596436 -34.544644443227774, -58.49078594035068 -34.54498596954177, -58.4912356075479 -34.54518648569893, -58.49165110224064 -34.54537176127695, -58.491910711913114 -34.5455319042726, -58.49215367981639 -34.545681780555434, -58.49250440990817 -34.54583402391095)",descartado,0.0,,,,,
29643,"PAZ, GRAL. AV.",GRAL. AV. PAZ,,,AVENIDA,223.9259855500059,"LINESTRING (-58.48725273694098 -34.54358710646716, -58.487777904260845 -34.543855258331625, -58.48886019506635 -34.5443386530171, -58.48906901962295 -34.54443192072671, -58.48937097469681 -34.54458656263545)",descartado,0.0,,,,,
29644,"PAZ, GRAL. AV.",GRAL. AV. PAZ,Saavedra,12.0,AVENIDA,418.5375689038567,"LINESTRING (-58.476178020985074 -34.53825652468901, -58.476540118156585 -34.53849187138152, -58.47858117760482 -34.53951176232827, -58.479193055029995 -34.53985172728773, -58.480042371354365 -34.540252108933345)",descartado,0.0,,,,,
29645,"PAZ, GRAL. AV.",GRAL. AV. PAZ,Saavedra,12.0,AVENIDA,581.1992130044747,"LINESTRING (-58.487015225116316 -34.54330378378973, -58.48897883411122 -34.54408548515439, -58.49106580857621 -34.5450031439469, -58.49262309304022 -34.54573198265631)",descartado,0.0,,,,,
29646,"PAZ, GRAL. AV.",GRAL. AV. PAZ,Saavedra,12.0,AVENIDA,114.3759754234613,"LINESTRING (-58.48612481789667 -34.54314904505585, -58.48725273694098 -34.54358710646716)",descartado,0.0,,,,,
29647,"PAZ, GRAL. AV.",GRAL. AV. PAZ,Villa Real,10.0,AVENIDA,293.9140715217567,"LINESTRING (-58.531070946567375 -34.614655568553495, -58.53143558470664 -34.61547522320567, -58.53134812907038 -34.61724981352274)",descartado,0.0,,,,,
29648,"PAZ, GRAL. AV.",GRAL. AV. PAZ,Saavedra,12.0,AVENIDA,120.241678296941,"LINESTRING (-58.48612481789667 -34.54314904505585, -58.48627552798282 -34.54326992091937, -58.48637289859389 -34.54334801598174, -58.48666787451062 -34.543584596905745, -58.48696056172789 -34.5437571848438, -58.48707651540464 -34.543886086594306)",descartado,0.0,,,,,
29649,"PAZ, GRAL. AV.",GRAL. AV. PAZ,Saavedra,12.0,AVENIDA,131.9667192164314,"LINESTRING (-58.48681462403205 -34.54437684659451, -58.487084051123816 -34.54448636375671, -58.487449384408585 -34.54466009169499, -58.48767315931217 -34.54479228608966, -58.48806724146914 -34.544956317636974)",descartado,0.0,,,,,
29650,"PAZ, GRAL. AV.",GRAL. AV. PAZ,Saavedra,12.0,AVENIDA,272.0190279078214,"LINESTRING (-58.487015225116316 -34.54330378378973, -58.48709746534012 -34.543488902228184, -58.48720252833857 -34.54364756836459, -58.48724901968496 -34.543717779371704, -58.487311574342925 -34.543812248899094, -58.48749026458608 -34.54391954596169, -58.48769119867987 -34.544021518835045, -58.48788756613384 -34.54411971404217, -58.48810220038599 -34.5442254617296, -58.48834422570265 -34.54431231215689, -58.488567981677626 -34.5443802746189, -58.48885109995366 -34.54445955902267, -58.48908090420717 -34.54450526722144, -58.48937097469681 -34.54458656263545)",descartado,0.0,,,,,
29651,"PAZ, GRAL. AV.",GRAL. AV. PAZ,,,AVENIDA,29.34316482427793,"LINESTRING (-58.48671535786145 -34.54321216510026, -58.487015225116316 -34.54330378378973)",descartado,0.0,,,,,
29652,"PAZ, GRAL. AV.",GRAL. AV. PAZ,Saavedra,12.0,AVENIDA,408.6894544540597,"LINESTRING (-58.482983281447716 -34.542503510376356, -58.483363508044086 -34.542664793067374, -58.48380980474585 -34.54286986502118, -58.48450847661378 -34.54319089727261, -58.48681462403205 -34.54437684659451)",descartado,0.0,,,,,
29653,"PAZ, GRAL. AV.",GRAL. AV. PAZ,Saavedra,12.0,AVENIDA,282.9045446637774,"LINESTRING (-58.48098594380187 -34.54073130711888, -58.4836978761712 -34.541942659252655)",descartado,0.0,,,,,
29654,"PAZ, GRAL. AV.",GRAL. AV. PAZ,Saavedra,12.0,AVENIDA,270.3437275407518,"LINESTRING (-58.48347630073516 -34.542084043656814, -58.48424345457735 -34.54240884438798, -58.486021176802105 -34.543104296094505, -58.48612481789667 -34.54314904505585)",descartado,0.0,,,,,
29655,"PAZ, GRAL. AV.",GRAL. AV. PAZ,Saavedra,12.0,AVENIDA,583.4537108749192,"LINESTRING (-58.47808583855915 -34.53937854412531, -58.478832383222006 -34.53998779091314, -58.47905156762549 -34.540127558309166, -58.47937684091688 -34.54033497385136, -58.47959728723597 -34.54047554377255, -58.479832408446256 -34.54057706753349, -58.480174857053285 -34.54072493329015, -58.48057286552745 -34.54089678735262, -58.48114238220023 -34.54114269257752, -58.48190724418207 -34.541472937294316, -58.482459478261475 -34.54171137097804, -58.482785464457514 -34.54185211761084, -58.48347630073516 -34.542084043656814)",descartado,0.0,,,,,
29656,"PAZ, GRAL. AV.",GRAL. AV. PAZ,Saavedra,12.0,AVENIDA,277.4238572253488,"LINESTRING (-58.48098594380187 -34.54073130711888, -58.48115198841566 -34.54084135964571, -58.48123419784005 -34.5409546952632, -58.481332917704194 -34.54109079203328, -58.48160865593719 -34.54122289582313, -58.48237579721411 -34.54155904310313, -58.48294394441655 -34.541807989957356, -58.48347630073516 -34.542084043656814)",descartado,0.0,,,,,
29657,"PAZ, GRAL. AV.",GRAL. AV. PAZ,Saavedra,12.0,AVENIDA,262.4234223587606,"LINESTRING (-58.48030642300127 -34.541739978647904, -58.48077779409466 -34.54181998186531, -58.48114308812073 -34.54192572017124, -58.4813348607644 -34.541948361528085, -58.481491746397964 -34.541941800614275, -58.48163302084801 -34.54199764015834, -58.48185113472243 -34.54208385046117, -58.482129382689855 -34.54219382815772, -58.48264537812064 -34.54239777324992, -58.482983281447716 -34.542503510376356)",descartado,0.0,,,,,
29658,"PAZ, GRAL. AV.",GRAL. AV. PAZ,Saavedra,12.0,AVENIDA,473.6969061532725,"LINESTRING (-58.47844437975645 -34.54047901291105, -58.47879140307295 -34.54059231705226, -58.4793850091661 -34.54084538342912, -58.480319462799095 -34.541297841397444, -58.480890224577145 -34.54155048431446, -58.481558567596004 -34.541846315404364, -58.48240334354363 -34.542220233389386, -58.482983281447716 -34.542503510376356)",descartado,0.0,,,,,
29659,"PAZ, GRAL. AV.",GRAL. AV. PAZ,Saavedra,12.0,AVENIDA,40.12309558270149,"LINESTRING (-58.47887073228695 -34.54019760982726, -58.47919504755904 -34.540440074779454)",descartado,0.0,,,,,
29660,"PAZ, GRAL. AV.",GRAL. AV. PAZ,Saavedra,12.0,AVENIDA,26.47302552753108,"LINESTRING (-58.48074101360251 -34.54060534104675, -58.48098594380187 -34.54073130711888)",descartado,0.0,,,,,
29661,"PAZ, GRAL. AV.",GRAL. AV. PAZ,Saavedra,12.0,AVENIDA,75.15860322578452,"LINESTRING (-58.480042371354365 -34.540252108933345, -58.48074101360251 -34.54060534104675)",descartado,0.0,,,,,
29665,"PAZ, GRAL. AV.",GRAL. AV. PAZ,Saavedra,12.0,AVENIDA,223.8509861246476,"LINESTRING (-58.47844437975645 -34.54047901291105, -58.4787326178711 -34.54064660017929, -58.47891828459071 -34.540742165921856, -58.47915177612977 -34.54086234717982, -58.47941243332638 -34.540996510031285, -58.47961791714039 -34.54110227389614, -58.47976404604115 -34.54121182368543, -58.47988278312623 -34.541336490041296, -58.47996439034419 -34.54147456569982, -58.480088294161696 -34.54157071377723, -58.48030642300127 -34.541739978647904)",descartado,0.0,,,,,
29666,"PAZ, GRAL. AV.",GRAL. AV. PAZ,,,AVENIDA,525.8781111121547,"LINESTRING (-58.47337148976201 -34.53828814793173, -58.473764162693286 -34.53846947125451, -58.47430977641446 -34.538737867924056, -58.474801358117816 -34.53895191332199, -58.47511905598887 -34.53909024426613, -58.475558605928484 -34.53928162950752, -58.47616589198772 -34.53954604498435, -58.47679601812143 -34.53985579398077, -58.47733416164652 -34.54009126633474, -58.477613095867795 -34.540188686130584, -58.47803343066127 -34.540335489464425, -58.47844437975645 -34.54047901291105)",descartado,0.0,,,,,
29667,"PAZ, GRAL. AV.",GRAL. AV. PAZ,Nuñez,13.0,AVENIDA,320.1033338430192,"LINESTRING (-58.47045732432357 -34.53672212685345, -58.470805445042004 -34.536939494656856, -58.47098164991024 -34.53708222476812, -58.471353349370595 -34.53724172038363, -58.471901937806486 -34.53747711557567, -58.47212498017421 -34.53759304502279, -58.47248112217513 -34.53777815338427, -58.47284183617712 -34.5380048211745, -58.47337148976201 -34.53828814793173)",descartado,0.0,,,,,
29668,"PAZ, GRAL. AV.",GRAL. AV. PAZ,Nuñez,13.0,AVENIDA,215.8628381471551,"LINESTRING (-58.471230402129315 -34.53749064939773, -58.471779948666374 -34.537683648584284, -58.472047382485115 -34.537770628707804, -58.47228607152123 -34.537848259235275, -58.472503969250035 -34.53794817324651, -58.47288294076326 -34.53812194393074, -58.47337148976201 -34.53828814793173)",descartado,0.0,,,,,
29669,"PAZ, GRAL. AV.",GRAL. AV. PAZ,Nuñez,13.0,AVENIDA,388.6569725427286,"LINESTRING (-58.47375951381451 -34.53780449838511, -58.47450375664505 -34.53808780167287, -58.47486194498166 -34.53822414724867, -58.47527997040527 -34.538412658106445, -58.47555476123437 -34.53853657529242, -58.47618198502444 -34.53881941875551, -58.476544756273384 -34.53894903995448, -58.47683698542585 -34.53908502514946, -58.47708354805137 -34.539160562700395, -58.4773015809268 -34.539227359275536, -58.477426004043316 -34.539307875570884, -58.4774945064171 -34.53940232403833)",descartado,0.0,,,,,
29670,"PAZ, GRAL. AV.",GRAL. AV. PAZ,Nuñez,13.0,AVENIDA,239.7341483044349,"LINESTRING (-58.47375951381451 -34.53780449838511, -58.474097383449674 -34.53788003412736, -58.47447178520988 -34.538000904684935, -58.474786836140325 -34.53813689271793, -58.47510550831794 -34.53827444253974, -58.475421502400394 -34.53837863982688, -58.47553819851385 -34.53841711944691, -58.47566805607764 -34.53841639767573, -58.476019602906234 -34.53833323991096, -58.476178020985074 -34.53825652468901)",descartado,0.0,,,,,
29671,"PAZ, GRAL. AV.",GRAL. AV. PAZ,Nuñez,13.0,AVENIDA,73.59620787081663,"LINESTRING (-58.47298730313019 -34.537629675853736, -58.47345360310276 -34.53771762428168, -58.47375951381451 -34.53780449838511)",descartado,0.0,,,,,
29672,"PAZ, GRAL. AV.",GRAL. AV. PAZ,Saavedra,12.0,AVENIDA,210.0995757114878,"LINESTRING (-58.47808583855915 -34.53937854412531, -58.47842595860619 -34.53960623806008, -58.47867820984416 -34.539775106655206, -58.47883369216791 -34.5398791930811, -58.47917483061864 -34.54005575548449, -58.47942513302242 -34.54018530295754, -58.47958121964103 -34.54022572349579, -58.479841478063854 -34.54026347107826, -58.480042371354365 -34.540252108933345)",descartado,0.0,,,,,
29673,"PAZ, GRAL. AV.",GRAL. AV. PAZ,Nuñez,13.0,AVENIDA,213.3349634037639,"LINESTRING (-58.471614319668134 -34.53705536783298, -58.4725267305476 -34.53733987206907, -58.472678145821476 -34.53738708491359, -58.47293308242042 -34.53741918410301, -58.47329757670762 -34.53746507678599, -58.47364968183183 -34.53750940849512, -58.47384635709546 -34.537555110371045)",descartado,0.0,,,,,
29674,"PAZ, GRAL. AV.",GRAL. AV. PAZ,Saavedra,12.0,AVENIDA,219.7024353010558,"LINESTRING (-58.47548797909249 -34.53937008048666, -58.475674562824224 -34.53943245244552, -58.475946713930014 -34.53940627239409, -58.47614534031272 -34.53938716478867, -58.47632568095843 -34.53946290640568, -58.47662247551701 -34.539587556846385, -58.47685078367577 -34.539708435925654, -58.477097348775416 -34.53978775169662, -58.47731192661411 -34.5397046056283, -58.4774397390032 -34.53953079110808, -58.4774945064171 -34.53940232403833)",descartado,0.0,,,,,
29676,"PAZ, GRAL. AV.",GRAL. AV. PAZ,Villa Riachuelo,8.0,AVENIDA,23.89154536606392,"LINESTRING (-58.47064556238885 -34.69843756392287, -58.47046168876594 -34.698590263252655)",descartado,0.0,,,,,
29679,AUTOPISTA 25 DE MAYO,25 DE MAYO,Flores,7.0,AUTOPISTA,1015.443823797365,"LINESTRING (-58.45613384162541 -34.63831759710462, -58.45672170429151 -34.6387521857544, -58.45762023124292 -34.6395146782555, -58.45827980126787 -34.64003222320881, -58.45951771472665 -34.640944834192396, -58.46002436058172 -34.64127669111322, -58.46035415922222 -34.64152953171162, -58.460692070726964 -34.641788589521205, -58.46093224200333 -34.64197271382095, -58.46117149336267 -34.6422169361685, -58.46133933922027 -34.64238826826286, -58.461444951624934 -34.64249607380428, -58.46158255258741 -34.64269890392121, -58.46170724071407 -34.64288269893411, -58.461825557567536 -34.64305710157657, -58.46194492120371 -34.64323304634715, -58.46205575122373 -34.643477158524014, -58.462150402583205 -34.643685634658574, -58.462256502286685 -34.64401047809385, -58.46239033849014 -34.644298865747125, -58.462476375637635 -34.64457540142381, -58.46256732135052 -34.64486771185458, -58.46275839104915 -34.64536550311936)",descartado,0.0,,,,,
29680,"PAZ, GRAL. AV.",GRAL. AV. PAZ,Villa Lugano,8.0,AVENIDA,42.68208348220737,"LINESTRING (-58.49114172839516 -34.68188785044212, -58.49105305261415 -34.68194680703371, -58.49088784268983 -34.68203434565572, -58.490743915601136 -34.68208327188495)",descartado,0.0,,,,,
29681,ACCESO NORTE - PANAMERICANA,ACCESO NORTE - PANAMERICANA,Saavedra,12.0,ENLACE AUTOPISTA,102.7826517741046,"LINESTRING (-58.49230095480171 -34.546877101401265, -58.492344279914896 -34.54678191563422, -58.49240138882072 -34.54665912428773, -58.49265810413505 -34.54628596046471, -58.49288063645571 -34.546096994157395)",descartado,0.0,,,,,
29682,AUTOPISTA 25 DE MAYO,25 DE MAYO,Constitucion,1.0,BAJADA AUTOPISTA,23.49804423853789,"LINESTRING (-58.389575270897325 -34.623204487036794, -58.389831091788736 -34.623216382032886)",descartado,0.0,,,,,
29684,AUTOPISTA 25 DE MAYO,25 DE MAYO,Constitucion,1.0,BAJADA AUTOPISTA,72.93241125650371,"LINESTRING (-58.389575270897325 -34.623204487036794, -58.38968772967636 -34.62309284641877, -58.38972542533017 -34.62296169940444, -58.38973911875417 -34.622868145750026, -58.38972974404259 -34.622799465727745, -58.389654685162725 -34.62268550985267, -58.38959628552337 -34.622616475339335)",descartado,0.0,,,,,
29744,SENDERO SIN NOMBRE OFICIAL - PUENTE SOBRE AU. SUR PTE. FRONDIZI,SENDERO SIN NOMBRE OFICIAL - PUENTE SOBRE AU. SUR PTE. FRONDIZI,Constitucion,1.0,SENDERO,169.8990280497947,"LINESTRING (-58.37978070500122 -34.623723375300514, -58.38012167271538 -34.62393321376874, -58.380756149628276 -34.624028168286344, -58.38105364838043 -34.62389378466542, -58.38134067246018 -34.623906304327875, -58.38144972221291 -34.62381373298228)",descartado,0.0,,,,,
29769,"PAZ, GRAL. AV.",GRAL. AV. PAZ,Saavedra,12.0,AVENIDA,310.8117435923106,"LINESTRING (-58.4836978761712 -34.541942659252655, -58.483718261541206 -34.54195176452392, -58.4845093512916 -34.54230510624602, -58.48598777024171 -34.542895927572154, -58.486494085966285 -34.54311152162181, -58.48671535786145 -34.54321216510026)",descartado,0.0,,,,,
29770,SENDERO SIN NOMBRE OFICIAL - PUENTE SOBRE AV. GRAL PAZ ALT. 1900,SENDERO SIN NOMBRE OFICIAL - PUENTE SOBRE AV. GRAL PAZ ALT. 1900,Saavedra,12.0,SENDERO,164.7948634666063,"LINESTRING (-58.48382567950231 -34.54305235800245, -58.483791572125384 -34.54293903775756, -58.48349664581451 -34.54281286883076, -58.48390413365376 -34.54216064258722, -58.483641910206806 -34.54204846318526, -58.4836978761712 -34.541942659252655)",descartado,0.0,,,,,
29795,"PAZ, GRAL. AV.",GRAL. AV. PAZ,Nuñez,13.0,AVENIDA,301.7365642051582,"LINESTRING (-58.46743471801782 -34.534768743446726, -58.46769367289733 -34.53490809353083, -58.467840690813716 -34.534987207088705, -58.46798346825536 -34.53510429525587, -58.46816106864976 -34.535249940151765, -58.468309489331816 -34.53531957102005, -58.46863928056958 -34.53547428997201, -58.46954441227065 -34.53585909842883, -58.46981957945962 -34.535976081203735, -58.47024188960461 -34.53615561752343)",descartado,0.0,,,,,
29796,"PAZ, GRAL. AV.",GRAL. AV. PAZ,Nuñez,13.0,AVENIDA,169.452498566473,"LINESTRING (-58.47024188960461 -34.53615561752343, -58.47108232104027 -34.5364857999017, -58.471928668884686 -34.53677461135232)",descartado,0.0,,,,,
29797,"PAZ, GRAL. AV.",GRAL. AV. PAZ,Nuñez,13.0,AVENIDA,137.3945564542433,"LINESTRING (-58.471928668884686 -34.53677461135232, -58.4733282795044 -34.53721325723579)",descartado,0.0,,,,,
29798,"PAZ, GRAL. AV.",GRAL. AV. PAZ,Nuñez,13.0,AVENIDA,94.11937549182419,"LINESTRING (-58.4733282795044 -34.53721325723579, -58.47427014862289 -34.537548372472706)",descartado,0.0,,,,,
29799,"PAZ, GRAL. AV.",GRAL. AV. PAZ,Nuñez,13.0,AVENIDA,64.52658641865072,"LINESTRING (-58.47427014862289 -34.537548372472706, -58.4749090452655 -34.537790853746536)",descartado,0.0,,,,,
29800,"PAZ, GRAL. AV.",GRAL. AV. PAZ,Nuñez,13.0,AVENIDA,127.911061062399,"LINESTRING (-58.4749090452655 -34.537790853746536, -58.475877282103426 -34.53819135817614, -58.476178020985074 -34.53825652468901)",descartado,0.0,,,,,
29801,"PAZ, GRAL. AV.",GRAL. AV. PAZ,Nuñez,13.0,AVENIDA,440.5788011195872,"LINESTRING (-58.47384635709546 -34.537555110371045, -58.47410648063095 -34.53761555530166, -58.474295545245695 -34.5376594878612, -58.47458133004444 -34.537766642658376, -58.47503340812997 -34.53793614706888, -58.47527535600508 -34.53807261541734, -58.47569542960171 -34.53827659938902, -58.47615202861202 -34.538465465042165, -58.47663603063427 -34.53869588681796, -58.47689629156842 -34.53878653628246, -58.47727527410953 -34.538948958539486, -58.477576276053796 -34.53907795900955, -58.47781864397692 -34.53922092962233, -58.47808583855915 -34.53937854412531)",descartado,0.0,,,,,
29802,"PAZ, GRAL. AV.",GRAL. AV. PAZ,Nuñez,13.0,AVENIDA,196.7272602773335,"LINESTRING (-58.471928668884686 -34.53677461135232, -58.472231650366176 -34.536946275449, -58.47251157514968 -34.537060711905966, -58.473321711928456 -34.5373685926074, -58.47359504937981 -34.537450325043984, -58.47384635709546 -34.537555110371045)",descartado,0.0,,,,,
29803,"PAZ, GRAL. AV.",GRAL. AV. PAZ,Nuñez,13.0,AVENIDA,103.2270875790855,"LINESTRING (-58.470025401925724 -34.536957263902, -58.4698836731905 -34.53684525256469, -58.46987131664437 -34.536749872184664, -58.47011414386154 -34.536293392424035, -58.47024188960461 -34.53615561752343)",descartado,0.0,,,,,
29833,"PAZ, GRAL. AV.",GRAL. AV. PAZ,Villa Pueyrredon,12.0,AVENIDA,131.455371458819,"LINESTRING (-58.51424015862296 -34.58098423839135, -58.51436715308454 -34.58103436084675, -58.51458394313676 -34.581038623727, -58.514916246196876 -34.58100113642764, -58.51510075464531 -34.58099152059851, -58.51540751690598 -34.580975532776165, -58.51552758195148 -34.58101891804013, -58.51563430870109 -34.5810574834002)",descartado,0.0,,,,,
29834,"PAZ, GRAL. AV.",GRAL. AV. PAZ,Villa Pueyrredon,12.0,AVENIDA,20.25226119747131,"LINESTRING (-58.51424015862296 -34.58098423839135, -58.5142872102817 -34.581093906729315, -58.514287250701784 -34.58116009712905)",descartado,0.0,,,,,
29839,"PAZ, GRAL. AV.",GRAL. AV. PAZ,Villa Lugano,8.0,AVENIDA,60.71771404105528,"LINESTRING (-58.487869788338905 -34.68434038405732, -58.48782969213023 -34.68436842228804, -58.487409381779784 -34.684583224800946, -58.48729977791034 -34.68461405100046)",descartado,0.0,,,,,
29840,"PAZ, GRAL. AV.",GRAL. AV. PAZ,Villa Lugano,8.0,AVENIDA,62.00683839123734,"LINESTRING (-58.48796473992708 -34.684517513788265, -58.487888369781714 -34.684540746701096, -58.487520249712844 -34.68458659339037, -58.48729977791034 -34.68461405100046)",descartado,0.0,,,,,
29841,"PAZ, GRAL. AV.",GRAL. AV. PAZ,Villa Lugano,8.0,AVENIDA,23.24939918987953,"LINESTRING (-58.48796473992708 -34.684517513788265, -58.48790580615681 -34.68447907002773, -58.48786800571004 -34.684428356337435, -58.487869788338905 -34.68434038405732)",descartado,0.0,,,,,
29846,"PAZ, GRAL. AV.",GRAL. AV. PAZ,Villa Devoto,11.0,AVENIDA,176.9866771410885,"LINESTRING (-58.521694224294365 -34.59471640286238, -58.52191363181961 -34.59514901137449, -58.52239190382954 -34.59620356386083)",descartado,0.0,,,,,
29847,"PAZ, GRAL. AV.",GRAL. AV. PAZ,Villa Devoto,11.0,AVENIDA,45.64735273697504,"LINESTRING (-58.52239190382954 -34.59620356386083, -58.52250842883798 -34.59660359748985)",descartado,0.0,,,,,
29848,"PAZ, GRAL. AV.",GRAL. AV. PAZ,Villa Devoto,11.0,AVENIDA,452.6393746722207,"LINESTRING (-58.521694224294365 -34.59471640286238, -58.52181346609765 -34.59503829837787, -58.52192584353977 -34.59553619784977, -58.52221600213055 -34.59660144665432, -58.522426473589015 -34.59718808049693, -58.522698154365024 -34.59794530637255, -58.52284735102282 -34.59825712419604, -58.52292726192898 -34.59842413523886, -58.52302961292564 -34.59855040286369, -58.52309101941369 -34.5986074606803)",descartado,0.0,,,,,
29850,"PAZ, GRAL. AV.",GRAL. AV. PAZ,Villa Devoto,11.0,AVENIDA,91.91337355593329,"LINESTRING (-58.52340614279364 -34.59798754908234, -58.523447421278135 -34.59815196034799, -58.52346089962325 -34.59824897198765, -58.52346099355624 -34.59837925363466, -58.5234342426162 -34.59847074119945, -58.52337395250287 -34.5985372977161, -58.52328013713799 -34.59859832678455, -58.52318627985688 -34.598601144834475, -58.52309101941369 -34.5986074606803)",descartado,0.0,,,,,
29851,"PAZ, GRAL. AV.",GRAL. AV. PAZ,Villa Devoto,11.0,AVENIDA,241.2474023099691,"LINESTRING (-58.52340614279364 -34.59798754908234, -58.52349772075905 -34.59817688310321, -58.52355346425519 -34.59866887349005, -58.523783400725016 -34.599213451412595, -58.52395465413805 -34.59961807116619, -58.52408213709717 -34.599756605244394, -58.52421637060196 -34.6000320950979)",descartado,0.0,,,,,
29855,"PAZ, MARCOS",MARCOS PAZ,Villa Devoto,11.0,CALLE,11.87352325305853,"LINESTRING (-58.518146888194906 -34.60309109653536, -58.51822349222488 -34.60300482211662)",descartado,0.0,,,,,
29856,ANTARTIDA ARGENTINA AV.,ANTARTIDA ARGENTINA,Retiro,1.0,AVENIDA,47.74288800586369,"LINESTRING (-58.37178282022992 -34.58814935000204, -58.37192868038489 -34.587736236577065)",descartado,0.0,,,,,
29857,ANTARTIDA ARGENTINA AV.,ANTARTIDA ARGENTINA,Retiro,1.0,AVENIDA,74.4202134635288,"LINESTRING (-58.37138483448251 -34.58924607392215, -58.37144718073604 -34.58903171067129, -58.37160464731204 -34.588600586315465)",descartado,0.0,,,,,
29859,ANTARTIDA ARGENTINA AV.,ANTARTIDA ARGENTINA,Retiro,1.0,AVENIDA,94.1109921638011,"LINESTRING (-58.371088962563896 -34.590058357412424, -58.37138483448251 -34.58924607392215)",descartado,0.0,,,,,
29860,ANTARTIDA ARGENTINA AV.,ANTARTIDA ARGENTINA,Retiro,1.0,AVENIDA,54.31546422455206,"LINESTRING (-58.37106746791963 -34.59053520571761, -58.37102566648124 -34.590413790418125, -58.37101353273588 -34.590325633554784, -58.37103284743342 -34.590240390558186, -58.371053901416175 -34.59016237409259, -58.371088962563896 -34.590058357412424)",descartado,0.0,,,,,
29878,VERA,VERA,Chacarita,15.0,CALLE,54.71178911320136,"LINESTRING (-58.44471645061165 -34.591552219582205, -58.44495028228524 -34.59130540510051, -58.44508545525667 -34.59116478916017)",descartado,0.0,,,,,
29894,10 DE DICIEMBRE DE 1983 (PLAZA DE LOS CONGRESOS),10 DE DICIEMBRE DE 1983 (PLAZA DE LOS CONGRESOS),Monserrat,1.0,CALLE,113.2856312039468,"LINESTRING (-58.39141601009309 -34.609253307342996, -58.39147806223775 -34.60936666911163, -58.391516519975944 -34.609530250559104, -58.391482440504355 -34.60988527279243, -58.39141959377542 -34.61002884838732, -58.39125199984617 -34.61020136642301)",descartado,0.0,,,,,
29899,PAZ SOLDAN,PAZ SOLDAN,Paternal,15.0,CALLE,23.81301636818316,"LINESTRING (-58.46502841967789 -34.59193621971119, -58.46523147737439 -34.592069927596754)",descartado,0.0,,,,,
29912,FLORIDA,FLORIDA,Retiro,1.0,CALLE,69.60029123781342,"LINESTRING (-58.37468848721886 -34.595071083718636, -58.37457511531496 -34.594740454940464, -58.37444598840188 -34.59447758804476)",descartado,0.0,,,,,
29913,ANTARTIDA ARGENTINA AV.,ANTARTIDA ARGENTINA,Retiro,1.0,AVENIDA,45.08858958509594,"LINESTRING (-58.3711456174784 -34.58874375764354, -58.37138703152333 -34.58865566612967, -58.37160464731204 -34.588600586315465)",descartado,0.0,,,,,
30050,LIMA,LIMA,Constitucion,1.0,CALLE,38.03771966478841,"LINESTRING (-58.38223382941855 -34.62693865719167, -58.382237137647586 -34.62712852058359, -58.38222219651298 -34.62728101694201)",descartado,0.0,,,,,
30052,LIMA,LIMA,Constitucion,1.0,CALLE,65.58769186969474,"LINESTRING (-58.379822244199936 -34.627213186434744, -58.37973319062155 -34.62744134122902, -58.3796160522083 -34.627779222255754)",descartado,0.0,,,,,
30063,COLECTORA AUTOPISTA ARTURO ILLIA,AUTOPISTA ARTURO ILLIA,Recoleta,2.0,CALLE,683.8356175766744,"LINESTRING (-58.39244689128589 -34.5763599896689, -58.39305595958025 -34.57596100429887, -58.3986693613861 -34.57297289393691)",descartado,0.0,,,,,
30064,COLECTORA AUTOPISTA ARTURO ILLIA,AUTOPISTA ARTURO ILLIA,Recoleta,2.0,CALLE,214.6618920757613,"LINESTRING (-58.3986693613861 -34.57297289393691, -58.40068124621451 -34.57198561741054)",descartado,0.0,,,,,
30077,9 DE JULIO AV.,9 DE JULIO,Monserrat,1.0,AVENIDA,122.2828814552082,"LINESTRING (-58.38100271937791 -34.61076053797962, -58.380941115101756 -34.61186164310576)",descartado,0.0,,,,,
30078,9 DE JULIO AV.,9 DE JULIO,Monserrat,1.0,AVENIDA,125.6478998682193,"LINESTRING (-58.38104845109162 -34.6096285536018, -58.38100271937791 -34.61076053797962)",descartado,0.0,,,,,
30079,9 DE JULIO AV.,9 DE JULIO,Monserrat,1.0,AVENIDA,66.03546296562399,"LINESTRING (-58.381090378214815 -34.609034306717504, -58.38104845109162 -34.6096285536018)",descartado,0.0,,,,,
30080,9 DE JULIO AV.,9 DE JULIO,Monserrat,1.0,AVENIDA,70.49094609032375,"LINESTRING (-58.3811219600974 -34.60839942362618, -58.381090378214815 -34.609034306717504)",descartado,0.0,,,,,
30081,9 DE JULIO AV.,9 DE JULIO,San Nicolas,1.0,AVENIDA,123.6209248645896,"LINESTRING (-58.3811219600974 -34.60839942362618, -58.38121881188451 -34.607287960179754)",descartado,0.0,,,,,
30082,9 DE JULIO AV.,9 DE JULIO,San Nicolas,1.0,AVENIDA,131.3740220787965,"LINESTRING (-58.38121881188451 -34.607287960179754, -58.38126678764905 -34.606104391936874)",descartado,0.0,,,,,
30083,9 DE JULIO AV.,9 DE JULIO,San Nicolas,1.0,AVENIDA,126.855330119341,"LINESTRING (-58.38126678764905 -34.606104391936874, -58.38134615294569 -34.60496277589692)",descartado,0.0,,,,,
30084,9 DE JULIO AV.,9 DE JULIO,San Nicolas,1.0,AVENIDA,53.45799231361103,"LINESTRING (-58.38120413697637 -34.6044727351032, -58.381086589150684 -34.60428487493614, -58.38095973776205 -34.60403568356746)",descartado,0.0,,,,,
30085,9 DE JULIO AV.,9 DE JULIO,San Nicolas,1.0,AVENIDA,129.8633818990693,"LINESTRING (-58.38148319400661 -34.60254011043915, -58.3815331392164 -34.601370222668464)",descartado,0.0,,,,,
30086,9 DE JULIO AV.,9 DE JULIO,San Nicolas,1.0,AVENIDA,124.3609397500852,"LINESTRING (-58.3815331392164 -34.601370222668464, -58.38159658712458 -34.60025043453993)",descartado,0.0,,,,,
30087,9 DE JULIO AV.,9 DE JULIO,San Nicolas,1.0,AVENIDA,121.9138463783975,"LINESTRING (-58.38193234347568 -34.601384141356256, -58.381997069239866 -34.6002864875534)",descartado,0.0,,,,,
30088,9 DE JULIO AV.,9 DE JULIO,San Nicolas,1.0,AVENIDA,130.5550665025833,"LINESTRING (-58.381885820251114 -34.60256036394228, -58.38193234347568 -34.601384141356256)",descartado,0.0,,,,,
30089,9 DE JULIO AV.,9 DE JULIO,San Nicolas,1.0,AVENIDA,125.8416350309847,"LINESTRING (-58.38169091148476 -34.60612218787049, -58.38175866392757 -34.604989209095734)",descartado,0.0,,,,,
30090,9 DE JULIO AV.,9 DE JULIO,San Nicolas,1.0,AVENIDA,132.4098574076519,"LINESTRING (-58.38161982755044 -34.607314309908034, -58.38169091148476 -34.60612218787049)",descartado,0.0,,,,,
30091,9 DE JULIO AV.,9 DE JULIO,San Nicolas,1.0,AVENIDA,123.487136959116,"LINESTRING (-58.38157049445732 -34.60842670087809, -58.38161982755044 -34.607314309908034)",descartado,0.0,,,,,
30092,9 DE JULIO AV.,9 DE JULIO,Monserrat,1.0,AVENIDA,70.73110978894792,"LINESTRING (-58.38157049445732 -34.60842670087809, -58.381542009623 -34.609063850489754)",descartado,0.0,,,,,
30093,9 DE JULIO AV.,9 DE JULIO,Monserrat,1.0,AVENIDA,65.79119033492746,"LINESTRING (-58.381542009623 -34.609063850489754, -58.38150347611035 -34.60965604932047)",descartado,0.0,,,,,
30094,9 DE JULIO AV.,9 DE JULIO,Monserrat,1.0,AVENIDA,126.8730943981257,"LINESTRING (-58.38150347611035 -34.60965604932047, -58.38144696375261 -34.61079875429414)",descartado,0.0,,,,,
30095,9 DE JULIO AV.,9 DE JULIO,Monserrat,1.0,AVENIDA,121.6250117780316,"LINESTRING (-58.38144696375261 -34.61079875429414, -58.381415260011025 -34.611222092685004, -58.381305868438204 -34.61157834882889, -58.381230405776094 -34.61187653691419)",descartado,0.0,,,,,
30098,DE MAYO AV.,DE MAYO,Monserrat,1.0,AVENIDA,41.55495124271913,"LINESTRING (-58.381090378214815 -34.609034306717504, -58.381542009623 -34.609063850489754)",descartado,0.0,,,,,
30121,PASAJE A,A,Villa Soldati,8.0,PASAJE,116.1598592814626,"LINESTRING (-58.45788177093845 -34.65541357344367, -58.45867584969381 -34.65608135253736, -58.45876687847939 -34.65616278746962)",descartado,0.0,,,,,
30122,PASAJE A,A,Villa Soldati,8.0,PASAJE,75.71528115896525,"LINESTRING (-58.45876687847939 -34.65616278746962, -58.45932730092046 -34.65666413993016)",descartado,0.0,,,,,
30123,PASAJE B,B,Villa Soldati,8.0,PASAJE,145.0732231202155,"LINESTRING (-58.4585116537911 -34.65636075354995, -58.459049010699225 -34.6568455764595, -58.45894225452476 -34.65692895270434, -58.45938609590232 -34.65731001559186)",descartado,0.0,,,,,
30124,PASAJE C,C,Villa Soldati,8.0,PASAJE,71.89900059516705,"LINESTRING (-58.45825802622854 -34.65655295364377, -58.45878722725182 -34.6570312968695)",descartado,0.0,,,,,
30125,PASAJE D,D,Villa Soldati,8.0,PASAJE,73.14541924099673,"LINESTRING (-58.458009660610855 -34.65674564320295, -58.458550122178686 -34.65723069795836)",descartado,0.0,,,,,
30126,PASAJE E,E,Villa Soldati,8.0,PASAJE,158.6772313400227,"LINESTRING (-58.457758801888616 -34.65693466326645, -58.45829875160398 -34.657416531236116, -58.45814439918674 -34.65755499630373, -58.45862504666552 -34.65798500609634)",descartado,0.0,,,,,
30127,PASAJE F,F,Villa Soldati,8.0,PASAJE,72.59057877131583,"LINESTRING (-58.457509329597166 -34.65712931963771, -58.458051789511345 -34.65760600816639)",descartado,0.0,,,,,
30128,PASAJE G,G,Villa Soldati,8.0,PASAJE,158.4722697141717,"LINESTRING (-58.45726715766957 -34.657320645430076, -58.457809236138786 -34.657795484789105, -58.45766370363467 -34.657908441730925, -58.45817962920569 -34.65834574285244)",descartado,0.0,,,,,
30129,PASAJE H,H,Villa Soldati,8.0,PASAJE,73.26456981593209,"LINESTRING (-58.4570103573346 -34.65751478169374, -58.457557861199874 -34.65799589246754)",descartado,0.0,,,,,
30130,PASAJE I,I,Villa Soldati,8.0,PASAJE,164.2893878828257,"LINESTRING (-58.45674378498173 -34.657722507920624, -58.45729766469148 -34.658203587060214, -58.457116848213154 -34.65835662580837, -58.45762395410019 -34.658790284185514)",descartado,0.0,,,,,
30131,PASAJE I,I,Villa Soldati,8.0,PASAJE,75.88191526583546,"LINESTRING (-58.4561732326263 -34.65722693820997, -58.45674378498173 -34.657722507920624)",descartado,0.0,,,,,
30132,PASAJE K,K,Villa Soldati,8.0,PASAJE,74.34505785804151,"LINESTRING (-58.45622720504649 -34.658118977296745, -58.45678167883298 -34.65860804313412)",descartado,0.0,,,,,
30154,REPUBLICA DE SAN MARINO,REPUBLICA DE SAN MARINO,Villa Pueyrredon,12.0,CALLE,48.30670732640764,"LINESTRING (-58.50836962372031 -34.57106550721691, -58.50869345223154 -34.57140881672042)",descartado,0.0,,,,,
30155,REPUBLICA DE SAN MARINO,REPUBLICA DE SAN MARINO,Villa Pueyrredon,12.0,CALLE,33.72851242637546,"LINESTRING (-58.50869345223154 -34.57140881672042, -58.508919556034236 -34.57164852036151)",descartado,0.0,,,,,
30156,REPUBLICA DE SAN MARINO,REPUBLICA DE SAN MARINO,Villa Pueyrredon,12.0,CALLE,36.43470507157893,"LINESTRING (-58.508919556034236 -34.57164852036151, -58.50916380263648 -34.571907456038495)",descartado,0.0,,,,,
30162,"PAZ, GRAL. AV.",GRAL. AV. PAZ,Villa Pueyrredon,12.0,AVENIDA,18.40276539358029,"LINESTRING (-58.509980744699035 -34.57202169691199, -58.51005319513538 -34.572176380381784)",descartado,0.0,,,,,
30163,"PAZ, GRAL. AV.",GRAL. AV. PAZ,Villa Pueyrredon,12.0,AVENIDA,34.6058997475266,"LINESTRING (-58.50984224276188 -34.571731550470595, -58.509980744699035 -34.57202169691199)",descartado,0.0,,,,,
30164,"PAZ, GRAL. AV.",GRAL. AV. PAZ,Villa Pueyrredon,12.0,AVENIDA,56.70656561742483,"LINESTRING (-58.50961899897487 -34.57125490951591, -58.50978683188823 -34.571610734978876, -58.50984224276188 -34.571731550470595)",descartado,0.0,,,,,
30165,"PAZ, GRAL. AV.",GRAL. AV. PAZ,Villa Pueyrredon,12.0,AVENIDA,33.10602969564345,"LINESTRING (-58.50948893731324 -34.570976551104344, -58.50961899897487 -34.57125490951591)",descartado,0.0,,,,,
30166,"PAZ, GRAL. AV.",GRAL. AV. PAZ,Villa Pueyrredon,12.0,AVENIDA,49.45175587755499,"LINESTRING (-58.50929435569136 -34.57056087579184, -58.50940667822515 -34.570794947200476, -58.50948893731324 -34.570976551104344)",descartado,0.0,,,,,
30183,"PAZ, GRAL. AV.",GRAL. AV. PAZ,Villa Pueyrredon,12.0,AVENIDA,40.87809678177757,"LINESTRING (-58.51023296105709 -34.57256018238078, -58.51029689705575 -34.57270013894454, -58.51039113247087 -34.572904657756006)",descartado,0.0,,,,,
30184,"PAZ, GRAL. AV.",GRAL. AV. PAZ,Villa Pueyrredon,12.0,AVENIDA,57.25753135626177,"LINESTRING (-58.51039113247087 -34.572904657756006, -58.510621845351814 -34.57338421416232)",descartado,0.0,,,,,
30185,"PAZ, GRAL. AV.",GRAL. AV. PAZ,Villa Pueyrredon,12.0,AVENIDA,37.78065508163446,"LINESTRING (-58.510621845351814 -34.57338421416232, -58.51069931524642 -34.57355859194429, -58.51076566701698 -34.573703319754586)",descartado,0.0,,,,,
30186,"PAZ, GRAL. AV.",GRAL. AV. PAZ,Villa Pueyrredon,12.0,AVENIDA,48.9352367886974,"LINESTRING (-58.51076566701698 -34.573703319754586, -58.51095674938713 -34.57411514503137)",descartado,0.0,,,,,
30187,"PAZ, GRAL. AV.",GRAL. AV. PAZ,Villa Pueyrredon,12.0,AVENIDA,37.14936742392317,"LINESTRING (-58.51095674938713 -34.57411514503137, -58.51110661740804 -34.57442622865401)",descartado,0.0,,,,,
30188,"PAZ, GRAL. AV.",GRAL. AV. PAZ,Villa Pueyrredon,12.0,AVENIDA,35.27382087528845,"LINESTRING (-58.51110661740804 -34.57442622865401, -58.51124458598899 -34.57472301007973)",descartado,0.0,,,,,
30189,"PAZ, GRAL. AV.",GRAL. AV. PAZ,Villa Pueyrredon,12.0,AVENIDA,32.76296424716045,"LINESTRING (-58.51124458598899 -34.57472301007973, -58.51137268020283 -34.5749986831885)",descartado,0.0,,,,,
30190,"PAZ, GRAL. AV.",GRAL. AV. PAZ,Villa Pueyrredon,12.0,AVENIDA,106.2450672345103,"LINESTRING (-58.51137268020283 -34.5749986831885, -58.51174695150924 -34.5757889285794, -58.51179497570436 -34.57589043128697)",descartado,0.0,,,,,
30191,"PAZ, GRAL. AV.",GRAL. AV. PAZ,Villa Pueyrredon,12.0,AVENIDA,38.82631689891752,"LINESTRING (-58.51179497570436 -34.57589043128697, -58.51194793704838 -34.57621675234878)",descartado,0.0,,,,,
30192,"PAZ, GRAL. AV.",GRAL. AV. PAZ,Villa Pueyrredon,12.0,AVENIDA,39.15929222387005,"LINESTRING (-58.51194793704838 -34.57621675234878, -58.51209825309737 -34.57654712252481)",descartado,0.0,,,,,
30193,"PAZ, GRAL. AV.",GRAL. AV. PAZ,Villa Pueyrredon,12.0,AVENIDA,156.7973688884228,"LINESTRING (-58.51209825309737 -34.57654712252481, -58.5127140954016 -34.57786555211764)",descartado,0.0,,,,,
30286,"PAZ, GRAL. AV.",GRAL. AV. PAZ,Villa Devoto,11.0,AVENIDA,176.0023165567846,"LINESTRING (-58.51974808707678 -34.59178134247419, -58.5200099284201 -34.59244901941616, -58.520424788444274 -34.593264393038886)",descartado,0.0,,,,,
30287,"PAZ, GRAL. AV.",GRAL. AV. PAZ,Villa Devoto,11.0,AVENIDA,204.4650153760117,"LINESTRING (-58.520424788444274 -34.593264393038886, -58.52042817597093 -34.59343997995065, -58.52068500560552 -34.59453635093005, -58.520773390480514 -34.594797490752896, -58.52080831870922 -34.59507555035454)",descartado,0.0,,,,,
30295,"PAZ, GRAL. AV.",GRAL. AV. PAZ,Villa Devoto,11.0,AVENIDA,190.3099446233755,"LINESTRING (-58.52309101941369 -34.5986074606803, -58.52321645821311 -34.59872401584137, -58.52335662394563 -34.59889765151099, -58.52352486817385 -34.59916777569597, -58.523805911427594 -34.599618999680125, -58.52387408069151 -34.59972844678693, -58.524048226376244 -34.599904795594256, -58.52421637060196 -34.6000320950979)",descartado,0.0,,,,,
30311,"PAZ, GRAL. AV.",GRAL. AV. PAZ,Liniers,9.0,AVENIDA,72.37382981155054,"LINESTRING (-58.529381105221965 -34.63412023428552, -58.52899781614285 -34.63469053412939)",descartado,0.0,,,,,
30312,"PAZ, GRAL. AV.",GRAL. AV. PAZ,Liniers,9.0,AVENIDA,14.03979973392516,"LINESTRING (-58.52899781614285 -34.63469053412939, -58.52897044555487 -34.634815052740834)",descartado,0.0,,,,,
30329,"PAZ, GRAL. AV.",GRAL. AV. PAZ,Villa Lugano,8.0,AVENIDA,56.08768849382154,"LINESTRING (-58.48729977791034 -34.68461405100046, -58.48703300396247 -34.68471199209561, -58.48672613169789 -34.684787230921074)",descartado,0.0,,,,,
30368,"PAZ, GRAL. AV.",GRAL. AV. PAZ,Saavedra,12.0,AVENIDA,174.7555303400807,"LINESTRING (-58.50552702702811 -34.56230722501971, -58.505967903319366 -34.56326878393224, -58.50620643353462 -34.5637788285834)",descartado,0.0,,,,,
30370,"PAZ, GRAL. AV.",GRAL. AV. PAZ,Villa Pueyrredon,12.0,AVENIDA,248.1179221417455,"LINESTRING (-58.51180685917179 -34.57333023718583, -58.51268166980099 -34.57515774583447, -58.51280230642529 -34.57540975295589)",descartado,0.0,,,,,
30371,"PAZ, GRAL. AV.",GRAL. AV. PAZ,Villa Pueyrredon,12.0,AVENIDA,330.718463858776,"LINESTRING (-58.51333375835521 -34.57655468063729, -58.513708793023554 -34.57736261204768, -58.51403136241785 -34.578281185830335, -58.514260331708954 -34.578759744681015, -58.51451271879553 -34.57936953712539)",descartado,0.0,,,,,
30387,"PAZ, GRAL. AV.",GRAL. AV. PAZ,Villa Lugano,8.0,AVENIDA,76.60982283809957,"LINESTRING (-58.485529083333404 -34.68500407838678, -58.485144089895044 -34.68508999195305, -58.48472489296859 -34.68519252998109)",descartado,0.0,,,,,
30388,"PAZ, GRAL. AV.",GRAL. AV. PAZ,Villa Lugano,8.0,AVENIDA,37.73658622128966,"LINESTRING (-58.484803257936974 -34.684891683803585, -58.484832826903656 -34.684982885722775, -58.484837393186865 -34.685072950710875, -58.48480787944011 -34.685132999784955, -58.48472489296859 -34.68519252998109)",descartado,0.0,,,,,
30420,CORRIENTES AV.,CORRIENTES,San Nicolas,1.0,AVENIDA,16.04303270049823,"LINESTRING (-58.37009315456111 -34.602996991948196, -58.370267690326465 -34.603006224300984)",descartado,0.0,,,,,
30421,CORRIENTES AV.,CORRIENTES,San Nicolas,1.0,AVENIDA,13.31091099718747,"LINESTRING (-58.370267690326465 -34.603006224300984, -58.3704125010713 -34.603013905923156)",descartado,0.0,,,,,
30538,POLA,POLA,Villa Lugano,8.0,CALLE,44.0070133539896,"LINESTRING (-58.46756182127663 -34.675600551622544, -58.46721680703354 -34.675876439860744)",descartado,0.0,,,,,
30539,POLA,POLA,Villa Lugano,8.0,CALLE,53.47811999882487,"LINESTRING (-58.46721680703354 -34.675876439860744, -58.46679753639413 -34.67621170291563)",descartado,0.0,,,,,
30545,POLA,POLA,Villa Lugano,8.0,CALLE,46.2417679093782,"LINESTRING (-58.465811369967724 -34.677000258694164, -58.465448823025014 -34.67729015172848)",descartado,0.0,,,,,
30611,8 DE DICIEMBRE,8 DE DICIEMBRE,Barracas,4.0,SENDERO,74.91832819014643,"LINESTRING (-58.40010876796157 -34.65748295066551, -58.399978713522984 -34.657923611740365, -58.39991296792696 -34.65813860126471)",descartado,0.0,,,,,
30646,PASAJE 1 DE ABRIL (NO OFICIAL),1 DE ABRIL (NO OFICIAL),Barracas,4.0,CALLE,125.1003540598696,"LINESTRING (-58.39949459006241 -34.6566044951633, -58.400811790656235 -34.656899294238784)",descartado,0.0,,,,,
30686,LUNA,LUNA,Barracas,4.0,CALLE,179.9983973100263,"LINESTRING (-58.395198849930935 -34.65435442858057, -58.39506589317418 -34.65597323484716)",descartado,0.0,,,,,
30695,MOM,MOM,Nueva Pompeya,4.0,SENDERO,30.13919050801,"LINESTRING (-58.427011979869924 -34.65054682041538, -58.42691261098959 -34.65054294405732, -58.42679495450288 -34.65061872818062, -58.42682747828645 -34.65067921752942)",descartado,0.0,,,,,
30696,MOM,MOM,Nueva Pompeya,4.0,CALLE,14.83170888641532,"LINESTRING (-58.42749479355337 -34.650201890241455, -58.427371837073565 -34.65028877765427)",descartado,0.0,,,,,
30750,PASAJE J,J,Villa Soldati,8.0,PASAJE,75.29599128559484,"LINESTRING (-58.45646566527549 -34.65793596245782, -58.45703944501279 -34.65842163089592)",descartado,0.0,,,,,
30751,PASAJE J,J,Villa Soldati,8.0,PASAJE,75.15064161196638,"LINESTRING (-58.455914726007585 -34.65743432962858, -58.45646566527549 -34.65793596245782)",descartado,0.0,,,,,
30752,PASAJE L,L,Villa Soldati,8.0,PASAJE,75.59274142043782,"LINESTRING (-58.4559503950996 -34.65833264043974, -58.456519458440845 -34.65882578813292)",descartado,0.0,,,,,
30753,PASAJE L,L,Villa Soldati,8.0,PASAJE,74.94538062167597,"LINESTRING (-58.455394752929436 -34.65783707953339, -58.4559503950996 -34.65833264043974)",descartado,0.0,,,,,
30770,14 DE SEPTIEMBRE (NO OFICIAL),14 DE SEPTIEMBRE (NO OFICIAL),Flores,7.0,PASAJE,53.60917345339169,"LINESTRING (-58.44367645745797 -34.64843691119097, -58.44362081754488 -34.64853300752161, -58.44346909727194 -34.64868758711302, -58.443307273195224 -34.648804558436986)",descartado,0.0,,,,,
30771,14 DE SEPTIEMBRE (NO OFICIAL),14 DE SEPTIEMBRE (NO OFICIAL),Flores,7.0,PASAJE,139.489778460393,"LINESTRING (-58.443307273195224 -34.648804558436986, -58.44321184475447 -34.64877947180825, -58.44313600280022 -34.64877945929095, -58.44306773362166 -34.64882645600635, -58.44285153468527 -34.64902698750545, -58.44277567551485 -34.64909591985884, -58.4426884398731 -34.64916485024183, -58.442567072680966 -34.64924317636721, -58.44244192020215 -34.64929329691178, -58.442282628181005 -34.64938415173107, -58.442124109218526 -34.649499992923666)",descartado,0.0,,,,,
30785,PASAJE 7 BO. RIVADAVIA (SIN NOMBRE OFICIAL),7 BO. RIVADAVIA (SIN NOMBRE OFICIAL),Flores,7.0,CALLE,52.40646300689261,"LINESTRING (-58.44331717167191 -34.64352264058676, -58.44318174341602 -34.64398158957469)",descartado,0.0,,,,,
30805,PASAJE 27 DE MAYO,27 DE MAYO,Villa Soldati,8.0,CALLE,54.4324457105136,"LINESTRING (-58.4532538322237 -34.66162119598011, -58.453680478379326 -34.6619624711298)",descartado,0.0,,,,,
30815,PASAJE 27 DE MAYO,27 DE MAYO,Villa Soldati,8.0,CALLE,19.95618546750912,"LINESTRING (-58.45053271005135 -34.65949242721185, -58.45066781526365 -34.659633481540006)",descartado,0.0,,,,,
30816,PASAJE 27 DE MAYO,27 DE MAYO,Villa Soldati,8.0,CALLE,87.44304396538872,"LINESTRING (-58.45066781526365 -34.659633481540006, -58.45137001412442 -34.66016698479835)",descartado,0.0,,,,,
30817,PASAJE 27 DE MAYO,27 DE MAYO,Villa Soldati,8.0,CALLE,150.1072363161705,"LINESTRING (-58.45137001412442 -34.66016698479835, -58.45168116077949 -34.660391673636255, -58.4517380564024 -34.66039461738314, -58.452534523728886 -34.660991172947845, -58.45255175134246 -34.66106610861099)",descartado,0.0,,,,,
30827,14 DE SEPTIEMBRE (NO OFICIAL),14 DE SEPTIEMBRE (NO OFICIAL),Flores,7.0,PASAJE,63.15901823480218,"LINESTRING (-58.443976414753074 -34.646180937463974, -58.44416739345866 -34.64628924434017, -58.44448734021664 -34.646559234926194)",descartado,0.0,,,,,
30828,14 DE SEPTIEMBRE (NO OFICIAL),14 DE SEPTIEMBRE (NO OFICIAL),Flores,7.0,PASAJE,79.70041472841336,"LINESTRING (-58.44493063343329 -34.64725459343611, -58.44448055921059 -34.64763894606312, -58.44433390203892 -34.64777681356846)",descartado,0.0,,,,,
30829,14 DE SEPTIEMBRE (NO OFICIAL),14 DE SEPTIEMBRE (NO OFICIAL),Flores,7.0,PASAJE,48.48613323839693,"LINESTRING (-58.44433390203892 -34.64777681356846, -58.44426814926539 -34.64788126561507, -58.44400517911515 -34.64811521981477)",descartado,0.0,,,,,
30830,14 DE SEPTIEMBRE (NO OFICIAL),14 DE SEPTIEMBRE (NO OFICIAL),Flores,7.0,PASAJE,46.77910889295546,"LINESTRING (-58.44400517911515 -34.64811521981477, -58.44380795053291 -34.64829068508613, -58.44367645745797 -34.64843691119097)",descartado,0.0,,,,,
30832,CONGRESO,CONGRESO,Nuñez,13.0,CALLE,102.4533636367193,"LINESTRING (-58.4585767178892 -34.55333738872904, -58.4593611967165 -34.55375836622765, -58.45947302349168 -34.5538763255725)",descartado,0.0,,,,,
30833,CONGRESO,CONGRESO,Belgrano,13.0,CALLE,102.9127389418165,"LINESTRING (-58.45849533300854 -34.5534316868265, -58.459286340158926 -34.55383122447381, -58.45947302349168 -34.5538763255725)",descartado,0.0,,,,,
30834,CONGRESO,CONGRESO,Nuñez,13.0,CALLE,26.73819310602016,"LINESTRING (-58.458317062824186 -34.55327300310948, -58.45840740019771 -34.553252860713485, -58.4585767178892 -34.55333738872904)",descartado,0.0,,,,,
30835,CONGRESO,CONGRESO,Belgrano,13.0,CALLE,26.07940208969878,"LINESTRING (-58.458317062824186 -34.55327300310948, -58.45831823297494 -34.553329360832365, -58.45849533300854 -34.5534316868265)",descartado,0.0,,,,,
30836,CONGRESO,CONGRESO,Nuñez,13.0,CALLE,75.2714928907965,"LINESTRING (-58.45743566580354 -34.552761427720384, -58.45806727141381 -34.55308891005443, -58.45807944843147 -34.55314988988118)",descartado,0.0,,,,,
30837,CONGRESO,CONGRESO,Belgrano,13.0,CALLE,56.30583704021932,"LINESTRING (-58.45756073866264 -34.55293662023396, -58.45788564270761 -34.55311076034292, -58.457988010312256 -34.55317633946208, -58.45807944843147 -34.55314988988118)",descartado,0.0,,,,,
30838,CONGRESO,CONGRESO,Belgrano,13.0,CALLE,47.34223196299957,"LINESTRING (-58.45716147732151 -34.55267422649519, -58.45726813342113 -34.5527828582745, -58.45756073866264 -34.55293662023396)",descartado,0.0,,,,,
30839,CONGRESO,CONGRESO,Nuñez,13.0,CALLE,26.96183173148976,"LINESTRING (-58.45716147732151 -34.55267422649519, -58.45743566580354 -34.552761427720384)",descartado,0.0,,,,,
30840,CONGRESO,CONGRESO,Nuñez,13.0,SENDERO,26.64155131998787,"LINESTRING (-58.45807944843147 -34.55314988988118, -58.458146815232496 -34.55315719344794, -58.45826372986988 -34.55322168913887, -58.458317062824186 -34.55327300310948)",descartado,0.0,,,,,
30870,PASAJE EL PROGRESO,EL PROGRESO,Parque Avellaneda,9.0,PASAJE,107.6100100539454,"LINESTRING (-58.47416183120392 -34.65858700364277, -58.47330286412805 -34.659248164439255)",descartado,0.0,,,,,
30881,ARGENTINA AV.,ARGENTINA,Villa Lugano,8.0,AVENIDA,113.1014691255156,"LINESTRING (-58.4973844831971 -34.673674241607294, -58.49802042330059 -34.67374493350216, -58.49860809458112 -34.67380631420524)",descartado,0.0,,,,,
30932,CONGRESO AV.,CONGRESO,Coghlan,12.0,AVENIDA,103.73320933328,"LINESTRING (-58.477723961054146 -34.56328919481592, -58.4778880806411 -34.56329781795333, -58.478721397934585 -34.5637018024587)",descartado,0.0,,,,,
30933,CONGRESO AV.,CONGRESO,Coghlan,12.0,AVENIDA,17.27567454176215,"LINESTRING (-58.478721397934585 -34.5637018024587, -58.478791931133316 -34.56374285048743, -58.47879717088514 -34.563827124632155)",descartado,0.0,,,,,
30934,CONGRESO AV.,CONGRESO,Coghlan,12.0,AVENIDA,118.3475329520292,"LINESTRING (-58.477723961054146 -34.56328919481592, -58.47780189887212 -34.563388585715494, -58.47872403552441 -34.563840099249546, -58.47879717088514 -34.563827124632155)",descartado,0.0,,,,,
30935,CONGRESO AV.,CONGRESO,Coghlan,12.0,SENDERO,22.9008749026487,"LINESTRING (-58.47879717088514 -34.563827124632155, -58.478836677679745 -34.563823608160234, -58.47900271946966 -34.56389043952839, -58.47899978477987 -34.563911103440546)",descartado,0.0,,,,,
30936,CONGRESO AV.,CONGRESO,Villa Urquiza,12.0,AVENIDA,88.32346658395873,"LINESTRING (-58.47914377395608 -34.56390622282997, -58.479793261992604 -34.56422702933939, -58.47990028431927 -34.56437260355153)",descartado,0.0,,,,,
30937,CONGRESO AV.,CONGRESO,Coghlan,12.0,AVENIDA,33.68840955978208,"LINESTRING (-58.47899978477987 -34.563911103440546, -58.479015956994054 -34.56396458344911, -58.47926135543386 -34.56410798084841)",descartado,0.0,,,,,
30938,CONGRESO AV.,CONGRESO,Villa Urquiza,12.0,AVENIDA,66.4750746113907,"LINESTRING (-58.47926135543386 -34.56410798084841, -58.47957728597528 -34.56427810941016, -58.479719820551146 -34.56434494292982, -58.47990028431927 -34.56437260355153)",descartado,0.0,,,,,
30939,CONGRESO AV.,CONGRESO,Coghlan,12.0,AVENIDA,13.32532138708295,"LINESTRING (-58.47899978477987 -34.563911103440546, -58.47907030870682 -34.56390137033423, -58.47914377395608 -34.56390622282997)",descartado,0.0,,,,,
30942,8 DE DICIEMBRE,8 DE DICIEMBRE,Barracas,4.0,SENDERO,58.72235782676418,"LINESTRING (-58.39979596131757 -34.65848177549446, -58.399782817204645 -34.65856329616359, -58.399762576617256 -34.658639187720134, -58.39977459014518 -34.65874914464791, -58.399802139434094 -34.658810303335734, -58.39981912381965 -34.658845452597674, -58.39986821754465 -34.658910370698806, -58.399888698231926 -34.65898786099418)",descartado,0.0,,,,,
30944,8 DE DICIEMBRE,8 DE DICIEMBRE,Barracas,4.0,SENDERO,40.467937179402,"LINESTRING (-58.39980061294662 -34.65961837380726, -58.39982610620608 -34.65984296713134, -58.399822005574926 -34.659955164547185, -58.39981819778009 -34.65998193598837)",descartado,0.0,,,,,
30945,8 DE DICIEMBRE,8 DE DICIEMBRE,Barracas,4.0,SENDERO,49.01592309694479,"LINESTRING (-58.39981819778009 -34.65998193598837, -58.39975578315072 -34.66042075165965)",descartado,0.0,,,,,
30946,8 DE DICIEMBRE,8 DE DICIEMBRE,Barracas,4.0,SENDERO,34.53719559148863,"LINESTRING (-58.39975578315072 -34.66042075165965, -58.39971180467183 -34.66072994630117)",descartado,0.0,,,,,
30950,3 DE ABRIL (NO OFICIAL),3 DE ABRIL (NO OFICIAL),Barracas,4.0,SENDERO,39.33647198446852,"LINESTRING (-58.399389615962676 -34.65997096647287, -58.39964652443838 -34.659984369244505, -58.39981819778009 -34.65998193598837)",descartado,0.0,,,,,
31001,SENDERO DE LA PAZ,SENDERO DE LA PAZ,Villa Soldati,8.0,CALLE,36.24100764721261,"LINESTRING (-58.45613448523678 -34.66427458187335, -58.45640625823722 -34.66451184773485)",descartado,0.0,,,,,
31002,SENDERO DE LA PAZ,SENDERO DE LA PAZ,Villa Soldati,8.0,CALLE,33.85589966986005,"LINESTRING (-58.45640625823722 -34.66451184773485, -58.456669486267806 -34.66472593082011)",descartado,0.0,,,,,
31003,SENDERO DE LA PAZ,SENDERO DE LA PAZ,Villa Soldati,8.0,CALLE,61.27598065107088,"LINESTRING (-58.456669486267806 -34.66472593082011, -58.457138301985026 -34.66511968203478)",descartado,0.0,,,,,
31013,SENDERO 14 DE MAYO,SENDERO 14 DE MAYO,Villa Soldati,8.0,CALLE,47.3398472660781,"LINESTRING (-58.4574575441526 -34.66367011719152, -58.457088412605536 -34.663968563335104)",descartado,0.0,,,,,
31014,SENDERO 14 DE MAYO,SENDERO 14 DE MAYO,Villa Soldati,8.0,CALLE,43.48118879003041,"LINESTRING (-58.457088412605536 -34.663968563335104, -58.45674645978437 -34.66424020597116)",descartado,0.0,,,,,
31015,SENDERO 14 DE MAYO,SENDERO 14 DE MAYO,Villa Soldati,8.0,CALLE,43.36547117447028,"LINESTRING (-58.45674645978437 -34.66424020597116, -58.45640625823722 -34.66451184773485)",descartado,0.0,,,,,
31016,SENDERO 14 DE MAYO,SENDERO 14 DE MAYO,Villa Soldati,8.0,CALLE,50.04296587458207,"LINESTRING (-58.45640625823722 -34.66451184773485, -58.45602302810307 -34.66483312575467)",descartado,0.0,,,,,
31017,SENDERO 14 DE MAYO,SENDERO 14 DE MAYO,Villa Soldati,8.0,CALLE,52.38262472023338,"LINESTRING (-58.45602302810307 -34.66483312575467, -58.45560747661579 -34.66515726531074)",descartado,0.0,,,,,
31027,17 DE OCTUBRE,17 DE OCTUBRE,Villa Soldati,8.0,CALLE,72.71503264957931,"LINESTRING (-58.45360485473573 -34.66349205042351, -58.45375274738808 -34.66382311231894, -58.453831282574775 -34.66402153318883, -58.45385013014997 -34.66411403719442)",descartado,0.0,,,,,
31029,14 DE ABRIL,14 DE ABRIL,Villa Soldati,8.0,CALLE,30.06877988200898,"LINESTRING (-58.45509812199878 -34.66411509930172, -58.454843399739715 -34.66428588542921)",descartado,0.0,,,,,
31030,14 DE ABRIL,14 DE ABRIL,Villa Soldati,8.0,CALLE,36.29252032433503,"LINESTRING (-58.454843399739715 -34.66428588542921, -58.454564056062885 -34.66451772632976)",descartado,0.0,,,,,
31057,3 DE DICIEMBRE DE 2009,3 DE DICIEMBRE DE 2009,Retiro,1.0,CALLE,76.52348828025411,"LINESTRING (-58.3759127229063 -34.58447419633845, -58.376269342113346 -34.58428938412938, -58.376476096502195 -34.5841880524041, -58.37662147666303 -34.58411071131173)",descartado,0.0,,,,,
31058,3 DE DICIEMBRE DE 2009,3 DE DICIEMBRE DE 2009,Retiro,1.0,CALLE,106.5120043920471,"LINESTRING (-58.37662147666303 -34.58411071131173, -58.37679913995707 -34.584038733716994, -58.37698651154134 -34.58394539889716, -58.37718034867948 -34.583844056899416, -58.377516343201 -34.58365735875399, -58.377610029578214 -34.583609355589985)",descartado,0.0,,,,,
31065,3 DE DICIEMBRE DE 2009,3 DE DICIEMBRE DE 2009,Retiro,1.0,CALLE,97.9094370011083,"LINESTRING (-58.377500704738424 -34.583458230682304, -58.37816762153376 -34.58310569122901, -58.378269374490856 -34.58306219956436, -58.378409290890005 -34.58299620205759)",descartado,0.0,,,,,
31066,3 DE DICIEMBRE DE 2009,3 DE DICIEMBRE DE 2009,Retiro,1.0,CALLE,31.24392007071973,"LINESTRING (-58.378409290890005 -34.58299620205759, -58.37870343421481 -34.58285430175831)",descartado,0.0,,,,,
31068,11 DE MAYO DE 1974,11 DE MAYO DE 1974,Retiro,1.0,CALLE,92.81664263591769,"LINESTRING (-58.377736534393605 -34.583734789053786, -58.377867395550304 -34.58364475161441, -58.37829081385566 -34.583413715445865, -58.37858336273182 -34.58328022685381)",descartado,0.0,,,,,
31069,11 DE MAYO DE 1974,11 DE MAYO DE 1974,Retiro,1.0,CALLE,38.3452031115046,"LINESTRING (-58.37858336273182 -34.58328022685381, -58.378726895094836 -34.58323075503132, -58.37885773025765 -34.58316475076378, -58.37893407679824 -34.583100211111386)",descartado,0.0,,,,,
31103,"PAZ, GRAL. AV.",GRAL. AV. PAZ,Villa Lugano,8.0,AVENIDA,64.55278774948451,"LINESTRING (-58.49662753714998 -34.67777143884888, -58.49632719848226 -34.67800055751568, -58.49611372771777 -34.67816941842531)",descartado,0.0,,,,,
31131,27 DE FEBRERO AV.,27 DE FEBRERO,Nueva Pompeya,4.0,AVENIDA,12.03862044691964,"LINESTRING (-58.420283690291384 -34.66000731336905, -58.42040352346818 -34.660051712976596)",descartado,0.0,,,,,
31134,"PAZ, GRAL. AV.",GRAL. AV. PAZ,Villa Real,10.0,AVENIDA,19.50704487325588,"LINESTRING (-58.53034096964438 -34.61813425294733, -58.53034527716197 -34.61819439216557, -58.530338123598845 -34.61830983649328)",descartado,0.0,,,,,
31246,PERU,PERU,San Telmo,1.0,CALLE,8.044279721217492,"LINESTRING (-58.373882971855735 -34.62674203850284, -58.37386302877915 -34.626812652176774)",descartado,0.0,,,,,
31284,"PAZ, GRAL. AV.",GRAL. AV. PAZ,Villa Lugano,8.0,AVENIDA,57.73975873417614,"LINESTRING (-58.48988266768207 -34.68291025134159, -58.48942353953947 -34.68326668079576)",descartado,0.0,,,,,
31302,AUTOPISTA 25 DE MAYO,25 DE MAYO,,,ENLACE AUTOPISTA,200.1636028594291,"LINESTRING (-58.46579948625523 -34.64970988905139, -58.46620409993961 -34.65000645780265, -58.4663069676373 -34.65006690416849, -58.46644869619209 -34.65013868351432, -58.46657442231119 -34.65018023852223, -58.466675003062385 -34.650208570924235, -58.46677329743063 -34.65022556906393, -58.46688530684204 -34.650235010483996, -58.46701103136859 -34.65023878418926, -58.467107039743624 -34.650252004055446, -58.46721219266134 -34.65028222489127, -58.46732877672564 -34.65034078084152, -58.46744307731186 -34.65043900666195, -58.46752995333109 -34.65064113079998)",descartado,0.0,,,,,
31306,AUTOPISTA 25 DE MAYO,25 DE MAYO,,,ENLACE AUTOPISTA,396.141132422208,"LINESTRING (-58.4661348748604 -34.652331397567615, -58.46627017867898 -34.652264305724586, -58.4663934559188 -34.652217092008925, -58.46654680134448 -34.6521748467018, -58.4666851138813 -34.6521599338249, -58.466832447534536 -34.65215992892084, -58.46695873415839 -34.65217234827158, -58.46712411106795 -34.65221706768877, -58.46726242806404 -34.65228415054907, -58.46735864957879 -34.65234626538902, -58.467457879759 -34.65243819690402, -58.46751501334861 -34.65250776735505, -58.46765033259041 -34.65271399527391, -58.46789992595183 -34.65313887523329, -58.46820666107289 -34.653697927968615, -58.468378071681585 -34.65398118029643, -58.468746621016585 -34.65453332665106)",descartado,0.0,,,,,
31309,AUTOPISTA 25 DE MAYO,25 DE MAYO,,,AUTOPISTA,264.2416501860368,"LINESTRING (-58.467001447200936 -34.65119227871134, -58.4670247978634 -34.65122297481685, -58.46723054839649 -34.651542215485414, -58.467538784667646 -34.65202597054043, -58.4676951579201 -34.65227157185357, -58.46792069088131 -34.65262191061511, -58.46816727687336 -34.653021942774025, -58.46832465415457 -34.65330768057555)",descartado,0.0,,,,,
31350,"PAZ, GRAL. AV.",GRAL. AV. PAZ,Saavedra,12.0,AVENIDA,151.5266667075362,"LINESTRING (-58.489410426249655 -34.54596153775775, -58.49006611883768 -34.5461876848586, -58.49070959669208 -34.546405725787764, -58.49094757062068 -34.546454019674144)",descartado,0.0,,,,,
31354,27 DE FEBRERO AV.,27 DE FEBRERO,Villa Soldati,8.0,AVENIDA,285.7612757189621,"LINESTRING (-58.438181372449606 -34.676499432308965, -58.438725877038706 -34.67696499590753, -58.43905442772489 -34.677360697054, -58.43922334801481 -34.67774085147686, -58.43941098787865 -34.67834597922401, -58.439558318814804 -34.67874694312376)",descartado,0.0,,,,,
31355,27 DE FEBRERO AV.,27 DE FEBRERO,Villa Soldati,8.0,AVENIDA,142.4678584293676,"LINESTRING (-58.439558318814804 -34.67874694312376, -58.439636190717394 -34.678958871321214, -58.4398753364892 -34.67930745200036, -58.44034804515644 -34.6798420908321)",descartado,0.0,,,,,
31356,27 DE FEBRERO AV.,27 DE FEBRERO,Villa Soldati,8.0,AVENIDA,1205.56622270668,"LINESTRING (-58.436801488920985 -34.67586173292359, -58.43833684402677 -34.67767949391264, -58.439129634080196 -34.67861806711765, -58.44148238662354 -34.681403302561414, -58.44190453511102 -34.68190302570568, -58.444329502374266 -34.684773463318145)",descartado,0.0,,,,,
31357,PUENTE LACARRA - OLIMPICO RIBERA SUR,PUENTE LACARRA - OLIMPICO RIBERA SUR,Villa Soldati,8.0,AVENIDA,303.1693264515827,"LINESTRING (-58.438181372449606 -34.676499432308965, -58.438603762552894 -34.67664474687829, -58.439056028321225 -34.676851691990365, -58.43941945016584 -34.67704527289943, -58.439815166309856 -34.67729891390882, -58.44013818000661 -34.67758590414428, -58.440453104312795 -34.67792627436031, -58.44054814305188 -34.67807045174864, -58.44060716490745 -34.67823561402345)",descartado,0.0,,,,,
31358,PUENTE LACARRA - OLIMPICO RIBERA SUR,PUENTE LACARRA - OLIMPICO RIBERA SUR,Villa Soldati,8.0,PUENTE,383.8973430248475,"LINESTRING (-58.44060716490745 -34.67823561402345, -58.44064800290907 -34.67843830742152, -58.44064793823509 -34.678682281293845, -58.440593352795695 -34.67891873839258, -58.44042062703809 -34.679181448029865, -58.44020702410363 -34.679384094773276, -58.43890279737077 -34.680142042740464, -58.43803026797811 -34.68065609099492)",descartado,0.0,,,,,
31359,PUENTE LACARRA - OLIMPICO RIBERA SUR,PUENTE LACARRA - OLIMPICO RIBERA SUR,Villa Soldati,8.0,AVENIDA,59.17073806655739,"LINESTRING (-58.44021080730088 -34.67783948361972, -58.440422787451695 -34.67802636068298, -58.440489055289696 -34.67815301677876, -58.440529910968515 -34.67828814822106)",descartado,0.0,,,,,
31360,PUENTE LACARRA - OLIMPICO RIBERA SUR,PUENTE LACARRA - OLIMPICO RIBERA SUR,Villa Soldati,8.0,AVENIDA,162.3881015715077,"LINESTRING (-58.439558318814804 -34.67874694312376, -58.439459521912816 -34.67817131402947, -58.43951410415505 -34.67795612692956, -58.43962924250081 -34.67782602935664, -58.43988975314975 -34.677766023265995, -58.44006542969961 -34.67778607438555, -58.44021080730088 -34.67783948361972)",descartado,0.0,,,,,
31361,PUENTE LACARRA - OLIMPICO RIBERA SUR,PUENTE LACARRA - OLIMPICO RIBERA SUR,Villa Soldati,8.0,AVENIDA,394.3543511036157,"LINESTRING (-58.436801488920985 -34.67586173292359, -58.4375335560852 -34.67655945253066, -58.43773341010705 -34.67674966819993, -58.43796355325282 -34.67694489427975, -58.43811496921603 -34.677055025974234, -58.43834513461349 -34.67718018701876, -58.43854502104395 -34.67727030947549, -58.43879943107802 -34.67735543771237, -58.43925375484575 -34.67744060403305, -58.43952635122622 -34.67748569750057, -58.439907972396355 -34.67760087509819, -58.44004728295044 -34.67768597915137, -58.44021080730088 -34.67783948361972)",descartado,0.0,,,,,
31362,PUENTE LACARRA - OLIMPICO RIBERA SUR,PUENTE LACARRA - OLIMPICO RIBERA SUR,Villa Soldati,8.0,PUENTE,368.4022173925048,"LINESTRING (-58.440529910968515 -34.67828814822106, -58.44055486990007 -34.67840263281519, -58.44056845781536 -34.67856309503177, -58.44053774239885 -34.678737624611784, -58.44046953945333 -34.67892340768052, -58.44032295047685 -34.679142957337, -58.44014570906828 -34.67929775423424, -58.43991735544478 -34.679438465913044, -58.43797122190807 -34.68058382525125)",descartado,0.0,,,,,
31370,23 DE JUNIO,23 DE JUNIO,Villa Soldati,8.0,CALLE,166.5029696797846,"LINESTRING (-58.457058859971944 -34.671951389014325, -58.4557442791735 -34.672987272802175)",descartado,0.0,,,,,
31371,23 DE JUNIO,23 DE JUNIO,Villa Soldati,8.0,CALLE,110.3773028353462,"LINESTRING (-58.4557442791735 -34.672987272802175, -58.45486218882226 -34.6736646516162)",descartado,0.0,,,,,
31372,23 DE JUNIO,23 DE JUNIO,Villa Soldati,8.0,CALLE,106.2936451829917,"LINESTRING (-58.45486218882226 -34.6736646516162, -58.45402147455989 -34.67432465934189)",descartado,0.0,,,,,
31373,23 DE JUNIO,23 DE JUNIO,Villa Soldati,8.0,CALLE,108.0940775336616,"LINESTRING (-58.45402147455989 -34.67432465934189, -58.45316685045819 -34.67499613949375)",descartado,0.0,,,,,
31374,23 DE JUNIO,23 DE JUNIO,Villa Soldati,8.0,CALLE,80.60628977246894,"LINESTRING (-58.45316685045819 -34.67499613949375, -58.45253455769871 -34.675501181272956)",descartado,0.0,,,,,
31375,23 DE JUNIO,23 DE JUNIO,Villa Soldati,8.0,CALLE,110.415476586351,"LINESTRING (-58.45253455769871 -34.675501181272956, -58.45165581991361 -34.67618205405893)",descartado,0.0,,,,,
31376,23 DE JUNIO,23 DE JUNIO,Villa Soldati,8.0,CALLE,66.6048822414621,"LINESTRING (-58.45165581991361 -34.67618205405893, -58.45113098276975 -34.67659733710924)",descartado,0.0,,,,,
31437,LUNA,LUNA,Barracas,4.0,CALLE,71.96807139341935,"LINESTRING (-58.39726271343351 -34.64457311289661, -58.39718642930039 -34.64469518674178, -58.39698917925901 -34.64517984296586)",descartado,0.0,,,,,
31495,GOYA,GOYA,Velez Sarsfield,10.0,CALLE,10.14624789929171,"LINESTRING (-58.48541215842333 -34.634731254215595, -58.485451659607655 -34.63464582060429)",descartado,0.0,,,,,
31548,VERA,VERA,Villa Crespo,15.0,CALLE,16.41715431189368,"LINESTRING (-58.444606097663446 -34.5916687178377, -58.44471645061165 -34.591552219582205)",descartado,0.0,,,,,
31550,15 DE NOVIEMBRE DE 1889,15 DE NOVIEMBRE DE 1889,Constitucion,1.0,CALLE,34.66557076067956,"LINESTRING (-58.38229035842627 -34.63082546643503, -58.38266613494361 -34.63085954801581)",descartado,0.0,,,,,
31559,AUTOPISTA 25 DE MAYO,25 DE MAYO,San Telmo,1.0,ENLACE AUTOPISTA,940.6711323992872,"LINESTRING (-58.36593233970664 -34.618354126261245, -58.36586842089277 -34.61858369677586, -58.36580385842622 -34.61936340163627, -58.36576575385252 -34.619784343937816, -58.36562860805824 -34.620776868727134, -58.365580481912936 -34.62110691102462, -58.36557887125065 -34.6212468353024, -58.365593225643494 -34.62134252240079, -58.36562639079454 -34.621434636724125, -58.36568557344123 -34.621545906978575, -58.36577659953935 -34.62164285132498, -58.36590523204374 -34.62174580535775, -58.36619582561593 -34.62190509769647, -58.36677708117471 -34.62216747093417, -58.367277425899886 -34.62234366970437, -58.367660685415025 -34.6224384504313, -58.36807145584682 -34.62251292037163, -58.368609572504894 -34.62255400139305, -58.36920991700405 -34.62257718888278, -58.37032966784098 -34.62255652042997, -58.37109196779924 -34.62254005501615, -58.371714671138605 -34.6226165767239)",descartado,0.0,,,,,
31563,ANTARTIDA ARGENTINA AV.,ANTARTIDA ARGENTINA,Retiro,1.0,AVENIDA,30.31583457751267,"LINESTRING (-58.372070697067336 -34.587300092181565, -58.3721583833117 -34.5870366162401)",descartado,0.0,,,,,
31564,ANTARTIDA ARGENTINA AV.,ANTARTIDA ARGENTINA,,,AVENIDA,195.0337798272484,"LINESTRING (-58.37252761206036 -34.58596777034465, -58.373132562891996 -34.584282386646166)",descartado,0.0,,,,,
31565,ANTARTIDA ARGENTINA AV.,ANTARTIDA ARGENTINA,,,AVENIDA,259.90723899835,"LINESTRING (-58.373132562891996 -34.584282386646166, -58.37383828905767 -34.58233380628802, -58.37393862520405 -34.58203642568448)",descartado,0.0,,,,,
31580,ANTARTIDA ARGENTINA AV.,ANTARTIDA ARGENTINA,Retiro,1.0,AVENIDA,53.75088252242232,"LINESTRING (-58.37177408399814 -34.58694677571301, -58.37181416660554 -34.587070900533526, -58.3718767560691 -34.58712467919026, -58.37194325060084 -34.58714391889623, -58.372045349828056 -34.587138877972095, -58.3721583833117 -34.5870366162401)",descartado,0.0,,,,,
31581,ANTARTIDA ARGENTINA AV.,ANTARTIDA ARGENTINA,Retiro,1.0,AVENIDA,105.630356615905,"LINESTRING (-58.37347259541134 -34.58193597809261, -58.373475737061916 -34.58192709509995, -58.373647579844736 -34.58168628995482, -58.373764150908876 -34.58164202546696, -58.37386419281537 -34.58162589398676, -58.37395387724459 -34.58165239913133, -58.37399503234861 -34.5817385707136, -58.37393862520405 -34.58203642568448)",descartado,0.0,,,,,
31588,ANTARTIDA ARGENTINA AV.,ANTARTIDA ARGENTINA,Retiro,1.0,AVENIDA,49.13204222277675,"LINESTRING (-58.37347259541134 -34.58193597809261, -58.373475737061916 -34.58192709509995, -58.37338142113452 -34.581791851990154, -58.373286629559324 -34.58172013971439, -58.37308975008255 -34.581667117038535)",descartado,0.0,,,,,
31605,PREFECTURA NAVAL ARGENTINA,PREFECTURA NAVAL ARGENTINA,Retiro,1.0,CALLE,75.15201634601277,"LINESTRING (-58.37517609921402 -34.58066305641467, -58.37504061760155 -34.58070451187512, -58.37493447532559 -34.58073003420792, -58.37488475802097 -34.58070714183328, -58.37484831579202 -34.58067420225704, -58.37479091622488 -34.58059919175382, -58.37474238100636 -34.58050407404923, -58.374772304346585 -34.58043004111781, -58.37483021185601 -34.5803368870505)",descartado,0.0,,,,,
31606,ANTARTIDA ARGENTINA AV.,ANTARTIDA ARGENTINA,Retiro,1.0,AVENIDA,81.46096715363228,"LINESTRING (-58.37347259541134 -34.58193597809261, -58.373475737061916 -34.58192709509995, -58.37350733549871 -34.581689598400466, -58.373503478616435 -34.58144055291636, -58.37354919479304 -34.58120653034931)",descartado,0.0,,,,,
31609,ANTARTIDA ARGENTINA AV.,ANTARTIDA ARGENTINA,,,AVENIDA,99.37515136681728,"LINESTRING (-58.37393862520405 -34.58203642568448, -58.37410158445209 -34.581553435290566, -58.374220645318985 -34.581171580660744)",descartado,0.0,,,,,
31629,ANTARTIDA ARGENTINA AV.,ANTARTIDA ARGENTINA,Retiro,1.0,AVENIDA,51.8704215875235,"LINESTRING (-58.3723578015252 -34.586413752366354, -58.37252761206036 -34.58596777034465)",descartado,0.0,,,,,
31630,ANTARTIDA ARGENTINA AV.,ANTARTIDA ARGENTINA,Retiro,1.0,AVENIDA,50.10769502064159,"LINESTRING (-58.37192868038489 -34.587736236577065, -58.372070697067336 -34.587300092181565)",descartado,0.0,,,,,
31639,PUENTE LACARRA - OLIMPICO RIBERA SUR,PUENTE LACARRA - OLIMPICO RIBERA SUR,Villa Soldati,8.0,PUENTE,170.9956152048059,"LINESTRING (-58.43803026797811 -34.68065609099492, -58.43784612421423 -34.68084746286612, -58.43778982100998 -34.68096732449307, -58.43784898552071 -34.681182618901985, -58.43826207601859 -34.68137776189147, -58.438807398941485 -34.68170100078998)",descartado,0.0,,,,,
31640,PUENTE LACARRA - OLIMPICO RIBERA SUR,PUENTE LACARRA - OLIMPICO RIBERA SUR,Villa Soldati,8.0,PUENTE,142.209468776903,"LINESTRING (-58.43803026797811 -34.68065609099492, -58.43761689611784 -34.68081865681143, -58.43721827480815 -34.68092806410811, -58.437164944105014 -34.681008783823536, -58.43703756960696 -34.681113951849575, -58.43686580038428 -34.681131040296236, -58.436657498941756 -34.6811492007899)",descartado,0.0,,,,,
31641,PUENTE LACARRA - OLIMPICO RIBERA SUR,PUENTE LACARRA - OLIMPICO RIBERA SUR,Villa Soldati,8.0,PUENTE,159.407545255588,"LINESTRING (-58.43797122190807 -34.68058382525125, -58.437579622944966 -34.680754445405945, -58.437123543329704 -34.68081551031769, -58.436996214432995 -34.680773894899936, -58.43683629849054 -34.68076896829278, -58.43670893770397 -34.68083010095848, -58.43668225416768 -34.680927950874285, -58.436657498941756 -34.6811492007899)",descartado,0.0,,,,,
31645,PUENTE LACARRA - OLIMPICO RIBERA SUR,PUENTE LACARRA - OLIMPICO RIBERA SUR,,,PUENTE,16.63522904484879,"LINESTRING (-58.438807398941485 -34.68170100078998, -58.438870498941505 -34.68184160078998)",descartado,0.0,,,,,
31741,PUMA,PUMA,Retiro,1.0,CALLE,54.40397219799046,"LINESTRING (-58.380667657504716 -34.581683121908775, -58.38114920991241 -34.58139699685473)",descartado,0.0,,,,,
31742,PUMA,PUMA,Retiro,1.0,CALLE,54.35294376253431,"LINESTRING (-58.38186163395713 -34.5809736871793, -58.382344547895414 -34.58068993445651)",descartado,0.0,,,,,
31743,PUMA,PUMA,Retiro,1.0,CALLE,76.25136246175329,"LINESTRING (-58.38306116175311 -34.58026885618749, -58.38373887661674 -34.57987106620467)",descartado,0.0,,,,,
31778,8 DE MARZO,8 DE MARZO,Puerto Madero,1.0,CALLE,50.08348551144914,"LINESTRING (-58.350859256050235 -34.61673117054735, -58.350673968380505 -34.6171558495711)",descartado,0.0,,,,,
31779,8 DE MARZO,8 DE MARZO,Puerto Madero,1.0,CALLE,64.97421941189484,"LINESTRING (-58.350673968380505 -34.6171558495711, -58.35045061088257 -34.6177116679226)",descartado,0.0,,,,,
31798,"PAZ, GRAL. AV.",GRAL. AV. PAZ,Versalles,10.0,AVENIDA,241.0920329263064,"LINESTRING (-58.53039606094462 -34.63316602629918, -58.530429627844946 -34.633259673473695, -58.53049048954874 -34.63342946894364, -58.53059502447955 -34.63357458881257, -58.53067962168844 -34.63369202984304, -58.530815399302654 -34.63380197169428, -58.530984859514184 -34.63390337985252, -58.53113214681398 -34.63399151893246, -58.53131104351542 -34.63406420169993, -58.53144684441717 -34.634119375097065, -58.53179806366192 -34.63413393058736, -58.53244169591327 -34.634126567272936)",descartado,0.0,,,,,
31800,"PAZ, GRAL. AV.",GRAL. AV. PAZ,Mataderos,9.0,AVENIDA,256.1532845200775,"LINESTRING (-58.50461019457534 -34.67297390612361, -58.50346322818322 -34.67380574052576, -58.50292116362791 -34.674236423959265, -58.5025179062848 -34.674503135662384)",descartado,0.0,,,,,
31828,PASAJE 9 DE JULIO (NO OFICIAL),9 DE JULIO (NO OFICIAL),Paternal,15.0,PASAJE,67.56963454763903,"LINESTRING (-58.469254365865076 -34.59829102871514, -58.46992991041457 -34.598533773729656)",descartado,0.0,,,,,
31830,PASAJE 9 DE JULIO (NO OFICIAL),9 DE JULIO (NO OFICIAL),Paternal,15.0,PASAJE,113.4607230481177,"LINESTRING (-58.46992991041457 -34.598533773729656, -58.47106209051593 -34.59894550064496)",descartado,0.0,,,,,
31832,PASAJE 9 DE JULIO (NO OFICIAL),9 DE JULIO (NO OFICIAL),Paternal,15.0,PASAJE,10.68149102216681,"LINESTRING (-58.46864726100484 -34.5980227971148, -58.46874758003283 -34.59807167483452)",descartado,0.0,,,,,
31834,PASAJE 9 DE JULIO (NO OFICIAL),9 DE JULIO (NO OFICIAL),Paternal,15.0,PASAJE,117.4060494546716,"LINESTRING (-58.467478381782364 -34.5975917923698, -58.46864726100484 -34.5980227971148)",descartado,0.0,,,,,
31835,PASAJE 9 DE JULIO (NO OFICIAL),9 DE JULIO (NO OFICIAL),Paternal,15.0,PASAJE,99.99501173237813,"LINESTRING (-58.4664573045164 -34.597276312761394, -58.467478381782364 -34.5975917923698)",descartado,0.0,,,,,
31840,PASAJE 9 DE JULIO (NO OFICIAL),9 DE JULIO (NO OFICIAL),Paternal,15.0,PASAJE,52.72132935501596,"LINESTRING (-58.46874758003283 -34.59807167483452, -58.468915974121664 -34.59816943167212, -58.469254365865076 -34.59829102871514)",descartado,0.0,,,,,
31847,PASAJE I,I,Villa Soldati,8.0,PASAJE,37.72039572785176,"LINESTRING (-58.45559248719205 -34.656743182485094, -58.45588227374975 -34.656984573128156)",descartado,0.0,,,,,
31859,27 DE FEBRERO AV.,27 DE FEBRERO,Villa Soldati,8.0,AVENIDA,450.7670502302525,"LINESTRING (-58.42821730919876 -34.66568510331934, -58.428530568426794 -34.6660531855429, -58.43059615243459 -34.66848016193992, -58.43104613794393 -34.669008852902934)",descartado,0.0,,,,,
31860,27 DE FEBRERO AV.,27 DE FEBRERO,Villa Soldati,8.0,AVENIDA,65.63547405528449,"LINESTRING (-58.43111267216477 -34.668876148500566, -58.4312677335532 -34.669068325330684, -58.43152836161607 -34.66935767134956)",descartado,0.0,,,,,
31861,27 DE FEBRERO AV.,27 DE FEBRERO,Villa Soldati,8.0,AVENIDA,101.1263202543267,"LINESTRING (-58.43152836161607 -34.66935767134956, -58.43215879849078 -34.67010576325613)",descartado,0.0,,,,,
31871,8 DE DICIEMBRE,8 DE DICIEMBRE,Barracas,4.0,SENDERO,17.47581412820772,"LINESTRING (-58.399853915864306 -34.65833170180397, -58.39979596131757 -34.65848177549446)",descartado,0.0,,,,,
31873,8 DE DICIEMBRE,8 DE DICIEMBRE,Barracas,4.0,SENDERO,70.92301013642859,"LINESTRING (-58.399888698231926 -34.65898786099418, -58.399868460391225 -34.65908947168788, -58.399782610788044 -34.65945977567564, -58.39980061294662 -34.65961837380726)",descartado,0.0,,,,,
31877,PASAJE 15 DE MAYO (NO OFICIAL),15 DE MAYO (NO OFICIAL),Barracas,4.0,SENDERO,70.20853625351177,"LINESTRING (-58.40018276944372 -34.65898674841494, -58.40021317087523 -34.65915024667625, -58.400235791737096 -34.65923084714609, -58.40025162580404 -34.65928801713558, -58.400269722409064 -34.659352684920684, -58.40027308315716 -34.65940797435902, -58.400311581142496 -34.65948858293958, -58.40033309760442 -34.659529825464695, -58.40034438427428 -34.659601986392104)",descartado,0.0,,,,,
31879,"PAZ, GRAL. AV.",GRAL. AV. PAZ,Villa Riachuelo,8.0,AVENIDA,384.1621507645593,"LINESTRING (-58.473746714952945 -34.696107117837556, -58.47337933681546 -34.696383205196156, -58.472491738043914 -34.69705022997995, -58.47064556238885 -34.69843756392287)",descartado,0.0,,,,,
31881,"PAZ, GRAL. AV.",GRAL. AV. PAZ,Villa Riachuelo,8.0,AVENIDA,140.3009331473964,"LINESTRING (-58.477093322381 -34.69359198187653, -58.476222471516635 -34.69424649165044, -58.47596083046106 -34.694443131295344)",descartado,0.0,,,,,
31883,"PAZ, GRAL. AV.",GRAL. AV. PAZ,Villa Riachuelo,8.0,AVENIDA,335.2515560120896,"LINESTRING (-58.47976785845263 -34.69153196925885, -58.47942892674186 -34.691836517994254, -58.47750539398598 -34.69328227335912, -58.477093322381 -34.69359198187653)",descartado,0.0,,,,,
31887,"PAZ, GRAL. AV.",GRAL. AV. PAZ,Villa Lugano,8.0,AVENIDA,78.35331183369418,"LINESTRING (-58.4932996736902 -34.67984402494359, -58.49328256682264 -34.679968091401996, -58.49323874195523 -34.68006805726248, -58.49316618506097 -34.68018177408491, -58.49307244649422 -34.680276754603945, -58.49286107909479 -34.68041706786122)",descartado,0.0,,,,,
31888,"PAZ, GRAL. AV.",GRAL. AV. PAZ,Villa Lugano,8.0,AVENIDA,53.96197695654708,"LINESTRING (-58.493461710804084 -34.68025737020393, -58.4934237168048 -34.68027229354585, -58.493230903983445 -34.680347308143524, -58.493067589568945 -34.680437308319874, -58.492959851204 -34.68050761587819)",descartado,0.0,,,,,
31891,"PAZ, GRAL. AV.",GRAL. AV. PAZ,Villa Lugano,8.0,AVENIDA,264.3778033777556,"LINESTRING (-58.49896559166213 -34.6773211878934, -58.49853359018285 -34.677646817916546, -58.497448284533796 -34.67846487135936, -58.49683458836326 -34.67892743584357)",descartado,0.0,,,,,
31893,"PAZ, GRAL. AV.",GRAL. AV. PAZ,Villa Lugano,8.0,AVENIDA,305.4526199772326,"LINESTRING (-58.5025179062848 -34.674503135662384, -58.50229015432277 -34.67472663426414, -58.501455869721774 -34.675405907676826, -58.50041827105146 -34.676211239113194, -58.50013023352803 -34.67642119381493)",descartado,0.0,,,,,
31895,"PAZ, GRAL. AV.",GRAL. AV. PAZ,Mataderos,9.0,AVENIDA,361.5101259711993,"LINESTRING (-58.514985092019636 -34.66504314584068, -58.5149605488422 -34.66506157711538, -58.513333975420615 -34.666336479469734, -58.51209673028779 -34.66726177608644)",descartado,0.0,,,,,
31897,"PAZ, GRAL. AV.",GRAL. AV. PAZ,Mataderos,9.0,AVENIDA,26.1131013112481,"LINESTRING (-58.51450676252411 -34.66427519978177, -58.51429628385055 -34.664433824894026)",descartado,0.0,,,,,
31898,"PAZ, GRAL. AV.",GRAL. AV. PAZ,Mataderos,9.0,AVENIDA,419.6457162814123,"LINESTRING (-58.518399307018996 -34.662524884133504, -58.5179913532347 -34.662785424013045, -58.51697945836791 -34.66354538570348, -58.51560148857109 -34.66458024408099, -58.514985092019636 -34.66504314584068)",descartado,0.0,,,,,
31900,"PAZ, GRAL. AV.",GRAL. AV. PAZ,Mataderos,9.0,AVENIDA,30.27370056131075,"LINESTRING (-58.52124339304424 -34.65915935271681, -58.520999579363625 -34.65934341968021)",descartado,0.0,,,,,
31901,"PAZ, GRAL. AV.",GRAL. AV. PAZ,Mataderos,9.0,AVENIDA,504.1499975265035,"LINESTRING (-58.525766059083296 -34.65688731930123, -58.52542966450292 -34.65715726909194, -58.52454066833232 -34.65781922985814, -58.52279652944695 -34.65915711546625, -58.52173071819262 -34.659974639234015)",descartado,0.0,,,,,
31903,"PAZ, GRAL. AV.",GRAL. AV. PAZ,,,AVENIDA,522.9086923479115,"LINESTRING (-58.52984886760028 -34.641787314923846, -58.52985662805959 -34.642167664568944, -58.5297353632714 -34.64410676750107, -58.52971787012956 -34.64438648681908, -58.52964698594643 -34.6455199219061, -58.52958599971967 -34.64649506453289)",descartado,0.0,,,,,
31905,"PAZ, GRAL. AV.",GRAL. AV. PAZ,Versalles,10.0,AVENIDA,417.1750198629812,"LINESTRING (-58.53084380218674 -34.62538885884414, -58.530859624248976 -34.62567477502019, -58.53083017601384 -34.62590929644777, -58.53074244769963 -34.62737587680476, -58.53071082660982 -34.627904483405395, -58.5306366872021 -34.62914383835362)",descartado,0.0,,,,,
31907,"PAZ, GRAL. AV.",GRAL. AV. PAZ,Villa Real,10.0,AVENIDA,445.5742911016628,"LINESTRING (-58.53121417042269 -34.61911193116556, -58.53117254861279 -34.61999047441658, -58.53111330215388 -34.621241002961504, -58.531088086044335 -34.621773233885165, -58.530991703124805 -34.623124033640835)",descartado,0.0,,,,,
31910,ACCESO NORTE - PANAMERICANA,ACCESO NORTE - PANAMERICANA,Saavedra,12.0,ENLACE AUTOPISTA,265.6490209773275,"LINESTRING (-58.49514276525329 -34.54681695951727, -58.495157950933205 -34.54696871586585, -58.49520149031906 -34.54709699656531, -58.49532069452355 -34.54730348405354, -58.49556470041149 -34.54752088967113, -58.495804906630866 -34.547689795088495, -58.496345933316405 -34.54798995406031, -58.496876856139245 -34.54823539552021, -58.49715089764889 -34.54840061832141)",descartado,0.0,,,,,
31911,"PAZ, GRAL. AV.",GRAL. AV. PAZ,Saavedra,12.0,AVENIDA,284.8207669992042,"LINESTRING (-58.49514276525329 -34.54681695951727, -58.49520394352642 -34.54692228894415, -58.49530737492949 -34.54708914563595, -58.49545366203216 -34.54724556048113, -58.49557470953065 -34.54732897008183, -58.49625051031654 -34.54766464082798, -58.49642702545517 -34.5477501203775, -58.496608586653295 -34.5478439424816, -58.49713563484348 -34.54815044477476, -58.4975307161039 -34.548386752045616)",descartado,0.0,,,,,
31912,"PAZ, GRAL. AV.",GRAL. AV. PAZ,Saavedra,12.0,AVENIDA,481.8583307772988,"LINESTRING (-58.492812644498606 -34.54651287667339, -58.493422279629094 -34.54674404496587, -58.49417536429625 -34.547033119239266, -58.494561981469936 -34.54714705655164, -58.49458993562385 -34.54714820385491, -58.494736037248174 -34.54719222359054, -58.49521419004022 -34.54733880152701, -58.49567141637664 -34.54748887475342, -58.495940386237145 -34.547608402210756, -58.4975307161039 -34.548386752045616)",descartado,0.0,,,,,
31913,"PAZ, GRAL. AV.",GRAL. AV. PAZ,Saavedra,12.0,AVENIDA,328.6788483508403,"LINESTRING (-58.4975307161039 -34.548386752045616, -58.49826868675434 -34.54876185497299, -58.49858453434298 -34.54892291012995, -58.49885689051066 -34.54907928373311, -58.49907062709274 -34.549229416041605, -58.499492436728005 -34.549545326624454, -58.499745910403405 -34.549753333712225, -58.49985042165862 -34.549839742753605, -58.4999710311953 -34.54998286133847, -58.50004340120447 -34.55007788498352, -58.50019158542338 -34.55030459860361)",descartado,0.0,,,,,
31914,"PAZ, GRAL. AV.",GRAL. AV. PAZ,Saavedra,12.0,AVENIDA,69.80360006555644,"LINESTRING (-58.49617291317188 -34.54851571102885, -58.496847602505156 -34.548806023782284)",descartado,0.0,,,,,
31916,"PAZ, GRAL. AV.",GRAL. AV. PAZ,Saavedra,12.0,AVENIDA,197.6780150694089,"LINESTRING (-58.49543260014178 -34.5467540253212, -58.495457870239356 -34.54690421439018, -58.49551591106927 -34.54704396438092, -58.4956394802954 -34.547129459295796, -58.4963253550813 -34.54744218033605, -58.49706671154595 -34.54778200059345)",descartado,0.0,,,,,
31917,"PAZ, GRAL. AV.",GRAL. AV. PAZ,Saavedra,12.0,AVENIDA,366.8686948782368,"LINESTRING (-58.49706671154595 -34.54778200059345, -58.4976920943031 -34.548107247248176, -58.4983981666514 -34.54844915554028, -58.4990412006181 -34.54875770166299, -58.49965145735181 -34.54905165193737, -58.50050129015477 -34.549472774414085)",descartado,0.0,,,,,
31918,"PAZ, GRAL. AV.",GRAL. AV. PAZ,Saavedra,12.0,AVENIDA,206.9657862255624,"LINESTRING (-58.500203587427805 -34.55058937261116, -58.50039972162282 -34.550827199924264, -58.500833841994535 -34.55152604327761, -58.501199487709584 -34.552257965949664)",descartado,0.0,,,,,
31919,"PAZ, GRAL. AV.",GRAL. AV. PAZ,Saavedra,12.0,AVENIDA,222.1407666677888,"LINESTRING (-58.49835755814303 -34.54930574235903, -58.49876477817761 -34.549539146060795, -58.49927694185602 -34.54986137984589, -58.49957674926271 -34.550055547970615, -58.49986158201329 -34.55027245226436, -58.500203587427805 -34.55058937261116)",descartado,0.0,,,,,
31920,"PAZ, GRAL. AV.",GRAL. AV. PAZ,Saavedra,12.0,AVENIDA,202.0290461825265,"LINESTRING (-58.49835755814303 -34.54930574235903, -58.49853496495528 -34.54947514980948, -58.498784821995365 -34.549683800585804, -58.49900970256678 -34.54989039169538, -58.49922459259509 -34.550094918794656, -58.4993395369644 -34.55021061270411, -58.4993895261671 -34.550291194219525, -58.49947202279017 -34.5504564956067, -58.499618441557494 -34.55076886926101)",descartado,0.0,,,,,
31921,"PAZ, GRAL. AV.",GRAL. AV. PAZ,Villa Pueyrredon,12.0,AVENIDA,147.4520740350728,"LINESTRING (-58.509039477603814 -34.56999799179525, -58.50923101833036 -34.57008482655665, -58.50936852427241 -34.57019846939544, -58.50947279093097 -34.57065635455534, -58.509529728183026 -34.57083625352415, -58.509642045789754 -34.571073932403515, -58.50967969379723 -34.57114828554185)",descartado,0.0,,,,,
31922,"PAZ, GRAL. AV.",GRAL. AV. PAZ,Villa Pueyrredon,12.0,AVENIDA,25.87235345265015,"LINESTRING (-58.50948893731324 -34.570976551104344, -58.50967969379723 -34.57114828554185)",descartado,0.0,,,,,
31923,"PAZ, GRAL. AV.",GRAL. AV. PAZ,Saavedra,12.0,AVENIDA,55.59294828071982,"LINESTRING (-58.50848130244244 -34.56905578829106, -58.50849644230198 -34.56914040590708, -58.50853675019616 -34.56924721034582, -58.50857872991734 -34.56934430327154, -58.5087616018385 -34.569476024775255)",descartado,0.0,,,,,
31925,"PAZ, GRAL. AV.",GRAL. AV. PAZ,Saavedra,12.0,AVENIDA,412.273181333046,"LINESTRING (-58.507054821938496 -34.56350353491896, -58.50773898881632 -34.56496969960225, -58.50867268318241 -34.56697050998691)",descartado,0.0,,,,,
31929,"PAZ, GRAL. AV.",GRAL. AV. PAZ,Saavedra,12.0,AVENIDA,570.5825807485078,"LINESTRING (-58.5032609114778 -34.557517696529175, -58.503781784400765 -34.55860928901956, -58.50414504286189 -34.55937628590956, -58.50461357091412 -34.56037002730947, -58.50552702702811 -34.56230722501971)",descartado,0.0,,,,,
31930,"PAZ, GRAL. AV.",GRAL. AV. PAZ,Saavedra,12.0,AVENIDA,28.97215503642469,"LINESTRING (-58.504010167047596 -34.55698931504781, -58.50410611540624 -34.55723812172533)",descartado,0.0,,,,,
31931,PUENTE PEATONAL ALT. PARQUE SARMIENTO SUR (NO OFICIAL),PUENTE PEATONAL ALT. PARQUE SARMIENTO SUR (NO OFICIAL),Saavedra,12.0,PUENTE,83.54378618894773,"LINESTRING (-58.5032609114778 -34.557517696529175, -58.50410611540624 -34.55723812172533)",descartado,0.0,,,,,
31932,"PAZ, GRAL. AV.",GRAL. AV. PAZ,Saavedra,12.0,AVENIDA,199.9311123909651,"LINESTRING (-58.502464672954304 -34.55584019071733, -58.502579436695456 -34.55608948422905, -58.5032609114778 -34.557517696529175)",descartado,0.0,,,,,
31933,"PAZ, GRAL. AV.",GRAL. AV. PAZ,Saavedra,12.0,AVENIDA,169.4246223068548,"LINESTRING (-58.503340968218744 -34.55556596410623, -58.504010167047596 -34.55698931504781)",descartado,0.0,,,,,
31934,PUENTE PEATONAL ALT. PARQUE SARMIENTO NORTE (NO OFICIAL),PUENTE PEATONAL ALT. PARQUE SARMIENTO NORTE (NO OFICIAL),Saavedra,12.0,PUENTE,85.98977865871554,"LINESTRING (-58.502464672954304 -34.55584019071733, -58.503340968218744 -34.55556596410623)",descartado,0.0,,,,,
31964,20 DE SEPTIEMBRE,20 DE SEPTIEMBRE,La Boca,4.0,CALLE,14.15442591979934,"LINESTRING (-58.36329974526817 -34.63033438970921, -58.36339606093019 -34.63043409302319)",descartado,0.0,,,,,
31983,"PAZ, GRAL. AV.",GRAL. AV. PAZ,Villa Devoto,11.0,AVENIDA,147.8295762214369,"LINESTRING (-58.5257555603054 -34.605562921113574, -58.52585566197193 -34.60577428705198, -58.526345956906106 -34.60680285058382)",descartado,0.0,,,,,
31984,"PAZ, GRAL. AV.",GRAL. AV. PAZ,Villa Devoto,11.0,AVENIDA,132.537139792341,"LINESTRING (-58.52672719700528 -34.60536933285218, -58.52722978324676 -34.606489447680076)",descartado,0.0,,,,,
31999,TAJY,TAJY,Barracas,4.0,SENDERO,35.01531866276844,"LINESTRING (-58.40207307460816 -34.65746721151765, -58.402223810253425 -34.657478442685544, -58.40245340299051 -34.65746046875807)",descartado,0.0,,,,,
32003,8 DE JULIO DE 2008,8 DE JULIO DE 2008,Barracas,4.0,CALLE,28.57244107856225,"LINESTRING (-58.40189847359399 -34.6579671404763, -58.40219470612714 -34.65804723551914)",descartado,0.0,,,,,
32004,8 DE JULIO DE 2008,8 DE JULIO DE 2008,Barracas,4.0,CALLE,49.66607492606866,"LINESTRING (-58.40219470612714 -34.65804723551914, -58.402320830124424 -34.65806520334019, -58.40273426304573 -34.65807972731479)",descartado,0.0,,,,,
32005,23 DE AGOSTO DE 1997,23 DE AGOSTO DE 1997,Barracas,4.0,CALLE,47.63299416117928,"LINESTRING (-58.401607156647295 -34.65864376909355, -58.40209296475682 -34.658796117579385)",descartado,0.0,,,,,
32006,23 DE AGOSTO DE 1997,23 DE AGOSTO DE 1997,Barracas,4.0,CALLE,26.03843672530355,"LINESTRING (-58.40209296475682 -34.658796117579385, -58.40219717433882 -34.6587289637282, -58.40230950919052 -34.65870797820169, -58.40234619153843 -34.65870651570744)",descartado,0.0,,,,,
32007,10 DE OCTUBRE DE 1996,10 DE OCTUBRE DE 1996,Barracas,4.0,CALLE,72.43863212211791,"LINESTRING (-58.4012121078372 -34.65949942724809, -58.40196703376156 -34.659306455438745)",descartado,0.0,,,,,
32008,10 DE OCTUBRE DE 1996,10 DE OCTUBRE DE 1996,Barracas,4.0,CALLE,86.6291720896848,"LINESTRING (-58.40196703376156 -34.659306455438745, -58.402499679752744 -34.65916719421838, -58.40276379476977 -34.65915659161508, -58.402880715268815 -34.65912802844422)",descartado,0.0,,,,,
32015,20 DE JUNIO,20 DE JUNIO,Barracas,4.0,SENDERO,71.07114765680774,"LINESTRING (-58.39176488554857 -34.64741697070997, -58.39253841013446 -34.647458979058726)",descartado,0.0,,,,,
32016,10 DE DICIEMBRE DE 1983,10 DE DICIEMBRE DE 1983,Barracas,4.0,SENDERO,73.77117223650487,"LINESTRING (-58.39171704394807 -34.6478055289986, -58.39251961926129 -34.64785321234069)",descartado,0.0,,,,,
32020,PUMA,PUMA,Retiro,1.0,CALLE,25.57354507444886,"LINESTRING (-58.38114920991241 -34.58139699685473, -58.381375570961104 -34.58126249807225)",descartado,0.0,,,,,
32021,PUMA,PUMA,Retiro,1.0,CALLE,54.91411615851475,"LINESTRING (-58.381375570961104 -34.58126249807225, -58.38186163395713 -34.5809736871793)",descartado,0.0,,,,,
32026,PUMA,PUMA,Retiro,1.0,CALLE,26.85112707684238,"LINESTRING (-58.382344547895414 -34.58068993445651, -58.38258311303707 -34.580549755865)",descartado,0.0,,,,,
32030,PUMA,PUMA,Retiro,1.0,CALLE,80.05109274892776,"LINESTRING (-58.38373887661674 -34.57987106620467, -58.38445035617821 -34.579453449608906)",descartado,0.0,,,,,
32035,PUMA,PUMA,Retiro,1.0,CALLE,53.80589732905825,"LINESTRING (-58.38258311303707 -34.580549755865, -58.38306116175311 -34.58026885618749)",descartado,0.0,,,,,
32085,RUDA,RUDA,Retiro,1.0,PASAJE,30.05685875938158,"LINESTRING (-58.38297701270084 -34.57976322683991, -58.3827888812635 -34.57954142709465)",descartado,0.0,,,,,
32086,RUDA,RUDA,Retiro,1.0,PASAJE,21.76357102183706,"LINESTRING (-58.3827888812635 -34.57954142709465, -58.38264845423847 -34.57938332352713)",descartado,0.0,,,,,
32147,CAÑA,CANA,Retiro,1.0,CALLE,38.10953617154269,"LINESTRING (-58.37930697860258 -34.58389512656516, -58.379223996363145 -34.583823517491815, -58.379137575183485 -34.58373044030297, -58.37903333046669 -34.583637211227995)",descartado,0.0,,,,,
32148,CAÑA,CANA,Retiro,1.0,CALLE,33.85124652102438,"LINESTRING (-58.37903333046669 -34.583637211227995, -58.37893880217597 -34.58352137119306, -58.37879704889398 -34.583404717853185)",descartado,0.0,,,,,
32153,CAÑA,CANA,Retiro,1.0,CALLE,52.01862988072788,"LINESTRING (-58.37962919957112 -34.584278707857905, -58.379439108308745 -34.584036731410876, -58.37935008103259 -34.583924897306105, -58.37930697860258 -34.58389512656516)",descartado,0.0,,,,,
32296,MAKA,MAKA,Retiro,1.0,CALLE,103.0219039398122,"LINESTRING (-58.389601951424275 -34.5795573319807, -58.39038364923259 -34.57929782389906, -58.390653790280304 -34.57923547970236)",descartado,0.0,,,,,
32297,MAKA,MAKA,Retiro,1.0,CALLE,73.23860598737119,"LINESTRING (-58.38886926907613 -34.57981924978089, -58.389601951424275 -34.5795573319807)",descartado,0.0,,,,,
32301,11 DE MAYO DE 1974,11 DE MAYO DE 1974,Retiro,1.0,CALLE,86.55465610004853,"LINESTRING (-58.37736472523359 -34.58441293717741, -58.3774062806491 -34.5843852993221, -58.37740748973965 -34.58433092039032, -58.37755873362319 -34.58420223178299, -58.37757608325178 -34.584156450387354, -58.37765114618068 -34.58407445603393, -58.3776800727763 -34.58398765934653, -58.37770906632826 -34.583835034541345, -58.377731005615786 -34.58381310709839, -58.377736534393605 -34.583734789053786)",descartado,0.0,,,,,
32310,11 DE MAYO DE 1974,11 DE MAYO DE 1974,Retiro,1.0,CALLE,67.52005572326632,"LINESTRING (-58.376270836994216 -34.58479312437443, -58.37641385508548 -34.58470743146915, -58.37686799173852 -34.584437426974475)",descartado,0.0,,,,,
32311,11 DE MAYO DE 1974,11 DE MAYO DE 1974,Retiro,1.0,CALLE,55.61184720505953,"LINESTRING (-58.37686799173852 -34.584437426974475, -58.37707176395795 -34.58432437431362, -58.37709949271451 -34.58428146236197, -58.37714335912239 -34.5842500100917, -58.37730380221156 -34.58414994918334, -58.3773292091014 -34.58412134602165)",descartado,0.0,,,,,
32356,9 DE JULIO AV.,9 DE JULIO,Constitucion,1.0,AVENIDA,125.2463240722437,"LINESTRING (-58.38064525142663 -34.61851798778711, -58.38053042090895 -34.619138628944334, -58.380490563456874 -34.61942948421565, -58.38046218408952 -34.61963657819219)",descartado,0.0,,,,,
32357,9 DE JULIO AV.,9 DE JULIO,Constitucion,1.0,AVENIDA,65.94845032662613,"LINESTRING (-58.38021865273488 -34.619078072415576, -58.3802959487722 -34.61921687779429, -58.38041682711029 -34.61951389989191, -58.38046218408952 -34.61963657819219)",descartado,0.0,,,,,
32358,9 DE JULIO AV.,9 DE JULIO,San Nicolas,1.0,AVENIDA,63.64672682435427,"LINESTRING (-58.38220928185864 -34.60373898087009, -58.3820772048888 -34.603175746046574)",descartado,0.0,,,,,
32364,ARGENTINA AV.,ARGENTINA,Villa Lugano,8.0,AVENIDA,13.90681973391799,"LINESTRING (-58.47449886823915 -34.67252745300655, -58.474649593517164 -34.672541865216886)",descartado,0.0,,,,,
32365,ARGENTINA AV.,ARGENTINA,Villa Lugano,8.0,AVENIDA,64.82290114107384,"LINESTRING (-58.47158468726677 -34.67235621135311, -58.47168212648553 -34.672388259528766, -58.47228295958025 -34.67242387166618)",descartado,0.0,,,,,
32366,ARGENTINA AV.,ARGENTINA,Villa Lugano,8.0,AVENIDA,72.05244264967824,"LINESTRING (-58.47228295958025 -34.67242387166618, -58.473065800835116 -34.672483243708584)",descartado,0.0,,,,,
32367,ARGENTINA AV.,ARGENTINA,Villa Lugano,8.0,AVENIDA,138.9745941755714,"LINESTRING (-58.473065800835116 -34.672483243708584, -58.47457539635407 -34.67260085547759)",descartado,0.0,,,,,
32368,ARGENTINA AV.,ARGENTINA,Villa Lugano,8.0,AVENIDA,166.0297185844676,"LINESTRING (-58.47457539635407 -34.67260085547759, -58.47617647930851 -34.67276015095445, -58.47636315473664 -34.67281671009348)",descartado,0.0,,,,,
32404,LUNA,LUNA,Barracas,4.0,CALLE,72.05608264916376,"LINESTRING (-58.39698917925901 -34.64517984296586, -58.39674098994587 -34.64579612955038)",descartado,0.0,,,,,
32436,POLA,POLA,Villa Lugano,8.0,CALLE,15.76259258121269,"LINESTRING (-58.46516743850445 -34.67751515699007, -58.4650438436029 -34.67761396389699)",descartado,0.0,,,,,
32481,ATLANTICO SUR,ATLANTICO SUR,Villa Lugano,8.0,PASAJE,88.28398894282591,"LINESTRING (-58.46620140926868 -34.6727661567186, -58.466850529364244 -34.67335411634237)",descartado,0.0,,,,,
32482,ATLANTICO SUR,ATLANTICO SUR,Villa Lugano,8.0,PASAJE,119.478341998376,"LINESTRING (-58.466850529364244 -34.67335411634237, -58.466949657207124 -34.6734841845225, -58.46760328908886 -34.67406038658414, -58.46771815663307 -34.6741544119887)",descartado,0.0,,,,,
32537,GANA,GANA,Versalles,10.0,CALLE,16.40766362836797,"LINESTRING (-58.52739444363384 -34.63137830949651, -58.527431648472344 -34.63123364058234)",descartado,0.0,,,,,
32561,PASAJE 24-25 (NO OFICIAL),24-25 (NO OFICIAL),Villa Lugano,8.0,PASAJE,53.16698663316807,"LINESTRING (-58.464974789747515 -34.6746077472197, -58.46523157489055 -34.67488900638447, -58.4653128168435 -34.67499677118268)",descartado,0.0,,,,,
32577,LUNA,LUNA,Barracas,4.0,CALLE,41.83051375964062,"LINESTRING (-58.39674098994587 -34.64579612955038, -58.39662664560801 -34.646161162468154)",descartado,0.0,,,,,
32583,"LAMARQUE, LIBERTAD",LIBERTAD LAMARQUE,Barracas,4.0,CALLE,59.63459959054356,"LINESTRING (-58.391747181111505 -34.64370793781496, -58.391466774176905 -34.644192972769744)",descartado,0.0,,,,,
32586,"LAMARQUE, LIBERTAD",LIBERTAD LAMARQUE,Barracas,4.0,CALLE,74.34061156586877,"LINESTRING (-58.39215344758616 -34.642403415056904, -58.39178269349674 -34.64299937130829)",descartado,0.0,,,,,
32587,"LAMARQUE, LIBERTAD",LIBERTAD LAMARQUE,Barracas,4.0,CALLE,71.60884914133669,"LINESTRING (-58.39178269349674 -34.64299937130829, -58.39141769691987 -34.64357003960461)",descartado,0.0,,,,,
32634,DIAGONAL 105 - CEMENTERIO CHACARITA,105 - CEMENTERIO CHACARITA,Chacarita,15.0,SENDERO,91.66497402309973,"LINESTRING (-58.453281100050404 -34.590320968910326, -58.45427608524158 -34.5903961715579)",descartado,0.0,,,,,
32635,DIAGONAL 105 - CEMENTERIO CHACARITA,105 - CEMENTERIO CHACARITA,Chacarita,15.0,SENDERO,37.41119512515623,"LINESTRING (-58.45427608524158 -34.5903961715579, -58.45468273242367 -34.59042124225341)",descartado,0.0,,,,,
32636,DIAGONAL 105 - CEMENTERIO CHACARITA,105 - CEMENTERIO CHACARITA,Chacarita,15.0,SENDERO,15.98056389034958,"LINESTRING (-58.45468273242367 -34.59042124225341, -58.45470234869847 -34.590371156933905, -58.45471619354471 -34.590355893350726, -58.45474849677257 -34.59033490678633, -58.454794641734225 -34.590331093661796)",descartado,0.0,,,,,
32637,DIAGONAL 105 - CEMENTERIO CHACARITA,105 - CEMENTERIO CHACARITA,Chacarita,15.0,SENDERO,12.24210731327805,"LINESTRING (-58.45468273242367 -34.59042124225341, -58.454702339922385 -34.590462743870866, -58.45472310320069 -34.59048182584159, -58.4547438675798 -34.59048945944179, -58.45476924679431 -34.5904932772161)",descartado,0.0,,,,,
32638,DIAGONAL 105 - CEMENTERIO CHACARITA,105 - CEMENTERIO CHACARITA,Chacarita,15.0,SENDERO,14.20069885282783,"LINESTRING (-58.45476924679431 -34.5904932772161, -58.45481769889668 -34.59049137229402, -58.4548546164396 -34.59047229406113, -58.45486615350412 -34.59046275449634, -58.45488692182109 -34.59042841072634)",descartado,0.0,,,,,
32639,DIAGONAL 105 - CEMENTERIO CHACARITA,105 - CEMENTERIO CHACARITA,Chacarita,15.0,SENDERO,37.70069187263447,"LINESTRING (-58.45488692182109 -34.59042841072634, -58.455297030511424 -34.59044990198166)",descartado,0.0,,,,,
32640,DIAGONAL 105 - CEMENTERIO CHACARITA,105 - CEMENTERIO CHACARITA,Chacarita,15.0,SENDERO,16.05713264988914,"LINESTRING (-58.454794641734225 -34.590331093661796, -58.45483501764325 -34.59033761547978, -58.4548739500264 -34.59036027620961, -58.454891251244284 -34.59039247585083, -58.45488692182109 -34.59042841072634)",descartado,0.0,,,,,
32641,DIAGONAL 105 - CEMENTERIO CHACARITA,105 - CEMENTERIO CHACARITA,Chacarita,15.0,SENDERO,91.40943464637614,"LINESTRING (-58.455297030511424 -34.59044990198166, -58.45629202153112 -34.590492889659764)",descartado,0.0,,,,,
32642,DIAGONAL 113 - CEMENTERIO CHACARITA,113 - CEMENTERIO CHACARITA,Chacarita,15.0,SENDERO,93.55766883329508,"LINESTRING (-58.45489915382962 -34.58915478052832, -58.45488299356739 -34.58926027939896, -58.45482120655617 -34.58999551510254)",descartado,0.0,,,,,
32643,DIAGONAL 113 - CEMENTERIO CHACARITA,113 - CEMENTERIO CHACARITA,Chacarita,15.0,SENDERO,37.30729983056722,"LINESTRING (-58.45482120655617 -34.58999551510254, -58.454794641734225 -34.590331093661796)",descartado,0.0,,,,,
32644,DIAGONAL 113 - CEMENTERIO CHACARITA,113 - CEMENTERIO CHACARITA,Chacarita,15.0,SENDERO,39.68521351524213,"LINESTRING (-58.45476924679431 -34.5904932772161, -58.45474758242943 -34.59085056025066)",descartado,0.0,,,,,
32645,DIAGONAL 113 - CEMENTERIO CHACARITA,113 - CEMENTERIO CHACARITA,Chacarita,15.0,SENDERO,88.28642237556491,"LINESTRING (-58.45474758242943 -34.59085056025066, -58.45470109993952 -34.59136390511949, -58.454712897758704 -34.59164478835097)",descartado,0.0,,,,,
32666,DIAGONAL 115 - CEMENTERIO CHACARITA,115 - CEMENTERIO CHACARITA,Chacarita,15.0,SENDERO,91.69855287037562,"LINESTRING (-58.45637860514183 -34.58967004273744, -58.45632563347694 -34.590324703775266, -58.45629202153112 -34.590492889659764)",descartado,0.0,,,,,
32667,DIAGONAL 115 - CEMENTERIO CHACARITA,115 - CEMENTERIO CHACARITA,Chacarita,15.0,SENDERO,93.90752454374095,"LINESTRING (-58.456452210713294 -34.5888257292847, -58.45637860514183 -34.58967004273744)",descartado,0.0,,,,,
32668,DIAGONAL 115 - CEMENTERIO CHACARITA,115 - CEMENTERIO CHACARITA,Chacarita,15.0,SENDERO,96.58093361253727,"LINESTRING (-58.456508512914695 -34.58795637148065, -58.456452210713294 -34.5888257292847)",descartado,0.0,,,,,
32676,DIAGONAL 109 - CEMENTERIO CHACARITA,109 - CEMENTERIO CHACARITA,Chacarita,15.0,SENDERO,93.62465860164566,"LINESTRING (-58.456508512914695 -34.58795637148065, -58.456732594627695 -34.58797900112777, -58.45752510273743 -34.58802797114451)",descartado,0.0,,,,,
32677,DIAGONAL 109 - CEMENTERIO CHACARITA,109 - CEMENTERIO CHACARITA,Chacarita,15.0,SENDERO,94.27763028201919,"LINESTRING (-58.45752510273743 -34.58802797114451, -58.45855034689748 -34.58808525216964)",descartado,0.0,,,,,
32682,DIAGONAL 111 - CEMENTERIO CHACARITA,111 - CEMENTERIO CHACARITA,Chacarita,15.0,SENDERO,98.23002593283778,"LINESTRING (-58.45811349795224 -34.5867937169768, -58.45828638873241 -34.58679249106148, -58.45918198641613 -34.58684383909052)",descartado,0.0,,,,,
32689,DIAGONAL 119 - CEMENTERIO CHACARITA,119 - CEMENTERIO CHACARITA,Chacarita,15.0,SENDERO,93.32151321657712,"LINESTRING (-58.45965781601786 -34.587301786819275, -58.45963099092876 -34.58742457789788, -58.45958770930841 -34.58802979023183, -58.459549637079476 -34.58813536868201)",descartado,0.0,,,,,
32692,DIAGONAL 111 - CEMENTERIO CHACARITA,111 - CEMENTERIO CHACARITA,Chacarita,15.0,SENDERO,89.89505247671306,"LINESTRING (-58.46017693602207 -34.58690110558471, -58.46115458353456 -34.586954786132495)",descartado,0.0,,,,,
32700,DIAGONAL 119 - CEMENTERIO CHACARITA,119 - CEMENTERIO CHACARITA,Chacarita,15.0,SENDERO,48.42982474080638,"LINESTRING (-58.459742793444605 -34.586014403319496, -58.45971408316399 -34.58645031540217)",descartado,0.0,,,,,
32701,DIAGONAL 119 - CEMENTERIO CHACARITA,119 - CEMENTERIO CHACARITA,Chacarita,15.0,SENDERO,36.46207716512185,"LINESTRING (-58.45971408316399 -34.58645031540217, -58.45967787832738 -34.58677762671418)",descartado,0.0,,,,,
32702,DIAGONAL 119 - CEMENTERIO CHACARITA,119 - CEMENTERIO CHACARITA,Chacarita,15.0,SENDERO,37.94704660875017,"LINESTRING (-58.45966893157539 -34.58695984644332, -58.45965781601786 -34.587301786819275)",descartado,0.0,,,,,
32703,DIAGONAL 111 - CEMENTERIO CHACARITA,111 - CEMENTERIO CHACARITA,Chacarita,15.0,SENDERO,36.25761616484841,"LINESTRING (-58.45918198641613 -34.58684383909052, -58.45957664981832 -34.58686062487684)",descartado,0.0,,,,,
32704,DIAGONAL 111 - CEMENTERIO CHACARITA,111 - CEMENTERIO CHACARITA,Chacarita,15.0,SENDERO,37.43334451842399,"LINESTRING (-58.45977044867226 -34.5868720780566, -58.46017693602207 -34.58690110558471)",descartado,0.0,,,,,
32705,DIAGONAL 119 - CEMENTERIO CHACARITA,119 - CEMENTERIO CHACARITA,Chacarita,15.0,SENDERO,14.53212134286728,"LINESTRING (-58.45977044867226 -34.5868720780566, -58.45976583326346 -34.58690451500497, -58.459745068438664 -34.58692168706469, -58.45972661087742 -34.586935043052456, -58.45966893157539 -34.58695984644332)",descartado,0.0,,,,,
32706,DIAGONAL 119 - CEMENTERIO CHACARITA,119 - CEMENTERIO CHACARITA,Chacarita,15.0,SENDERO,15.05296161017615,"LINESTRING (-58.45957664981832 -34.58686062487684, -58.45958126273183 -34.586896878178706, -58.459592797625575 -34.58691786715825, -58.45961817541248 -34.5869369484247, -58.45966893157539 -34.58695984644332)",descartado,0.0,,,,,
32707,DIAGONAL 119 - CEMENTERIO CHACARITA,119 - CEMENTERIO CHACARITA,Chacarita,15.0,SENDERO,14.38809958099659,"LINESTRING (-58.45967787832738 -34.58677762671418, -58.45972136709105 -34.58679637449581, -58.45975199341718 -34.58682055992953, -58.45976352834325 -34.5868415488932, -58.45977044867226 -34.5868720780566)",descartado,0.0,,,,,
32708,DIAGONAL 119 - CEMENTERIO CHACARITA,119 - CEMENTERIO CHACARITA,Chacarita,15.0,SENDERO,14.40990876445579,"LINESTRING (-58.45967787832738 -34.58677762671418, -58.45963663789306 -34.58679002809121, -58.4596045683366 -34.58680138025294, -58.45958587970677 -34.58682437192859, -58.45957664981832 -34.58686062487684)",descartado,0.0,,,,,
32709,DIAGONAL 109 - CEMENTERIO CHACARITA,109 - CEMENTERIO CHACARITA,Chacarita,15.0,SENDERO,91.85038948338901,"LINESTRING (-58.45855034689748 -34.58808525216964, -58.459549637079476 -34.58813536868201)",descartado,0.0,,,,,
32725,DIAGONAL 115 - CEMENTERIO CHACARITA,115 - CEMENTERIO CHACARITA,Chacarita,15.0,SENDERO,76.15654608203879,"LINESTRING (-58.45617275037381 -34.59217229495293, -58.45613304002861 -34.5928580020803)",descartado,0.0,,,,,
32726,DIAGONAL 115 - CEMENTERIO CHACARITA,115 - CEMENTERIO CHACARITA,Chacarita,15.0,SENDERO,18.42334919004519,"LINESTRING (-58.45613304002861 -34.5928580020803, -58.45612076943065 -34.593023764167484)",descartado,0.0,,,,,
32729,DIAGONAL 101 - CEMENTERIO CHACARITA,101 - CEMENTERIO CHACARITA,Chacarita,15.0,SENDERO,19.90162711775014,"LINESTRING (-58.45612076943065 -34.593023764167484, -58.45621666512799 -34.59304487721788, -58.45633433753425 -34.59304679147314)",descartado,0.0,,,,,
32731,DIAGONAL 101 - CEMENTERIO CHACARITA,101 - CEMENTERIO CHACARITA,Chacarita,15.0,SENDERO,120.0643322495483,"LINESTRING (-58.45633433753425 -34.59304679147314, -58.4576402678805 -34.59311745084086)",descartado,0.0,,,,,
32732,DIAGONAL 103 - CEMENTERIO CHACARITA,103 - CEMENTERIO CHACARITA,Chacarita,15.0,SENDERO,46.36811214651875,"LINESTRING (-58.455700672427064 -34.59172387706075, -58.456201766258566 -34.59177840121809)",descartado,0.0,,,,,
32735,DIAGONAL 115 - CEMENTERIO CHACARITA,115 - CEMENTERIO CHACARITA,Chacarita,15.0,SENDERO,142.8695690665228,"LINESTRING (-58.45629202153112 -34.590492889659764, -58.456289817937964 -34.59064549468502, -58.456201766258566 -34.59177840121809)",descartado,0.0,,,,,
32736,DIAGONAL 115 - CEMENTERIO CHACARITA,115 - CEMENTERIO CHACARITA,Chacarita,15.0,SENDERO,43.77785808858395,"LINESTRING (-58.456201766258566 -34.59177840121809, -58.45617275037381 -34.59217229495293)",descartado,0.0,,,,,
32737,DIAGONAL 105 - CEMENTERIO CHACARITA,105 - CEMENTERIO CHACARITA,Chacarita,15.0,SENDERO,95.31104505577696,"LINESTRING (-58.45629202153112 -34.590492889659764, -58.457328081067956 -34.5905561044386)",descartado,0.0,,,,,
32740,DIAGONAL 105 - CEMENTERIO CHACARITA,105 - CEMENTERIO CHACARITA,Chacarita,15.0,SENDERO,48.4514154352157,"LINESTRING (-58.457328081067956 -34.5905561044386, -58.457854417235154 -34.590591902618854)",descartado,0.0,,,,,
32741,DIAGONAL 117 - CEMENTERIO CHACARITA,117 - CEMENTERIO CHACARITA,Chacarita,15.0,SENDERO,122.4729081786917,"LINESTRING (-58.45793667544419 -34.58949000044497, -58.457854417235154 -34.590591902618854)",descartado,0.0,,,,,
32742,DIAGONAL 117 - CEMENTERIO CHACARITA,117 - CEMENTERIO CHACARITA,Chacarita,15.0,SENDERO,47.87872745619506,"LINESTRING (-58.457854417235154 -34.590591902618854, -58.457829589279186 -34.59102300418078)",descartado,0.0,,,,,
32745,DIAGONAL 117 - CEMENTERIO CHACARITA,117 - CEMENTERIO CHACARITA,Chacarita,15.0,SENDERO,94.8906668076085,"LINESTRING (-58.457829589279186 -34.59102300418078, -58.457751092237466 -34.59187590423566)",descartado,0.0,,,,,
32748,DIAGONAL 103 - CEMENTERIO CHACARITA,103 - CEMENTERIO CHACARITA,Chacarita,15.0,SENDERO,142.5580306653198,"LINESTRING (-58.456201766258566 -34.59177840121809, -58.457536032338254 -34.59185787722456, -58.457751092237466 -34.59187590423566)",descartado,0.0,,,,,
32749,DIAGONAL 99 - CEMENTERIO CHACARITA,99 - CEMENTERIO CHACARITA,Chacarita,15.0,SENDERO,140.0156203532006,"LINESTRING (-58.457557128282225 -34.59435959453105, -58.45771153761016 -34.59439770251318, -58.459074308835284 -34.594463340172815)",descartado,0.0,,,,,
32751,DIAGONAL 101 - CEMENTERIO CHACARITA,101 - CEMENTERIO CHACARITA,Chacarita,15.0,SENDERO,141.1407271546666,"LINESTRING (-58.4576402678805 -34.59311745084086, -58.45917530840691 -34.59320223463687)",descartado,0.0,,,,,
32752,DIAGONAL 117 - CEMENTERIO CHACARITA,117 - CEMENTERIO CHACARITA,Chacarita,15.0,SENDERO,138.0956718589345,"LINESTRING (-58.4576402678805 -34.59311745084086, -58.457549310882015 -34.5942635353066, -58.457557128282225 -34.59435959453105)",descartado,0.0,,,,,
32753,DIAGONAL 119 - CEMENTERIO CHACARITA,119 - CEMENTERIO CHACARITA,Chacarita,15.0,SENDERO,140.2080815320496,"LINESTRING (-58.45917530840691 -34.59320223463687, -58.459074308835284 -34.594463340172815)",descartado,0.0,,,,,
32754,DIAGONAL 117 - CEMENTERIO CHACARITA,117 - CEMENTERIO CHACARITA,Chacarita,15.0,SENDERO,138.1188916340606,"LINESTRING (-58.457751092237466 -34.59187590423566, -58.45772248984336 -34.592108030583006, -58.4576402678805 -34.59311745084086)",descartado,0.0,,,,,
32756,DIAGONAL 101 - CEMENTERIO CHACARITA,101 - CEMENTERIO CHACARITA,Chacarita,15.0,SENDERO,140.0473611823269,"LINESTRING (-58.45917530840691 -34.59320223463687, -58.46069899593575 -34.59327942632272)",descartado,0.0,,,,,
32757,DIAGONAL 101 - CEMENTERIO CHACARITA,101 - CEMENTERIO CHACARITA,Chacarita,15.0,SENDERO,140.2274764787879,"LINESTRING (-58.46069899593575 -34.59327942632272, -58.462224128316166 -34.59336339645345)",descartado,0.0,,,,,
32759,DIAGONAL 121 - CEMENTERIO CHACARITA,121 - CEMENTERIO CHACARITA,Chacarita,15.0,SENDERO,141.5181478660681,"LINESTRING (-58.460816697522674 -34.59200746736017, -58.46069899593575 -34.59327942632272)",descartado,0.0,,,,,
32761,DIAGONAL 99 - CEMENTERIO CHACARITA,99 - CEMENTERIO CHACARITA,Chacarita,15.0,SENDERO,139.4904167380587,"LINESTRING (-58.459074308835284 -34.594463340172815, -58.460591674006466 -34.59454399135388)",descartado,0.0,,,,,
32762,DIAGONAL 121 - CEMENTERIO CHACARITA,121 - CEMENTERIO CHACARITA,Chacarita,15.0,SENDERO,140.6304448232371,"LINESTRING (-58.46069899593575 -34.59327942632272, -58.460591674006466 -34.59454399135388)",descartado,0.0,,,,,
32765,DIAGONAL 119 - CEMENTERIO CHACARITA,119 - CEMENTERIO CHACARITA,Chacarita,15.0,SENDERO,108.9935910226305,"LINESTRING (-58.459074308835284 -34.594463340172815, -58.45899869982483 -34.595443842124105)",descartado,0.0,,,,,
32776,DIAGONAL 103 - CEMENTERIO CHACARITA,103 - CEMENTERIO CHACARITA,Chacarita,15.0,SENDERO,139.4830651978504,"LINESTRING (-58.460816697522674 -34.59200746736017, -58.461060979701365 -34.59204292901361, -58.462329981850935 -34.592119261886715)",descartado,0.0,,,,,
32777,DIAGONAL 123 - CEMENTERIO CHACARITA,123 - CEMENTERIO CHACARITA,Chacarita,15.0,SENDERO,138.3600928776621,"LINESTRING (-58.462329981850935 -34.592119261886715, -58.462224128316166 -34.59336339645345)",descartado,0.0,,,,,
32790,DIAGONAL 123 - CEMENTERIO CHACARITA,123 - CEMENTERIO CHACARITA,Chacarita,15.0,SENDERO,139.6433156285856,"LINESTRING (-58.46243006415552 -34.59086328108249, -58.462418527178244 -34.591086881958375, -58.462329981850935 -34.592119261886715)",descartado,0.0,,,,,
32795,DIAGONAL 109 - CEMENTERIO CHACARITA,109 - CEMENTERIO CHACARITA,Chacarita,15.0,SENDERO,93.46375078964604,"LINESTRING (-58.461613910302226 -34.588255195022164, -58.46248775181282 -34.58829097583061, -58.462621856234314 -34.588333907382065)",descartado,0.0,,,,,
32796,DIAGONAL 123 - CEMENTERIO CHACARITA,123 - CEMENTERIO CHACARITA,Chacarita,15.0,SENDERO,281.1492672445052,"LINESTRING (-58.462621856234314 -34.588333907382065, -58.462531008723495 -34.589571762293886, -58.46243006415552 -34.59086328108249)",descartado,0.0,,,,,
32797,DIAGONAL 103 - CEMENTERIO CHACARITA,103 - CEMENTERIO CHACARITA,Chacarita,15.0,SENDERO,281.7375097333804,"LINESTRING (-58.457751092237466 -34.59187590423566, -58.45815728074408 -34.59186910268986, -58.460816697522674 -34.59200746736017)",descartado,0.0,,,,,
32798,DIAGONAL 121 - CEMENTERIO CHACARITA,121 - CEMENTERIO CHACARITA,Chacarita,15.0,SENDERO,278.5336421259293,"LINESTRING (-58.46099671621618 -34.589501390757434, -58.46093469740453 -34.59009825533202, -58.460816697522674 -34.59200746736017)",descartado,0.0,,,,,
32799,DIAGONAL 107 - CEMENTERIO CHACARITA,107 - CEMENTERIO CHACARITA,Chacarita,15.0,SENDERO,97.02209019995517,"LINESTRING (-58.459941995571576 -34.58943788585374, -58.46099671621618 -34.589501390757434)",descartado,0.0,,,,,
32800,DIAGONAL 107 - CEMENTERIO CHACARITA,107 - CEMENTERIO CHACARITA,Chacarita,15.0,SENDERO,72.27186633457117,"LINESTRING (-58.458146063194235 -34.58932973127054, -58.45893172362324 -34.589377048574846)",descartado,0.0,,,,,
32807,DIAGONAL 107 - CEMENTERIO CHACARITA,107 - CEMENTERIO CHACARITA,Chacarita,15.0,SENDERO,43.19349161177278,"LINESTRING (-58.45947244253365 -34.58940961102434, -58.459941995571576 -34.58943788585374)",descartado,0.0,,,,,
32808,DIAGONAL 107 - CEMENTERIO CHACARITA,107 - CEMENTERIO CHACARITA,Chacarita,15.0,SENDERO,49.73997156300021,"LINESTRING (-58.45893172362324 -34.589377048574846, -58.45947244253365 -34.58940961102434)",descartado,0.0,,,,,
32810,DIAGONAL 119 - CEMENTERIO CHACARITA,119 - CEMENTERIO CHACARITA,Chacarita,15.0,SENDERO,95.76044923706777,"LINESTRING (-58.459549637079476 -34.58813536868201, -58.45950570297004 -34.58899781146578)",descartado,0.0,,,,,
32811,DIAGONAL 119 - CEMENTERIO CHACARITA,119 - CEMENTERIO CHACARITA,Chacarita,15.0,SENDERO,45.78502437836615,"LINESTRING (-58.45950570297004 -34.58899781146578, -58.45947244253365 -34.58940961102434)",descartado,0.0,,,,,
32813,DIAGONAL 103 - CEMENTERIO CHACARITA,103 - CEMENTERIO CHACARITA,Chacarita,15.0,SENDERO,91.04531167093529,"LINESTRING (-58.454712897758704 -34.59164478835097, -58.455700672427064 -34.59172387706075)",descartado,0.0,,,,,
32860,8 DE MARZO DE 1908,8 DE MARZO DE 1908,Villa Lugano,8.0,SENDERO,71.37987789043143,"LINESTRING (-58.46306433367585 -34.67553066845689, -58.46252906656595 -34.67599805179664)",descartado,0.0,,,,,
32861,1 DE AGOSTO DIA DE LA PACHAMAMA,1 DE AGOSTO DIA DE LA PACHAMAMA,Villa Lugano,8.0,SENDERO,39.33716243481537,"LINESTRING (-58.46191948966159 -34.67274115829792, -58.46162100108906 -34.67299595228406)",descartado,0.0,,,,,
32862,10 DE ENERO DE 2001,10 DE ENERO DE 2001,Villa Lugano,8.0,SENDERO,52.22116975862101,"LINESTRING (-58.46297494135969 -34.6740732075715, -58.4625697583684 -34.67440415827262)",descartado,0.0,,,,,
32909,INDEPENDENCIA AV.,INDEPENDENCIA,San Telmo,1.0,AVENIDA,72.29567474412129,"LINESTRING (-58.36664724492661 -34.616881923780305, -58.36722905674231 -34.616924971747984, -58.36743314931195 -34.616927878814025)",descartado,0.0,,,,,
32912,REPUBLICA BOLIVARIANA DE VENEZUELA,REPUBLICA BOLIVARIANA DE VENEZUELA,Monserrat,1.0,CALLE,8.051433162101358,"LINESTRING (-58.366958033436156 -34.61338770620914, -58.36704541533897 -34.613394639115555)",descartado,0.0,,,,,
32927,ANTARTIDA ARGENTINA AV.,ANTARTIDA ARGENTINA,Retiro,1.0,AVENIDA,89.71911026522113,"LINESTRING (-58.3711456174784 -34.58874375764354, -58.3714156344444 -34.58796645013142)",descartado,0.0,,,,,
32928,ANTARTIDA ARGENTINA AV.,ANTARTIDA ARGENTINA,Retiro,1.0,AVENIDA,30.33468133369736,"LINESTRING (-58.371057152779294 -34.58900723219063, -58.3711456174784 -34.58874375764354)",descartado,0.0,,,,,
32930,ANTARTIDA ARGENTINA AV.,ANTARTIDA ARGENTINA,Retiro,1.0,AVENIDA,52.66777511978577,"LINESTRING (-58.37160464731204 -34.588600586315465, -58.37166812979821 -34.58842677765013, -58.37178282022992 -34.58814935000204)",descartado,0.0,,,,,
32931,ANTARTIDA ARGENTINA AV.,ANTARTIDA ARGENTINA,Retiro,1.0,AVENIDA,42.40600694767861,"LINESTRING (-58.37160464731204 -34.588600586315465, -58.371776954434644 -34.58856128896483, -58.37190070919529 -34.58855882305724, -58.37205963914669 -34.58857159173938)",descartado,0.0,,,,,
32934,ANTARTIDA ARGENTINA AV.,ANTARTIDA ARGENTINA,Retiro,1.0,AVENIDA,71.47910206620506,"LINESTRING (-58.3721583833117 -34.5870366162401, -58.3723578015252 -34.586413752366354)",descartado,0.0,,,,,
32935,ANTARTIDA ARGENTINA AV.,ANTARTIDA ARGENTINA,Retiro,1.0,AVENIDA,137.468019210001,"LINESTRING (-58.37177408399814 -34.58694677571301, -58.37192305611064 -34.58651511429476, -58.372180666002976 -34.58575410693135)",descartado,0.0,,,,,
32936,ANTARTIDA ARGENTINA AV.,ANTARTIDA ARGENTINA,Retiro,1.0,AVENIDA,352.0022086390985,"LINESTRING (-58.36812071533131 -34.598436401596636, -58.36823573318433 -34.59816248295574, -58.368368185152804 -34.59778049429767, -58.36848407768903 -34.59744795984805, -58.36866615314096 -34.59696025180597, -58.36886067039269 -34.59641285122569, -58.36902208532023 -34.59595071308568, -58.36915244243283 -34.59559089679044, -58.36917329652818 -34.595389632305725)",descartado,0.0,,,,,
32937,ANTARTIDA ARGENTINA AV.,ANTARTIDA ARGENTINA,Retiro,1.0,AVENIDA,129.0196304069561,"LINESTRING (-58.36917329652818 -34.595389632305725, -58.369313864710826 -34.5951193764826, -58.369498027397064 -34.594600964790466, -58.36960873515363 -34.59428548278436)",descartado,0.0,,,,,
32938,ANTARTIDA ARGENTINA AV.,ANTARTIDA ARGENTINA,Retiro,1.0,AVENIDA,194.3660819651837,"LINESTRING (-58.36960873515363 -34.59428548278436, -58.36972876231934 -34.59393589244694, -58.36980790291123 -34.59371846767979, -58.369978604527006 -34.59324268902914, -58.37014051370906 -34.592788651935294, -58.37018810089681 -34.592657344090426, -58.37020156795413 -34.59260362266103)",descartado,0.0,,,,,
32939,ANTARTIDA ARGENTINA AV.,ANTARTIDA ARGENTINA,Retiro,1.0,AVENIDA,95.56371606005058,"LINESTRING (-58.37020156795413 -34.59260362266103, -58.37025235633151 -34.592375941312, -58.37028451810467 -34.59220453609801, -58.370296983177994 -34.59212437447811, -58.370320871492275 -34.591973432164615, -58.37032669427787 -34.59183825444014, -58.37030709345299 -34.59175161905748)",descartado,0.0,,,,,
32940,ANTARTIDA ARGENTINA AV.,ANTARTIDA ARGENTINA,Retiro,1.0,AVENIDA,128.8343826015382,"LINESTRING (-58.36917329652818 -34.595389632305725, -58.369228530817956 -34.59511035544866, -58.36951851569034 -34.59426537071014)",descartado,0.0,,,,,
32941,ANTARTIDA ARGENTINA AV.,ANTARTIDA ARGENTINA,Retiro,1.0,AVENIDA,94.81262961884727,"LINESTRING (-58.3701072187099 -34.59258905161453, -58.370166251179235 -34.59236734678608, -58.37022229783449 -34.59204841083691, -58.37027513464312 -34.59183309784202, -58.37030709345299 -34.59175161905748)",descartado,0.0,,,,,
32942,ANTARTIDA ARGENTINA AV.,ANTARTIDA ARGENTINA,Retiro,1.0,AVENIDA,51.1014499547585,"LINESTRING (-58.37030709345299 -34.59175161905748, -58.37034148761381 -34.59129185789533)",descartado,0.0,,,,,
32943,ANTARTIDA ARGENTINA AV.,ANTARTIDA ARGENTINA,Retiro,1.0,SENDERO,8.805451929297261,"LINESTRING (-58.3701072187099 -34.59258905161453, -58.37020156795413 -34.59260362266103)",descartado,0.0,,,,,
32944,ANTARTIDA ARGENTINA AV.,ANTARTIDA ARGENTINA,Retiro,1.0,SENDERO,8.572219136243351,"LINESTRING (-58.36951851569034 -34.59426537071014, -58.36960873515363 -34.59428548278436)",descartado,0.0,,,,,
32973,REPUBLICA BOLIVARIANA DE VENEZUELA,REPUBLICA BOLIVARIANA DE VENEZUELA,Puerto Madero,1.0,SENDERO,62.75720788847607,"LINESTRING (-58.366305346607874 -34.61342595793888, -58.36657998278755 -34.613443660042265, -58.366662003280005 -34.613434769786814, -58.366883261040904 -34.61344773806706, -58.366958033436156 -34.61338770620914)",descartado,0.0,,,,,
32974,AUTOPISTA 25 DE MAYO,25 DE MAYO,San Telmo,1.0,BAJADA AUTOPISTA,461.7806972058177,"LINESTRING (-58.366730513491056 -34.6224042311526, -58.366883844163105 -34.62241870377804, -58.36703570197729 -34.62245589799956, -58.36743833563681 -34.62256909383625, -58.36787927920392 -34.622658991949784, -58.3682986092839 -34.622704095441186, -58.3690151067596 -34.62271360658336, -58.369869354920766 -34.62270530862205, -58.37015565847634 -34.62269657233251, -58.370449713884256 -34.622675048072075, -58.37084592042702 -34.62264080736762, -58.37133649921949 -34.6226309436385, -58.371714671138605 -34.6226165767239)",descartado,0.0,,,,,
32975,AUTOPISTA 25 DE MAYO,25 DE MAYO,San Telmo,1.0,BAJADA AUTOPISTA,78.26599337986423,"LINESTRING (-58.36677499619515 -34.622699399649676, -58.36659853613959 -34.62268876145631, -58.366477027748964 -34.622677901569205, -58.36642353683084 -34.622646764536746, -58.36640334452203 -34.6225941269299, -58.36642945555757 -34.622533154485076, -58.36652211492525 -34.62247103890408, -58.36658435518507 -34.6224423855922, -58.366730513491056 -34.6224042311526)",descartado,0.0,,,,,
32976,AUTOPISTA 25 DE MAYO,25 DE MAYO,San Telmo,1.0,BAJADA AUTOPISTA,40.39452998952423,"LINESTRING (-58.36629646765378 -34.62246289089672, -58.366431821954365 -34.62243524944237, -58.366730513491056 -34.6224042311526)",descartado,0.0,,,,,
32977,AUTOPISTA 25 DE MAYO,25 DE MAYO,San Telmo,1.0,BAJADA AUTOPISTA,39.49213088399031,"LINESTRING (-58.36594054137781 -34.62266070790259, -58.36606336180058 -34.62260581584382, -58.366186404477354 -34.62254133284474, -58.36629646765378 -34.62246289089672)",descartado,0.0,,,,,
32978,AUTOPISTA 25 DE MAYO,25 DE MAYO,San Telmo,1.0,BAJADA AUTOPISTA,161.5230005921623,"LINESTRING (-58.36691329129803 -34.62147672943694, -58.3668302774259 -34.62153791846862, -58.36674397853235 -34.62157076313836, -58.36662005035082 -34.6216016646425, -58.36643913467864 -34.62167327782091, -58.36634502669498 -34.62173778408626, -58.366255244629926 -34.6218142531688, -58.36621027553905 -34.62191946053682, -58.36620586451129 -34.62198045021491, -58.366223135363434 -34.62205700443193, -58.36625056354968 -34.62210725594031, -58.366280901806604 -34.62214315841852, -58.3663184762143 -34.622176674752446, -58.366484745858095 -34.62226052296596, -58.36662642242442 -34.622344351464356, -58.366730513491056 -34.6224042311526)",descartado,0.0,,,,,
32998,PREFECTURA NAVAL ARGENTINA,PREFECTURA NAVAL ARGENTINA,Retiro,1.0,CALLE,91.81968327551816,"LINESTRING (-58.37517609921402 -34.58066305641467, -58.37528837389025 -34.580558410017794, -58.37534811558137 -34.580509083323534, -58.37537027292508 -34.580461558038266, -58.37533938824566 -34.58039936645672, -58.37527315517194 -34.58031520726194, -58.37523340073461 -34.58027860839033, -58.37519141631652 -34.58026029299264, -58.37508971927578 -34.580263876555605, -58.37483021185601 -34.5803368870505)",descartado,0.0,,,,,
33011,20 DE SEPTIEMBRE,20 DE SEPTIEMBRE,La Boca,4.0,CALLE,147.776044743403,"LINESTRING (-58.35967001401256 -34.62658598420792, -58.36068354430908 -34.627621593499455)",descartado,0.0,,,,,
33033,SENDERO 14 DE MAYO,SENDERO 14 DE MAYO,Villa Soldati,8.0,CALLE,34.27764547970902,"LINESTRING (-58.45560747661579 -34.66515726531074, -58.455559675078035 -34.66520967328948, -58.455348635097145 -34.66537943082234)",descartado,0.0,,,,,
33037,8 DE DICIEMBRE,8 DE DICIEMBRE,Barracas,4.0,SENDERO,22.0953557916315,"LINESTRING (-58.39991296792696 -34.65813860126471, -58.399853915864306 -34.65833170180397)",descartado,0.0,,,,,
33040,23 DE AGOSTO DE 1997,23 DE AGOSTO DE 1997,Barracas,4.0,CALLE,42.72786969161982,"LINESTRING (-58.40234619153843 -34.65870651570744, -58.40281175781709 -34.65868795300963)",descartado,0.0,,,,,
33047,14 DE SEPTIEMBRE (NO OFICIAL),14 DE SEPTIEMBRE (NO OFICIAL),Flores,7.0,PASAJE,104.539955435372,"LINESTRING (-58.44448734021664 -34.646559234926194, -58.44490037382286 -34.64690777402516, -58.44473855055868 -34.64704563974484, -58.44493063343329 -34.64725459343611)",descartado,0.0,,,,,
33091,AUTOPISTA 1 SUR PRESIDENTE ARTURO FRONDIZI,1 SUR PRESIDENTE ARTURO FRONDIZI,Barracas,4.0,BAJADA AUTOPISTA,47.35327744389107,"LINESTRING (-58.37636715460059 -34.6422716694784, -58.376496773301106 -34.64268485751345)",descartado,0.0,,,,,
33092,AUTOPISTA 1 SUR PRESIDENTE ARTURO FRONDIZI,1 SUR PRESIDENTE ARTURO FRONDIZI,Barracas,4.0,BAJADA AUTOPISTA,95.80232196790539,"LINESTRING (-58.37636715460059 -34.6422716694784, -58.37633757013626 -34.642358690855886, -58.37628413023483 -34.642419020917536, -58.37616471514951 -34.64243751047869, -58.37605795406814 -34.64244439971054, -58.3758683889766 -34.6423838957735, -58.37569992691976 -34.64229206168477, -58.37552700222937 -34.64219148831955)",descartado,0.0,,,,,
33094,AUTOPISTA 1 SUR PRESIDENTE ARTURO FRONDIZI,1 SUR PRESIDENTE ARTURO FRONDIZI,Barracas,4.0,BAJADA AUTOPISTA,64.44558587587431,"LINESTRING (-58.37695652959013 -34.639785355929476, -58.37698571609318 -34.64008489576102, -58.377093345924365 -34.640350824684575)",descartado,0.0,,,,,
33095,AUTOPISTA 1 SUR PRESIDENTE ARTURO FRONDIZI,1 SUR PRESIDENTE ARTURO FRONDIZI,Barracas,4.0,BAJADA AUTOPISTA,52.94433564078371,"LINESTRING (-58.37695652959013 -34.639785355929476, -58.37690729599447 -34.63985497668565, -58.376863710879256 -34.639895578248904, -58.37680046716723 -34.63993036121967, -58.37670351750713 -34.639960476520855, -58.37658833921326 -34.63996039468329, -58.37647082979943 -34.63994257118484)",descartado,0.0,,,,,
33097,GENA,GENA,Parque Patricios,4.0,PASAJE,57.432069503534,"LINESTRING (-58.412217679766584 -34.644405412328545, -58.41209431776075 -34.64491297547646)",descartado,0.0,,,,,
