id,nomoficial,nombre_norm,barrio,barrio_par,barrio_imp,comuna,tipo_c,long,geometry,wikidata_id,figura_nombre,partido_madre,tipo_figura
192,"UDAONDO, GUILLERMO AV.",GUILLERMO UDAONDO,Belgrano,Belgrano,Belgrano,13.0,AVENIDA,75.14749980824737,"LINESTRING (-58.44883407923525 -34.54208299068723, -58.44927602239712 -34.54265319736278)",Q5888980,Guillermo Udaondo,UCR,politico
336,"LARRALDE, CRISOLOGO AV.",CRISOLOGO LARRALDE,Nuñez,Nuñez,Nuñez,13.0,AVENIDA,75.13600298278176,"LINESTRING (-58.45979634372142 -34.54471963748383, -58.460478219130025 -34.54509431226068)",Q5791973,Crisólogo Larralde,UCR,politico
364,"LARRALDE, CRISOLOGO AV.",CRISOLOGO LARRALDE,Nuñez,Nuñez,Nuñez,13.0,AVENIDA,101.7684240453284,"LINESTRING (-58.460478219130025 -34.54509431226068, -58.46142810702545 -34.54556737030482)",Q5791973,Crisólogo Larralde,UCR,politico
394,"LARRALDE, CRISOLOGO AV.",CRISOLOGO LARRALDE,Nuñez,Nuñez,Nuñez,13.0,AVENIDA,101.2258015574549,"LINESTRING (-58.46142810702545 -34.54556737030482, -58.462372899116325 -34.54603795603545)",Q5791973,Crisólogo Larralde,UCR,politico
414,"UDAONDO, GUILLERMO AV.",GUILLERMO UDAONDO,Belgrano,Belgrano,Belgrano,13.0,AVENIDA,248.2329729643113,"LINESTRING (-58.44927602239712 -34.54265319736278, -58.4494701554494 -34.54287059137806, -58.44996592184579 -34.543543296824744, -58.450423962354115 -34.544135895887734, -58.45074953110023 -34.54452829492487)",Q5888980,Guillermo Udaondo,UCR,politico
427,"LARRALDE, CRISOLOGO AV.",CRISOLOGO LARRALDE,Nuñez,Nuñez,Nuñez,13.0,AVENIDA,94.48104457618568,"LINESTRING (-58.462372899116325 -34.54603795603545, -58.463254890558204 -34.54647698434778)",Q5791973,Crisólogo Larralde,UCR,politico
469,"LARRALDE, CRISOLOGO AV.",CRISOLOGO LARRALDE,Nuñez,Nuñez,Nuñez,13.0,AVENIDA,146.8275226585847,"LINESTRING (-58.463254890558204 -34.54647698434778, -58.463769903782456 -34.54673177234091, -58.46394260538376 -34.54681721065891, -58.46462768396311 -34.547156311081345)",Q5791973,Crisólogo Larralde,UCR,politico
482,"UDAONDO, GUILLERMO AV.",GUILLERMO UDAONDO,,Belgrano,Nuñez,,AVENIDA,126.733000363063,"LINESTRING (-58.45212523432932 -34.546285130327036, -58.45217620182861 -34.546385489541066, -58.45284837712524 -34.547256626440124)",Q5888980,Guillermo Udaondo,UCR,politico
501,"LARRALDE, CRISOLOGO AV.",CRISOLOGO LARRALDE,Nuñez,Nuñez,Nuñez,13.0,AVENIDA,59.8967656670325,"LINESTRING (-58.46462768396311 -34.547156311081345, -58.465187422844416 -34.54743382400167)",Q5791973,Crisólogo Larralde,UCR,politico
503,"PEDRAZA, MANUELA",MANUELA PEDRAZA,Nuñez,Nuñez,Nuñez,13.0,CALLE,157.8090133302636,"LINESTRING (-58.45729461045678 -34.54672029331228, -58.45876587369628 -34.547456219738855)",Q6753047,Manuela Pedraza,Prócer,procer
505,"PLAZA, VICTORINO DE LA, DR.",VICTORINO DE LA PLAZA,Belgrano,Belgrano,Belgrano,13.0,CALLE,117.8324015350993,"LINESTRING (-58.451292005174096 -34.54749022135914, -58.45106286867732 -34.54644510280815)",Q599235,Victorino de la Plaza,Prócer,procer
540,"LARRALDE, CRISOLOGO AV.",CRISOLOGO LARRALDE,Nuñez,Nuñez,Nuñez,13.0,AVENIDA,100.733741823576,"LINESTRING (-58.465187422844416 -34.54743382400167, -58.46612272484041 -34.54790881744659)",Q5791973,Crisólogo Larralde,UCR,politico
542,"PEDRAZA, MANUELA",MANUELA PEDRAZA,Nuñez,Nuñez,Nuñez,13.0,CALLE,101.251719814246,"LINESTRING (-58.45876587369628 -34.547456219738855, -58.45970982095984 -34.54792844565459)",Q6753047,Manuela Pedraza,Prócer,procer
544,"PLAZA, VICTORINO DE LA, DR.",VICTORINO DE LA PLAZA,Belgrano,Belgrano,Belgrano,13.0,CALLE,117.674567214341,"LINESTRING (-58.448045547643574 -34.54689935166837, -58.44827626508533 -34.54794278581159)",Q599235,Victorino de la Plaza,Prócer,procer
576,"UDAONDO, GUILLERMO AV.",GUILLERMO UDAONDO,,Belgrano,Nuñez,,AVENIDA,129.2171435202883,"LINESTRING (-58.45284837712523 -34.547256626440124, -58.45360556906682 -34.54823857738864)",Q5888980,Guillermo Udaondo,UCR,politico
584,"LARRALDE, CRISOLOGO AV.",CRISOLOGO LARRALDE,Nuñez,Nuñez,Nuñez,13.0,AVENIDA,100.7543971554528,"LINESTRING (-58.46612272484041 -34.54790881744659, -58.467062548144526 -34.54837802876375)",Q5791973,Crisólogo Larralde,UCR,politico
587,"PEDRAZA, MANUELA",MANUELA PEDRAZA,Nuñez,Nuñez,Nuñez,13.0,CALLE,100.0136770352691,"LINESTRING (-58.45970982095984 -34.54792844565459, -58.46064228894143 -34.548394818776266)",Q6753047,Manuela Pedraza,Prócer,procer
612,"BASAVILBASO, LEOPOLDO",LEOPOLDO BASAVILBASO,Belgrano,Belgrano,Belgrano,13.0,CALLE,135.9264383472212,"LINESTRING (-58.44402282754242 -34.547504853882984, -58.44461452473085 -34.5486280715132)",Q5973434,Leopoldo Basavilbaso,Prócer,procer
618,"PLAZA, VICTORINO DE LA, DR.",VICTORINO DE LA PLAZA,Belgrano,Belgrano,Belgrano,13.0,CALLE,128.9792028300083,"LINESTRING (-58.45154275199571 -34.54863421699789, -58.451292005174096 -34.54749022135914)",Q599235,Victorino de la Plaza,Prócer,procer
646,"PEDRAZA, MANUELA",MANUELA PEDRAZA,Nuñez,Nuñez,Nuñez,13.0,CALLE,72.41462612206534,"LINESTRING (-58.46064228894143 -34.548394818776266, -58.46131735087943 -34.548732621061234)",Q6753047,Manuela Pedraza,Prócer,procer
654,"LARRALDE, CRISOLOGO AV.",CRISOLOGO LARRALDE,Nuñez,Nuñez,Nuñez,13.0,AVENIDA,120.8479359797596,"LINESTRING (-58.467062548144526 -34.54837802876375, -58.46818980529912 -34.54894081924147)",Q5791973,Crisólogo Larralde,UCR,politico
673,"PLAZA, VICTORINO DE LA, DR.",VICTORINO DE LA PLAZA,Belgrano,Belgrano,Belgrano,13.0,CALLE,129.2161901202097,"LINESTRING (-58.44827626508533 -34.54794278581159, -58.448529695288784 -34.54908854848324)",Q599235,Victorino de la Plaza,Prócer,procer
676,"ACHA, MARIANO, GRAL.",MARIANO ACHA,Saavedra,Saavedra,Saavedra,12.0,CALLE,90.97923258290146,"LINESTRING (-58.495371181198365 -34.54909361046413, -58.495877838297076 -34.54838874115303)",Q32958,Mariano Acha,Prócer,procer
689,"PEDRAZA, MANUELA",MANUELA PEDRAZA,Nuñez,Nuñez,Nuñez,13.0,CALLE,182.5741381239661,"LINESTRING (-58.46131735087943 -34.548732621061234, -58.462028158487094 -34.54908795630312, -58.46224332093274 -34.54919563588794, -58.462395077743345 -34.549271555516206, -58.463021104738964 -34.549581890125076)",Q6753047,Manuela Pedraza,Prócer,procer
711,"UDAONDO, GUILLERMO AV.",GUILLERMO UDAONDO,,Belgrano,Nuñez,,AVENIDA,75.48637078679856,"LINESTRING (-58.45396190486918 -34.54876415639964, -58.454122297894244 -34.548985502890595, -58.45416219253426 -34.54919783490917, -58.45415859510474 -34.54940530438796)",Q5888980,Guillermo Udaondo,UCR,politico
727,"HERNANDEZ, RAFAEL",RAFAEL HERNANDEZ,Belgrano,Belgrano,Belgrano,13.0,CALLE,61.23991116851676,"LINESTRING (-58.45350593432731 -34.549519833981726, -58.45415859510474 -34.54940530438796)",Q6097413,Rafael Hernández,Prócer,procer
734,"LARRALDE, CRISOLOGO AV.",CRISOLOGO LARRALDE,,Nuñez,Saavedra,,AVENIDA,124.7268283899248,"LINESTRING (-58.46818980529912 -34.54894081924147, -58.46837348661948 -34.54907658964804, -58.4693031247129 -34.549582263794804)",Q5791973,Crisólogo Larralde,UCR,politico
739,"HERNANDEZ, RAFAEL",RAFAEL HERNANDEZ,Belgrano,Belgrano,Belgrano,13.0,CALLE,46.57941242508932,"LINESTRING (-58.453006735938565 -34.54959528767866, -58.45350593432731 -34.549519833981726)",Q6097413,Rafael Hernández,Prócer,procer
751,"HERNANDEZ, RAFAEL",RAFAEL HERNANDEZ,Belgrano,Belgrano,Belgrano,13.0,CALLE,55.15894224926683,"LINESTRING (-58.45241561237051 -34.549684745592494, -58.453006735938565 -34.54959528767866)",Q6097413,Rafael Hernández,Prócer,procer
762,"PLAZA, VICTORINO DE LA, DR.",VICTORINO DE LA PLAZA,Belgrano,Belgrano,Belgrano,13.0,CALLE,129.0434884900736,"LINESTRING (-58.45179367582516 -34.5497787753172, -58.45154275199571 -34.54863421699789)",Q599235,Victorino de la Plaza,Prócer,procer
763,"HERNANDEZ, RAFAEL",RAFAEL HERNANDEZ,Belgrano,Belgrano,Belgrano,13.0,CALLE,58.03228123506133,"LINESTRING (-58.45179367582516 -34.5497787753172, -58.45241561237051 -34.549684745592494)",Q6097413,Rafael Hernández,Prócer,procer
764,"PEDRAZA, MANUELA",MANUELA PEDRAZA,Nuñez,Nuñez,Nuñez,13.0,CALLE,46.22859270907546,"LINESTRING (-58.463021104738964 -34.549581890125076, -58.46345064985207 -34.54979945870145)",Q6753047,Manuela Pedraza,Prócer,procer
774,"ACHA, MARIANO, GRAL.",MARIANO ACHA,Saavedra,Saavedra,Saavedra,12.0,CALLE,100.6635728822929,"LINESTRING (-58.49482054199145 -34.549878350008306, -58.49490348305846 -34.54976015674607, -58.495371181198365 -34.54909361046413)",Q32958,Mariano Acha,Prócer,procer
776,"HERNANDEZ, RAFAEL",RAFAEL HERNANDEZ,Belgrano,Belgrano,Belgrano,13.0,CALLE,68.19173058405352,"LINESTRING (-58.45106287517904 -34.54988934070024, -58.45179367582516 -34.5497787753172)",Q6097413,Rafael Hernández,Prócer,procer
788,"HERNANDEZ, RAFAEL",RAFAEL HERNANDEZ,Belgrano,Belgrano,Belgrano,13.0,CALLE,48.55763830197819,"LINESTRING (-58.450542478580196 -34.54996802170466, -58.45106287517904 -34.54988934070024)",Q6097413,Rafael Hernández,Prócer,procer
798,"LARRALDE, CRISOLOGO AV.",CRISOLOGO LARRALDE,,Nuñez,Saavedra,,AVENIDA,94.3662936346486,"LINESTRING (-58.4693031247129 -34.549582263794804, -58.47015778608904 -34.55005504694904)",Q5791973,Crisólogo Larralde,UCR,politico
809,"HERNANDEZ, RAFAEL",RAFAEL HERNANDEZ,Belgrano,Belgrano,Belgrano,13.0,CALLE,47.47452865330926,"LINESTRING (-58.449510279315895 -34.55012312445253, -58.45001910207658 -34.55004634804488)",Q6097413,Rafael Hernández,Prócer,procer
820,"PLAZA, VICTORINO DE LA, DR.",VICTORINO DE LA PLAZA,Belgrano,Belgrano,Belgrano,13.0,CALLE,129.0645514647569,"LINESTRING (-58.448529695288784 -34.54908854848324, -58.44878279221028 -34.55023297231394)",Q599235,Victorino de la Plaza,Prócer,procer
821,"HERNANDEZ, RAFAEL",RAFAEL HERNANDEZ,Belgrano,Belgrano,Belgrano,13.0,CALLE,67.87796108425091,"LINESTRING (-58.44878279221028 -34.55023297231394, -58.449510279315895 -34.55012312445253)",Q6097413,Rafael Hernández,Prócer,procer
822,"QUIROGA, HORACIO",HORACIO QUIROGA,Nuñez,Nuñez,Nuñez,13.0,PASAJE,140.6372649854638,"LINESTRING (-58.45976396650503 -34.54959637458311, -58.460997752021775 -34.550214024418274, -58.46107894985777 -34.550246421058034)",Q20016473,Horacio Quiroga,UCR,politico
826,"PEDRAZA, MANUELA",MANUELA PEDRAZA,Nuñez,Nuñez,Nuñez,13.0,CALLE,101.0065362816192,"LINESTRING (-58.46345064985207 -34.54979945870145, -58.46439235194694 -34.550270521451765)",Q6753047,Manuela Pedraza,Prócer,procer
829,"HERNANDEZ, RAFAEL",RAFAEL HERNANDEZ,Belgrano,Belgrano,Belgrano,13.0,CALLE,31.21428782294646,"LINESTRING (-58.45001910207658 -34.55004634804488, -58.449949201866275 -34.550182892962795, -58.4500002501297 -34.550309098713335)",Q6097413,Rafael Hernández,Prócer,procer
837,"HERNANDEZ, RAFAEL",RAFAEL HERNANDEZ,Belgrano,Belgrano,Belgrano,13.0,CALLE,70.48157838390438,"LINESTRING (-58.44802738502143 -34.55034696737776, -58.44878279221028 -34.55023297231394)",Q6097413,Rafael Hernández,Prócer,procer
838,"HERNANDEZ, RAFAEL",RAFAEL HERNANDEZ,Belgrano,Belgrano,Belgrano,13.0,CALLE,30.73828135969341,"LINESTRING (-58.4500002501297 -34.550309098713335, -58.45014567915746 -34.55038641741774, -58.45030555298924 -34.55040815278667)",Q6097413,Rafael Hernández,Prócer,procer
856,"LARRALDE, CRISOLOGO AV.",CRISOLOGO LARRALDE,,Nuñez,Saavedra,,AVENIDA,93.88093752708268,"LINESTRING (-58.47015778608904 -34.55005504694904, -58.47100803097011 -34.55052542993947)",Q5791973,Crisólogo Larralde,UCR,politico
861,"NAON, ROMULO",ROMULO NAON,Saavedra,Saavedra,Saavedra,12.0,CALLE,80.5060877078137,"LINESTRING (-58.485996975863785 -34.55044091148765, -58.486464245399084 -34.549826769267604)",Q6115964,Rómulo Naón,UCR,politico
874,"PLAZA, VICTORINO DE LA, DR.",VICTORINO DE LA PLAZA,Belgrano,Belgrano,Belgrano,13.0,CALLE,51.69045757256199,"LINESTRING (-58.44878279221028 -34.55023297231394, -58.44880771116146 -34.55034509061117, -58.448861396474186 -34.55047052248099, -58.44892461429204 -34.55059863156699, -58.44897796943971 -34.55066596337486)",Q599235,Victorino de la Plaza,Prócer,procer
876,"ACHA, MARIANO, GRAL.",MARIANO ACHA,Saavedra,Saavedra,Saavedra,12.0,CALLE,100.8030529768561,"LINESTRING (-58.494269211952314 -34.55066421393318, -58.49482054199145 -34.549878350008306)",Q32958,Mariano Acha,Prócer,procer
885,"PEDRAZA, MANUELA",MANUELA PEDRAZA,Nuñez,Nuñez,Nuñez,13.0,CALLE,100.8229231851913,"LINESTRING (-58.46439235194694 -34.550270521451765, -58.46533244745623 -34.55074059099051)",Q6753047,Manuela Pedraza,Prócer,procer
889,PUENTE DISTRIBUIDOR SCALABRINI ORTIZ,PUENTE DISTRIBUIDOR SCALABRINI ORTIZ,Belgrano,Belgrano,Belgrano,13.0,PUENTE,351.4540757024403,"LINESTRING (-58.43692467292582 -34.54932895461563, -58.43672081024831 -34.54952965710906, -58.436349175856805 -34.549783472414994, -58.436155033476574 -34.54992873177156, -58.43605703203582 -34.5500189503581, -58.43598390413461 -34.55011725596855, -58.435906413231706 -34.55023111454892, -58.43585904546737 -34.55036638880949, -58.4358590069286 -34.55048378594725, -58.43591487915537 -34.55062971743672, -58.43602412613582 -34.5507518574528, -58.43617721627513 -34.550846823375394, -58.43631049189374 -34.550889600396054, -58.43646965509625 -34.550893156684275, -58.4366244865237 -34.55086833086702, -58.43673634406546 -34.55081497371122, -58.4368438707672 -34.55072957250337, -58.436921351877736 -34.55064416471219, -58.437086543356315 -34.550403079835746, -58.43718272713955 -34.550211913141446)",Q4263301,Raúl Scalabrini Ortiz,UCR,politico
894,"PLAZA, VICTORINO DE LA, DR.",VICTORINO DE LA PLAZA,Belgrano,Belgrano,Belgrano,13.0,CALLE,118.9807815800173,"LINESTRING (-58.451486358387626 -34.550789474189195, -58.45158510723212 -34.55067532607244, -58.45169433550259 -34.55048455733593, -58.45176100107447 -34.55033139100712, -58.45178518233303 -34.55026702556487, -58.4518104766369 -34.55015463091186, -58.45181373374359 -34.54998885262916, -58.45179367582516 -34.5497787753172)",Q599235,Victorino de la Plaza,Prócer,procer
910,"LARRALDE, CRISOLOGO AV.",CRISOLOGO LARRALDE,,Nuñez,Saavedra,,AVENIDA,94.4962984124445,"LINESTRING (-58.47100803097011 -34.55052542993947, -58.471863903302186 -34.550998834818095)",Q5791973,Crisólogo Larralde,UCR,politico
913,"HERNANDEZ, RAFAEL",RAFAEL HERNANDEZ,Belgrano,Belgrano,Belgrano,13.0,CALLE,80.87584711397717,"LINESTRING (-58.44763420596332 -34.550999397797426, -58.44802738502143 -34.55034696737776)",Q6097413,Rafael Hernández,Prócer,procer
915,"PLAZA, VICTORINO DE LA, DR.",VICTORINO DE LA PLAZA,Belgrano,Belgrano,Belgrano,13.0,CALLE,50.9260259688863,"LINESTRING (-58.44897796943971 -34.55066596337486, -58.44902894199736 -34.55073019621533, -58.449212589641114 -34.55090444701416, -58.44935156551094 -34.5510023526062)",Q599235,Victorino de la Plaza,Prócer,procer
923,"PLAZA, VICTORINO DE LA, DR.",VICTORINO DE LA PLAZA,Belgrano,Belgrano,Belgrano,13.0,CALLE,48.57432707972431,"LINESTRING (-58.45110066119778 -34.55108606299019, -58.45124460333528 -34.550996145585934, -58.45139314418264 -34.550886368834774, -58.451486358387626 -34.550789474189195)",Q599235,Victorino de la Plaza,Prócer,procer
940,"BALBIN, RICARDO, DR. AV.",RICARDO BALBIN,Saavedra,Saavedra,Saavedra,12.0,AVENIDA,53.35312805724936,"LINESTRING (-58.499285558263104 -34.55116313203991, -58.499618441557494 -34.55076886926101)",Q7322551,Ricardo Balbín,UCR,politico
943,"PLAZA, VICTORINO DE LA, DR.",VICTORINO DE LA PLAZA,Belgrano,Belgrano,Belgrano,13.0,CALLE,56.57324144050522,"LINESTRING (-58.44935156551094 -34.5510023526062, -58.44942952157781 -34.551056799392015, -58.44950560779968 -34.55109561174455, -58.44958475863201 -34.551131959546844, -58.449663825199536 -34.551163518442806, -58.44973999910714 -34.55118775284979, -58.44981319403562 -34.55121198688015, -58.4498952413481 -34.55123382741607)",Q599235,Victorino de la Plaza,Prócer,procer
944,"PEDRAZA, MANUELA",MANUELA PEDRAZA,Nuñez,Nuñez,Nuñez,13.0,CALLE,108.3180385876603,"LINESTRING (-58.46533244745623 -34.55074059099051, -58.46634234907617 -34.551245722784984)",Q6753047,Manuela Pedraza,Prócer,procer
953,"PLAZA, VICTORINO DE LA, DR.",VICTORINO DE LA PLAZA,Belgrano,Belgrano,Belgrano,13.0,CALLE,43.0773271239818,"LINESTRING (-58.45066927692333 -34.5512339099405, -58.450824106527506 -34.55119730527689, -58.45097902341553 -34.55114506625378, -58.45110066119778 -34.55108606299019)",Q599235,Victorino de la Plaza,Prócer,procer
954,"PLAZA, VICTORINO DE LA, DR.",VICTORINO DE LA PLAZA,Belgrano,Belgrano,Belgrano,13.0,CALLE,55.64001442343977,"LINESTRING (-58.4498952413481 -34.55123382741607, -58.44998894946915 -34.551255598744376, -58.45009440541414 -34.551265328734445, -58.45018811589809 -34.55127259252581, -58.45027893323364 -34.55127506709144, -58.45036975095588 -34.551275076742755, -58.45044005670686 -34.55127022489837, -58.45049631820394 -34.55126713214647)",Q599235,Victorino de la Plaza,Prócer,procer
959,"NAON, ROMULO",ROMULO NAON,Saavedra,Saavedra,Saavedra,12.0,CALLE,102.0976737436341,"LINESTRING (-58.48531050409437 -34.551339483286526, -58.48538138149453 -34.55125066558055, -58.4858061236086 -34.55068641978097, -58.48590260928506 -34.55056041306144)",Q6115964,Rómulo Naón,UCR,politico
972,"ACHA, MARIANO, GRAL.",MARIANO ACHA,Saavedra,Saavedra,Saavedra,12.0,CALLE,100.544358502538,"LINESTRING (-58.493719232650115 -34.55144803263177, -58.493801326116916 -34.55133103757033, -58.494269211952314 -34.55066421393318)",Q32958,Mariano Acha,Prócer,procer
973,"LARRALDE, CRISOLOGO AV.",CRISOLOGO LARRALDE,,Nuñez,Saavedra,,AVENIDA,92.74336683058388,"LINESTRING (-58.471863903302186 -34.550998834818095, -58.47270386779978 -34.55146350228593)",Q5791973,Crisólogo Larralde,UCR,politico
1026,"BALBIN, RICARDO, DR. AV.",RICARDO BALBIN,Saavedra,Saavedra,Saavedra,12.0,AVENIDA,100.410404464647,"LINESTRING (-58.49867500648357 -34.55191417315098, -58.499285558263104 -34.55116313203991)",Q7322551,Ricardo Balbín,UCR,politico
1031,"LARRALDE, CRISOLOGO AV.",CRISOLOGO LARRALDE,,Nuñez,Saavedra,,AVENIDA,95.97623180531043,"LINESTRING (-58.47270386779978 -34.55146350228593, -58.473573123420756 -34.55194435904122)",Q5791973,Crisólogo Larralde,UCR,politico
1045,"BALBIN, RICARDO, DR. AV.",RICARDO BALBIN,Saavedra,Saavedra,Saavedra,12.0,AVENIDA,77.4625107960884,"LINESTRING (-58.499938983186276 -34.55174076818149, -58.50022369066963 -34.55177395057133, -58.50040657584327 -34.55186563894966, -58.500682687565885 -34.55203342668198)",Q7322551,Ricardo Balbín,UCR,politico
1050,"NAON, ROMULO",ROMULO NAON,Saavedra,Saavedra,Saavedra,12.0,CALLE,98.85692082713486,"LINESTRING (-58.484733276284075 -34.55209178674163, -58.485222353816305 -34.5514498538554, -58.48531050409437 -34.551339483286526)",Q6115964,Rómulo Naón,UCR,politico
1055,"BALBIN, RICARDO, DR. AV.",RICARDO BALBIN,Saavedra,Saavedra,Saavedra,12.0,AVENIDA,151.700836479592,"LINESTRING (-58.49901699577614 -34.55210062724889, -58.499772336163105 -34.55088431847923)",Q7322551,Ricardo Balbín,UCR,politico
1056,"BALBIN, RICARDO, DR. AV.",RICARDO BALBIN,Saavedra,Saavedra,Saavedra,12.0,AVENIDA,95.37705460057369,"LINESTRING (-58.49901699577614 -34.55210062724889, -58.49933976807952 -34.55193334539363, -58.499517101445726 -34.55182321992185, -58.49969454288683 -34.5517668982362, -58.499938983186276 -34.55174076818149)",Q7322551,Ricardo Balbín,UCR,politico
1068,"ACHA, MARIANO, GRAL.",MARIANO ACHA,Saavedra,Saavedra,Saavedra,12.0,CALLE,100.7237278120446,"LINESTRING (-58.493168137007466 -34.5522331870872, -58.493719232650115 -34.55144803263177)",Q32958,Mariano Acha,Prócer,procer
1073,"PEDRAZA, MANUELA",MANUELA PEDRAZA,Nuñez,Nuñez,Nuñez,13.0,CALLE,131.9783346611877,"LINESTRING (-58.46603501136324 -34.55162806300605, -58.4672511698829 -34.55226276291578)",Q6753047,Manuela Pedraza,Prócer,procer
1093,"LARRALDE, CRISOLOGO AV.",CRISOLOGO LARRALDE,,Nuñez,Saavedra,,AVENIDA,95.28501203765273,"LINESTRING (-58.473573123420756 -34.55194435904122, -58.47443617509131 -34.55242168892588)",Q5791973,Crisólogo Larralde,UCR,politico
1125,"BALBIN, RICARDO, DR. AV.",RICARDO BALBIN,Saavedra,Saavedra,Saavedra,12.0,AVENIDA,100.7625448786179,"LINESTRING (-58.49805797497547 -34.55266542423692, -58.49867500648357 -34.55191417315098)",Q7322551,Ricardo Balbín,UCR,politico
1127,"PEDRAZA, MANUELA",MANUELA PEDRAZA,Nuñez,Nuñez,Nuñez,13.0,CALLE,94.63462644932565,"LINESTRING (-58.4672511698829 -34.55226276291578, -58.46812320981141 -34.55271788306924)",Q6753047,Manuela Pedraza,Prócer,procer
1138,"LARRALDE, CRISOLOGO AV.",CRISOLOGO LARRALDE,Saavedra,Saavedra,Saavedra,12.0,AVENIDA,73.51518704418497,"LINESTRING (-58.47443617509131 -34.55242168892588, -58.47510200590022 -34.55279001526784)",Q5791973,Crisólogo Larralde,UCR,politico
1148,"NAON, ROMULO",ROMULO NAON,Saavedra,Saavedra,Saavedra,12.0,CALLE,101.8657929192086,"LINESTRING (-58.48414148925596 -34.55286859747597, -58.484733276284075 -34.55209178674163)",Q6115964,Rómulo Naón,UCR,politico
1171,"ACHA, MARIANO, GRAL.",MARIANO ACHA,Saavedra,Saavedra,Saavedra,12.0,CALLE,100.7215430270666,"LINESTRING (-58.49261737153158 -34.55301847972557, -58.493090550613175 -34.55234370158185, -58.493168137007466 -34.5522331870872)",Q32958,Mariano Acha,Prócer,procer
1184,"PEDRAZA, MANUELA",MANUELA PEDRAZA,Nuñez,Nuñez,Nuñez,13.0,CALLE,91.08839008674776,"LINESTRING (-58.46812320981141 -34.55271788306924, -58.46830400287577 -34.55281217376874, -58.46895882835635 -34.55316081527124)",Q6753047,Manuela Pedraza,Prócer,procer
1198,"LARRALDE, CRISOLOGO AV.",CRISOLOGO LARRALDE,Saavedra,Saavedra,Saavedra,12.0,AVENIDA,102.0628340106311,"LINESTRING (-58.47510200590022 -34.55279001526784, -58.47545390607048 -34.552984703594525, -58.4760261942923 -34.55330162449195)",Q5791973,Crisólogo Larralde,UCR,politico
1215,"BALBIN, RICARDO, DR. AV.",RICARDO BALBIN,Saavedra,Saavedra,Saavedra,12.0,AVENIDA,100.4488461833233,"LINESTRING (-58.497442378306474 -34.55341406601978, -58.49805797497547 -34.55266542423692)",Q7322551,Ricardo Balbín,UCR,politico
1233,"PEDRAZA, MANUELA",MANUELA PEDRAZA,Nuñez,Nuñez,Nuñez,13.0,CALLE,95.22169245465545,"LINESTRING (-58.46895882835635 -34.55316081527124, -58.46983131326525 -34.55362521912647)",Q6753047,Manuela Pedraza,Prócer,procer
1236,"NAON, ROMULO",ROMULO NAON,Saavedra,Saavedra,Saavedra,12.0,CALLE,100.1556954271895,"LINESTRING (-58.483559646810974 -34.553632375124046, -58.48414148925596 -34.55286859747597)",Q6115964,Rómulo Naón,UCR,politico
1256,"LARRALDE, CRISOLOGO AV.",CRISOLOGO LARRALDE,Saavedra,Saavedra,Saavedra,12.0,AVENIDA,101.0683015254892,"LINESTRING (-58.4760261942923 -34.55330162449195, -58.476941285620796 -34.553808368425365)",Q5791973,Crisólogo Larralde,UCR,politico
1262,"ACHA, MARIANO, GRAL.",MARIANO ACHA,Saavedra,Saavedra,Saavedra,12.0,CALLE,90.71341670245864,"LINESTRING (-58.49212123711042 -34.55372569856548, -58.49261737153158 -34.55301847972557)",Q32958,Mariano Acha,Prócer,procer
1288,"PEDRAZA, MANUELA",MANUELA PEDRAZA,Nuñez,Nuñez,Nuñez,13.0,CALLE,95.27380072014017,"LINESTRING (-58.46983131326525 -34.55362521912647, -58.47050913433952 -34.55398610483928, -58.47070431859521 -34.55408982795181)",Q6753047,Manuela Pedraza,Prócer,procer
1295,"BALBIN, RICARDO, DR. AV.",RICARDO BALBIN,Saavedra,Saavedra,Saavedra,12.0,AVENIDA,100.914770121246,"LINESTRING (-58.49682387798669 -34.554166156191, -58.497442378306474 -34.55341406601978)",Q7322551,Ricardo Balbín,UCR,politico
1311,"LARRALDE, CRISOLOGO AV.",CRISOLOGO LARRALDE,Saavedra,Saavedra,Saavedra,12.0,AVENIDA,100.9447900859662,"LINESTRING (-58.476941285620796 -34.553808368425365, -58.47785528139846 -34.55431447176977)",Q5791973,Crisólogo Larralde,UCR,politico
1325,"NAON, ROMULO",ROMULO NAON,Saavedra,Saavedra,Saavedra,12.0,CALLE,101.7619832858066,"LINESTRING (-58.48296511359248 -34.554406645149484, -58.483481023232144 -34.553735559548855, -58.483559646810974 -34.553632375124046)",Q6115964,Rómulo Naón,UCR,politico
1330,"ALSINA, VALENTIN AV.",VALENTIN ALSINA,,Palermo,Belgrano,,AVENIDA,112.5109599473295,"LINESTRING (-58.43411810056931 -34.5539541183103, -58.43518356636458 -34.55445562640732)",Q7911084,Valentín Alsina,Prócer,procer
1338,"ACHA, MARIANO, GRAL.",MARIANO ACHA,Saavedra,Saavedra,Saavedra,12.0,CALLE,82.68951943301218,"LINESTRING (-58.49158183340592 -34.55450629360157, -58.49194502164883 -34.55397584459538, -58.492027630689094 -34.553858568956265)",Q32958,Mariano Acha,Prócer,procer
1341,"PEDRAZA, MANUELA",MANUELA PEDRAZA,Nuñez,Nuñez,Nuñez,13.0,CALLE,96.45153729388227,"LINESTRING (-58.47070431859521 -34.55408982795181, -58.47158848465891 -34.554559711553416)",Q6753047,Manuela Pedraza,Prócer,procer
1365,"LARRALDE, CRISOLOGO AV.",CRISOLOGO LARRALDE,Saavedra,Saavedra,Saavedra,12.0,AVENIDA,101.2546415730079,"LINESTRING (-58.47785528139846 -34.55431447176977, -58.478772097445436 -34.55482211720238)",Q5791973,Crisólogo Larralde,UCR,politico
1385,"BALBIN, RICARDO, DR. AV.",RICARDO BALBIN,Saavedra,Saavedra,Saavedra,12.0,AVENIDA,100.4705554699714,"LINESTRING (-58.49620808903432 -34.554914932473494, -58.49682387798669 -34.554166156191)",Q7322551,Ricardo Balbín,UCR,politico
1396,"BALBIN, RICARDO, DR. AV.",RICARDO BALBIN,Saavedra,Saavedra,Saavedra,12.0,AVENIDA,33.4445533193358,"LINESTRING (-58.48835947216723 -34.55494883864327, -58.4885411351465 -34.55495794649485, -58.48872319016105 -34.55496707372833)",Q7322551,Ricardo Balbín,UCR,politico
1402,"PEDRAZA, MANUELA",MANUELA PEDRAZA,Nuñez,Nuñez,Nuñez,13.0,CALLE,93.94865832899988,"LINESTRING (-58.47158848465891 -34.554559711553416, -58.47244976235388 -34.555017336629994)",Q6753047,Manuela Pedraza,Prócer,procer
1405,"BALBIN, RICARDO, DR. AV.",RICARDO BALBIN,Saavedra,Saavedra,Saavedra,12.0,AVENIDA,114.3273941271366,"LINESTRING (-58.48872319016105 -34.55496707372833, -58.489966539953194 -34.555029274719494)",Q7322551,Ricardo Balbín,UCR,politico
1409,"BALBIN, RICARDO, DR. AV.",RICARDO BALBIN,Saavedra,Saavedra,Saavedra,12.0,AVENIDA,51.19607311181108,"LINESTRING (-58.489966539953194 -34.555029274719494, -58.490523311362914 -34.55505718065657)",Q7322551,Ricardo Balbín,UCR,politico
1411,"BALBIN, RICARDO, DR. AV.",RICARDO BALBIN,Saavedra,Saavedra,Saavedra,12.0,AVENIDA,60.22047098813939,"LINESTRING (-58.490523311362914 -34.55505718065657, -58.4911782268652 -34.55508999137451)",Q7322551,Ricardo Balbín,UCR,politico
1412,"ACHA, MARIANO, GRAL.",MARIANO ACHA,Saavedra,Saavedra,Saavedra,12.0,CALLE,74.6002965533885,"LINESTRING (-58.4911782268652 -34.55508999137451, -58.491499054075305 -34.554627160598024, -58.49158183340592 -34.55450629360157)",Q32958,Mariano Acha,Prócer,procer
1416,"BALBIN, RICARDO, DR. AV.",RICARDO BALBIN,Saavedra,Saavedra,Saavedra,12.0,AVENIDA,200.8541299752109,"LINESTRING (-58.497807486740896 -34.553609488424044, -58.49901699577614 -34.55210062724889)",Q7322551,Ricardo Balbín,UCR,politico
1417,"BALBIN, RICARDO, DR. AV.",RICARDO BALBIN,Saavedra,Saavedra,Saavedra,12.0,AVENIDA,111.8922330906978,"LINESTRING (-58.4911782268652 -34.55508999137451, -58.49213472445784 -34.55513786891899, -58.492395023058606 -34.555151821572316)",Q7322551,Ricardo Balbín,UCR,politico
1422,"NAON, ROMULO",ROMULO NAON,Saavedra,Saavedra,Saavedra,12.0,CALLE,100.2228330678748,"LINESTRING (-58.48238580373007 -34.55517245890633, -58.48296511359248 -34.554406645149484)",Q6115964,Rómulo Naón,UCR,politico
1424,"BALBIN, RICARDO, DR. AV.",RICARDO BALBIN,Saavedra,Saavedra,Saavedra,12.0,AVENIDA,47.22542194461867,"LINESTRING (-58.492395023058606 -34.555151821572316, -58.49290847042522 -34.555179445251504)",Q7322551,Ricardo Balbín,UCR,politico
1432,"BALBIN, RICARDO, DR. AV.",RICARDO BALBIN,Saavedra,Saavedra,Saavedra,12.0,AVENIDA,64.1514207481554,"LINESTRING (-58.49290847042522 -34.555179445251504, -58.49360594900582 -34.555216880610274)",Q7322551,Ricardo Balbín,UCR,politico
1434,"BALBIN, RICARDO, DR. AV.",RICARDO BALBIN,Saavedra,Saavedra,Saavedra,12.0,AVENIDA,58.33722713759718,"LINESTRING (-58.49360594900582 -34.555216880610274, -58.49390640050177 -34.555165889004314, -58.493967511915635 -34.55515495792673, -58.49404079185174 -34.555134586919564, -58.4942111749053 -34.55506679587112)",Q7322551,Ricardo Balbín,UCR,politico
1441,"ACHA, MARIANO, GRAL.",MARIANO ACHA,Saavedra,Saavedra,Saavedra,12.0,CALLE,26.87393029873478,"LINESTRING (-58.49103248790887 -34.55530009979713, -58.4911782268652 -34.55508999137451)",Q32958,Mariano Acha,Prócer,procer
1446,"BALBIN, RICARDO, DR. AV.",RICARDO BALBIN,Saavedra,Saavedra,Saavedra,12.0,AVENIDA,75.19618536073638,"LINESTRING (-58.49487804847462 -34.55520521993528, -58.49504515482157 -34.5552518678097, -58.49527456880727 -34.55529920339479, -58.49548887688644 -34.55531459476069, -58.49567949323637 -34.55530060602263)",Q7322551,Ricardo Balbín,UCR,politico
1447,"LARRALDE, CRISOLOGO AV.",CRISOLOGO LARRALDE,Saavedra,Saavedra,Saavedra,12.0,AVENIDA,100.758450054254,"LINESTRING (-58.478772097445436 -34.55482211720238, -58.47968441283049 -34.555327291465325)",Q5791973,Crisólogo Larralde,UCR,politico
1450,"BALBIN, RICARDO, DR. AV.",RICARDO BALBIN,Saavedra,Saavedra,Saavedra,12.0,AVENIDA,116.7761794437129,"LINESTRING (-58.482716531568805 -34.555347129070576, -58.482964970685074 -34.55524631235274, -58.48384969043683 -34.55486855235453)",Q7322551,Ricardo Balbín,UCR,politico
1456,"PEDRAZA, MANUELA",MANUELA PEDRAZA,Coghlan,Coghlan,Coghlan,12.0,CALLE,74.74519754249103,"LINESTRING (-58.47244976235388 -34.555017336629994, -58.47291726355651 -34.555265827528366, -58.473134756449525 -34.55538172835153)",Q6753047,Manuela Pedraza,Prócer,procer
1478,"NAON, ROMULO",ROMULO NAON,Saavedra,Saavedra,Saavedra,12.0,CALLE,58.75211202925397,"LINESTRING (-58.48204364067255 -34.555620057367655, -58.48238580373007 -34.55517245890633)",Q6115964,Rómulo Naón,UCR,politico
1479,"BALBIN, RICARDO, DR. AV.",RICARDO BALBIN,Saavedra,Saavedra,Saavedra,12.0,AVENIDA,68.78226869416436,"LINESTRING (-58.48204364067255 -34.555620057367655, -58.482716531568805 -34.555347129070576)",Q7322551,Ricardo Balbín,UCR,politico
1492,"BALBIN, RICARDO, DR. AV.",RICARDO BALBIN,Saavedra,Saavedra,Saavedra,12.0,AVENIDA,88.3711240051508,"LINESTRING (-58.495961041886375 -34.55570269287365, -58.496062977252464 -34.555626609734404, -58.49615432300933 -34.55556394858274, -58.496243047834426 -34.55547536947363, -58.49644136693635 -34.555261487383426, -58.49660277806278 -34.55511229476643)",Q7322551,Ricardo Balbín,UCR,politico
1506,"LARRALDE, CRISOLOGO AV.",CRISOLOGO LARRALDE,Saavedra,Saavedra,Saavedra,12.0,AVENIDA,100.0889024311823,"LINESTRING (-58.47968441283049 -34.555327291465325, -58.48059069504807 -34.55582907936324)",Q5791973,Crisólogo Larralde,UCR,politico
1514,"PEDRAZA, MANUELA",MANUELA PEDRAZA,Coghlan,Coghlan,Coghlan,12.0,CALLE,102.404610355682,"LINESTRING (-58.473134756449525 -34.55538172835153, -58.4740727493456 -34.5558815901974)",Q6753047,Manuela Pedraza,Prócer,procer
1529,"LARRALDE, CRISOLOGO AV.",CRISOLOGO LARRALDE,Saavedra,Saavedra,Saavedra,12.0,AVENIDA,44.35877027143915,"LINESTRING (-58.48059069504807 -34.55582907936324, -58.48099233666269 -34.55605149168258)",Q5791973,Crisólogo Larralde,UCR,politico
1530,"BALBIN, RICARDO, DR. AV.",RICARDO BALBIN,Saavedra,Saavedra,Saavedra,12.0,AVENIDA,107.7151253029376,"LINESTRING (-58.48099233666269 -34.55605149168258, -58.48115966678237 -34.555978648759535, -58.48204364067255 -34.555620057367655)",Q7322551,Ricardo Balbín,UCR,politico
1539,"ACHA, MARIANO, GRAL.",MARIANO ACHA,Saavedra,Saavedra,Saavedra,12.0,CALLE,99.82351491747164,"LINESTRING (-58.490489596511175 -34.556079817155194, -58.49095438587598 -34.555412866569746, -58.49103248790887 -34.55530009979713)",Q32958,Mariano Acha,Prócer,procer
1565,"LARRALDE, CRISOLOGO AV.",CRISOLOGO LARRALDE,Saavedra,Saavedra,Saavedra,12.0,AVENIDA,56.02892591605293,"LINESTRING (-58.48099233666269 -34.55605149168258, -58.48151383827085 -34.556314026607915)",Q5791973,Crisólogo Larralde,UCR,politico
1566,"NAON, ROMULO",ROMULO NAON,Saavedra,Saavedra,Saavedra,12.0,CALLE,91.05658445072852,"LINESTRING (-58.48151383827085 -34.556314026607915, -58.48204364067255 -34.555620057367655)",Q6115964,Rómulo Naón,UCR,politico
1571,"PEDRAZA, MANUELA",MANUELA PEDRAZA,Coghlan,Coghlan,Coghlan,12.0,CALLE,99.11689781380943,"LINESTRING (-58.4740727493456 -34.5558815901974, -58.47452961954034 -34.55612507570937, -58.47498053355942 -34.55636553183376)",Q6753047,Manuela Pedraza,Prócer,procer
1581,"BALBIN, RICARDO, DR. AV.",RICARDO BALBIN,Saavedra,Saavedra,Saavedra,12.0,AVENIDA,88.64428155052403,"LINESTRING (-58.480137722932554 -34.55642373367546, -58.48099233666269 -34.55605149168258)",Q7322551,Ricardo Balbín,UCR,politico
1623,"BALBIN, RICARDO, DR. AV.",RICARDO BALBIN,Saavedra,Saavedra,Saavedra,12.0,AVENIDA,81.25674249334114,"LINESTRING (-58.47935434160839 -34.55676497370092, -58.480137722932554 -34.55642373367546)",Q7322551,Ricardo Balbín,UCR,politico
1625,"LARRALDE, CRISOLOGO AV.",CRISOLOGO LARRALDE,Saavedra,Saavedra,Saavedra,12.0,AVENIDA,100.3288197297488,"LINESTRING (-58.48151383827085 -34.556314026607915, -58.482458095407644 -34.556769667082385)",Q5791973,Crisólogo Larralde,UCR,politico
1630,"ACHA, MARIANO, GRAL.",MARIANO ACHA,Saavedra,Saavedra,Saavedra,12.0,CALLE,98.11035325103902,"LINESTRING (-58.4899557134677 -34.55684600860244, -58.490489596511175 -34.556079817155194)",Q32958,Mariano Acha,Prócer,procer
1631,"PEDRAZA, MANUELA",MANUELA PEDRAZA,Coghlan,Coghlan,Coghlan,12.0,CALLE,100.7396695279185,"LINESTRING (-58.47498053355942 -34.55636553183376, -58.47590305538676 -34.55685756393534)",Q6753047,Manuela Pedraza,Prócer,procer
1669,"BALBIN, RICARDO, DR. AV.",RICARDO BALBIN,Coghlan,Coghlan,Coghlan,12.0,AVENIDA,114.4802583341941,"LINESTRING (-58.478237045379 -34.557223717434454, -58.47935434160839 -34.55676497370092)",Q7322551,Ricardo Balbín,UCR,politico
1670,"LARRALDE, CRISOLOGO AV.",CRISOLOGO LARRALDE,Saavedra,Saavedra,Saavedra,12.0,AVENIDA,100.5914400728519,"LINESTRING (-58.482458095407644 -34.556769667082385, -58.483404831637664 -34.55722649701985)",Q5791973,Crisólogo Larralde,UCR,politico
1679,"PEDRAZA, MANUELA",MANUELA PEDRAZA,Coghlan,Coghlan,Coghlan,12.0,CALLE,102.67269089562,"LINESTRING (-58.47590305538676 -34.55685756393534, -58.47684329481512 -34.55735902389374)",Q6753047,Manuela Pedraza,Prócer,procer
1696,"NAON, ROMULO",ROMULO NAON,Saavedra,Saavedra,Saavedra,12.0,CALLE,152.6453754563186,"LINESTRING (-58.48062831951045 -34.55747875933206, -58.48151383827085 -34.556314026607915)",Q6115964,Rómulo Naón,UCR,politico
1713,"ACHA, MARIANO, GRAL.",MARIANO ACHA,Saavedra,Saavedra,Saavedra,12.0,CALLE,97.24598946593389,"LINESTRING (-58.48942650020469 -34.55760543590601, -58.4899557134677 -34.55684600860244)",Q32958,Mariano Acha,Prócer,procer
1714,"PEDRAZA, MANUELA",MANUELA PEDRAZA,Coghlan,Coghlan,Coghlan,12.0,CALLE,55.78480513214483,"LINESTRING (-58.47684329481512 -34.55735902389374, -58.47703943128115 -34.55746358180328, -58.477357897558164 -34.55762657739274)",Q6753047,Manuela Pedraza,Prócer,procer
1715,"BALBIN, RICARDO, DR. AV.",RICARDO BALBIN,Coghlan,Coghlan,Coghlan,12.0,AVENIDA,92.23886345331535,"LINESTRING (-58.477357897558164 -34.55762657739274, -58.478237045379 -34.557223717434454)",Q7322551,Ricardo Balbín,UCR,politico
1720,"LARRALDE, CRISOLOGO AV.",CRISOLOGO LARRALDE,Saavedra,Saavedra,Saavedra,12.0,AVENIDA,100.0626768975618,"LINESTRING (-58.483404831637664 -34.55722649701985, -58.48419340331019 -34.557607007002545, -58.48434757654561 -34.55767951736526)",Q5791973,Crisólogo Larralde,UCR,politico
1729,"LARRALDE, CRISOLOGO AV.",CRISOLOGO LARRALDE,Saavedra,Saavedra,Saavedra,12.0,AVENIDA,30.59253899748067,"LINESTRING (-58.48434757654561 -34.55767951736526, -58.484638641401986 -34.557813906483695)",Q5791973,Crisólogo Larralde,UCR,politico
1731,"PEDRAZA, MANUELA",MANUELA PEDRAZA,Coghlan,Coghlan,Coghlan,12.0,CALLE,44.36248916167686,"LINESTRING (-58.477357897558164 -34.55762657739274, -58.47761473159818 -34.55775802938313, -58.47776668786497 -34.557839914722955)",Q6753047,Manuela Pedraza,Prócer,procer
1757,"BALBIN, RICARDO, DR. AV.",RICARDO BALBIN,Coghlan,Coghlan,Coghlan,12.0,AVENIDA,107.4702878373474,"LINESTRING (-58.47631054510968 -34.55805973140585, -58.47666360692651 -34.55791004202117, -58.477357897558164 -34.55762657739274)",Q7322551,Ricardo Balbín,UCR,politico
1764,"LARRALDE, CRISOLOGO AV.",CRISOLOGO LARRALDE,Saavedra,Saavedra,Saavedra,12.0,AVENIDA,69.8480655262512,"LINESTRING (-58.484638641401986 -34.557813906483695, -58.48529663010669 -34.558130275687134)",Q5791973,Crisólogo Larralde,UCR,politico
1777,"PEDRAZA, MANUELA",MANUELA PEDRAZA,Coghlan,Coghlan,Coghlan,12.0,CALLE,100.64016892888,"LINESTRING (-58.47776668786497 -34.557839914722955, -58.478685412465126 -34.558335165636294)",Q6753047,Manuela Pedraza,Prócer,procer
1780,"BALBIN, RICARDO, DR. AV.",RICARDO BALBIN,Coghlan,Coghlan,Coghlan,12.0,AVENIDA,67.16554191187235,"LINESTRING (-58.47565923295003 -34.558335791183694, -58.47631054510968 -34.55805973140585)",Q7322551,Ricardo Balbín,UCR,politico
1789,"ACHA, MARIANO, GRAL.",MARIANO ACHA,Saavedra,Saavedra,Saavedra,12.0,CALLE,101.0329487585699,"LINESTRING (-58.488876686799316 -34.55839444326689, -58.48942650020469 -34.55760543590601)",Q32958,Mariano Acha,Prócer,procer
1807,"LARRALDE, CRISOLOGO AV.",CRISOLOGO LARRALDE,Saavedra,Saavedra,Saavedra,12.0,AVENIDA,83.63854302779828,"LINESTRING (-58.48529663010669 -34.558130275687134, -58.485944322312605 -34.55844044591528, -58.48608538837453 -34.55850788596733)",Q5791973,Crisólogo Larralde,UCR,politico
1811,"LARRALDE, CRISOLOGO AV.",CRISOLOGO LARRALDE,Saavedra,Saavedra,Saavedra,12.0,AVENIDA,14.30586721850978,"LINESTRING (-58.48608538837453 -34.55850788596733, -58.486220325055996 -34.55857243961798)",Q5791973,Crisólogo Larralde,UCR,politico
1825,"ALSINA, VALENTIN AV.",VALENTIN ALSINA,,Palermo,Belgrano,,AVENIDA,777.5919668238441,"LINESTRING (-58.43518356636458 -34.55445562640732, -58.4353372659093 -34.554527423919836, -58.43545777350954 -34.55458731199145, -58.43571895905995 -34.55471695171578, -58.435984056505305 -34.5548599723429, -58.43624523077583 -34.55502961185064, -58.436538475766724 -34.55526235786505, -58.436689013707024 -34.555380773758614, -58.43687171020399 -34.5555528596274, -58.43710087612171 -34.55574601201693, -58.43733268697531 -34.55592254443608, -58.437502721461335 -34.55603518867979, -58.43770059065826 -34.55614776809999, -58.43798809183994 -34.55626036581284, -58.43834488372286 -34.556366005040026, -58.43881342956137 -34.556505469271265, -58.43915046678034 -34.55664159582584, -58.43954086993706 -34.556798084417565, -58.43983679618789 -34.556934201064195, -58.44016063360533 -34.557104477985206, -58.44044445753801 -34.557303550025516, -58.44069457259517 -34.55751064351291, -58.44091583164114 -34.557721604520516, -58.44106015122497 -34.557896775677435, -58.441165996299496 -34.55807193968967, -58.44125250544162 -34.5582988618379, -58.44133908762767 -34.558573531475986, -58.44137751806009 -34.558744739390505, -58.441387118135104 -34.55881636243083)",Q7911084,Valentín Alsina,Prócer,procer
1826,"PEDRAZA, MANUELA",MANUELA PEDRAZA,Coghlan,Coghlan,Coghlan,12.0,CALLE,100.6683357802047,"LINESTRING (-58.478685412465126 -34.558335165636294, -58.47960440334887 -34.558830550406796)",Q6753047,Manuela Pedraza,Prócer,procer
1827,"NAON, ROMULO",ROMULO NAON,Coghlan,Coghlan,Coghlan,12.0,CALLE,176.9765359536527,"LINESTRING (-58.47960440334887 -34.558830550406796, -58.479681929138785 -34.55872342496067, -58.48062831951045 -34.55747875933206)",Q6115964,Rómulo Naón,UCR,politico
1830,"ALSINA, VALENTIN AV.",VALENTIN ALSINA,Belgrano,Belgrano,Belgrano,13.0,AVENIDA,22.96034204907639,"LINESTRING (-58.441387118135104 -34.55881636243083, -58.441634561914974 -34.55884682980666)",Q7911084,Valentín Alsina,Prócer,procer
1841,"BALBIN, RICARDO, DR. AV.",RICARDO BALBIN,Coghlan,Coghlan,Coghlan,12.0,AVENIDA,90.83285340913338,"LINESTRING (-58.47478241279454 -34.558715517367645, -58.47565923295003 -34.558335791183694)",Q7322551,Ricardo Balbín,UCR,politico
1849,"ACHA, MARIANO, GRAL.",MARIANO ACHA,Saavedra,Saavedra,Saavedra,12.0,CALLE,69.3640796640598,"LINESTRING (-58.4884992477807 -34.55893615356792, -58.488876686799316 -34.55839444326689)",Q32958,Mariano Acha,Prócer,procer
1860,"LARRALDE, CRISOLOGO AV.",CRISOLOGO LARRALDE,Saavedra,Saavedra,Saavedra,12.0,AVENIDA,104.9813413424626,"LINESTRING (-58.486220325055996 -34.55857243961798, -58.48721060488757 -34.5590460630781)",Q5791973,Crisólogo Larralde,UCR,politico
1886,"PEDRAZA, MANUELA",MANUELA PEDRAZA,Coghlan,Coghlan,Coghlan,12.0,CALLE,100.5536135973909,"LINESTRING (-58.47960440334887 -34.558830550406796, -58.47971320169425 -34.55888919910977, -58.48052102190906 -34.559327055337995)",Q6753047,Manuela Pedraza,Prócer,procer
1905,"BALBIN, RICARDO, DR. AV.",RICARDO BALBIN,Coghlan,Coghlan,Coghlan,12.0,AVENIDA,140.5998347410748,"LINESTRING (-58.47295367055794 -34.55947958174577, -58.47432450785349 -34.55891381925365)",Q7322551,Ricardo Balbín,UCR,politico
1906,"LARRALDE, CRISOLOGO AV.",CRISOLOGO LARRALDE,Saavedra,Saavedra,Saavedra,12.0,AVENIDA,96.35305491705935,"LINESTRING (-58.48721060488757 -34.5590460630781, -58.488119506396735 -34.55948075051094)",Q5791973,Crisólogo Larralde,UCR,politico
1907,"ACHA, MARIANO, GRAL.",MARIANO ACHA,Saavedra,Saavedra,Saavedra,12.0,CALLE,69.74694360555249,"LINESTRING (-58.488119506396735 -34.55948075051094, -58.488233948406496 -34.559316779888526, -58.4884992477807 -34.55893615356792)",Q32958,Mariano Acha,Prócer,procer
1926,"BALBIN, RICARDO, DR. AV.",RICARDO BALBIN,Coghlan,Coghlan,Coghlan,12.0,AVENIDA,70.2551801833212,"LINESTRING (-58.47227058616639 -34.55976541484119, -58.47295367055794 -34.55947958174577)",Q7322551,Ricardo Balbín,UCR,politico
1931,"PEDRAZA, MANUELA",MANUELA PEDRAZA,Coghlan,Coghlan,Coghlan,12.0,CALLE,102.1068512908241,"LINESTRING (-58.48052102190906 -34.559327055337995, -58.48145152827041 -34.55983157962781)",Q6753047,Manuela Pedraza,Prócer,procer
1939,"HERNANDEZ, JOSE",JOSE HERNANDEZ,Belgrano,Belgrano,Belgrano,13.0,CALLE,197.1307939432389,"LINESTRING (-58.441634561914974 -34.55884682980666, -58.44338401387438 -34.55987778444075)",Q377623,José Hernández,Prócer,procer
1945,"LARRALDE, CRISOLOGO AV.",CRISOLOGO LARRALDE,Saavedra,Saavedra,Saavedra,12.0,AVENIDA,100.9278587757726,"LINESTRING (-58.488119506396735 -34.55948075051094, -58.48907158149467 -34.559936056297204)",Q5791973,Crisólogo Larralde,UCR,politico
1952,"NAON, ROMULO",ROMULO NAON,Coghlan,Coghlan,Coghlan,12.0,CALLE,145.3732259045939,"LINESTRING (-58.47879066839187 -34.5599548362897, -58.47960440334887 -34.558830550406796)",Q6115964,Rómulo Naón,UCR,politico
1959,"BALBIN, RICARDO, DR. AV.",RICARDO BALBIN,Coghlan,Coghlan,Coghlan,12.0,AVENIDA,85.44639502583178,"LINESTRING (-58.47142874511602 -34.560094354320505, -58.47227058616639 -34.55976541484119)",Q7322551,Ricardo Balbín,UCR,politico
1978,"CARCANO, RAMON J.",RAMON J. CARCANO,Palermo,Palermo,Palermo,14.0,CALLE,131.3267086311338,"LINESTRING (-58.421037379206815 -34.55959314400838, -58.41993438337822 -34.560347280878545)",Q7290505,Ramón José Cárcano,Liberalismo,politico
1982,"LARRALDE, CRISOLOGO AV.",CRISOLOGO LARRALDE,Saavedra,Saavedra,Saavedra,12.0,AVENIDA,100.7912134640715,"LINESTRING (-58.48907158149467 -34.559936056297204, -58.490022389897504 -34.560390721082626)",Q5791973,Crisólogo Larralde,UCR,politico
1995,"PEDRAZA, MANUELA",MANUELA PEDRAZA,Coghlan,Coghlan,Coghlan,12.0,CALLE,112.1701558087384,"LINESTRING (-58.48145152827041 -34.55983157962781, -58.48159148828309 -34.55990740548888, -58.48247543808477 -34.5603836888312)",Q6753047,Manuela Pedraza,Prócer,procer
1998,"HERNANDEZ, JOSE",JOSE HERNANDEZ,Belgrano,Belgrano,Belgrano,13.0,CALLE,101.2066175210218,"LINESTRING (-58.44338401387438 -34.55987778444075, -58.44428220705026 -34.56040705256688)",Q377623,José Hernández,Prócer,procer
2007,"BALBIN, RICARDO, DR. AV.",RICARDO BALBIN,Coghlan,Coghlan,Coghlan,12.0,AVENIDA,130.0809562123014,"LINESTRING (-58.470175594659764 -34.560642189901436, -58.47142874511602 -34.560094354320505)",Q7322551,Ricardo Balbín,UCR,politico
2019,"LARRALDE, CRISOLOGO AV.",CRISOLOGO LARRALDE,Saavedra,Saavedra,Saavedra,12.0,AVENIDA,87.20915261223834,"LINESTRING (-58.490022389897504 -34.560390721082626, -58.49018602398651 -34.56046899674086, -58.49084516076741 -34.5607839975821)",Q5791973,Crisólogo Larralde,UCR,politico
2026,"ACHA, MARIANO, GRAL.",MARIANO ACHA,Saavedra,Saavedra,Saavedra,12.0,CALLE,172.7887280592782,"LINESTRING (-58.48717417056871 -34.5608277293453, -58.4872596010147 -34.560706371912886, -58.48799893758303 -34.55965331400119, -58.488119506396735 -34.55948075051094)",Q32958,Mariano Acha,Prócer,procer
2029,"HERNANDEZ, JOSE",JOSE HERNANDEZ,Belgrano,Belgrano,Belgrano,13.0,CALLE,53.36022208186652,"LINESTRING (-58.44453539008345 -34.56055575691977, -58.44501009447404 -34.56083348249696)",Q377623,José Hernández,Prócer,procer
2030,"LARRALDE, CRISOLOGO AV.",CRISOLOGO LARRALDE,Saavedra,Saavedra,Saavedra,12.0,AVENIDA,14.70121741185466,"LINESTRING (-58.49084516076741 -34.5607839975821, -58.49098385087179 -34.56085030569705)",Q5791973,Crisólogo Larralde,UCR,politico
2031,"PEDRAZA, MANUELA",MANUELA PEDRAZA,Villa Urquiza,Villa Urquiza,Villa Urquiza,12.0,CALLE,68.67550339954794,"LINESTRING (-58.48275093571485 -34.56053583170307, -58.483385021619235 -34.560864539085046)",Q6753047,Manuela Pedraza,Prócer,procer
2042,"NAON, ROMULO",ROMULO NAON,Coghlan,Coghlan,Coghlan,12.0,CALLE,127.7951042202669,"LINESTRING (-58.47807776084124 -34.56094438311124, -58.478708885210004 -34.56006787730971, -58.47879066839187 -34.5599548362897)",Q6115964,Rómulo Naón,UCR,politico
2051,"LARRALDE, CRISOLOGO AV.",CRISOLOGO LARRALDE,Saavedra,Saavedra,Saavedra,12.0,AVENIDA,49.8228704547046,"LINESTRING (-58.49098385087179 -34.56085030569705, -58.49145390041663 -34.561074991868644)",Q5791973,Crisólogo Larralde,UCR,politico
2058,"BALBIN, RICARDO, DR. AV.",RICARDO BALBIN,Coghlan,Coghlan,Coghlan,12.0,AVENIDA,132.0031387248545,"LINESTRING (-58.46889246304551 -34.561179802456174, -58.469179241039505 -34.56105915253061, -58.470175594659764 -34.560642189901436)",Q7322551,Ricardo Balbín,UCR,politico
2063,"PEDRAZA, MANUELA",MANUELA PEDRAZA,Villa Urquiza,Villa Urquiza,Villa Urquiza,12.0,CALLE,86.73347178590018,"LINESTRING (-58.483385021619235 -34.560864539085046, -58.48420453019827 -34.561253917101624)",Q6753047,Manuela Pedraza,Prócer,procer
2071,"LARRALDE, CRISOLOGO AV.",CRISOLOGO LARRALDE,Saavedra,Saavedra,Saavedra,12.0,AVENIDA,50.41394203280435,"LINESTRING (-58.49145390041663 -34.561074991868644, -58.49192957164567 -34.561302280594106)",Q5791973,Crisólogo Larralde,UCR,politico
2077,"PEDRAZA, MANUELA",MANUELA PEDRAZA,Villa Urquiza,Villa Urquiza,Villa Urquiza,12.0,CALLE,14.3129179119496,"LINESTRING (-58.48420453019827 -34.561253917101624, -58.48434057611917 -34.56131699370453)",Q6753047,Manuela Pedraza,Prócer,procer
2109,"BALBIN, RICARDO, DR. AV.",RICARDO BALBIN,Coghlan,Coghlan,Coghlan,12.0,AVENIDA,84.88526462770547,"LINESTRING (-58.467684394196844 -34.561687891117984, -58.46850888280732 -34.56134113030529)",Q7322551,Ricardo Balbín,UCR,politico
2113,"ALSINA, VALENTIN AV.",VALENTIN ALSINA,Palermo,Palermo,Palermo,14.0,AVENIDA,73.14780318778008,"LINESTRING (-58.431292789838196 -34.56162271640699, -58.43104379251023 -34.5616358905974, -58.4304972391238 -34.5616627631304)",Q7911084,Valentín Alsina,Prócer,procer
2119,"MERCADER, EMIR",EMIR MERCADER,Villa Urquiza,Villa Urquiza,Villa Urquiza,12.0,CALLE,28.22454378544082,"LINESTRING (-58.48308356086648 -34.56144044600996, -58.48335720481469 -34.5615565553786)",Q27974930,Emir Mercader,UCR,politico
2122,"PEDRAZA, MANUELA",MANUELA PEDRAZA,Villa Urquiza,Villa Urquiza,Villa Urquiza,12.0,CALLE,99.78443470249942,"LINESTRING (-58.48434057611917 -34.56131699370453, -58.48528907217723 -34.56175669532349)",Q6753047,Manuela Pedraza,Prócer,procer
2124,"LARRALDE, CRISOLOGO AV.",CRISOLOGO LARRALDE,,Villa Urquiza,Saavedra,,AVENIDA,101.070208621846,"LINESTRING (-58.49192957164567 -34.561302280594106, -58.492883135556134 -34.56175804912828)",Q5791973,Crisólogo Larralde,UCR,politico
2135,"NAON, ROMULO",ROMULO NAON,Coghlan,Coghlan,Coghlan,12.0,CALLE,118.3305451415383,"LINESTRING (-58.477417431798266 -34.56186053765884, -58.47746789966971 -34.561791375372856, -58.47807776084124 -34.56094438311124)",Q6115964,Rómulo Naón,UCR,politico
2136,"ALSINA, VALENTIN AV.",VALENTIN ALSINA,,Palermo,Belgrano,,AVENIDA,542.188615874656,"LINESTRING (-58.441387118135104 -34.55881636243083, -58.4413344753067 -34.55895713075847, -58.44130100147157 -34.559035225063376, -58.44126138411965 -34.55916867159406, -58.441209588011965 -34.5593248628905, -58.441130364628194 -34.559546473171046, -58.441032925711404 -34.55976300953611, -58.44095984920941 -34.55991412629324, -58.44084710603801 -34.56006016517943, -58.44065526305312 -34.56027675425005, -58.44049084906531 -34.5604203183602, -58.4403295010844 -34.560556277021035, -58.44016806953986 -34.56068470007257, -58.43989399562946 -34.560891131247644, -58.439696127863776 -34.561024617210556, -58.439470761214146 -34.561168097704595, -58.439242421646156 -34.56128643579757, -58.43892579765338 -34.56143496779533, -58.438688268965635 -34.56153316172598, -58.43847517673917 -34.56161121887921, -58.43824982754602 -34.561684202611744, -58.43798191511624 -34.561757177107786, -58.437659182007074 -34.56182760424676, -58.43727874030152 -34.561874707877664)",Q7911084,Valentín Alsina,Prócer,procer
2140,"ALSINA, VALENTIN AV.",VALENTIN ALSINA,Palermo,Palermo,Palermo,14.0,AVENIDA,214.1661919394745,"LINESTRING (-58.43727874030152 -34.561874707877664, -58.43720510412634 -34.56188222753579, -58.437106780831755 -34.56189171372927, -58.437026760255335 -34.56189902063761, -58.43689310909638 -34.56191040050084, -58.43678091066664 -34.56191847494834, -58.43668071570168 -34.56192422791629, -58.436619594505295 -34.56192682026449, -58.436551918771684 -34.56192891817766, -58.436446447446 -34.561930092232636, -58.436364471423076 -34.56192951078089, -58.43630207455397 -34.56192829978887, -58.436219162697206 -34.56192602785493, -58.43611769382105 -34.56192248410102, -58.43602703621235 -34.5619180975896, -58.43593740116114 -34.56191054215693, -58.435820612004406 -34.561899881890334, -58.43574544835812 -34.56189239999725, -58.435670455186525 -34.56188428427987, -58.4355719683354 -34.56187306452361, -58.43549808206774 -34.561864244711, -58.43538759335159 -34.56185055722968, -58.435277104837056 -34.561836376679935, -58.43512626877273 -34.56181620067954, -58.43502940025047 -34.561802656864586, -58.434959685692874 -34.56179257005878)",Q7911084,Valentín Alsina,Prócer,procer
2145,"HERNANDEZ, JOSE",JOSE HERNANDEZ,Belgrano,Belgrano,Belgrano,13.0,CALLE,166.1743722517868,"LINESTRING (-58.445529034529216 -34.56114173492187, -58.447003827065345 -34.562010762509715)",Q377623,José Hernández,Prócer,procer
2160,"ALSINA, VALENTIN AV.",VALENTIN ALSINA,Palermo,Palermo,Palermo,14.0,AVENIDA,334.3375347474162,"LINESTRING (-58.43486032802045 -34.56208952525301, -58.43413470004106 -34.56188491298683, -58.433255843072786 -34.56169821692704, -58.4324501565919 -34.561623436899495, -58.43177401139736 -34.5616046722128, -58.431292789838196 -34.56162271640699)",Q7911084,Valentín Alsina,Prócer,procer
2171,"PEDRAZA, MANUELA",MANUELA PEDRAZA,Villa Urquiza,Villa Urquiza,Villa Urquiza,12.0,CALLE,97.77814891274113,"LINESTRING (-58.48528907217723 -34.56175669532349, -58.48622080500501 -34.56218413890017)",Q6753047,Manuela Pedraza,Prócer,procer
2172,"ACHA, MARIANO, GRAL.",MARIANO ACHA,Villa Urquiza,Villa Urquiza,Villa Urquiza,12.0,CALLE,174.0628120497617,"LINESTRING (-58.48622080500501 -34.56218413890017, -58.48717417056871 -34.5608277293453)",Q32958,Mariano Acha,Prócer,procer
2174,"BALBIN, RICARDO, DR. AV.",RICARDO BALBIN,,Coghlan,Belgrano,,AVENIDA,122.9381511030981,"LINESTRING (-58.46649069677405 -34.56219075602749, -58.46691427668732 -34.562011796659355, -58.467684394196844 -34.561687891117984)",Q7322551,Ricardo Balbín,UCR,politico
2184,"MERCADER, EMIR",EMIR MERCADER,Villa Urquiza,Villa Urquiza,Villa Urquiza,12.0,PASAJE,101.9876635607023,"LINESTRING (-58.48396180632342 -34.56181305515649, -58.48495065060082 -34.562232540825455)",Q27974930,Emir Mercader,UCR,politico
2203,"LARRALDE, CRISOLOGO AV.",CRISOLOGO LARRALDE,,Villa Urquiza,Saavedra,,AVENIDA,148.9348664365171,"LINESTRING (-58.492883135556134 -34.56175804912828, -58.494128914331334 -34.56235338765517, -58.49428812888402 -34.56242989830222)",Q5791973,Crisólogo Larralde,UCR,politico
2215,"HERNANDEZ, JOSE",JOSE HERNANDEZ,Belgrano,Belgrano,Belgrano,13.0,CALLE,102.3579814700607,"LINESTRING (-58.447003827065345 -34.562010762509715, -58.44791227777157 -34.56254603288294)",Q377623,José Hernández,Prócer,procer
2223,"MERCADER, EMIR",EMIR MERCADER,Villa Urquiza,Villa Urquiza,Villa Urquiza,12.0,PASAJE,89.68295720579886,"LINESTRING (-58.48495065060082 -34.562232540825455, -58.485661543046625 -34.56256460299694, -58.48580091302899 -34.56263098728022)",Q27974930,Emir Mercader,UCR,politico
2224,"ACHA, MARIANO, GRAL.",MARIANO ACHA,Villa Urquiza,Villa Urquiza,Villa Urquiza,12.0,CALLE,62.78776136375557,"LINESTRING (-58.48580091302899 -34.56263098728022, -58.48622080500501 -34.56218413890017)",Q32958,Mariano Acha,Prócer,procer
2227,"PEDRAZA, MANUELA",MANUELA PEDRAZA,Villa Urquiza,Villa Urquiza,Villa Urquiza,12.0,CALLE,102.2508168367512,"LINESTRING (-58.48622080500501 -34.56218413890017, -58.48637660701047 -34.56226087178199, -58.48718456495405 -34.562646569830854)",Q6753047,Manuela Pedraza,Prócer,procer
2243,"BALBIN, RICARDO, DR. AV.",RICARDO BALBIN,Belgrano,Belgrano,Belgrano,13.0,AVENIDA,143.4032898225518,"LINESTRING (-58.46509898222459 -34.562778473298486, -58.46649069677405 -34.56219075602749)",Q7322551,Ricardo Balbín,UCR,politico
2247,"NAON, ROMULO",ROMULO NAON,Coghlan,Coghlan,Coghlan,12.0,CALLE,120.7300728199736,"LINESTRING (-58.47673776702341 -34.56279232476994, -58.477417431798266 -34.56186053765884)",Q6115964,Rómulo Naón,UCR,politico
2264,"LARRALDE, CRISOLOGO AV.",CRISOLOGO LARRALDE,,Villa Urquiza,Saavedra,,AVENIDA,119.7488615970897,"LINESTRING (-58.49428812888402 -34.56242989830222, -58.49541660216433 -34.56297180147854)",Q5791973,Crisólogo Larralde,UCR,politico
2275,"GARCIA, TEODORO",TEODORO GARCIA,Palermo,Palermo,Palermo,14.0,CALLE,35.56869422101241,"LINESTRING (-58.439622991559766 -34.56278318108347, -58.439850318600215 -34.563042859896)",Q5550217,Teodoro García,Prócer,procer
2280,"ACHA, MARIANO, GRAL.",MARIANO ACHA,Villa Urquiza,Villa Urquiza,Villa Urquiza,12.0,CALLE,62.42528980924492,"LINESTRING (-58.48538339943047 -34.563075228063774, -58.48580091302899 -34.56263098728022)",Q32958,Mariano Acha,Prócer,procer
2281,"HERNANDEZ, JOSE",JOSE HERNANDEZ,Belgrano,Belgrano,Belgrano,13.0,CALLE,101.7358715476949,"LINESTRING (-58.44791227777157 -34.56254603288294, -58.44881520742278 -34.563078056288845)",Q377623,José Hernández,Prócer,procer
2283,"MERCADER, EMIR",EMIR MERCADER,Villa Urquiza,Villa Urquiza,Villa Urquiza,12.0,PASAJE,102.0376173407213,"LINESTRING (-58.48580091302899 -34.56263098728022, -58.486764419461565 -34.56308997076099)",Q27974930,Emir Mercader,UCR,politico
2285,"PEDRAZA, MANUELA",MANUELA PEDRAZA,Villa Urquiza,Villa Urquiza,Villa Urquiza,12.0,CALLE,101.1125996638627,"LINESTRING (-58.48718456495405 -34.562646569830854, -58.48813879930611 -34.563102163920625)",Q6753047,Manuela Pedraza,Prócer,procer
2314,"BALBIN, RICARDO, DR. AV.",RICARDO BALBIN,Belgrano,Belgrano,Belgrano,13.0,AVENIDA,143.5518855745344,"LINESTRING (-58.463706822470016 -34.563368428218695, -58.46509898222459 -34.562778473298486)",Q7322551,Ricardo Balbín,UCR,politico
2326,"LARRALDE, CRISOLOGO AV.",CRISOLOGO LARRALDE,,Villa Urquiza,Saavedra,,AVENIDA,124.761716721546,"LINESTRING (-58.49541660216433 -34.56297180147854, -58.496592344858925 -34.56353635783323)",Q5791973,Crisólogo Larralde,UCR,politico
2328,"PEDRAZA, MANUELA",MANUELA PEDRAZA,Villa Urquiza,Villa Urquiza,Villa Urquiza,12.0,CALLE,100.9371737660081,"LINESTRING (-58.48813879930611 -34.563102163920625, -58.48909142637786 -34.563556905766085)",Q6753047,Manuela Pedraza,Prócer,procer
2334,"HERNANDEZ, JOSE",JOSE HERNANDEZ,Belgrano,Belgrano,Belgrano,13.0,CALLE,101.4171032488646,"LINESTRING (-58.44881520742278 -34.563078056288845, -58.449715339638885 -34.5636083824829)",Q377623,José Hernández,Prócer,procer
2352,"NAON, ROMULO",ROMULO NAON,Coghlan,Coghlan,Coghlan,12.0,CALLE,130.3288520414034,"LINESTRING (-58.47591362905817 -34.56374841926632, -58.476639807579595 -34.56292663419745, -58.47673776702341 -34.56279232476994)",Q6115964,Rómulo Naón,UCR,politico
2372,"GARCIA, TEODORO",TEODORO GARCIA,Palermo,Palermo,Palermo,14.0,CALLE,117.4272074384374,"LINESTRING (-58.439850318600215 -34.563042859896, -58.44060065043184 -34.563900273707986)",Q5550217,Teodoro García,Prócer,procer
2385,"PEDRAZA, MANUELA",MANUELA PEDRAZA,Villa Urquiza,Villa Urquiza,Villa Urquiza,12.0,CALLE,100.8044365191078,"LINESTRING (-58.48909142637786 -34.563556905766085, -58.49004278671613 -34.56401107702648)",Q6753047,Manuela Pedraza,Prócer,procer
2391,"ACHA, MARIANO, GRAL.",MARIANO ACHA,Villa Urquiza,Villa Urquiza,Villa Urquiza,12.0,CALLE,139.087012603591,"LINESTRING (-58.48445321153972 -34.56406506198118, -58.48538339943047 -34.563075228063774)",Q32958,Mariano Acha,Prócer,procer
2400,"HERNANDEZ, JOSE",JOSE HERNANDEZ,Belgrano,Belgrano,Belgrano,13.0,CALLE,100.8558347977693,"LINESTRING (-58.449715339638885 -34.5636083824829, -58.45061046116272 -34.564135814088445)",Q377623,José Hernández,Prócer,procer
2410,"LARRALDE, CRISOLOGO AV.",CRISOLOGO LARRALDE,,Villa Urquiza,Saavedra,,AVENIDA,148.4457393152284,"LINESTRING (-58.496592344858925 -34.56353635783323, -58.4968220631113 -34.5636466494551, -58.49785972017172 -34.56414665252833, -58.49799024771135 -34.5642095746003)",Q5791973,Crisólogo Larralde,UCR,politico
2443,"PEDRAZA, MANUELA",MANUELA PEDRAZA,Villa Urquiza,Villa Urquiza,Villa Urquiza,12.0,CALLE,100.0795767893261,"LINESTRING (-58.49004278671613 -34.56401107702648, -58.49098734602185 -34.5644619324492)",Q6753047,Manuela Pedraza,Prócer,procer
2458,"GARCIA, TEODORO",TEODORO GARCIA,Palermo,Palermo,Palermo,14.0,CALLE,99.79014356617104,"LINESTRING (-58.44060065043184 -34.563900273707986, -58.44126939824819 -34.564609566341446)",Q5550217,Teodoro García,Prócer,procer
2462,"HERNANDEZ, JOSE",JOSE HERNANDEZ,Belgrano,Belgrano,Belgrano,13.0,CALLE,101.6859255942044,"LINESTRING (-58.45061046116272 -34.564135814088445, -58.45151299957605 -34.56466753566886)",Q377623,José Hernández,Prócer,procer
2465,"NAON, ROMULO",ROMULO NAON,Coghlan,Coghlan,Coghlan,12.0,CALLE,130.284501477173,"LINESTRING (-58.47507576538084 -34.56469648103488, -58.47591362905817 -34.56374841926632)",Q6115964,Rómulo Naón,UCR,politico
2467,"LARRALDE, CRISOLOGO AV.",CRISOLOGO LARRALDE,,Villa Urquiza,Saavedra,,AVENIDA,112.7703849729978,"LINESTRING (-58.49799024771135 -34.5642095746003, -58.49905193010105 -34.564721391897415)",Q5791973,Crisólogo Larralde,UCR,politico
2477,"LARRALDE, CRISOLOGO AV.",CRISOLOGO LARRALDE,Saavedra,Saavedra,Saavedra,12.0,AVENIDA,9.232200197010267,"LINESTRING (-58.49905193010105 -34.564721391897415, -58.49913886447671 -34.5647632687074)",Q5791973,Crisólogo Larralde,UCR,politico
2506,"ACHA, MARIANO, GRAL.",MARIANO ACHA,Villa Urquiza,Villa Urquiza,Villa Urquiza,12.0,CALLE,128.7089495996987,"LINESTRING (-58.48359236384218 -34.564981002334655, -58.48445321153972 -34.56406506198118)",Q32958,Mariano Acha,Prócer,procer
2513,"LARRALDE, CRISOLOGO AV.",CRISOLOGO LARRALDE,,Villa Urquiza,Saavedra,,AVENIDA,60.98502002937132,"LINESTRING (-58.49913886447671 -34.5647632687074, -58.4997119022908 -34.56504162618311)",Q5791973,Crisólogo Larralde,UCR,politico
2521,"PEDRAZA, MANUELA",MANUELA PEDRAZA,Villa Urquiza,Villa Urquiza,Villa Urquiza,12.0,CALLE,143.4961862527596,"LINESTRING (-58.49098734602185 -34.5644619324492, -58.491078703356 -34.564505574599835, -58.49224105948689 -34.56503087915621, -58.492355577831994 -34.565087824996034)",Q6753047,Manuela Pedraza,Prócer,procer
2534,"HERNANDEZ, JOSE",JOSE HERNANDEZ,Belgrano,Belgrano,Belgrano,13.0,CALLE,96.5828321623405,"LINESTRING (-58.45151299957605 -34.56466753566886, -58.45237026423591 -34.56517255577744)",Q377623,José Hernández,Prócer,procer
2542,"LARRALDE, CRISOLOGO AV.",CRISOLOGO LARRALDE,,Villa Urquiza,Saavedra,,AVENIDA,55.38230279038067,"LINESTRING (-58.4997119022908 -34.56504162618311, -58.500234364504145 -34.56529147453569)",Q5791973,Crisólogo Larralde,UCR,politico
2585,"LARRALDE, CRISOLOGO AV.",CRISOLOGO LARRALDE,,Villa Urquiza,Saavedra,,AVENIDA,66.64651616596069,"LINESTRING (-58.500234364504145 -34.56529147453569, -58.5008615630076 -34.56559431775032)",Q5791973,Crisólogo Larralde,UCR,politico
2586,"HERNANDEZ, JOSE",JOSE HERNANDEZ,Belgrano,Belgrano,Belgrano,13.0,CALLE,88.4645497437368,"LINESTRING (-58.45237026423591 -34.56517255577744, -58.453155439563176 -34.56563516859034)",Q377623,José Hernández,Prócer,procer
2592,"PEDRAZA, MANUELA",MANUELA PEDRAZA,Villa Urquiza,Villa Urquiza,Villa Urquiza,12.0,CALLE,119.976699590381,"LINESTRING (-58.492355577831994 -34.565087824996034, -58.49347624799766 -34.56564474803916)",Q6753047,Manuela Pedraza,Prócer,procer
2607,"GARCIA, TEODORO",TEODORO GARCIA,Palermo,Palermo,Palermo,14.0,CALLE,169.0082530784794,"LINESTRING (-58.44126939824819 -34.564609566341446, -58.44235464955645 -34.56584041733289)",Q5550217,Teodoro García,Prócer,procer
2610,"ACHA, MARIANO, GRAL.",MARIANO ACHA,Villa Urquiza,Villa Urquiza,Villa Urquiza,12.0,CALLE,123.7049224207007,"LINESTRING (-58.48276503016828 -34.56586136701109, -58.48359236384218 -34.564981002334655)",Q32958,Mariano Acha,Prócer,procer
2615,"LARRALDE, CRISOLOGO AV.",CRISOLOGO LARRALDE,,Villa Urquiza,Saavedra,,AVENIDA,61.14217080461004,"LINESTRING (-58.5008615630076 -34.56559431775032, -58.50143699563583 -34.56587210295725)",Q5791973,Crisólogo Larralde,UCR,politico
2655,"LARRALDE, CRISOLOGO AV.",CRISOLOGO LARRALDE,,Villa Urquiza,Saavedra,,AVENIDA,59.57270880659753,"LINESTRING (-58.50143699563583 -34.56587210295725, -58.50187636376738 -34.566084222901594, -58.5019974460182 -34.566143059058206)",Q5791973,Crisólogo Larralde,UCR,politico
2661,"PEDRAZA, MANUELA",MANUELA PEDRAZA,Villa Urquiza,Villa Urquiza,Villa Urquiza,12.0,CALLE,125.0882435003386,"LINESTRING (-58.49347624799766 -34.56564474803916, -58.494644274612504 -34.56622594487561)",Q6753047,Manuela Pedraza,Prócer,procer
2664,"ACHA, MARIANO, GRAL.",MARIANO ACHA,Villa Urquiza,Villa Urquiza,Villa Urquiza,12.0,CALLE,52.7682992641129,"LINESTRING (-58.482424768708256 -34.56624480917351, -58.48276503016828 -34.56586136701109)",Q32958,Mariano Acha,Prócer,procer
2665,"HERNANDEZ, JOSE",JOSE HERNANDEZ,Belgrano,Belgrano,Belgrano,13.0,CALLE,136.4705398588458,"LINESTRING (-58.453313876800365 -34.565543419143204, -58.454527579314224 -34.566254231664075)",Q377623,José Hernández,Prócer,procer
2683,"LARRALDE, CRISOLOGO AV.",CRISOLOGO LARRALDE,,Villa Urquiza,Saavedra,,AVENIDA,59.83907149237773,"LINESTRING (-58.5019974460182 -34.566143059058206, -58.50255951867073 -34.56641647689154)",Q5791973,Crisólogo Larralde,UCR,politico
2702,"GARCIA, TEODORO",TEODORO GARCIA,Palermo,Palermo,Palermo,14.0,CALLE,108.5482734061752,"LINESTRING (-58.44235464955645 -34.56584041733289, -58.44305175659102 -34.5666309037354)",Q5550217,Teodoro García,Prócer,procer
2725,"HERNANDEZ, JOSE",JOSE HERNANDEZ,Belgrano,Belgrano,Belgrano,13.0,CALLE,101.9310826779783,"LINESTRING (-58.454527579314224 -34.566254231664075, -58.455434166775945 -34.566785079276066)",Q377623,José Hernández,Prócer,procer
2731,"LARRALDE, CRISOLOGO AV.",CRISOLOGO LARRALDE,,Villa Urquiza,Saavedra,,AVENIDA,82.26720967647844,"LINESTRING (-58.50255951867073 -34.56641647689154, -58.50271108560639 -34.566490161995894, -58.50333106646683 -34.566794051146665)",Q5791973,Crisólogo Larralde,UCR,politico
2738,"PEDRAZA, MANUELA",MANUELA PEDRAZA,Villa Urquiza,Villa Urquiza,Villa Urquiza,12.0,CALLE,131.5897407147752,"LINESTRING (-58.494644274612504 -34.56622594487561, -58.49583652493658 -34.56688494255449)",Q6753047,Manuela Pedraza,Prócer,procer
2774,"LARRALDE, CRISOLOGO AV.",CRISOLOGO LARRALDE,,Villa Urquiza,Saavedra,,AVENIDA,82.29973724305866,"LINESTRING (-58.50333106646683 -34.566794051146665, -58.50395624606764 -34.5671004706648, -58.50410023941808 -34.56717542418937)",Q5791973,Crisólogo Larralde,UCR,politico
2779,"ACHA, MARIANO, GRAL.",MARIANO ACHA,Villa Urquiza,Villa Urquiza,Villa Urquiza,12.0,CALLE,129.9097711455754,"LINESTRING (-58.48158712328287 -34.56718883060852, -58.482424768708256 -34.56624480917351)",Q32958,Mariano Acha,Prócer,procer
2785,"MARTINEZ, ENRIQUE, GRAL.",ENRIQUE MARTINEZ,Belgrano,Belgrano,Belgrano,13.0,CALLE,127.8594680640627,"LINESTRING (-58.47012573753998 -34.5672107846012, -58.47026882964893 -34.56704866044106, -58.47089804615924 -34.56625177514279)",Q5366487,Enrique Martínez,UCR,politico
2794,"HERNANDEZ, JOSE",JOSE HERNANDEZ,Belgrano,Belgrano,Belgrano,13.0,CALLE,100.0411011677764,"LINESTRING (-58.455434166775945 -34.566785079276066, -58.45632391056863 -34.56730613021094)",Q377623,José Hernández,Prócer,procer
2802,"NAON, ROMULO",ROMULO NAON,,Villa Urquiza,Belgrano,,CALLE,87.98762681380857,"LINESTRING (-58.47278329601774 -34.56735356781688, -58.47333320621827 -34.566703847786506)",Q6115964,Rómulo Naón,UCR,politico
2814,"GARCIA, TEODORO",TEODORO GARCIA,Palermo,Palermo,Palermo,14.0,CALLE,107.9451589825638,"LINESTRING (-58.44305175659102 -34.5666309037354, -58.44374496179126 -34.56741701914318)",Q5550217,Teodoro García,Prócer,procer
2820,"LARRALDE, CRISOLOGO AV.",CRISOLOGO LARRALDE,,Villa Urquiza,Saavedra,,AVENIDA,59.59320513349979,"LINESTRING (-58.50410023941808 -34.56717542418937, -58.50424014572495 -34.567248336617695, -58.50465636860689 -34.56745270762291)",Q5791973,Crisólogo Larralde,UCR,politico
2823,"PEDRAZA, MANUELA",MANUELA PEDRAZA,Villa Urquiza,Villa Urquiza,Villa Urquiza,12.0,CALLE,122.0449768614987,"LINESTRING (-58.49583652493658 -34.56688494255449, -58.496942366229746 -34.56749606403399)",Q6753047,Manuela Pedraza,Prócer,procer
2852,"LARRALDE, CRISOLOGO AV.",CRISOLOGO LARRALDE,,Villa Urquiza,Saavedra,,AVENIDA,58.81650401396154,"LINESTRING (-58.50465636860689 -34.56745270762291, -58.50507097563504 -34.56765630309025, -58.505207475391224 -34.56772337037727)",Q5791973,Crisólogo Larralde,UCR,politico
2861,"PEDRAZA, MANUELA",MANUELA PEDRAZA,Villa Urquiza,Villa Urquiza,Villa Urquiza,12.0,CALLE,60.02685453990089,"LINESTRING (-58.496942366229746 -34.56749606403399, -58.497486224383714 -34.56779669385046)",Q6753047,Manuela Pedraza,Prócer,procer
2866,"HERNANDEZ, JOSE",JOSE HERNANDEZ,Belgrano,Belgrano,Belgrano,13.0,CALLE,100.7758431725309,"LINESTRING (-58.45632391056863 -34.56730613021094, -58.45722022033893 -34.5678309778402)",Q377623,José Hernández,Prócer,procer
2892,"HERNANDEZ, JOSE",JOSE HERNANDEZ,Belgrano,Belgrano,Belgrano,13.0,CALLE,33.37071674670803,"LINESTRING (-58.45722022033893 -34.5678309778402, -58.45752498113674 -34.567995080564835)",Q377623,José Hernández,Prócer,procer
2903,"PEDRAZA, MANUELA",MANUELA PEDRAZA,Villa Urquiza,Villa Urquiza,Villa Urquiza,12.0,CALLE,59.77549193017985,"LINESTRING (-58.497486224383714 -34.56779669385046, -58.49802787245907 -34.568095983800674)",Q6753047,Manuela Pedraza,Prócer,procer
2909,"ACHA, MARIANO, GRAL.",MARIANO ACHA,Villa Urquiza,Villa Urquiza,Villa Urquiza,12.0,CALLE,129.9425346482954,"LINESTRING (-58.48074920357568 -34.56813305746328, -58.48158712328287 -34.56718883060852)",Q32958,Mariano Acha,Prócer,procer
2911,"MARTINEZ, ENRIQUE, GRAL.",ENRIQUE MARTINEZ,Belgrano,Belgrano,Belgrano,13.0,CALLE,128.5563281309821,"LINESTRING (-58.46929883973706 -34.56814619967787, -58.469422356402696 -34.56800752868781, -58.47012573753998 -34.5672107846012)",Q5366487,Enrique Martínez,UCR,politico
2919,"GARCIA, TEODORO",TEODORO GARCIA,Palermo,Palermo,Palermo,14.0,CALLE,108.1240705101836,"LINESTRING (-58.44374496179126 -34.56741701914318, -58.44428421549057 -34.56802866638424, -58.444445161406165 -34.56820080760357)",Q5550217,Teodoro García,Prócer,procer
2923,"LARRALDE, CRISOLOGO AV.",CRISOLOGO LARRALDE,,Villa Urquiza,Saavedra,,AVENIDA,112.5534673740675,"LINESTRING (-58.505207475391224 -34.56772337037727, -58.50626184347139 -34.56824167658433)",Q5791973,Crisólogo Larralde,UCR,politico
2938,"NAON, ROMULO",ROMULO NAON,,Villa Urquiza,Belgrano,,CALLE,131.4873639331017,"LINESTRING (-58.471961623325 -34.568324564619736, -58.47278329601774 -34.56735356781688)",Q6115964,Rómulo Naón,UCR,politico
2951,"PEDRAZA, MANUELA",MANUELA PEDRAZA,Villa Urquiza,Villa Urquiza,Villa Urquiza,12.0,CALLE,61.55443960599247,"LINESTRING (-58.49802787245907 -34.568095983800674, -58.49858561822406 -34.56840421052651)",Q6753047,Manuela Pedraza,Prócer,procer
2991,"PEDRAZA, MANUELA",MANUELA PEDRAZA,Villa Urquiza,Villa Urquiza,Villa Urquiza,12.0,CALLE,61.15363542110866,"LINESTRING (-58.49858561822406 -34.56840421052651, -58.498723650300434 -34.568480510156775, -58.499139536373924 -34.568710675211115)",Q6753047,Manuela Pedraza,Prócer,procer
2997,"LARRALDE, CRISOLOGO AV.",CRISOLOGO LARRALDE,,Villa Urquiza,Saavedra,,AVENIDA,112.4864968500239,"LINESTRING (-58.50626184347139 -34.56824167658433, -58.507315628513936 -34.56875962172544)",Q5791973,Crisólogo Larralde,UCR,politico
3005,"ACHA, MARIANO, GRAL.",MARIANO ACHA,Villa Urquiza,Villa Urquiza,Villa Urquiza,12.0,CALLE,130.2974258490099,"LINESTRING (-58.47990913713133 -34.56907995482618, -58.48074920357568 -34.56813305746328)",Q32958,Mariano Acha,Prócer,procer
3011,ALVAREZ THOMAS AV.,ALVAREZ THOMAS,Villa Urquiza,Villa Urquiza,Villa Urquiza,12.0,AVENIDA,89.82869777063995,"LINESTRING (-58.48672713151576 -34.56884974752303, -58.48744796384199 -34.568301919663554)",Q2511066,Ignacio Álvarez Thomas,Prócer,procer
3020,ALVAREZ THOMAS AV.,ALVAREZ THOMAS,Villa Urquiza,Villa Urquiza,Villa Urquiza,12.0,AVENIDA,14.45369508571684,"LINESTRING (-58.4866111199387 -34.56893787014294, -58.48672713151576 -34.56884974752303)",Q2511066,Ignacio Álvarez Thomas,Prócer,procer
3039,"MARTINEZ, ENRIQUE, GRAL.",ENRIQUE MARTINEZ,Belgrano,Belgrano,Belgrano,13.0,CALLE,122.0841359454752,"LINESTRING (-58.46850980459204 -34.56903224018336, -58.46929883973706 -34.56814619967787)",Q5366487,Enrique Martínez,UCR,politico
3041,"PEDRAZA, MANUELA",MANUELA PEDRAZA,Villa Urquiza,Villa Urquiza,Villa Urquiza,12.0,CALLE,66.29979748314481,"LINESTRING (-58.499139536373924 -34.568710675211115, -58.4997400376538 -34.56904296907101)",Q6753047,Manuela Pedraza,Prócer,procer
3061,"ALSINA, VALENTIN AV.",VALENTIN ALSINA,Palermo,Palermo,Palermo,14.0,AVENIDA,122.9094929801557,"LINESTRING (-58.41416488904226 -34.569079998986425, -58.41283053946842 -34.56917565375543)",Q7911084,Valentín Alsina,Prócer,procer
3070,"NAON, ROMULO",ROMULO NAON,,Villa Urquiza,Belgrano,,CALLE,125.6138552515928,"LINESTRING (-58.47117661992552 -34.56925217220145, -58.471961623325 -34.568324564619736)",Q6115964,Rómulo Naón,UCR,politico
3078,"PEDRAZA, MANUELA",MANUELA PEDRAZA,Villa Urquiza,Villa Urquiza,Villa Urquiza,12.0,CALLE,52.98696738735939,"LINESTRING (-58.4997400376538 -34.56904296907101, -58.50021996525134 -34.5693085345498)",Q6753047,Manuela Pedraza,Prócer,procer
3088,"LARRALDE, CRISOLOGO AV.",CRISOLOGO LARRALDE,,Villa Urquiza,Saavedra,,AVENIDA,101.8888599891269,"LINESTRING (-58.507315628513936 -34.56875962172544, -58.50827176409603 -34.56922650055161)",Q5791973,Crisólogo Larralde,UCR,politico
3109,"LARRALDE, CRISOLOGO AV.",CRISOLOGO LARRALDE,,Villa Urquiza,Saavedra,,AVENIDA,53.01608594782167,"LINESTRING (-58.50827176409603 -34.56922650055161, -58.50832713115829 -34.56927087241651, -58.50860352059324 -34.56939261426639, -58.5087616018385 -34.569476024775255)",Q5791973,Crisólogo Larralde,UCR,politico
3114,"GARCIA, TEODORO",TEODORO GARCIA,Palermo,Palermo,Palermo,14.0,CALLE,189.2005927944558,"LINESTRING (-58.444445161406165 -34.56820080760357, -58.44570628191435 -34.56955003784114)",Q5550217,Teodoro García,Prócer,procer
3116,ALVAREZ THOMAS AV.,ALVAREZ THOMAS,Villa Urquiza,Villa Urquiza,Villa Urquiza,12.0,AVENIDA,103.0331574582196,"LINESTRING (-58.48578524371414 -34.56956705209949, -58.48595777364506 -34.5694344118385, -58.4866111199387 -34.56893787014294)",Q2511066,Ignacio Álvarez Thomas,Prócer,procer
3132,ALVAREZ THOMAS AV.,ALVAREZ THOMAS,Villa Urquiza,Villa Urquiza,Villa Urquiza,12.0,AVENIDA,15.25739846523115,"LINESTRING (-58.485663442523716 -34.56966066794557, -58.48578524371414 -34.56956705209949)",Q2511066,Ignacio Álvarez Thomas,Prócer,procer
3140,"PEDRAZA, MANUELA",MANUELA PEDRAZA,Villa Urquiza,Villa Urquiza,Villa Urquiza,12.0,CALLE,82.8281618398338,"LINESTRING (-58.50021996525134 -34.5693085345498, -58.500970177566764 -34.56972366597171)",Q6753047,Manuela Pedraza,Prócer,procer
3183,"ACHA, MARIANO, GRAL.",MARIANO ACHA,Villa Urquiza,Villa Urquiza,Villa Urquiza,12.0,CALLE,132.5952416231804,"LINESTRING (-58.47905492260762 -34.570043961116376, -58.47990913713133 -34.56907995482618)",Q32958,Mariano Acha,Prócer,procer
3185,"MARTINEZ, ENRIQUE, GRAL.",ENRIQUE MARTINEZ,Belgrano,Belgrano,Belgrano,13.0,CALLE,132.0501031023935,"LINESTRING (-58.46777490507755 -34.57005151565554, -58.46873056315003 -34.5691615994301)",Q5366487,Enrique Martínez,UCR,politico
3195,"PEDRAZA, MANUELA",MANUELA PEDRAZA,Villa Urquiza,Villa Urquiza,Villa Urquiza,12.0,CALLE,82.83472217639564,"LINESTRING (-58.500970177566764 -34.56972366597171, -58.50156021926332 -34.57005017927873, -58.501720312299526 -34.57013900404831)",Q6753047,Manuela Pedraza,Prócer,procer
3198,"NAON, ROMULO",ROMULO NAON,,Villa Urquiza,Belgrano,,CALLE,121.6649012651745,"LINESTRING (-58.47041628554864 -34.57015061763249, -58.47117661992552 -34.56925217220145)",Q6115964,Rómulo Naón,UCR,politico
3203,ALVAREZ THOMAS AV.,ALVAREZ THOMAS,Villa Urquiza,Villa Urquiza,Villa Urquiza,12.0,AVENIDA,87.42651662900114,"LINESTRING (-58.4849653997829 -34.57019700199902, -58.485663442523716 -34.56966066794557)",Q2511066,Ignacio Álvarez Thomas,Prócer,procer
3275,"PEDRAZA, MANUELA",MANUELA PEDRAZA,Villa Urquiza,Villa Urquiza,Villa Urquiza,12.0,CALLE,117.4257957300887,"LINESTRING (-58.501720312299526 -34.57013900404831, -58.50278315124106 -34.57072846563032)",Q6753047,Manuela Pedraza,Prócer,procer
3282,"ACHA, MARIANO, GRAL.",MARIANO ACHA,Villa Urquiza,Villa Urquiza,Villa Urquiza,12.0,CALLE,100.307542820431,"LINESTRING (-58.47840880128838 -34.57077328303981, -58.47905492260762 -34.570043961116376)",Q32958,Mariano Acha,Prócer,procer
3290,ALVAREZ THOMAS AV.,ALVAREZ THOMAS,Villa Urquiza,Villa Urquiza,Villa Urquiza,12.0,AVENIDA,62.88513367163488,"LINESTRING (-58.48414350065106 -34.57082856643155, -58.4846455755525 -34.57044276340732)",Q2511066,Ignacio Álvarez Thomas,Prócer,procer
3304,"MARTINEZ, ENRIQUE, GRAL.",ENRIQUE MARTINEZ,Belgrano,Belgrano,Belgrano,13.0,CALLE,124.9613936737034,"LINESTRING (-58.46687056103833 -34.57089367532914, -58.46777490507755 -34.57005151565554)",Q5366487,Enrique Martínez,UCR,politico
3314,ALVAREZ THOMAS AV.,ALVAREZ THOMAS,Villa Urquiza,Villa Urquiza,Villa Urquiza,12.0,AVENIDA,85.92799429759613,"LINESTRING (-58.483919297760515 -34.57100086153099, -58.483966169551486 -34.570848667413294, -58.48435878502094 -34.57040408421484, -58.484406702113304 -34.57035013117595)",Q2511066,Ignacio Álvarez Thomas,Prócer,procer
3315,ALVAREZ THOMAS AV.,ALVAREZ THOMAS,Villa Urquiza,Villa Urquiza,Villa Urquiza,12.0,AVENIDA,28.08251130260795,"LINESTRING (-58.483919297760515 -34.57100086153099, -58.48414350065106 -34.57082856643155)",Q2511066,Ignacio Álvarez Thomas,Prócer,procer
3328,"GARCIA, TEODORO",TEODORO GARCIA,Colegiales,Colegiales,Colegiales,13.0,CALLE,195.4938049040801,"LINESTRING (-58.44570628191435 -34.56955003784114, -58.44669888559417 -34.57110929322438)",Q5550217,Teodoro García,Prócer,procer
3338,"NAON, ROMULO",ROMULO NAON,,Villa Urquiza,Belgrano,,CALLE,132.8550979278972,"LINESTRING (-58.469585959929034 -34.571131669132015, -58.47041628554864 -34.57015061763249)",Q6115964,Rómulo Naón,UCR,politico
3356,ALVAREZ THOMAS AV.,ALVAREZ THOMAS,Villa Urquiza,Villa Urquiza,Villa Urquiza,12.0,AVENIDA,85.90372239490694,"LINESTRING (-58.48323280871595 -34.57152732425608, -58.483919297760515 -34.57100086153099)",Q2511066,Ignacio Álvarez Thomas,Prócer,procer
3360,"PEDRAZA, MANUELA",MANUELA PEDRAZA,Villa Urquiza,Villa Urquiza,Villa Urquiza,12.0,CALLE,112.4768066836788,"LINESTRING (-58.50278315124106 -34.57072846563032, -58.50380121189545 -34.571293073104066)",Q6753047,Manuela Pedraza,Prócer,procer
3414,"MARTINEZ, ENRIQUE, GRAL.",ENRIQUE MARTINEZ,Belgrano,Belgrano,Belgrano,13.0,CALLE,120.245964987916,"LINESTRING (-58.46600025207929 -34.571703995809045, -58.46687056103833 -34.57089367532914)",Q5366487,Enrique Martínez,UCR,politico
3416,"ACHA, MARIANO, GRAL.",MARIANO ACHA,Villa Urquiza,Villa Urquiza,Villa Urquiza,12.0,CALLE,128.6997175718871,"LINESTRING (-58.47757966237453 -34.571708965204834, -58.47840880128838 -34.57077328303981)",Q32958,Mariano Acha,Prócer,procer
3423,"ARGUIBEL, ANDRES",ANDRES ARGUIBEL,Palermo,Palermo,Palermo,14.0,CALLE,36.33315657037917,"LINESTRING (-58.42938014595383 -34.57179248374112, -58.42914877006808 -34.571526709644935)",Q5675541,Andrés Arguibel,Prócer,procer
3435,"PEDRAZA, MANUELA",MANUELA PEDRAZA,Villa Urquiza,Villa Urquiza,Villa Urquiza,12.0,CALLE,112.3684870331401,"LINESTRING (-58.50380121189545 -34.571293073104066, -58.50481826443197 -34.571857179404624)",Q6753047,Manuela Pedraza,Prócer,procer
3441,"GARCIA, TEODORO",TEODORO GARCIA,Colegiales,Colegiales,Colegiales,13.0,CALLE,101.9082863485408,"LINESTRING (-58.44669888559417 -34.57110929322438, -58.44723167703714 -34.571915296321244)",Q5550217,Teodoro García,Prócer,procer
3452,"SALGUERO, JERONIMO",JERONIMO SALGUERO,,Palermo,Recoleta,,CALLE,122.797253369932,"LINESTRING (-58.40068124621451 -34.57198561741054, -58.40053646142205 -34.57183006004976, -58.40027069281397 -34.571564079817286, -58.40006584555899 -34.57133938211731, -58.399738993254545 -34.571252125760246)",Q11684757,Jerónimo Salguero,Prócer,procer
3465,"NAON, ROMULO",ROMULO NAON,,Villa Urquiza,Belgrano,,CALLE,119.2136056985679,"LINESTRING (-58.468840914643884 -34.572012004729466, -58.469585959929034 -34.571131669132015)",Q6115964,Rómulo Naón,UCR,politico
3469,"MARTINEZ, ENRIQUE, GRAL.",ENRIQUE MARTINEZ,Belgrano,Belgrano,Belgrano,13.0,CALLE,53.54106203370151,"LINESTRING (-58.465630262169874 -34.57207717997977, -58.46600025207929 -34.571703995809045)",Q5366487,Enrique Martínez,UCR,politico
3471,ALVAREZ THOMAS AV.,ALVAREZ THOMAS,Villa Urquiza,Villa Urquiza,Villa Urquiza,12.0,AVENIDA,90.68422396083454,"LINESTRING (-58.48250732522061 -34.57208238134343, -58.48323280871595 -34.57152732425608)",Q2511066,Ignacio Álvarez Thomas,Prócer,procer
3478,"PEDRAZA, MANUELA",MANUELA PEDRAZA,Villa Urquiza,Villa Urquiza,Villa Urquiza,12.0,CALLE,57.4962432924308,"LINESTRING (-58.50481826443197 -34.571857179404624, -58.5053386756714 -34.57214580990206)",Q6753047,Manuela Pedraza,Prócer,procer
3512,"GARCIA, TEODORO",TEODORO GARCIA,Colegiales,Colegiales,Colegiales,13.0,CALLE,63.04766350312049,"LINESTRING (-58.44723167703714 -34.571915296321244, -58.4475613149778 -34.57241394085316)",Q5550217,Teodoro García,Prócer,procer
3532,"ACHA, MARIANO, GRAL.",MARIANO ACHA,Villa Urquiza,Villa Urquiza,Villa Urquiza,12.0,CALLE,119.4450060868437,"LINESTRING (-58.476809238299374 -34.57257681685041, -58.477465346831046 -34.57183799521413, -58.47757966237453 -34.571708965204834)",Q32958,Mariano Acha,Prócer,procer
3542,"ALVAREZ PRADO, MANUEL",MANUEL ALVAREZ PRADO,Villa Pueyrredon,Villa Pueyrredon,Villa Pueyrredon,12.0,CALLE,61.68774517035043,"LINESTRING (-58.50742021187895 -34.57161241408417, -58.50687289542811 -34.57128955045092)",Q5847043,Manuel Álvarez Prado,Prócer,procer
3545,"ARGUIBEL, ANDRES",ANDRES ARGUIBEL,Palermo,Palermo,Palermo,14.0,CALLE,117.5355407164894,"LINESTRING (-58.43012857486197 -34.57265228413809, -58.42938014595383 -34.57179248374112)",Q5675541,Andrés Arguibel,Prócer,procer
3558,ALVAREZ THOMAS AV.,ALVAREZ THOMAS,Villa Urquiza,Villa Urquiza,Villa Urquiza,12.0,AVENIDA,108.6904498444467,"LINESTRING (-58.481637804852454 -34.57274766926928, -58.48250732522061 -34.57208238134343)",Q2511066,Ignacio Álvarez Thomas,Prócer,procer
3579,"NAON, ROMULO",ROMULO NAON,,Villa Urquiza,Belgrano,,CALLE,121.4850544881402,"LINESTRING (-58.46808163672731 -34.57290909710977, -58.468840914643884 -34.572012004729466)",Q6115964,Rómulo Naón,UCR,politico
3611,"SEGUI, JUAN FRANCISCO",JUAN FRANCISCO SEGUI,Palermo,Palermo,Palermo,14.0,CALLE,69.633756063735,"LINESTRING (-58.42243292105948 -34.573110874919614, -58.42310232732333 -34.572815246237084)",Q5949599,Juan Francisco Seguí,Prócer,procer
3620,"SALGUERO, JERONIMO",JERONIMO SALGUERO,,Palermo,Recoleta,,CALLE,159.0962270660319,"LINESTRING (-58.40278708122121 -34.57427633118954, -58.40250981466396 -34.57400210353582, -58.40203084256885 -34.57351720663484, -58.4017483436241 -34.57313208787184)",Q11684757,Jerónimo Salguero,Prócer,procer
3626,"PADILLA, MANUEL",MANUEL PADILLA,Villa Urquiza,Villa Urquiza,Villa Urquiza,12.0,CALLE,130.5354119466807,"LINESTRING (-58.4710804771 -34.57261499324676, -58.47225245607467 -34.57328189809367)",Q5993964,Manuel Padilla,Prócer,procer
3649,"ACHA, MARIANO, GRAL.",MARIANO ACHA,Villa Urquiza,Villa Urquiza,Villa Urquiza,12.0,CALLE,121.4089478759615,"LINESTRING (-58.47602594459372 -34.5734588200652, -58.476809238299374 -34.57257681685041)",Q32958,Mariano Acha,Prócer,procer
3657,ALVAREZ THOMAS AV.,ALVAREZ THOMAS,Villa Urquiza,Villa Urquiza,Villa Urquiza,12.0,AVENIDA,121.6074887317611,"LINESTRING (-58.48066859164399 -34.57349522031558, -58.48085960854014 -34.57334300685642, -58.481637804852454 -34.57274766926928)",Q2511066,Ignacio Álvarez Thomas,Prócer,procer
3681,"SEGUI, JUAN FRANCISCO",JUAN FRANCISCO SEGUI,Palermo,Palermo,Palermo,14.0,CALLE,122.0956238533154,"LINESTRING (-58.421259128227454 -34.573629148555575, -58.42243292105948 -34.573110874919614)",Q5949599,Juan Francisco Seguí,Prócer,procer
3706,"SEGUI, JUAN FRANCISCO",JUAN FRANCISCO SEGUI,Palermo,Palermo,Palermo,14.0,CALLE,45.84238997131674,"LINESTRING (-58.42081844118631 -34.573823788565726, -58.421259128227454 -34.573629148555575)",Q5949599,Juan Francisco Seguí,Prócer,procer
3729,"ALEM, LEANDRO N. AV.",LEANDRO N. ALEM,Retiro,Retiro,Retiro,1.0,AVENIDA,46.99582335451153,"LINESTRING (-58.37162238436554 -34.59753922747882, -58.37180364735257 -34.59714300151132)",Q2621980,Leandro N. Alem,Prócer,procer
3750,"SEGUI, JUAN FRANCISCO",JUAN FRANCISCO SEGUI,Palermo,Palermo,Palermo,14.0,CALLE,82.35939869907268,"LINESTRING (-58.42002664708468 -34.57417337648992, -58.42081844118631 -34.573823788565726)",Q5949599,Juan Francisco Seguí,Prócer,procer
3752,ALVAREZ THOMAS AV.,ALVAREZ THOMAS,Villa Urquiza,Villa Urquiza,Villa Urquiza,12.0,AVENIDA,114.8797682035489,"LINESTRING (-58.479736810927136 -34.57418656024672, -58.480471274881786 -34.57365243445792, -58.48066859164399 -34.57349522031558)",Q2511066,Ignacio Álvarez Thomas,Prócer,procer
3765,"GARCIA, TEODORO",TEODORO GARCIA,Colegiales,Colegiales,Colegiales,13.0,CALLE,141.057868708072,"LINESTRING (-58.44828255317794 -34.573102566634816, -58.44889976776688 -34.57426710077744)",Q5550217,Teodoro García,Prócer,procer
3775,"ACHA, MARIANO, GRAL.",MARIANO ACHA,Villa Urquiza,Villa Urquiza,Villa Urquiza,12.0,CALLE,121.8916011255485,"LINESTRING (-58.475241868803586 -34.57434574787869, -58.47592660591194 -34.573570734017885, -58.47602594459372 -34.5734588200652)",Q32958,Mariano Acha,Prócer,procer
3832,"SEGUI, JUAN FRANCISCO",JUAN FRANCISCO SEGUI,Palermo,Palermo,Palermo,14.0,CALLE,124.6227424487293,"LINESTRING (-58.418828554095526 -34.57470239289227, -58.42002664708468 -34.57417337648992)",Q5949599,Juan Francisco Seguí,Prócer,procer
3847,"MARTINEZ, ENRIQUE, GRAL.",ENRIQUE MARTINEZ,Colegiales,Colegiales,Colegiales,13.0,CALLE,121.326602729249,"LINESTRING (-58.461261939755985 -34.574886325682634, -58.46236767248068 -34.574286679956145)",Q5366487,Enrique Martínez,UCR,politico
3858,ALVAREZ THOMAS AV.,ALVAREZ THOMAS,Villa Urquiza,Villa Urquiza,Villa Urquiza,12.0,AVENIDA,126.0084829831603,"LINESTRING (-58.4787109478533 -34.57494149770372, -58.478879158282474 -34.57481020616117, -58.479736810927136 -34.57418656024672)",Q2511066,Ignacio Álvarez Thomas,Prócer,procer
3904,"ACHA, MARIANO, GRAL.",MARIANO ACHA,Villa Urquiza,Villa Urquiza,Villa Urquiza,12.0,CALLE,122.6186459341868,"LINESTRING (-58.474453434983985 -34.57523816399163, -58.475241868803586 -34.57434574787869)",Q32958,Mariano Acha,Prócer,procer
3922,"RAVIGNANI, EMILIO, DR.",EMILIO RAVIGNANI,Palermo,Palermo,Palermo,14.0,CALLE,124.095088664455,"LINESTRING (-58.432419200538085 -34.575360544332604, -58.432354526710945 -34.57527355442034, -58.43231512096427 -34.57523629017311, -58.432266346780466 -34.57520747440114, -58.432211779326344 -34.57518893902578, -58.43190165983606 -34.575073857392354, -58.43183466357529 -34.57505172703054, -58.43176903058775 -34.57502692087524, -58.43170493110362 -34.574999579820485, -58.4316425354055 -34.574969703912856, -58.43158192863633 -34.57493729317704, -58.43152328099735 -34.5749025589317, -58.431466677630034 -34.57486550120186, -58.43131270407456 -34.57475327564592)",Q5831295,Emilio Ravignani,UCR,politico
3927,"SALGUERO, JERONIMO",JERONIMO SALGUERO,Palermo,Palermo,Palermo,14.0,CALLE,229.2101942219971,"LINESTRING (-58.404298403331346 -34.57592139886152, -58.403795190529 -34.575372693250095, -58.40278708122121 -34.57427633118954)",Q11684757,Jerónimo Salguero,Prócer,procer
3931,ALVAREZ THOMAS AV.,ALVAREZ THOMAS,Villa Urquiza,Villa Urquiza,Villa Urquiza,12.0,AVENIDA,83.59244102811985,"LINESTRING (-58.47802660205047 -34.57543863419857, -58.47855252650842 -34.57506511158165, -58.4787109478533 -34.57494149770372)",Q2511066,Ignacio Álvarez Thomas,Prócer,procer
3934,"MARTINEZ, ENRIQUE, GRAL.",ENRIQUE MARTINEZ,Colegiales,Colegiales,Colegiales,13.0,CALLE,118.9033559277826,"LINESTRING (-58.46017911900157 -34.57547504675891, -58.461261939755985 -34.574886325682634)",Q5366487,Enrique Martínez,UCR,politico
3937,"GARCIA, TEODORO",TEODORO GARCIA,Colegiales,Colegiales,Colegiales,13.0,CALLE,146.6801368915047,"LINESTRING (-58.44889976776688 -34.57426710077744, -58.449542193283236 -34.57547783251006)",Q5550217,Teodoro García,Prócer,procer
3960,"SCALABRINI ORTIZ, RAUL",RAUL SCALABRINI ORTIZ,Palermo,Palermo,Palermo,14.0,CALLE,56.50982202191924,"LINESTRING (-58.40699942756088 -34.575610626306414, -58.40663437105028 -34.575200378986594)",Q4263301,Raúl Scalabrini Ortiz,UCR,politico
3970,"MARTINEZ, ENRIQUE, GRAL.",ENRIQUE MARTINEZ,Colegiales,Colegiales,Colegiales,13.0,CALLE,34.3827876425237,"LINESTRING (-58.45986767098806 -34.575647365716236, -58.46017911900157 -34.57547504675891)",Q5366487,Enrique Martínez,UCR,politico
3988,"MARTINEZ, ENRIQUE, GRAL.",ENRIQUE MARTINEZ,Colegiales,Colegiales,Colegiales,13.0,CALLE,87.69781523363825,"LINESTRING (-58.458922952935275 -34.57576698572197, -58.45986767098806 -34.575647365716236)",Q5366487,Enrique Martínez,UCR,politico
4003,ALVAREZ THOMAS AV.,ALVAREZ THOMAS,Villa Urquiza,Villa Urquiza,Villa Urquiza,12.0,AVENIDA,73.04850305898619,"LINESTRING (-58.47742822901587 -34.5758729387688, -58.47802660205047 -34.57543863419857)",Q2511066,Ignacio Álvarez Thomas,Prócer,procer
4009,"MARTINEZ, ENRIQUE, GRAL.",ENRIQUE MARTINEZ,Colegiales,Colegiales,Colegiales,13.0,CALLE,103.8099434301719,"LINESTRING (-58.45780556630976 -34.57591328142485, -58.458350808026054 -34.57583943006871, -58.458922952935275 -34.57576698572197)",Q5366487,Enrique Martínez,UCR,politico
4030,"RAVIGNANI, EMILIO, DR.",EMILIO RAVIGNANI,Palermo,Palermo,Palermo,14.0,CALLE,84.00148546089002,"LINESTRING (-58.43284343956909 -34.57603153609067, -58.432419200538085 -34.575360544332604)",Q5831295,Emilio Ravignani,UCR,politico
4039,"MARTINEZ, ENRIQUE, GRAL.",ENRIQUE MARTINEZ,Colegiales,Colegiales,Colegiales,13.0,CALLE,101.1674036596537,"LINESTRING (-58.45671754907535 -34.57606069526488, -58.45780556630976 -34.57591328142485)",Q5366487,Enrique Martínez,UCR,politico
4045,"ACHA, MARIANO, GRAL.",MARIANO ACHA,Villa Urquiza,Villa Urquiza,Villa Urquiza,12.0,CALLE,119.5135447900585,"LINESTRING (-58.473684819194986 -34.57610789669959, -58.473792080769506 -34.57598668798081, -58.474453434983985 -34.57523816399163)",Q32958,Mariano Acha,Prócer,procer
4055,"SCALABRINI ORTIZ, RAUL",RAUL SCALABRINI ORTIZ,Palermo,Palermo,Palermo,14.0,CALLE,80.36390507043063,"LINESTRING (-58.40751847573079 -34.576194115340144, -58.40699942756088 -34.575610626306414)",Q4263301,Raúl Scalabrini Ortiz,UCR,politico
4082,"MARTINEZ, ENRIQUE, GRAL.",ENRIQUE MARTINEZ,Colegiales,Colegiales,Colegiales,13.0,CALLE,104.2468937283887,"LINESTRING (-58.4556424550097 -34.576364441284426, -58.45671754907535 -34.57606069526488)",Q5366487,Enrique Martínez,UCR,politico
4093,"GARCIA, TEODORO",TEODORO GARCIA,Colegiales,Colegiales,Colegiales,13.0,CALLE,118.4214917879821,"LINESTRING (-58.449542193283236 -34.57547783251006, -58.45006087951638 -34.57645530330084)",Q5550217,Teodoro García,Prócer,procer
4096,ALVAREZ THOMAS AV.,ALVAREZ THOMAS,Villa Urquiza,Villa Urquiza,Villa Urquiza,12.0,AVENIDA,102.6297084272484,"LINESTRING (-58.476583821063045 -34.57647959469222, -58.47742822901587 -34.5758729387688)",Q2511066,Ignacio Álvarez Thomas,Prócer,procer
4112,"SALGUERO, JERONIMO",JERONIMO SALGUERO,Palermo,Palermo,Palermo,14.0,CALLE,87.55793840291727,"LINESTRING (-58.40487521343143 -34.576550139141695, -58.404298403331346 -34.57592139886152)",Q11684757,Jerónimo Salguero,Prócer,procer
4115,"MARTINEZ, ENRIQUE, GRAL.",ENRIQUE MARTINEZ,Colegiales,Colegiales,Colegiales,13.0,CALLE,82.79966364208501,"LINESTRING (-58.454788555525305 -34.576605727443116, -58.4556424550097 -34.576364441284426)",Q5366487,Enrique Martínez,UCR,politico
4128,SAN MARTIN DE TOURS,SAN MARTIN DE TOURS,Palermo,Palermo,Palermo,14.0,CALLE,175.4866245256392,"LINESTRING (-58.40293143227595 -34.57669243543948, -58.402806951483726 -34.576463989139704, -58.4021648610103 -34.57535903452331, -58.402085895370654 -34.57527639609897)",Q134160,José de San Martín,Prócer,procer
4141,"SALGUERO, JERONIMO",JERONIMO SALGUERO,Palermo,Palermo,Palermo,14.0,CALLE,28.29112827788988,"LINESTRING (-58.40506152998137 -34.57675333067629, -58.40487521343143 -34.576550139141695)",Q11684757,Jerónimo Salguero,Prócer,procer
4182,"SALGUERO, JERONIMO",JERONIMO SALGUERO,Palermo,Palermo,Palermo,14.0,CALLE,36.48662164972784,"LINESTRING (-58.40530187122194 -34.577015351546656, -58.40506152998137 -34.57675333067629)",Q11684757,Jerónimo Salguero,Prócer,procer
4190,"RAVIGNANI, EMILIO, DR.",EMILIO RAVIGNANI,Palermo,Palermo,Palermo,14.0,CALLE,131.3311465655278,"LINESTRING (-58.43400484339652 -34.57704864403881, -58.433022081285635 -34.5761879923583)",Q5831295,Emilio Ravignani,UCR,politico
4200,"MARTINEZ, ENRIQUE, GRAL.",ENRIQUE MARTINEZ,Colegiales,Colegiales,Colegiales,13.0,CALLE,113.4222691548528,"LINESTRING (-58.45372168173395 -34.57712206683398, -58.454788555525305 -34.576605727443116)",Q5366487,Enrique Martínez,UCR,politico
4211,"ACHA, MARIANO, GRAL.",MARIANO ACHA,Villa Ortuzar,Villa Ortuzar,Villa Ortuzar,15.0,CALLE,147.591058871101,"LINESTRING (-58.47273477451397 -34.5771814453588, -58.473684819194986 -34.57610789669959)",Q32958,Mariano Acha,Prócer,procer
4214,ALVAREZ THOMAS AV.,ALVAREZ THOMAS,Villa Urquiza,Villa Urquiza,Villa Urquiza,12.0,AVENIDA,120.262463699193,"LINESTRING (-58.475594335384045 -34.57719048677904, -58.476583821063045 -34.57647959469222)",Q2511066,Ignacio Álvarez Thomas,Prócer,procer
4255,"GARCIA, TEODORO",TEODORO GARCIA,Colegiales,Colegiales,Colegiales,13.0,CALLE,116.8754699980743,"LINESTRING (-58.45006087951638 -34.57645530330084, -58.45057276849814 -34.57742002429847)",Q5550217,Teodoro García,Prócer,procer
4259,"CANE, MIGUEL",MIGUEL CANE,Palermo,Palermo,Palermo,14.0,CALLE,73.1856823639242,"LINESTRING (-58.40056842799914 -34.57749083660228, -58.40015838766469 -34.57692498057061)",Q832085,Miguel Cané,Liberalismo,politico
4273,ALVAREZ THOMAS AV.,ALVAREZ THOMAS,Villa Ortuzar,Villa Ortuzar,Villa Ortuzar,15.0,AVENIDA,175.7974846006603,"LINESTRING (-58.4737494593574 -34.5776178499937, -58.47418639434619 -34.57751788030459, -58.475594335384045 -34.57719048677904)",Q2511066,Ignacio Álvarez Thomas,Prócer,procer
4274,ALVAREZ THOMAS AV.,ALVAREZ THOMAS,Villa Ortuzar,Villa Ortuzar,Villa Ortuzar,15.0,AVENIDA,5.472063727686383,"LINESTRING (-58.47369199024189 -34.57763102416757, -58.4737494593574 -34.5776178499937)",Q2511066,Ignacio Álvarez Thomas,Prócer,procer
4276,"SEGUI, JUAN FRANCISCO",JUAN FRANCISCO SEGUI,Palermo,Palermo,Palermo,14.0,CALLE,147.1756318753132,"LINESTRING (-58.412535612989856 -34.577620909919425, -58.413979194021024 -34.57704268787376)",Q5949599,Juan Francisco Seguí,Prócer,procer
4279,SAN MARTIN DE TOURS,SAN MARTIN DE TOURS,Palermo,Palermo,Palermo,14.0,CALLE,113.4177250415822,"LINESTRING (-58.40344058819371 -34.57762404203679, -58.40308439828731 -34.57697322060605, -58.40293143227595 -34.57669243543948)",Q134160,José de San Martín,Prócer,procer
4284,ALVAREZ THOMAS AV.,ALVAREZ THOMAS,Villa Ortuzar,Villa Ortuzar,Villa Ortuzar,15.0,AVENIDA,11.7361953465165,"LINESTRING (-58.473568708275536 -34.57765920415743, -58.47369199024189 -34.57763102416757)",Q2511066,Ignacio Álvarez Thomas,Prócer,procer
4316,"SALGUERO, JERONIMO",JERONIMO SALGUERO,Palermo,Palermo,Palermo,14.0,CALLE,110.295834652246,"LINESTRING (-58.4060284341149 -34.57780739988382, -58.40530187122194 -34.577015351546656)",Q11684757,Jerónimo Salguero,Prócer,procer
4329,"RAVIGNANI, EMILIO, DR.",EMILIO RAVIGNANI,Palermo,Palermo,Palermo,14.0,CALLE,133.2478604248108,"LINESTRING (-58.43500385116233 -34.577920375346075, -58.43400484339652 -34.57704864403881)",Q5831295,Emilio Ravignani,UCR,politico
4333,"MARTINEZ, ENRIQUE, GRAL.",ENRIQUE MARTINEZ,Colegiales,Colegiales,Colegiales,13.0,CALLE,181.7467372817415,"LINESTRING (-58.452010995160215 -34.57794785199317, -58.45372168173395 -34.57712206683398)",Q5366487,Enrique Martínez,UCR,politico
4337,"SEGUI, JUAN FRANCISCO",JUAN FRANCISCO SEGUI,Palermo,Palermo,Palermo,14.0,CALLE,84.43191835673036,"LINESTRING (-58.41170740359879 -34.57795254081265, -58.412535612989856 -34.577620909919425)",Q5949599,Juan Francisco Seguí,Prócer,procer
4344,ALVAREZ THOMAS AV.,ALVAREZ THOMAS,Villa Ortuzar,Villa Ortuzar,Villa Ortuzar,15.0,AVENIDA,135.5792390959137,"LINESTRING (-58.47214792872482 -34.577994616402215, -58.472398463258536 -34.57793838686824, -58.47326739931875 -34.5777281741221, -58.473568708275536 -34.57765920415743)",Q2511066,Ignacio Álvarez Thomas,Prócer,procer
4349,"ACHA, MARIANO, GRAL.",MARIANO ACHA,Villa Ortuzar,Villa Ortuzar,Villa Ortuzar,15.0,CALLE,106.2312675335979,"LINESTRING (-58.47214792872482 -34.577994616402215, -58.472243557617205 -34.577738119921094, -58.472628105782526 -34.577301948840635, -58.47273477451397 -34.5771814453588)",Q32958,Mariano Acha,Prócer,procer
4352,"COSTA, EDUARDO",EDUARDO COSTA,Palermo,Palermo,Palermo,14.0,CALLE,118.1769202538845,"LINESTRING (-58.40253786490429 -34.57804297015058, -58.401259378950314 -34.57791429640032)",Q5819148,Eduardo Costa,Prócer,procer
4370,ALVAREZ THOMAS AV.,ALVAREZ THOMAS,Villa Ortuzar,Villa Ortuzar,Villa Ortuzar,15.0,AVENIDA,81.09929384712375,"LINESTRING (-58.47129444809419 -34.57818452522567, -58.471422159132544 -34.578157614870484, -58.47214792872482 -34.577994616402215)",Q2511066,Ignacio Álvarez Thomas,Prócer,procer
4379,ALVAREZ THOMAS AV.,ALVAREZ THOMAS,Villa Ortuzar,Villa Ortuzar,Villa Ortuzar,15.0,AVENIDA,39.86352656649787,"LINESTRING (-58.470873511947495 -34.578273427010664, -58.47096759259732 -34.57825335033023, -58.47129444809419 -34.57818452522567)",Q2511066,Ignacio Álvarez Thomas,Prócer,procer
4386,ALVAREZ THOMAS AV.,ALVAREZ THOMAS,Villa Ortuzar,Villa Ortuzar,Villa Ortuzar,15.0,AVENIDA,113.3997938039618,"LINESTRING (-58.460528353503456 -34.578294757671834, -58.46079450913117 -34.57829420003444, -58.46095738712035 -34.578283780534626, -58.46176368708102 -34.578277314349535)",Q2511066,Ignacio Álvarez Thomas,Prócer,procer
4388,ALVAREZ THOMAS AV.,ALVAREZ THOMAS,,Chacarita,Villa Ortuzar,,AVENIDA,27.78915145030814,"LINESTRING (-58.4602255014304 -34.578295384233854, -58.460528353503456 -34.578294757671834)",Q2511066,Ignacio Álvarez Thomas,Prócer,procer
4390,ALVAREZ THOMAS AV.,ALVAREZ THOMAS,,Chacarita,Colegiales,,AVENIDA,11.25785587046851,"LINESTRING (-58.46010281100443 -34.57829566277725, -58.4602255014304 -34.578295384233854)",Q2511066,Ignacio Álvarez Thomas,Prócer,procer
4393,ALVAREZ THOMAS AV.,ALVAREZ THOMAS,,Chacarita,Colegiales,,AVENIDA,37.45094609962661,"LINESTRING (-58.459695743408695 -34.5783202293704, -58.46010281100443 -34.57829566277725)",Q2511066,Ignacio Álvarez Thomas,Prócer,procer
4395,"ROCHA, DARDO",DARDO ROCHA,Palermo,Palermo,Palermo,14.0,CALLE,132.5685547171549,"LINESTRING (-58.39926674986984 -34.57830933113136, -58.39932455251445 -34.5782101342135, -58.39935898617818 -34.57816296826545, -58.39939690918276 -34.578117705578656, -58.399438236275124 -34.57807448695306, -58.39948271186487 -34.578033523523196, -58.399530250701275 -34.577994956088894, -58.39958059730393 -34.5779588549371, -58.3996335811747 -34.57792550167094, -58.39968903197783 -34.57789496662211, -58.39974669418283 -34.577867390502014, -58.39980631231406 -34.57784284359851, -58.39986763089667 -34.57782139619989, -58.39993047949192 -34.577803259486764, -58.399994602733734 -34.577788362900435, -58.40005974509629 -34.57777684715434, -58.400125651161225 -34.57776871211462, -58.40019198026205 -34.57776409845169, -58.400258562229524 -34.57776286522924, -58.40032514159269 -34.5777650827389, -58.40043709452048 -34.57777676038847)",Q3295527,Dardo Rocha,Prócer,procer
4405,ALVAREZ THOMAS AV.,ALVAREZ THOMAS,Villa Ortuzar,Villa Ortuzar,Villa Ortuzar,15.0,AVENIDA,133.1733574039935,"LINESTRING (-58.46176368708102 -34.578277314349535, -58.46320932201862 -34.57838380489431)",Q2511066,Ignacio Álvarez Thomas,Prócer,procer
4408,ALVAREZ THOMAS AV.,ALVAREZ THOMAS,Villa Ortuzar,Villa Ortuzar,Villa Ortuzar,15.0,AVENIDA,50.28575873038777,"LINESTRING (-58.47034282811264 -34.57838655953988, -58.470873511947495 -34.578273427010664)",Q2511066,Ignacio Álvarez Thomas,Prócer,procer
4410,ALVAREZ THOMAS AV.,ALVAREZ THOMAS,,Chacarita,Colegiales,,AVENIDA,106.4081729760914,"LINESTRING (-58.458539162673986 -34.578390120651726, -58.459695743408695 -34.5783202293704)",Q2511066,Ignacio Álvarez Thomas,Prócer,procer
4412,"SEGUI, JUAN FRANCISCO",JUAN FRANCISCO SEGUI,Palermo,Palermo,Palermo,14.0,CALLE,108.8862853014038,"LINESTRING (-58.41063970584997 -34.578380895797096, -58.4112470099901 -34.57813692631469, -58.41170740359879 -34.57795254081265)",Q5949599,Juan Francisco Seguí,Prócer,procer
4415,"GARCIA, TEODORO",TEODORO GARCIA,Colegiales,Colegiales,Colegiales,13.0,CALLE,117.8654403184534,"LINESTRING (-58.45057276849814 -34.57742002429847, -58.45108901038449 -34.57839291260296)",Q5550217,Teodoro García,Prócer,procer
4416,"MARTINEZ, ENRIQUE, GRAL.",ENRIQUE MARTINEZ,Colegiales,Colegiales,Colegiales,13.0,CALLE,97.9528698180042,"LINESTRING (-58.45108901038449 -34.57839291260296, -58.452010995160215 -34.57794785199317)",Q5366487,Enrique Martínez,UCR,politico
4426,ALVAREZ THOMAS AV.,ALVAREZ THOMAS,,Chacarita,Colegiales,,AVENIDA,73.11626883235135,"LINESTRING (-58.45774443801329 -34.57843811615265, -58.458539162673986 -34.578390120651726)",Q2511066,Ignacio Álvarez Thomas,Prócer,procer
4433,"RAVIGNANI, EMILIO, DR.",EMILIO RAVIGNANI,Palermo,Palermo,Palermo,14.0,CALLE,83.54516768244093,"LINESTRING (-58.435630231243785 -34.57846693784146, -58.43500385116233 -34.577920375346075)",Q5831295,Emilio Ravignani,UCR,politico
4439,ALVAREZ THOMAS AV.,ALVAREZ THOMAS,,Chacarita,Colegiales,,AVENIDA,38.88691788084197,"LINESTRING (-58.45734153501854 -34.578546831619605, -58.45774443801329 -34.57843811615265)",Q2511066,Ignacio Álvarez Thomas,Prócer,procer
4443,ALVAREZ THOMAS AV.,ALVAREZ THOMAS,Villa Ortuzar,Villa Ortuzar,Villa Ortuzar,15.0,AVENIDA,72.19986449116645,"LINESTRING (-58.46958089882106 -34.57854906901809, -58.47034282811264 -34.57838655953988)",Q2511066,Ignacio Álvarez Thomas,Prócer,procer
4444,"ACHA, MARIANO, GRAL.",MARIANO ACHA,Villa Ortuzar,Villa Ortuzar,Villa Ortuzar,15.0,CALLE,61.60363893024964,"LINESTRING (-58.472168729399584 -34.578549471807506, -58.47216479697427 -34.57821572093103, -58.47214792872482 -34.577994616402215)",Q32958,Mariano Acha,Prócer,procer
4445,ALVAREZ THOMAS AV.,ALVAREZ THOMAS,Villa Ortuzar,Villa Ortuzar,Villa Ortuzar,15.0,AVENIDA,22.45480432408102,"LINESTRING (-58.46934399815387 -34.57859981999539, -58.469410488938884 -34.5785857457669, -58.46948239014513 -34.57857006036353, -58.46958089882106 -34.57854906901809)",Q2511066,Ignacio Álvarez Thomas,Prócer,procer
4451,ALVAREZ THOMAS AV.,ALVAREZ THOMAS,,Chacarita,Colegiales,,AVENIDA,17.27186149717081,"LINESTRING (-58.45716256129368 -34.578595063108466, -58.45734153501854 -34.578546831619605)",Q2511066,Ignacio Álvarez Thomas,Prócer,procer
4457,SAN MARTIN DE TOURS,SAN MARTIN DE TOURS,Palermo,Palermo,Palermo,14.0,CALLE,158.0214522008624,"LINESTRING (-58.40467172116112 -34.57862008102183, -58.40344058819371 -34.57762404203679)",Q134160,José de San Martín,Prócer,procer
4479,ALVAREZ THOMAS AV.,ALVAREZ THOMAS,Villa Ortuzar,Villa Ortuzar,Villa Ortuzar,15.0,AVENIDA,136.5065757494253,"LINESTRING (-58.46320932201862 -34.57838380489431, -58.4646443213108 -34.578708381185606)",Q2511066,Ignacio Álvarez Thomas,Prócer,procer
4487,"SALGUERO, JERONIMO",JERONIMO SALGUERO,Palermo,Palermo,Palermo,14.0,CALLE,127.1166598085746,"LINESTRING (-58.406916666815924 -34.578682383873414, -58.40661885490672 -34.5784509763891, -58.4060284341149 -34.57780739988382)",Q11684757,Jerónimo Salguero,Prócer,procer
4490,ALVAREZ THOMAS AV.,ALVAREZ THOMAS,Villa Ortuzar,Villa Ortuzar,Villa Ortuzar,15.0,AVENIDA,67.21956110171197,"LINESTRING (-58.468634549390714 -34.57875087845888, -58.46934399815387 -34.57859981999539)",Q2511066,Ignacio Álvarez Thomas,Prócer,procer
4497,ALVAREZ THOMAS AV.,ALVAREZ THOMAS,Villa Ortuzar,Villa Ortuzar,Villa Ortuzar,15.0,AVENIDA,29.07662731489564,"LINESTRING (-58.46832769790506 -34.578816315265826, -58.468634549390714 -34.57875087845888)",Q2511066,Ignacio Álvarez Thomas,Prócer,procer
4505,ALVAREZ THOMAS AV.,ALVAREZ THOMAS,,Chacarita,Colegiales,,AVENIDA,114.933841396495,"LINESTRING (-58.45597172511498 -34.57891634156943, -58.45716256129368 -34.578595063108466)",Q2511066,Ignacio Álvarez Thomas,Prócer,procer
4509,"MARTINEZ, ENRIQUE, GRAL.",ENRIQUE MARTINEZ,Colegiales,Colegiales,Colegiales,13.0,CALLE,117.4751605739198,"LINESTRING (-58.44998351819131 -34.5789270325332, -58.450141215469145 -34.57885035803674, -58.45108901038449 -34.57839291260296)",Q5366487,Enrique Martínez,UCR,politico
4510,"SCALABRINI ORTIZ, RAUL",RAUL SCALABRINI ORTIZ,Palermo,Palermo,Palermo,14.0,CALLE,135.2945647862031,"LINESTRING (-58.40927093787326 -34.578930660095594, -58.40861937235455 -34.57783661680978)",Q4263301,Raúl Scalabrini Ortiz,UCR,politico
4511,"SEGUI, JUAN FRANCISCO",JUAN FRANCISCO SEGUI,Palermo,Palermo,Palermo,14.0,CALLE,139.6195411261326,"LINESTRING (-58.40927093787326 -34.578930660095594, -58.41063970584997 -34.578380895797096)",Q5949599,Juan Francisco Seguí,Prócer,procer
4518,ALVAREZ THOMAS AV.,ALVAREZ THOMAS,Villa Ortuzar,Villa Ortuzar,Villa Ortuzar,15.0,AVENIDA,131.164065976131,"LINESTRING (-58.4646443213108 -34.578708381185606, -58.46602313676721 -34.579020335981156)",Q2511066,Ignacio Álvarez Thomas,Prócer,procer
4525,ALVAREZ THOMAS AV.,ALVAREZ THOMAS,Villa Ortuzar,Villa Ortuzar,Villa Ortuzar,15.0,AVENIDA,106.4380370040638,"LINESTRING (-58.46720441642682 -34.579055797541976, -58.46832769790506 -34.578816315265826)",Q2511066,Ignacio Álvarez Thomas,Prócer,procer
4535,"ACHA, MARIANO, GRAL.",MARIANO ACHA,Villa Ortuzar,Villa Ortuzar,Villa Ortuzar,15.0,CALLE,62.6523285258472,"LINESTRING (-58.4721555921475 -34.579114131398406, -58.472168729399584 -34.578549471807506)",Q32958,Mariano Acha,Prócer,procer
4546,ALVAREZ THOMAS AV.,ALVAREZ THOMAS,Villa Ortuzar,Villa Ortuzar,Villa Ortuzar,15.0,AVENIDA,62.21220947586384,"LINESTRING (-58.46602313676721 -34.579020335981156, -58.466677128359024 -34.57916828019544)",Q2511066,Ignacio Álvarez Thomas,Prócer,procer
4547,ALVAREZ THOMAS AV.,ALVAREZ THOMAS,Villa Ortuzar,Villa Ortuzar,Villa Ortuzar,15.0,AVENIDA,49.96559972934602,"LINESTRING (-58.466677128359024 -34.57916828019544, -58.46720441642682 -34.579055797541976)",Q2511066,Ignacio Álvarez Thomas,Prócer,procer
4563,ALVAREZ THOMAS AV.,ALVAREZ THOMAS,,Chacarita,Colegiales,,AVENIDA,108.0075169825616,"LINESTRING (-58.45486321302981 -34.579242755055134, -58.45540014433671 -34.57907053419714, -58.45597172511498 -34.57891634156943)",Q2511066,Ignacio Álvarez Thomas,Prócer,procer
4567,"RAVIGNANI, EMILIO, DR.",EMILIO RAVIGNANI,Palermo,Palermo,Palermo,14.0,CALLE,123.4331728799683,"LINESTRING (-58.43655572944099 -34.57927441299739, -58.435630231243785 -34.57846693784146)",Q5831295,Emilio Ravignani,UCR,politico
4579,"MARTINEZ, ENRIQUE, GRAL.",ENRIQUE MARTINEZ,Colegiales,Colegiales,Colegiales,13.0,CALLE,92.98788732414341,"LINESTRING (-58.44910996195841 -34.579351942166745, -58.44998351819131 -34.5789270325332)",Q5366487,Enrique Martínez,UCR,politico
4582,"GARCIA, TEODORO",TEODORO GARCIA,Colegiales,Colegiales,Colegiales,13.0,CALLE,117.3299771834193,"LINESTRING (-58.45108901038449 -34.57839291260296, -58.451602966040724 -34.579361361646484)",Q5550217,Teodoro García,Prócer,procer
4625,"SALGUERO, JERONIMO",JERONIMO SALGUERO,Palermo,Palermo,Palermo,14.0,CALLE,121.2824012732296,"LINESTRING (-58.407706183677824 -34.57955919459311, -58.406916666815924 -34.578682383873414)",Q11684757,Jerónimo Salguero,Prócer,procer
4626,"SEGUI, JUAN FRANCISCO",JUAN FRANCISCO SEGUI,Palermo,Palermo,Palermo,14.0,CALLE,159.6125209708194,"LINESTRING (-58.407706183677824 -34.57955919459311, -58.40927093787326 -34.578930660095594)",Q5949599,Juan Francisco Seguí,Prócer,procer
4628,SAN MARTIN DE TOURS,SAN MARTIN DE TOURS,Palermo,Palermo,Palermo,14.0,CALLE,149.2538051826723,"LINESTRING (-58.40583455098271 -34.57956086299949, -58.40467172116112 -34.57862008102183)",Q134160,José de San Martín,Prócer,procer
4635,"ACHA, MARIANO, GRAL.",MARIANO ACHA,Villa Ortuzar,Villa Ortuzar,Villa Ortuzar,15.0,CALLE,54.47896008158978,"LINESTRING (-58.47214414979549 -34.57960512744816, -58.4721555921475 -34.579114131398406)",Q32958,Mariano Acha,Prócer,procer
4642,"MARTINEZ, ENRIQUE, GRAL.",ENRIQUE MARTINEZ,Colegiales,Colegiales,Colegiales,13.0,CALLE,68.0781469529251,"LINESTRING (-58.44847039293304 -34.57966299878139, -58.44910996195841 -34.579351942166745)",Q5366487,Enrique Martínez,UCR,politico
4647,ALVAREZ THOMAS AV.,ALVAREZ THOMAS,,Chacarita,Colegiales,,AVENIDA,130.7715528295618,"LINESTRING (-58.45353441347393 -34.579668931647596, -58.45486321302981 -34.579242755055134)",Q2511066,Ignacio Álvarez Thomas,Prócer,procer
4673,ALVAREZ THOMAS AV.,ALVAREZ THOMAS,,Chacarita,Colegiales,,AVENIDA,50.46985352475265,"LINESTRING (-58.45302157121378 -34.57983339968633, -58.45353441347393 -34.579668931647596)",Q2511066,Ignacio Álvarez Thomas,Prócer,procer
4674,"RAVIGNANI, EMILIO, DR.",EMILIO RAVIGNANI,Palermo,Palermo,Palermo,14.0,CALLE,85.98779493646623,"LINESTRING (-58.437200430821015 -34.57983695754751, -58.43655572944099 -34.57927441299739)",Q5831295,Emilio Ravignani,UCR,politico
4685,"SCALABRINI ORTIZ, RAUL",RAUL SCALABRINI ORTIZ,Palermo,Palermo,Palermo,14.0,CALLE,117.0563354445583,"LINESTRING (-58.40983474598298 -34.57987719375728, -58.40927093787326 -34.578930660095594)",Q4263301,Raúl Scalabrini Ortiz,UCR,politico
4701,"JUSTO, JUAN B. AV.",JUAN B. JUSTO,Palermo,Palermo,Palermo,14.0,AVENIDA,245.6010516690943,"LINESTRING (-58.42653328892007 -34.57816791121093, -58.4278450078689 -34.579736990992245, -58.42806696002079 -34.57998213029571)",Q6298935,Juan B. Justo,PS,politico
4718,"ACHA, MARIANO, GRAL.",MARIANO ACHA,Villa Ortuzar,Villa Ortuzar,Villa Ortuzar,15.0,CALLE,49.65773601821289,"LINESTRING (-58.47213372444521 -34.580052671860955, -58.47214414979549 -34.57960512744816)",Q32958,Mariano Acha,Prócer,procer
4730,ALVAREZ THOMAS AV.,ALVAREZ THOMAS,,Chacarita,Colegiales,,AVENIDA,81.44202854420413,"LINESTRING (-58.45219402022435 -34.58009882515251, -58.45302157121378 -34.57983339968633)",Q2511066,Ignacio Álvarez Thomas,Prócer,procer
4740,"MARTINEZ, ENRIQUE, GRAL.",ENRIQUE MARTINEZ,Colegiales,Colegiales,Colegiales,13.0,CALLE,105.061507989281,"LINESTRING (-58.44748442000356 -34.5801445038003, -58.448317035310886 -34.5797375589253, -58.44847039293304 -34.57966299878139)",Q5366487,Enrique Martínez,UCR,politico
4743,"GARCIA, TEODORO",TEODORO GARCIA,Colegiales,Colegiales,Colegiales,13.0,CALLE,95.97024201607395,"LINESTRING (-58.451602966040724 -34.579361361646484, -58.45202329833666 -34.580153528838366)",Q5550217,Teodoro García,Prócer,procer
4744,ALVAREZ THOMAS AV.,ALVAREZ THOMAS,,Chacarita,Colegiales,,AVENIDA,16.79915318591874,"LINESTRING (-58.45202329833666 -34.580153528838366, -58.45219402022435 -34.58009882515251)",Q2511066,Ignacio Álvarez Thomas,Prócer,procer
4756,"RAVIGNANI, EMILIO, DR.",EMILIO RAVIGNANI,Palermo,Palermo,Palermo,14.0,CALLE,69.0058127618608,"LINESTRING (-58.43771779846155 -34.5802884135983, -58.43753963884066 -34.58013288024841, -58.437200430821015 -34.57983695754751)",Q5831295,Emilio Ravignani,UCR,politico
4772,"SALGUERO, JERONIMO",JERONIMO SALGUERO,Palermo,Palermo,Palermo,14.0,CALLE,113.3867746586718,"LINESTRING (-58.408431831721686 -34.580386510245035, -58.407706183677824 -34.57955919459311)",Q11684757,Jerónimo Salguero,Prócer,procer
4782,"ACHA, MARIANO, GRAL.",MARIANO ACHA,Villa Ortuzar,Villa Ortuzar,Villa Ortuzar,15.0,CALLE,46.57131837119069,"LINESTRING (-58.47212389205755 -34.5804723987736, -58.47213372444521 -34.580052671860955)",Q32958,Mariano Acha,Prócer,procer
4792,ALVAREZ THOMAS AV.,ALVAREZ THOMAS,,Chacarita,Colegiales,,AVENIDA,105.5009504134582,"LINESTRING (-58.450953492066176 -34.580501600863684, -58.4510186316384 -34.58047576188034, -58.45202329833666 -34.580153528838366)",Q2511066,Ignacio Álvarez Thomas,Prócer,procer
4808,"GUTIERREZ, JUAN MARIA",JUAN MARIA GUTIERREZ,Palermo,Palermo,Palermo,14.0,CALLE,146.9343266289509,"LINESTRING (-58.41447300887841 -34.58054492449554, -58.415971907335994 -34.58007874564513)",Q3067804,Juan María Gutiérrez,Prócer,procer
4809,"ELIZALDE, RUFINO DE",RUFINO DE ELIZALDE,Palermo,Palermo,Palermo,14.0,CALLE,69.66747163707284,"LINESTRING (-58.40204526897133 -34.58054558778854, -58.402043605496274 -34.580375795068555, -58.40197867199491 -34.58021646372531, -58.401866882382116 -34.580093799592746, -58.4017291742052 -34.580018658380894)",Q3951291,Rufino de Elizalde,Prócer,procer
4831,"MARTINEZ, ENRIQUE, GRAL.",ENRIQUE MARTINEZ,Colegiales,Colegiales,Colegiales,13.0,CALLE,114.4277546343002,"LINESTRING (-58.44641260036363 -34.58067176447178, -58.446566132453476 -34.580593403868505, -58.44748442000356 -34.5801445038003)",Q5366487,Enrique Martínez,UCR,politico
4864,"GUTIERREZ, JUAN MARIA",JUAN MARIA GUTIERREZ,Palermo,Palermo,Palermo,14.0,CALLE,84.82381965563222,"LINESTRING (-58.41360769208074 -34.58081401689035, -58.41447300887841 -34.58054492449554)",Q3067804,Juan María Gutiérrez,Prócer,procer
4869,"SCALABRINI ORTIZ, RAUL",RAUL SCALABRINI ORTIZ,Palermo,Palermo,Palermo,14.0,CALLE,117.3777843058209,"LINESTRING (-58.41040009782517 -34.58082633102432, -58.40983474598298 -34.57987719375728)",Q4263301,Raúl Scalabrini Ortiz,UCR,politico
4874,"JUSTO, JUAN B. AV.",JUAN B. JUSTO,Palermo,Palermo,Palermo,14.0,AVENIDA,138.4588986018808,"LINESTRING (-58.42806696002079 -34.57998213029571, -58.42847980464164 -34.58043824323774, -58.428923655752726 -34.580872179975415, -58.42901200271097 -34.58095431903289)",Q6298935,Juan B. Justo,PS,politico
4878,ALVAREZ THOMAS AV.,ALVAREZ THOMAS,,Chacarita,Colegiales,,AVENIDA,97.01994258367928,"LINESTRING (-58.450000065512825 -34.58087974721311, -58.450953492066176 -34.580501600863684)",Q2511066,Ignacio Álvarez Thomas,Prócer,procer
4879,"RAVIGNANI, EMILIO, DR.",EMILIO RAVIGNANI,Palermo,Palermo,Palermo,14.0,CALLE,90.71334358645403,"LINESTRING (-58.43839775632837 -34.580882016036306, -58.43771779846155 -34.5802884135983)",Q5831295,Emilio Ravignani,UCR,politico
4885,"MARTINEZ, ENRIQUE, GRAL.",ENRIQUE MARTINEZ,Colegiales,Colegiales,Colegiales,13.0,CALLE,49.33632409335501,"LINESTRING (-58.44595489765353 -34.580905155355296, -58.44641260036363 -34.58067176447178)",Q5366487,Enrique Martínez,UCR,politico
4904,"ELIZALDE, RUFINO DE",RUFINO DE ELIZALDE,Palermo,Palermo,Palermo,14.0,CALLE,102.18624385253,"LINESTRING (-58.40204526897133 -34.58054558778854, -58.401962405640454 -34.5806851966503, -58.401803270245914 -34.580800048278654, -58.40158693663757 -34.58088810973109, -58.4013429616744 -34.58093397289187, -58.40112106061086 -34.58095336759094)",Q3951291,Rufino de Elizalde,Prócer,procer
4911,"ELIZALDE, RUFINO DE",RUFINO DE ELIZALDE,Palermo,Palermo,Palermo,14.0,CALLE,101.8271112216334,"LINESTRING (-58.403109468739764 -34.580768653448644, -58.40271411413021 -34.58073543218746, -58.40262533814943 -34.58069376759775, -58.402533663896605 -34.580656819897655, -58.402439431888226 -34.580624659674314, -58.40234281224654 -34.58059749827839, -58.40224440091881 -34.58057540642623, -58.40204526897133 -34.58054558778854)",Q3951291,Rufino de Elizalde,Prócer,procer
4937,ALVAREZ THOMAS AV.,ALVAREZ THOMAS,,Chacarita,Colegiales,,AVENIDA,56.50621150133516,"LINESTRING (-58.449442754324046 -34.581096379398495, -58.44959653621695 -34.581039775986405, -58.450000065512825 -34.58087974721311)",Q2511066,Ignacio Álvarez Thomas,Prócer,procer
4940,"SALGUERO, JERONIMO",JERONIMO SALGUERO,Palermo,Palermo,Palermo,14.0,CALLE,125.5127772296246,"LINESTRING (-58.40946782709581 -34.581116562586224, -58.40855409319586 -34.58052593393677, -58.408431831721686 -34.580386510245035)",Q11684757,Jerónimo Salguero,Prócer,procer
4955,ALVAREZ THOMAS AV.,ALVAREZ THOMAS,,Chacarita,Colegiales,,AVENIDA,25.07270798612872,"LINESTRING (-58.449193092471475 -34.58118825391995, -58.449442754324046 -34.581096379398495)",Q2511066,Ignacio Álvarez Thomas,Prócer,procer
4965,"GUTIERREZ, JUAN MARIA",JUAN MARIA GUTIERREZ,Palermo,Palermo,Palermo,14.0,CALLE,125.2890135175268,"LINESTRING (-58.41232959165262 -34.58121152538016, -58.41360769208074 -34.58081401689035)",Q3067804,Juan María Gutiérrez,Prócer,procer
4972,"GARCIA, TEODORO",TEODORO GARCIA,Chacarita,Chacarita,Chacarita,15.0,CALLE,148.4647493417077,"LINESTRING (-58.45219402022435 -34.58009882515251, -58.45294884877097 -34.581282575644245)",Q5550217,Teodoro García,Prócer,procer
4979,"BURMEISTER, GERMAN AV.",GERMAN BURMEISTER,Caballito,Caballito,Caballito,6.0,AVENIDA,14.94167414885282,"LINESTRING (-58.437317941369116 -34.60644022284691, -58.43728680881649 -34.60657242749552)",Q60969,Carlos Germán Burmeister,Prócer,procer
4994,ALVAREZ THOMAS AV.,ALVAREZ THOMAS,,Chacarita,Colegiales,,AVENIDA,76.06924028766507,"LINESTRING (-58.448435760623134 -34.581467238513184, -58.44919309247144 -34.58118825391995)",Q2511066,Ignacio Álvarez Thomas,Prócer,procer
4996,"MARTINEZ, ENRIQUE, GRAL.",ENRIQUE MARTINEZ,Colegiales,Colegiales,Colegiales,13.0,CALLE,95.633656871555,"LINESTRING (-58.44517084238974 -34.581473080167264, -58.44529125826347 -34.58138161741975, -58.44595489765353 -34.580905155355296)",Q5366487,Enrique Martínez,UCR,politico
5017,"BURMEISTER, GERMAN AV.",GERMAN BURMEISTER,Caballito,Caballito,Caballito,6.0,AVENIDA,16.40775471130616,"LINESTRING (-58.433883275708865 -34.606636555423265, -58.43391260499112 -34.606490654081306)",Q60969,Carlos Germán Burmeister,Prócer,procer
5021,"BURMEISTER, GERMAN AV.",GERMAN BURMEISTER,Caballito,Caballito,Caballito,6.0,AVENIDA,17.74379505873352,"LINESTRING (-58.435514303319984 -34.6053038142714, -58.43570683178006 -34.605288315069515)",Q60969,Carlos Germán Burmeister,Prócer,procer
5022,"ACHA, MARIANO, GRAL.",MARIANO ACHA,Villa Ortuzar,Villa Ortuzar,Villa Ortuzar,15.0,CALLE,120.6319938451328,"LINESTRING (-58.47209854833806 -34.58155960400806, -58.47212389205755 -34.5804723987736)",Q32958,Mariano Acha,Prócer,procer
5035,"BURMEISTER, GERMAN AV.",GERMAN BURMEISTER,Caballito,Caballito,Caballito,6.0,AVENIDA,16.79742326324178,"LINESTRING (-58.435643058955065 -34.607742653318425, -58.43546064993382 -34.60775604877996)",Q60969,Carlos Germán Burmeister,Prócer,procer
5075,"RAVIGNANI, EMILIO, DR.",EMILIO RAVIGNANI,Palermo,Palermo,Palermo,14.0,CALLE,131.7180310654411,"LINESTRING (-58.43938510846347 -34.581743919662166, -58.43839775632837 -34.580882016036306)",Q5831295,Emilio Ravignani,UCR,politico
5084,"BURMEISTER, GERMAN AV.",GERMAN BURMEISTER,Caballito,Caballito,Caballito,6.0,AVENIDA,14.44835049578763,"LINESTRING (-58.43479521269572 -34.6077082183941, -58.43464464797981 -34.60766995183569)",Q60969,Carlos Germán Burmeister,Prócer,procer
5109,"JUSTO, JUAN B. AV.",JUAN B. JUSTO,Palermo,Palermo,Palermo,14.0,AVENIDA,139.598184861327,"LINESTRING (-58.42901200271097 -34.58095431903289, -58.4291120103414 -34.58104723614065, -58.430043168963046 -34.58187955110267)",Q6298935,Juan B. Justo,PS,politico
5124,"SCALABRINI ORTIZ, RAUL",RAUL SCALABRINI ORTIZ,Palermo,Palermo,Palermo,14.0,CALLE,142.9199694718638,"LINESTRING (-58.411098759936436 -34.58197777986115, -58.41040009782517 -34.58082633102432)",Q4263301,Raúl Scalabrini Ortiz,UCR,politico
5131,ALVAREZ THOMAS AV.,ALVAREZ THOMAS,,Chacarita,Colegiales,,AVENIDA,138.3123375028721,"LINESTRING (-58.44709366594255 -34.5820344173763, -58.44828078317074 -34.58152413723334, -58.448435760623134 -34.581467238513184)",Q2511066,Ignacio Álvarez Thomas,Prócer,procer
5141,"GARCIA, TEODORO",TEODORO GARCIA,Chacarita,Chacarita,Chacarita,15.0,CALLE,102.0520129188882,"LINESTRING (-58.45294884877097 -34.581282575644245, -58.45346780050967 -34.582096225207515)",Q5550217,Teodoro García,Prócer,procer
5167,"SALGUERO, JERONIMO",JERONIMO SALGUERO,Palermo,Palermo,Palermo,14.0,CALLE,140.229324941501,"LINESTRING (-58.410191617071575 -34.58223647776232, -58.410114108964315 -34.582007989115844, -58.409739071271105 -34.58102921551197)",Q11684757,Jerónimo Salguero,Prócer,procer
5169,"ACHA, MARIANO, GRAL.",MARIANO ACHA,Villa Ortuzar,Villa Ortuzar,Villa Ortuzar,15.0,CALLE,76.564211346691,"LINESTRING (-58.47208099571051 -34.5822496180588, -58.472087529108585 -34.5820321487784, -58.47209854833806 -34.58155960400806)",Q32958,Mariano Acha,Prócer,procer
5172,"MARTINEZ, ENRIQUE, GRAL.",ENRIQUE MARTINEZ,Colegiales,Colegiales,Colegiales,13.0,CALLE,154.3345811970008,"LINESTRING (-58.443780995991006 -34.58225147177936, -58.44455251034572 -34.58186707857462, -58.44504506116875 -34.581568626575105, -58.44517084238974 -34.581473080167264)",Q5366487,Enrique Martínez,UCR,politico
5187,"JUSTO, JUAN B. AV.",JUAN B. JUSTO,Palermo,Palermo,Palermo,14.0,AVENIDA,81.17729434770362,"LINESTRING (-58.430043168963046 -34.58187955110267, -58.43016828951395 -34.58199134775967, -58.43069127790776 -34.582376847824925)",Q6298935,Juan B. Justo,PS,politico
5200,"SALGUERO, JERONIMO",JERONIMO SALGUERO,Palermo,Palermo,Palermo,14.0,CALLE,19.36371426715078,"LINESTRING (-58.410248643625906 -34.58240453380959, -58.410191617071575 -34.58223647776232)",Q11684757,Jerónimo Salguero,Prócer,procer
5223,"RAVIGNANI, EMILIO, DR.",EMILIO RAVIGNANI,Palermo,Palermo,Palermo,14.0,CALLE,126.1776771162544,"LINESTRING (-58.44033025792441 -34.58257010236521, -58.44015345087742 -34.582414713989266, -58.43938510846347 -34.581743919662166)",Q5831295,Emilio Ravignani,UCR,politico
5227,ALVAREZ THOMAS AV.,ALVAREZ THOMAS,,Chacarita,Colegiales,,AVENIDA,135.0892942648636,"LINESTRING (-58.4457872326747 -34.58259593741483, -58.44709366594255 -34.582034417376285)",Q2511066,Ignacio Álvarez Thomas,Prócer,procer
5241,"SCALABRINI ORTIZ, RAUL",RAUL SCALABRINI ORTIZ,Palermo,Palermo,Palermo,14.0,CALLE,119.8415630808166,"LINESTRING (-58.412107663432835 -34.58266385356913, -58.411098759936436 -34.58197777986115)",Q4263301,Raúl Scalabrini Ortiz,UCR,politico
5296,"GARCIA, TEODORO",TEODORO GARCIA,Chacarita,Chacarita,Chacarita,15.0,CALLE,108.3283052894702,"LINESTRING (-58.45346780050967 -34.582096225207515, -58.45401860186867 -34.5829599462241)",Q5550217,Teodoro García,Prócer,procer
5325,"JUSTO, JUAN B. AV.",JUAN B. JUSTO,Palermo,Palermo,Palermo,14.0,AVENIDA,120.5807938386213,"LINESTRING (-58.43069127790776 -34.582376847824925, -58.43167240491568 -34.58310000659966)",Q6298935,Juan B. Justo,PS,politico
5340,ALVAREZ THOMAS AV.,ALVAREZ THOMAS,,Chacarita,Colegiales,,AVENIDA,138.2866016531902,"LINESTRING (-58.44444987028931 -34.58317074874412, -58.4457872326747 -34.58259593741483)",Q2511066,Ignacio Álvarez Thomas,Prócer,procer
5347,ALVAREZ THOMAS AV.,ALVAREZ THOMAS,Palermo,Palermo,Palermo,14.0,AVENIDA,5.045768306711885,"LINESTRING (-58.44444987028931 -34.58317074874412, -58.44440107601116 -34.58319172749779)",Q2511066,Ignacio Álvarez Thomas,Prócer,procer
5390,"RAVIGNANI, EMILIO, DR.",EMILIO RAVIGNANI,Palermo,Palermo,Palermo,14.0,CALLE,125.5326283782224,"LINESTRING (-58.441268614977005 -34.583393600309286, -58.441111043077214 -34.58325596361506, -58.44033025792441 -34.58257010236521)",Q5831295,Emilio Ravignani,UCR,politico
5428,"SCALABRINI ORTIZ, RAUL",RAUL SCALABRINI ORTIZ,Palermo,Palermo,Palermo,14.0,CALLE,148.283428461111,"LINESTRING (-58.41337918104376 -34.58348890232599, -58.412107663432835 -34.58266385356913)",Q4263301,Raúl Scalabrini Ortiz,UCR,politico
5439,"CUBAS, JOSE",JOSE CUBAS,Villa Pueyrredon,Villa Pueyrredon,Villa Pueyrredon,12.0,CALLE,135.7685880273085,"LINESTRING (-58.49104181653125 -34.582881158948545, -58.49221038156641 -34.583631957795525)",Q5939116,José Cubas,Prócer,procer
5461,"VEGA, NICETO, CNEL. AV.",NICETO VEGA,Palermo,Palermo,Palermo,14.0,AVENIDA,94.9792345162774,"LINESTRING (-58.44360856307466 -34.58374252775646, -58.44440107601116 -34.58319172749779)",Q11695568,Niceto Vega,Prócer,procer
5462,"ACHA, MARIANO, GRAL.",MARIANO ACHA,Villa Ortuzar,Villa Ortuzar,Villa Ortuzar,15.0,CALLE,168.5856827340374,"LINESTRING (-58.47204624478134 -34.583769014630555, -58.47207395304067 -34.582482721458746, -58.47208099571051 -34.5822496180588)",Q32958,Mariano Acha,Prócer,procer
5485,"GARCIA, TEODORO",TEODORO GARCIA,Chacarita,Chacarita,Chacarita,15.0,CALLE,111.4910170659766,"LINESTRING (-58.45401860186867 -34.5829599462241, -58.45458550499843 -34.583848877510505)",Q5550217,Teodoro García,Prócer,procer
5507,"SALGUERO, JERONIMO",JERONIMO SALGUERO,Palermo,Palermo,Palermo,14.0,CALLE,174.7010082006408,"LINESTRING (-58.41065586746129 -34.58394220287094, -58.410353178727696 -34.58271261300133, -58.410248643625906 -34.58240453380959)",Q11684757,Jerónimo Salguero,Prócer,procer
5524,"JUSTO, JUAN B. AV.",JUAN B. JUSTO,Palermo,Palermo,Palermo,14.0,AVENIDA,154.7832236075678,"LINESTRING (-58.43167240491568 -34.58310000659966, -58.43293182371144 -34.58402830111374)",Q6298935,Juan B. Justo,PS,politico
5546,"SCALABRINI ORTIZ, RAUL",RAUL SCALABRINI ORTIZ,Palermo,Palermo,Palermo,14.0,CALLE,104.8783582550163,"LINESTRING (-58.41427851042832 -34.58407244642955, -58.41337918104376 -34.58348890232599)",Q4263301,Raúl Scalabrini Ortiz,UCR,politico
5555,"CASTELLANOS, JOAQUIN",JOAQUIN CASTELLANOS,Villa Pueyrredon,Villa Pueyrredon,Villa Pueyrredon,12.0,PASAJE,107.809389654585,"LINESTRING (-58.50516256977037 -34.58411616901876, -58.50586669160196 -34.58333816488627)",Q5931843,Joaquín Castellanos,UCR,politico
5575,"GARCIA, TEODORO",TEODORO GARCIA,Chacarita,Chacarita,Chacarita,15.0,CALLE,47.87365943595441,"LINESTRING (-58.45458550499843 -34.583848877510505, -58.4548289050093 -34.584230591727085)",Q5550217,Teodoro García,Prócer,procer
5601,"CUBAS, JOSE",JOSE CUBAS,Villa Pueyrredon,Villa Pueyrredon,Villa Pueyrredon,12.0,CALLE,129.9687614986223,"LINESTRING (-58.49221038156641 -34.583631957795525, -58.49334420946565 -34.58433423190747)",Q5939116,José Cubas,Prócer,procer
5608,"GARCIA, TEODORO",TEODORO GARCIA,Chacarita,Chacarita,Chacarita,15.0,CALLE,16.89677775964868,"LINESTRING (-58.4548289050093 -34.584230591727085, -58.454914806417676 -34.58436531841247)",Q5550217,Teodoro García,Prócer,procer
5627,"RAVIGNANI, EMILIO, DR.",EMILIO RAVIGNANI,Palermo,Palermo,Palermo,14.0,CALLE,168.2366644060092,"LINESTRING (-58.442523673098236 -34.58449912219146, -58.442282501785634 -34.58427886564385, -58.441268614977005 -34.583393600309286)",Q5831295,Emilio Ravignani,UCR,politico
5628,"VEGA, NICETO, CNEL. AV.",NICETO VEGA,Palermo,Palermo,Palermo,14.0,AVENIDA,130.2038471109994,"LINESTRING (-58.442523673098236 -34.58449912219146, -58.44360856307466 -34.58374252775646)",Q11695568,Niceto Vega,Prócer,procer
5636,"SCALABRINI ORTIZ, RAUL",RAUL SCALABRINI ORTIZ,Palermo,Palermo,Palermo,14.0,CALLE,83.98298762882348,"LINESTRING (-58.41499868095848 -34.584539713812035, -58.41427851042832 -34.58407244642955)",Q4263301,Raúl Scalabrini Ortiz,UCR,politico
5663,"ALVAREZ, JULIAN",JULIAN ALVAREZ,Palermo,Palermo,Palermo,14.0,CALLE,126.5360748293459,"LINESTRING (-58.411737661807265 -34.584655424006854, -58.410717208283 -34.58388814383104)",Q123316366,Julián Álvarez,PJ,politico
5673,"JUSTO, JUAN B. AV.",JUAN B. JUSTO,Palermo,Palermo,Palermo,14.0,AVENIDA,108.9823232830769,"LINESTRING (-58.43293182371144 -34.58402830111374, -58.433818583706106 -34.584681910637094)",Q6298935,Juan B. Justo,PS,politico
5718,"GARCIA, TEODORO",TEODORO GARCIA,Chacarita,Chacarita,Chacarita,15.0,CALLE,30.77249894283726,"LINESTRING (-58.455367809592644 -34.585140056403034, -58.455501503711275 -34.585394456348936)",Q5550217,Teodoro García,Prócer,procer
5728,"ACHA, MARIANO, GRAL.",MARIANO ACHA,Villa Ortuzar,Villa Ortuzar,Villa Ortuzar,15.0,CALLE,133.4442471713493,"LINESTRING (-58.47212981558924 -34.584956917468695, -58.47205283896949 -34.58482914672876, -58.47204624478134 -34.583769014630555)",Q32958,Mariano Acha,Prócer,procer
5731,"CASTELLANOS, JOAQUIN",JOAQUIN CASTELLANOS,Villa Pueyrredon,Villa Pueyrredon,Villa Pueyrredon,12.0,PASAJE,117.3812692067074,"LINESTRING (-58.504395969271904 -34.58496327579519, -58.50516256977037 -34.58411616901876)",Q5931843,Joaquín Castellanos,UCR,politico
5740,"GELLY Y OBES, GRAL. AV.",GELLY Y OBES,Recoleta,Recoleta,Recoleta,2.0,AVENIDA,54.57569206205942,"LINESTRING (-58.396419411241745 -34.58500799738919, -58.39623867502272 -34.58453929831396)",Q3810765,Juan Andrés Gelly y Obes,Prócer,procer
5743,"CUBAS, JOSE",JOSE CUBAS,Villa Pueyrredon,Villa Pueyrredon,Villa Pueyrredon,12.0,CALLE,129.8250157950949,"LINESTRING (-58.49334420946565 -34.58433423190747, -58.49447686402949 -34.5850356506136)",Q5939116,José Cubas,Prócer,procer
5773,"SCALABRINI ORTIZ, RAUL",RAUL SCALABRINI ORTIZ,Palermo,Palermo,Palermo,14.0,CALLE,110.8465570721331,"LINESTRING (-58.41595361946592 -34.58515171868958, -58.41563416729717 -34.584952013306754, -58.41499868095848 -34.584539713812035)",Q4263301,Raúl Scalabrini Ortiz,UCR,politico
5775,"GELLY Y OBES, GRAL. AV.",GELLY Y OBES,Recoleta,Recoleta,Recoleta,2.0,AVENIDA,16.95105113740135,"LINESTRING (-58.39634930507841 -34.58514936991413, -58.396419411241745 -34.58500799738919)",Q3810765,Juan Andrés Gelly y Obes,Prócer,procer
5786,"SALGUERO, JERONIMO",JERONIMO SALGUERO,Palermo,Palermo,Palermo,14.0,CALLE,142.7920697793555,"LINESTRING (-58.410966378978074 -34.58520348580595, -58.41065586746129 -34.58394220287094)",Q11684757,Jerónimo Salguero,Prócer,procer
5789,"VEGA, NICETO, CNEL. AV.",NICETO VEGA,Palermo,Palermo,Palermo,14.0,AVENIDA,128.695415862725,"LINESTRING (-58.44145136789169 -34.58524697658698, -58.442523673098236 -34.58449912219146)",Q11695568,Niceto Vega,Prócer,procer
5792,"ALVAREZ, JULIAN",JULIAN ALVAREZ,Palermo,Palermo,Palermo,14.0,CALLE,97.41197103511199,"LINESTRING (-58.412523313218486 -34.58524604565491, -58.411737661807265 -34.584655424006854)",Q123316366,Julián Álvarez,PJ,politico
5802,"CARRIL, SALVADOR MARIA DEL AV.",SALVADOR MARIA DEL CARRIL,,Agronomia,Villa Pueyrredon,,AVENIDA,88.46054930991004,"LINESTRING (-58.48879298868968 -34.58481830431693, -58.48896826013756 -34.584930171004004, -58.48955888779029 -34.585302657684544)",Q7406435,Salvador María del Carril,Prócer,procer
5815,"GELLY Y OBES, GRAL. AV.",GELLY Y OBES,Recoleta,Recoleta,Recoleta,2.0,AVENIDA,19.72160055110481,"LINESTRING (-58.396406473385575 -34.58532074232986, -58.39634930507841 -34.58514936991413)",Q3810765,Juan Andrés Gelly y Obes,Prócer,procer
5816,"GELLY Y OBES, GRAL. AV.",GELLY Y OBES,Recoleta,Recoleta,Recoleta,2.0,AVENIDA,12.6885607019052,"LINESTRING (-58.39654475524595 -34.58532229694426, -58.396406473385575 -34.58532074232986)",Q3810765,Juan Andrés Gelly y Obes,Prócer,procer
5824,"JUSTO, JUAN B. AV.",JUAN B. JUSTO,Palermo,Palermo,Palermo,14.0,AVENIDA,115.0692983339975,"LINESTRING (-58.433818583706106 -34.584681910637094, -58.43475490225023 -34.58537200477913)",Q6298935,Juan B. Justo,PS,politico
5828,"RAVIGNANI, EMILIO, DR.",EMILIO RAVIGNANI,Palermo,Palermo,Palermo,14.0,CALLE,132.9862561466235,"LINESTRING (-58.443478573934314 -34.58540084654664, -58.44287398242609 -34.5848191166781, -58.442523673098236 -34.58449912219146)",Q5831295,Emilio Ravignani,UCR,politico
5887,"ALVAREZ, JULIAN",JULIAN ALVAREZ,Palermo,Palermo,Palermo,14.0,CALLE,79.04957164426786,"LINESTRING (-58.413160796021856 -34.58572540225307, -58.412523313218486 -34.58524604565491)",Q123316366,Julián Álvarez,PJ,politico
5889,"CUBAS, JOSE",JOSE CUBAS,Villa Pueyrredon,Villa Pueyrredon,Villa Pueyrredon,12.0,CALLE,130.0140760481787,"LINESTRING (-58.49447686402949 -34.5850356506136, -58.495611155884035 -34.58573811464488)",Q5939116,José Cubas,Prócer,procer
5902,"CARRIL, SALVADOR MARIA DEL AV.",SALVADOR MARIA DEL CARRIL,,Agronomia,Villa Pueyrredon,,AVENIDA,83.77779534595953,"LINESTRING (-58.48955888779029 -34.585302657684544, -58.4902850220829 -34.58576053565759)",Q7406435,Salvador María del Carril,Prócer,procer
5914,"SALGUERO, JERONIMO",JERONIMO SALGUERO,Palermo,Palermo,Palermo,14.0,CALLE,93.65901378598198,"LINESTRING (-58.411690208143305 -34.585798804631494, -58.410966378978074 -34.58520348580595)",Q11684757,Jerónimo Salguero,Prócer,procer
5917,"CASTELLANOS, JOAQUIN",JOAQUIN CASTELLANOS,Villa Pueyrredon,Villa Pueyrredon,Villa Pueyrredon,12.0,PASAJE,117.6937691575855,"LINESTRING (-58.50362731070375 -34.585812631885254, -58.504395969271904 -34.58496327579519)",Q5931843,Joaquín Castellanos,UCR,politico
5921,"DEMARIA, MARIANO",MARIANO DEMARIA,Villa Ortuzar,Villa Ortuzar,Villa Ortuzar,15.0,PASAJE,130.3042230691782,"LINESTRING (-58.46876860483848 -34.58586663773585, -58.46782568826163 -34.584988280292116)",Q5997685,Mariano Demaría,Prócer,procer
5953,"VEGA, NICETO, CNEL. AV.",NICETO VEGA,Palermo,Palermo,Palermo,14.0,AVENIDA,128.6013723939971,"LINESTRING (-58.44037980998283 -34.58599425821505, -58.44145136789169 -34.58524697658698)",Q11695568,Niceto Vega,Prócer,procer
5960,"JUSTO, JUAN B. AV.",JUAN B. JUSTO,Palermo,Palermo,Palermo,14.0,AVENIDA,116.5135123382493,"LINESTRING (-58.43475490225023 -34.58537200477913, -58.43570298417559 -34.58607075644991)",Q6298935,Juan B. Justo,PS,politico
5964,"SCALABRINI ORTIZ, RAUL AV.",RAUL SCALABRINI ORTIZ,Palermo,Palermo,Palermo,14.0,AVENIDA,170.1525499507109,"LINESTRING (-58.417432924959805 -34.58607673669248, -58.41595361946592 -34.58515171868958)",Q4263301,Raúl Scalabrini Ortiz,UCR,politico
5972,"CARRIL, SALVADOR MARIA DEL AV.",SALVADOR MARIA DEL CARRIL,,Agronomia,Villa Pueyrredon,,AVENIDA,65.13811666455491,"LINESTRING (-58.4902850220829 -34.58576053565759, -58.49084959998225 -34.586116542628474)",Q7406435,Salvador María del Carril,Prócer,procer
5993,"RAVIGNANI, EMILIO, DR.",EMILIO RAVIGNANI,Chacarita,Chacarita,Chacarita,15.0,CALLE,115.6020376702552,"LINESTRING (-58.444299834138015 -34.586191132133806, -58.443478573934314 -34.58540084654664)",Q5831295,Emilio Ravignani,UCR,politico
6012,"SALGUERO, JERONIMO",JERONIMO SALGUERO,Palermo,Palermo,Palermo,14.0,CALLE,80.27984718191607,"LINESTRING (-58.41231183407073 -34.58630808901993, -58.41214161836274 -34.58616822658343, -58.411690208143305 -34.585798804631494)",Q11684757,Jerónimo Salguero,Prócer,procer
6036,"ALVAREZ, JULIAN",JULIAN ALVAREZ,Palermo,Palermo,Palermo,14.0,CALLE,111.9075426150436,"LINESTRING (-58.41406332764469 -34.58640395073148, -58.413160796021856 -34.58572540225307)",Q123316366,Julián Álvarez,PJ,politico
6044,"CUBAS, JOSE",JOSE CUBAS,Villa Pueyrredon,Villa Pueyrredon,Villa Pueyrredon,12.0,CALLE,129.5843885930743,"LINESTRING (-58.495611155884035 -34.58573811464488, -58.496741719256235 -34.58643824508381)",Q5939116,José Cubas,Prócer,procer
6048,"CARRIL, SALVADOR MARIA DEL AV.",SALVADOR MARIA DEL CARRIL,,Agronomia,Villa Pueyrredon,,AVENIDA,64.9599720829221,"LINESTRING (-58.49084959998225 -34.586116542628474, -58.49141264964838 -34.586471561384556)",Q7406435,Salvador María del Carril,Prócer,procer
6056,"LAMARCA, EMILIO",EMILIO LAMARCA,Villa Devoto,Villa Devoto,Villa Devoto,11.0,CALLE,34.14761887862898,"LINESTRING (-58.51646966222122 -34.586476949852816, -58.51669626282505 -34.586232762106505)",Q5831159,Emilio Lamarca,Prócer,procer
6062,"GUTIERREZ, JUAN MARIA",JUAN MARIA GUTIERREZ,Recoleta,Recoleta,Recoleta,2.0,CALLE,110.1799204176444,"LINESTRING (-58.40022077585451 -34.586531386258585, -58.40118044539024 -34.585934332767614)",Q3067804,Juan María Gutiérrez,Prócer,procer
6087,"CASTELLANOS, JOAQUIN",JOAQUIN CASTELLANOS,Villa Pueyrredon,Villa Pueyrredon,Villa Pueyrredon,12.0,PASAJE,120.0426928041202,"LINESTRING (-58.502845617092966 -34.58668036785179, -58.5035410994524 -34.585907873303746, -58.50362731070375 -34.585812631885254)",Q5931843,Joaquín Castellanos,UCR,politico
6103,"VEGA, NICETO, CNEL. AV.",NICETO VEGA,Palermo,Palermo,Palermo,14.0,AVENIDA,132.0164266578381,"LINESTRING (-58.439279786690165 -34.58676138424596, -58.44037980998283 -34.58599425821505)",Q11695568,Niceto Vega,Prócer,procer
6117,"GELLY Y OBES, GRAL. AV.",GELLY Y OBES,Recoleta,Recoleta,Recoleta,2.0,AVENIDA,171.7460839229467,"LINESTRING (-58.39712635329478 -34.58679383677087, -58.39654475524595 -34.58532229694426)",Q3810765,Juan Andrés Gelly y Obes,Prócer,procer
6120,"CARRIL, SALVADOR MARIA DEL AV.",SALVADOR MARIA DEL CARRIL,,Agronomia,Villa Pueyrredon,,AVENIDA,64.23023248946208,"LINESTRING (-58.49141264964838 -34.586471561384556, -58.49196940153246 -34.58682256484511)",Q7406435,Salvador María del Carril,Prócer,procer
6149,"RAVIGNANI, EMILIO, DR.",EMILIO RAVIGNANI,Chacarita,Chacarita,Chacarita,15.0,CALLE,106.826517519799,"LINESTRING (-58.4450587921736 -34.58692140173696, -58.444299834138015 -34.586191132133806)",Q5831295,Emilio Ravignani,UCR,politico
6151,"SCALABRINI ORTIZ, RAUL AV.",RAUL SCALABRINI ORTIZ,Palermo,Palermo,Palermo,14.0,AVENIDA,155.5555946490445,"LINESTRING (-58.41878534478907 -34.58692239325199, -58.417432924959805 -34.58607673669248)",Q4263301,Raúl Scalabrini Ortiz,UCR,politico
6174,"SALGUERO, JERONIMO",JERONIMO SALGUERO,Palermo,Palermo,Palermo,14.0,CALLE,109.4309245899091,"LINESTRING (-58.413157644063716 -34.58700359254854, -58.41231183407073 -34.58630808901993)",Q11684757,Jerónimo Salguero,Prócer,procer
6189,"ALVAREZ, JULIAN",JULIAN ALVAREZ,Palermo,Palermo,Palermo,14.0,CALLE,124.48316001215,"LINESTRING (-58.41516599421766 -34.58705778239702, -58.41406332764469 -34.58640395073148)",Q123316366,Julián Álvarez,PJ,politico
6206,"CUBAS, JOSE",JOSE CUBAS,Villa Pueyrredon,Villa Pueyrredon,Villa Pueyrredon,12.0,CALLE,129.9468878520274,"LINESTRING (-58.496741719256235 -34.58643824508381, -58.497875453012796 -34.58714033593058)",Q5939116,José Cubas,Prócer,procer
6210,"GELLY Y OBES, GRAL. AV.",GELLY Y OBES,Recoleta,Recoleta,Recoleta,2.0,AVENIDA,36.88200348767899,"LINESTRING (-58.39734549160306 -34.587066369603285, -58.39721003798977 -34.586950620743956, -58.39712635329478 -34.58679383677087)",Q3810765,Juan Andrés Gelly y Obes,Prócer,procer
6215,"CARRIL, SALVADOR MARIA DEL AV.",SALVADOR MARIA DEL CARRIL,,Agronomia,Villa Pueyrredon,,AVENIDA,65.76162303137822,"LINESTRING (-58.49196940153246 -34.58682256484511, -58.492539359554975 -34.58718201343405)",Q7406435,Salvador María del Carril,Prócer,procer
6222,"GUTIERREZ, JUAN MARIA",JUAN MARIA GUTIERREZ,Recoleta,Recoleta,Recoleta,2.0,CALLE,120.6080463195398,"LINESTRING (-58.39917019254986 -34.58718486425619, -58.40022077585451 -34.586531386258585)",Q3067804,Juan María Gutiérrez,Prócer,procer
6226,"LAMARCA, EMILIO",EMILIO LAMARCA,Villa Devoto,Villa Devoto,Villa Devoto,11.0,CALLE,100.8264493907701,"LINESTRING (-58.515815481673485 -34.58720724592928, -58.51646966222122 -34.586476949852816)",Q5831159,Emilio Lamarca,Prócer,procer
6240,"VEGA, NICETO, CNEL. AV.",NICETO VEGA,Palermo,Palermo,Palermo,14.0,AVENIDA,92.16019356787412,"LINESTRING (-58.43851181947193 -34.58729687394003, -58.439279786690165 -34.58676138424596)",Q11695568,Niceto Vega,Prócer,procer
6243,"SCALABRINI ORTIZ, RAUL AV.",RAUL SCALABRINI ORTIZ,Palermo,Palermo,Palermo,14.0,AVENIDA,79.3254658994342,"LINESTRING (-58.4194750145409 -34.5873536363463, -58.41878534478907 -34.58692239325199)",Q4263301,Raúl Scalabrini Ortiz,UCR,politico
6244,"ALVAREZ, JULIAN",JULIAN ALVAREZ,Palermo,Palermo,Palermo,14.0,CALLE,56.20665050245238,"LINESTRING (-58.415664132359886 -34.587352701327525, -58.41516599421766 -34.58705778239702)",Q123316366,Julián Álvarez,PJ,politico
6260,"VEGA, NICETO, CNEL. AV.",NICETO VEGA,Palermo,Palermo,Palermo,14.0,AVENIDA,22.17079723947306,"LINESTRING (-58.438327086830384 -34.5874257117865, -58.43851181947193 -34.58729687394003)",Q11695568,Niceto Vega,Prócer,procer
6321,"VEGA, NICETO, CNEL. AV.",NICETO VEGA,Palermo,Palermo,Palermo,14.0,AVENIDA,50.63478010117488,"LINESTRING (-58.437883273961965 -34.587697017928555, -58.438327086830384 -34.5874257117865)",Q11695568,Niceto Vega,Prócer,procer
6348,"SCALABRINI ORTIZ, RAUL AV.",RAUL SCALABRINI ORTIZ,Palermo,Palermo,Palermo,14.0,AVENIDA,79.88328048067774,"LINESTRING (-58.4201695435314 -34.58778790545471, -58.4194750145409 -34.5873536363463)",Q4263301,Raúl Scalabrini Ortiz,UCR,politico
6352,"SALGUERO, JERONIMO",JERONIMO SALGUERO,Palermo,Palermo,Palermo,14.0,CALLE,124.8045954972503,"LINESTRING (-58.41411887520229 -34.58779963142037, -58.41338020560163 -34.58718657432008, -58.413157644063716 -34.58700359254854)",Q11684757,Jerónimo Salguero,Prócer,procer
6364,"CUBAS, JOSE",JOSE CUBAS,Villa Pueyrredon,Villa Pueyrredon,Villa Pueyrredon,12.0,CALLE,130.4234871163575,"LINESTRING (-58.497875453012796 -34.58714033593058, -58.49802893566909 -34.5872353644468, -58.49901371984071 -34.58784459796826)",Q5939116,José Cubas,Prócer,procer
6385,"CARRIL, SALVADOR MARIA DEL AV.",SALVADOR MARIA DEL CARRIL,,Agronomia,Villa Pueyrredon,,AVENIDA,129.5965046843895,"LINESTRING (-58.492539359554975 -34.58718201343405, -58.49366268174976 -34.58789027269939)",Q7406435,Salvador María del Carril,Prócer,procer
6392,"GUTIERREZ, JUAN MARIA",JUAN MARIA GUTIERREZ,Recoleta,Recoleta,Recoleta,2.0,CALLE,131.8268207242128,"LINESTRING (-58.39802187561484 -34.587899127016655, -58.39917019254986 -34.58718486425619)",Q3067804,Juan María Gutiérrez,Prócer,procer
6400,"LAMARCA, EMILIO",EMILIO LAMARCA,Villa Devoto,Villa Devoto,Villa Devoto,11.0,CALLE,100.3775734518823,"LINESTRING (-58.51516341617289 -34.5879338050586, -58.51571345640182 -34.587321165021365, -58.515815481673485 -34.58720724592928)",Q5831159,Emilio Lamarca,Prócer,procer
6411,"MANSILLA, LUCIO NORBERTO, GENERAL",LUCIO NORBERTO MANSILLA,Palermo,Palermo,Palermo,14.0,CALLE,103.1593494339442,"LINESTRING (-58.4186617271311 -34.58799574717778, -58.4194750145409 -34.5873536363463)",Q6697426,Lucio Norberto Mansilla,Prócer,procer
6441,"SALGUERO, JERONIMO",JERONIMO SALGUERO,Palermo,Palermo,Palermo,14.0,CALLE,55.27590265999995,"LINESTRING (-58.41454417477013 -34.588152554689024, -58.41411887520229 -34.58779963142037)",Q11684757,Jerónimo Salguero,Prócer,procer
6446,"VEGA, NICETO, CNEL. AV.",NICETO VEGA,Palermo,Palermo,Palermo,14.0,AVENIDA,81.44140422396254,"LINESTRING (-58.43721715145267 -34.58818211259545, -58.43733536824669 -34.588101925134985, -58.437883273961965 -34.587697017928555)",Q11695568,Niceto Vega,Prócer,procer
6448,"ALVAREZ, JULIAN",JULIAN ALVAREZ,Palermo,Palermo,Palermo,14.0,CALLE,158.5527386833324,"LINESTRING (-58.41706918675313 -34.588184805476075, -58.415664132359886 -34.587352701327525)",Q123316366,Julián Álvarez,PJ,politico
6453,"CARRIL, SALVADOR MARIA DEL AV.",SALVADOR MARIA DEL CARRIL,,Agronomia,Villa Pueyrredon,,AVENIDA,64.58837877774577,"LINESTRING (-58.49366268174976 -34.58789027269939, -58.49388966515974 -34.58803338753423, -58.49422447651013 -34.588241123682835)",Q7406435,Salvador María del Carril,Prócer,procer
6466,"VEGA, NICETO, CNEL.",NICETO VEGA,Palermo,Palermo,Palermo,14.0,CALLE,15.39890322814887,"LINESTRING (-58.43708735120865 -34.58827011449066, -58.43721715145267 -34.58818211259545)",Q11695568,Niceto Vega,Prócer,procer
6468,"LEMOS, JUAN GREGORIO, GRAL.",JUAN GREGORIO LEMOS,Chacarita,Chacarita,Chacarita,15.0,CALLE,80.33663987068847,"LINESTRING (-58.44975611619245 -34.58827929082187, -58.45052705641916 -34.58793591722912)",Q5949824,Juan Gregorio Lemos,Prócer,procer
6513,"CUBAS, JOSE",JOSE CUBAS,Villa Pueyrredon,Villa Pueyrredon,Villa Pueyrredon,12.0,CALLE,129.9219278415797,"LINESTRING (-58.49901371984071 -34.58784459796826, -58.5001476618564 -34.588546104080685)",Q5939116,José Cubas,Prócer,procer
6527,"CARRIL, SALVADOR MARIA DEL AV.",SALVADOR MARIA DEL CARRIL,,Agronomia,Villa Pueyrredon,,AVENIDA,65.26875824350286,"LINESTRING (-58.49422447651013 -34.588241123682835, -58.49479351485085 -34.588594223749745)",Q7406435,Salvador María del Carril,Prócer,procer
6536,"SCALABRINI ORTIZ, RAUL AV.",RAUL SCALABRINI ORTIZ,Palermo,Palermo,Palermo,14.0,AVENIDA,151.9415052074231,"LINESTRING (-58.42149060718023 -34.58861387250543, -58.4201695435314 -34.58778790545471)",Q4263301,Raúl Scalabrini Ortiz,UCR,politico
6551,"LAMARCA, EMILIO",EMILIO LAMARCA,Villa Devoto,Villa Devoto,Villa Devoto,11.0,CALLE,97.01339029715874,"LINESTRING (-58.514533038363034 -34.588635914477514, -58.51516341617289 -34.5879338050586)",Q5831159,Emilio Lamarca,Prócer,procer
6570,"ALVAREZ, JULIAN",JULIAN ALVAREZ,Palermo,Palermo,Palermo,14.0,CALLE,95.59463397102128,"LINESTRING (-58.41791635294106 -34.58868647018103, -58.41706918675313 -34.588184805476075)",Q123316366,Julián Álvarez,PJ,politico
6571,"MANSILLA, LUCIO NORBERTO, GENERAL",LUCIO NORBERTO MANSILLA,Palermo,Palermo,Palermo,14.0,CALLE,104.8567047140025,"LINESTRING (-58.41791635294106 -34.58868647018103, -58.418778008147726 -34.588065509178264)",Q6697426,Lucio Norberto Mansilla,Prócer,procer
6602,"RAMOS MEJIA, JOSE MARIA, DR. AV.",JOSE MARIA RAMOS MEJIA,Retiro,Retiro,Retiro,1.0,AVENIDA,30.25956404960043,"LINESTRING (-58.37223097589258 -34.58880466448597, -58.37205963914669 -34.58857159173938)",Q6293317,José María Ramos Mejía,Prócer,procer
6610,"LEMOS, JUAN GREGORIO, GRAL.",JUAN GREGORIO LEMOS,Chacarita,Chacarita,Chacarita,15.0,CALLE,137.3201604640215,"LINESTRING (-58.448438358311286 -34.588866260369834, -58.44975611619245 -34.58827929082187)",Q5949824,Juan Gregorio Lemos,Prócer,procer
6619,"VEGA, NICETO, CNEL.",NICETO VEGA,Palermo,Palermo,Palermo,14.0,CALLE,107.9842168978868,"LINESTRING (-58.43619661747725 -34.58890633944174, -58.43701946999445 -34.588316157033205, -58.43708735120865 -34.58827011449066)",Q11695568,Niceto Vega,Prócer,procer
6628,"CARRIL, SALVADOR MARIA DEL AV.",SALVADOR MARIA DEL CARRIL,,Agronomia,Villa Pueyrredon,,AVENIDA,65.00156858016612,"LINESTRING (-58.49479351485085 -34.588594223749745, -58.49536025829507 -34.5889458428455)",Q7406435,Salvador María del Carril,Prócer,procer
6653,"ALVAREZ, JULIAN",JULIAN ALVAREZ,Palermo,Palermo,Palermo,14.0,CALLE,72.43323636025846,"LINESTRING (-58.418558033408445 -34.589066854533314, -58.41814712918766 -34.5888231074407, -58.41791635294106 -34.58868647018103)",Q123316366,Julián Álvarez,PJ,politico
6656,"SCALABRINI ORTIZ, RAUL AV.",RAUL SCALABRINI ORTIZ,Palermo,Palermo,Palermo,14.0,AVENIDA,84.05237651560718,"LINESTRING (-58.42220983446633 -34.589083068559816, -58.421716447918875 -34.58875507887246, -58.42149060718023 -34.58861387250543)",Q4263301,Raúl Scalabrini Ortiz,UCR,politico
6676,"SALGUERO, JERONIMO",JERONIMO SALGUERO,Palermo,Palermo,Palermo,14.0,CALLE,157.0496399652737,"LINESTRING (-58.41575251494252 -34.58915530230649, -58.41454417477013 -34.588152554689024)",Q11684757,Jerónimo Salguero,Prócer,procer
6693,"SCALABRINI ORTIZ, RAUL AV.",RAUL SCALABRINI ORTIZ,Palermo,Palermo,Palermo,14.0,AVENIDA,33.92027539735252,"LINESTRING (-58.42249798556823 -34.58927464741495, -58.42220983446633 -34.589083068559816)",Q4263301,Raúl Scalabrini Ortiz,UCR,politico
6696,"RAMOS MEJIA, JOSE MARIA, DR. AV.",JOSE MARIA RAMOS MEJIA,Retiro,Retiro,Retiro,1.0,AVENIDA,62.87473758964973,"LINESTRING (-58.37187702771099 -34.58928998800286, -58.37223097589258 -34.58880466448597)",Q6293317,José María Ramos Mejía,Prócer,procer
6701,"CARRIL, SALVADOR MARIA DEL AV.",SALVADOR MARIA DEL CARRIL,,Agronomia,Villa Pueyrredon,,AVENIDA,64.94069110399471,"LINESTRING (-58.49536025829507 -34.5889458428455, -58.49559142014485 -34.589089305509646, -58.49592700615531 -34.5892965437776)",Q7406435,Salvador María del Carril,Prócer,procer
6706,"MANSILLA, LUCIO NORBERTO, GENERAL",LUCIO NORBERTO MANSILLA,Palermo,Palermo,Palermo,14.0,CALLE,109.4279787048369,"LINESTRING (-58.41702826773227 -34.58934262688601, -58.41706047775097 -34.58930313137283, -58.41791635294106 -34.58868647018103)",Q6697426,Lucio Norberto Mansilla,Prócer,procer
6716,"LEMOS, JUAN GREGORIO, GRAL.",JUAN GREGORIO LEMOS,Chacarita,Chacarita,Chacarita,15.0,CALLE,109.2863619407145,"LINESTRING (-58.44738960600426 -34.58933338976998, -58.448438358311286 -34.588866260369834)",Q5949824,Juan Gregorio Lemos,Prócer,procer
6719,"CUBAS, JOSE",JOSE CUBAS,Villa Pueyrredon,Villa Pueyrredon,Villa Pueyrredon,12.0,CALLE,147.7250569173814,"LINESTRING (-58.5001476618564 -34.588546104080685, -58.5014369872327 -34.5893437499524)",Q5939116,José Cubas,Prócer,procer
6731,"ALVAREZ, JULIAN",JULIAN ALVAREZ,Palermo,Palermo,Palermo,14.0,CALLE,55.1177860267392,"LINESTRING (-58.41904623537421 -34.58935640372332, -58.418558033408445 -34.589066854533314)",Q123316366,Julián Álvarez,PJ,politico
6743,"LAMARCA, EMILIO",EMILIO LAMARCA,Villa Devoto,Villa Devoto,Villa Devoto,11.0,CALLE,112.4285327877116,"LINESTRING (-58.51380070253303 -34.589448487228154, -58.514355955450554 -34.58883317519319, -58.514533038363034 -34.588635914477514)",Q5831159,Emilio Lamarca,Prócer,procer
6766,"VEGA, NICETO, CNEL.",NICETO VEGA,Palermo,Palermo,Palermo,14.0,CALLE,113.2994758604038,"LINESTRING (-58.435263026842776 -34.589574872483695, -58.43578923259456 -34.58919857729198, -58.43619661747725 -34.58890633944174)",Q11695568,Niceto Vega,Prócer,procer
6774,"MANSILLA, LUCIO NORBERTO, GENERAL",LUCIO NORBERTO MANSILLA,Palermo,Palermo,Palermo,14.0,CALLE,35.10467483470062,"LINESTRING (-58.41681438554538 -34.58960501489865, -58.41702826773227 -34.58934262688601)",Q6697426,Lucio Norberto Mansilla,Prócer,procer
6786,SAN MARTIN AV.,SAN MARTIN,Villa Devoto,Villa Devoto,Villa Devoto,11.0,AVENIDA,32.66322536245584,"LINESTRING (-58.51791426079408 -34.5896217186586, -58.518249020691385 -34.58952149625351)",Q134160,José de San Martín,Prócer,procer
6812,"SALGUERO, JERONIMO",JERONIMO SALGUERO,Palermo,Palermo,Palermo,14.0,CALLE,78.95549896858412,"LINESTRING (-58.41648616278501 -34.58972894775912, -58.415668355831365 -34.589507325999406)",Q11684757,Jerónimo Salguero,Prócer,procer
6813,"SCALABRINI ORTIZ, RAUL AV.",RAUL SCALABRINI ORTIZ,Palermo,Palermo,Palermo,14.0,AVENIDA,83.40060703472125,"LINESTRING (-58.423206493903436 -34.589745664981784, -58.42249798556823 -34.58927464741495)",Q4263301,Raúl Scalabrini Ortiz,UCR,politico
6817,"CUBAS, JOSE",JOSE CUBAS,Villa Pueyrredon,Villa Pueyrredon,Villa Pueyrredon,12.0,CALLE,76.15237168235028,"LINESTRING (-58.5014369872327 -34.5893437499524, -58.50197505809509 -34.58967661451599, -58.502103250661555 -34.58975312443285)",Q5939116,José Cubas,Prócer,procer
6824,"LEMOS, JUAN GREGORIO, GRAL.",JUAN GREGORIO LEMOS,Chacarita,Chacarita,Chacarita,15.0,CALLE,109.7022570424768,"LINESTRING (-58.44633683935229 -34.58980227015561, -58.44738960600426 -34.58933338976998)",Q5949824,Juan Gregorio Lemos,Prócer,procer
6827,"MANSILLA, LUCIO NORBERTO, GENERAL",LUCIO NORBERTO MANSILLA,Palermo,Palermo,Palermo,14.0,CALLE,33.37930232238145,"LINESTRING (-58.41648616278501 -34.58972894775912, -58.41667468568027 -34.58967891306969, -58.41681438554538 -34.58960501489865)",Q6697426,Lucio Norberto Mansilla,Prócer,procer
6840,"ANCHORENA, TOMAS MANUEL DE, DR.",TOMAS MANUEL DE ANCHORENA,Recoleta,Recoleta,Recoleta,2.0,CALLE,89.97785109306224,"LINESTRING (-58.40088806969391 -34.589879604098506, -58.400178593520266 -34.589389723812864, -58.40013684412486 -34.58935825640415)",Q1443439,Tomás Manuel de Anchorena,Prócer,procer
6860,"CARRIL, SALVADOR MARIA DEL AV.",SALVADOR MARIA DEL CARRIL,,Agronomia,Villa Pueyrredon,,AVENIDA,130.3408385302959,"LINESTRING (-58.49592700615531 -34.5892965437776, -58.49706537059193 -34.58999948565604)",Q7406435,Salvador María del Carril,Prócer,procer
6863,SAN MARTIN AV.,SAN MARTIN,Villa Devoto,Villa Devoto,Villa Devoto,11.0,AVENIDA,121.8182702783662,"LINESTRING (-58.516665800270516 -34.58999558721713, -58.51791426079408 -34.5896217186586)",Q134160,José de San Martín,Prócer,procer
6891,"ALVAREZ, JULIAN",JULIAN ALVAREZ,Palermo,Palermo,Palermo,14.0,CALLE,135.2897067258184,"LINESTRING (-58.420244493936735 -34.590067196649265, -58.41904623537421 -34.58935640372332)",Q123316366,Julián Álvarez,PJ,politico
6904,"BEIRO, FRANCISCO AV.",FRANCISCO BEIRO,Agronomia,Agronomia,Agronomia,15.0,AVENIDA,186.4534793427182,"LINESTRING (-58.484709995458665 -34.589118953613, -58.486328619787805 -34.590135296151836)",Q5865215,Francisco Beiró,UCR,politico
6908,"RAMOS MEJIA, JOSE MARIA, DR. AV.",JOSE MARIA RAMOS MEJIA,Retiro,Retiro,Retiro,1.0,AVENIDA,106.3487709525036,"LINESTRING (-58.373263920478614 -34.59011341070995, -58.37313175037987 -34.589965212053954, -58.3726916558102 -34.589431356001235, -58.37261101413847 -34.589321654932945)",Q6293317,José María Ramos Mejía,Prócer,procer
6910,"CUBAS, JOSE",JOSE CUBAS,Villa Pueyrredon,Villa Pueyrredon,Villa Pueyrredon,12.0,CALLE,76.45733107581786,"LINESTRING (-58.502103250661555 -34.58975312443285, -58.502235361611774 -34.589831886523704, -58.502772586757295 -34.59016369145567)",Q5939116,José Cubas,Prócer,procer
6921,"VEGA, NICETO, CNEL.",NICETO VEGA,Palermo,Palermo,Palermo,14.0,CALLE,108.208922573764,"LINESTRING (-58.43436817815228 -34.59021023791516, -58.43448461179772 -34.59013153172022, -58.435263026842776 -34.589574872483695)",Q11695568,Niceto Vega,Prócer,procer
6925,"SCALABRINI ORTIZ, RAUL AV.",RAUL SCALABRINI ORTIZ,Palermo,Palermo,Palermo,14.0,AVENIDA,86.43990818029405,"LINESTRING (-58.4239408040044 -34.59023387011798, -58.423206493903436 -34.589745664981784)",Q4263301,Raúl Scalabrini Ortiz,UCR,politico
6940,"LAMARCA, EMILIO",EMILIO LAMARCA,Villa Devoto,Villa Devoto,Villa Devoto,11.0,CALLE,118.0720511517657,"LINESTRING (-58.513030567668984 -34.590301212419234, -58.51313081405494 -34.590190747112004, -58.51380070253303 -34.589448487228154)",Q5831159,Emilio Lamarca,Prócer,procer
6949,"SALGUERO, JERONIMO",JERONIMO SALGUERO,Palermo,Palermo,Palermo,14.0,CALLE,80.49386037216254,"LINESTRING (-58.4169697300407 -34.59032980466706, -58.41656244246383 -34.5897815753211, -58.41648616278501 -34.58972894775912)",Q11684757,Jerónimo Salguero,Prócer,procer
6974,SAN MARTIN AV.,SAN MARTIN,Villa Devoto,Villa Devoto,Villa Devoto,11.0,AVENIDA,125.4625273070333,"LINESTRING (-58.515370912794985 -34.590359251363374, -58.516665800270516 -34.58999558721713)",Q134160,José de San Martín,Prócer,procer
6976,"PELLEGRINI, CARLOS",CARLOS PELLEGRINI,Retiro,Retiro,Retiro,1.0,CALLE,130.4081502159151,"LINESTRING (-58.381440468335015 -34.59036769456806, -58.38090932694877 -34.58927731875665)",Q270446,Carlos Pellegrini,Prócer,procer
6995,"MANSILLA, LUCIO NORBERTO, GENERAL",LUCIO NORBERTO MANSILLA,Palermo,Palermo,Palermo,14.0,CALLE,137.7755451505685,"LINESTRING (-58.41534715555433 -34.59053833636819, -58.41648616278501 -34.58972894775912)",Q6697426,Lucio Norberto Mansilla,Prócer,procer
6999,"CUBAS, JOSE",JOSE CUBAS,Villa Pueyrredon,Villa Pueyrredon,Villa Pueyrredon,12.0,CALLE,76.11261316061201,"LINESTRING (-58.502772586757295 -34.59016369145567, -58.503437331029474 -34.59057418586384)",Q5939116,José Cubas,Prócer,procer
7006,"PELLEGRINI, CARLOS",CARLOS PELLEGRINI,Retiro,Retiro,Retiro,1.0,CALLE,138.7289014083092,"LINESTRING (-58.381560947299235 -34.59160047193326, -58.38154993516091 -34.5913672212504, -58.381550097687246 -34.590592701402485, -58.381440468335015 -34.59036769456806)",Q270446,Carlos Pellegrini,Prócer,procer
7024,"CARRIL, SALVADOR MARIA DEL AV.",SALVADOR MARIA DEL CARRIL,,Agronomia,Villa Pueyrredon,,AVENIDA,130.0736600608181,"LINESTRING (-58.49706537059193 -34.58999948565604, -58.49820145439021 -34.5907009385823)",Q7406435,Salvador María del Carril,Prócer,procer
7032,"SALGUERO, JERONIMO",JERONIMO SALGUERO,Palermo,Palermo,Palermo,14.0,CALLE,53.1155351124109,"LINESTRING (-58.41727282653345 -34.59073774319213, -58.4169697300407 -34.59032980466706)",Q11684757,Jerónimo Salguero,Prócer,procer
7063,"BEIRO, FRANCISCO AV.",FRANCISCO BEIRO,Agronomia,Agronomia,Agronomia,15.0,AVENIDA,129.3050105927501,"LINESTRING (-58.486328619787805 -34.590135296151836, -58.487458227315386 -34.59083234320144)",Q5865215,Francisco Beiró,UCR,politico
7068,SAN MARTIN AV.,SAN MARTIN,Villa Devoto,Villa Devoto,Villa Devoto,11.0,AVENIDA,146.5267420159364,"LINESTRING (-58.51387834746302 -34.59082826731505, -58.51482791043444 -34.590545893461304, -58.515370912794985 -34.590359251363374)",Q134160,José de San Martín,Prócer,procer
7072,"VEGA, NICETO, CNEL.",NICETO VEGA,Palermo,Palermo,Palermo,14.0,CALLE,110.6165294915459,"LINESTRING (-58.433434656852434 -34.59084129140911, -58.43436817815228 -34.59021023791516)",Q11695568,Niceto Vega,Prócer,procer
7082,"SCALABRINI ORTIZ, RAUL AV.",RAUL SCALABRINI ORTIZ,Palermo,Palermo,Palermo,14.0,AVENIDA,114.0924674264112,"LINESTRING (-58.42491007928508 -34.59087820392995, -58.4239408040044 -34.59023387011798)",Q4263301,Raúl Scalabrini Ortiz,UCR,politico
7099,"RAMOS MEJIA, JOSE MARIA, DR. AV.",JOSE MARIA RAMOS MEJIA,Retiro,Retiro,Retiro,1.0,AVENIDA,146.6660893650749,"LINESTRING (-58.374113992152964 -34.59123308614585, -58.373263920478614 -34.59011341070995)",Q6293317,José María Ramos Mejía,Prócer,procer
7101,"CUBAS, JOSE",JOSE CUBAS,Villa Pueyrredon,Villa Pueyrredon,Villa Pueyrredon,12.0,CALLE,75.13915079639862,"LINESTRING (-58.503437331029474 -34.59057418586384, -58.50393717126547 -34.59088289893174, -58.5040934786234 -34.5909795385626)",Q5939116,José Cubas,Prócer,procer
7103,"ANCHORENA, TOMAS MANUEL DE, DR.",TOMAS MANUEL DE ANCHORENA,Recoleta,Recoleta,Recoleta,2.0,CALLE,186.5512128886059,"LINESTRING (-58.40242575107267 -34.59097955434305, -58.40232524186981 -34.5908982351908, -58.40088806969391 -34.589879604098506)",Q1443439,Tomás Manuel de Anchorena,Prócer,procer
7114,"GONZALEZ, JOAQUIN V.",JOAQUIN V. GONZALEZ,Villa Devoto,Villa Devoto,Villa Devoto,11.0,CALLE,108.2427584027798,"LINESTRING (-58.51640113218835 -34.591053819204674, -58.5171054600541 -34.59027103266008)",Q584197,Joaquín Víctor González,Liberalismo,politico
7135,"MANSILLA, LUCIO NORBERTO, GENERAL",LUCIO NORBERTO MANSILLA,Palermo,Palermo,Palermo,14.0,CALLE,99.89137806111432,"LINESTRING (-58.41452668158805 -34.59113027476369, -58.41534715555433 -34.59053833636819)",Q6697426,Lucio Norberto Mansilla,Prócer,procer
7141,"LAMARCA, EMILIO",EMILIO LAMARCA,Villa Devoto,Villa Devoto,Villa Devoto,11.0,CALLE,117.9859926155553,"LINESTRING (-58.512258457213406 -34.59115175029467, -58.513030567668984 -34.590301212419234)",Q5831159,Emilio Lamarca,Prócer,procer
7159,SAN MARTIN AV.,SAN MARTIN,Villa Devoto,Villa Devoto,Villa Devoto,11.0,AVENIDA,140.9955620858911,"LINESTRING (-58.51243215231184 -34.59125830200461, -58.51387834746302 -34.59082826731505)",Q134160,José de San Martín,Prócer,procer
7165,"CUBAS, JOSE",JOSE CUBAS,Villa Pueyrredon,Villa Pueyrredon,Villa Pueyrredon,12.0,CALLE,67.28911737203352,"LINESTRING (-58.5040934786234 -34.5909795385626, -58.504680976000856 -34.59134265676756)",Q5939116,José Cubas,Prócer,procer
7166,"QUINTANA, JOSE DE LA",JOSE DE LA QUINTANA,Villa Pueyrredon,Villa Pueyrredon,Villa Pueyrredon,12.0,PASAJE,99.37880911630457,"LINESTRING (-58.504680976000856 -34.59134265676756, -58.50533376134344 -34.590627773673006)",Q5946447,José de la Quintana,Prócer,procer
7195,"VEGA, NICETO, CNEL.",NICETO VEGA,Palermo,Palermo,Palermo,14.0,CALLE,108.5898383201726,"LINESTRING (-58.432518242049284 -34.59146079251759, -58.433434656852434 -34.59084129140911)",Q11695568,Niceto Vega,Prócer,procer
7201,"CARRIL, SALVADOR MARIA DEL AV.",SALVADOR MARIA DEL CARRIL,,Agronomia,Villa Pueyrredon,,AVENIDA,147.0924358679951,"LINESTRING (-58.49820145439021 -34.5907009385823, -58.499486194144346 -34.59149416939272)",Q7406435,Salvador María del Carril,Prócer,procer
7210,"BEIRO, FRANCISCO AV.",FRANCISCO BEIRO,Agronomia,Agronomia,Agronomia,15.0,AVENIDA,129.9066448903876,"LINESTRING (-58.487458227315386 -34.59083234320144, -58.48859330461209 -34.5915324067974)",Q5865215,Francisco Beiró,UCR,politico
7212,"SCALABRINI ORTIZ, RAUL AV.",RAUL SCALABRINI ORTIZ,Palermo,Palermo,Palermo,14.0,AVENIDA,115.5602474796251,"LINESTRING (-58.42589188377623 -34.59153077339716, -58.42574469298059 -34.591432980060205, -58.42491007928508 -34.59087820392995)",Q4263301,Raúl Scalabrini Ortiz,UCR,politico
7214,"JUSTO, JUAN B. AV.",JUAN B. JUSTO,Villa Crespo,Villa Crespo,Villa Crespo,15.0,AVENIDA,69.44438660808213,"LINESTRING (-58.43917071856556 -34.59106540263601, -58.43930839330047 -34.59123204374015, -58.43965956967561 -34.59154118902842)",Q6298935,Juan B. Justo,PS,politico
7217,"SALGUERO, JERONIMO",JERONIMO SALGUERO,Palermo,Palermo,Palermo,14.0,CALLE,104.0497188515117,"LINESTRING (-58.41786660474423 -34.59153685243849, -58.41727282653345 -34.59073774319213)",Q11684757,Jerónimo Salguero,Prócer,procer
7233,"ALVAREZ, JULIAN",JULIAN ALVAREZ,Palermo,Palermo,Palermo,14.0,CALLE,264.7738044713473,"LINESTRING (-58.422457081098976 -34.591599602921455, -58.420244493936735 -34.590067196649265)",Q123316366,Julián Álvarez,PJ,politico
7247,"ALVAREZ, JULIAN",JULIAN ALVAREZ,Palermo,Palermo,Palermo,14.0,CALLE,10.58611046577047,"LINESTRING (-58.422545443177555 -34.59166097152394, -58.422457081098976 -34.591599602921455)",Q123316366,Julián Álvarez,PJ,politico
7258,SAN MARTIN AV.,SAN MARTIN,Villa Devoto,Villa Devoto,Villa Devoto,11.0,AVENIDA,136.7350197654919,"LINESTRING (-58.51103260416183 -34.591681892737036, -58.51137240002793 -34.591573377252885, -58.51243215231184 -34.59125830200461)",Q134160,José de San Martín,Prócer,procer
7260,"MANSILLA, LUCIO NORBERTO, GENERAL",LUCIO NORBERTO MANSILLA,Palermo,Palermo,Palermo,14.0,CALLE,94.65347113622963,"LINESTRING (-58.4137492183116 -34.59169116819227, -58.41452668158805 -34.59113027476369)",Q6697426,Lucio Norberto Mansilla,Prócer,procer
7270,SAN MARTIN AV.,SAN MARTIN,Villa Devoto,Villa Devoto,Villa Devoto,11.0,AVENIDA,10.55791378291564,"LINESTRING (-58.510925241755544 -34.59171616061059, -58.51103260416183 -34.591681892737036)",Q134160,José de San Martín,Prócer,procer
7273,"ANCHORENA, TOMAS MANUEL DE, DR.",TOMAS MANUEL DE ANCHORENA,Recoleta,Recoleta,Recoleta,2.0,CALLE,116.7974341468518,"LINESTRING (-58.4033026443725 -34.59174281830945, -58.40242575107267 -34.59097955434305)",Q1443439,Tomás Manuel de Anchorena,Prócer,procer
7282,SAN MARTIN,SAN MARTIN,Retiro,Retiro,Retiro,1.0,CALLE,91.48498568348269,"LINESTRING (-58.37165603893475 -34.59119992603238, -58.37122826009027 -34.59069049306254, -58.37106746791963 -34.59053520571761)",Q134160,José de San Martín,Prócer,procer
7285,"CUBAS, JOSE",JOSE CUBAS,Villa Pueyrredon,Villa Pueyrredon,Villa Pueyrredon,12.0,CALLE,84.75787334503791,"LINESTRING (-58.504680976000856 -34.59134265676756, -58.50542095572216 -34.59180008736951)",Q5939116,José Cubas,Prócer,procer
7290,"ALVAREZ, DONATO, TTE. GRAL. AV.",DONATO ALVAREZ,Paternal,Paternal,Paternal,15.0,AVENIDA,38.14936093938153,"LINESTRING (-58.46944547673489 -34.59181783577886, -58.469514357454244 -34.591478699177856)",Q606183,Donato Álvarez,Prócer,procer
7304,"GONZALEZ, JOAQUIN V.",JOAQUIN V. GONZALEZ,Villa Devoto,Villa Devoto,Villa Devoto,11.0,CALLE,117.7085081418468,"LINESTRING (-58.515635351215415 -34.59190515023375, -58.51572836203759 -34.591801446602126, -58.51640113218835 -34.591053819204674)",Q584197,Joaquín Víctor González,Liberalismo,politico
7349,SAN MARTIN AV.,SAN MARTIN,Villa Devoto,Villa Devoto,Villa Devoto,11.0,AVENIDA,126.6697036692916,"LINESTRING (-58.50966058527986 -34.59217369751843, -58.51067245873629 -34.591796894156616, -58.510925241755544 -34.59171616061059)",Q134160,José de San Martín,Prócer,procer
7350,"SCALABRINI ORTIZ, RAUL AV.",RAUL SCALABRINI ORTIZ,Palermo,Palermo,Palermo,14.0,AVENIDA,114.7488747606027,"LINESTRING (-58.426866807928675 -34.592178755305, -58.42589188377623 -34.59153077339716)",Q4263301,Raúl Scalabrini Ortiz,UCR,politico
7353,"VEGA, NICETO, CNEL.",NICETO VEGA,Palermo,Palermo,Palermo,14.0,CALLE,126.4447255101367,"LINESTRING (-58.43145113273582 -34.59218215056119, -58.432518242049284 -34.59146079251759)",Q11695568,Niceto Vega,Prócer,procer
7357,"ALVAREZ, JULIAN",JULIAN ALVAREZ,Palermo,Palermo,Palermo,14.0,CALLE,92.80417845275814,"LINESTRING (-58.42332027706831 -34.592198772066666, -58.422545443177555 -34.59166097152394)",Q123316366,Julián Álvarez,PJ,politico
7365,"JUSTO, JUAN B. AV.",JUAN B. JUSTO,Villa Crespo,Villa Crespo,Villa Crespo,15.0,AVENIDA,125.158782931559,"LINESTRING (-58.43965956967561 -34.59154118902842, -58.440704408429 -34.59226661045477)",Q6298935,Juan B. Justo,PS,politico
7372,"CARRIL, SALVADOR MARIA DEL AV.",SALVADOR MARIA DEL CARRIL,,Agronomia,Villa Pueyrredon,,AVENIDA,152.2486774556268,"LINESTRING (-58.499486194144346 -34.59149416939272, -58.500815933641704 -34.59231526053127)",Q7406435,Salvador María del Carril,Prócer,procer
7375,"MANSILLA, LUCIO NORBERTO, GENERAL",LUCIO NORBERTO MANSILLA,Palermo,Palermo,Palermo,14.0,CALLE,105.8693232595342,"LINESTRING (-58.41288041591801 -34.59231927355084, -58.413648520468946 -34.59176380453941, -58.4137492183116 -34.59169116819227)",Q6697426,Lucio Norberto Mansilla,Prócer,procer
7389,SAN MARTIN AV.,SAN MARTIN,Villa Devoto,Villa Devoto,Villa Devoto,11.0,AVENIDA,61.60991639309422,"LINESTRING (-58.50904826332602 -34.59240174931146, -58.50966058527986 -34.59217369751843)",Q134160,José de San Martín,Prócer,procer
7397,"LAMARCA, EMILIO",EMILIO LAMARCA,Villa Devoto,Villa Devoto,Villa Devoto,11.0,CALLE,69.53906643805917,"LINESTRING (-58.51105708214311 -34.59249267137432, -58.51151178639218 -34.59199114617809)",Q5831159,Emilio Lamarca,Prócer,procer
7405,"ANCHORENA, TOMAS MANUEL DE, DR.",TOMAS MANUEL DE ANCHORENA,Recoleta,Recoleta,Recoleta,2.0,CALLE,117.0408622493834,"LINESTRING (-58.40417247964196 -34.59251459373618, -58.40406550425913 -34.59242017409363, -58.4033026443725 -34.59174281830945)",Q1443439,Tomás Manuel de Anchorena,Prócer,procer
7423,SAN MARTIN AV.,SAN MARTIN,Villa Devoto,Villa Devoto,Villa Devoto,11.0,AVENIDA,52.3955899880279,"LINESTRING (-58.50852754867799 -34.59259574945683, -58.50904826332602 -34.59240174931146)",Q134160,José de San Martín,Prócer,procer
7424,"CUBAS, JOSE",JOSE CUBAS,Villa Devoto,Villa Devoto,Villa Devoto,11.0,CALLE,153.4751107386642,"LINESTRING (-58.50542095572216 -34.59180008736951, -58.506760895892356 -34.5926283637852)",Q5939116,José Cubas,Prócer,procer
7432,"RAMOS MEJIA, JOSE MARIA, DR. AV.",JOSE MARIA RAMOS MEJIA,Retiro,Retiro,Retiro,1.0,AVENIDA,203.5228199314762,"LINESTRING (-58.37533517996532 -34.59276462993534, -58.37432720382179 -34.591510673607544, -58.374113992152964 -34.59123308614585)",Q6293317,José María Ramos Mejía,Prócer,procer
7451,"GONZALEZ, JOAQUIN V.",JOAQUIN V. GONZALEZ,Villa Devoto,Villa Devoto,Villa Devoto,11.0,CALLE,117.3861907913239,"LINESTRING (-58.51486972276383 -34.59275295509576, -58.51553851085242 -34.59201322170235, -58.515635351215415 -34.59190515023375)",Q584197,Joaquín Víctor González,Liberalismo,politico
7454,"SALGUERO, JERONIMO",JERONIMO SALGUERO,Palermo,Palermo,Palermo,14.0,CALLE,138.2465362836638,"LINESTRING (-58.418058813194946 -34.592772860020915, -58.41786660474423 -34.59153685243849)",Q11684757,Jerónimo Salguero,Prócer,procer
7482,"LAMARCA, EMILIO",EMILIO LAMARCA,Villa Devoto,Villa Devoto,Villa Devoto,11.0,CALLE,48.2453155502234,"LINESTRING (-58.510741602853344 -34.59284061711636, -58.51105708214311 -34.59249267137432)",Q5831159,Emilio Lamarca,Prócer,procer
7497,"PELLEGRINI, CARLOS",CARLOS PELLEGRINI,Retiro,Retiro,Retiro,1.0,CALLE,136.9988855330125,"LINESTRING (-58.38161909340655 -34.59283447485226, -58.381560947299235 -34.59160047193326)",Q270446,Carlos Pellegrini,Prócer,procer
7501,"ALVAREZ, JULIAN",JULIAN ALVAREZ,Palermo,Palermo,Palermo,14.0,CALLE,115.9409242287679,"LINESTRING (-58.4242883653164 -34.592870575471466, -58.42332027706831 -34.592198772066666)",Q123316366,Julián Álvarez,PJ,politico
7504,"MANSILLA, LUCIO NORBERTO, GENERAL",LUCIO NORBERTO MANSILLA,Recoleta,Recoleta,Recoleta,2.0,CALLE,92.88603191737897,"LINESTRING (-58.41212337130227 -34.592875235276686, -58.412686002763 -34.592459829218576, -58.41288041591801 -34.59231927355084)",Q6697426,Lucio Norberto Mansilla,Prócer,procer
7527,"VEGA, NICETO, CNEL.",NICETO VEGA,Palermo,Palermo,Palermo,14.0,CALLE,133.6230692171554,"LINESTRING (-58.43032344184608 -34.59294446942495, -58.43145113273582 -34.59218215056119)",Q11695568,Niceto Vega,Prócer,procer
7532,"SCALABRINI ORTIZ, RAUL AV.",RAUL SCALABRINI ORTIZ,Palermo,Palermo,Palermo,14.0,AVENIDA,140.2334668739205,"LINESTRING (-58.42805790084614 -34.592971019733625, -58.42778462281932 -34.592788683949856, -58.426866807928675 -34.592178755305)",Q4263301,Raúl Scalabrini Ortiz,UCR,politico
7534,"JUSTO, JUAN B. AV.",JUAN B. JUSTO,Villa Crespo,Villa Crespo,Villa Crespo,15.0,AVENIDA,124.9206987168223,"LINESTRING (-58.440704408429 -34.59226661045477, -58.44174730708752 -34.592990614035514)",Q6298935,Juan B. Justo,PS,politico
7536,"CUBAS, JOSE",JOSE CUBAS,Villa Devoto,Villa Devoto,Villa Devoto,11.0,CALLE,72.30004922720998,"LINESTRING (-58.506760895892356 -34.5926283637852, -58.507392116605104 -34.59301856637699)",Q5939116,José Cubas,Prócer,procer
7537,SAN MARTIN AV.,SAN MARTIN,Villa Devoto,Villa Devoto,Villa Devoto,11.0,AVENIDA,114.2402563773506,"LINESTRING (-58.507392116605104 -34.59301856637699, -58.50852754867799 -34.59259574945683)",Q134160,José de San Martín,Prócer,procer
7543,"ALVAREZ, DONATO, TTE. GRAL. AV.",DONATO ALVAREZ,Paternal,Paternal,Paternal,15.0,AVENIDA,85.81512004959428,"LINESTRING (-58.469064403967685 -34.593077805112905, -58.469288681004414 -34.592326811732555)",Q606183,Donato Álvarez,Prócer,procer
7556,"CARRIL, SALVADOR MARIA DEL AV.",SALVADOR MARIA DEL CARRIL,,Agronomia,Villa Pueyrredon,,AVENIDA,151.6892916977788,"LINESTRING (-58.500815933641704 -34.59231526053127, -58.501926951822306 -34.59300119297433, -58.50214075877605 -34.59313338082885)",Q7406435,Salvador María del Carril,Prócer,procer
7567,"MANSILLA, LUCIO NORBERTO, GENERAL",LUCIO NORBERTO MANSILLA,Recoleta,Recoleta,Recoleta,2.0,CALLE,58.20666410159096,"LINESTRING (-58.41165010562321 -34.59322468956097, -58.41212337130227 -34.592875235276686)",Q6697426,Lucio Norberto Mansilla,Prócer,procer
7587,"ANCHORENA, TOMAS MANUEL DE, DR.",TOMAS MANUEL DE ANCHORENA,Recoleta,Recoleta,Recoleta,2.0,CALLE,125.6969874899877,"LINESTRING (-58.405109311834266 -34.593341395744915, -58.40417247964196 -34.59251459373618)",Q1443439,Tomás Manuel de Anchorena,Prócer,procer
7601,SAN MARTIN AV.,SAN MARTIN,Villa Devoto,Villa Devoto,Villa Devoto,11.0,AVENIDA,114.2409799597642,"LINESTRING (-58.5062565877877 -34.59344123189446, -58.506543940670454 -34.59333443849899, -58.507392116605104 -34.59301856637699)",Q134160,José de San Martín,Prócer,procer
7602,"CUBAS, JOSE",JOSE CUBAS,Villa Devoto,Villa Devoto,Villa Devoto,11.0,CALLE,80.63444295097217,"LINESTRING (-58.507392116605104 -34.59301856637699, -58.508096177374526 -34.59345366927938)",Q5939116,José Cubas,Prócer,procer
7607,"ALVAREZ, JULIAN",JULIAN ALVAREZ,Palermo,Palermo,Palermo,14.0,CALLE,109.2639740555465,"LINESTRING (-58.42520070825754 -34.59350369112474, -58.4242883653164 -34.592870575471466)",Q123316366,Julián Álvarez,PJ,politico
7626,SAN MARTIN AV.,SAN MARTIN,Villa Devoto,Villa Devoto,Villa Devoto,11.0,AVENIDA,34.91307302413419,"LINESTRING (-58.5059094645195 -34.593570228961234, -58.5062565877877 -34.59344123189446)",Q134160,José de San Martín,Prócer,procer
7628,"GONZALEZ, JOAQUIN V.",JOAQUIN V. GONZALEZ,Villa Devoto,Villa Devoto,Villa Devoto,11.0,CALLE,117.0922430329622,"LINESTRING (-58.514105439791514 -34.59359828965358, -58.51486972276383 -34.59275295509576)",Q584197,Joaquín Víctor González,Liberalismo,politico
7631,"BEIRO, FRANCISCO AV.",FRANCISCO BEIRO,Agronomia,Agronomia,Agronomia,15.0,AVENIDA,101.51546617124,"LINESTRING (-58.48973666117512 -34.59223252838094, -58.49062722516749 -34.59277563987583)",Q5865215,Francisco Beiró,UCR,politico
7638,"JUSTO, JUAN B. AV.",JUAN B. JUSTO,Villa Crespo,Villa Crespo,Villa Crespo,15.0,AVENIDA,116.70229055059,"LINESTRING (-58.44174730708752 -34.592990614035514, -58.44272159801279 -34.59366699064785)",Q6298935,Juan B. Justo,PS,politico
7641,SAN MARTIN,SAN MARTIN,Retiro,Retiro,Retiro,1.0,CALLE,191.7991809818892,"LINESTRING (-58.373842227962754 -34.59356776800097, -58.37267596650422 -34.59213286343341)",Q134160,José de San Martín,Prócer,procer
7649,"SCALABRINI ORTIZ, RAUL AV.",RAUL SCALABRINI ORTIZ,Palermo,Palermo,Palermo,14.0,AVENIDA,132.0642067702453,"LINESTRING (-58.42917818292021 -34.59371860403619, -58.42805790084614 -34.592971019733625)",Q4263301,Raúl Scalabrini Ortiz,UCR,politico
7650,"VEGA, NICETO, CNEL.",NICETO VEGA,Palermo,Palermo,Palermo,14.0,CALLE,135.6997817926092,"LINESTRING (-58.42917818292021 -34.59371860403619, -58.43032344184608 -34.59294446942495)",Q11695568,Niceto Vega,Prócer,procer
7654,"MANSILLA, LUCIO NORBERTO, GENERAL",LUCIO NORBERTO MANSILLA,Recoleta,Recoleta,Recoleta,2.0,CALLE,141.6450282160331,"LINESTRING (-58.41022934424808 -34.59374338428346, -58.41156706530936 -34.59310584960491)",Q6697426,Lucio Norberto Mansilla,Prócer,procer
7667,SAN MARTIN AV.,SAN MARTIN,Villa Devoto,Villa Devoto,Villa Devoto,11.0,AVENIDA,79.23247075337108,"LINESTRING (-58.50512172830319 -34.59386304150698, -58.5059094645195 -34.593570228961234)",Q134160,José de San Martín,Prócer,procer
7673,"CARRIL, SALVADOR MARIA DEL AV.",SALVADOR MARIA DEL CARRIL,,Agronomia,Villa Pueyrredon,,AVENIDA,152.2279487165555,"LINESTRING (-58.50214075877605 -34.59313338082885, -58.50331006471031 -34.59385611360625, -58.50347981561445 -34.59394279721008)",Q7406435,Salvador María del Carril,Prócer,procer
7708,"SALGUERO, JERONIMO",JERONIMO SALGUERO,Palermo,Palermo,Palermo,14.0,CALLE,150.6620409860477,"LINESTRING (-58.41829559221845 -34.59411677259217, -58.418058813194946 -34.592772860020915)",Q11684757,Jerónimo Salguero,Prócer,procer
7730,"PELLEGRINI, CARLOS",CARLOS PELLEGRINI,Retiro,Retiro,Retiro,1.0,CALLE,149.2005818978805,"LINESTRING (-58.38159631748329 -34.59417898850716, -58.38162735203037 -34.59301018747879, -58.38161909340655 -34.59283447485226)",Q270446,Carlos Pellegrini,Prócer,procer
7732,"ANCHORENA, TOMAS MANUEL DE, DR.",TOMAS MANUEL DE ANCHORENA,Recoleta,Recoleta,Recoleta,2.0,CALLE,131.9643154967786,"LINESTRING (-58.4060929716793 -34.594209339852476, -58.405109311834266 -34.593341395744915)",Q1443439,Tomás Manuel de Anchorena,Prócer,procer
7734,"JUSTO, JUAN B. AV.",JUAN B. JUSTO,Villa Crespo,Villa Crespo,Villa Crespo,15.0,AVENIDA,96.82745966133935,"LINESTRING (-58.44272159801279 -34.59366699064785, -58.44352995728371 -34.594228189897564)",Q6298935,Juan B. Justo,PS,politico
7736,"ALVAREZ, JULIAN",JULIAN ALVAREZ,Palermo,Palermo,Palermo,14.0,CALLE,125.5419063056822,"LINESTRING (-58.426248680847884 -34.594231420170786, -58.4260750108565 -34.59411044983632, -58.42520070825754 -34.59350369112474)",Q123316366,Julián Álvarez,PJ,politico
7747,"CARRIL, SALVADOR MARIA DEL AV.",SALVADOR MARIA DEL CARRIL,Villa Devoto,Villa Devoto,Villa Devoto,11.0,AVENIDA,51.4164175301572,"LINESTRING (-58.50347981561445 -34.59394279721008, -58.503878031851926 -34.59417036787114, -58.50395155817833 -34.594187550131934)",Q7406435,Salvador María del Carril,Prócer,procer
7749,"CUBAS, JOSE",JOSE CUBAS,Villa Devoto,Villa Devoto,Villa Devoto,11.0,CALLE,153.1876510337931,"LINESTRING (-58.508096177374526 -34.59345366927938, -58.50929705886707 -34.59419598124373, -58.50943378524788 -34.59428022678663)",Q5939116,José Cubas,Prócer,procer
7755,"SCALABRINI ORTIZ, RAUL AV.",RAUL SCALABRINI ORTIZ,Palermo,Palermo,Palermo,14.0,AVENIDA,103.6948001301495,"LINESTRING (-58.430061297390196 -34.59430195597405, -58.42984002628658 -34.594160273456545, -58.42917818292021 -34.59371860403619)",Q4263301,Raúl Scalabrini Ortiz,UCR,politico
7762,"BEIRO, FRANCISCO AV.",FRANCISCO BEIRO,Agronomia,Agronomia,Agronomia,15.0,AVENIDA,45.14072981680362,"LINESTRING (-58.49274587487659 -34.59408859897212, -58.493142404154426 -34.594329524381706)",Q5865215,Francisco Beiró,UCR,politico
7767,"ALVAREZ, DONATO, TTE. GRAL. AV.",DONATO ALVAREZ,Paternal,Paternal,Paternal,15.0,AVENIDA,144.5323886765998,"LINESTRING (-58.46868144644577 -34.59434157595858, -58.46874538715915 -34.594132626012374, -58.469064403967685 -34.593077805112905)",Q606183,Donato Álvarez,Prócer,procer
7769,"CARRIL, SALVADOR MARIA DEL AV.",SALVADOR MARIA DEL CARRIL,Villa Devoto,Villa Devoto,Villa Devoto,11.0,AVENIDA,61.89058356076667,"LINESTRING (-58.50425467958426 -34.59425512859042, -58.50423389116541 -34.59429299037564, -58.50423391592242 -34.5943434634472, -58.50434769419176 -34.59441110503921, -58.50468813588274 -34.594618976383735)",Q7406435,Salvador María del Carril,Prócer,procer
7785,"GONZALEZ, JOAQUIN V.",JOAQUIN V. GONZALEZ,Villa Devoto,Villa Devoto,Villa Devoto,11.0,CALLE,117.5391208956752,"LINESTRING (-58.51333824787763 -34.594446859996395, -58.514105439791514 -34.59359828965358)",Q584197,Joaquín Víctor González,Liberalismo,politico
7790,"MANSILLA, LUCIO NORBERTO, GENERAL",LUCIO NORBERTO MANSILLA,Recoleta,Recoleta,Recoleta,2.0,CALLE,132.2355521966091,"LINESTRING (-58.40905810517838 -34.59448626174219, -58.41033252323199 -34.59392934765664)",Q6697426,Lucio Norberto Mansilla,Prócer,procer
7791,SAN MARTIN,SAN MARTIN,Retiro,Retiro,Retiro,1.0,CALLE,115.1310867241824,"LINESTRING (-58.37444598840188 -34.59447758804476, -58.373842227962754 -34.59356776800097)",Q134160,José de San Martín,Prócer,procer
7796,"MANSILLA, LUCIO NORBERTO, GENERAL",LUCIO NORBERTO MANSILLA,Recoleta,Recoleta,Recoleta,2.0,CALLE,11.88930316333369,"LINESTRING (-58.40894353362712 -34.59453635242387, -58.40905810517838 -34.59448626174219)",Q6697426,Lucio Norberto Mansilla,Prócer,procer
7797,"ALEM, LEANDRO N. AV.",LEANDRO N. ALEM,Retiro,Retiro,Retiro,1.0,AVENIDA,128.2691458175546,"LINESTRING (-58.373044228103566 -34.5945171937789, -58.373842227962754 -34.59356776800097)",Q2621980,Leandro N. Alem,Prócer,procer
7813,"BRAVO, MARIO",MARIO BRAVO,,Palermo,Recoleta,,CALLE,64.58203396194227,"LINESTRING (-58.414628461032095 -34.59460311952213, -58.41439612819995 -34.59405358102828)",Q1619796,Mario Bravo,PS,politico
7843,"JUSTO, JUAN B. AV.",JUAN B. JUSTO,Villa Crespo,Villa Crespo,Villa Crespo,15.0,AVENIDA,92.39714112727894,"LINESTRING (-58.44352995728371 -34.594228189897564, -58.44430137411248 -34.59476367334986)",Q6298935,Juan B. Justo,PS,politico
7875,"MANSILLA, LUCIO NORBERTO, GENERAL",LUCIO NORBERTO MANSILLA,Recoleta,Recoleta,Recoleta,2.0,CALLE,110.4141861035473,"LINESTRING (-58.407872527087235 -34.59498975127322, -58.40810805166752 -34.59490147630964, -58.40894353362712 -34.59453635242387)",Q6697426,Lucio Norberto Mansilla,Prócer,procer
7877,"LAMARCA, EMILIO",EMILIO LAMARCA,Villa Devoto,Villa Devoto,Villa Devoto,11.0,CALLE,99.74843753173617,"LINESTRING (-58.50878177548549 -34.59499977905412, -58.50943378524788 -34.59428022678663)",Q5831159,Emilio Lamarca,Prócer,procer
7881,"ALVAREZ, JULIAN",JULIAN ALVAREZ,Palermo,Palermo,Palermo,14.0,CALLE,134.862466327999,"LINESTRING (-58.42737303595698 -34.59501458608686, -58.426248680847884 -34.594231420170786)",Q123316366,Julián Álvarez,PJ,politico
7884,"BIELSA, RAFAEL, DR.",RAFAEL BIELSA,Paternal,Paternal,Paternal,15.0,CALLE,145.6788065880276,"LINESTRING (-58.46716607503317 -34.595022278360815, -58.46817072878906 -34.59400532425417)",Q3417215,Rafael Bielsa,PJ,politico
7885,"ALEM, LEANDRO N. AV.",LEANDRO N. ALEM,Retiro,Retiro,Retiro,1.0,AVENIDA,56.53461954454873,"LINESTRING (-58.372812338975024 -34.59498935353542, -58.373044228103566 -34.5945171937789)",Q2621980,Leandro N. Alem,Prócer,procer
7886,"BEIRO, FRANCISCO AV.",FRANCISCO BEIRO,Agronomia,Agronomia,Agronomia,15.0,AVENIDA,130.0956064541958,"LINESTRING (-58.493142404154426 -34.594329524381706, -58.49427893972925 -34.59503087235889)",Q5865215,Francisco Beiró,UCR,politico
7892,"SCALABRINI ORTIZ, RAUL AV.",RAUL SCALABRINI ORTIZ,Villa Crespo,Villa Crespo,Villa Crespo,15.0,AVENIDA,134.3102507902856,"LINESTRING (-58.43121900284964 -34.59504305259699, -58.430061297390196 -34.59430195597405)",Q4263301,Raúl Scalabrini Ortiz,UCR,politico
7895,"MANSILLA, LUCIO NORBERTO, GENERAL",LUCIO NORBERTO MANSILLA,Recoleta,Recoleta,Recoleta,2.0,CALLE,117.5504839994663,"LINESTRING (-58.40668428239432 -34.59538590232481, -58.407719031182594 -34.59504735844748, -58.407872527087235 -34.59498975127322)",Q6697426,Lucio Norberto Mansilla,Prócer,procer
7901,SAN MARTIN,SAN MARTIN,Retiro,Retiro,Retiro,1.0,CALLE,64.64469635295691,"LINESTRING (-58.37440364086871 -34.595059256641036, -58.37444598840188 -34.59447758804476)",Q134160,José de San Martín,Prócer,procer
7903,"CUBAS, JOSE",JOSE CUBAS,Villa Devoto,Villa Devoto,Villa Devoto,11.0,CALLE,148.9754448348951,"LINESTRING (-58.50943378524788 -34.59428022678663, -58.510735724098076 -34.5950828393281)",Q5939116,José Cubas,Prócer,procer
7917,"GONZALEZ, JOAQUIN V.",JOAQUIN V. GONZALEZ,Villa Devoto,Villa Devoto,Villa Devoto,11.0,CALLE,99.8969234838601,"LINESTRING (-58.51268618630521 -34.59516805285733, -58.51333824787763 -34.594446859996395)",Q584197,Joaquín Víctor González,Liberalismo,politico
7924,"LAMARCA, EMILIO",EMILIO LAMARCA,Villa Devoto,Villa Devoto,Villa Devoto,11.0,CALLE,29.68749999201682,"LINESTRING (-58.50858772786402 -34.59521393920907, -58.50878177548549 -34.59499977905412)",Q5831159,Emilio Lamarca,Prócer,procer
7948,"PELLEGRINI, CARLOS",CARLOS PELLEGRINI,Retiro,Retiro,Retiro,1.0,CALLE,131.5571190119277,"LINESTRING (-58.38148836928746 -34.595361399950605, -58.381496620461746 -34.595197177508155, -58.38159631748329 -34.59417898850716)",Q270446,Carlos Pellegrini,Prócer,procer
7951,"ANCHORENA, TOMAS MANUEL DE, DR.",TOMAS MANUEL DE ANCHORENA,Recoleta,Recoleta,Recoleta,2.0,CALLE,141.3498504487398,"LINESTRING (-58.40668428239432 -34.59538590232481, -58.406639552720314 -34.59529095045388, -58.4060929716793 -34.594209339852476)",Q1443439,Tomás Manuel de Anchorena,Prócer,procer
7973,"SALGUERO, JERONIMO",JERONIMO SALGUERO,Palermo,Palermo,Palermo,14.0,CALLE,151.7768803613883,"LINESTRING (-58.418534247038004 -34.59547061483575, -58.418410970629125 -34.594771614532405, -58.41829559221845 -34.59411677259217)",Q11684757,Jerónimo Salguero,Prócer,procer
7984,SAN MARTIN AV.,SAN MARTIN,,Villa Devoto,Agronomia,,AVENIDA,108.9386838409376,"LINESTRING (-58.500708532204285 -34.59550330378602, -58.50179166813166 -34.59510077730455)",Q134160,José de San Martín,Prócer,procer
7985,"ALVAREZ, JULIAN",JULIAN ALVAREZ,Palermo,Palermo,Palermo,14.0,CALLE,86.09685863342058,"LINESTRING (-58.42809080557664 -34.59551459215837, -58.42737303595698 -34.59501458608686)",Q123316366,Julián Álvarez,PJ,politico
7991,"MANSILLA, LUCIO NORBERTO, GENERAL",LUCIO NORBERTO MANSILLA,Recoleta,Recoleta,Recoleta,2.0,CALLE,44.20002766346572,"LINESTRING (-58.40623632580707 -34.59553259744787, -58.4064930556585 -34.59544849052178, -58.40668428239432 -34.59538590232481)",Q6697426,Lucio Norberto Mansilla,Prócer,procer
7995,"JUSTO, JUAN B. AV.",JUAN B. JUSTO,Villa Crespo,Villa Crespo,Villa Crespo,15.0,AVENIDA,144.7527640887845,"LINESTRING (-58.44430137411248 -34.59476367334986, -58.44551437705273 -34.59559816475477)",Q6298935,Juan B. Justo,PS,politico
7997,"CARRIL, SALVADOR MARIA DEL AV.",SALVADOR MARIA DEL CARRIL,Villa Devoto,Villa Devoto,Villa Devoto,11.0,AVENIDA,125.8064447246856,"LINESTRING (-58.505093311436895 -34.59487823821966, -58.506183932667646 -34.595565728819835)",Q7406435,Salvador María del Carril,Prócer,procer
8003,"BRAVO, MARIO",MARIO BRAVO,,Palermo,Recoleta,,CALLE,116.8544585197695,"LINESTRING (-58.415048827910425 -34.59559745752908, -58.414628461032095 -34.59460311952213)",Q1619796,Mario Bravo,PS,politico
8005,"SUSINI, ANTONIO, CNEL.",ANTONIO SUSINI,Villa Crespo,Villa Crespo,Villa Crespo,15.0,CALLE,27.30816657560335,"LINESTRING (-58.45190717194923 -34.5956730860048, -58.452084587370244 -34.595475423166214)",Q7001902,Antonio Susini,Prócer,procer
8014,"CUBAS, JOSE",JOSE CUBAS,Villa Devoto,Villa Devoto,Villa Devoto,11.0,CALLE,98.25498984044687,"LINESTRING (-58.510735724098076 -34.5950828393281, -58.51159443983799 -34.59561215896582)",Q5939116,José Cubas,Prócer,procer
8029,"LAMARCA, EMILIO",EMILIO LAMARCA,Villa Devoto,Villa Devoto,Villa Devoto,11.0,CALLE,49.37499998960993,"LINESTRING (-58.50812881828656 -34.595720384460286, -58.50845155348732 -34.59536420337428)",Q5831159,Emilio Lamarca,Prócer,procer
8030,"SCALABRINI ORTIZ, RAUL AV.",RAUL SCALABRINI ORTIZ,Villa Crespo,Villa Crespo,Villa Crespo,15.0,AVENIDA,124.2966739082628,"LINESTRING (-58.43229039676857 -34.59572890408721, -58.43121900284964 -34.59504305259699)",Q4263301,Raúl Scalabrini Ortiz,UCR,politico
8036,"QUIRNO COSTA, NORBERTO, DR.",NORBERTO QUIRNO COSTA,Recoleta,Recoleta,Recoleta,2.0,CALLE,119.8814836743035,"LINESTRING (-58.40560659445588 -34.5957388539629, -58.405108081178916 -34.59473993915059)",Q7050418,Norberto Quirno Costa,Prócer,procer
8037,"MANSILLA, LUCIO NORBERTO, GENERAL",LUCIO NORBERTO MANSILLA,Recoleta,Recoleta,Recoleta,2.0,CALLE,62.13709973523596,"LINESTRING (-58.40560659445588 -34.5957388539629, -58.40623632580707 -34.59553259744787)",Q6697426,Lucio Norberto Mansilla,Prócer,procer
8047,"ALVAREZ, DONATO, TTE. GRAL. AV.",DONATO ALVAREZ,Paternal,Paternal,Paternal,15.0,AVENIDA,163.1771900790635,"LINESTRING (-58.46824883859077 -34.595768307759855, -58.46832691446929 -34.59549963822537, -58.46868144644577 -34.59434157595858)",Q606183,Donato Álvarez,Prócer,procer
8049,"GONZALEZ, JOAQUIN V.",JOAQUIN V. GONZALEZ,Villa Devoto,Villa Devoto,Villa Devoto,11.0,CALLE,82.13753863860913,"LINESTRING (-58.51215002699123 -34.59576102473147, -58.51268618630521 -34.59516805285733)",Q584197,Joaquín Víctor González,Liberalismo,politico
8054,"BIELSA, RAFAEL, DR.",RAFAEL BIELSA,Paternal,Paternal,Paternal,15.0,CALLE,110.283997546364,"LINESTRING (-58.466405543182724 -34.5957921717962, -58.46716607503317 -34.595022278360815)",Q3417215,Rafael Bielsa,PJ,politico
8062,"BEIRO, FRANCISCO AV.",FRANCISCO BEIRO,Agronomia,Agronomia,Agronomia,15.0,AVENIDA,147.4394003199698,"LINESTRING (-58.49427893972925 -34.59503087235889, -58.49556703078207 -34.59582569232461)",Q5865215,Francisco Beiró,UCR,politico
8078,SAN MARTIN AV.,SAN MARTIN,,Villa Devoto,Agronomia,,AVENIDA,108.2002295950756,"LINESTRING (-58.499632793649354 -34.595903212752056, -58.500125196049055 -34.595720104444936, -58.500708532204285 -34.59550330378602)",Q134160,José de San Martín,Prócer,procer
8084,SAN MARTIN AV.,SAN MARTIN,Agronomia,Agronomia,Agronomia,15.0,AVENIDA,8.357622478563044,"LINESTRING (-58.499549690405736 -34.59593408303579, -58.499632793649354 -34.595903212752056)",Q134160,José de San Martín,Prócer,procer
8087,"MADERO, EDUARDO AV.",EDUARDO MADERO,Retiro,Retiro,Retiro,1.0,AVENIDA,471.1014793741043,"LINESTRING (-58.3705306405355 -34.595896508246945, -58.371788252505986 -34.59283743974082, -58.37213874038309 -34.59195461416632, -58.37213182664008 -34.59186840106988)",Q3822036,Eduardo Madero,Prócer,procer
8105,"MANSILLA, LUCIO NORBERTO, GENERAL",LUCIO NORBERTO MANSILLA,Recoleta,Recoleta,Recoleta,2.0,CALLE,100.7531507396887,"LINESTRING (-58.404585542233654 -34.59607337232229, -58.40560659445588 -34.5957388539629)",Q6697426,Lucio Norberto Mansilla,Prócer,procer
8110,"ALEM, LEANDRO N. AV.",LEANDRO N. ALEM,Retiro,Retiro,Retiro,1.0,AVENIDA,136.6921436439993,"LINESTRING (-58.37225593693335 -34.59613233806398, -58.37230570683992 -34.59602117625283, -58.372812338975024 -34.59498935353542)",Q2621980,Leandro N. Alem,Prócer,procer
8122,"ALVEAR, MARCELO T. DE",MARCELO T. DE ALVEAR,Retiro,Retiro,Retiro,1.0,CALLE,62.10118367195722,"LINESTRING (-58.37244680002485 -34.59614228443399, -58.373122398339284 -34.59617748919449)",Q363586,Marcelo Torcuato de Alvear,UCR,presidente
8133,"GONZALEZ, JOAQUIN V.",JOAQUIN V. GONZALEZ,Villa Devoto,Villa Devoto,Villa Devoto,11.0,CALLE,48.03843819761808,"LINESTRING (-58.51203867046401 -34.595917163694345, -58.51170628556665 -34.596251772832495)",Q584197,Joaquín Víctor González,Liberalismo,politico
8139,"ALVEAR, MARCELO T. DE",MARCELO T. DE ALVEAR,Retiro,Retiro,Retiro,1.0,CALLE,110.2429102679198,"LINESTRING (-58.373122398339284 -34.59617748919449, -58.374321735835885 -34.59623991987154)",Q363586,Marcelo Torcuato de Alvear,UCR,presidente
8140,SAN MARTIN,SAN MARTIN,Retiro,Retiro,Retiro,1.0,CALLE,50.9722618280647,"LINESTRING (-58.374321735835885 -34.59623991987154, -58.37434911079011 -34.59578100252997)",Q134160,José de San Martín,Prócer,procer
8141,"SUSINI, ANTONIO, CNEL.",ANTONIO SUSINI,Villa Crespo,Villa Crespo,Villa Crespo,15.0,CALLE,83.59063113468383,"LINESTRING (-58.45245203415902 -34.596276173601844, -58.452339300509074 -34.59612869635448, -58.45190717194923 -34.5956730860048)",Q7001902,Antonio Susini,Prócer,procer
8143,"ALVEAR, MARCELO T. DE",MARCELO T. DE ALVEAR,Retiro,Retiro,Retiro,1.0,CALLE,100.5489276618602,"LINESTRING (-58.374321735835885 -34.59623991987154, -58.37442000594373 -34.5962450619898, -58.37541758063675 -34.596244305612345)",Q363586,Marcelo Torcuato de Alvear,UCR,presidente
8146,"ALVAREZ, DONATO, TTE. GRAL. AV.",DONATO ALVAREZ,Paternal,Paternal,Paternal,15.0,AVENIDA,60.66664363143263,"LINESTRING (-58.46809421789869 -34.59630001268935, -58.46824883859077 -34.595768307759855)",Q606183,Donato Álvarez,Prócer,procer
8149,"ALVEAR, MARCELO T. DE",MARCELO T. DE ALVEAR,Retiro,Retiro,Retiro,1.0,CALLE,63.74115526342052,"LINESTRING (-58.376263456323365 -34.59626998268777, -58.37695818936537 -34.596278856646734)",Q363586,Marcelo Torcuato de Alvear,UCR,presidente
8151,"JUSTO, JUAN B. AV.",JUAN B. JUSTO,Villa Crespo,Villa Crespo,Villa Crespo,15.0,AVENIDA,129.2401661611416,"LINESTRING (-58.44551437705273 -34.59559816475477, -58.44659757459173 -34.59634305063378)",Q6298935,Juan B. Justo,PS,politico
8168,"ALVEAR, MARCELO T. DE",MARCELO T. DE ALVEAR,Recoleta,Recoleta,Recoleta,2.0,CALLE,125.3784673083405,"LINESTRING (-58.401609575303446 -34.596340781656345, -58.402825196249196 -34.59582426920664)",Q363586,Marcelo Torcuato de Alvear,UCR,presidente
8170,SAN MARTIN AV.,SAN MARTIN,,Villa Devoto,Agronomia,,AVENIDA,117.2709986150736,"LINESTRING (-58.49838376939971 -34.59636752938884, -58.499549690405736 -34.59593408303579)",Q134160,José de San Martín,Prócer,procer
8177,"ALVEAR, MARCELO T. DE",MARCELO T. DE ALVEAR,Retiro,Retiro,Retiro,1.0,CALLE,136.4734926640405,"LINESTRING (-58.37695818936537 -34.596278856646734, -58.377064381969795 -34.596281748684326, -58.378316513121966 -34.596354600098245, -58.37844177217033 -34.596367081829996)",Q363586,Marcelo Torcuato de Alvear,UCR,presidente
8180,"CARRIL, SALVADOR MARIA DEL AV.",SALVADOR MARIA DEL CARRIL,Villa Devoto,Villa Devoto,Villa Devoto,11.0,AVENIDA,153.0736028498239,"LINESTRING (-58.506183932667646 -34.595565728819835, -58.50752070348114 -34.59639153263708)",Q7406435,Salvador María del Carril,Prócer,procer
8181,"LAMARCA, EMILIO",EMILIO LAMARCA,Villa Devoto,Villa Devoto,Villa Devoto,11.0,CALLE,93.0359374953064,"LINESTRING (-58.50752070348114 -34.59639153263708, -58.50812881828656 -34.595720384460286)",Q5831159,Emilio Lamarca,Prócer,procer
8185,"SCALABRINI ORTIZ, RAUL AV.",RAUL SCALABRINI ORTIZ,Villa Crespo,Villa Crespo,Villa Crespo,15.0,AVENIDA,124.976402305323,"LINESTRING (-58.433367683073335 -34.59641847999805, -58.43229039676857 -34.59572890408721)",Q4263301,Raúl Scalabrini Ortiz,UCR,politico
8209,"ALVEAR, MARCELO T. DE",MARCELO T. DE ALVEAR,Retiro,Retiro,Retiro,1.0,CALLE,135.1649981182795,"LINESTRING (-58.37844177217033 -34.596367081829996, -58.379904606741796 -34.59651259964583)",Q363586,Marcelo Torcuato de Alvear,UCR,presidente
8216,"SALGUERO, JERONIMO",JERONIMO SALGUERO,Palermo,Palermo,Palermo,14.0,CALLE,122.5323470942222,"LINESTRING (-58.418726976579 -34.59656359030584, -58.418534247038004 -34.59547061483575)",Q11684757,Jerónimo Salguero,Prócer,procer
8219,"MANSILLA, LUCIO NORBERTO, GENERAL",LUCIO NORBERTO MANSILLA,Recoleta,Recoleta,Recoleta,2.0,CALLE,148.555415512816,"LINESTRING (-58.40307997157944 -34.59656644931539, -58.404585542233654 -34.59607337232229)",Q6697426,Lucio Norberto Mansilla,Prócer,procer
8222,"ALVAREZ, JULIAN",JULIAN ALVAREZ,Villa Crespo,Villa Crespo,Villa Crespo,15.0,CALLE,195.2573729886805,"LINESTRING (-58.429772624979876 -34.596593322670365, -58.42809080557664 -34.59551459215837)",Q123316366,Julián Álvarez,PJ,politico
8230,"GONZALEZ, JOAQUIN V.",JOAQUIN V. GONZALEZ,Villa Devoto,Villa Devoto,Villa Devoto,11.0,CALLE,49.43284103832773,"LINESTRING (-58.51170628556665 -34.596251772832495, -58.51138364640719 -34.59660866666874)",Q584197,Joaquín Víctor González,Liberalismo,politico
8235,"ANCHORENA, TOMAS MANUEL DE, DR.",TOMAS MANUEL DE ANCHORENA,Recoleta,Recoleta,Recoleta,2.0,CALLE,152.2208964553895,"LINESTRING (-58.407369152912096 -34.59663553396448, -58.40731497178829 -34.596536282184346, -58.40673113811571 -34.59548536227839, -58.40668428239432 -34.59538590232481)",Q1443439,Tomás Manuel de Anchorena,Prócer,procer
8237,"BEIRO, FRANCISCO AV.",FRANCISCO BEIRO,Agronomia,Agronomia,Agronomia,15.0,AVENIDA,151.9331634462355,"LINESTRING (-58.49556703078207 -34.59582569232461, -58.49689441544681 -34.59664471351173)",Q5865215,Francisco Beiró,UCR,politico
8241,"ALVEAR, MARCELO T. DE",MARCELO T. DE ALVEAR,Retiro,Retiro,Retiro,1.0,CALLE,79.8204364035087,"LINESTRING (-58.37541758063675 -34.596244305612345, -58.3756030785423 -34.5963083044619, -58.375926737141896 -34.59632978008746, -58.376263456323365 -34.59626998268777)",Q363586,Marcelo Torcuato de Alvear,UCR,presidente
8250,"CUBAS, JOSE",JOSE CUBAS,Villa Devoto,Villa Devoto,Villa Devoto,11.0,CALLE,146.7094127004893,"LINESTRING (-58.51203867046401 -34.595917163694345, -58.513336952548606 -34.59668936152386)",Q5939116,José Cubas,Prócer,procer
8257,"ALVEAR, MARCELO T. DE",MARCELO T. DE ALVEAR,Retiro,Retiro,Retiro,1.0,CALLE,140.4901060041622,"LINESTRING (-58.379904606741796 -34.59651259964583, -58.38001147330769 -34.596523236180396, -58.38121380436429 -34.596669475726, -58.381421068290734 -34.596688418087574)",Q363586,Marcelo Torcuato de Alvear,UCR,presidente
8258,"PELLEGRINI, CARLOS",CARLOS PELLEGRINI,Retiro,Retiro,Retiro,1.0,CALLE,147.3432033971476,"LINESTRING (-58.381421068290734 -34.596688418087574, -58.38148836928746 -34.595361399950605)",Q270446,Carlos Pellegrini,Prócer,procer
8259,"BRAVO, MARIO",MARIO BRAVO,,Palermo,Recoleta,,CALLE,131.034455863139,"LINESTRING (-58.41552023243106 -34.596712449654426, -58.415048827910425 -34.59559745752908)",Q1619796,Mario Bravo,PS,politico
8263,"ALVEAR, MARCELO T. DE",MARCELO T. DE ALVEAR,Recoleta,Recoleta,Recoleta,2.0,CALLE,129.1985360650115,"LINESTRING (-58.400288425028 -34.596743493297765, -58.40042658263259 -34.59670912739453, -58.401609575303446 -34.596340781656345)",Q363586,Marcelo Torcuato de Alvear,UCR,presidente
8269,"ALVEAR, MARCELO T. DE",MARCELO T. DE ALVEAR,Retiro,Retiro,Retiro,1.0,CALLE,38.3395599572298,"LINESTRING (-58.381421068290734 -34.596688418087574, -58.38183645362527 -34.596726466918625)",Q363586,Marcelo Torcuato de Alvear,UCR,presidente
8271,"BEIRO, FRANCISCO AV.",FRANCISCO BEIRO,Agronomia,Agronomia,Agronomia,15.0,AVENIDA,28.93205658824883,"LINESTRING (-58.49714836755526 -34.596799358174884, -58.49689441544681 -34.59664471351173)",Q5865215,Francisco Beiró,UCR,politico
8272,SAN MARTIN AV.,SAN MARTIN,,Villa Del Parque,Agronomia,,AVENIDA,33.46423195117552,"LINESTRING (-58.49678385769615 -34.59681101416967, -58.49714836755526 -34.596799358174884)",Q134160,José de San Martín,Prócer,procer
8275,SAN MARTIN AV.,SAN MARTIN,,Villa Devoto,Agronomia,,AVENIDA,123.0418190947899,"LINESTRING (-58.49714836755526 -34.596799358174884, -58.49838376939971 -34.59636752938884)",Q134160,José de San Martín,Prócer,procer
8277,"ALVEAR, MARCELO T. DE",MARCELO T. DE ALVEAR,Retiro,Retiro,Retiro,1.0,CALLE,36.8686319276305,"LINESTRING (-58.38226758130253 -34.59676595619856, -58.38266703794984 -34.59680248898296)",Q363586,Marcelo Torcuato de Alvear,UCR,presidente
8295,"ALVEAR, MARCELO T. DE",MARCELO T. DE ALVEAR,Retiro,Retiro,Retiro,1.0,CALLE,139.0475377402997,"LINESTRING (-58.38266703794984 -34.59680248898296, -58.3829903673153 -34.59683206886453, -58.38417779225646 -34.59690171889556)",Q363586,Marcelo Torcuato de Alvear,UCR,presidente
8299,SAN MARTIN AV.,SAN MARTIN,,Villa Del Parque,Agronomia,,AVENIDA,190.4110570716994,"LINESTRING (-58.494714826914375 -34.59694755246147, -58.49678385769615 -34.59681101416967)",Q134160,José de San Martín,Prócer,procer
8305,"ALVEAR, MARCELO T. DE",MARCELO T. DE ALVEAR,Retiro,Retiro,Retiro,1.0,CALLE,135.5466315005671,"LINESTRING (-58.38417779225646 -34.59690171889556, -58.38544511036995 -34.59696105609658, -58.38565298071054 -34.59697076616019)",Q363586,Marcelo Torcuato de Alvear,UCR,presidente
8308,"ANCHORENA, TOMAS MANUEL DE, DR.",TOMAS MANUEL DE ANCHORENA,Recoleta,Recoleta,Recoleta,2.0,CALLE,42.79445402263114,"LINESTRING (-58.407560956633546 -34.596987176615364, -58.407369152912096 -34.59663553396448)",Q1443439,Tomás Manuel de Anchorena,Prócer,procer
8311,"MANSILLA, LUCIO NORBERTO, GENERAL",LUCIO NORBERTO MANSILLA,Recoleta,Recoleta,Recoleta,2.0,CALLE,124.2867517325853,"LINESTRING (-58.40182965814834 -34.59699780457025, -58.402863781241535 -34.59663725905554, -58.40307997157944 -34.59656644931539)",Q6697426,Lucio Norberto Mansilla,Prócer,procer
8322,"JUSTO, JUAN B. AV.",JUAN B. JUSTO,Villa Crespo,Villa Crespo,Villa Crespo,15.0,AVENIDA,130.1897178218814,"LINESTRING (-58.44659757459173 -34.59634305063378, -58.447690915645886 -34.59709124077176)",Q6298935,Juan B. Justo,PS,politico
8325,"ALVEAR, MARCELO T. DE",MARCELO T. DE ALVEAR,Recoleta,Recoleta,Recoleta,2.0,CALLE,134.3167788644702,"LINESTRING (-58.39887212689948 -34.59704811068338, -58.39900414098596 -34.59703057440134, -58.40016099966512 -34.596775188499095, -58.400288425028 -34.596743493297765)",Q363586,Marcelo Torcuato de Alvear,UCR,presidente
8329,SAN MARTIN AV.,SAN MARTIN,,Villa Del Parque,Agronomia,,AVENIDA,166.2853222978097,"LINESTRING (-58.492907996304105 -34.59706730192489, -58.49341682513959 -34.59703323319855, -58.494714826914375 -34.59694755246147)",Q134160,José de San Martín,Prócer,procer
8330,"ALVEAR, MARCELO T. DE",MARCELO T. DE ALVEAR,Retiro,Retiro,Retiro,1.0,CALLE,129.9911620581316,"LINESTRING (-58.38565298071054 -34.59697076616019, -58.38580830865785 -34.596978048110515, -58.386926251949575 -34.5970413595501, -58.387066417516564 -34.597052855826796)",Q363586,Marcelo Torcuato de Alvear,UCR,presidente
8340,"SCALABRINI ORTIZ, RAUL AV.",RAUL SCALABRINI ORTIZ,Villa Crespo,Villa Crespo,Villa Crespo,15.0,AVENIDA,124.9154249954461,"LINESTRING (-58.43444447633701 -34.59710769408988, -58.433367683073335 -34.59641847999805)",Q4263301,Raúl Scalabrini Ortiz,UCR,politico
8344,"ALVEAR, MARCELO T. DE",MARCELO T. DE ALVEAR,Recoleta,Recoleta,Recoleta,2.0,CALLE,113.5636058181476,"LINESTRING (-58.387066417516564 -34.597052855826796, -58.387279476081275 -34.59707031296165, -58.388301628263406 -34.5971186222748)",Q363586,Marcelo Torcuato de Alvear,UCR,presidente
8347,"LAMARCA, EMILIO",EMILIO LAMARCA,Villa Devoto,Villa Devoto,Villa Devoto,11.0,CALLE,90.79970571344973,"LINESTRING (-58.506835211395504 -34.59714791796821, -58.507428792609474 -34.59649294990897)",Q5831159,Emilio Lamarca,Prócer,procer
8348,"MADERO, EDUARDO AV.",EDUARDO MADERO,Retiro,Retiro,Retiro,1.0,AVENIDA,146.3667650432637,"LINESTRING (-58.37001742289871 -34.59714576881641, -58.3705306405355 -34.595896508246945)",Q3822036,Eduardo Madero,Prócer,procer
8349,"ALEM, LEANDRO N. AV.",LEANDRO N. ALEM,Retiro,Retiro,Retiro,1.0,AVENIDA,119.5500240393878,"LINESTRING (-58.37180364735257 -34.59714300151132, -58.37225593693335 -34.59613233806398)",Q2621980,Leandro N. Alem,Prócer,procer
8351,SAN MARTIN AV.,SAN MARTIN,,Villa Del Parque,Agronomia,,AVENIDA,155.6621019869692,"LINESTRING (-58.49121672297045 -34.597180730545716, -58.492907996304105 -34.59706730192489)",Q134160,José de San Martín,Prócer,procer
8354,"CUBAS, JOSE",JOSE CUBAS,Villa Devoto,Villa Devoto,Villa Devoto,11.0,CALLE,92.70479894407553,"LINESTRING (-58.513336952548606 -34.59668936152386, -58.514146630249996 -34.59718938690532)",Q5939116,José Cubas,Prócer,procer
8356,"CARRIL, SALVADOR MARIA DEL AV.",SALVADOR MARIA DEL CARRIL,Villa Devoto,Villa Devoto,Villa Devoto,11.0,AVENIDA,149.2173547772672,"LINESTRING (-58.50752070348114 -34.59639153263708, -58.508823850451556 -34.597196488834044)",Q7406435,Salvador María del Carril,Prócer,procer
8358,"ALVEAR, MARCELO T. DE",MARCELO T. DE ALVEAR,Recoleta,Recoleta,Recoleta,2.0,CALLE,136.4858671039022,"LINESTRING (-58.388301628263406 -34.5971186222748, -58.38842970605794 -34.5971246869353, -58.38964967221717 -34.597193599447785, -58.38978635559838 -34.59719509034136)",Q363586,Marcelo Torcuato de Alvear,UCR,presidente
8362,"ALVEAR, MARCELO T. DE",MARCELO T. DE ALVEAR,Recoleta,Recoleta,Recoleta,2.0,CALLE,143.1520997954079,"LINESTRING (-58.38978635559838 -34.59719509034136, -58.391346675310764 -34.59721235865723)",Q363586,Marcelo Torcuato de Alvear,UCR,presidente
8365,"ALVEAR, MARCELO T. DE",MARCELO T. DE ALVEAR,Recoleta,Recoleta,Recoleta,2.0,CALLE,122.3879722644046,"LINESTRING (-58.39755453968057 -34.59722114304013, -58.397673266307976 -34.59720712222119, -58.39887212689948 -34.59704811068338)",Q363586,Marcelo Torcuato de Alvear,UCR,presidente
8366,"ALVEAR, MARCELO T. DE",MARCELO T. DE ALVEAR,Recoleta,Recoleta,Recoleta,2.0,CALLE,42.48158006998418,"LINESTRING (-58.391346675310764 -34.59721235865723, -58.39162830277944 -34.59721548218916, -58.39180969496683 -34.59721840554081)",Q363586,Marcelo Torcuato de Alvear,UCR,presidente
8372,"ALVEAR, MARCELO T. DE",MARCELO T. DE ALVEAR,Recoleta,Recoleta,Recoleta,2.0,CALLE,127.0618759980137,"LINESTRING (-58.39180969496683 -34.59721840554081, -58.393194670908876 -34.5972313923786)",Q363586,Marcelo Torcuato de Alvear,UCR,presidente
8375,SAN MARTIN AV.,SAN MARTIN,,Villa Del Parque,Agronomia,,AVENIDA,94.91803006340989,"LINESTRING (-58.490185435714615 -34.59724990688625, -58.49121672297045 -34.597180730545716)",Q134160,José de San Martín,Prócer,procer
8381,"SUSINI, ANTONIO, CNEL.",ANTONIO SUSINI,Villa Crespo,Villa Crespo,Villa Crespo,15.0,CALLE,117.555102217829,"LINESTRING (-58.45289185200546 -34.59726488977655, -58.4528486121732 -34.59708593955351, -58.45279123603078 -34.59690445284136, -58.452698862331395 -34.59669535698345, -58.452573024854225 -34.596454567459396, -58.452494947971324 -34.59633237550025, -58.45245203415902 -34.596276173601844)",Q7001902,Antonio Susini,Prócer,procer
8382,"ALVAREZ, JULIAN",JULIAN ALVAREZ,Villa Crespo,Villa Crespo,Villa Crespo,15.0,CALLE,123.6879236455391,"LINESTRING (-58.43083781097973 -34.59727686105473, -58.430218756299276 -34.59687943493157, -58.429772624979876 -34.596593322670365)",Q123316366,Julián Álvarez,PJ,politico
8384,"ALVEAR, MARCELO T. DE",MARCELO T. DE ALVEAR,Recoleta,Recoleta,Recoleta,2.0,CALLE,144.502991923327,"LINESTRING (-58.393194670908876 -34.5972313923786, -58.39463558135574 -34.59726538123075, -58.394769197334206 -34.597269047949936)",Q363586,Marcelo Torcuato de Alvear,UCR,presidente
8387,SAN MARTIN AV.,SAN MARTIN,,Villa Del Parque,Agronomia,,AVENIDA,60.71021967206529,"LINESTRING (-58.48952604186458 -34.5972963891544, -58.490185435714615 -34.59724990688625)",Q134160,José de San Martín,Prócer,procer
8391,"ALVEAR, MARCELO T. DE",MARCELO T. DE ALVEAR,Recoleta,Recoleta,Recoleta,2.0,CALLE,133.4847882095331,"LINESTRING (-58.396102979654046 -34.597297747914155, -58.396257722630985 -34.59729304422217, -58.39740021198232 -34.597239440364724, -58.39755453968057 -34.59722114304013)",Q363586,Marcelo Torcuato de Alvear,UCR,presidente
8392,"ALVEAR, MARCELO T. DE",MARCELO T. DE ALVEAR,Recoleta,Recoleta,Recoleta,2.0,CALLE,122.4246015695982,"LINESTRING (-58.394769197334206 -34.597269047949936, -58.39597114583097 -34.59730168939231, -58.396102979654046 -34.597297747914155)",Q363586,Marcelo Torcuato de Alvear,UCR,presidente
8394,"GONZALEZ, JOAQUIN V.",JOAQUIN V. GONZALEZ,Villa Devoto,Villa Devoto,Villa Devoto,11.0,CALLE,99.71722866245668,"LINESTRING (-58.510732657404574 -34.59732851037679, -58.51138364640719 -34.59660866666874)",Q584197,Joaquín Víctor González,Liberalismo,politico
8402,SAN MARTIN AV.,SAN MARTIN,,Villa Del Parque,Agronomia,,AVENIDA,90.41708097830124,"LINESTRING (-58.48854380454543 -34.59736378047691, -58.48952604186458 -34.5972963891544)",Q134160,José de San Martín,Prócer,procer
8406,SAN MARTIN AV.,SAN MARTIN,,Villa Del Parque,Agronomia,,AVENIDA,68.6974785946204,"LINESTRING (-58.48779763047072 -34.597416116489995, -58.48854380454543 -34.59736378047691)",Q134160,José de San Martín,Prócer,procer
8414,SAN MARTIN,SAN MARTIN,Retiro,Retiro,Retiro,1.0,CALLE,131.5488805212994,"LINESTRING (-58.374258134060355 -34.597424539895954, -58.37431942869099 -34.596327102659465, -58.374321735835885 -34.59623991987154)",Q134160,José de San Martín,Prócer,procer
8416,SAN MARTIN AV.,SAN MARTIN,,Villa Del Parque,Agronomia,,AVENIDA,60.2991045649942,"LINESTRING (-58.487142747600465 -34.59746272582038, -58.487353008369496 -34.5974472617749, -58.48779763047072 -34.597416116489995)",Q134160,José de San Martín,Prócer,procer
8417,"BEIRO, FRANCISCO AV.",FRANCISCO BEIRO,,Villa Del Parque,Villa Devoto,,AVENIDA,123.0002272370666,"LINESTRING (-58.49714836755526 -34.596799358174884, -58.498003670082916 -34.597329202765074, -58.49822148566155 -34.59746407234943)",Q5865215,Francisco Beiró,UCR,politico
8420,SAN MARTIN AV.,SAN MARTIN,,Villa Del Parque,Agronomia,,AVENIDA,42.57311323112697,"LINESTRING (-58.48668049725356 -34.597496759467816, -58.487142747600465 -34.59746272582038)",Q134160,José de San Martín,Prócer,procer
8425,SAN MARTIN AV.,SAN MARTIN,,Villa Del Parque,Agronomia,,AVENIDA,17.88227151868649,"LINESTRING (-58.48648633154758 -34.597511022095034, -58.48668049725356 -34.597496759467816)",Q134160,José de San Martín,Prócer,procer
8439,SAN MARTIN AV.,SAN MARTIN,,Villa Del Parque,Agronomia,,AVENIDA,117.6453145707816,"LINESTRING (-58.484852953414304 -34.597634562925315, -58.48508859203462 -34.59761388694628, -58.48518056549337 -34.59760710981796, -58.48612993511577 -34.59753721647126)",Q134160,José de San Martín,Prócer,procer
8446,"SUSINI, ANTONIO, CNEL.",ANTONIO SUSINI,Villa Crespo,Villa Crespo,Villa Crespo,15.0,CALLE,42.29902872092052,"LINESTRING (-58.452953036614396 -34.597642295371706, -58.4529403649815 -34.597500954014535, -58.45292181361386 -34.59738855627726, -58.45289185200546 -34.59726488977655)",Q7001902,Antonio Susini,Prócer,procer
8471,"CUBAS, JOSE",JOSE CUBAS,Villa Devoto,Villa Devoto,Villa Devoto,11.0,CALLE,104.9329265089221,"LINESTRING (-58.514146630249996 -34.59718938690532, -58.514274741207714 -34.597268514811546, -58.515063066991836 -34.597755419008486)",Q5939116,José Cubas,Prócer,procer
8476,SAN MARTIN AV.,SAN MARTIN,,Villa Del Parque,Agronomia,,AVENIDA,144.9200666157506,"LINESTRING (-58.483287089082204 -34.59779521770355, -58.483455686633725 -34.59775787562965, -58.484852953414304 -34.597634562925315)",Q134160,José de San Martín,Prócer,procer
8480,"SALGUERO, JERONIMO",JERONIMO SALGUERO,Palermo,Palermo,Palermo,14.0,CALLE,137.3529578084556,"LINESTRING (-58.418943060511275 -34.59778875895814, -58.418726976579 -34.59656359030584)",Q11684757,Jerónimo Salguero,Prócer,procer
8482,"SCALABRINI ORTIZ, RAUL AV.",RAUL SCALABRINI ORTIZ,Villa Crespo,Villa Crespo,Villa Crespo,15.0,AVENIDA,125.0764378001636,"LINESTRING (-58.43552264968525 -34.59779781442772, -58.43444447633701 -34.59710769408988)",Q4263301,Raúl Scalabrini Ortiz,UCR,politico
8484,"JUSTO, JUAN B. AV.",JUAN B. JUSTO,Villa Crespo,Villa Crespo,Villa Crespo,15.0,AVENIDA,130.3692408836463,"LINESTRING (-58.447690915645886 -34.59709124077176, -58.44814598399545 -34.5974175160554, -58.44877389825604 -34.597852107001366)",Q6298935,Juan B. Justo,PS,politico
8488,"JUSTO, JUAN B. AV.",JUAN B. JUSTO,,Caballito,Villa Gral. Mitre,,AVENIDA,16.65052705354766,"LINESTRING (-58.459513510622706 -34.60520849540797, -58.459654036987 -34.60530350108313)",Q6298935,Juan B. Justo,PS,politico
8497,"LAMARCA, EMILIO",EMILIO LAMARCA,Villa Devoto,Villa Devoto,Villa Devoto,11.0,CALLE,95.19531248392013,"LINESTRING (-58.50621294682643 -34.59783462815197, -58.506835211395504 -34.59714791796821)",Q5831159,Emilio Lamarca,Prócer,procer
8502,"BRAVO, MARIO",MARIO BRAVO,,Palermo,Recoleta,,CALLE,134.1772083914184,"LINESTRING (-58.41600287580789 -34.59785420510173, -58.41552023243106 -34.596712449654426)",Q1619796,Mario Bravo,PS,politico
8505,"PELLEGRINI, CARLOS",CARLOS PELLEGRINI,Retiro,Retiro,Retiro,1.0,CALLE,128.3142297772852,"LINESTRING (-58.381344310787334 -34.597843314196155, -58.38141429303005 -34.59682362693453, -58.381421068290734 -34.596688418087574)",Q270446,Carlos Pellegrini,Prócer,procer
8514,SAN MARTIN AV.,SAN MARTIN,,Villa Del Parque,Agronomia,,AVENIDA,88.45954207666053,"LINESTRING (-58.482126962746854 -34.59825051668821, -58.482984100514926 -34.59788520887756)",Q134160,José de San Martín,Prócer,procer
8522,SAN MARTIN,SAN MARTIN,Retiro,Retiro,Retiro,1.0,CALLE,54.94168557730209,"LINESTRING (-58.37423180183596 -34.59791931708168, -58.37425223069296 -34.597529818913884, -58.374258134060355 -34.597424539895954)",Q134160,José de San Martín,Prócer,procer
8531,"ALVAREZ, JULIAN",JULIAN ALVAREZ,Villa Crespo,Villa Crespo,Villa Crespo,15.0,CALLE,125.1165403903927,"LINESTRING (-58.431915189665645 -34.59796842150168, -58.43083781097973 -34.59727686105473)",Q123316366,Julián Álvarez,PJ,politico
8539,"OROÑO, NICASIO",NICASIO ORONO,Paternal,Paternal,Paternal,15.0,CALLE,150.0482818094632,"LINESTRING (-58.45965180146242 -34.59799536118406, -58.459208764047936 -34.596693354485666)",Q389678,Nicasio Oroño,Prócer,procer
8541,"CARRIL, SALVADOR MARIA DEL AV.",SALVADOR MARIA DEL CARRIL,Villa Devoto,Villa Devoto,Villa Devoto,11.0,AVENIDA,149.0095287472052,"LINESTRING (-58.508823850451556 -34.597196488834044, -58.510125148386244 -34.59800037535195)",Q7406435,Salvador María del Carril,Prócer,procer
8542,"GONZALEZ, JOAQUIN V.",JOAQUIN V. GONZALEZ,Villa Devoto,Villa Devoto,Villa Devoto,11.0,CALLE,93.06567063867844,"LINESTRING (-58.510125148386244 -34.59800037535195, -58.510732657404574 -34.59732851037679)",Q584197,Joaquín Víctor González,Liberalismo,politico
8561,"ANCHORENA, TOMAS MANUEL DE, DR.",TOMAS MANUEL DE ANCHORENA,Recoleta,Recoleta,Recoleta,2.0,CALLE,131.5793602709851,"LINESTRING (-58.40815066745208 -34.598068377123596, -58.407560956633546 -34.596987176615364)",Q1443439,Tomás Manuel de Anchorena,Prócer,procer
8607,"BEIRO, FRANCISCO AV.",FRANCISCO BEIRO,,Villa Del Parque,Villa Devoto,,AVENIDA,151.3469030666173,"LINESTRING (-58.49822148566155 -34.59746407234943, -58.499542279080806 -34.59828158748543)",Q5865215,Francisco Beiró,UCR,politico
8616,"MADERO, EDUARDO AV.",EDUARDO MADERO,Retiro,Retiro,Retiro,1.0,AVENIDA,132.3837744746928,"LINESTRING (-58.36952864615202 -34.59826537176665, -58.36963306667617 -34.59811404491874, -58.37001742289871 -34.59714576881641)",Q3822036,Eduardo Madero,Prócer,procer
8636,"ALEM, LEANDRO N. AV.",LEANDRO N. ALEM,Retiro,Retiro,Retiro,1.0,AVENIDA,103.5658572378015,"LINESTRING (-58.3711699968507 -34.598394562743884, -58.37162238436554 -34.59753922747882)",Q2621980,Leandro N. Alem,Prócer,procer
8651,"SALGUERO, JERONIMO",JERONIMO SALGUERO,Almagro,Almagro,Almagro,5.0,CALLE,76.14261496469489,"LINESTRING (-58.41896994803475 -34.59847476545086, -58.418943060511275 -34.59778875895814)",Q11684757,Jerónimo Salguero,Prócer,procer
8655,"SCALABRINI ORTIZ, RAUL AV.",RAUL SCALABRINI ORTIZ,Villa Crespo,Villa Crespo,Villa Crespo,15.0,AVENIDA,124.5577224366189,"LINESTRING (-58.43659632812552 -34.59848510723577, -58.43552264968525 -34.59779781442772)",Q4263301,Raúl Scalabrini Ortiz,UCR,politico
8662,"LAMARCA, EMILIO",EMILIO LAMARCA,Villa Devoto,Villa Devoto,Villa Devoto,11.0,CALLE,95.20000018666163,"LINESTRING (-58.50559058685468 -34.598521335121816, -58.50621294682643 -34.59783462815197)",Q5831159,Emilio Lamarca,Prócer,procer
8665,"CUBAS, JOSE",JOSE CUBAS,Villa Devoto,Villa Devoto,Villa Devoto,11.0,CALLE,145.3939122062649,"LINESTRING (-58.515063066991836 -34.597755419008486, -58.51633291085119 -34.59853967478835)",Q5939116,José Cubas,Prócer,procer
8670,"SUSINI, ANTONIO, CNEL.",ANTONIO SUSINI,Villa Crespo,Villa Crespo,Villa Crespo,15.0,CALLE,102.0865571940006,"LINESTRING (-58.45288990221852 -34.59855850171553, -58.45294539041344 -34.59818026101818, -58.45296721820884 -34.59796941445323, -58.45296851492708 -34.5978137078629, -58.452953036614396 -34.597642295371706)",Q7001902,Antonio Susini,Prócer,procer
8674,"JUSTO, JUAN B. AV.",JUAN B. JUSTO,Villa Crespo,Villa Crespo,Villa Crespo,15.0,AVENIDA,129.8053126723418,"LINESTRING (-58.44877389825604 -34.597852107001366, -58.44985969692001 -34.59860239751073)",Q6298935,Juan B. Justo,PS,politico
8696,SAN MARTIN,SAN MARTIN,Retiro,Retiro,Retiro,1.0,CALLE,78.02442638248678,"LINESTRING (-58.37419136586643 -34.598621833593086, -58.37420381239468 -34.598450431598025, -58.37423180183596 -34.59791931708168)",Q134160,José de San Martín,Prócer,procer
8701,"ALVAREZ, JULIAN",JULIAN ALVAREZ,Villa Crespo,Villa Crespo,Villa Crespo,15.0,CALLE,125.1515398687385,"LINESTRING (-58.43299471593525 -34.598658212304855, -58.43216831750638 -34.598130883279374, -58.431915189665645 -34.59796842150168)",Q123316366,Julián Álvarez,PJ,politico
8726,"GONZALEZ, JOAQUIN V.",JOAQUIN V. GONZALEZ,Villa Devoto,Villa Devoto,Villa Devoto,11.0,CALLE,90.61901160671898,"LINESTRING (-58.50944026341494 -34.598757760810365, -58.510031829934725 -34.59810357333913)",Q584197,Joaquín Víctor González,Liberalismo,politico
8730,"ALVAREZ, DONATO, TTE. GRAL. AV.",DONATO ALVAREZ,Paternal,Paternal,Paternal,15.0,AVENIDA,86.43864389107074,"LINESTRING (-58.466241545008806 -34.59879673096763, -58.46670906479131 -34.59812022923626)",Q606183,Donato Álvarez,Prócer,procer
8737,"CARRIL, SALVADOR MARIA DEL AV.",SALVADOR MARIA DEL CARRIL,Villa Devoto,Villa Devoto,Villa Devoto,11.0,AVENIDA,149.1954845159598,"LINESTRING (-58.510125148386244 -34.59800037535195, -58.511428175184186 -34.598805162700636)",Q7406435,Salvador María del Carril,Prócer,procer
8739,SAN MARTIN AV.,SAN MARTIN,,Villa Del Parque,Agronomia,,AVENIDA,139.3435278985094,"LINESTRING (-58.48077989233088 -34.598830937512155, -58.482126962746854 -34.59825051668821)",Q134160,José de San Martín,Prócer,procer
8742,"CUBAS, JOSE",JOSE CUBAS,Villa Devoto,Villa Devoto,Villa Devoto,11.0,CALLE,54.00788086697867,"LINESTRING (-58.51633291085119 -34.59853967478835, -58.51680464620768 -34.59883095227843)",Q5939116,José Cubas,Prócer,procer
8769,"SANCHEZ DE THOMPSON, MARIQUITA",MARIQUITA SANCHEZ DE THOMPSON,Puerto Madero,Puerto Madero,Puerto Madero,1.0,CALLE,56.38667824148119,"LINESTRING (-58.36353510812912 -34.59893718292427, -58.36337000557976 -34.59891246998792, -58.36318169711552 -34.598851399209934, -58.36305898905573 -34.5987701000504, -58.36301102949092 -34.59870970761184)",Q6553420,Mariquita Sánchez de Thompson,Prócer,procer
8779,"SANCHEZ DE THOMPSON, MARIQUITA",MARIQUITA SANCHEZ DE THOMPSON,Puerto Madero,Puerto Madero,Puerto Madero,1.0,CALLE,46.15037878763025,"LINESTRING (-58.364037364385275 -34.59896101066734, -58.36353510812912 -34.59893718292427)",Q6553420,Mariquita Sánchez de Thompson,Prócer,procer
8786,"PELLEGRINI, CARLOS",CARLOS PELLEGRINI,Retiro,Retiro,Retiro,1.0,CALLE,131.9664525977053,"LINESTRING (-58.38125372284078 -34.59903052517611, -58.381335066628566 -34.597977465000135, -58.381344310787334 -34.597843314196155)",Q270446,Carlos Pellegrini,Prócer,procer
8787,"OROÑO, NICASIO",NICASIO ORONO,Paternal,Paternal,Paternal,15.0,CALLE,122.7093463604448,"LINESTRING (-58.460013530444186 -34.59906024743637, -58.45997538194308 -34.59893848392592, -58.459695314044055 -34.59812339267822, -58.45965180146242 -34.59799536118406)",Q389678,Nicasio Oroño,Prócer,procer
8789,"SANCHEZ DE THOMPSON, MARIQUITA",MARIQUITA SANCHEZ DE THOMPSON,Puerto Madero,Puerto Madero,Puerto Madero,1.0,CALLE,71.48546240331473,"LINESTRING (-58.36481279883678 -34.59902477147653, -58.364037364385275 -34.59896101066734)",Q6553420,Mariquita Sánchez de Thompson,Prócer,procer
8792,"SANCHEZ DE THOMPSON, MARIQUITA",MARIQUITA SANCHEZ DE THOMPSON,Puerto Madero,Puerto Madero,Puerto Madero,1.0,CALLE,16.09854486918342,"LINESTRING (-58.36498779736417 -34.59903561698425, -58.36481279883678 -34.59902477147653)",Q6553420,Mariquita Sánchez de Thompson,Prócer,procer
8794,"SANCHEZ DE THOMPSON, MARIQUITA",MARIQUITA SANCHEZ DE THOMPSON,Puerto Madero,Puerto Madero,Puerto Madero,1.0,CALLE,16.35738444190929,"LINESTRING (-58.36516560608781 -34.59904667577195, -58.36498779736417 -34.59903561698425)",Q6553420,Mariquita Sánchez de Thompson,Prócer,procer
8800,"BEIRO, FRANCISCO AV.",FRANCISCO BEIRO,,Villa Del Parque,Villa Devoto,,AVENIDA,153.2547125265649,"LINESTRING (-58.499542279080806 -34.59828158748543, -58.50064178163843 -34.598962182154516, -58.50087970997007 -34.59910943535795)",Q5865215,Francisco Beiró,UCR,politico
8807,"SANCHEZ DE THOMPSON, MARIQUITA",MARIQUITA SANCHEZ DE THOMPSON,Puerto Madero,Puerto Madero,Puerto Madero,1.0,CALLE,65.53919100709622,"LINESTRING (-58.365878033668835 -34.59909097970773, -58.36516560608781 -34.59904667577195)",Q6553420,Mariquita Sánchez de Thompson,Prócer,procer
8809,"SCALABRINI ORTIZ, RAUL AV.",RAUL SCALABRINI ORTIZ,Villa Crespo,Villa Crespo,Villa Crespo,15.0,AVENIDA,116.4504163192163,"LINESTRING (-58.43760020370294 -34.599127586407754, -58.43659632812552 -34.59848510723577)",Q4263301,Raúl Scalabrini Ortiz,UCR,politico
8839,"LAMARCA, EMILIO",EMILIO LAMARCA,Villa Devoto,Villa Devoto,Villa Devoto,11.0,CALLE,102.2484375285952,"LINESTRING (-58.504922168356046 -34.599258900425795, -58.50559058685468 -34.598521335121816)",Q5831159,Emilio Lamarca,Prócer,procer
8840,"MOREAU DE JUSTO, ALICIA AV.",ALICIA MOREAU DE JUSTO,Puerto Madero,Puerto Madero,Puerto Madero,1.0,AVENIDA,91.38296844540172,"LINESTRING (-58.36812071533131 -34.598436401596636, -58.367854950117504 -34.599230290623154)",Q518850,Alicia Moreau de Justo,PS,politico
8843,SAN MARTIN AV.,SAN MARTIN,,Villa Del Parque,Agronomia,,AVENIDA,106.849761708385,"LINESTRING (-58.479746946825955 -34.59927601767033, -58.48077989233088 -34.598830937512155)",Q134160,José de San Martín,Prócer,procer
8844,"BRAVO, MARIO",MARIO BRAVO,Almagro,Almagro,Almagro,5.0,CALLE,157.923904235549,"LINESTRING (-58.41607522541347 -34.59927650892695, -58.41600287580789 -34.59785420510173)",Q1619796,Mario Bravo,PS,politico
8846,"JUSTO, JUAN B. AV.",JUAN B. JUSTO,Villa Crespo,Villa Crespo,Villa Crespo,15.0,AVENIDA,121.8269853865526,"LINESTRING (-58.44985969692001 -34.59860239751073, -58.4502605353501 -34.59887795639205, -58.450876925697976 -34.59930837843335)",Q6298935,Juan B. Justo,PS,politico
8858,"CUBAS, JOSE",JOSE CUBAS,Villa Devoto,Villa Devoto,Villa Devoto,11.0,CALLE,91.06193989007414,"LINESTRING (-58.51680464620768 -34.59883095227843, -58.51746526875409 -34.599238977029216, -58.51760090313279 -34.59932110111945)",Q5939116,José Cubas,Prócer,procer
8860,"ALVAREZ, JULIAN",JULIAN ALVAREZ,Villa Crespo,Villa Crespo,Villa Crespo,15.0,CALLE,125.0003273840902,"LINESTRING (-58.43407349407374 -34.59934658483214, -58.43299471593525 -34.598658212304855)",Q123316366,Julián Álvarez,PJ,politico
8875,"SANCHEZ DE THOMPSON, MARIQUITA",MARIQUITA SANCHEZ DE THOMPSON,Puerto Madero,Puerto Madero,Puerto Madero,1.0,CALLE,112.9084363504637,"LINESTRING (-58.369076742369394 -34.59935328429158, -58.367854950117504 -34.599230290623154)",Q6553420,Mariquita Sánchez de Thompson,Prócer,procer
8876,"MADERO, EDUARDO AV.",EDUARDO MADERO,Puerto Madero,Puerto Madero,Puerto Madero,1.0,AVENIDA,127.9411220771017,"LINESTRING (-58.369076742369394 -34.59935328429158, -58.369096318382844 -34.59923016804722, -58.36939474180624 -34.59853711325268, -58.36952864615202 -34.59826537176665)",Q3822036,Eduardo Madero,Prócer,procer
8884,"GONZALEZ, JOAQUIN V.",JOAQUIN V. GONZALEZ,Villa Devoto,Villa Devoto,Villa Devoto,11.0,CALLE,95.09223843144656,"LINESTRING (-58.50881954114838 -34.59944427224636, -58.50944026341494 -34.598757760810365)",Q584197,Joaquín Víctor González,Liberalismo,politico
8886,"PAZ, MARCOS",MARCOS PAZ,Villa Devoto,Villa Devoto,Villa Devoto,11.0,CALLE,115.9685152470978,"LINESTRING (-58.521437456557116 -34.59944482840629, -58.52220249441948 -34.59861261760665)",Q3846654,Marcos Paz,Prócer,procer
8900,"ANCHORENA, TOMAS MANUEL DE, DR.",TOMAS MANUEL DE ANCHORENA,Balvanera,Balvanera,Balvanera,3.0,CALLE,167.5795371553884,"LINESTRING (-58.408699280489785 -34.599507801203416, -58.40823691817385 -34.598226376299685, -58.40815066745208 -34.598068377123596)",Q1443439,Tomás Manuel de Anchorena,Prócer,procer
8906,"SALGUERO, JERONIMO",JERONIMO SALGUERO,Almagro,Almagro,Almagro,5.0,CALLE,118.1811036942161,"LINESTRING (-58.41900566222437 -34.59953965419646, -58.41897226308935 -34.59860561341472, -58.41896994803475 -34.59847476545086)",Q11684757,Jerónimo Salguero,Prócer,procer
8909,"ALEM, LEANDRO N. AV.",LEANDRO N. ALEM,San Nicolas,San Nicolas,San Nicolas,1.0,AVENIDA,129.449606149185,"LINESTRING (-58.370799515788924 -34.59951502739555, -58.37097409946311 -34.59883654155127, -58.37106734892286 -34.59855761811089, -58.3711699968507 -34.598394562743884)",Q2621980,Leandro N. Alem,Prócer,procer
8936,SAN MARTIN AV.,SAN MARTIN,,Villa Del Parque,Agronomia,,AVENIDA,94.7453476689822,"LINESTRING (-58.47883099680534 -34.599670650896954, -58.479746946825955 -34.59927601767033)",Q134160,José de San Martín,Prócer,procer
8976,SAN MARTIN,SAN MARTIN,San Nicolas,San Nicolas,San Nicolas,1.0,CALLE,129.4841235968078,"LINESTRING (-58.37408715899601 -34.59978578928535, -58.374094178230635 -34.599672694110666, -58.3741796974905 -34.59878225006652, -58.37419136586643 -34.598621833593086)",Q134160,José de San Martín,Prócer,procer
8985,"GONZALEZ, JOAQUIN V.",JOAQUIN V. GONZALEZ,Villa Devoto,Villa Devoto,Villa Devoto,11.0,CALLE,54.27658848861892,"LINESTRING (-58.508465215032125 -34.5998361001232, -58.50881954114838 -34.59944427224636)",Q584197,Joaquín Víctor González,Liberalismo,politico
8991,"SCALABRINI ORTIZ, RAUL AV.",RAUL SCALABRINI ORTIZ,Villa Crespo,Villa Crespo,Villa Crespo,15.0,AVENIDA,135.2681664887464,"LINESTRING (-58.43876630249772 -34.599873894411886, -58.43760020370294 -34.599127586407754)",Q4263301,Raúl Scalabrini Ortiz,UCR,politico
9002,"ALVAREZ, DONATO, TTE. GRAL. AV.",DONATO ALVAREZ,Paternal,Paternal,Paternal,15.0,AVENIDA,28.65909966937909,"LINESTRING (-58.466386789924535 -34.59991061806064, -58.46650532986781 -34.59967159719453)",Q606183,Donato Álvarez,Prócer,procer
9009,"BEIRO, FRANCISCO AV.",FRANCISCO BEIRO,,Villa Del Parque,Villa Devoto,,AVENIDA,152.7984681985463,"LINESTRING (-58.50087970997007 -34.59910943535795, -58.5022132486378 -34.59993473444028)",Q5865215,Francisco Beiró,UCR,politico
9016,"BORDABEHERE, ENZO",ENZO BORDABEHERE,Villa Del Parque,Villa Del Parque,Villa Del Parque,11.0,CALLE,164.6340788956375,"LINESTRING (-58.48144245196985 -34.599949027297704, -58.48241679055741 -34.598702732286014)",Q5381490,Enzo Bordabehere,Liberalismo,politico
9020,"VILLAFAÑE, BENJAMIN",BENJAMIN VILLAFANE,Villa Crespo,Villa Crespo,Villa Crespo,15.0,PASAJE,107.8675459408335,"LINESTRING (-58.45480201411363 -34.59996331975923, -58.4555132112502 -34.59918898892507)",Q196054,Benjamín Villafañe,Prócer,procer
9027,"LAMARCA, EMILIO",EMILIO LAMARCA,Villa Devoto,Villa Devoto,Villa Devoto,11.0,CALLE,102.5518539320273,"LINESTRING (-58.50425254705129 -34.59999913848446, -58.50434387851037 -34.59989699354213, -58.504922168356046 -34.599258900425795)",Q5831159,Emilio Lamarca,Prócer,procer
9034,"ALVAREZ, JULIAN",JULIAN ALVAREZ,Villa Crespo,Villa Crespo,Villa Crespo,15.0,CALLE,124.6940420538871,"LINESTRING (-58.435149650479175 -34.600033256976864, -58.43407349407374 -34.59934658483214)",Q123316366,Julián Álvarez,PJ,politico
9043,"JUSTO, JUAN B. AV.",JUAN B. JUSTO,Villa Crespo,Villa Crespo,Villa Crespo,15.0,AVENIDA,94.68335017230577,"LINESTRING (-58.45121053322044 -34.59952834212524, -58.45199729299477 -34.600080791475506)",Q6298935,Juan B. Justo,PS,politico
9045,"OROÑO, NICASIO",NICASIO ORONO,Paternal,Paternal,Paternal,15.0,CALLE,118.6000834548745,"LINESTRING (-58.46033728620838 -34.60009527189483, -58.460013530444186 -34.59906024743637)",Q389678,Nicasio Oroño,Prócer,procer
9059,"CUBAS, JOSE",JOSE CUBAS,Villa Devoto,Villa Devoto,Villa Devoto,11.0,CALLE,145.1934146487498,"LINESTRING (-58.51760090313279 -34.59932110111945, -58.517762097058856 -34.599418636426456, -58.518692385637756 -34.59999393077481, -58.51886977141409 -34.600103429269886)",Q5939116,José Cubas,Prócer,procer
9061,"BORDABEHERE, ENZO",ENZO BORDABEHERE,Villa Del Parque,Villa Del Parque,Villa Del Parque,11.0,CALLE,127.0082505878612,"LINESTRING (-58.4789203805944 -34.599918389824346, -58.479009811798164 -34.59996281565382, -58.47914173399663 -34.5999741368024, -58.47939322839871 -34.59999044217433, -58.47957156668557 -34.60000809485418, -58.48027547469045 -34.60011504287294)",Q5381490,Enzo Bordabehere,Liberalismo,politico
9064,"BORDABEHERE, ENZO",ENZO BORDABEHERE,Villa Del Parque,Villa Del Parque,Villa Del Parque,11.0,CALLE,109.1919864088115,"LINESTRING (-58.48027547469045 -34.60011504287294, -58.480367200039574 -34.60012897395604, -58.48144245196985 -34.599949027297704)",Q5381490,Enzo Bordabehere,Liberalismo,politico
9067,"GONZALEZ, JOAQUIN V.",JOAQUIN V. GONZALEZ,Villa Devoto,Villa Devoto,Villa Devoto,11.0,CALLE,41.08283258034847,"LINESTRING (-58.508465215032125 -34.5998361001232, -58.508197021232576 -34.60013268255053)",Q584197,Joaquín Víctor González,Liberalismo,politico
9070,"SALGUERO, JERONIMO",JERONIMO SALGUERO,Almagro,Almagro,Almagro,5.0,CALLE,68.0361878039647,"LINESTRING (-58.41908675617603 -34.60014927050261, -58.41900566222437 -34.59953965419646)",Q11684757,Jerónimo Salguero,Prócer,procer
9075,"REPETTO, NICOLAS, DR.",NICOLAS REPETTO,Villa Crespo,Villa Crespo,Villa Crespo,15.0,CALLE,20.43152626238813,"LINESTRING (-58.45685114503117 -34.600168448447796, -58.456985716623805 -34.60002169264255)",Q5409572,Nicolás Repetto,PS,politico
9078,"MOREAU DE JUSTO, ALICIA AV.",ALICIA MOREAU DE JUSTO,Puerto Madero,Puerto Madero,Puerto Madero,1.0,AVENIDA,101.8018399230879,"LINESTRING (-58.367854950117504 -34.599230290623154, -58.367796393827284 -34.59931811661131, -58.36752217137222 -34.600103407078805)",Q518850,Alicia Moreau de Justo,PS,politico
9080,"PAZ, MARCOS",MARCOS PAZ,Villa Devoto,Villa Devoto,Villa Devoto,11.0,CALLE,99.86281119579324,"LINESTRING (-58.52078695940438 -34.600166626589115, -58.5213460609308 -34.599546352358836, -58.521437456557116 -34.59944482840629)",Q3846654,Marcos Paz,Prócer,procer
9085,SAN MARTIN AV.,SAN MARTIN,Paternal,Paternal,Paternal,15.0,CALLE,56.15125604944129,"LINESTRING (-58.47588411794397 -34.60046486663857, -58.47647950394713 -34.6003473497153)",Q134160,José de San Martín,Prócer,procer
9091,"PELLEGRINI, CARLOS",CARLOS PELLEGRINI,San Nicolas,San Nicolas,San Nicolas,1.0,CALLE,131.4413730302314,"LINESTRING (-58.38117718849822 -34.60021366074485, -58.381186704808755 -34.60006310148614, -58.381236901567824 -34.599248474951594, -58.38125372284078 -34.59903052517611)",Q270446,Carlos Pellegrini,Prócer,procer
9112,SAN MARTIN AV.,SAN MARTIN,Paternal,Paternal,Paternal,15.0,CALLE,90.09270732230618,"LINESTRING (-58.476723541760414 -34.599973769235206, -58.47767278108738 -34.599765430752235)",Q134160,José de San Martín,Prócer,procer
9118,"LAMARCA, EMILIO",EMILIO LAMARCA,Villa Devoto,Villa Devoto,Villa Devoto,11.0,CALLE,52.83327346311948,"LINESTRING (-58.50390841209566 -34.600381019951556, -58.50411959260219 -34.600147917726176, -58.50425254705129 -34.59999913848446)",Q5831159,Emilio Lamarca,Prócer,procer
9129,"ESCALADA DE SAN MARTIN, R.",R. ESCALADA DE SAN MARTIN,Villa Crespo,Villa Crespo,Villa Crespo,15.0,CALLE,112.1417878260524,"LINESTRING (-58.44939731812956 -34.599823173601216, -58.45035600289602 -34.60045040147354)",Q134160,José de San Martín,Prócer,procer
9130,"VIRASORO, VALENTIN",VALENTIN VIRASORO,Villa Crespo,Villa Crespo,Villa Crespo,15.0,CALLE,128.8721515368546,"LINESTRING (-58.45035600289602 -34.60045040147354, -58.45121053322044 -34.59952834212524)",Q6158916,Valentín Virasoro,Prócer,procer
9133,"BRAVO, MARIO",MARIO BRAVO,Almagro,Almagro,Almagro,5.0,CALLE,130.6005231219837,"LINESTRING (-58.41614567279221 -34.60045232898845, -58.41607522541347 -34.59927650892695)",Q1619796,Mario Bravo,PS,politico
9140,"MADERO, EDUARDO AV.",EDUARDO MADERO,Puerto Madero,Puerto Madero,Puerto Madero,1.0,AVENIDA,126.9195037266103,"LINESTRING (-58.368598889742714 -34.60042510146524, -58.36899617060584 -34.599474587667245, -58.369076742369394 -34.59935328429158)",Q3822036,Eduardo Madero,Prócer,procer
9141,"BEIRO, FRANCISCO AV.",FRANCISCO BEIRO,,Villa Del Parque,Villa Devoto,,AVENIDA,100.7015849071457,"LINESTRING (-58.5022132486378 -34.59993473444028, -58.503092151402406 -34.6004786143148)",Q5865215,Francisco Beiró,UCR,politico
9149,SAN MARTIN AV.,SAN MARTIN,Paternal,Paternal,Paternal,15.0,CALLE,111.1295525671748,"LINESTRING (-58.47767278108738 -34.599765430752235, -58.478639166692844 -34.599581820194885, -58.47883099680534 -34.599670650896954)",Q134160,José de San Martín,Prócer,procer
9158,"JUSTO, JUAN B. AV.",JUAN B. JUSTO,Villa Crespo,Villa Crespo,Villa Crespo,15.0,AVENIDA,69.37505065733086,"LINESTRING (-58.452095721214874 -34.60014982139751, -58.45267997728524 -34.60054689496564)",Q6298935,Juan B. Justo,PS,politico
9175,"SCALABRINI ORTIZ, RAUL AV.",RAUL SCALABRINI ORTIZ,Villa Crespo,Villa Crespo,Villa Crespo,15.0,AVENIDA,136.0488150933905,"LINESTRING (-58.43995729476376 -34.600604702753046, -58.43876630249772 -34.599873894411886)",Q4263301,Raúl Scalabrini Ortiz,UCR,politico
9189,"CARRIL, SALVADOR MARIA DEL AV.",SALVADOR MARIA DEL CARRIL,Villa Devoto,Villa Devoto,Villa Devoto,11.0,AVENIDA,145.1955699642902,"LINESTRING (-58.51315465057764 -34.599872655130575, -58.51442314522196 -34.60065545215964)",Q7406435,Salvador María del Carril,Prócer,procer
9193,"ALVAREZ, JULIAN",JULIAN ALVAREZ,Villa Crespo,Villa Crespo,Villa Crespo,15.0,CALLE,116.1214082587683,"LINESTRING (-58.43615183120527 -34.60067271929583, -58.435149650479175 -34.600033256976864)",Q123316366,Julián Álvarez,PJ,politico
9196,"ALEM, LEANDRO N. AV.",LEANDRO N. ALEM,San Nicolas,San Nicolas,San Nicolas,1.0,AVENIDA,129.0106350384679,"LINESTRING (-58.370510906153456 -34.600653205704766, -58.370799515788924 -34.59951502739555)",Q2621980,Leandro N. Alem,Prócer,procer
9206,SAN MARTIN AV.,SAN MARTIN,Villa Del Parque,Villa Del Parque,Villa Del Parque,11.0,CALLE,133.1138477536824,"LINESTRING (-58.47754606707269 -34.60012003411405, -58.47871209383365 -34.59984009008472, -58.47883099680534 -34.599670650896954)",Q134160,José de San Martín,Prócer,procer
9223,"BEIRO, FRANCISCO AV.",FRANCISCO BEIRO,,Villa Del Parque,Villa Devoto,,AVENIDA,53.44377562779219,"LINESTRING (-58.503092151402406 -34.6004786143148, -58.50340309681763 -34.60067112111005, -58.503558655143706 -34.60076719812076)",Q5865215,Francisco Beiró,UCR,politico
9224,"LAMARCA, EMILIO",EMILIO LAMARCA,Villa Devoto,Villa Devoto,Villa Devoto,11.0,CALLE,53.5234397698744,"LINESTRING (-58.50390841209566 -34.600381019951556, -58.503558655143706 -34.60076719812076)",Q5831159,Emilio Lamarca,Prócer,procer
9246,"JUSTO, JUAN B. AV.",JUAN B. JUSTO,Villa Crespo,Villa Crespo,Villa Crespo,15.0,AVENIDA,48.51879518131765,"LINESTRING (-58.45267997728524 -34.60054689496564, -58.45308822546377 -34.6008249622745)",Q6298935,Juan B. Justo,PS,politico
9252,"BEIRO, FRANCISCO AV.",FRANCISCO BEIRO,Villa Del Parque,Villa Del Parque,Villa Del Parque,11.0,AVENIDA,10.09688479295753,"LINESTRING (-58.503558655143706 -34.60076719812076, -58.50364682774863 -34.60082167687563)",Q5865215,Francisco Beiró,UCR,politico
9256,"SALGUERO, JERONIMO",JERONIMO SALGUERO,Almagro,Almagro,Almagro,5.0,CALLE,76.54028256279939,"LINESTRING (-58.41917794569948 -34.60083508869503, -58.41908675617603 -34.60014927050261)",Q11684757,Jerónimo Salguero,Prócer,procer
9259,"ANCHORENA, TOMAS MANUEL DE, DR.",TOMAS MANUEL DE ANCHORENA,Balvanera,Balvanera,Balvanera,3.0,CALLE,154.624673299285,"LINESTRING (-58.40918112469975 -34.600843458913246, -58.40913904365741 -34.600726537049276, -58.408699280489785 -34.599507801203416)",Q1443439,Tomás Manuel de Anchorena,Prócer,procer
9268,"GONZALEZ, JOAQUIN V.",JOAQUIN V. GONZALEZ,Villa Devoto,Villa Devoto,Villa Devoto,11.0,CALLE,102.2125458881865,"LINESTRING (-58.50752972019878 -34.60087054322169, -58.508197021232576 -34.60013268255053)",Q584197,Joaquín Víctor González,Liberalismo,politico
9279,"CUBAS, JOSE",JOSE CUBAS,Villa Devoto,Villa Devoto,Villa Devoto,11.0,CALLE,145.1908243852895,"LINESTRING (-58.51886977141409 -34.600103429269886, -58.52013806775501 -34.6008863781916)",Q5939116,José Cubas,Prócer,procer
9280,"PAZ, MARCOS",MARCOS PAZ,Villa Devoto,Villa Devoto,Villa Devoto,11.0,CALLE,99.59245595957728,"LINESTRING (-58.52013806775501 -34.6008863781916, -58.52078695940438 -34.600166626589115)",Q3846654,Marcos Paz,Prócer,procer
9293,"REPETTO, NICOLAS, DR.",NICOLAS REPETTO,Villa Crespo,Villa Crespo,Villa Crespo,15.0,CALLE,107.9392755349277,"LINESTRING (-58.45613978156773 -34.60094349118171, -58.45624761116906 -34.600826594252474, -58.45685114503117 -34.600168448447796)",Q5409572,Nicolás Repetto,PS,politico
9314,SAN MARTIN,SAN MARTIN,San Nicolas,San Nicolas,San Nicolas,1.0,CALLE,130.6028372159601,"LINESTRING (-58.373997756229976 -34.60096074157834, -58.3740031116424 -34.60089053317941, -58.37408092098208 -34.59988508200292, -58.37408715899601 -34.59978578928535)",Q134160,José de San Martín,Prócer,procer
9317,"ESCALADA DE SAN MARTIN, R.",R. ESCALADA DE SAN MARTIN,Villa Crespo,Villa Crespo,Villa Crespo,15.0,CALLE,95.14894225722907,"LINESTRING (-58.45035600289602 -34.60045040147354, -58.451169431614126 -34.6009825772973)",Q134160,José de San Martín,Prócer,procer
9321,"FRIAS, EUSTOQUIO, TTE. GENERAL",EUSTOQUIO FRIAS,Villa Crespo,Villa Crespo,Villa Crespo,15.0,CALLE,124.9184873298054,"LINESTRING (-58.43250509094006 -34.601022774323624, -58.431429541222464 -34.600332135405424)",Q5852433,Eustoquio Frías,Prócer,procer
9332,"MADERO, EDUARDO AV.",EDUARDO MADERO,Puerto Madero,Puerto Madero,Puerto Madero,1.0,AVENIDA,67.41707801402194,"LINESTRING (-58.368363664588145 -34.601000844758296, -58.368598889742714 -34.60042510146524)",Q3822036,Eduardo Madero,Prócer,procer
9346,SAN MARTIN AV.,SAN MARTIN,Agronomia,Agronomia,Agronomia,15.0,AVENIDA,25.19414564382051,"LINESTRING (-58.47958129956339 -34.59909957714732, -58.47968542765237 -34.59917704694017, -58.479746946825955 -34.59927601767033)",Q134160,José de San Martín,Prócer,procer
9349,"OROÑO, NICASIO",NICASIO ORONO,Paternal,Paternal,Paternal,15.0,CALLE,118.4238556437551,"LINESTRING (-58.460657643399344 -34.60112937973726, -58.46037296625317 -34.600209359034345, -58.46033728620838 -34.60009527189483)",Q389678,Nicasio Oroño,Prócer,procer
9367,"VIRASORO, VALENTIN",VALENTIN VIRASORO,Villa Crespo,Villa Crespo,Villa Crespo,15.0,CALLE,103.632659677181,"LINESTRING (-58.44966519271919 -34.60118956297772, -58.45025191350468 -34.600562786491, -58.45035600289602 -34.60045040147354)",Q6158916,Valentín Virasoro,Prócer,procer
9382,"SCALABRINI ORTIZ, RAUL AV.",RAUL SCALABRINI ORTIZ,Villa Crespo,Villa Crespo,Villa Crespo,15.0,AVENIDA,129.2967213358972,"LINESTRING (-58.44109040499388 -34.601297882654436, -58.43995729476376 -34.600604702753046)",Q4263301,Raúl Scalabrini Ortiz,UCR,politico
9401,SAN MARTIN AV.,SAN MARTIN,Paternal,Paternal,Paternal,15.0,AVENIDA,89.9349607250011,"LINESTRING (-58.47126310939437 -34.601325489549026, -58.472006676532956 -34.60115677419766, -58.472209451881206 -34.60111373073019)",Q134160,José de San Martín,Prócer,procer
9405,"PELLEGRINI, CARLOS",CARLOS PELLEGRINI,San Nicolas,San Nicolas,San Nicolas,1.0,CALLE,126.8210590483818,"LINESTRING (-58.38110563244457 -34.60135531989314, -58.38111533426506 -34.6011896197215, -58.38117718849822 -34.60021366074485)",Q270446,Carlos Pellegrini,Prócer,procer
9406,"ALVAREZ, DONATO, TTE. GRAL. AV.",DONATO ALVAREZ,Paternal,Paternal,Paternal,15.0,AVENIDA,177.0829333552429,"LINESTRING (-58.465661144213165 -34.6013898120344, -58.466386789924535 -34.59991061806064)",Q606183,Donato Álvarez,Prócer,procer
9411,"ALVAREZ, JULIAN",JULIAN ALVAREZ,Villa Crespo,Villa Crespo,Villa Crespo,15.0,CALLE,123.7975329359554,"LINESTRING (-58.437289666495396 -34.60140931647337, -58.43622352344329 -34.600725130398416)",Q123316366,Julián Álvarez,PJ,politico
9423,"ESCALADA DE SAN MARTIN, R.",R. ESCALADA DE SAN MARTIN,Villa Crespo,Villa Crespo,Villa Crespo,15.0,CALLE,69.52660577194237,"LINESTRING (-58.45126958083455 -34.60104811232942, -58.4518639721818 -34.60143697575297)",Q134160,José de San Martín,Prócer,procer
9427,"BRAVO, MARIO",MARIO BRAVO,Almagro,Almagro,Almagro,5.0,CALLE,110.1382038574736,"LINESTRING (-58.416334613340275 -34.6014327689466, -58.41614567279221 -34.60045232898845)",Q1619796,Mario Bravo,PS,politico
9429,"CARRIL, SALVADOR MARIA DEL AV.",SALVADOR MARIA DEL CARRIL,Villa Devoto,Villa Devoto,Villa Devoto,11.0,AVENIDA,145.023710208794,"LINESTRING (-58.51442314522196 -34.60065545215964, -58.51569021521819 -34.60143725057082)",Q7406435,Salvador María del Carril,Prócer,procer
9435,"JUSTO, JUAN B. AV.",JUAN B. JUSTO,Villa Crespo,Villa Crespo,Villa Crespo,15.0,AVENIDA,113.0615285557008,"LINESTRING (-58.45308822546377 -34.6008249622745, -58.45403962290497 -34.60147286503813)",Q6298935,Juan B. Justo,PS,politico
9448,SAN MARTIN AV.,SAN MARTIN,Paternal,Paternal,Paternal,15.0,AVENIDA,90.64680568377835,"LINESTRING (-58.47031020468491 -34.601541818933235, -58.47126310939437 -34.601325489549026)",Q134160,José de San Martín,Prócer,procer
9456,"BEIRO, FRANCISCO AV.",FRANCISCO BEIRO,,Villa Del Parque,Villa Devoto,,AVENIDA,139.0345099891332,"LINESTRING (-58.50364682774863 -34.60082167687563, -58.50486098048409 -34.60157184419996)",Q5865215,Francisco Beiró,UCR,politico
9466,"GONZALEZ, JOAQUIN V.",JOAQUIN V. GONZALEZ,Villa Devoto,Villa Devoto,Villa Devoto,11.0,CALLE,102.5031737591266,"LINESTRING (-58.506860534809505 -34.60161051353934, -58.50752972019878 -34.60087054322169)",Q584197,Joaquín Víctor González,Liberalismo,politico
9468,"PAZ, MARCOS",MARCOS PAZ,Villa Devoto,Villa Devoto,Villa Devoto,11.0,CALLE,99.8768266094432,"LINESTRING (-58.519487292630934 -34.60160816941543, -58.520038584218426 -34.60099670786033, -58.52013806775501 -34.6008863781916)",Q3846654,Marcos Paz,Prócer,procer
9475,"FRIAS, EUSTOQUIO, TTE. GENERAL",EUSTOQUIO FRIAS,Villa Crespo,Villa Crespo,Villa Crespo,15.0,CALLE,112.60267259698,"LINESTRING (-58.433474650605795 -34.60164527819773, -58.43250509094006 -34.601022774323624)",Q5852433,Eustoquio Frías,Prócer,procer
9477,"MOREAU DE JUSTO, ALICIA AV.",ALICIA MOREAU DE JUSTO,Puerto Madero,Puerto Madero,Puerto Madero,1.0,AVENIDA,110.3555491629847,"LINESTRING (-58.36752217137222 -34.600103407078805, -58.36748483105587 -34.600285894748, -58.367405670883535 -34.60095833084302, -58.36742747293809 -34.60109118589257)",Q518850,Alicia Moreau de Justo,PS,politico
9482,"CUBAS, JOSE",JOSE CUBAS,Villa Devoto,Villa Devoto,Villa Devoto,11.0,CALLE,145.208017070844,"LINESTRING (-58.52013806775501 -34.6008863781916, -58.52140655827312 -34.60166938414808)",Q5939116,José Cubas,Prócer,procer
9487,"REPETTO, NICOLAS, DR.",NICOLAS REPETTO,Villa Crespo,Villa Crespo,Villa Crespo,15.0,CALLE,103.2987202550803,"LINESTRING (-58.455456768577896 -34.60168381265421, -58.45613978156773 -34.60094349118171)",Q5409572,Nicolás Repetto,PS,politico
9490,"ANCHORENA, TOMAS MANUEL DE, DR.",TOMAS MANUEL DE ANCHORENA,Balvanera,Balvanera,Balvanera,3.0,CALLE,97.0437196294284,"LINESTRING (-58.40948249565429 -34.601681985220196, -58.40918112469975 -34.600843458913246)",Q1443439,Tomás Manuel de Anchorena,Prócer,procer
9497,"ESCALADA DE SAN MARTIN, R.",R. ESCALADA DE SAN MARTIN,Villa Crespo,Villa Crespo,Villa Crespo,15.0,CALLE,48.45975357775482,"LINESTRING (-58.4518639721818 -34.60143697575297, -58.45227826974221 -34.601708003936906)",Q134160,José de San Martín,Prócer,procer
9503,"MADERO, EDUARDO AV.",EDUARDO MADERO,Puerto Madero,Puerto Madero,Puerto Madero,1.0,AVENIDA,81.4235752428324,"LINESTRING (-58.36830728600701 -34.60172918939006, -58.36828150070833 -34.60160495980208, -58.368363664588145 -34.601000844758296)",Q3822036,Eduardo Madero,Prócer,procer
9528,"LAMARCA, EMILIO",EMILIO LAMARCA,Villa Del Parque,Villa Del Parque,Villa Del Parque,11.0,CALLE,132.1195500063401,"LINESTRING (-58.50283225906343 -34.60180385988334, -58.50364682774863 -34.60082167687563)",Q5831159,Emilio Lamarca,Prócer,procer
9540,SAN MARTIN AV.,SAN MARTIN,Paternal,Paternal,Paternal,15.0,AVENIDA,132.9940614518049,"LINESTRING (-58.46891239215359 -34.601859994682606, -58.46913458819977 -34.60180864544915, -58.47031020468491 -34.601541818933235)",Q134160,José de San Martín,Prócer,procer
9541,"FRIAS, EUSTOQUIO, TTE. GENERAL",EUSTOQUIO FRIAS,Villa Crespo,Villa Crespo,Villa Crespo,15.0,CALLE,38.87865251456653,"LINESTRING (-58.433810982385005 -34.60185853220248, -58.433474650605795 -34.60164527819773)",Q5852433,Eustoquio Frías,Prócer,procer
9550,"DELLEPIANE, LUIS",LUIS DELLEPIANE,San Nicolas,San Nicolas,San Nicolas,1.0,PASAJE,127.0503795628605,"LINESTRING (-58.3909001167731 -34.601888785982624, -58.39099504572617 -34.6007462194424)",Q126856409,Luis Dellepiane,UCR,politico
9555,"ALEM, LEANDRO N. AV.",LEANDRO N. ALEM,San Nicolas,San Nicolas,San Nicolas,1.0,AVENIDA,137.6530980534176,"LINESTRING (-58.370375479587295 -34.60188896609495, -58.37040570730309 -34.60158877340239, -58.370510906153456 -34.600653205704766)",Q2621980,Leandro N. Alem,Prócer,procer
9568,"BEIRO, FRANCISCO AV.",FRANCISCO BEIRO,,Villa Del Parque,Villa Devoto,,AVENIDA,78.02351415697605,"LINESTRING (-58.50486098048409 -34.60157184419996, -58.50554235361097 -34.601992813782594)",Q5865215,Francisco Beiró,UCR,politico
9579,"SCALABRINI ORTIZ, RAUL AV.",RAUL SCALABRINI ORTIZ,Villa Crespo,Villa Crespo,Villa Crespo,15.0,AVENIDA,136.4383912510049,"LINESTRING (-58.442262865275474 -34.60205373575737, -58.442161961336126 -34.60197991438036, -58.44182918839809 -34.60175231760373, -58.44109040499388 -34.601297882654436)",Q4263301,Raúl Scalabrini Ortiz,UCR,politico
9581,"SALGUERO, JERONIMO",JERONIMO SALGUERO,Almagro,Almagro,Almagro,5.0,CALLE,135.5383752437762,"LINESTRING (-58.41934184576777 -34.60204932124651, -58.41919228189646 -34.6009424898874, -58.41917794569948 -34.60083508869503)",Q11684757,Jerónimo Salguero,Prócer,procer
9588,"GONZALEZ, JOAQUIN V.",JOAQUIN V. GONZALEZ,Villa Devoto,Villa Devoto,Villa Devoto,11.0,CALLE,61.59378170047319,"LINESTRING (-58.5064584390954 -34.60205517020056, -58.506860534809505 -34.60161051353934)",Q584197,Joaquín Víctor González,Liberalismo,politico
9608,"JUSTO, JUAN B. AV.",JUAN B. JUSTO,Villa Crespo,Villa Crespo,Villa Crespo,15.0,AVENIDA,113.2665723179991,"LINESTRING (-58.45403962290497 -34.60147286503813, -58.45499273834125 -34.602121957633855)",Q6298935,Juan B. Justo,PS,politico
9609,"REPETTO, NICOLAS, DR.",NICOLAS REPETTO,Villa Crespo,Villa Crespo,Villa Crespo,15.0,CALLE,64.66290938752698,"LINESTRING (-58.455456768577896 -34.60168381265421, -58.45534365589163 -34.601806412835906, -58.45499273834125 -34.602121957633855)",Q5409572,Nicolás Repetto,PS,politico
9622,"LAMARCA, EMILIO",EMILIO LAMARCA,Villa Del Parque,Villa Del Parque,Villa Del Parque,11.0,CALLE,46.52781123685655,"LINESTRING (-58.502546858799775 -34.60215057698231, -58.50283225906343 -34.60180385988334)",Q5831159,Emilio Lamarca,Prócer,procer
9624,SAN MARTIN,SAN MARTIN,San Nicolas,San Nicolas,San Nicolas,1.0,CALLE,129.9766263444748,"LINESTRING (-58.373910230538456 -34.60213013148894, -58.37391863883763 -34.60199281167572, -58.373997756229976 -34.60096074157834)",Q134160,José de San Martín,Prócer,procer
9633,"ALVAREZ, JULIAN",JULIAN ALVAREZ,Villa Crespo,Villa Crespo,Villa Crespo,15.0,CALLE,141.9451217886809,"LINESTRING (-58.438512163546676 -34.60219373781056, -58.437289666495396 -34.60140931647337)",Q123316366,Julián Álvarez,PJ,politico
9649,"SCALABRINI ORTIZ, RAUL AV.",RAUL SCALABRINI ORTIZ,Villa Crespo,Villa Crespo,Villa Crespo,15.0,AVENIDA,27.74505625857797,"LINESTRING (-58.44248936758632 -34.60221948133861, -58.442262865275474 -34.60205373575737)",Q4263301,Raúl Scalabrini Ortiz,UCR,politico
9653,"CARRIL, SALVADOR MARIA DEL AV.",SALVADOR MARIA DEL CARRIL,Villa Devoto,Villa Devoto,Villa Devoto,11.0,AVENIDA,145.1971534735676,"LINESTRING (-58.51569021521819 -34.60143725057082, -58.516958842546444 -34.60221995053426)",Q7406435,Salvador María del Carril,Prócer,procer
9663,SAN MARTIN AV.,SAN MARTIN,,Villa Gral. Mitre,Paternal,,AVENIDA,151.0735288929826,"LINESTRING (-58.467334188862715 -34.602249147493815, -58.467493108485066 -34.60220977534116, -58.46876616332649 -34.60189373422946, -58.46891239215359 -34.601859994682606)",Q134160,José de San Martín,Prócer,procer
9678,"VIRASORO, VALENTIN",VALENTIN VIRASORO,Villa Crespo,Villa Crespo,Villa Crespo,15.0,CALLE,156.1003403263363,"LINESTRING (-58.44863031571877 -34.60230657266328, -58.448744801961375 -34.602182007019124, -58.44959747392333 -34.60126202129214, -58.44966519271919 -34.60118956297772)",Q6158916,Valentín Virasoro,Prócer,procer
9679,"FRIAS, EUSTOQUIO, TTE. GENERAL",EUSTOQUIO FRIAS,Villa Crespo,Villa Crespo,Villa Crespo,15.0,CALLE,81.14464999377343,"LINESTRING (-58.43451064177997 -34.60230610043873, -58.433810982385005 -34.60185853220248)",Q5852433,Eustoquio Frías,Prócer,procer
9686,"PAZ, MARCOS",MARCOS PAZ,Villa Devoto,Villa Devoto,Villa Devoto,11.0,CALLE,99.53152593162831,"LINESTRING (-58.518838804119525 -34.60232749122176, -58.519487292630934 -34.60160816941543)",Q3846654,Marcos Paz,Prócer,procer
9688,"ESCALADA DE SAN MARTIN, R.",R. ESCALADA DE SAN MARTIN,Villa Crespo,Villa Crespo,Villa Crespo,15.0,CALLE,113.5827802617438,"LINESTRING (-58.45227826974221 -34.601708003936906, -58.45324934608628 -34.60234323829594)",Q134160,José de San Martín,Prócer,procer
9696,"OROÑO, NICASIO",NICASIO ORONO,Paternal,Paternal,Paternal,15.0,CALLE,142.3166218347204,"LINESTRING (-58.46104647710626 -34.60237130790204, -58.46069494227531 -34.6012499457709, -58.460657643399344 -34.60112937973726)",Q389678,Nicasio Oroño,Prócer,procer
9701,"BEIRO, FRANCISCO AV.",FRANCISCO BEIRO,,Villa Del Parque,Villa Devoto,,AVENIDA,71.44225155086973,"LINESTRING (-58.50554235361097 -34.601992813782594, -58.5058146322023 -34.60216110204261, -58.50616622756051 -34.60237830625)",Q5865215,Francisco Beiró,UCR,politico
9712,"BRAVO, MARIO",MARIO BRAVO,Almagro,Almagro,Almagro,5.0,CALLE,109.5556568763771,"LINESTRING (-58.41652381681793 -34.60240785636323, -58.416334613340275 -34.6014327689466)",Q1619796,Mario Bravo,PS,politico
9720,"CUBAS, JOSE",JOSE CUBAS,Villa Devoto,Villa Devoto,Villa Devoto,11.0,CALLE,145.0408324443151,"LINESTRING (-58.52140655827312 -34.60166938414808, -58.52267362409944 -34.602451461990434)",Q5939116,José Cubas,Prócer,procer
9738,"PELLEGRINI, CARLOS",CARLOS PELLEGRINI,San Nicolas,San Nicolas,San Nicolas,1.0,CALLE,128.9750511260936,"LINESTRING (-58.38103925022329 -34.60251663044882, -58.38105001299132 -34.60231170509697, -58.38110563244457 -34.60135531989314)",Q270446,Carlos Pellegrini,Prócer,procer
9739,"ANCHORENA, TOMAS MANUEL DE, DR.",TOMAS MANUEL DE ANCHORENA,Balvanera,Balvanera,Balvanera,3.0,CALLE,99.68833410364775,"LINESTRING (-58.40979305621858 -34.6025431206724, -58.40975998359977 -34.60245359778146, -58.40948249565429 -34.601681985220196)",Q1443439,Tomás Manuel de Anchorena,Prócer,procer
9741,SAN MARTIN AV.,SAN MARTIN,,Villa Gral. Mitre,Paternal,,AVENIDA,119.8225789831745,"LINESTRING (-58.466082925804294 -34.60255918714592, -58.467334188862715 -34.602249147493815)",Q134160,José de San Martín,Prócer,procer
9750,"GALLARDO, ANGEL AV.",ANGEL GALLARDO,,Almagro,Villa Crespo,,AVENIDA,104.0994614207435,"LINESTRING (-58.43220014722129 -34.60207186790503, -58.43224228195073 -34.60213321759463, -58.43314344211265 -34.60257802782761)",Q3815109,Ángel Gallardo,UCR,politico
9758,SAN MARTIN AV.,SAN MARTIN,,Villa Gral. Mitre,Paternal,,AVENIDA,27.36165707634492,"LINESTRING (-58.465797191613404 -34.60262996904657, -58.466082925804294 -34.60255918714592)",Q134160,José de San Martín,Prócer,procer
9762,"CARRIL, SALVADOR MARIA DEL AV.",SALVADOR MARIA DEL CARRIL,Villa Devoto,Villa Devoto,Villa Devoto,11.0,AVENIDA,75.96888014814546,"LINESTRING (-58.516958842546444 -34.60221995053426, -58.51762255973589 -34.60262952214988)",Q7406435,Salvador María del Carril,Prócer,procer
9771,"GALLARDO, ANGEL AV.",ANGEL GALLARDO,,Almagro,Villa Crespo,,AVENIDA,20.5370401828754,"LINESTRING (-58.43314344211265 -34.60257802782761, -58.43333571585996 -34.602672865357576)",Q3815109,Ángel Gallardo,UCR,politico
9773,"PAZ, MARCOS",MARCOS PAZ,Villa Devoto,Villa Devoto,Villa Devoto,11.0,CALLE,46.65011745464428,"LINESTRING (-58.518534810592044 -34.602664606089085, -58.518838804119525 -34.60232749122176)",Q3846654,Marcos Paz,Prócer,procer
9795,"JUSTO, JUAN B. AV.",JUAN B. JUSTO,Villa Crespo,Villa Crespo,Villa Crespo,15.0,AVENIDA,113.9059644487893,"LINESTRING (-58.45499273834125 -34.602121957633855, -58.4551720026809 -34.602244084237725, -58.45595327804051 -34.60277266290618)",Q6298935,Juan B. Justo,PS,politico
9796,"MOREAU DE JUSTO, ALICIA AV.",ALICIA MOREAU DE JUSTO,Puerto Madero,Puerto Madero,Puerto Madero,1.0,AVENIDA,122.4114401381174,"LINESTRING (-58.367363596196874 -34.60166960214689, -58.36723907545113 -34.6027682304699)",Q518850,Alicia Moreau de Justo,PS,politico
9800,"LAMARCA, EMILIO",EMILIO LAMARCA,Villa Del Parque,Villa Del Parque,Villa Del Parque,11.0,CALLE,86.32934865912947,"LINESTRING (-58.50201094493191 -34.60279026485681, -58.502132922201326 -34.60264459010688, -58.50246165535825 -34.602254127048646, -58.502546858799775 -34.60215057698231)",Q5831159,Emilio Lamarca,Prócer,procer
9805,"JUSTO, JUAN B. AV.",JUAN B. JUSTO,Villa Crespo,Villa Crespo,Villa Crespo,15.0,AVENIDA,7.944605735042728,"LINESTRING (-58.45595327804051 -34.60277266290618, -58.45602030092345 -34.602818019720274)",Q6298935,Juan B. Justo,PS,politico
9813,"ALVAREZ, DONATO, TTE. GRAL. AV.",DONATO ALVAREZ,Paternal,Paternal,Paternal,15.0,AVENIDA,137.5378274174711,"LINESTRING (-58.464946033037535 -34.6028426627655, -58.46509677314624 -34.602539275773616, -58.46551143026219 -34.60169439696373)",Q606183,Donato Álvarez,Prócer,procer
9814,SAN MARTIN AV.,SAN MARTIN,,Villa Gral. Mitre,Paternal,,AVENIDA,81.56535525562913,"LINESTRING (-58.464946033037535 -34.6028426627655, -58.4652787808342 -34.60275850162346, -58.465797191613404 -34.60262996904657)",Q134160,José de San Martín,Prócer,procer
9815,"FIGUEROA, D. APOLINARIO, CORONEL",D. APOLINARIO FIGUEROA,Villa Crespo,Villa Crespo,Villa Crespo,15.0,CALLE,108.806740871653,"LINESTRING (-58.44248936758632 -34.60221948133861, -58.44339837454249 -34.60284957208526)",Q5701525,Apolinario Figueroa,Prócer,procer
9818,"CUBAS, JOSE",JOSE CUBAS,Villa Devoto,Villa Devoto,Villa Devoto,11.0,CALLE,73.67354890513697,"LINESTRING (-58.52267362409944 -34.602451461990434, -58.523317262730394 -34.602848688239845)",Q5939116,José Cubas,Prócer,procer
9822,"MADERO, EDUARDO AV.",EDUARDO MADERO,Puerto Madero,Puerto Madero,Puerto Madero,1.0,AVENIDA,123.9044139352451,"LINESTRING (-58.368169716933316 -34.6028295303064, -58.36814223371677 -34.60272953683596, -58.368248371249685 -34.60184725757305, -58.36830728600701 -34.60172918939006)",Q3822036,Eduardo Madero,Prócer,procer
9849,"GALLARDO, ANGEL AV.",ANGEL GALLARDO,,Caballito,Villa Crespo,,AVENIDA,56.79167627491924,"LINESTRING (-58.43333571585996 -34.602672865357576, -58.43386732347795 -34.602935252215204)",Q3815109,Ángel Gallardo,UCR,politico
9859,"GALLARDO, ANGEL AV.",ANGEL GALLARDO,Caballito,Caballito,Caballito,6.0,AVENIDA,5.150328035474162,"LINESTRING (-58.43386732347795 -34.602935252215204, -58.433915519999786 -34.602959067006)",Q3815109,Ángel Gallardo,UCR,politico
9862,"ESCALADA DE SAN MARTIN, R.",R. ESCALADA DE SAN MARTIN,Villa Crespo,Villa Crespo,Villa Crespo,15.0,CALLE,112.6884864503334,"LINESTRING (-58.45324934608628 -34.60234323829594, -58.45404261989548 -34.60286218214382, -58.45421285784299 -34.60297339379947)",Q134160,José de San Martín,Prócer,procer
9863,"REPETTO, NICOLAS, DR.",NICOLAS REPETTO,Villa Crespo,Villa Crespo,Villa Crespo,15.0,CALLE,118.4887692370537,"LINESTRING (-58.45421285784299 -34.60297339379947, -58.45499273834125 -34.602121957633855)",Q5409572,Nicolás Repetto,PS,politico
9867,SAN MARTIN AV.,SAN MARTIN,,Villa Gral. Mitre,Paternal,,AVENIDA,56.25145071012295,"LINESTRING (-58.4643596560321 -34.602991051784834, -58.464946033037535 -34.6028426627655)",Q134160,José de San Martín,Prócer,procer
9868,"ALVAREZ, JULIAN",JULIAN ALVAREZ,Villa Crespo,Villa Crespo,Villa Crespo,15.0,CALLE,146.5722921510457,"LINESTRING (-58.43977453487653 -34.60300371826226, -58.438512163546676 -34.60219373781056)",Q123316366,Julián Álvarez,PJ,politico
9875,"OROÑO, NICASIO",NICASIO ORONO,Paternal,Paternal,Paternal,15.0,CALLE,75.89533798779085,"LINESTRING (-58.4612536724478 -34.603033645501775, -58.46108232941911 -34.60248574691254, -58.46104647710626 -34.60237130790204)",Q389678,Nicasio Oroño,Prócer,procer
9882,"ALEM, LEANDRO N. AV.",LEANDRO N. ALEM,San Nicolas,San Nicolas,San Nicolas,1.0,AVENIDA,124.3386157944789,"LINESTRING (-58.370267690326465 -34.603006224300984, -58.370318123889774 -34.602458508251644, -58.370375479587295 -34.60188896609495)",Q2621980,Leandro N. Alem,Prócer,procer
9888,"FRIAS, EUSTOQUIO, TTE. GENERAL",EUSTOQUIO FRIAS,Villa Crespo,Villa Crespo,Villa Crespo,15.0,CALLE,134.4926040984584,"LINESTRING (-58.43567028606408 -34.60304792901045, -58.43451064177997 -34.60230610043873)",Q5852433,Eustoquio Frías,Prócer,procer
9919,"BEIRO, FRANCISCO AV.",FRANCISCO BEIRO,Villa Devoto,Villa Devoto,Villa Devoto,11.0,AVENIDA,149.0016946294793,"LINESTRING (-58.50616622756051 -34.60237830625, -58.50746741049967 -34.60318229086616)",Q5865215,Francisco Beiró,UCR,politico
9922,"ALVAREZ, JULIAN",JULIAN ALVAREZ,Villa Crespo,Villa Crespo,Villa Crespo,15.0,CALLE,36.54388631731356,"LINESTRING (-58.44008925871492 -34.60320568297615, -58.43977453487653 -34.60300371826226)",Q123316366,Julián Álvarez,PJ,politico
9935,SAN MARTIN,SAN MARTIN,San Nicolas,San Nicolas,San Nicolas,1.0,CALLE,122.3491839004714,"LINESTRING (-58.37385386107077 -34.60323200775726, -58.37386260088711 -34.603103420737945, -58.37390338124946 -34.60224315630779, -58.373910230538456 -34.60213013148894)",Q134160,José de San Martín,Prócer,procer
9939,"GONZALEZ, JOAQUIN V.",JOAQUIN V. GONZALEZ,,Villa Devoto,Villa Del Parque,,CALLE,122.2487103659893,"LINESTRING (-58.50537240545031 -34.603263454967035, -58.505976752739194 -34.60258781243818, -58.50616622756051 -34.60237830625)",Q584197,Joaquín Víctor González,Liberalismo,politico
9942,"ANCHORENA, TOMAS MANUEL DE, DR.",TOMAS MANUEL DE ANCHORENA,Balvanera,Balvanera,Balvanera,3.0,CALLE,84.28723335314315,"LINESTRING (-58.41006189151293 -34.60326965755356, -58.40979305621858 -34.6025431206724)",Q1443439,Tomás Manuel de Anchorena,Prócer,procer
9949,"ALVAREZ, DONATO, TTE. GRAL. AV.",DONATO ALVAREZ,Villa Gral. Mitre,Villa Gral. Mitre,Villa Gral. Mitre,11.0,AVENIDA,56.803548536421,"LINESTRING (-58.46471063781356 -34.60331626438813, -58.464946033037535 -34.6028426627655)",Q606183,Donato Álvarez,Prócer,procer
9953,"SALGUERO, JERONIMO",JERONIMO SALGUERO,Almagro,Almagro,Almagro,5.0,CALLE,141.7719391782809,"LINESTRING (-58.419512449510705 -34.60331947206896, -58.41949217758778 -34.603160941301496, -58.41934184576777 -34.60204932124651)",Q11684757,Jerónimo Salguero,Prócer,procer
9960,"VIRASORO, VALENTIN",VALENTIN VIRASORO,Villa Crespo,Villa Crespo,Villa Crespo,15.0,CALLE,146.4404823282013,"LINESTRING (-58.44765597896117 -34.60335224204247, -58.448539936091215 -34.60240487311253, -58.44863031571877 -34.60230657266328)",Q6158916,Valentín Virasoro,Prócer,procer
9964,SAN MARTIN AV.,SAN MARTIN,,Villa Gral. Mitre,Paternal,,AVENIDA,138.9229774245589,"LINESTRING (-58.46291154713474 -34.60335768099587, -58.46307336667576 -34.603316483602605, -58.4643596560321 -34.602991051784834)",Q134160,José de San Martín,Prócer,procer
9993,"FIGUEROA, D. APOLINARIO, CORONEL",D. APOLINARIO FIGUEROA,Villa Crespo,Villa Crespo,Villa Crespo,15.0,CALLE,113.2277036218435,"LINESTRING (-58.44339837454249 -34.60284957208526, -58.44424489477118 -34.60342260314735, -58.44435304156868 -34.603496564757)",Q5701525,Apolinario Figueroa,Prócer,procer
10008,"CANTILO, JOSE LUIS",JOSE LUIS CANTILO,Villa Devoto,Villa Devoto,Villa Devoto,11.0,CALLE,130.7517128356452,"LINESTRING (-58.51065512057581 -34.602892984256336, -58.51077854383373 -34.602900785746485, -58.51084603595139 -34.60291707518078, -58.5118332332054 -34.60352556712415)",Q1646739,José Luis Cantilo,UCR,politico
10018,SAN MARTIN AV.,SAN MARTIN,,Villa Gral. Mitre,Paternal,,AVENIDA,77.03900861181046,"LINESTRING (-58.462108919847665 -34.603562115483214, -58.46291154713474 -34.60335768099587)",Q134160,José de San Martín,Prócer,procer
10025,"GALLARDO, ANGEL AV.",ANGEL GALLARDO,,Caballito,Villa Crespo,,AVENIDA,132.2213394294882,"LINESTRING (-58.433915519999786 -34.602959067006, -58.43497329606699 -34.6034810151135, -58.43514990350268 -34.603574367238316)",Q3815109,Ángel Gallardo,UCR,politico
10033,"BRAVO, MARIO",MARIO BRAVO,Almagro,Almagro,Almagro,5.0,CALLE,133.6041749454934,"LINESTRING (-58.41674884583653 -34.60359767850516, -58.41671956389418 -34.603416537878715, -58.41652381681793 -34.60240785636323)",Q1619796,Mario Bravo,PS,politico
10035,"ESCALADA DE SAN MARTIN, R.",R. ESCALADA DE SAN MARTIN,Villa Crespo,Villa Crespo,Villa Crespo,15.0,CALLE,113.4684938450073,"LINESTRING (-58.45421285784299 -34.60297339379947, -58.45505656005224 -34.60352465917521, -58.45518345274707 -34.60360748582258)",Q134160,José de San Martín,Prócer,procer
10042,SAN MARTIN AV.,SAN MARTIN,,Villa Gral. Mitre,Paternal,,AVENIDA,49.93256437858883,"LINESTRING (-58.46158870897383 -34.60369464648925, -58.462108919847665 -34.603562115483214)",Q134160,José de San Martín,Prócer,procer
10044,"PELLEGRINI, CARLOS",CARLOS PELLEGRINI,San Nicolas,San Nicolas,San Nicolas,1.0,CALLE,104.51502284086,"LINESTRING (-58.38097892231629 -34.603668578495856, -58.38102821542817 -34.602727339864856)",Q270446,Carlos Pellegrini,Prócer,procer
10048,"REPETTO, NICOLAS, DR.",NICOLAS REPETTO,Villa Crespo,Villa Crespo,Villa Crespo,15.0,CALLE,102.4184417463423,"LINESTRING (-58.45353849884648 -34.60370919781836, -58.45364011763538 -34.603598711296804, -58.45421285784299 -34.60297339379947)",Q5409572,Nicolás Repetto,PS,politico
10049,"OROÑO, NICASIO",NICASIO ORONO,Paternal,Paternal,Paternal,15.0,CALLE,79.20938830916988,"LINESTRING (-58.46146981313297 -34.60372492690632, -58.4612536724478 -34.603033645501775)",Q389678,Nicasio Oroño,Prócer,procer
10050,SAN MARTIN AV.,SAN MARTIN,,Villa Gral. Mitre,Paternal,,AVENIDA,11.41190998060635,"LINESTRING (-58.46146981313297 -34.60372492690632, -58.46158870897383 -34.60369464648925)",Q134160,José de San Martín,Prócer,procer
10051,"BEIRO, FRANCISCO AV.",FRANCISCO BEIRO,Villa Devoto,Villa Devoto,Villa Devoto,11.0,AVENIDA,94.15876422114883,"LINESTRING (-58.50746741049967 -34.60318229086616, -58.5081113234827 -34.60358023102407, -58.50828944572857 -34.6036906063992)",Q5865215,Francisco Beiró,UCR,politico
10063,"JUSTO, JUAN B. AV.",JUAN B. JUSTO,Villa Crespo,Villa Crespo,Villa Crespo,15.0,AVENIDA,166.2655967212947,"LINESTRING (-58.45602030092345 -34.602818019720274, -58.45742302909512 -34.60376719409659)",Q6298935,Juan B. Justo,PS,politico
10066,"PAZ, MARCOS",MARCOS PAZ,Villa Devoto,Villa Devoto,Villa Devoto,11.0,CALLE,92.39280612958994,"LINESTRING (-58.51754417324093 -34.60375837661945, -58.518051238469496 -34.60319645167761, -58.518146888194906 -34.60309109653536)",Q3846654,Marcos Paz,Prócer,procer
10067,"CARRIL, SALVADOR MARIA DEL AV.",SALVADOR MARIA DEL CARRIL,Villa Devoto,Villa Devoto,Villa Devoto,11.0,AVENIDA,145.1287564687303,"LINESTRING (-58.51822349222488 -34.60300482211662, -58.51949250686621 -34.60378608686552)",Q7406435,Salvador María del Carril,Prócer,procer
10070,"LAMARCA, EMILIO",EMILIO LAMARCA,Villa Del Parque,Villa Del Parque,Villa Del Parque,11.0,CALLE,136.1448208946137,"LINESTRING (-58.50116134441377 -34.603796461955085, -58.50127643359431 -34.60366748061071, -58.50201094493191 -34.60279026485681)",Q5831159,Emilio Lamarca,Prócer,procer
10086,"CUBAS, JOSE",JOSE CUBAS,Villa Devoto,Villa Devoto,Villa Devoto,11.0,CALLE,118.4440765333524,"LINESTRING (-58.52391737218028 -34.60322600282497, -58.52495263455563 -34.60386408509093)",Q5939116,José Cubas,Prócer,procer
10089,"FRIAS, EUSTOQUIO, TTE. GENERAL",EUSTOQUIO FRIAS,Villa Crespo,Villa Crespo,Villa Crespo,15.0,CALLE,151.6960288781715,"LINESTRING (-58.43697828466298 -34.60388463913586, -58.43567028606408 -34.60304792901045)",Q5852433,Eustoquio Frías,Prócer,procer
10120,"ANCHORENA, TOMAS MANUEL DE, DR.",TOMAS MANUEL DE ANCHORENA,Balvanera,Balvanera,Balvanera,3.0,CALLE,88.26326209724678,"LINESTRING (-58.41034706273563 -34.60402951119841, -58.4102844790835 -34.60387124225153, -58.41006189151293 -34.60326965755356)",Q1443439,Tomás Manuel de Anchorena,Prócer,procer
10122,"PELLEGRINI, CARLOS",CARLOS PELLEGRINI,San Nicolas,San Nicolas,San Nicolas,1.0,CALLE,40.76314402348609,"LINESTRING (-58.38095973776205 -34.60403568356746, -58.38097892231629 -34.603668578495856)",Q270446,Carlos Pellegrini,Prócer,procer
10123,SAN MARTIN AV.,SAN MARTIN,,Villa Gral. Mitre,Paternal,,AVENIDA,129.1520314929584,"LINESTRING (-58.46012447850862 -34.604068284711076, -58.460539594984716 -34.60396188477355, -58.46146981313297 -34.60372492690632)",Q134160,José de San Martín,Prócer,procer
10131,"MADERO, EDUARDO AV.",EDUARDO MADERO,Puerto Madero,Puerto Madero,Puerto Madero,1.0,AVENIDA,136.438895209436,"LINESTRING (-58.368007996192745 -34.604049714858746, -58.368122253645275 -34.602964238213225, -58.368169716933316 -34.6028295303064)",Q3822036,Eduardo Madero,Prócer,procer
10135,SAN MARTIN AV.,SAN MARTIN,,Villa Gral. Mitre,Paternal,,AVENIDA,9.896698494501543,"LINESTRING (-58.460021423167184 -34.60409469082907, -58.46012447850862 -34.604068284711076)",Q134160,José de San Martín,Prócer,procer
10141,"GONZALEZ, JOAQUIN V.",JOAQUIN V. GONZALEZ,,Villa Devoto,Villa Del Parque,,CALLE,116.3053749468896,"LINESTRING (-58.50461840461946 -34.60410633077283, -58.50537240545031 -34.603263454967035)",Q584197,Joaquín Víctor González,Liberalismo,politico
10146,"VIRASORO, VALENTIN",VALENTIN VIRASORO,Villa Crespo,Villa Crespo,Villa Crespo,15.0,CALLE,107.8317297525171,"LINESTRING (-58.44693786082598 -34.60412180722859, -58.44765597896117 -34.60335224204247)",Q6158916,Valentín Virasoro,Prócer,procer
10159,"FIGUEROA, D. APOLINARIO, CORONEL",D. APOLINARIO FIGUEROA,Villa Crespo,Villa Crespo,Villa Crespo,15.0,CALLE,115.3379089915387,"LINESTRING (-58.44435304156868 -34.603496564757, -58.44532160249232 -34.60415953809371)",Q5701525,Apolinario Figueroa,Prócer,procer
10169,"ALEM, LEANDRO N. AV.",LEANDRO N. ALEM,San Nicolas,San Nicolas,San Nicolas,1.0,AVENIDA,131.886157281911,"LINESTRING (-58.37015990712317 -34.60419172262706, -58.370166993019225 -34.60410031826932, -58.370267690326465 -34.603006224300984)",Q2621980,Leandro N. Alem,Prócer,procer
10172,"BEIRO, FRANCISCO AV.",FRANCISCO BEIRO,Villa Devoto,Villa Devoto,Villa Devoto,11.0,AVENIDA,93.53544024726197,"LINESTRING (-58.508377351992415 -34.603744273064216, -58.509192819078834 -34.60425047276403)",Q5865215,Francisco Beiró,UCR,politico
10182,"GALLARDO, ANGEL AV.",ANGEL GALLARDO,,Caballito,Villa Crespo,,AVENIDA,155.9138460908757,"LINESTRING (-58.43514990350268 -34.603574367238316, -58.435339539813555 -34.603674553180205, -58.43661763839414 -34.604282806148774)",Q3815109,Ángel Gallardo,UCR,politico
10190,"CANTILO, JOSE LUIS",JOSE LUIS CANTILO,Villa Devoto,Villa Devoto,Villa Devoto,11.0,CALLE,144.9785588582243,"LINESTRING (-58.5118332332054 -34.60352556712415, -58.51310040729734 -34.604306617349344)",Q1646739,José Luis Cantilo,UCR,politico
10193,"FRIAS, EUSTOQUIO, TTE. GENERAL",EUSTOQUIO FRIAS,Villa Crespo,Villa Crespo,Villa Crespo,15.0,CALLE,79.20690015041758,"LINESTRING (-58.43766128819215 -34.60432148118678, -58.43697828466298 -34.60388463913586)",Q5852433,Eustoquio Frías,Prócer,procer
10203,"SALGUERO, JERONIMO",JERONIMO SALGUERO,Almagro,Almagro,Almagro,5.0,CALLE,116.0398651436695,"LINESTRING (-58.41964553389673 -34.60435967601105, -58.419512449510705 -34.60331947206896)",Q11684757,Jerónimo Salguero,Prócer,procer
10207,SAN MARTIN AV.,SAN MARTIN,,Villa Gral. Mitre,Paternal,,AVENIDA,104.3065389177939,"LINESTRING (-58.45893533512893 -34.604373182075264, -58.460021423167184 -34.60409469082907)",Q134160,José de San Martín,Prócer,procer
10222,"ALVAREZ, DONATO, TTE. GRAL. AV.",DONATO ALVAREZ,Villa Gral. Mitre,Villa Gral. Mitre,Villa Gral. Mitre,11.0,AVENIDA,134.5262488885431,"LINESTRING (-58.46415322421283 -34.60443790600409, -58.46471063781356 -34.60331626438813)",Q606183,Donato Álvarez,Prócer,procer
10226,"PAZ, MARCOS",MARCOS PAZ,Villa Devoto,Villa Devoto,Villa Devoto,11.0,CALLE,95.11580368068242,"LINESTRING (-58.51692407715164 -34.6044455622385, -58.51754417324093 -34.60375837661945)",Q3846654,Marcos Paz,Prócer,procer
10236,"JUSTO, JUAN B. AV.",JUAN B. JUSTO,Villa Crespo,Villa Crespo,Villa Crespo,15.0,AVENIDA,125.5351666172955,"LINESTRING (-58.45742302909512 -34.60376719409659, -58.45819820105796 -34.60429167339784, -58.458474477984645 -34.60449133548458)",Q6298935,Juan B. Justo,PS,politico
10237,SAN MARTIN AV.,SAN MARTIN,,Villa Gral. Mitre,Villa Crespo,,AVENIDA,44.25945356988996,"LINESTRING (-58.458474477984645 -34.60449133548458, -58.45893533512893 -34.604373182075264)",Q134160,José de San Martín,Prócer,procer
10239,SAN MARTIN,SAN MARTIN,San Nicolas,San Nicolas,San Nicolas,1.0,CALLE,136.8185690288441,"LINESTRING (-58.373789770247434 -34.60446416169888, -58.373794646862315 -34.604364304684644, -58.37384166020997 -34.60341122677563, -58.37385386107077 -34.60323200775726)",Q134160,José de San Martín,Prócer,procer
10246,"LAMARCA, EMILIO",EMILIO LAMARCA,Villa Del Parque,Villa Del Parque,Villa Del Parque,11.0,CALLE,97.12520700557295,"LINESTRING (-58.50055083487522 -34.60451173086879, -58.50105425668587 -34.60391649691811, -58.50116134441377 -34.603796461955085)",Q5831159,Emilio Lamarca,Prócer,procer
10248,"OROÑO, NICASIO",NICASIO ORONO,Villa Gral. Mitre,Villa Gral. Mitre,Villa Gral. Mitre,11.0,CALLE,98.76505273218046,"LINESTRING (-58.46118379716715 -34.60451958198646, -58.46158870897383 -34.60369464648925)",Q389678,Nicasio Oroño,Prócer,procer
10260,"GALLARDO, ANGEL AV.",ANGEL GALLARDO,,Caballito,Villa Crespo,,AVENIDA,59.31768664735387,"LINESTRING (-58.43661763839414 -34.604282806148774, -58.4370547457547 -34.60449079135239, -58.43717600749618 -34.604552438004)",Q3815109,Ángel Gallardo,UCR,politico
10266,"CARRIL, SALVADOR MARIA DEL AV.",SALVADOR MARIA DEL CARRIL,Villa Devoto,Villa Devoto,Villa Devoto,11.0,AVENIDA,145.1749485052227,"LINESTRING (-58.51949250686621 -34.60378608686552, -58.5206150771417 -34.604477053747985, -58.52075924787921 -34.60457050843435)",Q7406435,Salvador María del Carril,Prócer,procer
10286,"ESCALADA DE SAN MARTIN, R.",R. ESCALADA DE SAN MARTIN,Villa Crespo,Villa Crespo,Villa Crespo,15.0,CALLE,189.4214116357647,"LINESTRING (-58.45518345274707 -34.60360748582258, -58.45680480594717 -34.604664922567714)",Q134160,José de San Martín,Prócer,procer
10306,"BRAVO, MARIO",MARIO BRAVO,Almagro,Almagro,Almagro,5.0,CALLE,123.2225526536175,"LINESTRING (-58.41692649117988 -34.60469867788339, -58.41674884583653 -34.60359767850516)",Q1619796,Mario Bravo,PS,politico
10313,"REPETTO, NICOLAS, DR.",NICOLAS REPETTO,Villa Crespo,Villa Crespo,Villa Crespo,15.0,CALLE,146.8750082858458,"LINESTRING (-58.452569316333076 -34.60476307574261, -58.45353849884648 -34.60370919781836)",Q5409572,Nicolás Repetto,PS,politico
10327,"FIGUEROA, D. APOLINARIO, CORONEL",D. APOLINARIO FIGUEROA,Villa Crespo,Villa Crespo,Villa Crespo,15.0,CALLE,116.2909645691219,"LINESTRING (-58.44532160249232 -34.60415953809371, -58.4454879131234 -34.60427336699136, -58.44630465786098 -34.604821449338125)",Q5701525,Apolinario Figueroa,Prócer,procer
10328,"VIRASORO, VALENTIN",VALENTIN VIRASORO,Villa Crespo,Villa Crespo,Villa Crespo,15.0,CALLE,97.07442205059415,"LINESTRING (-58.44630465786098 -34.604821449338125, -58.44698478317258 -34.604151039298145)",Q6158916,Valentín Virasoro,Prócer,procer
10353,"GALLARDO, ANGEL AV.",ANGEL GALLARDO,,Caballito,Villa Crespo,,AVENIDA,86.17055932581513,"LINESTRING (-58.43717600749618 -34.604552438004, -58.437976390652004 -34.60495909160835)",Q3815109,Ángel Gallardo,UCR,politico
10356,"PELLEGRINI, CARLOS",CARLOS PELLEGRINI,San Nicolas,San Nicolas,San Nicolas,1.0,CALLE,99.83436794033952,"LINESTRING (-58.38090349039679 -34.60493439097077, -58.38094255078923 -34.60436342319566, -58.38095973776205 -34.60403568356746)",Q270446,Carlos Pellegrini,Prócer,procer
10365,SAN MARTIN AV.,SAN MARTIN,,Caballito,Villa Crespo,,AVENIDA,183.6359856258714,"LINESTRING (-58.45656392082161 -34.604985759311006, -58.458080648926604 -34.60459230668369, -58.458474477984645 -34.60449133548458)",Q134160,José de San Martín,Prócer,procer
10379,"BEIRO, FRANCISCO AV.",FRANCISCO BEIRO,Villa Devoto,Villa Devoto,Villa Devoto,11.0,AVENIDA,145.3329186335641,"LINESTRING (-58.509192819078834 -34.60425047276403, -58.5102284095417 -34.60489220095735, -58.51046117414849 -34.60503556401043)",Q5865215,Francisco Beiró,UCR,politico
10389,"CANTILO, JOSE LUIS",JOSE LUIS CANTILO,Villa Devoto,Villa Devoto,Villa Devoto,11.0,CALLE,145.2644260523231,"LINESTRING (-58.51310040729734 -34.604306617349344, -58.51436990577388 -34.60508941391916)",Q1646739,José Luis Cantilo,UCR,politico
10392,"SALGUERO, JERONIMO",JERONIMO SALGUERO,Almagro,Almagro,Almagro,5.0,CALLE,81.91956421558642,"LINESTRING (-58.4197395178448 -34.6050940161469, -58.41964553389673 -34.60435967601105)",Q11684757,Jerónimo Salguero,Prócer,procer
10397,"ANCHORENA, TOMAS MANUEL DE, DR.",TOMAS MANUEL DE ANCHORENA,Balvanera,Balvanera,Balvanera,3.0,CALLE,125.917359627366,"LINESTRING (-58.41077333454847 -34.60510844364691, -58.41034706273563 -34.60402951119841)",Q1443439,Tomás Manuel de Anchorena,Prócer,procer
10410,"PAZ, MARCOS",MARCOS PAZ,Villa Devoto,Villa Devoto,Villa Devoto,11.0,CALLE,95.06122364720915,"LINESTRING (-58.51630473728923 -34.60513260345759, -58.51682739363178 -34.6045526485139, -58.51692407715164 -34.6044455622385)",Q3846654,Marcos Paz,Prócer,procer
10412,SAN MARTIN AV.,SAN MARTIN,,Caballito,Villa Crespo,,AVENIDA,73.05505634795416,"LINESTRING (-58.45580401830731 -34.60518290099139, -58.45656392082161 -34.604985759311006)",Q134160,José de San Martín,Prócer,procer
10419,"JUSTO, JUAN B. AV.",JUAN B. JUSTO,,Caballito,Villa Gral. Mitre,,AVENIDA,124.1649951444873,"LINESTRING (-58.458474477984645 -34.60449133548458, -58.45878294903185 -34.60471437876244, -58.459513510622706 -34.60520849540797)",Q6298935,Juan B. Justo,PS,politico
10421,"MADERO, EDUARDO AV.",EDUARDO MADERO,Puerto Madero,Puerto Madero,Puerto Madero,1.0,AVENIDA,125.297707517085,"LINESTRING (-58.36792548517588 -34.60517332041751, -58.36789910185587 -34.605039570001, -58.368007996192745 -34.604049714858746)",Q3822036,Eduardo Madero,Prócer,procer
10431,"GONZALEZ, JOAQUIN V.",JOAQUIN V. GONZALEZ,,Villa Devoto,Villa Del Parque,,CALLE,156.4063052430141,"LINESTRING (-58.503605868905076 -34.60524070019831, -58.50373270233185 -34.605096430774644, -58.50461840461946 -34.60410633077283)",Q584197,Joaquín Víctor González,Liberalismo,politico
10440,"PERON, JUAN DOMINGO, TTE. GENERAL",JUAN DOMINGO PERON,San Nicolas,San Nicolas,San Nicolas,1.0,CALLE,85.60668320595715,"LINESTRING (-58.36792548517588 -34.60517332041751, -58.36885391901651 -34.605251719780384)",Q93330,Juan Domingo Perón,PJ,presidente
10444,"MOREAU DE JUSTO, ALICIA AV.",ALICIA MOREAU DE JUSTO,Puerto Madero,Puerto Madero,Puerto Madero,1.0,AVENIDA,265.2383399103821,"LINESTRING (-58.36723907545113 -34.6027682304699, -58.36699268416708 -34.604894912199576, -58.36695719332821 -34.60514771051369)",Q518850,Alicia Moreau de Justo,PS,politico
10447,"JUSTO, JUAN B. AV.",JUAN B. JUSTO,,Caballito,Villa Gral. Mitre,,AVENIDA,101.8891756408347,"LINESTRING (-58.459654036987 -34.60530350108313, -58.46051346910115 -34.60588536323549)",Q6298935,Juan B. Justo,PS,politico
10456,"LAMARCA, EMILIO",EMILIO LAMARCA,Villa Del Parque,Villa Del Parque,Villa Del Parque,11.0,CALLE,111.7790756948436,"LINESTRING (-58.49985246780369 -34.60533744714716, -58.50055083487522 -34.60451173086879)",Q5831159,Emilio Lamarca,Prócer,procer
10459,"CARRIL, SALVADOR MARIA DEL AV.",SALVADOR MARIA DEL CARRIL,Villa Devoto,Villa Devoto,Villa Devoto,11.0,AVENIDA,144.5807090096442,"LINESTRING (-58.52075924787921 -34.60457050843435, -58.52092148292961 -34.60467564473069, -58.521865569002 -34.60525759806703, -58.522022857495806 -34.60534935478432)",Q7406435,Salvador María del Carril,Prócer,procer
10469,"PERON, JUAN DOMINGO, TTE. GENERAL",JUAN DOMINGO PERON,San Nicolas,San Nicolas,San Nicolas,1.0,CALLE,91.90007561114248,"LINESTRING (-58.36885391901651 -34.605251719780384, -58.369851157537944 -34.60533130619963)",Q93330,Juan Domingo Perón,PJ,presidente
10470,"ALEM, LEANDRO N. AV.",LEANDRO N. ALEM,San Nicolas,San Nicolas,San Nicolas,1.0,AVENIDA,128.5914987684549,"LINESTRING (-58.37005768977499 -34.60534778783966, -58.37015990712317 -34.60419172262706)",Q2621980,Leandro N. Alem,Prócer,procer
10473,SAN MARTIN AV.,SAN MARTIN,,Caballito,Villa Crespo,,AVENIDA,78.93766199464665,"LINESTRING (-58.454983043565065 -34.605396231205205, -58.455525250211394 -34.60525520855247, -58.45580401830731 -34.60518290099139)",Q134160,José de San Martín,Prócer,procer
10476,"FIGUEROA, D. APOLINARIO, CORONEL",D. APOLINARIO FIGUEROA,Villa Crespo,Villa Crespo,Villa Crespo,15.0,CALLE,96.02791424816755,"LINESTRING (-58.44630465786098 -34.604821449338125, -58.446956034604575 -34.60525851658762, -58.44711623510305 -34.605368219392815)",Q5701525,Apolinario Figueroa,Prócer,procer
10483,"PERON, JUAN DOMINGO, TTE. GENERAL",JUAN DOMINGO PERON,San Nicolas,San Nicolas,San Nicolas,1.0,CALLE,60.46952040741361,"LINESTRING (-58.37027770634278 -34.60536123491191, -58.370935138065924 -34.60540141373214)",Q93330,Juan Domingo Perón,PJ,presidente
10497,"BRAVO, MARIO",MARIO BRAVO,Almagro,Almagro,Almagro,5.0,CALLE,88.88889672217054,"LINESTRING (-58.41705474197894 -34.60549289308063, -58.41692649117988 -34.60469867788339)",Q1619796,Mario Bravo,PS,politico
10501,"BEIRO, FRANCISCO AV.",FRANCISCO BEIRO,Villa Devoto,Villa Devoto,Villa Devoto,11.0,AVENIDA,89.40981244721938,"LINESTRING (-58.51046117414849 -34.60503556401043, -58.511243054200804 -34.60551681559408)",Q5865215,Francisco Beiró,UCR,politico
10503,"VIRASORO, VALENTIN",VALENTIN VIRASORO,Villa Crespo,Villa Crespo,Villa Crespo,15.0,CALLE,102.477224310848,"LINESTRING (-58.445586272288395 -34.605528892757896, -58.44571882471105 -34.60539898045092, -58.44630465786098 -34.604821449338125)",Q6158916,Valentín Virasoro,Prócer,procer
10507,"PERON, JUAN DOMINGO, TTE. GENERAL",JUAN DOMINGO PERON,San Nicolas,San Nicolas,San Nicolas,1.0,CALLE,128.3815028503129,"LINESTRING (-58.370935138065924 -34.60540141373214, -58.372185412356494 -34.60550115801956, -58.37232848838726 -34.60551034941603)",Q93330,Juan Domingo Perón,PJ,presidente
10510,"ALVAREZ, DONATO, TTE. GRAL. AV.",DONATO ALVAREZ,Villa Gral. Mitre,Villa Gral. Mitre,Villa Gral. Mitre,11.0,AVENIDA,133.3351309137317,"LINESTRING (-58.46360073546849 -34.605549615131366, -58.46415322421283 -34.60443790600409)",Q606183,Donato Álvarez,Prócer,procer
10516,"GALLARDO, ANGEL AV.",ANGEL GALLARDO,,Caballito,Villa Crespo,,AVENIDA,58.02253750962907,"LINESTRING (-58.437976390652004 -34.60495909160835, -58.43851533943474 -34.60523289320979)",Q3815109,Ángel Gallardo,UCR,politico
10531,"OROÑO, NICASIO",NICASIO ORONO,Villa Gral. Mitre,Villa Gral. Mitre,Villa Gral. Mitre,11.0,CALLE,133.6007435829884,"LINESTRING (-58.46063612288992 -34.60563550317165, -58.46118379716715 -34.60451958198646)",Q389678,Nicasio Oroño,Prócer,procer
10534,"PERON, JUAN DOMINGO, TTE. GENERAL",JUAN DOMINGO PERON,San Nicolas,San Nicolas,San Nicolas,1.0,CALLE,127.9770454371062,"LINESTRING (-58.37232848838726 -34.60551034941603, -58.3724684133818 -34.6055193270284, -58.373548285265045 -34.605600549834065, -58.37371792946456 -34.605614688789316)",Q93330,Juan Domingo Perón,PJ,presidente
10535,SAN MARTIN,SAN MARTIN,San Nicolas,San Nicolas,San Nicolas,1.0,CALLE,127.8077517683068,"LINESTRING (-58.37371792946456 -34.605614688789316, -58.37372490189451 -34.60546680448421, -58.37378306614828 -34.60460028549692, -58.373789770247434 -34.60446416169888)",Q134160,José de San Martín,Prócer,procer
10537,SAN MARTIN AV.,SAN MARTIN,,Caballito,Villa Crespo,,AVENIDA,94.28397020757225,"LINESTRING (-58.45400253578432 -34.605651234585196, -58.454983043565065 -34.605396231205205)",Q134160,José de San Martín,Prócer,procer
10554,"PERON, JUAN DOMINGO, TTE. GENERAL",JUAN DOMINGO PERON,San Nicolas,San Nicolas,San Nicolas,1.0,CALLE,127.956386822396,"LINESTRING (-58.37371792946456 -34.605614688789316, -58.37486609533363 -34.60571024603267, -58.375105914689506 -34.605729856512944)",Q93330,Juan Domingo Perón,PJ,presidente
10562,"BEIRO, FRANCISCO AV.",FRANCISCO BEIRO,Villa Devoto,Villa Devoto,Villa Devoto,11.0,AVENIDA,55.54868909344827,"LINESTRING (-58.511243054200804 -34.60551681559408, -58.5117287837694 -34.605815853454274)",Q5865215,Francisco Beiró,UCR,politico
10568,"GALLARDO, ANGEL AV.",ANGEL GALLARDO,,Caballito,Villa Crespo,,AVENIDA,82.73816311938252,"LINESTRING (-58.439286711643824 -34.60560521105918, -58.44014286463541 -34.605839957440274)",Q3815109,Ángel Gallardo,UCR,politico
10569,"PERON, JUAN DOMINGO, TTE. GENERAL",JUAN DOMINGO PERON,San Nicolas,San Nicolas,San Nicolas,1.0,CALLE,131.3152364367973,"LINESTRING (-58.375105914689506 -34.605729856512944, -58.37528288370847 -34.60574435070446, -58.376378273712845 -34.60581464401048, -58.37653284782483 -34.60582475417378)",Q93330,Juan Domingo Perón,PJ,presidente
10572,"REPETTO, NICOLAS, DR.",NICOLAS REPETTO,Villa Crespo,Villa Crespo,Villa Crespo,15.0,CALLE,152.3782302455375,"LINESTRING (-58.45156382108348 -34.60585644991373, -58.452569316333076 -34.60476307574261)",Q5409572,Nicolás Repetto,PS,politico
10579,"CANTILO, JOSE LUIS",JOSE LUIS CANTILO,Villa Devoto,Villa Devoto,Villa Devoto,11.0,CALLE,145.1753672824041,"LINESTRING (-58.51436990577388 -34.60508941391916, -58.515638661223186 -34.605871704522094)",Q1646739,José Luis Cantilo,UCR,politico
10580,"PAZ, MARCOS",MARCOS PAZ,Villa Devoto,Villa Devoto,Villa Devoto,11.0,CALLE,102.2534659461428,"LINESTRING (-58.515638661223186 -34.605871704522094, -58.51630473728923 -34.60513260345759)",Q3846654,Marcos Paz,Prócer,procer
10582,"OROÑO, NICASIO",NICASIO ORONO,Villa Gral. Mitre,Villa Gral. Mitre,Villa Gral. Mitre,11.0,CALLE,29.91473886659425,"LINESTRING (-58.46051346910115 -34.60588536323549, -58.46063612288992 -34.60563550317165)",Q389678,Nicasio Oroño,Prócer,procer
10584,SAN MARTIN AV.,SAN MARTIN,,Caballito,Villa Crespo,,AVENIDA,89.67328459590044,"LINESTRING (-58.453069974655364 -34.60589376913353, -58.45400253578432 -34.605651234585196)",Q134160,José de San Martín,Prócer,procer
10585,"GALLARDO, ANGEL AV.",ANGEL GALLARDO,,Caballito,Villa Crespo,,AVENIDA,18.69946477446174,"LINESTRING (-58.44014286463541 -34.605839957440274, -58.4403363577495 -34.605893022951655)",Q3815109,Ángel Gallardo,UCR,politico
10589,"PERON, JUAN DOMINGO, TTE. GENERAL",JUAN DOMINGO PERON,San Nicolas,San Nicolas,San Nicolas,1.0,CALLE,90.096933492485,"LINESTRING (-58.37653284782483 -34.60582475417378, -58.37710975444013 -34.605862557966766, -58.37751198815631 -34.605889039000395)",Q93330,Juan Domingo Perón,PJ,presidente
10591,SAN MARTIN AV.,SAN MARTIN,,Caballito,Villa Crespo,,AVENIDA,10.61723348787434,"LINESTRING (-58.45295958984679 -34.60592256306504, -58.453069974655364 -34.60589376913353)",Q134160,José de San Martín,Prócer,procer
10600,"PERON, JUAN DOMINGO, TTE. GENERAL",JUAN DOMINGO PERON,San Nicolas,San Nicolas,San Nicolas,1.0,CALLE,39.89724120191446,"LINESTRING (-58.37751198815631 -34.605889039000395, -58.37794556276342 -34.60591765334295)",Q93330,Juan Domingo Perón,PJ,presidente
10603,"PERON, JUAN DOMINGO, TTE. GENERAL",JUAN DOMINGO PERON,Almagro,Almagro,Almagro,5.0,CALLE,144.0472851369235,"LINESTRING (-58.42910044734417 -34.60594334942007, -58.43067082677327 -34.60594068085131)",Q93330,Juan Domingo Perón,PJ,presidente
10605,"PERON, JUAN DOMINGO, TTE. GENERAL",JUAN DOMINGO PERON,Almagro,Almagro,Almagro,5.0,CALLE,139.6410104892213,"LINESTRING (-58.42757810419382 -34.605945871002994, -58.42910044734417 -34.60594334942007)",Q93330,Juan Domingo Perón,PJ,presidente
10607,"PERON, JUAN DOMINGO, TTE. GENERAL",JUAN DOMINGO PERON,Almagro,Almagro,Almagro,5.0,CALLE,134.3791492044119,"LINESTRING (-58.42611316322729 -34.60595472922021, -58.42743910541474 -34.60594611192273, -58.42757810419382 -34.605945871002994)",Q93330,Juan Domingo Perón,PJ,presidente
10610,"PERON, JUAN DOMINGO, TTE. GENERAL",JUAN DOMINGO PERON,Almagro,Almagro,Almagro,5.0,CALLE,143.018011755639,"LINESTRING (-58.424554024478056 -34.60596058218193, -58.425429921299695 -34.605959237446015, -58.42611316322729 -34.60595472922021)",Q93330,Juan Domingo Perón,PJ,presidente
10618,"GONZALEZ, JOAQUIN V.",JOAQUIN V. GONZALEZ,,Villa Devoto,Villa Del Parque,,CALLE,101.7945171931999,"LINESTRING (-58.50295390458033 -34.605983248565224, -58.503076909666575 -34.60584334734478, -58.50346847966965 -34.60539687454435, -58.503605868905076 -34.60524070019831)",Q584197,Joaquín Víctor González,Liberalismo,politico
10624,"PERON, JUAN DOMINGO, TTE. GENERAL",JUAN DOMINGO PERON,Almagro,Almagro,Almagro,5.0,CALLE,159.6367040968119,"LINESTRING (-58.422814477345874 -34.606000370067605, -58.42297119212386 -34.60599936561435, -58.42435157342101 -34.60596086984138, -58.424554024478056 -34.60596058218193)",Q93330,Juan Domingo Perón,PJ,presidente
10627,"LAMARCA, EMILIO",EMILIO LAMARCA,Villa Del Parque,Villa Del Parque,Villa Del Parque,11.0,CALLE,90.69871247702577,"LINESTRING (-58.49928697192179 -34.606008117958574, -58.49973754744307 -34.60547325814946, -58.49985246780369 -34.60533744714716)",Q5831159,Emilio Lamarca,Prócer,procer
10628,"SALGUERO, JERONIMO",JERONIMO SALGUERO,Almagro,Almagro,Almagro,5.0,CALLE,102.0157751614409,"LINESTRING (-58.41985649086008 -34.606008507762084, -58.4197395178448 -34.6050940161469)",Q11684757,Jerónimo Salguero,Prócer,procer
10629,"PERON, JUAN DOMINGO, TTE. GENERAL",JUAN DOMINGO PERON,Almagro,Almagro,Almagro,5.0,CALLE,132.1875590812939,"LINESTRING (-58.41985649086008 -34.606008507762084, -58.4212975802874 -34.60601013914425)",Q93330,Juan Domingo Perón,PJ,presidente
10631,"PERON, JUAN DOMINGO, TTE. GENERAL",JUAN DOMINGO PERON,Almagro,Almagro,Almagro,5.0,CALLE,139.1453001191776,"LINESTRING (-58.4212975802874 -34.60601013914425, -58.422814477345874 -34.606000370067605)",Q93330,Juan Domingo Perón,PJ,presidente
10638,"PERON, JUAN DOMINGO, TTE. GENERAL",JUAN DOMINGO PERON,San Nicolas,San Nicolas,San Nicolas,1.0,CALLE,126.830490029394,"LINESTRING (-58.37794556276342 -34.60591765334295, -58.379323873890634 -34.60600854062296)",Q93330,Juan Domingo Perón,PJ,presidente
10642,"PERON, JUAN DOMINGO, TTE. GENERAL",JUAN DOMINGO PERON,San Nicolas,San Nicolas,San Nicolas,1.0,CALLE,86.26849859477952,"LINESTRING (-58.379323873890634 -34.60600854062296, -58.3794404649813 -34.60601622655443, -58.3802625790606 -34.60605608516321)",Q93330,Juan Domingo Perón,PJ,presidente
10650,"PERON, JUAN DOMINGO, TTE. GENERAL",JUAN DOMINGO PERON,San Nicolas,San Nicolas,San Nicolas,1.0,CALLE,52.97613123506441,"LINESTRING (-58.3802625790606 -34.60605608516321, -58.38069531139327 -34.60607701299656, -58.38083915848382 -34.60608358926493)",Q93330,Juan Domingo Perón,PJ,presidente
10651,"PELLEGRINI, CARLOS",CARLOS PELLEGRINI,San Nicolas,San Nicolas,San Nicolas,1.0,CALLE,127.625222070772,"LINESTRING (-58.38083915848382 -34.60608358926493, -58.38089044103651 -34.60512544123787, -58.38090349039679 -34.60493439097077)",Q270446,Carlos Pellegrini,Prócer,procer
10658,"FIGUEROA, D. APOLINARIO, CORONEL",D. APOLINARIO FIGUEROA,Villa Crespo,Villa Crespo,Villa Crespo,15.0,CALLE,119.9993009945165,"LINESTRING (-58.447216579117 -34.605438586982196, -58.4482251669738 -34.60612749549363)",Q5701525,Apolinario Figueroa,Prócer,procer
10664,"PERON, JUAN DOMINGO, TTE. GENERAL",JUAN DOMINGO PERON,San Nicolas,San Nicolas,San Nicolas,1.0,CALLE,39.29313461385389,"LINESTRING (-58.38083915848382 -34.60608358926493, -58.38126678764905 -34.606104391936874)",Q93330,Juan Domingo Perón,PJ,presidente
10666,"CARRIL, SALVADOR MARIA DEL AV.",SALVADOR MARIA DEL CARRIL,Villa Devoto,Villa Devoto,Villa Devoto,11.0,AVENIDA,145.5795615013916,"LINESTRING (-58.522022857495806 -34.60534935478432, -58.52217750496563 -34.60543956325358, -58.523293650221255 -34.606135367605084)",Q7406435,Salvador María del Carril,Prócer,procer
10670,"PERON, JUAN DOMINGO, TTE. GENERAL",JUAN DOMINGO PERON,San Nicolas,San Nicolas,San Nicolas,1.0,CALLE,35.91198238165683,"LINESTRING (-58.38169091148476 -34.60612218787049, -58.38208183184201 -34.606139916537664)",Q93330,Juan Domingo Perón,PJ,presidente
10673,SAN MARTIN AV.,SAN MARTIN,,Caballito,Villa Crespo,,AVENIDA,90.7035727027235,"LINESTRING (-58.452015865035946 -34.606166708340425, -58.45242904341598 -34.60605991331439, -58.45295958984679 -34.60592256306504)",Q134160,José de San Martín,Prócer,procer
10682,"GALLARDO, ANGEL AV.",ANGEL GALLARDO,,Caballito,Villa Crespo,,AVENIDA,122.1663489437631,"LINESTRING (-58.4403363577495 -34.605893022951655, -58.44146649192528 -34.60620288280497, -58.44160096771351 -34.606238470690855)",Q3815109,Ángel Gallardo,UCR,politico
10686,"PERON, JUAN DOMINGO, TTE. GENERAL",JUAN DOMINGO PERON,San Nicolas,San Nicolas,San Nicolas,1.0,CALLE,138.3007559486769,"LINESTRING (-58.38208183184201 -34.606139916537664, -58.38221358550452 -34.606145849323184, -58.38345385546793 -34.6062235697797, -58.38358509308802 -34.60623499378224)",Q93330,Juan Domingo Perón,PJ,presidente
10693,"VIRASORO, VALENTIN",VALENTIN VIRASORO,Villa Crespo,Villa Crespo,Villa Crespo,15.0,CALLE,117.2730173831443,"LINESTRING (-58.44475832276344 -34.6063343448526, -58.44487639421773 -34.606224642837894, -58.445586272288395 -34.605528892757896)",Q6158916,Valentín Virasoro,Prócer,procer
10696,"PERON, JUAN DOMINGO, TTE. GENERAL",JUAN DOMINGO PERON,San Nicolas,San Nicolas,San Nicolas,1.0,CALLE,130.0140452604321,"LINESTRING (-58.38358509308802 -34.60623499378224, -58.3837123279767 -34.606246133338544, -58.384883512159114 -34.606339709897384, -58.38499601675031 -34.606346613235026)",Q93330,Juan Domingo Perón,PJ,presidente
10708,"PERON, JUAN DOMINGO, TTE. GENERAL",JUAN DOMINGO PERON,San Nicolas,San Nicolas,San Nicolas,1.0,CALLE,42.40391827162514,"LINESTRING (-58.38499601675031 -34.606346613235026, -58.38545676357869 -34.60637775357027)",Q93330,Juan Domingo Perón,PJ,presidente
10709,"REPETTO, NICOLAS, DR.",NICOLAS REPETTO,Villa Crespo,Villa Crespo,Villa Crespo,15.0,CALLE,77.74698113994735,"LINESTRING (-58.45105075621588 -34.606414294915155, -58.45156382108348 -34.60585644991373)",Q5409572,Nicolás Repetto,PS,politico
10710,SAN MARTIN AV.,SAN MARTIN,,Caballito,Villa Crespo,,AVENIDA,92.68981849693154,"LINESTRING (-58.45105075621588 -34.606414294915155, -58.45150839775091 -34.606297859439934, -58.452015865035946 -34.606166708340425)",Q134160,José de San Martín,Prócer,procer
10719,"PERON, JUAN DOMINGO, TTE. GENERAL",JUAN DOMINGO PERON,San Nicolas,San Nicolas,San Nicolas,1.0,CALLE,84.95282790513996,"LINESTRING (-58.38545676357869 -34.60637775357027, -58.38638022085158 -34.60643608654132)",Q93330,Juan Domingo Perón,PJ,presidente
10725,"BEIRO, FRANCISCO AV.",FRANCISCO BEIRO,Villa Devoto,Villa Devoto,Villa Devoto,11.0,AVENIDA,120.5224487073805,"LINESTRING (-58.5117287837694 -34.605815853454274, -58.512782729159824 -34.60646459485284)",Q5865215,Francisco Beiró,UCR,politico
10735,SAN MARTIN AV.,SAN MARTIN,,Caballito,Villa Crespo,,AVENIDA,29.86177669936965,"LINESTRING (-58.450739613749256 -34.6064934897806, -58.45105075621588 -34.606414294915155)",Q134160,José de San Martín,Prócer,procer
10743,SAN MARTIN AV.,SAN MARTIN,,Caballito,Villa Crespo,,AVENIDA,7.94491302821698,"LINESTRING (-58.450656824034624 -34.60651453787244, -58.450739613749256 -34.6064934897806)",Q134160,José de San Martín,Prócer,procer
10744,"ANCHORENA, TOMAS MANUEL DE, DR.",TOMAS MANUEL DE ANCHORENA,Balvanera,Balvanera,Balvanera,3.0,CALLE,166.5290239914118,"LINESTRING (-58.41134879256848 -34.606532161291554, -58.41082376000957 -34.605236072835055, -58.41077333454847 -34.60510844364691)",Q1443439,Tomás Manuel de Anchorena,Prócer,procer
10748,"PERON, JUAN DOMINGO, TTE. GENERAL",JUAN DOMINGO PERON,San Nicolas,San Nicolas,San Nicolas,1.0,CALLE,132.0735211877612,"LINESTRING (-58.38638022085158 -34.60643608654132, -58.38653803982034 -34.60643970711045, -58.38771631587824 -34.60651480997426, -58.3878154443387 -34.60652691376668)",Q93330,Juan Domingo Perón,PJ,presidente
10758,"JUSTO, JUAN B. AV.",JUAN B. JUSTO,,Caballito,Villa Gral. Mitre,,AVENIDA,121.95125267721,"LINESTRING (-58.46051346910115 -34.60588536323549, -58.46154086855629 -34.60658306856333)",Q6298935,Juan B. Justo,PS,politico
10760,"ALEM, LEANDRO N. AV.",LEANDRO N. ALEM,San Nicolas,San Nicolas,San Nicolas,1.0,AVENIDA,137.8397506606599,"LINESTRING (-58.36950276184383 -34.60639885115214, -58.36972198025652 -34.606309966470455, -58.3698557995622 -34.60620259190108, -58.369963658983835 -34.60606141913377, -58.37001151138246 -34.6058894931319, -58.37005768977499 -34.60534778783966)",Q2621980,Leandro N. Alem,Prócer,procer
10761,"MITRE, BARTOLOME",BARTOLOME MITRE,San Nicolas,San Nicolas,San Nicolas,1.0,CALLE,56.55030969199201,"LINESTRING (-58.37025704891002 -34.606522863239825, -58.3703770408143 -34.60652776641745, -58.370871591767205 -34.60656286086031)",Q314362,Bartolomé Mitre,Prócer,procer
10765,"BEIRO, FRANCISCO AV.",FRANCISCO BEIRO,Villa Devoto,Villa Devoto,Villa Devoto,11.0,AVENIDA,24.56417227326509,"LINESTRING (-58.512782729159824 -34.60646459485284, -58.512997524745266 -34.60659683339243)",Q5865215,Francisco Beiró,UCR,politico
10768,"GALLARDO, ANGEL AV.",ANGEL GALLARDO,,Caballito,Villa Crespo,,AVENIDA,133.2090215345369,"LINESTRING (-58.44160096771351 -34.606238470690855, -58.44282522010791 -34.60657087018211, -58.44298124415553 -34.60661174192534)",Q3815109,Ángel Gallardo,UCR,politico
10771,"PAZ, MARCOS",MARCOS PAZ,Villa Devoto,Villa Devoto,Villa Devoto,11.0,CALLE,102.3078974276989,"LINESTRING (-58.51497078445278 -34.6066103096637, -58.51555108154122 -34.60596899698343, -58.515638661223186 -34.605871704522094)",Q3846654,Marcos Paz,Prócer,procer
10775,"MITRE, BARTOLOME",BARTOLOME MITRE,,Monserrat,San Nicolas,,CALLE,66.61160464857375,"LINESTRING (-58.36918898685305 -34.606355620487705, -58.36943536789188 -34.6063298059287, -58.36965239460935 -34.606297933212346, -58.36972198025652 -34.606309966470455, -58.369905507886315 -34.60633657207657)",Q314362,Bartolomé Mitre,Prócer,procer
10781,"PERON, JUAN DOMINGO, TTE. GENERAL",JUAN DOMINGO PERON,San Nicolas,San Nicolas,San Nicolas,1.0,CALLE,137.6667627602911,"LINESTRING (-58.3878154443387 -34.60652691376668, -58.38794293175185 -34.606542485750204, -58.38931087696526 -34.6066292396726)",Q93330,Juan Domingo Perón,PJ,presidente
10784,"ALVAREZ, DONATO, TTE. GRAL. AV.",DONATO ALVAREZ,Villa Gral. Mitre,Villa Gral. Mitre,Villa Gral. Mitre,11.0,AVENIDA,133.568653035041,"LINESTRING (-58.463052064704854 -34.60666484273861, -58.46312650492817 -34.60650385462278, -58.46360073546849 -34.605549615131366)",Q606183,Donato Álvarez,Prócer,procer
10785,"CANTILO, JOSE LUIS",JOSE LUIS CANTILO,Villa Devoto,Villa Devoto,Villa Devoto,11.0,CALLE,145.1081764422383,"LINESTRING (-58.515638661223186 -34.605871704522094, -58.51690684403515 -34.606653629953314)",Q1646739,José Luis Cantilo,UCR,politico
10792,"MITRE, BARTOLOME",BARTOLOME MITRE,San Nicolas,San Nicolas,San Nicolas,1.0,CALLE,127.6690697867417,"LINESTRING (-58.370871591767205 -34.60656286086031, -58.37099465476236 -34.60657154569361, -58.372136620036265 -34.606660785807456, -58.37225746916175 -34.60666918601887)",Q314362,Bartolomé Mitre,Prócer,procer
10794,"SALGUERO, JERONIMO",JERONIMO SALGUERO,Almagro,Almagro,Almagro,5.0,CALLE,76.89102661708489,"LINESTRING (-58.4199197541006 -34.60669952613826, -58.41988075095802 -34.60619823744769, -58.41985649086008 -34.606008507762084)",Q11684757,Jerónimo Salguero,Prócer,procer
10798,"PERON, JUAN DOMINGO, TTE. GENERAL",JUAN DOMINGO PERON,San Nicolas,San Nicolas,San Nicolas,1.0,CALLE,131.9366735283409,"LINESTRING (-58.38931087696526 -34.6066292396726, -58.38944544027873 -34.60663777202369, -58.39061445253393 -34.606696291762944, -58.39074654887535 -34.60670165215049)",Q93330,Juan Domingo Perón,PJ,presidente
10808,"CARRIL, SALVADOR MARIA DEL AV.",SALVADOR MARIA DEL CARRIL,Villa Devoto,Villa Devoto,Villa Devoto,11.0,AVENIDA,103.7640221269271,"LINESTRING (-58.523293650221255 -34.606135367605084, -58.52416649031003 -34.60673036634584)",Q7406435,Salvador María del Carril,Prócer,procer
10812,"GONZALEZ, JOAQUIN V.",JOAQUIN V. GONZALEZ,,Villa Devoto,Villa Del Parque,,CALLE,107.806143940874,"LINESTRING (-58.50226430355549 -34.606770172221, -58.5028198328337 -34.60613575905964, -58.50295390458033 -34.605983248565224)",Q584197,Joaquín Víctor González,Liberalismo,politico
10817,"FIGUEROA, D. APOLINARIO, CORONEL",D. APOLINARIO FIGUEROA,Villa Crespo,Villa Crespo,Villa Crespo,15.0,CALLE,113.9604557386325,"LINESTRING (-58.4482251669738 -34.60612749549363, -58.449182122032944 -34.60678261945777)",Q5701525,Apolinario Figueroa,Prócer,procer
10824,"PERON, JUAN DOMINGO, TTE. GENERAL",JUAN DOMINGO PERON,Almagro,Almagro,Almagro,5.0,CALLE,142.2595155603662,"LINESTRING (-58.41861667243497 -34.60677891617411, -58.41985649086008 -34.606008507762084)",Q93330,Juan Domingo Perón,PJ,presidente
10827,"MITRE, BARTOLOME",BARTOLOME MITRE,San Nicolas,San Nicolas,San Nicolas,1.0,CALLE,128.4765797266734,"LINESTRING (-58.37225746916175 -34.60666918601887, -58.37350496750417 -34.606755815934406, -58.37365255326443 -34.60677120636694)",Q314362,Bartolomé Mitre,Prócer,procer
10828,SAN MARTIN,SAN MARTIN,San Nicolas,San Nicolas,San Nicolas,1.0,CALLE,128.4399437549567,"LINESTRING (-58.37365255326443 -34.60677120636694, -58.37371226391169 -34.605735249719224, -58.37371792946456 -34.605614688789316)",Q134160,José de San Martín,Prócer,procer
10829,"PERON, JUAN DOMINGO, TTE. GENERAL",JUAN DOMINGO PERON,San Nicolas,San Nicolas,San Nicolas,1.0,CALLE,125.9491827172527,"LINESTRING (-58.39074654887535 -34.60670165215049, -58.39089499754533 -34.60670772633549, -58.39191964408345 -34.60676847178958, -58.392115437039905 -34.60678781180275)",Q93330,Juan Domingo Perón,PJ,presidente
10832,"LAMARCA, EMILIO",EMILIO LAMARCA,Villa Del Parque,Villa Del Parque,Villa Del Parque,11.0,CALLE,111.6492117881041,"LINESTRING (-58.498590197871835 -34.60683333338184, -58.49917724278238 -34.60613843385026, -58.49928697192179 -34.606008117958574)",Q5831159,Emilio Lamarca,Prócer,procer
10835,"FIGUEROA, D. APOLINARIO, CORONEL",D. APOLINARIO FIGUEROA,Villa Crespo,Villa Crespo,Villa Crespo,15.0,CALLE,12.95080177296964,"LINESTRING (-58.449290873683545 -34.606857069685894, -58.449182122032944 -34.60678261945777)",Q5701525,Apolinario Figueroa,Prócer,procer
10836,SAN MARTIN AV.,SAN MARTIN,,Caballito,Villa Crespo,,AVENIDA,130.9300172563873,"LINESTRING (-58.449290873683545 -34.606857069685894, -58.450237849498926 -34.60662118542101, -58.450656824034624 -34.60651453787244)",Q134160,José de San Martín,Prócer,procer
10841,"BRAVO, MARIO",MARIO BRAVO,Almagro,Almagro,Almagro,5.0,CALLE,156.0396117822195,"LINESTRING (-58.4172772891274 -34.606887363526184, -58.41725998177355 -34.60676474960812, -58.41705474197894 -34.60549289308063)",Q1619796,Mario Bravo,PS,politico
10842,"PERON, JUAN DOMINGO, TTE. GENERAL",JUAN DOMINGO PERON,Almagro,Almagro,Almagro,5.0,CALLE,123.4446284338065,"LINESTRING (-58.4172772891274 -34.606887363526184, -58.41861667243497 -34.60677891617411)",Q93330,Juan Domingo Perón,PJ,presidente
10843,"MITRE, BARTOLOME",BARTOLOME MITRE,San Nicolas,San Nicolas,San Nicolas,1.0,CALLE,127.7286967225761,"LINESTRING (-58.37365255326443 -34.60677120636694, -58.37378429891559 -34.60678496525955, -58.37492279520475 -34.60685804976618, -58.37504023915641 -34.60686538840213)",Q314362,Bartolomé Mitre,Prócer,procer
10847,SAN MARTIN AV.,SAN MARTIN,,Caballito,Villa Crespo,,AVENIDA,21.87812756175574,"LINESTRING (-58.44906251865628 -34.60691401590431, -58.449290873683545 -34.606857069685894)",Q134160,José de San Martín,Prócer,procer
10852,"GALLARDO, ANGEL AV.",ANGEL GALLARDO,,Caballito,Villa Crespo,,AVENIDA,114.2115277388431,"LINESTRING (-58.44298124415553 -34.60661174192534, -58.444168377646896 -34.606922290433694)",Q3815109,Ángel Gallardo,UCR,politico
10853,"VIRASORO, VALENTIN",VALENTIN VIRASORO,Villa Crespo,Villa Crespo,Villa Crespo,15.0,CALLE,84.76099739364305,"LINESTRING (-58.444168377646896 -34.606922290433694, -58.444646895743254 -34.606437850494224, -58.44475832276344 -34.6063343448526)",Q6158916,Valentín Virasoro,Prócer,procer
10854,"MITRE, BARTOLOME",BARTOLOME MITRE,San Nicolas,San Nicolas,San Nicolas,1.0,CALLE,49.99240725212535,"LINESTRING (-58.37504023915641 -34.60686538840213, -58.375583683597874 -34.60689958359953)",Q314362,Bartolomé Mitre,Prócer,procer
10856,"PERON, JUAN DOMINGO, TTE. GENERAL",JUAN DOMINGO PERON,Balvanera,Balvanera,Balvanera,3.0,CALLE,134.0583738671938,"LINESTRING (-58.392115437039905 -34.60678781180275, -58.39231838390088 -34.60680785989914, -58.393567755298825 -34.60692301858666)",Q93330,Juan Domingo Perón,PJ,presidente
10858,"MADERO, EDUARDO AV.",EDUARDO MADERO,Puerto Madero,Puerto Madero,Puerto Madero,1.0,AVENIDA,188.8458965692534,"LINESTRING (-58.367710396269544 -34.60686391107574, -58.36787644366746 -34.605316648587575, -58.36792548517588 -34.60517332041751)",Q3822036,Eduardo Madero,Prócer,procer
10859,"BEIRO, FRANCISCO AV.",FRANCISCO BEIRO,Villa Devoto,Villa Devoto,Villa Devoto,11.0,AVENIDA,67.23151672171964,"LINESTRING (-58.512997524745266 -34.60659683339243, -58.51316673744479 -34.606700991195744, -58.513585340581606 -34.606958851246496)",Q5865215,Francisco Beiró,UCR,politico
10862,"PERON, JUAN DOMINGO, TTE. GENERAL",JUAN DOMINGO PERON,Almagro,Almagro,Almagro,5.0,CALLE,90.97774864117628,"LINESTRING (-58.41628968052785 -34.606962903576594, -58.41642672863778 -34.606950984302145, -58.4172772891274 -34.606887363526184)",Q93330,Juan Domingo Perón,PJ,presidente
10863,"MITRE, BARTOLOME",BARTOLOME MITRE,San Nicolas,San Nicolas,San Nicolas,1.0,CALLE,82.23670419522338,"LINESTRING (-58.375583683597874 -34.60689958359953, -58.37603037988012 -34.606927580367824, -58.37647758661636 -34.606956420946325)",Q314362,Bartolomé Mitre,Prócer,procer
10865,"JUSTO, JUAN B. AV.",JUAN B. JUSTO,,Caballito,Villa Gral. Mitre,,AVENIDA,72.40470906064856,"LINESTRING (-58.46154086855629 -34.60658306856333, -58.46215086051392 -34.606997307163745)",Q6298935,Juan B. Justo,PS,politico
10882,"PERON, JUAN DOMINGO, TTE. GENERAL",JUAN DOMINGO PERON,Balvanera,Balvanera,Balvanera,3.0,CALLE,135.3800360235048,"LINESTRING (-58.393567755298825 -34.60692301858666, -58.39489369391479 -34.60704517936266, -58.39503498619145 -34.607054765674796)",Q93330,Juan Domingo Perón,PJ,presidente
10885,"OROÑO, NICASIO",NICASIO ORONO,Caballito,Caballito,Caballito,6.0,CALLE,152.8164177554068,"LINESTRING (-58.45967559318126 -34.607075992269536, -58.46051346910115 -34.60588536323549)",Q389678,Nicasio Oroño,Prócer,procer
10887,"MITRE, BARTOLOME",BARTOLOME MITRE,San Nicolas,San Nicolas,San Nicolas,1.0,CALLE,127.3557758042587,"LINESTRING (-58.37647758661636 -34.606956420946325, -58.37660397299723 -34.606964609522514, -58.37771529868699 -34.60704328254559, -58.37786101701336 -34.607053736931405)",Q314362,Bartolomé Mitre,Prócer,procer
10902,"PERON, JUAN DOMINGO, TTE. GENERAL",JUAN DOMINGO PERON,Almagro,Almagro,Almagro,5.0,CALLE,143.008964341131,"LINESTRING (-58.41474626206453 -34.60714434398613, -58.41610297479786 -34.606979099334126, -58.41628968052785 -34.606962903576594)",Q93330,Juan Domingo Perón,PJ,presidente
10905,"PERON, JUAN DOMINGO, TTE. GENERAL",JUAN DOMINGO PERON,Balvanera,Balvanera,Balvanera,3.0,CALLE,132.3572447641698,"LINESTRING (-58.39503498619145 -34.607054765674796, -58.396473120354486 -34.607152253349724)",Q93330,Juan Domingo Perón,PJ,presidente
10909,"MITRE, BARTOLOME",BARTOLOME MITRE,San Nicolas,San Nicolas,San Nicolas,1.0,CALLE,130.7017924631616,"LINESTRING (-58.37786101701336 -34.607053736931405, -58.37928055866359 -34.60715592132667)",Q314362,Bartolomé Mitre,Prócer,procer
10913,"ALEM, LEANDRO N. AV.",LEANDRO N. ALEM,San Nicolas,San Nicolas,San Nicolas,1.0,AVENIDA,75.88305228305711,"LINESTRING (-58.370379006159645 -34.60719912059655, -58.37033101250544 -34.60699403843193, -58.37029679636723 -34.60678896667669, -58.37025704891002 -34.606522863239825)",Q2621980,Leandro N. Alem,Prócer,procer
10918,"PERON, JUAN DOMINGO, TTE. GENERAL",JUAN DOMINGO PERON,Balvanera,Balvanera,Balvanera,3.0,CALLE,126.9492676206085,"LINESTRING (-58.396473120354486 -34.607152253349724, -58.39772482622511 -34.6072370182066, -58.39785292406743 -34.60723821376329)",Q93330,Juan Domingo Perón,PJ,presidente
10929,"MITRE, BARTOLOME",BARTOLOME MITRE,San Nicolas,San Nicolas,San Nicolas,1.0,CALLE,137.6700849357689,"LINESTRING (-58.37928055866359 -34.60715592132667, -58.379396895200394 -34.6071642409359, -58.380573126951035 -34.60724328466464, -58.38077650479519 -34.607256450744046)",Q314362,Bartolomé Mitre,Prócer,procer
10930,"PELLEGRINI, CARLOS",CARLOS PELLEGRINI,San Nicolas,San Nicolas,San Nicolas,1.0,CALLE,130.2393916250046,"LINESTRING (-58.38077650479519 -34.607256450744046, -58.38083915848382 -34.60608358926493)",Q270446,Carlos Pellegrini,Prócer,procer
10931,"SALGUERO, JERONIMO",JERONIMO SALGUERO,Almagro,Almagro,Almagro,5.0,CALLE,64.21176588460882,"LINESTRING (-58.41996459491787 -34.60727715596508, -58.4199197541006 -34.60669952613826)",Q11684757,Jerónimo Salguero,Prócer,procer
10943,"MITRE, BARTOLOME",BARTOLOME MITRE,San Nicolas,San Nicolas,San Nicolas,1.0,CALLE,40.72140662856177,"LINESTRING (-58.38077650479519 -34.607256450744046, -58.38121881188451 -34.607287960179754)",Q314362,Bartolomé Mitre,Prócer,procer
10947,"PERON, JUAN DOMINGO, TTE. GENERAL",JUAN DOMINGO PERON,Balvanera,Balvanera,Balvanera,3.0,CALLE,129.3727405233992,"LINESTRING (-58.39785292406743 -34.60723821376329, -58.398010746731025 -34.60723970678946, -58.39912014075145 -34.60731416968385, -58.399259391414645 -34.60732170774776)",Q93330,Juan Domingo Perón,PJ,presidente
10950,"PERON, JUAN DOMINGO, TTE. GENERAL",JUAN DOMINGO PERON,Almagro,Almagro,Almagro,5.0,CALLE,77.29518202119769,"LINESTRING (-58.41393939419971 -34.60734529069359, -58.41474626206453 -34.60714434398613)",Q93330,Juan Domingo Perón,PJ,presidente
10951,"FIGUEROA, D. APOLINARIO, CORONEL",D. APOLINARIO FIGUEROA,Caballito,Caballito,Caballito,6.0,CALLE,86.88748820865636,"LINESTRING (-58.449290873683545 -34.606857069685894, -58.450020460048655 -34.60735659507224)",Q5701525,Apolinario Figueroa,Prócer,procer
10952,"REPETTO, NICOLAS, DR.",NICOLAS REPETTO,Caballito,Caballito,Caballito,6.0,CALLE,110.1520012321222,"LINESTRING (-58.450020460048655 -34.60735659507224, -58.450656824034624 -34.60651453787244)",Q5409572,Nicolás Repetto,PS,politico
10953,"GALLARDO, ANGEL AV.",ANGEL GALLARDO,,Caballito,Villa Crespo,,AVENIDA,107.619968974577,"LINESTRING (-58.444168377646896 -34.606922290433694, -58.445132552195986 -34.60717448368609, -58.44528277802488 -34.607224628401575)",Q3815109,Ángel Gallardo,UCR,politico
10955,"MITRE, BARTOLOME",BARTOLOME MITRE,San Nicolas,San Nicolas,San Nicolas,1.0,CALLE,37.35336533847183,"LINESTRING (-58.38161982755044 -34.607314309908034, -58.38202607022824 -34.60733771317424)",Q314362,Bartolomé Mitre,Prócer,procer
10959,"JUSTO, JUAN B. AV.",JUAN B. JUSTO,,Caballito,Villa Gral. Mitre,,AVENIDA,65.69252409922429,"LINESTRING (-58.46215086051392 -34.606997307163745, -58.462510368524754 -34.60724146846019, -58.46270498580663 -34.60737245735931)",Q6298935,Juan B. Justo,PS,politico
10960,"ALVAREZ, DONATO, TTE. GRAL.",DONATO ALVAREZ,Villa Gral. Mitre,Villa Gral. Mitre,Villa Gral. Mitre,11.0,CALLE,84.71426866746799,"LINESTRING (-58.46270498580663 -34.60737245735931, -58.46280600126818 -34.607168299950246, -58.46298563039596 -34.60680843620849, -58.463052064704854 -34.60666484273861)",Q606183,Donato Álvarez,Prócer,procer
10963,"BEIRO, FRANCISCO AV.",FRANCISCO BEIRO,Villa Devoto,Villa Devoto,Villa Devoto,11.0,AVENIDA,78.6955746432147,"LINESTRING (-58.513585340581606 -34.606958851246496, -58.514273276603326 -34.6073827267447)",Q5865215,Francisco Beiró,UCR,politico
10964,"PAZ, MARCOS",MARCOS PAZ,Villa Devoto,Villa Devoto,Villa Devoto,11.0,CALLE,106.9394506799785,"LINESTRING (-58.514273276603326 -34.6073827267447, -58.51439379791152 -34.60724795611021, -58.51497078445278 -34.6066103096637)",Q3846654,Marcos Paz,Prócer,procer
10971,"PERON, JUAN DOMINGO, TTE. GENERAL",JUAN DOMINGO PERON,Balvanera,Balvanera,Balvanera,3.0,CALLE,126.6072778325894,"LINESTRING (-58.399259391414645 -34.60732170774776, -58.40049885153479 -34.60738833887114, -58.40063673958802 -34.607396015508826)",Q93330,Juan Domingo Perón,PJ,presidente
10973,"CARRIL, SALVADOR MARIA DEL AV.",SALVADOR MARIA DEL CARRIL,Villa Devoto,Villa Devoto,Villa Devoto,11.0,AVENIDA,116.211756820557,"LINESTRING (-58.52416649031003 -34.60673036634584, -58.525144072329944 -34.60739671519034)",Q7406435,Salvador María del Carril,Prócer,procer
10976,SAN MARTIN AV.,SAN MARTIN,,Caballito,Villa Crespo,,AVENIDA,193.6546837075197,"LINESTRING (-58.447041039349756 -34.607417573319104, -58.44906251865628 -34.60691401590431)",Q134160,José de San Martín,Prócer,procer
10977,"CANTILO, JOSE LUIS",JOSE LUIS CANTILO,Villa Devoto,Villa Devoto,Villa Devoto,11.0,CALLE,144.9284720845502,"LINESTRING (-58.51690684403515 -34.606653629953314, -58.51817343173997 -34.60743462730201)",Q1646739,José Luis Cantilo,UCR,politico
10982,"MITRE, BARTOLOME",BARTOLOME MITRE,San Nicolas,San Nicolas,San Nicolas,1.0,CALLE,136.8195718705669,"LINESTRING (-58.38202607022824 -34.60733771317424, -58.382169405896796 -34.60734703405124, -58.38351248142028 -34.60744059709563)",Q314362,Bartolomé Mitre,Prócer,procer
10990,"PERON, JUAN DOMINGO, TTE. GENERAL",JUAN DOMINGO PERON,Balvanera,Balvanera,Balvanera,3.0,CALLE,122.661575554898,"LINESTRING (-58.40063673958802 -34.607396015508826, -58.4019709931743 -34.60747014522026)",Q93330,Juan Domingo Perón,PJ,presidente
10995,"GONZALEZ, JOAQUIN V.",JOAQUIN V. GONZALEZ,,Villa Devoto,Villa Del Parque,,CALLE,104.3603311722661,"LINESTRING (-58.50159580047396 -34.60753138067022, -58.50173404812681 -34.60737450397956, -58.5021330387711 -34.60692014579779, -58.50226430355549 -34.606770172221)",Q584197,Joaquín Víctor González,Liberalismo,politico
10996,"PERON, JUAN DOMINGO, TTE. GENERAL",JUAN DOMINGO PERON,Balvanera,Balvanera,Balvanera,3.0,CALLE,137.5724359942432,"LINESTRING (-58.4019709931743 -34.60747014522026, -58.40210930731056 -34.60747789083143, -58.403319490863296 -34.60751933741512, -58.40346921880614 -34.60752638285998)",Q93330,Juan Domingo Perón,PJ,presidente
11000,"MITRE, BARTOLOME",BARTOLOME MITRE,San Nicolas,San Nicolas,San Nicolas,1.0,CALLE,129.4062339002443,"LINESTRING (-58.38351248142028 -34.60744059709563, -58.38365147331599 -34.607450265508504, -58.38491936046147 -34.60752735527994)",Q314362,Bartolomé Mitre,Prócer,procer
11009,"MITRE, BARTOLOME",BARTOLOME MITRE,San Nicolas,San Nicolas,San Nicolas,1.0,CALLE,42.71053093388888,"LINESTRING (-58.38491936046147 -34.60752735527994, -58.385383693256315 -34.60755610379364)",Q314362,Bartolomé Mitre,Prócer,procer
11014,"LAMARCA, EMILIO",EMILIO LAMARCA,Villa Del Parque,Villa Del Parque,Villa Del Parque,11.0,CALLE,120.6575333393426,"LINESTRING (-58.49761946686603 -34.60758953659595, -58.4982627173066 -34.60664081926033)",Q5831159,Emilio Lamarca,Prócer,procer
11016,SAN MARTIN AV.,SAN MARTIN,,Caballito,Villa Crespo,,AVENIDA,75.92650783845674,"LINESTRING (-58.44624847106994 -34.60761500316249, -58.447041039349756 -34.607417573319104)",Q134160,José de San Martín,Prócer,procer
11021,"MITRE, BARTOLOME",BARTOLOME MITRE,San Nicolas,San Nicolas,San Nicolas,1.0,CALLE,85.44547963736514,"LINESTRING (-58.385383693256315 -34.60755610379364, -58.386312959533186 -34.60760979302889)",Q314362,Bartolomé Mitre,Prócer,procer
11023,"PERON, JUAN DOMINGO, TTE. GENERAL",JUAN DOMINGO PERON,Balvanera,Balvanera,Balvanera,3.0,CALLE,118.0992600293933,"LINESTRING (-58.40346921880614 -34.60752638285998, -58.40363606591072 -34.607534140729115, -58.40475125014187 -34.607623555465814)",Q93330,Juan Domingo Perón,PJ,presidente
11028,"PERON, JUAN DOMINGO, TTE. GENERAL",JUAN DOMINGO PERON,Balvanera,Balvanera,Balvanera,3.0,CALLE,112.3875004259083,"LINESTRING (-58.41276529054813 -34.60763495500253, -58.41393939419971 -34.60734529069359)",Q93330,Juan Domingo Perón,PJ,presidente
11039,"MITRE, BARTOLOME",BARTOLOME MITRE,San Nicolas,San Nicolas,San Nicolas,1.0,CALLE,131.2451948480015,"LINESTRING (-58.386312959533186 -34.60760979302889, -58.38763577795558 -34.60769780486786, -58.38773899921528 -34.60770646050665)",Q314362,Bartolomé Mitre,Prócer,procer
11054,"PERON, JUAN DOMINGO, TTE. GENERAL",JUAN DOMINGO PERON,Balvanera,Balvanera,Balvanera,3.0,CALLE,126.4780923728368,"LINESTRING (-58.40475125014187 -34.607623555465814, -58.40487355094623 -34.60763333254034, -58.40612253004379 -34.607743010292936)",Q93330,Juan Domingo Perón,PJ,presidente
11059,"BURMEISTER, GERMAN AV.",GERMAN BURMEISTER,Caballito,Caballito,Caballito,6.0,AVENIDA,61.63434807336309,"LINESTRING (-58.43546064993382 -34.60775604877996, -58.43536431750479 -34.60776264657377, -58.43530231125533 -34.60776439294921, -58.43521347669776 -34.60776296406097, -58.43510888690099 -34.60775653139757, -58.43503053073311 -34.60774876667843, -58.4349533678337 -34.60773853736243, -58.43487424687207 -34.607725701870535, -58.43479521269572 -34.6077082183941)",Q60969,Carlos Germán Burmeister,Prócer,procer
11072,"ANCHORENA, TOMAS MANUEL DE, DR.",TOMAS MANUEL DE ANCHORENA,Balvanera,Balvanera,Balvanera,3.0,CALLE,149.5710668038382,"LINESTRING (-58.41186661260069 -34.6078106382968, -58.41134879256848 -34.606532161291554)",Q1443439,Tomás Manuel de Anchorena,Prócer,procer
11073,"PERON, JUAN DOMINGO, TTE. GENERAL",JUAN DOMINGO PERON,Balvanera,Balvanera,Balvanera,3.0,CALLE,84.70439895556322,"LINESTRING (-58.41186661260069 -34.6078106382968, -58.41276529054813 -34.60763495500253)",Q93330,Juan Domingo Perón,PJ,presidente
11077,"MITRE, BARTOLOME",BARTOLOME MITRE,San Nicolas,San Nicolas,San Nicolas,1.0,CALLE,36.82689218802108,"LINESTRING (-58.38773899921528 -34.60770646050665, -58.38788011939163 -34.607718308549636, -58.3881388465497 -34.60773633428396)",Q314362,Bartolomé Mitre,Prócer,procer
11081,"PERON, JUAN DOMINGO, TTE. GENERAL",JUAN DOMINGO PERON,Balvanera,Balvanera,Balvanera,3.0,CALLE,144.4990681869807,"LINESTRING (-58.40612253004379 -34.607743010292936, -58.40769373093466 -34.60783739978765)",Q93330,Juan Domingo Perón,PJ,presidente
11084,"ANCHORENA, TOMAS MANUEL DE, DR.",TOMAS MANUEL DE ANCHORENA,Balvanera,Balvanera,Balvanera,3.0,CALLE,6.868378381564356,"LINESTRING (-58.411862741702386 -34.60787246852362, -58.41186661260069 -34.6078106382968)",Q1443439,Tomás Manuel de Anchorena,Prócer,procer
11087,"PERON, JUAN DOMINGO, TTE. GENERAL",JUAN DOMINGO PERON,Balvanera,Balvanera,Balvanera,3.0,CALLE,130.6938189132614,"LINESTRING (-58.40769373093466 -34.60783739978765, -58.40830840396947 -34.60786500270984, -58.409116585380666 -34.607899519707225)",Q93330,Juan Domingo Perón,PJ,presidente
11090,"MITRE, BARTOLOME",BARTOLOME MITRE,San Nicolas,San Nicolas,San Nicolas,1.0,CALLE,129.1281095155244,"LINESTRING (-58.38927081602548 -34.60781507711878, -58.39056936549982 -34.607904380472206, -58.39067386742872 -34.60791014702731)",Q314362,Bartolomé Mitre,Prócer,procer
11094,"PERON, JUAN DOMINGO, TTE. GENERAL",JUAN DOMINGO PERON,Balvanera,Balvanera,Balvanera,3.0,CALLE,127.7086524264845,"LINESTRING (-58.41047268323069 -34.60793518532507, -58.41063843052946 -34.60793349638978, -58.411862741702386 -34.60787246852362)",Q93330,Juan Domingo Perón,PJ,presidente
11099,"PERON, JUAN DOMINGO, TTE. GENERAL",JUAN DOMINGO PERON,Balvanera,Balvanera,Balvanera,3.0,CALLE,124.4822088769819,"LINESTRING (-58.409116585380666 -34.607899519707225, -58.40927474678803 -34.60790628007864, -58.41020430203327 -34.607937956190504, -58.41047268323069 -34.60793518532507)",Q93330,Juan Domingo Perón,PJ,presidente
11103,SAN MARTIN,SAN MARTIN,San Nicolas,San Nicolas,San Nicolas,1.0,CALLE,129.8065326002829,"LINESTRING (-58.37357498279493 -34.60793954586973, -58.37364543499993 -34.606896062037926, -58.37365255326443 -34.60677120636694)",Q134160,José de San Martín,Prócer,procer
11109,"MITRE, BARTOLOME",BARTOLOME MITRE,San Nicolas,San Nicolas,San Nicolas,1.0,CALLE,125.29791888552,"LINESTRING (-58.39067386742872 -34.60791014702731, -58.39203682233715 -34.60798567007413)",Q314362,Bartolomé Mitre,Prócer,procer
11113,"FIGUEROA, D. APOLINARIO, CORONEL",D. APOLINARIO FIGUEROA,Caballito,Caballito,Caballito,6.0,CALLE,114.9707679569245,"LINESTRING (-58.450020460048655 -34.60735659507224, -58.45015867963069 -34.60745118885713, -58.450985959744706 -34.60801748041884)",Q5701525,Apolinario Figueroa,Prócer,procer
11118,"VIRASORO, VALENTIN",VALENTIN VIRASORO,Caballito,Caballito,Caballito,6.0,CALLE,129.4112418838288,"LINESTRING (-58.44374225811231 -34.60803435144972, -58.444168377646896 -34.606922290433694)",Q6158916,Valentín Virasoro,Prócer,procer
11129,"MITRE, BARTOLOME",BARTOLOME MITRE,Balvanera,Balvanera,Balvanera,3.0,CALLE,131.2387374208673,"LINESTRING (-58.39203682233715 -34.60798567007413, -58.39224412322483 -34.60799712916583, -58.39346493986736 -34.608057764458856)",Q314362,Bartolomé Mitre,Prócer,procer
11134,"OROÑO, NICASIO",NICASIO ORONO,Caballito,Caballito,Caballito,6.0,CALLE,132.9303498818571,"LINESTRING (-58.458944849278694 -34.60811077190272, -58.45901512212606 -34.60801063212162, -58.45967559318126 -34.607075992269536)",Q389678,Nicasio Oroño,Prócer,procer
11147,"JUSTO, JUAN B. AV.",JUAN B. JUSTO,Villa Gral. Mitre,Villa Gral. Mitre,Villa Gral. Mitre,11.0,AVENIDA,139.510711988394,"LINESTRING (-58.46270498580663 -34.60737245735931, -58.46375993283406 -34.60808246808074, -58.46388471178495 -34.608166201131)",Q6298935,Juan B. Justo,PS,politico
11148,"BEIRO, FRANCISCO AV.",FRANCISCO BEIRO,Villa Devoto,Villa Devoto,Villa Devoto,11.0,AVENIDA,145.0770593408175,"LINESTRING (-58.514273276603326 -34.6073827267447, -58.515541554446706 -34.60816410273936)",Q5865215,Francisco Beiró,UCR,politico
11150,"MITRE, BARTOLOME",BARTOLOME MITRE,Balvanera,Balvanera,Balvanera,3.0,CALLE,136.2756814714365,"LINESTRING (-58.39346493986736 -34.608057764458856, -58.39358289944633 -34.60806360664809, -58.39481834849013 -34.6081477582147, -58.3949456739714 -34.6081576889071)",Q314362,Bartolomé Mitre,Prócer,procer
11158,"JUSTO, JUAN B. AV.",JUAN B. JUSTO,Villa Gral. Mitre,Villa Gral. Mitre,Villa Gral. Mitre,11.0,AVENIDA,7.270768506120843,"LINESTRING (-58.46388471178495 -34.608166201131, -58.46394629220548 -34.608207469012065)",Q6298935,Juan B. Justo,PS,politico
11161,"CANTILO, JOSE LUIS",JOSE LUIS CANTILO,Villa Devoto,Villa Devoto,Villa Devoto,11.0,CALLE,145.0972424798393,"LINESTRING (-58.51817343173997 -34.60743462730201, -58.51944157683853 -34.60821645575541)",Q1646739,José Luis Cantilo,UCR,politico
11170,"GONZALEZ, JOAQUIN V.",JOAQUIN V. GONZALEZ,,Villa Devoto,Villa Del Parque,,CALLE,99.24026339671781,"LINESTRING (-58.500958696849985 -34.608254406125006, -58.50159580047396 -34.60753138067022)",Q584197,Joaquín Víctor González,Liberalismo,politico
11173,"MITRE, BARTOLOME",BARTOLOME MITRE,Balvanera,Balvanera,Balvanera,3.0,CALLE,132.4168620502061,"LINESTRING (-58.3949456739714 -34.6081576889071, -58.39626756111422 -34.60826095896857, -58.3963829638988 -34.608269402716125)",Q314362,Bartolomé Mitre,Prócer,procer
11180,"PAZ, MARCOS",MARCOS PAZ,Villa Devoto,Villa Devoto,Villa Devoto,11.0,CALLE,128.8163671021541,"LINESTRING (-58.51343489016918 -34.60831428445955, -58.514183055550184 -34.607483540481496, -58.514273276603326 -34.6073827267447)",Q3846654,Marcos Paz,Prócer,procer
11192,"MITRE, BARTOLOME",BARTOLOME MITRE,Balvanera,Balvanera,Balvanera,3.0,CALLE,124.0022921233637,"LINESTRING (-58.3963829638988 -34.608269402716125, -58.39761185598174 -34.60835929712843, -58.397729644111045 -34.60836745919238)",Q314362,Bartolomé Mitre,Prócer,procer
11195,"CARRIL, SALVADOR MARIA DEL AV.",SALVADOR MARIA DEL CARRIL,Villa Devoto,Villa Devoto,Villa Devoto,11.0,AVENIDA,172.6386184674327,"LINESTRING (-58.525144072329944 -34.60739671519034, -58.526596328590124 -34.60838661813109)",Q7406435,Salvador María del Carril,Prócer,procer
11200,"PELLEGRINI, CARLOS",CARLOS PELLEGRINI,San Nicolas,San Nicolas,San Nicolas,1.0,CALLE,124.2572711842623,"LINESTRING (-58.38071671336646 -34.60837543991764, -58.38077650479519 -34.607256450744046)",Q270446,Carlos Pellegrini,Prócer,procer
11202,"ALVAREZ, DONATO, TTE. GRAL.",DONATO ALVAREZ,,Villa Gral. Mitre,Caballito,,CALLE,123.9352080170213,"LINESTRING (-58.46219325739221 -34.60840641218748, -58.46270498580663 -34.60737245735931)",Q606183,Donato Álvarez,Prócer,procer
11217,"MITRE, BARTOLOME",BARTOLOME MITRE,Balvanera,Balvanera,Balvanera,3.0,CALLE,136.840135828046,"LINESTRING (-58.397729644111045 -34.60836745919238, -58.3992162632668 -34.60847071530381)",Q314362,Bartolomé Mitre,Prócer,procer
11228,"BRAVO, MARIO",MARIO BRAVO,Almagro,Almagro,Almagro,5.0,CALLE,184.3960743227923,"LINESTRING (-58.41750983844942 -34.60853838990315, -58.4172772891274 -34.606887363526184)",Q1619796,Mario Bravo,PS,politico
11232,"SALGUERO, JERONIMO",JERONIMO SALGUERO,Almagro,Almagro,Almagro,5.0,CALLE,140.6609454795544,"LINESTRING (-58.42006299419194 -34.608542490463755, -58.41996459491787 -34.60727715596508)",Q11684757,Jerónimo Salguero,Prócer,procer
11235,"CANTILO, JOSE LUIS",JOSE LUIS CANTILO,Villa Devoto,Villa Devoto,Villa Devoto,11.0,CALLE,63.05015335260318,"LINESTRING (-58.51944157683853 -34.60821645575541, -58.519992621984684 -34.60855620570723)",Q1646739,José Luis Cantilo,UCR,politico
11239,"MITRE, BARTOLOME",BARTOLOME MITRE,Balvanera,Balvanera,Balvanera,3.0,CALLE,123.1908754736183,"LINESTRING (-58.3992162632668 -34.60847071530381, -58.399308245554955 -34.60847710169877, -58.400417828882794 -34.608549792300046, -58.40055529393496 -34.608556201188094)",Q314362,Bartolomé Mitre,Prócer,procer
11247,"VIRASORO, VALENTIN",VALENTIN VIRASORO,Caballito,Caballito,Caballito,6.0,CALLE,70.99298360613814,"LINESTRING (-58.44335152310698 -34.60858676080149, -58.44374225811231 -34.60803435144972)",Q6158916,Valentín Virasoro,Prócer,procer
11251,"LAMARCA, EMILIO",EMILIO LAMARCA,Villa Del Parque,Villa Del Parque,Villa Del Parque,11.0,CALLE,127.2994806362233,"LINESTRING (-58.4969408759156 -34.60859051440267, -58.49761946686603 -34.60758953659595)",Q5831159,Emilio Lamarca,Prócer,procer
11256,"JUSTO, JUAN B. AV.",JUAN B. JUSTO,Villa Gral. Mitre,Villa Gral. Mitre,Villa Gral. Mitre,11.0,AVENIDA,61.15195553836813,"LINESTRING (-58.46394629220548 -34.608207469012065, -58.46406434280968 -34.60828669480612, -58.46425198109386 -34.608446836601004, -58.46440231411146 -34.60860676717526)",Q6298935,Juan B. Justo,PS,politico
11262,"MITRE, BARTOLOME",BARTOLOME MITRE,Balvanera,Balvanera,Balvanera,3.0,CALLE,124.5669313666085,"LINESTRING (-58.40055529393496 -34.608556201188094, -58.40174529578858 -34.608611808133155, -58.401911122196914 -34.60862041292808)",Q314362,Bartolomé Mitre,Prócer,procer
11271,"FIGUEROA, D. APOLINARIO, CORONEL",D. APOLINARIO FIGUEROA,Caballito,Caballito,Caballito,6.0,CALLE,114.5368858221834,"LINESTRING (-58.450985959744706 -34.60801748041884, -58.45183965239601 -34.60860172680357, -58.451949260765716 -34.608674414132594)",Q5701525,Apolinario Figueroa,Prócer,procer
11277,"GAINZA, MARTIN DE, GRAL.",MARTIN DE GAINZA,Caballito,Caballito,Caballito,6.0,CALLE,105.9359377630328,"LINESTRING (-58.446541760839494 -34.608682875856275, -58.446514612244805 -34.60772821069643)",Q5637260,Martín de Gainza,Prócer,procer
11286,"MITRE, BARTOLOME",BARTOLOME MITRE,Balvanera,Balvanera,Balvanera,3.0,CALLE,136.8506528700718,"LINESTRING (-58.401911122196914 -34.60862041292808, -58.40340015448598 -34.608697844268825)",Q314362,Bartolomé Mitre,Prócer,procer
11306,"MITRE, BARTOLOME",BARTOLOME MITRE,Balvanera,Balvanera,Balvanera,3.0,CALLE,117.0470076952209,"LINESTRING (-58.40340015448598 -34.608697844268825, -58.40467370811134 -34.60876409759463)",Q314362,Bartolomé Mitre,Prócer,procer
11322,"GONZALEZ, ELPIDIO",ELPIDIO GONZALEZ,Villa Santa Rita,Villa Santa Rita,Villa Santa Rita,11.0,CALLE,142.1511839674392,"LINESTRING (-58.48040988963706 -34.608126269879435, -58.48171378545596 -34.60881883633139)",Q5367308,Elpidio González,UCR,politico
11329,"REPETTO, NICOLAS, DR.",NICOLAS REPETTO,Caballito,Caballito,Caballito,6.0,CALLE,194.9087709733581,"LINESTRING (-58.4488943965502 -34.608846558903565, -58.450020460048655 -34.60735659507224)",Q5409572,Nicolás Repetto,PS,politico
11330,"MITRE, BARTOLOME",BARTOLOME MITRE,Balvanera,Balvanera,Balvanera,3.0,CALLE,124.8859319535219,"LINESTRING (-58.40467370811134 -34.60876409759463, -58.40480240077229 -34.60877077917608, -58.406032175589765 -34.60883960299408)",Q314362,Bartolomé Mitre,Prócer,procer
11332,"JUSTO, JUAN B. AV.",JUAN B. JUSTO,Villa Gral. Mitre,Villa Gral. Mitre,Villa Gral. Mitre,11.0,AVENIDA,34.69149820669692,"LINESTRING (-58.46440231411146 -34.60860676717526, -58.464485103985766 -34.60869486623518, -58.46463254199161 -34.6088548669708)",Q6298935,Juan B. Justo,PS,politico
11337,"YRIGOYEN, HIPOLITO AV.",HIPOLITO YRIGOYEN,Monserrat,Monserrat,Monserrat,1.0,AVENIDA,103.6410367611589,"LINESTRING (-58.36965441176381 -34.60883541480881, -58.36984371090132 -34.60879682703536, -58.37046579931214 -34.608814626143925, -58.37077734224051 -34.60883472222271)",Q297134,Hipólito Yrigoyen,UCR,presidente
11338,"YRIGOYEN, HIPOLITO AV.",HIPOLITO YRIGOYEN,Monserrat,Monserrat,Monserrat,1.0,AVENIDA,7.005146858428504,"LINESTRING (-58.37077734224051 -34.60883472222271, -58.37085348205449 -34.60883963915998)",Q297134,Hipólito Yrigoyen,UCR,presidente
11340,"CARRIL, SALVADOR MARIA DEL AV.",SALVADOR MARIA DEL CARRIL,Villa Devoto,Villa Devoto,Villa Devoto,11.0,AVENIDA,87.74167656208463,"LINESTRING (-58.526596328590124 -34.60838661813109, -58.52732971927477 -34.60889441153081)",Q7406435,Salvador María del Carril,Prócer,procer
11351,"BEIRO, FRANCISCO AV.",FRANCISCO BEIRO,Villa Devoto,Villa Devoto,Villa Devoto,11.0,AVENIDA,145.255175594256,"LINESTRING (-58.515541554446706 -34.60816410273936, -58.516811389805206 -34.60894645068432)",Q5865215,Francisco Beiró,UCR,politico
11353,"YRIGOYEN, HIPOLITO AV.",HIPOLITO YRIGOYEN,Monserrat,Monserrat,Monserrat,1.0,AVENIDA,117.5324871613552,"LINESTRING (-58.37085348205449 -34.60883963915998, -58.37125487705459 -34.60886550637184, -58.37213030857405 -34.60892862931995)",Q297134,Hipólito Yrigoyen,UCR,presidente
11364,"IRIGOYEN, BERNARDO DE",BERNARDO DE IRIGOYEN,Monserrat,Monserrat,Monserrat,1.0,CALLE,69.55594056866198,"LINESTRING (-58.38071671336646 -34.60837543991764, -58.380685686031605 -34.6090019063979)",Q360911,Bernardo de Irigoyen,Prócer,procer
11376,"YRIGOYEN, HIPOLITO AV.",HIPOLITO YRIGOYEN,Monserrat,Monserrat,Monserrat,1.0,AVENIDA,93.04579916554296,"LINESTRING (-58.37213030857405 -34.60892862931995, -58.37314088642857 -34.60900144503145)",Q297134,Hipólito Yrigoyen,UCR,presidente
11381,"FIGUEROA, D. APOLINARIO, CORONEL",D. APOLINARIO FIGUEROA,Caballito,Caballito,Caballito,6.0,CALLE,68.84785500605355,"LINESTRING (-58.451949260765716 -34.608674414132594, -58.452058698979215 -34.608747101346644, -58.452529667686036 -34.60906792299453)",Q5701525,Apolinario Figueroa,Prócer,procer
11385,"JUSTO, JUAN B. AV.",JUAN B. JUSTO,Villa Gral. Mitre,Villa Gral. Mitre,Villa Gral. Mitre,11.0,AVENIDA,30.92270499135438,"LINESTRING (-58.46463254199161 -34.6088548669708, -58.46483679269018 -34.60907662825342)",Q6298935,Juan B. Justo,PS,politico
11400,"MITRE, BARTOLOME",BARTOLOME MITRE,Balvanera,Balvanera,Balvanera,3.0,CALLE,259.0881938296535,"LINESTRING (-58.406032175589765 -34.60883960299408, -58.40883744873698 -34.609112651831786)",Q314362,Bartolomé Mitre,Prócer,procer
11404,"GONZALEZ, JOAQUIN V.",JOAQUIN V. GONZALEZ,,Villa Devoto,Villa Del Parque,,CALLE,119.5436883119739,"LINESTRING (-58.50019124644485 -34.609125357045414, -58.500958696849985 -34.608254406125006)",Q584197,Joaquín Víctor González,Liberalismo,politico
11407,"MITRE, BARTOLOME",BARTOLOME MITRE,Balvanera,Balvanera,Balvanera,3.0,CALLE,142.1991763983271,"LINESTRING (-58.40883744873698 -34.609112651831786, -58.410386820623394 -34.60915685535073)",Q314362,Bartolomé Mitre,Prócer,procer
11411,"PAZ, MARCOS",MARCOS PAZ,Villa Devoto,Villa Devoto,Villa Devoto,11.0,CALLE,118.141125076263,"LINESTRING (-58.51266560057624 -34.609168412898654, -58.51343489016918 -34.60831428445955)",Q3846654,Marcos Paz,Prócer,procer
11425,"YRIGOYEN, HIPOLITO",HIPOLITO YRIGOYEN,Monserrat,Monserrat,Monserrat,1.0,CALLE,128.0277443675265,"LINESTRING (-58.373504839273494 -34.60909021426581, -58.374895281971604 -34.60919116062912)",Q297134,Hipólito Yrigoyen,UCR,presidente
11427,"MITRE, BARTOLOME",BARTOLOME MITRE,Balvanera,Balvanera,Balvanera,3.0,CALLE,128.1459578523194,"LINESTRING (-58.410386820623394 -34.60915685535073, -58.4105373204626 -34.60916107551576, -58.41163398717423 -34.60921619349623, -58.411781589918725 -34.60922259402848)",Q314362,Bartolomé Mitre,Prócer,procer
11428,"ANCHORENA, TOMAS MANUEL DE, DR.",TOMAS MANUEL DE ANCHORENA,Balvanera,Balvanera,Balvanera,3.0,CALLE,149.965067178308,"LINESTRING (-58.411781589918725 -34.60922259402848, -58.41178540438716 -34.60911442512194, -58.411862741702386 -34.60787246852362)",Q1443439,Tomás Manuel de Anchorena,Prócer,procer
11433,"CANTILO, JOSE LUIS",JOSE LUIS CANTILO,Villa Devoto,Villa Devoto,Villa Devoto,11.0,CALLE,121.6992322190028,"LINESTRING (-58.519992621984684 -34.60855620570723, -58.52101382478884 -34.60925658172928)",Q1646739,José Luis Cantilo,UCR,politico
11444,"LAMARCA, EMILIO",EMILIO LAMARCA,Villa Del Parque,Villa Del Parque,Villa Del Parque,11.0,CALLE,90.25450734423194,"LINESTRING (-58.49645967248327 -34.60930016312269, -58.4969408759156 -34.60859051440267)",Q5831159,Emilio Lamarca,Prócer,procer
11447,"MITRE, BARTOLOME",BARTOLOME MITRE,Balvanera,Balvanera,Balvanera,3.0,CALLE,126.9050815935035,"LINESTRING (-58.411781589918725 -34.60922259402848, -58.411905003854635 -34.609227998265865, -58.41316230321219 -34.60929577587855)",Q314362,Bartolomé Mitre,Prócer,procer
11455,"YRIGOYEN, HIPOLITO",HIPOLITO YRIGOYEN,Monserrat,Monserrat,Monserrat,1.0,CALLE,132.7623901766549,"LINESTRING (-58.374895281971604 -34.60919116062912, -58.37508648302239 -34.609205031603295, -58.37633682554364 -34.609298817813404)",Q297134,Hipólito Yrigoyen,UCR,presidente
11460,"MITRE, BARTOLOME",BARTOLOME MITRE,Balvanera,Balvanera,Balvanera,3.0,CALLE,246.4700720213024,"LINESTRING (-58.40600894857951 -34.609298612544116, -58.40611026882745 -34.60922837741626, -58.40617834702613 -34.60919319755304, -58.406259201267495 -34.60915802362539, -58.406348563171946 -34.60913700874139, -58.40646772396837 -34.609133543130724, -58.408624963627915 -34.60933594017496)",Q314362,Bartolomé Mitre,Prócer,procer
11466,"MITRE, BARTOLOME",BARTOLOME MITRE,Balvanera,Balvanera,Balvanera,3.0,CALLE,130.827371001097,"LINESTRING (-58.41316230321219 -34.60929577587855, -58.4132644237662 -34.60930124041214, -58.41445128737757 -34.60936707440034, -58.41458534667268 -34.60937557882277)",Q314362,Bartolomé Mitre,Prócer,procer
11477,"YRIGOYEN, HIPOLITO",HIPOLITO YRIGOYEN,Monserrat,Monserrat,Monserrat,1.0,CALLE,130.7187107379437,"LINESTRING (-58.37633682554364 -34.609298817813404, -58.376436982570794 -34.609306283628754, -58.37753981941508 -34.60938734659897, -58.377756573839854 -34.60940102007771)",Q297134,Hipólito Yrigoyen,UCR,presidente
11485,"OROÑO, NICASIO",NICASIO ORONO,Caballito,Caballito,Caballito,6.0,CALLE,172.6110455563978,"LINESTRING (-58.457999854810296 -34.609456316866726, -58.458944849278694 -34.60811077190272)",Q389678,Nicasio Oroño,Prócer,procer
11486,"GONZALEZ, ELPIDIO",ELPIDIO GONZALEZ,Villa Santa Rita,Villa Santa Rita,Villa Santa Rita,11.0,CALLE,136.0103398946266,"LINESTRING (-58.48171378545596 -34.60881883633139, -58.48297868060465 -34.609458647847006)",Q5367308,Elpidio González,UCR,politico
11490,"MITRE, BARTOLOME",BARTOLOME MITRE,Almagro,Almagro,Almagro,5.0,CALLE,125.8559912167103,"LINESTRING (-58.41458534667268 -34.60937557882277, -58.41595345148391 -34.60946231578933)",Q314362,Bartolomé Mitre,Prócer,procer
11501,"FIGUEROA, D. APOLINARIO, CORONEL",D. APOLINARIO FIGUEROA,Caballito,Caballito,Caballito,6.0,CALLE,76.2742281011666,"LINESTRING (-58.452529667686036 -34.60906792299453, -58.4531714854884 -34.60950509676625)",Q5701525,Apolinario Figueroa,Prócer,procer
11503,"YRIGOYEN, HIPOLITO",HIPOLITO YRIGOYEN,Monserrat,Monserrat,Monserrat,1.0,CALLE,129.5196854012871,"LINESTRING (-58.377756573839854 -34.60940102007771, -58.379054631915196 -34.60948298073601, -58.37916441339593 -34.609491155192735)",Q297134,Hipólito Yrigoyen,UCR,presidente
11507,"ALVAREZ, DONATO, TTE. GRAL.",DONATO ALVAREZ,,Villa Gral. Mitre,Caballito,,CALLE,133.7599413835725,"LINESTRING (-58.46164097167826 -34.609522337125846, -58.46219325739221 -34.60840641218748)",Q606183,Donato Álvarez,Prócer,procer
11511,"VIRASORO, VALENTIN",VALENTIN VIRASORO,Caballito,Caballito,Caballito,6.0,CALLE,127.6567840379128,"LINESTRING (-58.44260644008295 -34.60955869259762, -58.44335152310698 -34.60858676080149)",Q6158916,Valentín Virasoro,Prócer,procer
11512,"MITRE, BARTOLOME",BARTOLOME MITRE,Almagro,Almagro,Almagro,5.0,CALLE,133.8240433098844,"LINESTRING (-58.41595345148391 -34.60946231578933, -58.41740817855485 -34.60955449263834)",Q314362,Bartolomé Mitre,Prócer,procer
11513,"BRAVO, MARIO",MARIO BRAVO,Almagro,Almagro,Almagro,5.0,CALLE,113.1073584413291,"LINESTRING (-58.41740817855485 -34.60955449263834, -58.41750983844942 -34.60853838990315)",Q1619796,Mario Bravo,PS,politico
11528,"ESCALADA DE SAN MARTIN, R.",R. ESCALADA DE SAN MARTIN,Villa Gral. Mitre,Villa Gral. Mitre,Villa Gral. Mitre,11.0,CALLE,64.65344696597363,"LINESTRING (-58.46670646886202 -34.609341830216025, -58.46675583189509 -34.609346019071616, -58.46731393358825 -34.60962988951489)",Q134160,José de San Martín,Prócer,procer
11530,"YRIGOYEN, HIPOLITO",HIPOLITO YRIGOYEN,Monserrat,Monserrat,Monserrat,1.0,CALLE,137.2888751940354,"LINESTRING (-58.37916441339593 -34.609491155192735, -58.37934556557416 -34.609504730868586, -58.380458195914926 -34.609592886971946, -58.38065485236512 -34.609604358525466)",Q297134,Hipólito Yrigoyen,UCR,presidente
11531,"IRIGOYEN, BERNARDO DE",BERNARDO DE IRIGOYEN,Monserrat,Monserrat,Monserrat,1.0,CALLE,66.89345630285334,"LINESTRING (-58.380685686031605 -34.6090019063979, -58.38065485236512 -34.609604358525466)",Q360911,Bernardo de Irigoyen,Prócer,procer
11534,"MITRE, BARTOLOME",BARTOLOME MITRE,Almagro,Almagro,Almagro,5.0,CALLE,114.5696193247482,"LINESTRING (-58.41740817855485 -34.60955449263834, -58.41752179728923 -34.60956171852067, -58.418653471021344 -34.609634814955214)",Q314362,Bartolomé Mitre,Prócer,procer
11538,"JUSTO, JUAN B. AV.",JUAN B. JUSTO,Villa Gral. Mitre,Villa Gral. Mitre,Villa Gral. Mitre,11.0,AVENIDA,80.1001146042832,"LINESTRING (-58.46483679269018 -34.60907662825342, -58.465222044148405 -34.60949486809329, -58.46536394857186 -34.60965226234075)",Q6298935,Juan B. Justo,PS,politico
11544,"YRIGOYEN, HIPOLITO",HIPOLITO YRIGOYEN,Monserrat,Monserrat,Monserrat,1.0,CALLE,36.20189901034207,"LINESTRING (-58.38065485236512 -34.609604358525466, -58.38104845109162 -34.6096285536018)",Q297134,Hipólito Yrigoyen,UCR,presidente
11551,"YRIGOYEN, HIPOLITO",HIPOLITO YRIGOYEN,Monserrat,Monserrat,Monserrat,1.0,CALLE,37.99562133197629,"LINESTRING (-58.38150347611035 -34.60965604932047, -58.38191689615712 -34.609677602242414)",Q297134,Hipólito Yrigoyen,UCR,presidente
11556,"MITRE, BARTOLOME",BARTOLOME MITRE,Almagro,Almagro,Almagro,5.0,CALLE,116.1338990821556,"LINESTRING (-58.418653471021344 -34.609634814955214, -58.419916228742174 -34.60971118705661)",Q314362,Bartolomé Mitre,Prócer,procer
11557,"SALGUERO, JERONIMO",JERONIMO SALGUERO,Almagro,Almagro,Almagro,5.0,CALLE,130.3474997803939,"LINESTRING (-58.419916228742174 -34.60971118705661, -58.42006299419194 -34.608542490463755)",Q11684757,Jerónimo Salguero,Prócer,procer
11558,"GONZALEZ, ELPIDIO",ELPIDIO GONZALEZ,Villa Santa Rita,Villa Santa Rita,Villa Santa Rita,11.0,CALLE,55.36925933065653,"LINESTRING (-58.48297868060465 -34.609458647847006, -58.483384330250374 -34.609663795875335, -58.48349370774554 -34.60971898985758)",Q5367308,Elpidio González,UCR,politico
11562,"BEIRO, FRANCISCO AV.",FRANCISCO BEIRO,Villa Devoto,Villa Devoto,Villa Devoto,11.0,AVENIDA,145.272523390186,"LINESTRING (-58.516811389805206 -34.60894645068432, -58.5179386090512 -34.609640819869455, -58.518080653356506 -34.60972970106274)",Q5865215,Francisco Beiró,UCR,politico
11567,"GAINZA, MARTIN DE, GRAL.",MARTIN DE GAINZA,Caballito,Caballito,Caballito,6.0,CALLE,122.2921651380152,"LINESTRING (-58.44657313921736 -34.6097849378601, -58.446541760839494 -34.608682875856275)",Q5637260,Martín de Gainza,Prócer,procer
11570,"YRIGOYEN, HIPOLITO",HIPOLITO YRIGOYEN,Monserrat,Monserrat,Monserrat,1.0,CALLE,137.970410928419,"LINESTRING (-58.38191689615712 -34.609677602242414, -58.38218424394324 -34.60969313260376, -58.38341767651582 -34.609761412127135)",Q297134,Hipólito Yrigoyen,UCR,presidente
11579,"GONZALEZ, ELPIDIO",ELPIDIO GONZALEZ,Villa Santa Rita,Villa Santa Rita,Villa Santa Rita,11.0,CALLE,27.27576481290786,"LINESTRING (-58.48349370774554 -34.60971898985758, -58.4837475594895 -34.60984704795153)",Q5367308,Elpidio González,UCR,politico
11583,"YRIGOYEN, HIPOLITO",HIPOLITO YRIGOYEN,Monserrat,Monserrat,Monserrat,1.0,CALLE,129.4351453287594,"LINESTRING (-58.38341767651582 -34.609761412127135, -58.38353597780612 -34.60976796848821, -58.38482390339373 -34.60985859365695)",Q297134,Hipólito Yrigoyen,UCR,presidente
11585,"FIGUEROA, D. APOLINARIO, CORONEL",D. APOLINARIO FIGUEROA,Caballito,Caballito,Caballito,6.0,CALLE,75.18568941699212,"LINESTRING (-58.4531714854884 -34.60950509676625, -58.45329335786561 -34.60960665753737, -58.45384184953316 -34.609889874251984)",Q5701525,Apolinario Figueroa,Prócer,procer
11592,"MITRE, BARTOLOME",BARTOLOME MITRE,Almagro,Almagro,Almagro,5.0,CALLE,137.4234757688919,"LINESTRING (-58.42130802163167 -34.60980104145854, -58.42271037581501 -34.609897855424684, -58.42280091290991 -34.609905491250665)",Q314362,Bartolomé Mitre,Prócer,procer
11597,"CANTILO, JOSE LUIS",JOSE LUIS CANTILO,Villa Devoto,Villa Devoto,Villa Devoto,11.0,CALLE,113.5507666642144,"LINESTRING (-58.52101382478884 -34.60925658172928, -58.52197197861828 -34.60990472521191)",Q1646739,José Luis Cantilo,UCR,politico
11604,"LAMARCA, EMILIO",EMILIO LAMARCA,Villa Del Parque,Villa Del Parque,Villa Del Parque,11.0,CALLE,80.98235071673412,"LINESTRING (-58.496014288201906 -34.609930010427504, -58.49612998431255 -34.6097865266565, -58.49645967248327 -34.60930016312269)",Q5831159,Emilio Lamarca,Prócer,procer
11613,"MITRE, BARTOLOME",BARTOLOME MITRE,Almagro,Almagro,Almagro,5.0,CALLE,128.9917656550993,"LINESTRING (-58.419916228742174 -34.60971118705661, -58.42067918523837 -34.60978469642041, -58.421281708430676 -34.60995864021218)",Q314362,Bartolomé Mitre,Prócer,procer
11617,"GONZALEZ, ELPIDIO",ELPIDIO GONZALEZ,Villa Santa Rita,Villa Santa Rita,Villa Santa Rita,11.0,CALLE,27.37760961421402,"LINESTRING (-58.4837475594895 -34.60984704795153, -58.48400234905876 -34.609975598319885)",Q5367308,Elpidio González,UCR,politico
11623,"YRIGOYEN, HIPOLITO",HIPOLITO YRIGOYEN,Monserrat,Monserrat,Monserrat,1.0,CALLE,129.2085858149408,"LINESTRING (-58.38482390339373 -34.60985859365695, -58.38495361589529 -34.60986776165209, -58.386066010126385 -34.609946640988326, -58.386227491535195 -34.60995751789982)",Q297134,Hipólito Yrigoyen,UCR,presidente
11630,"YRIGOYEN, HIPOLITO",HIPOLITO YRIGOYEN,Monserrat,Monserrat,Monserrat,1.0,CALLE,69.5222764481709,"LINESTRING (-58.386227491535195 -34.60995751789982, -58.38698294572288 -34.610008416013585)",Q297134,Hipólito Yrigoyen,UCR,presidente
11632,"YRIGOYEN, HIPOLITO",HIPOLITO YRIGOYEN,Monserrat,Monserrat,Monserrat,1.0,CALLE,53.30698264469564,"LINESTRING (-58.38698294572288 -34.610008416013585, -58.387563563845184 -34.61002941190582)",Q297134,Hipólito Yrigoyen,UCR,presidente
11647,"GONZALEZ, JOAQUIN V.",JOAQUIN V. GONZALEZ,,Monte Castro,Villa Del Parque,,CALLE,131.0245235640519,"LINESTRING (-58.49935013990486 -34.61007998793342, -58.50019124644485 -34.609125357045414)",Q584197,Joaquín Víctor González,Liberalismo,politico
11649,"ALSINA, ADOLFO",ADOLFO ALSINA,Monserrat,Monserrat,Monserrat,1.0,CALLE,95.89246597375664,"LINESTRING (-58.3696157753927 -34.60998350932778, -58.37065725043584 -34.61005887300491)",Q2011940,Adolfo Alsina,Prócer,procer
11653,"YRIGOYEN, HIPOLITO AV.",HIPOLITO YRIGOYEN,Monserrat,Monserrat,Monserrat,1.0,AVENIDA,136.7838971860573,"LINESTRING (-58.387563563845184 -34.61002941190582, -58.38869917958802 -34.610053210477105, -58.38905314402993 -34.61007856758463)",Q297134,Hipólito Yrigoyen,UCR,presidente
11657,"MITRE, BARTOLOME",BARTOLOME MITRE,Almagro,Almagro,Almagro,5.0,CALLE,163.4372682887899,"LINESTRING (-58.42280091290991 -34.609905491250665, -58.42334907573306 -34.60995179937788, -58.42456504376673 -34.61010951760795)",Q314362,Bartolomé Mitre,Prócer,procer
11661,"GONZALEZ, ELPIDIO",ELPIDIO GONZALEZ,Villa Santa Rita,Villa Santa Rita,Villa Santa Rita,11.0,CALLE,31.04886934275376,"LINESTRING (-58.48400234905876 -34.609975598319885, -58.48429129893207 -34.61012139604096)",Q5367308,Elpidio González,UCR,politico
11670,"PAZ, MARCOS",MARCOS PAZ,Villa Devoto,Villa Devoto,Villa Devoto,11.0,CALLE,135.2630685409346,"LINESTRING (-58.51178478804896 -34.61014631484117, -58.51266560057624 -34.609168412898654)",Q3846654,Marcos Paz,Prócer,procer
11675,"FIGUEROA, D. APOLINARIO, CORONEL",D. APOLINARIO FIGUEROA,Caballito,Caballito,Caballito,6.0,CALLE,57.56320510971917,"LINESTRING (-58.45384184953316 -34.609889874251984, -58.45437186250696 -34.61016773495013)",Q5701525,Apolinario Figueroa,Prócer,procer
11678,"ALSINA, ADOLFO",ADOLFO ALSINA,Monserrat,Monserrat,Monserrat,1.0,CALLE,128.7782662303733,"LINESTRING (-58.37065725043584 -34.61005887300491, -58.37205734647661 -34.610145281374606)",Q2011940,Adolfo Alsina,Prócer,procer
11680,"YRIGOYEN, HIPOLITO AV.",HIPOLITO YRIGOYEN,Monserrat,Monserrat,Monserrat,1.0,AVENIDA,125.9033358817677,"LINESTRING (-58.38905314402993 -34.61007856758463, -58.39001079096729 -34.61014717570217, -58.390420627204904 -34.610176928648784)",Q297134,Hipólito Yrigoyen,UCR,presidente
11685,"OROÑO, NICASIO",NICASIO ORONO,Caballito,Caballito,Caballito,6.0,CALLE,97.98682110965744,"LINESTRING (-58.45746345849138 -34.61022017626431, -58.457999854810296 -34.609456316866726)",Q389678,Nicasio Oroño,Prócer,procer
11686,"JUSTO, JUAN B. AV.",JUAN B. JUSTO,Villa Gral. Mitre,Villa Gral. Mitre,Villa Gral. Mitre,11.0,AVENIDA,79.37067724297937,"LINESTRING (-58.46536394857186 -34.60965226234075, -58.46588106100314 -34.61022592245014)",Q6298935,Juan B. Justo,PS,politico
11696,"ALSINA, ADOLFO",ADOLFO ALSINA,Monserrat,Monserrat,Monserrat,1.0,CALLE,128.4548437935961,"LINESTRING (-58.37205734647661 -34.610145281374606, -58.37218561140113 -34.61015319423797, -58.373452661921704 -34.6102444168078)",Q2011940,Adolfo Alsina,Prócer,procer
11699,"JUSTO, JUAN B. AV.",JUAN B. JUSTO,Villa Gral. Mitre,Villa Gral. Mitre,Villa Gral. Mitre,11.0,AVENIDA,8.691777555110486,"LINESTRING (-58.46588106100314 -34.61022592245014, -58.46594230381824 -34.61028571070027)",Q6298935,Juan B. Justo,PS,politico
11703,"GONZALEZ, ELPIDIO",ELPIDIO GONZALEZ,Villa Santa Rita,Villa Santa Rita,Villa Santa Rita,11.0,CALLE,35.99968295105626,"LINESTRING (-58.48429129893207 -34.61012139604096, -58.48462633552461 -34.61029042478483)",Q5367308,Elpidio González,UCR,politico
11714,"MITRE, BARTOLOME",BARTOLOME MITRE,Almagro,Almagro,Almagro,5.0,CALLE,135.8897107353543,"LINESTRING (-58.42456504376673 -34.61010951760795, -58.42474040859808 -34.61013224952729, -58.42602613043422 -34.61031222904598)",Q314362,Bartolomé Mitre,Prócer,procer
11719,"ESCALADA DE SAN MARTIN, R.",R. ESCALADA DE SAN MARTIN,Villa Gral. Mitre,Villa Gral. Mitre,Villa Gral. Mitre,11.0,CALLE,140.6850221683426,"LINESTRING (-58.46731393358825 -34.60962988951489, -58.46758317709148 -34.60980615777015, -58.467832237513036 -34.60993414166284, -58.46846042168984 -34.61026020729065, -58.46858980728595 -34.6103313999188)",Q134160,José de San Martín,Prócer,procer
11727,"REPETTO, NICOLAS, DR.",NICOLAS REPETTO,Caballito,Caballito,Caballito,6.0,CALLE,185.1198581094331,"LINESTRING (-58.44803386566546 -34.61035598237358, -58.4488943965502 -34.608846558903565)",Q5409572,Nicolás Repetto,PS,politico
11728,"YRIGOYEN, HIPOLITO AV.",HIPOLITO YRIGOYEN,Monserrat,Monserrat,Monserrat,1.0,AVENIDA,76.53197540957716,"LINESTRING (-58.390420627204904 -34.610176928648784, -58.390643175530556 -34.61019311794095, -58.3910398992297 -34.61021828347089, -58.39125199984617 -34.61020136642301)",Q297134,Hipólito Yrigoyen,UCR,presidente
11730,"ALSINA, ADOLFO",ADOLFO ALSINA,Monserrat,Monserrat,Monserrat,1.0,CALLE,120.3273430270354,"LINESTRING (-58.373452661921704 -34.6102444168078, -58.373668223392954 -34.61025999810469, -58.37449793604176 -34.61031961971631, -58.37475948814788 -34.61033931711313)",Q2011940,Adolfo Alsina,Prócer,procer
11736,"LOPEZ, JUAN PABLO",JUAN PABLO LOPEZ,Villa Devoto,Villa Devoto,Villa Devoto,11.0,PASAJE,96.51813331046442,"LINESTRING (-58.52607248437773 -34.61038543745733, -58.52683306748514 -34.60978419047549)",Q9015851,Juan Pablo López,Prócer,procer
11746,"GONZALEZ, ELPIDIO",ELPIDIO GONZALEZ,Villa Santa Rita,Villa Santa Rita,Villa Santa Rita,11.0,CALLE,32.32842329978913,"LINESTRING (-58.48462633552461 -34.61029042478483, -58.48492721367904 -34.61044220490436)",Q5367308,Elpidio González,UCR,politico
11751,"YRIGOYEN, HIPOLITO",HIPOLITO YRIGOYEN,Balvanera,Balvanera,Balvanera,3.0,CALLE,134.6240646729799,"LINESTRING (-58.39187842943352 -34.610339553516305, -58.39334191802182 -34.61043174073482)",Q297134,Hipólito Yrigoyen,UCR,presidente
11753,"ALSINA, ADOLFO",ADOLFO ALSINA,Monserrat,Monserrat,Monserrat,1.0,CALLE,9.123866177248646,"LINESTRING (-58.37484839699391 -34.610432903984425, -58.37494543084381 -34.610414805036534)",Q2011940,Adolfo Alsina,Prócer,procer
11754,"ALSINA, ADOLFO",ADOLFO ALSINA,Monserrat,Monserrat,Monserrat,1.0,CALLE,119.6661463187936,"LINESTRING (-58.37496832105198 -34.61035510250036, -58.37533633397069 -34.6103828335455, -58.37626782481828 -34.61045082643048)",Q2011940,Adolfo Alsina,Prócer,procer
11757,"PAZ, MARCOS",MARCOS PAZ,Villa Devoto,Villa Devoto,Villa Devoto,11.0,CALLE,45.3423729552653,"LINESTRING (-58.51148950522729 -34.610474112383244, -58.51178478804896 -34.61014631484117)",Q3846654,Marcos Paz,Prócer,procer
11762,"VIRASORO, VALENTIN",VALENTIN VIRASORO,Caballito,Caballito,Caballito,6.0,CALLE,123.954979854612,"LINESTRING (-58.4418829814853 -34.61050245407985, -58.44260644008295 -34.60955869259762)",Q6158916,Valentín Virasoro,Prócer,procer
11767,"MITRE, BARTOLOME",BARTOLOME MITRE,Almagro,Almagro,Almagro,5.0,CALLE,133.488429089944,"LINESTRING (-58.42602613043422 -34.61031222904598, -58.42746107618535 -34.61051301387145)",Q314362,Bartolomé Mitre,Prócer,procer
11771,"MITRE, BARTOLOME",BARTOLOME MITRE,Almagro,Almagro,Almagro,5.0,CALLE,7.930984346243418,"LINESTRING (-58.42746107618535 -34.61051301387145, -58.42754633166877 -34.61052494045765)",Q314362,Bartolomé Mitre,Prócer,procer
11772,"YRIGOYEN, HIPOLITO",HIPOLITO YRIGOYEN,Balvanera,Balvanera,Balvanera,3.0,CALLE,135.9292411805313,"LINESTRING (-58.39334191802182 -34.61043174073482, -58.39459513298796 -34.61049815801711, -58.39482066586687 -34.61051222866528)",Q297134,Hipólito Yrigoyen,UCR,presidente
11778,"ANCHORENA, TOMAS MANUEL DE, DR.",TOMAS MANUEL DE ANCHORENA,Balvanera,Balvanera,Balvanera,3.0,CALLE,146.0741006431435,"LINESTRING (-58.41173571910306 -34.61053878996806, -58.411781589918725 -34.60922259402848)",Q1443439,Tomás Manuel de Anchorena,Prócer,procer
11779,"BEIRO, FRANCISCO AV.",FRANCISCO BEIRO,Villa Devoto,Villa Devoto,Villa Devoto,11.0,AVENIDA,151.6358258706944,"LINESTRING (-58.518080653356506 -34.60972970106274, -58.51844109112787 -34.609955316448556, -58.5194121368694 -34.61053981129877)",Q5865215,Francisco Beiró,UCR,politico
11785,"ALSINA, ADOLFO",ADOLFO ALSINA,Monserrat,Monserrat,Monserrat,1.0,CALLE,132.0039465048387,"LINESTRING (-58.37626782481828 -34.61045082643048, -58.37651362216638 -34.61046874824029, -58.377516067979265 -34.61053488061411, -58.37770233484089 -34.61054634962077)",Q2011940,Adolfo Alsina,Prócer,procer
11790,"GONZALEZ, ELPIDIO",ELPIDIO GONZALEZ,Villa Santa Rita,Villa Santa Rita,Villa Santa Rita,11.0,CALLE,32.0658445012322,"LINESTRING (-58.48492721367904 -34.61044220490436, -58.485225622524 -34.610592787522016)",Q5367308,Elpidio González,UCR,politico
11792,"JUSTO, JUAN B. AV.",JUAN B. JUSTO,Villa Gral. Mitre,Villa Gral. Mitre,Villa Gral. Mitre,11.0,AVENIDA,67.56150716479954,"LINESTRING (-58.46594230381824 -34.61028571070027, -58.46656111452294 -34.61061605241002)",Q6298935,Juan B. Justo,PS,politico
11794,"YRIGOYEN, HIPOLITO",HIPOLITO YRIGOYEN,Balvanera,Balvanera,Balvanera,3.0,CALLE,129.1932226924594,"LINESTRING (-58.39482066586687 -34.61051222866528, -58.39622522322971 -34.610599559409806)",Q297134,Hipólito Yrigoyen,UCR,presidente
11803,"ESCALADA DE SAN MARTIN, R.",R. ESCALADA DE SAN MARTIN,Villa Gral. Mitre,Villa Gral. Mitre,Villa Gral. Mitre,11.0,CALLE,67.39622247541212,"LINESTRING (-58.46858980728595 -34.6103313999188, -58.468700624218805 -34.6103923113999, -58.46920718076447 -34.61066081276144)",Q134160,José de San Martín,Prócer,procer
11804,"ALSINA, ADOLFO",ADOLFO ALSINA,Monserrat,Monserrat,Monserrat,1.0,CALLE,130.7875494647769,"LINESTRING (-58.37770233484089 -34.61054634962077, -58.379049386000446 -34.61062890808452, -58.379124335778926 -34.61063353734474)",Q2011940,Adolfo Alsina,Prócer,procer
11807,"ALVAREZ, DONATO, TTE. GRAL.",DONATO ALVAREZ,,Villa Gral. Mitre,Caballito,,CALLE,137.0184188826224,"LINESTRING (-58.461075212722356 -34.61066544258721, -58.46164097167826 -34.609522337125846)",Q606183,Donato Álvarez,Prócer,procer
11817,"YRIGOYEN, HIPOLITO",HIPOLITO YRIGOYEN,Balvanera,Balvanera,Balvanera,3.0,CALLE,115.0290189227476,"LINESTRING (-58.39622522322971 -34.610599559409806, -58.39727044543195 -34.610664567063175, -58.39747527884094 -34.610682072350784)",Q297134,Hipólito Yrigoyen,UCR,presidente
11825,"MITRE, BARTOLOME",BARTOLOME MITRE,Almagro,Almagro,Almagro,5.0,CALLE,127.4197865228501,"LINESTRING (-58.42754633166877 -34.61052494045765, -58.42891604396859 -34.610716604399904)",Q314362,Bartolomé Mitre,Prócer,procer
11840,"ALSINA, ADOLFO",ADOLFO ALSINA,Monserrat,Monserrat,Monserrat,1.0,CALLE,135.5180504764621,"LINESTRING (-58.379124335778926 -34.61063353734474, -58.379287010830005 -34.610643649606786, -58.38037454911419 -34.610712070612415, -58.380597180519636 -34.610729827600736)",Q2011940,Adolfo Alsina,Prócer,procer
11841,"IRIGOYEN, BERNARDO DE",BERNARDO DE IRIGOYEN,Monserrat,Monserrat,Monserrat,1.0,CALLE,124.9670903819022,"LINESTRING (-58.38065485236512 -34.609604358525466, -58.380597180519636 -34.610729827600736)",Q360911,Bernardo de Irigoyen,Prócer,procer
11844,"GONZALEZ, ELPIDIO",ELPIDIO GONZALEZ,Villa Santa Rita,Villa Santa Rita,Villa Santa Rita,11.0,CALLE,36.47928898965343,"LINESTRING (-58.485225622524 -34.610592787522016, -58.485565177796346 -34.61076399599033)",Q5367308,Elpidio González,UCR,politico
11852,"FIGUEROA, D. APOLINARIO, CORONEL",D. APOLINARIO FIGUEROA,Caballito,Caballito,Caballito,6.0,CALLE,130.6925386940102,"LINESTRING (-58.45437186250696 -34.61016773495013, -58.45557779827824 -34.61079522027609)",Q5701525,Apolinario Figueroa,Prócer,procer
11860,"ALSINA, ADOLFO",ADOLFO ALSINA,Monserrat,Monserrat,Monserrat,1.0,CALLE,37.35263949010677,"LINESTRING (-58.380597180519636 -34.610729827600736, -58.38100271937791 -34.61076053797962)",Q2011940,Adolfo Alsina,Prócer,procer
11862,"YRIGOYEN, HIPOLITO",HIPOLITO YRIGOYEN,Balvanera,Balvanera,Balvanera,3.0,CALLE,146.872268751705,"LINESTRING (-58.39747527884094 -34.610682072350784, -58.39779177014058 -34.610709003622794, -58.39906889958703 -34.61081130377026)",Q297134,Hipólito Yrigoyen,UCR,presidente
11874,"LAMARCA, EMILIO",EMILIO LAMARCA,Villa Del Parque,Villa Del Parque,Villa Del Parque,11.0,CALLE,122.6283287575442,"LINESTRING (-58.49526995666903 -34.610848248563435, -58.49586538957057 -34.61011477112877, -58.496014288201906 -34.609930010427504)",Q5831159,Emilio Lamarca,Prócer,procer
11877,"ALSINA, ADOLFO",ADOLFO ALSINA,Monserrat,Monserrat,Monserrat,1.0,CALLE,38.49793511286371,"LINESTRING (-58.38144696375261 -34.61079875429414, -58.38186483530629 -34.610831315473874)",Q2011940,Adolfo Alsina,Prócer,procer
11881,"CANTILO, JOSE LUIS",JOSE LUIS CANTILO,Villa Devoto,Villa Devoto,Villa Devoto,11.0,CALLE,172.6738608008568,"LINESTRING (-58.52197197861828 -34.60990472521191, -58.523429007749506 -34.61089036731272)",Q1646739,José Luis Cantilo,UCR,politico
11887,"MITRE, BARTOLOME",BARTOLOME MITRE,Almagro,Almagro,Almagro,5.0,CALLE,131.7134268566123,"LINESTRING (-58.42891604396859 -34.610716604399904, -58.43033192533566 -34.61091467398371)",Q314362,Bartolomé Mitre,Prócer,procer
11889,"YRIGOYEN, HIPOLITO",HIPOLITO YRIGOYEN,Balvanera,Balvanera,Balvanera,3.0,CALLE,122.2440869527666,"LINESTRING (-58.39906889958703 -34.61081130377026, -58.39930337390821 -34.61083008921289, -58.400395945462975 -34.610913264178166)",Q297134,Hipólito Yrigoyen,UCR,presidente
11896,"PAZ, MARCOS",MARCOS PAZ,Villa Devoto,Villa Devoto,Villa Devoto,11.0,CALLE,63.01813543258717,"LINESTRING (-58.511080499031124 -34.61093054708737, -58.51141238575396 -34.61055977779498, -58.51148950522729 -34.610474112383244)",Q3846654,Marcos Paz,Prócer,procer
11897,"ESCALADA DE SAN MARTIN, R.",R. ESCALADA DE SAN MARTIN,Villa Gral. Mitre,Villa Gral. Mitre,Villa Gral. Mitre,11.0,CALLE,57.35554682912843,"LINESTRING (-58.46920718076447 -34.61066081276144, -58.46973358735974 -34.61093987448808)",Q134160,José de San Martín,Prócer,procer
11899,"ALSINA, ADOLFO",ADOLFO ALSINA,Monserrat,Monserrat,Monserrat,1.0,CALLE,138.1859327981387,"LINESTRING (-58.38186483530629 -34.610831315473874, -58.38210279774194 -34.61085034756976, -58.383367333337446 -34.610921958201104)",Q2011940,Adolfo Alsina,Prócer,procer
11904,"BRAVO, MARIO",MARIO BRAVO,Almagro,Almagro,Almagro,5.0,CALLE,154.6976656567634,"LINESTRING (-58.41734208543123 -34.61094159950482, -58.41730721087313 -34.610855388004005, -58.41740817855485 -34.60955449263834)",Q1619796,Mario Bravo,PS,politico
11911,"GRANVILLE, GUILLERMO ENRIQUE",GUILLERMO ENRIQUE GRANVILLE,Villa Santa Rita,Villa Santa Rita,Villa Santa Rita,11.0,CALLE,92.52692840387127,"LINESTRING (-58.48833942193906 -34.61100458823069, -58.48889651461916 -34.61030925179054)",Q5888508,Guillermo Enrique Granville,Prócer,procer
11913,"LOPEZ, JUAN PABLO",JUAN PABLO LOPEZ,Villa Devoto,Villa Devoto,Villa Devoto,11.0,PASAJE,97.46856493511085,"LINESTRING (-58.525304399225924 -34.61099259903021, -58.52607248437773 -34.61038543745733)",Q9015851,Juan Pablo López,Prócer,procer
11914,"YRIGOYEN, HIPOLITO",HIPOLITO YRIGOYEN,Balvanera,Balvanera,Balvanera,3.0,CALLE,117.4869148394941,"LINESTRING (-58.400395945462975 -34.610913264178166, -58.40056126223027 -34.6109258846831, -58.40167275373625 -34.61099771976067)",Q297134,Hipólito Yrigoyen,UCR,presidente
11917,"ALSINA, ADOLFO",ADOLFO ALSINA,Monserrat,Monserrat,Monserrat,1.0,CALLE,133.531791627039,"LINESTRING (-58.383367333337446 -34.610921958201104, -58.384819759087236 -34.61100424025594)",Q2011940,Adolfo Alsina,Prócer,procer
11926,"GAINZA, MARTIN DE, GRAL.",MARTIN DE GAINZA,Caballito,Caballito,Caballito,6.0,CALLE,141.0084009435905,"LINESTRING (-58.44660933968546 -34.61105566460268, -58.44657313921736 -34.6097849378601)",Q5637260,Martín de Gainza,Prócer,procer
11937,"ALSINA, ADOLFO",ADOLFO ALSINA,Monserrat,Monserrat,Monserrat,1.0,CALLE,123.1026459085704,"LINESTRING (-58.384819759087236 -34.61100424025594, -58.38497178997375 -34.61101285919797, -58.385849557044224 -34.61107299784499, -58.386157965049186 -34.61108833428754)",Q2011940,Adolfo Alsina,Prócer,procer
11939,"YRIGOYEN, HIPOLITO",HIPOLITO YRIGOYEN,Balvanera,Balvanera,Balvanera,3.0,CALLE,148.3825959108812,"LINESTRING (-58.40167275373625 -34.61099771976067, -58.40328556959238 -34.61110204630542)",Q297134,Hipólito Yrigoyen,UCR,presidente
11942,"SALGUERO, JERONIMO",JERONIMO SALGUERO,Almagro,Almagro,Almagro,5.0,CALLE,157.660457776348,"LINESTRING (-58.41971993047676 -34.611122404081, -58.41974834848273 -34.61101825788021, -58.419916228742174 -34.60971118705661)",Q11684757,Jerónimo Salguero,Prócer,procer
11946,"BEIRO, FRANCISCO AV.",FRANCISCO BEIRO,Villa Devoto,Villa Devoto,Villa Devoto,11.0,AVENIDA,112.6161092337581,"LINESTRING (-58.5194121368694 -34.61053981129877, -58.52023910435198 -34.61103760394481, -58.52040441420381 -34.61113766888415)",Q5865215,Francisco Beiró,UCR,politico
11954,"YRIGOYEN, HIPOLITO",HIPOLITO YRIGOYEN,Balvanera,Balvanera,Balvanera,3.0,CALLE,111.0907827930209,"LINESTRING (-58.40328556959238 -34.61110204630542, -58.403434024503866 -34.61111162641219, -58.4044932265191 -34.61117826921092)",Q297134,Hipólito Yrigoyen,UCR,presidente
11958,"ALSINA, ADOLFO",ADOLFO ALSINA,Monserrat,Monserrat,Monserrat,1.0,CALLE,121.8788725814508,"LINESTRING (-58.386157965049186 -34.61108833428754, -58.38632277307742 -34.611096466660115, -58.3874820272835 -34.611180362705994)",Q2011940,Adolfo Alsina,Prócer,procer
11963,"FIGUEROA, D. APOLINARIO, CORONEL",D. APOLINARIO FIGUEROA,Caballito,Caballito,Caballito,6.0,CALLE,117.5146734859539,"LINESTRING (-58.45566272950555 -34.61067466058071, -58.45676622230328 -34.61121290107878)",Q5701525,Apolinario Figueroa,Prócer,procer
11964,"OROÑO, NICASIO",NICASIO ORONO,Caballito,Caballito,Caballito,6.0,CALLE,127.3508514846174,"LINESTRING (-58.45676622230328 -34.61121290107878, -58.45746345849138 -34.61022017626431)",Q389678,Nicasio Oroño,Prócer,procer
11971,"ESCALADA DE SAN MARTIN, R.",R. ESCALADA DE SAN MARTIN,Villa Gral. Mitre,Villa Gral. Mitre,Villa Gral. Mitre,11.0,CALLE,59.1932786528864,"LINESTRING (-58.46973358735974 -34.61093987448808, -58.47027686310278 -34.61122787675137)",Q134160,José de San Martín,Prócer,procer
11981,"YRIGOYEN, HIPOLITO",HIPOLITO YRIGOYEN,Balvanera,Balvanera,Balvanera,3.0,CALLE,123.9057263562234,"LINESTRING (-58.4044932265191 -34.61117826921092, -58.405840228063475 -34.611262926264295)",Q297134,Hipólito Yrigoyen,UCR,presidente
11984,"GONZALEZ, JOAQUIN V.",JOAQUIN V. GONZALEZ,,Monte Castro,Villa Del Parque,,CALLE,163.9923162060299,"LINESTRING (-58.49829856025304 -34.611275521794816, -58.49844269371771 -34.61110977387722, -58.49935013990486 -34.61007998793342)",Q584197,Joaquín Víctor González,Liberalismo,politico
11987,"SOLA, MANUEL",MANUEL SOLA,Villa Devoto,Villa Devoto,Villa Devoto,11.0,PASAJE,186.9771720966275,"LINESTRING (-58.5071536450446 -34.610297646887204, -58.5088116894512 -34.6112781798122)",Q5994373,Manuel Solá,Prócer,procer
11996,"PAZ, MARCOS",MARCOS PAZ,Villa Devoto,Villa Devoto,Villa Devoto,11.0,CALLE,49.52270047966371,"LINESTRING (-58.51075924957094 -34.611289339324685, -58.511080499031124 -34.61093054708737)",Q3846654,Marcos Paz,Prócer,procer
11997,"LAMARCA, EMILIO",EMILIO LAMARCA,Villa Del Parque,Villa Del Parque,Villa Del Parque,11.0,CALLE,59.77147488690971,"LINESTRING (-58.49490676639277 -34.61129560282951, -58.49526995666903 -34.610848248563435)",Q5831159,Emilio Lamarca,Prócer,procer
12000,"JUSTO, JUAN B. AV.",JUAN B. JUSTO,Villa Gral. Mitre,Villa Gral. Mitre,Villa Gral. Mitre,11.0,AVENIDA,140.5362367327496,"LINESTRING (-58.46656111452294 -34.61061605241002, -58.46784832463396 -34.61130320375632)",Q6298935,Juan B. Justo,PS,politico
12002,"ALSINA, ADOLFO",ADOLFO ALSINA,Monserrat,Monserrat,Monserrat,1.0,CALLE,134.5026358114778,"LINESTRING (-58.3874820272835 -34.611180362705994, -58.388942873276896 -34.611285981505496)",Q2011940,Adolfo Alsina,Prócer,procer
12017,"CANTILO, JOSE LUIS",JOSE LUIS CANTILO,Villa Devoto,Villa Devoto,Villa Devoto,11.0,CALLE,83.13886161975226,"LINESTRING (-58.523429007749506 -34.61089036731272, -58.524130521045805 -34.6113649555542)",Q1646739,José Luis Cantilo,UCR,politico
12019,"YRIGOYEN, HIPOLITO",HIPOLITO YRIGOYEN,Balvanera,Balvanera,Balvanera,3.0,CALLE,137.9628772106273,"LINESTRING (-58.405840228063475 -34.611262926264295, -58.407338831324466 -34.61136961020577)",Q297134,Hipólito Yrigoyen,UCR,presidente
12022,"REPETTO, NICOLAS, DR.",NICOLAS REPETTO,Caballito,Caballito,Caballito,6.0,CALLE,125.6448712822649,"LINESTRING (-58.447458481873184 -34.61138381047375, -58.44795275262512 -34.61049829810769, -58.44803386566546 -34.61035598237358)",Q5409572,Nicolás Repetto,PS,politico
12027,"GONZALEZ, ELPIDIO",ELPIDIO GONZALEZ,Villa Santa Rita,Villa Santa Rita,Villa Santa Rita,11.0,CALLE,136.6669513386816,"LINESTRING (-58.485565177796346 -34.61076399599033, -58.486837116971905 -34.611405667435484)",Q5367308,Elpidio González,UCR,politico
12029,"ALSINA, ADOLFO",ADOLFO ALSINA,Monserrat,Monserrat,Monserrat,1.0,CALLE,131.1619812561715,"LINESTRING (-58.388942873276896 -34.611285981505496, -58.390367440196776 -34.61138895546295)",Q2011940,Adolfo Alsina,Prócer,procer
12047,"VIRASORO, VALENTIN",VALENTIN VIRASORO,Caballito,Caballito,Caballito,6.0,CALLE,128.0642333779367,"LINESTRING (-58.44113547846408 -34.61147747478822, -58.4418829814853 -34.61050245407985)",Q6158916,Valentín Virasoro,Prócer,procer
12048,"YRIGOYEN, HIPOLITO",HIPOLITO YRIGOYEN,Balvanera,Balvanera,Balvanera,3.0,CALLE,134.5298762090896,"LINESTRING (-58.407338831324466 -34.61136961020577, -58.408800561447826 -34.61146956904238)",Q297134,Hipólito Yrigoyen,UCR,presidente
12061,"ESCALADA DE SAN MARTIN, R.",R. ESCALADA DE SAN MARTIN,Villa Gral. Mitre,Villa Gral. Mitre,Villa Gral. Mitre,11.0,CALLE,59.64862390301039,"LINESTRING (-58.47027686310278 -34.61122787675137, -58.470660770000826 -34.61143137810441, -58.470824401610805 -34.611517989023625)",Q134160,José de San Martín,Prócer,procer
12063,"ALSINA, ADOLFO",ADOLFO ALSINA,Monserrat,Monserrat,Monserrat,1.0,CALLE,131.7817321190732,"LINESTRING (-58.390367440196776 -34.61138895546295, -58.391539904152616 -34.61147373635408, -58.3917979672137 -34.61149867693397)",Q2011940,Adolfo Alsina,Prócer,procer
12073,"YRIGOYEN, HIPOLITO",HIPOLITO YRIGOYEN,Balvanera,Balvanera,Balvanera,3.0,CALLE,132.1468588054406,"LINESTRING (-58.408800561447826 -34.61146956904238, -58.410236402572345 -34.611567738521344)",Q297134,Hipólito Yrigoyen,UCR,presidente
12088,"ALSINA, ADOLFO",ADOLFO ALSINA,Balvanera,Balvanera,Balvanera,3.0,CALLE,138.9028801104649,"LINESTRING (-58.3917979672137 -34.61149867693397, -58.39209239774338 -34.61152715937341, -58.3931404389317 -34.61159241532028, -58.39330695058766 -34.61160244067224)",Q2011940,Adolfo Alsina,Prócer,procer
12090,"CANTILO, JOSE LUIS",JOSE LUIS CANTILO,Villa Devoto,Villa Devoto,Villa Devoto,11.0,CALLE,44.8895304719904,"LINESTRING (-58.524130521045805 -34.6113649555542, -58.524509317655955 -34.611621177998586)",Q1646739,José Luis Cantilo,UCR,politico
12091,"LOPEZ, JUAN PABLO",JUAN PABLO LOPEZ,Villa Devoto,Villa Devoto,Villa Devoto,11.0,PASAJE,100.8998817092111,"LINESTRING (-58.524509317655955 -34.611621177998586, -58.525304399225924 -34.61099259903021)",Q9015851,Juan Pablo López,Prócer,procer
12095,"YRIGOYEN, HIPOLITO",HIPOLITO YRIGOYEN,Balvanera,Balvanera,Balvanera,3.0,CALLE,139.763994978833,"LINESTRING (-58.410236402572345 -34.611567738521344, -58.41123675776636 -34.611636128176535, -58.41168345777081 -34.611856250523225)",Q297134,Hipólito Yrigoyen,UCR,presidente
12100,"JUSTO, JUAN B. AV.",JUAN B. JUSTO,Villa Gral. Mitre,Villa Gral. Mitre,Villa Gral. Mitre,11.0,AVENIDA,64.87353950481577,"LINESTRING (-58.46784832463396 -34.61130320375632, -58.46844794743086 -34.61161334593014)",Q6298935,Juan B. Justo,PS,politico
12103,"PAZ, MARCOS",MARCOS PAZ,Villa Devoto,Villa Devoto,Villa Devoto,11.0,CALLE,49.94395908701377,"LINESTRING (-58.51043638110245 -34.611651863766404, -58.51068434205706 -34.61137303154715, -58.51075924957094 -34.611289339324685)",Q3846654,Marcos Paz,Prócer,procer
12120,"ALSINA, ADOLFO",ADOLFO ALSINA,Balvanera,Balvanera,Balvanera,3.0,CALLE,134.7425398638274,"LINESTRING (-58.39330695058766 -34.61160244067224, -58.39451546002705 -34.61167538249864, -58.394771998320486 -34.611691935534516)",Q2011940,Adolfo Alsina,Prócer,procer
12125,"ALVAREZ, DONATO, TTE. GRAL.",DONATO ALVAREZ,,Villa Gral. Mitre,Caballito,,CALLE,126.4508815106458,"LINESTRING (-58.460553051657 -34.61172037598445, -58.461075212722356 -34.61066544258721)",Q606183,Donato Álvarez,Prócer,procer
12128,"GONZALEZ, ELPIDIO",ELPIDIO GONZALEZ,Villa Santa Rita,Villa Santa Rita,Villa Santa Rita,11.0,CALLE,68.18602886863472,"LINESTRING (-58.486837116971905 -34.611405667435484, -58.48746955970898 -34.61172871719706)",Q5367308,Elpidio González,UCR,politico
12139,"FIGUEROA, D. APOLINARIO, CORONEL",D. APOLINARIO FIGUEROA,Caballito,Caballito,Caballito,6.0,CALLE,122.4280134064727,"LINESTRING (-58.45676622230328 -34.61121290107878, -58.45791589366125 -34.61177359869021)",Q5701525,Apolinario Figueroa,Prócer,procer
12144,"ALSINA, ADOLFO",ADOLFO ALSINA,Balvanera,Balvanera,Balvanera,3.0,CALLE,128.451783065502,"LINESTRING (-58.394771998320486 -34.611691935534516, -58.395944733725834 -34.611767871313724, -58.396168140173096 -34.61178278337802)",Q2011940,Adolfo Alsina,Prócer,procer
12156,"IRIGOYEN, BERNARDO DE",BERNARDO DE IRIGOYEN,Monserrat,Monserrat,Monserrat,1.0,CALLE,122.3531715287186,"LINESTRING (-58.380597180519636 -34.610729827600736, -58.38058710564617 -34.61092595015832, -58.38054344848492 -34.61183184809686)",Q360911,Bernardo de Irigoyen,Prócer,procer
12163,"ALSINA, ADOLFO",ADOLFO ALSINA,Balvanera,Balvanera,Balvanera,3.0,CALLE,117.0164042418225,"LINESTRING (-58.396168140173096 -34.61178278337802, -58.39724505749161 -34.61185463975853, -58.39743924655602 -34.61187235061178)",Q2011940,Adolfo Alsina,Prócer,procer
12173,"CANTILO, JOSE LUIS",JOSE LUIS CANTILO,Villa Devoto,Villa Devoto,Villa Devoto,11.0,CALLE,48.72578587503074,"LINESTRING (-58.524509317655955 -34.611621177998586, -58.52492049994829 -34.611899284603396)",Q1646739,José Luis Cantilo,UCR,politico
12179,"JUSTO, JUAN B. AV.",JUAN B. JUSTO,Villa Gral. Mitre,Villa Gral. Mitre,Villa Gral. Mitre,11.0,AVENIDA,59.95979833338597,"LINESTRING (-58.46844794743086 -34.61161334593014, -58.46900402245322 -34.61189751352239)",Q6298935,Juan B. Justo,PS,politico
12186,"LAMARCA, EMILIO",EMILIO LAMARCA,Villa Del Parque,Villa Del Parque,Villa Del Parque,11.0,CALLE,91.95292087531185,"LINESTRING (-58.4943480962506 -34.61198385421864, -58.49490676639277 -34.61129560282951)",Q5831159,Emilio Lamarca,Prócer,procer
12187,"ALSINA, ADOLFO",ADOLFO ALSINA,Balvanera,Balvanera,Balvanera,3.0,CALLE,140.5753524846756,"LINESTRING (-58.39743924655602 -34.61187235061178, -58.39762006383678 -34.611888927182335, -58.39896595507313 -34.61198323712056)",Q2011940,Adolfo Alsina,Prócer,procer
12203,"SOLA, MANUEL",MANUEL SOLA,Villa Devoto,Villa Devoto,Villa Devoto,11.0,PASAJE,144.6212409777873,"LINESTRING (-58.5088116894512 -34.6112781798122, -58.51009410197399 -34.6120366486002)",Q5994373,Manuel Solá,Prócer,procer
12204,"PAZ, MARCOS",MARCOS PAZ,Villa Devoto,Villa Devoto,Villa Devoto,11.0,CALLE,52.98803862712894,"LINESTRING (-58.51009410197399 -34.6120366486002, -58.51043638110245 -34.611651863766404)",Q3846654,Marcos Paz,Prócer,procer
12205,"GONZALEZ, ELPIDIO",ELPIDIO GONZALEZ,Villa Santa Rita,Villa Santa Rita,Villa Santa Rita,11.0,CALLE,68.71210603110336,"LINESTRING (-58.48746955970898 -34.61172871719706, -58.4881071186132 -34.612053945749814)",Q5367308,Elpidio González,UCR,politico
12219,"BEIRO, FRANCISCO AV.",FRANCISCO BEIRO,Villa Devoto,Villa Devoto,Villa Devoto,11.0,AVENIDA,174.8119346011692,"LINESTRING (-58.52040441420381 -34.61113766888415, -58.52136671284664 -34.611720109862375, -58.52194300686936 -34.612067655778816)",Q5865215,Francisco Beiró,UCR,politico
12224,"ALSINA, ADOLFO",ADOLFO ALSINA,Balvanera,Balvanera,Balvanera,3.0,CALLE,124.658552916554,"LINESTRING (-58.39896595507313 -34.61198323712056, -58.39921142167513 -34.61200047921769, -58.40031976721926 -34.612082325097084)",Q2011940,Adolfo Alsina,Prócer,procer
12230,"ESCALADA DE SAN MARTIN, R.",R. ESCALADA DE SAN MARTIN,Villa Gral. Mitre,Villa Gral. Mitre,Villa Gral. Mitre,11.0,CALLE,123.5177868758154,"LINESTRING (-58.470824401610805 -34.611517989023625, -58.47195858840125 -34.61211827407888)",Q134160,José de San Martín,Prócer,procer
12241,"GONZALEZ, JOAQUIN V.",JOAQUIN V. GONZALEZ,,Monte Castro,Villa Del Parque,,CALLE,119.7443816903303,"LINESTRING (-58.497531907180814 -34.61214920185856, -58.49815732085787 -34.6114380292303, -58.49829856025304 -34.611275521794816)",Q584197,Joaquín Víctor González,Liberalismo,politico
12242,"MOREAU DE JUSTO, ALICIA AV.",ALICIA MOREAU DE JUSTO,Puerto Madero,Puerto Madero,Puerto Madero,1.0,AVENIDA,15.97593588710726,"LINESTRING (-58.36695719332821 -34.60514771051369, -58.366946841496784 -34.60529146632776)",Q518850,Alicia Moreau de Justo,PS,politico
12247,"ALSINA, ADOLFO",ADOLFO ALSINA,Balvanera,Balvanera,Balvanera,3.0,CALLE,113.5442900679745,"LINESTRING (-58.40031976721926 -34.612082325097084, -58.40048900453959 -34.6120948068757, -58.40137905077017 -34.61216709380242, -58.40155203584981 -34.612180068972854)",Q2011940,Adolfo Alsina,Prócer,procer
12257,"JUSTO, JUAN B. AV.",JUAN B. JUSTO,Villa Gral. Mitre,Villa Gral. Mitre,Villa Gral. Mitre,11.0,AVENIDA,59.82263676357849,"LINESTRING (-58.46900402245322 -34.61189751352239, -58.469552333467 -34.61218953924356)",Q6298935,Juan B. Justo,PS,politico
12261,"CANTILO, JOSE LUIS",JOSE LUIS CANTILO,Villa Devoto,Villa Devoto,Villa Devoto,11.0,CALLE,59.75632995202135,"LINESTRING (-58.52492049994829 -34.611899284603396, -58.52542474530126 -34.612240371463784)",Q1646739,José Luis Cantilo,UCR,politico
12266,"LOPEZ, JUAN PABLO",JUAN PABLO LOPEZ,Villa Devoto,Villa Devoto,Villa Devoto,11.0,PASAJE,100.5518176170328,"LINESTRING (-58.523716948187584 -34.61224756725624, -58.524509317655955 -34.611621177998586)",Q9015851,Juan Pablo López,Prócer,procer
12270,"LISTA, RAMON, CORONEL",RAMON LISTA,Villa Devoto,Villa Devoto,Villa Devoto,11.0,CALLE,171.5608035695544,"LINESTRING (-58.52040441420381 -34.61113766888415, -58.52155587520412 -34.6121864343831, -58.52166292436072 -34.61228173660559)",Q111633724,Ramón Lista,Prócer,procer
12274,"ALSINA, ADOLFO",ADOLFO ALSINA,Balvanera,Balvanera,Balvanera,3.0,CALLE,155.5434828562882,"LINESTRING (-58.40155203584981 -34.612180068972854, -58.40186189305 -34.61220332430531, -58.4032431525053 -34.612284083558066)",Q2011940,Adolfo Alsina,Prócer,procer
12281,"GAINZA, MARTIN DE, GRAL.",MARTIN DE GAINZA,Caballito,Caballito,Caballito,6.0,CALLE,139.9665905491224,"LINESTRING (-58.446628252162256 -34.612316881536536, -58.44663902798506 -34.612099204008416, -58.44660933968546 -34.61105566460268)",Q5637260,Martín de Gainza,Prócer,procer
12289,"ALSINA, ADOLFO",ADOLFO ALSINA,Balvanera,Balvanera,Balvanera,3.0,CALLE,102.0392168089531,"LINESTRING (-58.4032431525053 -34.612284083558066, -58.40435288061348 -34.61234899184527)",Q2011940,Adolfo Alsina,Prócer,procer
12297,"OROÑO, NICASIO",NICASIO ORONO,Caballito,Caballito,Caballito,6.0,CALLE,19.16624242310191,"LINESTRING (-58.45525525577932 -34.612375361829976, -58.45535637566928 -34.61222416922851)",Q389678,Nicasio Oroño,Prócer,procer
12308,"REPETTO, NICOLAS, DR.",NICOLAS REPETTO,Caballito,Caballito,Caballito,6.0,CALLE,125.9946442695991,"LINESTRING (-58.446882827697145 -34.61241501597494, -58.447458481873184 -34.61138381047375)",Q5409572,Nicolás Repetto,PS,politico
12318,"PAZ, MARCOS",MARCOS PAZ,Villa Devoto,Villa Devoto,Villa Devoto,11.0,CALLE,53.04343620951157,"LINESTRING (-58.50975045673281 -34.61242122170034, -58.510010766195904 -34.61213034376609, -58.51009410197399 -34.6120366486002)",Q3846654,Marcos Paz,Prócer,procer
12319,"ALSINA, ADOLFO",ADOLFO ALSINA,Balvanera,Balvanera,Balvanera,3.0,CALLE,111.9024854489533,"LINESTRING (-58.40435288061348 -34.61234899184527, -58.40533689382352 -34.61240650633457, -58.40556984413318 -34.61242056063531)",Q2011940,Adolfo Alsina,Prócer,procer
12323,"OROÑO, NICASIO",NICASIO ORONO,Caballito,Caballito,Caballito,6.0,CALLE,158.7585129476818,"LINESTRING (-58.45589706028147 -34.61245047389848, -58.45676622230328 -34.61121290107878)",Q389678,Nicasio Oroño,Prócer,procer
12329,"YRIGOYEN, HIPOLITO",HIPOLITO YRIGOYEN,Balvanera,Balvanera,Balvanera,3.0,CALLE,141.0515194909671,"LINESTRING (-58.41168345777081 -34.611856250523225, -58.412812735441136 -34.612412716443366, -58.41302078341794 -34.61247956381709)",Q297134,Hipólito Yrigoyen,UCR,presidente
12337,"ALSINA, ADOLFO",ADOLFO ALSINA,Balvanera,Balvanera,Balvanera,3.0,CALLE,126.3839679084208,"LINESTRING (-58.40556984413318 -34.61242056063531, -58.40694412486228 -34.61250338738946)",Q2011940,Adolfo Alsina,Prócer,procer
12341,"JUSTO, JUAN B. AV.",JUAN B. JUSTO,Villa Gral. Mitre,Villa Gral. Mitre,Villa Gral. Mitre,11.0,AVENIDA,57.96332324062331,"LINESTRING (-58.469552333467 -34.61218953924356, -58.47008120534528 -34.61247554461578)",Q6298935,Juan B. Justo,PS,politico
12349,"GONZALEZ, ELPIDIO",ELPIDIO GONZALEZ,Villa Santa Rita,Villa Santa Rita,Villa Santa Rita,11.0,CALLE,105.2006773524787,"LINESTRING (-58.4881071186132 -34.612053945749814, -58.488903563083376 -34.6124601951412, -58.489079399139875 -34.6125568495546)",Q5367308,Elpidio González,UCR,politico
12351,"CANTILO, JOSE LUIS",JOSE LUIS CANTILO,Villa Devoto,Villa Devoto,Villa Devoto,11.0,CALLE,53.83346364918091,"LINESTRING (-58.52542474530126 -34.612240371463784, -58.52587905535156 -34.612547608153676)",Q1646739,José Luis Cantilo,UCR,politico
12361,"ALSINA, ADOLFO",ADOLFO ALSINA,Balvanera,Balvanera,Balvanera,3.0,CALLE,162.9248174690815,"LINESTRING (-58.40694412486228 -34.61250338738946, -58.40871574582447 -34.612610180217565)",Q2011940,Adolfo Alsina,Prócer,procer
12363,"YRIGOYEN, HIPOLITO AV.",HIPOLITO YRIGOYEN,Balvanera,Balvanera,Balvanera,3.0,AVENIDA,41.02925070818036,"LINESTRING (-58.41302078341794 -34.61247956381709, -58.41343773198023 -34.612613539540824)",Q297134,Hipólito Yrigoyen,UCR,presidente
12378,"ALSINA, ADOLFO",ADOLFO ALSINA,Balvanera,Balvanera,Balvanera,3.0,CALLE,124.8649653746858,"LINESTRING (-58.40871574582447 -34.612610180217565, -58.41007350897793 -34.61269204882488)",Q2011940,Adolfo Alsina,Prócer,procer
12387,"ESCALADA DE SAN MARTIN, R.",R. ESCALADA DE SAN MARTIN,Villa Gral. Mitre,Villa Gral. Mitre,Villa Gral. Mitre,11.0,CALLE,127.069803103846,"LINESTRING (-58.47195858840125 -34.61211827407888, -58.47312541660111 -34.612735799658196)",Q134160,José de San Martín,Prócer,procer
12392,"ALVAREZ, DONATO, TTE. GRAL.",DONATO ALVAREZ,,Villa Gral. Mitre,Caballito,,CALLE,124.2184331682975,"LINESTRING (-58.46003667024137 -34.61275551811925, -58.460485757509474 -34.6118562917932, -58.460553051657 -34.61172037598445)",Q606183,Donato Álvarez,Prócer,procer
12402,"PAZ, MARCOS",MARCOS PAZ,Villa Devoto,Villa Devoto,Villa Devoto,11.0,CALLE,48.27435035422364,"LINESTRING (-58.509437453102215 -34.61277106345291, -58.50975045673281 -34.61242122170034)",Q3846654,Marcos Paz,Prócer,procer
12407,"FONTANA, LUIS JORGE CORONEL",LUIS JORGE FONTANA,Villa Devoto,Villa Devoto,Villa Devoto,11.0,PASAJE,185.908139246749,"LINESTRING (-58.50579365242115 -34.61180174019226, -58.507443104327564 -34.61277567465384)",Q725378,Luis Jorge Fontana,Prócer,procer
12413,"SOLA, MANUEL",MANUEL SOLA,Villa Devoto,Villa Devoto,Villa Devoto,11.0,PASAJE,144.2416118007799,"LINESTRING (-58.51009410197399 -34.6120366486002, -58.511373214706275 -34.61279306282298)",Q5994373,Manuel Solá,Prócer,procer
12437,"GONZALEZ, ELPIDIO",ELPIDIO GONZALEZ,Villa Santa Rita,Villa Santa Rita,Villa Santa Rita,11.0,CALLE,67.86728072558249,"LINESTRING (-58.489079399139875 -34.6125568495546, -58.48953815934835 -34.61280893823754, -58.48969440324801 -34.61289700430638)",Q5367308,Elpidio González,UCR,politico
12455,"CANTILO, JOSE LUIS",JOSE LUIS CANTILO,Villa Devoto,Villa Devoto,Villa Devoto,11.0,CALLE,77.36217780438999,"LINESTRING (-58.52587905535156 -34.612547608153676, -58.5265349988794 -34.612986008129674)",Q1646739,José Luis Cantilo,UCR,politico
12457,"BEIRO, FRANCISCO AV.",FRANCISCO BEIRO,Villa Devoto,Villa Devoto,Villa Devoto,11.0,AVENIDA,178.1175745292987,"LINESTRING (-58.52194300686936 -34.612067655778816, -58.52351196886889 -34.61301380552135)",Q5865215,Francisco Beiró,UCR,politico
12460,"ALSINA, ADOLFO",ADOLFO ALSINA,Balvanera,Balvanera,Balvanera,3.0,CALLE,133.1461108603447,"LINESTRING (-58.41007350897793 -34.61269204882488, -58.411463990005366 -34.613036807041794)",Q2011940,Adolfo Alsina,Prócer,procer
12466,"YRIGOYEN, HIPOLITO AV.",HIPOLITO YRIGOYEN,Almagro,Almagro,Almagro,5.0,AVENIDA,132.9314492950559,"LINESTRING (-58.41343773198023 -34.612613539540824, -58.414412405551836 -34.612926755067676, -58.41478634857669 -34.61305232854091)",Q297134,Hipólito Yrigoyen,UCR,presidente
12469,"IRIGOYEN, BERNARDO DE",BERNARDO DE IRIGOYEN,Monserrat,Monserrat,Monserrat,1.0,CALLE,134.0142207843747,"LINESTRING (-58.38054344848492 -34.61183184809686, -58.38050318310773 -34.612666409224154, -58.38048577765864 -34.61303893748677)",Q360911,Bernardo de Irigoyen,Prócer,procer
12477,"OROÑO, NICASIO",NICASIO ORONO,Caballito,Caballito,Caballito,6.0,CALLE,88.79551635216929,"LINESTRING (-58.45479922958013 -34.613081326317904, -58.45502200562602 -34.6127242241684, -58.45525525577932 -34.612375361829976)",Q389678,Nicasio Oroño,Prócer,procer
12485,"PAZ, MARCOS",MARCOS PAZ,Villa Devoto,Villa Devoto,Villa Devoto,11.0,CALLE,48.91093230721363,"LINESTRING (-58.50911584482921 -34.61312266820177, -58.509205912128486 -34.61302981621059, -58.509437453102215 -34.61277106345291)",Q3846654,Marcos Paz,Prócer,procer
12486,"JUSTO, JUAN B. AV.",JUAN B. JUSTO,Villa Gral. Mitre,Villa Gral. Mitre,Villa Gral. Mitre,11.0,AVENIDA,123.5189843967,"LINESTRING (-58.47008120534528 -34.61247554461578, -58.47074344876127 -34.61282550625404, -58.471215764421416 -34.613075385280005)",Q6298935,Juan B. Justo,PS,politico
12508,"LAMARCA, EMILIO",EMILIO LAMARCA,Villa Del Parque,Villa Del Parque,Villa Del Parque,11.0,CALLE,164.8182638858149,"LINESTRING (-58.493304177051876 -34.6131931457363, -58.4943480962506 -34.61198385421864)",Q5831159,Emilio Lamarca,Prócer,procer
12513,"CANTILO, JOSE LUIS",JOSE LUIS CANTILO,Villa Real,Villa Real,Villa Real,10.0,CALLE,33.63675481248707,"LINESTRING (-58.5265349988794 -34.612986008129674, -58.526802360091914 -34.61319354805069)",Q1646739,José Luis Cantilo,UCR,politico
12519,"GONZALEZ, ELPIDIO",ELPIDIO GONZALEZ,Villa Santa Rita,Villa Santa Rita,Villa Santa Rita,11.0,CALLE,67.4387530427538,"LINESTRING (-58.48969440324801 -34.61289700430638, -58.49030200257548 -34.61323934070443)",Q5367308,Elpidio González,UCR,politico
12524,"GONZALEZ, JOAQUIN V.",JOAQUIN V. GONZALEZ,,Monte Castro,Villa Del Parque,,CALLE,152.4310629808555,"LINESTRING (-58.49655928841212 -34.61326335904605, -58.4974029238572 -34.61229585967499, -58.497531907180814 -34.61214920185856)",Q584197,Joaquín Víctor González,Liberalismo,politico
12532,"FIGUEROA, D. APOLINARIO, CORONEL",D. APOLINARIO FIGUEROA,Villa Gral. Mitre,Villa Gral. Mitre,Villa Gral. Mitre,11.0,CALLE,123.5504380880756,"LINESTRING (-58.46003667024137 -34.61275551811925, -58.46120912776712 -34.61330386105529)",Q5701525,Apolinario Figueroa,Prócer,procer
12536,"BEIRO, FRANCISCO AV.",FRANCISCO BEIRO,Villa Devoto,Villa Devoto,Villa Devoto,11.0,AVENIDA,53.4777768882818,"LINESTRING (-58.52351196886889 -34.61301380552135, -58.52388759789426 -34.613240312685505, -58.52398303935626 -34.6132978716421)",Q5865215,Francisco Beiró,UCR,politico
12539,"YRIGOYEN, HIPOLITO AV.",HIPOLITO YRIGOYEN,Almagro,Almagro,Almagro,5.0,AVENIDA,83.41299272074895,"LINESTRING (-58.41478634857669 -34.61305232854091, -58.41562893806333 -34.613335270068106)",Q297134,Hipólito Yrigoyen,UCR,presidente
12564,"ESCALADA DE SAN MARTIN, R.",R. ESCALADA DE SAN MARTIN,Villa Gral. Mitre,Villa Gral. Mitre,Villa Gral. Mitre,11.0,CALLE,141.2156765253207,"LINESTRING (-58.47312541660111 -34.612735799658196, -58.4732845386288 -34.61282008364698, -58.474420975902426 -34.61342358497428)",Q134160,José de San Martín,Prócer,procer
12566,"ALSINA, ADOLFO",ADOLFO ALSINA,Balvanera,Balvanera,Balvanera,3.0,CALLE,157.4759454501298,"LINESTRING (-58.411463990005366 -34.613036807041794, -58.413118685324505 -34.61341553204709)",Q2011940,Adolfo Alsina,Prócer,procer
12573,"LISTA, RAMON, CORONEL",RAMON LISTA,Villa Devoto,Villa Devoto,Villa Devoto,11.0,CALLE,175.8651239035065,"LINESTRING (-58.52166292436072 -34.61228173660559, -58.52296824426278 -34.6134429515501)",Q111633724,Ramón Lista,Prócer,procer
12578,"CANTILO, JOSE LUIS",JOSE LUIS CANTILO,Villa Real,Villa Real,Villa Real,10.0,CALLE,41.96587983735625,"LINESTRING (-58.526802360091914 -34.61319354805069, -58.52713594554468 -34.6134524618692)",Q1646739,José Luis Cantilo,UCR,politico
12582,"GAINZA, MARTIN DE, GRAL.",MARTIN DE GAINZA,Caballito,Caballito,Caballito,6.0,CALLE,131.2164496113798,"LINESTRING (-58.44645680868792 -34.61349116950857, -58.446628252162256 -34.612316881536536)",Q5637260,Martín de Gainza,Prócer,procer
12588,"LAMARCA, EMILIO",EMILIO LAMARCA,Villa Del Parque,Villa Del Parque,Villa Del Parque,11.0,CALLE,42.66078557858624,"LINESTRING (-58.493043815893884 -34.61351180527789, -58.493304177051876 -34.6131931457363)",Q5831159,Emilio Lamarca,Prócer,procer
12597,"GONZALEZ, ELPIDIO",ELPIDIO GONZALEZ,Villa Santa Rita,Villa Santa Rita,Villa Santa Rita,11.0,CALLE,57.66163168795132,"LINESTRING (-58.49030200257548 -34.61323934070443, -58.490821515883596 -34.61353204541236)",Q5367308,Elpidio González,UCR,politico
12599,"YRIGOYEN, HIPOLITO AV.",HIPOLITO YRIGOYEN,Almagro,Almagro,Almagro,5.0,AVENIDA,58.88062325243146,"LINESTRING (-58.41562893806333 -34.613335270068106, -58.4162237105469 -34.61353501070303)",Q297134,Hipólito Yrigoyen,UCR,presidente
12609,"SOLA, MANUEL",MANUEL SOLA,Villa Devoto,Villa Devoto,Villa Devoto,11.0,PASAJE,145.6420297417235,"LINESTRING (-58.511373214706275 -34.61279306282298, -58.512664791030055 -34.61355678252814)",Q5994373,Manuel Solá,Prócer,procer
12618,"BEIRO, FRANCISCO AV.",FRANCISCO BEIRO,Villa Devoto,Villa Devoto,Villa Devoto,11.0,AVENIDA,54.39847788953587,"LINESTRING (-58.52398303935626 -34.6132978716421, -58.5244623788278 -34.61358665015533)",Q5865215,Francisco Beiró,UCR,politico
12656,"GONZALEZ, ELPIDIO",ELPIDIO GONZALEZ,Villa Santa Rita,Villa Santa Rita,Villa Santa Rita,11.0,CALLE,42.57124657475111,"LINESTRING (-58.490821515883596 -34.61353204541236, -58.49120506183573 -34.613748158336364)",Q5367308,Elpidio González,UCR,politico
12661,"LAMARCA, EMILIO",EMILIO LAMARCA,Villa Del Parque,Villa Del Parque,Villa Del Parque,11.0,CALLE,52.95917189864505,"LINESTRING (-58.49331485420231 -34.6137494885272, -58.49373049065356 -34.61341811356331)",Q5831159,Emilio Lamarca,Prócer,procer
12683,"CANTILO, JOSE LUIS",JOSE LUIS CANTILO,Villa Real,Villa Real,Villa Real,10.0,CALLE,61.9733125370952,"LINESTRING (-58.52713594554468 -34.6134524618692, -58.52762857169442 -34.613834813746244)",Q1646739,José Luis Cantilo,UCR,politico
12687,"JUSTO, JUAN B. AV.",JUAN B. JUSTO,Villa Gral. Mitre,Villa Gral. Mitre,Villa Gral. Mitre,11.0,AVENIDA,127.7815737469458,"LINESTRING (-58.471215764421416 -34.613075385280005, -58.47145479362825 -34.6131976160331, -58.4717004323164 -34.61333543463981, -58.47187938338741 -34.61344660930471, -58.47202277073736 -34.613572488681356, -58.472158816929905 -34.613702098484545, -58.4722527834405 -34.613823878523725)",Q6298935,Juan B. Justo,PS,politico
12689,"YRIGOYEN, HIPOLITO AV.",HIPOLITO YRIGOYEN,Almagro,Almagro,Almagro,5.0,AVENIDA,100.9668551927971,"LINESTRING (-58.4162237105469 -34.61353501070303, -58.417025346426804 -34.61380419418273, -58.41724600694781 -34.61387244759136)",Q297134,Hipólito Yrigoyen,UCR,presidente
12694,"ALVAREZ, DONATO, TTE. GRAL.",DONATO ALVAREZ,,Villa Gral. Mitre,Caballito,,CALLE,136.5003821374101,"LINESTRING (-58.45944880665946 -34.61388495268167, -58.45954429864642 -34.61374122135651, -58.46003667024137 -34.61275551811925)",Q606183,Donato Álvarez,Prócer,procer
12695,"FIGUEROA, D. APOLINARIO, CORONEL",D. APOLINARIO FIGUEROA,Villa Gral. Mitre,Villa Gral. Mitre,Villa Gral. Mitre,11.0,CALLE,131.1418399559129,"LINESTRING (-58.46120912776712 -34.61330386105529, -58.46245366166631 -34.613885855614)",Q5701525,Apolinario Figueroa,Prócer,procer
12703,"PAZ, MARCOS",MARCOS PAZ,Villa Devoto,Villa Devoto,Villa Devoto,11.0,CALLE,115.3959584337431,"LINESTRING (-58.50830682741745 -34.61391924746344, -58.508422439671996 -34.61380709060698, -58.509010283666704 -34.613231512058704, -58.50911584482921 -34.61312266820177)",Q3846654,Marcos Paz,Prócer,procer
12718,"BEIRO, FRANCISCO AV.",FRANCISCO BEIRO,Villa Devoto,Villa Devoto,Villa Devoto,11.0,AVENIDA,68.76312978306626,"LINESTRING (-58.5244623788278 -34.61358665015533, -58.524920247034444 -34.61386255012417, -58.525058140179425 -34.61396220000917)",Q5865215,Francisco Beiró,UCR,politico
12728,"BEIRO, FRANCISCO AV.",FRANCISCO BEIRO,,Villa Real,Villa Devoto,,AVENIDA,6.533604538742124,"LINESTRING (-58.52511183159584 -34.614000905717056, -58.525058140179425 -34.61396220000917)",Q5865215,Francisco Beiró,UCR,politico
12746,"ESCALADA DE SAN MARTIN, R.",R. ESCALADA DE SAN MARTIN,Villa Gral. Mitre,Villa Gral. Mitre,Villa Gral. Mitre,11.0,CALLE,134.9737658992431,"LINESTRING (-58.474420975902426 -34.61342358497428, -58.47457149694409 -34.6135035722266, -58.47566050398482 -34.6140793898883)",Q134160,José de San Martín,Prócer,procer
12753,"OROÑO, NICASIO",NICASIO ORONO,Caballito,Caballito,Caballito,6.0,CALLE,128.0771656891683,"LINESTRING (-58.45415917442476 -34.61410742045504, -58.45479922958013 -34.613081326317904)",Q389678,Nicasio Oroño,Prócer,procer
12772,"IRIGOYEN, BERNARDO DE",BERNARDO DE IRIGOYEN,Monserrat,Monserrat,Monserrat,1.0,CALLE,127.8399580634332,"LINESTRING (-58.38048577765864 -34.61303893748677, -58.38044914009954 -34.613821669237524, -58.38042824566327 -34.614190321761974)",Q360911,Bernardo de Irigoyen,Prócer,procer
12775,"BEIRO, FRANCISCO AV.",FRANCISCO BEIRO,Villa Real,Villa Real,Villa Real,10.0,AVENIDA,35.93072107740683,"LINESTRING (-58.52511183159584 -34.614000905717056, -58.525270093926814 -34.614115263539425, -58.52540245356992 -34.61421801447313)",Q5865215,Francisco Beiró,UCR,politico
12785,"CANTILO, JOSE LUIS",JOSE LUIS CANTILO,Villa Real,Villa Real,Villa Real,10.0,CALLE,68.87079807895442,"LINESTRING (-58.52762857169442 -34.613834813746244, -58.52817600570423 -34.614259740660636)",Q1646739,José Luis Cantilo,UCR,politico
12786,"YRIGOYEN, HIPOLITO AV.",HIPOLITO YRIGOYEN,Almagro,Almagro,Almagro,5.0,AVENIDA,136.5958823034384,"LINESTRING (-58.41724600694781 -34.61387244759136, -58.41749775282993 -34.61395036028876, -58.41839718533479 -34.61421436008033, -58.418652604782615 -34.6142759335012)",Q297134,Hipólito Yrigoyen,UCR,presidente
12820,"VINTTER, LORENZO, GENERAL",LORENZO VINTTER,Caballito,Caballito,Caballito,6.0,CALLE,83.3441249410411,"LINESTRING (-58.45477720683132 -34.61437282081148, -58.45519533199883 -34.61370579822437)",Q5979119,Lorenzo Vintter,Prócer,procer
12833,"GONZALEZ, JOAQUIN V.",JOAQUIN V. GONZALEZ,,Monte Castro,Villa Del Parque,,CALLE,154.3941929730902,"LINESTRING (-58.49557191267321 -34.61439054052718, -58.496438560711475 -34.61340184444354, -58.49655928841212 -34.61326335904605)",Q584197,Joaquín Víctor González,Liberalismo,politico
12853,"FIGUEROA, D. APOLINARIO, CORONEL",D. APOLINARIO FIGUEROA,Villa Gral. Mitre,Villa Gral. Mitre,Villa Gral. Mitre,11.0,CALLE,124.7772129055906,"LINESTRING (-58.46245366166631 -34.613885855614, -58.46261780072372 -34.61396261822321, -58.46363577628643 -34.61444255558596)",Q5701525,Apolinario Figueroa,Prócer,procer
12862,"BEIRO, FRANCISCO AV.",FRANCISCO BEIRO,Villa Real,Villa Real,Villa Real,10.0,AVENIDA,47.39893776797922,"LINESTRING (-58.52540245356992 -34.61421801447313, -58.5257792498693 -34.61451043151461)",Q5865215,Francisco Beiró,UCR,politico
12891,"LISTA, RAMON, CORONEL",RAMON LISTA,Villa Devoto,Villa Devoto,Villa Devoto,11.0,CALLE,175.1302877102145,"LINESTRING (-58.52296824426278 -34.6134429515501, -58.52426806034787 -34.61459936624272)",Q111633724,Ramón Lista,Prócer,procer
12893,"GONZALEZ, ELPIDIO",ELPIDIO GONZALEZ,Villa Santa Rita,Villa Santa Rita,Villa Santa Rita,11.0,CALLE,134.435066965415,"LINESTRING (-58.49120506183573 -34.613748158336364, -58.49223082883642 -34.61461377587061)",Q5367308,Elpidio González,UCR,politico
12894,"LAMARCA, EMILIO",EMILIO LAMARCA,Villa Santa Rita,Villa Santa Rita,Villa Santa Rita,11.0,CALLE,138.1247483204174,"LINESTRING (-58.49223082883642 -34.61461377587061, -58.49331485420231 -34.6137494885272)",Q5831159,Emilio Lamarca,Prócer,procer
12895,"YRIGOYEN, HIPOLITO AV.",HIPOLITO YRIGOYEN,Almagro,Almagro,Almagro,5.0,AVENIDA,158.9465138978755,"LINESTRING (-58.418652604782615 -34.6142759335012, -58.418851557972104 -34.61432389410003, -58.42033650995599 -34.61461365521687)",Q297134,Hipólito Yrigoyen,UCR,presidente
12900,"REPETTO, NICOLAS, DR.",NICOLAS REPETTO,Caballito,Caballito,Caballito,6.0,CALLE,145.1136847436775,"LINESTRING (-58.44566134235367 -34.61462663548243, -58.446190731103115 -34.61339394809083)",Q5409572,Nicolás Repetto,PS,politico
12913,"YRIGOYEN, HIPOLITO AV.",HIPOLITO YRIGOYEN,Almagro,Almagro,Almagro,5.0,AVENIDA,119.1303432888573,"LINESTRING (-58.42033650995599 -34.61461365521687, -58.42163282469995 -34.61468107755291)",Q297134,Hipólito Yrigoyen,UCR,presidente
12918,"CANTILO, JOSE LUIS",JOSE LUIS CANTILO,Villa Real,Villa Real,Villa Real,10.0,CALLE,68.83197615726742,"LINESTRING (-58.52817600570423 -34.614259740660636, -58.528723104408286 -34.61468445399498)",Q1646739,José Luis Cantilo,UCR,politico
12926,"ALVAREZ, DONATO, TTE. GRAL.",DONATO ALVAREZ,,Flores,Caballito,,CALLE,101.5746488942764,"LINESTRING (-58.4590335162395 -34.61473375287907, -58.45944880665946 -34.61388495268167)",Q606183,Donato Álvarez,Prócer,procer
12937,"YRIGOYEN, HIPOLITO AV.",HIPOLITO YRIGOYEN,Almagro,Almagro,Almagro,5.0,AVENIDA,130.9543158205344,"LINESTRING (-58.42163282469995 -34.61468107755291, -58.42305758803545 -34.614757965295375)",Q297134,Hipólito Yrigoyen,UCR,presidente
12941,"ESCALADA DE SAN MARTIN, R.",R. ESCALADA DE SAN MARTIN,Villa Santa Rita,Villa Santa Rita,Villa Santa Rita,11.0,CALLE,142.7307883362745,"LINESTRING (-58.47566050398482 -34.6140793898883, -58.476971523490306 -34.61477256900112)",Q134160,José de San Martín,Prócer,procer
12959,"YRIGOYEN, HIPOLITO AV.",HIPOLITO YRIGOYEN,Almagro,Almagro,Almagro,5.0,AVENIDA,138.7797965547159,"LINESTRING (-58.42305758803545 -34.614757965295375, -58.42324566013486 -34.61476795689527, -58.42456813195935 -34.61483084952564)",Q297134,Hipólito Yrigoyen,UCR,presidente
12968,"PAZ, MARCOS",MARCOS PAZ,Monte Castro,Monte Castro,Monte Castro,10.0,CALLE,134.4674253919697,"LINESTRING (-58.507356974273186 -34.61484256399223, -58.50747616528965 -34.61472787151184, -58.50817222982665 -34.614049791715836, -58.50830682741745 -34.61391924746344)",Q3846654,Marcos Paz,Prócer,procer
12980,"YRIGOYEN, HIPOLITO AV.",HIPOLITO YRIGOYEN,Almagro,Almagro,Almagro,5.0,AVENIDA,128.7822073351804,"LINESTRING (-58.42456813195935 -34.61483084952564, -58.425740436862945 -34.61488656891177, -58.42596973509776 -34.61490001974677)",Q297134,Hipólito Yrigoyen,UCR,presidente
12981,"MARMOL, JOSE",JOSE MARMOL,Almagro,Almagro,Almagro,5.0,CALLE,132.4102451259915,"LINESTRING (-58.42610527515737 -34.61371194696906, -58.42597926624402 -34.61472980917683, -58.42596973509776 -34.61490001974677)",Q1709528,José Mármol,Prócer,procer
12982,"BEIRO, FRANCISCO AV.",FRANCISCO BEIRO,Villa Real,Villa Real,Villa Real,10.0,AVENIDA,61.58110640276239,"LINESTRING (-58.5257792498693 -34.61451043151461, -58.52626880772916 -34.614890325566506)",Q5865215,Francisco Beiró,UCR,politico
12995,DEAN FUNES,DEAN FUNES,Balvanera,Balvanera,Balvanera,3.0,CALLE,129.026224930411,"LINESTRING (-58.40756556315618 -34.6138023519998, -58.40728651840759 -34.61494230945712)",Q5438893,Gregorio Funes,Prócer,procer
13000,"YRIGOYEN, HIPOLITO AV.",HIPOLITO YRIGOYEN,Almagro,Almagro,Almagro,5.0,AVENIDA,135.2490895308371,"LINESTRING (-58.42596973509776 -34.61490001974677, -58.42617143583945 -34.6149118420155, -58.42744161186393 -34.61497426502928)",Q297134,Hipólito Yrigoyen,UCR,presidente
13003,"GAINZA, MARTIN DE, GRAL.",MARTIN DE GAINZA,Caballito,Caballito,Caballito,6.0,CALLE,167.2703171688672,"LINESTRING (-58.44659415589846 -34.61499465892557, -58.446569667900654 -34.61477613158429, -58.44645680868792 -34.61349116950857)",Q5637260,Martín de Gainza,Prócer,procer
13007,"GONZALEZ, JOAQUIN V.",JOAQUIN V. GONZALEZ,,Monte Castro,Villa Del Parque,,CALLE,100.1046684088085,"LINESTRING (-58.49478458005244 -34.615015472735394, -58.49557191267321 -34.61439054052718)",Q584197,Joaquín Víctor González,Liberalismo,politico
13013,"LAMARCA, EMILIO",EMILIO LAMARCA,Villa Santa Rita,Villa Santa Rita,Villa Santa Rita,11.0,CALLE,67.83849766629514,"LINESTRING (-58.491698430469896 -34.615038272703984, -58.49223082883642 -34.61461377587061)",Q5831159,Emilio Lamarca,Prócer,procer
13021,"LISTA, RAMON, CORONEL",RAMON LISTA,Villa Real,Villa Real,Villa Real,10.0,CALLE,67.0191686690413,"LINESTRING (-58.52426806034787 -34.61459936624272, -58.52476626076147 -34.61504130505477)",Q111633724,Ramón Lista,Prócer,procer
13022,"FIGUEROA, D. APOLINARIO, CORONEL",D. APOLINARIO FIGUEROA,Villa Gral. Mitre,Villa Gral. Mitre,Villa Gral. Mitre,11.0,CALLE,142.3279809024078,"LINESTRING (-58.46363577628643 -34.61444255558596, -58.46498383893785 -34.615078045721965)",Q5701525,Apolinario Figueroa,Prócer,procer
13028,"YRIGOYEN, HIPOLITO AV.",HIPOLITO YRIGOYEN,Almagro,Almagro,Almagro,5.0,AVENIDA,93.47666256863502,"LINESTRING (-58.42744161186393 -34.61497426502928, -58.42754856810176 -34.61504380436621, -58.428430506580256 -34.615081454484475)",Q297134,Hipólito Yrigoyen,UCR,presidente
13030,"CANTILO, JOSE LUIS",JOSE LUIS CANTILO,Villa Real,Villa Real,Villa Real,10.0,CALLE,62.65298561101567,"LINESTRING (-58.528723104408286 -34.61468445399498, -58.52922111479354 -34.615071021873916)",Q1646739,José Luis Cantilo,UCR,politico
13037,"JUSTO, JUAN B. AV.",JUAN B. JUSTO,Villa Gral. Mitre,Villa Gral. Mitre,Villa Gral. Mitre,11.0,AVENIDA,161.3532832424599,"LINESTRING (-58.4722527834405 -34.613823878523725, -58.472388649888444 -34.61404353035805, -58.47308020984561 -34.61510738401245)",Q6298935,Juan B. Justo,PS,politico
13047,"REPETTO, NICOLAS, DR.",NICOLAS REPETTO,Caballito,Caballito,Caballito,6.0,CALLE,58.80560326060775,"LINESTRING (-58.44544760485839 -34.61512639966307, -58.44560330632035 -34.61476191054161, -58.44566134235367 -34.61462663548243)",Q5409572,Nicolás Repetto,PS,politico
13049,"OROÑO, NICASIO",NICASIO ORONO,Caballito,Caballito,Caballito,6.0,CALLE,127.3119400219903,"LINESTRING (-58.45352293734082 -34.615127384524726, -58.45415917442476 -34.61410742045504)",Q389678,Nicasio Oroño,Prócer,procer
13079,"GONZALEZ, ELPIDIO",ELPIDIO GONZALEZ,Villa Santa Rita,Villa Santa Rita,Villa Santa Rita,11.0,CALLE,98.19378186706707,"LINESTRING (-58.49223082883642 -34.61461377587061, -58.49298012335753 -34.61524599849408)",Q5367308,Elpidio González,UCR,politico
13084,"YRIGOYEN, HIPOLITO AV.",HIPOLITO YRIGOYEN,Almagro,Almagro,Almagro,5.0,AVENIDA,77.20969393097204,"LINESTRING (-58.428430506580256 -34.615081454484475, -58.42889575051558 -34.61510496716029, -58.4290722185664 -34.615166214776494, -58.429220735904565 -34.61525646879317)",Q297134,Hipólito Yrigoyen,UCR,presidente
13089,"IRIGOYEN, BERNARDO DE",BERNARDO DE IRIGOYEN,Monserrat,Monserrat,Monserrat,1.0,CALLE,116.4742106967398,"LINESTRING (-58.38042824566327 -34.614190321761974, -58.380368940124676 -34.61523909765229)",Q360911,Bernardo de Irigoyen,Prócer,procer
13100,"BEIRO, FRANCISCO AV.",FRANCISCO BEIRO,Villa Real,Villa Real,Villa Real,10.0,AVENIDA,68.68340568654934,"LINESTRING (-58.52626880772916 -34.614890325566506, -58.52681487790779 -34.61531399159673)",Q5865215,Francisco Beiró,UCR,politico
13119,"ESCALADA DE SAN MARTIN, R.",R. ESCALADA DE SAN MARTIN,Villa Santa Rita,Villa Santa Rita,Villa Santa Rita,11.0,CALLE,135.9844601734268,"LINESTRING (-58.476971523490306 -34.61477256900112, -58.478001272613746 -34.61531703383411, -58.4782206327059 -34.6154329242032)",Q134160,José de San Martín,Prócer,procer
13123,"CANTILO, JOSE LUIS",JOSE LUIS CANTILO,Villa Real,Villa Real,Villa Real,10.0,CALLE,57.46322118682524,"LINESTRING (-58.52922111479354 -34.615071021873916, -58.52967787696612 -34.61542556747996)",Q1646739,José Luis Cantilo,UCR,politico
13137,"LAMARCA, EMILIO",EMILIO LAMARCA,Villa Santa Rita,Villa Santa Rita,Villa Santa Rita,11.0,CALLE,69.00985159589872,"LINESTRING (-58.49115682963852 -34.61547009332588, -58.491698430469896 -34.615038272703984)",Q5831159,Emilio Lamarca,Prócer,procer
13168,"LISTA, RAMON, CORONEL",RAMON LISTA,Villa Real,Villa Real,Villa Real,10.0,CALLE,82.12118581239297,"LINESTRING (-58.52476626076147 -34.61504130505477, -58.52537672329552 -34.615582833886116)",Q111633724,Ramón Lista,Prócer,procer
13173,"GAINZA, MARTIN DE, GRAL.",MARTIN DE GAINZA,Caballito,Caballito,Caballito,6.0,CALLE,68.00897476304692,"LINESTRING (-58.446658600462065 -34.615605379906455, -58.44662034471297 -34.61522776414131, -58.44659415589846 -34.61499465892557)",Q5637260,Martín de Gainza,Prócer,procer
13174,"MOREAU DE JUSTO, ALICIA AV.",ALICIA MOREAU DE JUSTO,Puerto Madero,Puerto Madero,Puerto Madero,1.0,AVENIDA,145.7690781161825,"LINESTRING (-58.36629483631195 -34.61211192055326, -58.36626645691231 -34.61227283147624, -58.366289827604646 -34.612578181593925, -58.366289681764684 -34.612703555035566, -58.366212510946625 -34.613420766807934)",Q518850,Alicia Moreau de Justo,PS,politico
13178,"REPETTO, NICOLAS, DR.",NICOLAS REPETTO,Caballito,Caballito,Caballito,6.0,CALLE,58.65608412132983,"LINESTRING (-58.445229606362886 -34.615623416282105, -58.44529258378284 -34.61548948019511, -58.44544760485839 -34.61512639966307)",Q5409572,Nicolás Repetto,PS,politico
13193,"VINTTER, LORENZO, GENERAL",LORENZO VINTTER,Caballito,Caballito,Caballito,6.0,CALLE,162.7802405052408,"LINESTRING (-58.45396853810397 -34.615678975892266, -58.454452277713834 -34.614891255193285, -58.45477720683132 -34.61437282081148)",Q5979119,Lorenzo Vintter,Prócer,procer
13195,"OROÑO, NICASIO",NICASIO ORONO,Caballito,Caballito,Caballito,6.0,CALLE,68.85148488708873,"LINESTRING (-58.45318521603667 -34.61568165997563, -58.45342836945473 -34.615278857757716, -58.45352293734082 -34.615127384524726)",Q389678,Nicasio Oroño,Prócer,procer
13217,"BEIRO, FRANCISCO AV.",FRANCISCO BEIRO,Villa Real,Villa Real,Villa Real,10.0,AVENIDA,69.01470215237518,"LINESTRING (-58.52681487790779 -34.61531399159673, -58.52736351067917 -34.61573976650718)",Q5865215,Francisco Beiró,UCR,politico
13226,"JUSTO, JUAN B. AV.",JUAN B. JUSTO,Villa Gral. Mitre,Villa Gral. Mitre,Villa Gral. Mitre,11.0,AVENIDA,80.43828744622265,"LINESTRING (-58.47308020984561 -34.61510738401245, -58.473184744482865 -34.615264560736065, -58.47344332770615 -34.615766658707905)",Q6298935,Juan B. Justo,PS,politico
13236,"ESCALADA DE SAN MARTIN, R.",R. ESCALADA DE SAN MARTIN,Villa Santa Rita,Villa Santa Rita,Villa Santa Rita,11.0,CALLE,75.01350016210311,"LINESTRING (-58.4782206327059 -34.6154329242032, -58.47890989587287 -34.61579692718355)",Q134160,José de San Martín,Prócer,procer
13241,"CANTILO, JOSE LUIS",JOSE LUIS CANTILO,Villa Real,Villa Real,Villa Real,10.0,CALLE,59.53605315724013,"LINESTRING (-58.52967787696612 -34.61542556747996, -58.53015117830665 -34.61579284893158)",Q1646739,José Luis Cantilo,UCR,politico
13261,"PAZ, MARCOS",MARCOS PAZ,Monte Castro,Monte Castro,Monte Castro,10.0,CALLE,148.8389903068519,"LINESTRING (-58.506299821101635 -34.615860489540125, -58.507356974273186 -34.61484256399223)",Q3846654,Marcos Paz,Prócer,procer
13267,"GONZALEZ, ELPIDIO",ELPIDIO GONZALEZ,Villa Santa Rita,Villa Santa Rita,Villa Santa Rita,11.0,CALLE,96.07999952087545,"LINESTRING (-58.49298012335753 -34.61524599849408, -58.49310154185766 -34.61534850543651, -58.493708982127785 -34.61586808056632)",Q5367308,Elpidio González,UCR,politico
13268,"GONZALEZ, JOAQUIN V.",JOAQUIN V. GONZALEZ,,Monte Castro,Villa Santa Rita,,CALLE,136.6686824595229,"LINESTRING (-58.493708982127785 -34.61586808056632, -58.4938282855855 -34.61577255658119, -58.49478458005244 -34.615015472735394)",Q584197,Joaquín Víctor González,Liberalismo,politico
13275,"ALVAREZ, DONATO, TTE. GRAL.",DONATO ALVAREZ,,Flores,Caballito,,CALLE,138.3076285556297,"LINESTRING (-58.45849962770362 -34.61589973414241, -58.4590335162395 -34.61473375287907)",Q606183,Donato Álvarez,Prócer,procer
13308,"REPETTO, NICOLAS, DR.",NICOLAS REPETTO,Caballito,Caballito,Caballito,6.0,CALLE,41.9604363898036,"LINESTRING (-58.44506376773486 -34.61597593137396, -58.445229606362886 -34.615623416282105)",Q5409572,Nicolás Repetto,PS,politico
13310,"MARMOL, JOSE",JOSE MARMOL,Almagro,Almagro,Almagro,5.0,CALLE,119.9092250908373,"LINESTRING (-58.42596973509776 -34.61490001974677, -58.42595925939467 -34.6150870612266, -58.42591686529274 -34.615980017521885)",Q1709528,José Mármol,Prócer,procer
13311,"GAINZA, MARTIN DE, GRAL.",MARTIN DE GAINZA,Caballito,Caballito,Caballito,6.0,CALLE,42.2727495113981,"LINESTRING (-58.44669702649828 -34.61598510836264, -58.446658600462065 -34.615605379906455)",Q5637260,Martín de Gainza,Prócer,procer
13327,"OROÑO, NICASIO",NICASIO ORONO,Caballito,Caballito,Caballito,6.0,CALLE,40.36721244052382,"LINESTRING (-58.45309914202644 -34.61602088254798, -58.45325753448875 -34.615681384256405)",Q389678,Nicasio Oroño,Prócer,procer
13328,"CANTILO, JOSE LUIS",JOSE LUIS CANTILO,Villa Real,Villa Real,Villa Real,10.0,CALLE,37.431089026721,"LINESTRING (-58.53015117830665 -34.61579284893158, -58.530453412017586 -34.61601958722568)",Q1646739,José Luis Cantilo,UCR,politico
13341,"JUSTO, JUAN B. AV.",JUAN B. JUSTO,Villa Gral. Mitre,Villa Gral. Mitre,Villa Gral. Mitre,11.0,AVENIDA,66.99111742473289,"LINESTRING (-58.47344332770615 -34.615766658707905, -58.47405837505035 -34.616092384876104)",Q6298935,Juan B. Justo,PS,politico
13349,"EZCURRA, ENCARNACION",ENCARNACION EZCURRA,Puerto Madero,Puerto Madero,Puerto Madero,1.0,CALLE,70.73467225151909,"LINESTRING (-58.361061055983924 -34.616072694570256, -58.36029261949458 -34.61601845594648)",Q932528,Encarnación Ezcurra,Prócer,procer
13351,"ESCALADA DE SAN MARTIN, R.",R. ESCALADA DE SAN MARTIN,Villa Santa Rita,Villa Santa Rita,Villa Santa Rita,11.0,CALLE,65.60918430517785,"LINESTRING (-58.47890989587287 -34.61579692718355, -58.47935714067656 -34.61603313979354, -58.4795131230838 -34.61611481035688)",Q134160,José de San Martín,Prócer,procer
13355,"BEIRO, FRANCISCO AV.",FRANCISCO BEIRO,Villa Real,Villa Real,Villa Real,10.0,AVENIDA,60.89574089446549,"LINESTRING (-58.52736351067917 -34.61573976650718, -58.52784762811142 -34.61611543158928)",Q5865215,Francisco Beiró,UCR,politico
13362,"EZCURRA, ENCARNACION",ENCARNACION EZCURRA,Puerto Madero,Puerto Madero,Puerto Madero,1.0,CALLE,76.85019804886954,"LINESTRING (-58.36189592903391 -34.616131631539915, -58.361061055983924 -34.616072694570256)",Q932528,Encarnación Ezcurra,Prócer,procer
13366,"EZCURRA, ENCARNACION",ENCARNACION EZCURRA,Puerto Madero,Puerto Madero,Puerto Madero,1.0,CALLE,16.78622845529804,"LINESTRING (-58.362078286150265 -34.61614452961753, -58.36189592903391 -34.616131631539915)",Q932528,Encarnación Ezcurra,Prócer,procer
13374,"EZCURRA, ENCARNACION",ENCARNACION EZCURRA,Puerto Madero,Puerto Madero,Puerto Madero,1.0,CALLE,74.95247353865057,"LINESTRING (-58.36289254860883 -34.61620196377318, -58.362078286150265 -34.61614452961753)",Q932528,Encarnación Ezcurra,Prócer,procer
13395,"LAMARCA, EMILIO",EMILIO LAMARCA,Villa Santa Rita,Villa Santa Rita,Villa Santa Rita,11.0,CALLE,136.920254380953,"LINESTRING (-58.490082212248204 -34.61632682388718, -58.49115682963852 -34.61547009332588)",Q5831159,Emilio Lamarca,Prócer,procer
13403,DEAN FUNES,DEAN FUNES,Balvanera,Balvanera,Balvanera,3.0,CALLE,159.5054936189878,"LINESTRING (-58.40728651840759 -34.61494230945712, -58.406941439024195 -34.61635153476562)",Q5438893,Gregorio Funes,Prócer,procer
13413,"JUSTO, JUAN B. AV.",JUAN B. JUSTO,Villa Santa Rita,Villa Santa Rita,Villa Santa Rita,11.0,AVENIDA,71.74810746003325,"LINESTRING (-58.47405837505035 -34.616092384876104, -58.47462384801464 -34.616391774170864, -58.47471712844903 -34.61644120273108)",Q6298935,Juan B. Justo,PS,politico
13431,"IRIGOYEN, BERNARDO DE",BERNARDO DE IRIGOYEN,Monserrat,Monserrat,Monserrat,1.0,CALLE,131.8201156387648,"LINESTRING (-58.380368940124676 -34.61523909765229, -58.380362437652515 -34.61535367214662, -58.38032133512995 -34.616426685839485)",Q360911,Bernardo de Irigoyen,Prócer,procer
13437,"BEIRO, FRANCISCO AV.",FRANCISCO BEIRO,Villa Real,Villa Real,Villa Real,10.0,AVENIDA,57.10983722572686,"LINESTRING (-58.52784762811142 -34.61611543158928, -58.528301662617565 -34.61646773018063)",Q5865215,Francisco Beiró,UCR,politico
13443,"LISTA, RAMON, CORONEL",RAMON LISTA,Villa Real,Villa Real,Villa Real,10.0,CALLE,137.4103338585272,"LINESTRING (-58.52537672329552 -34.615582833886116, -58.52639821309702 -34.61648894105694)",Q111633724,Ramón Lista,Prócer,procer
13449,"ALVAREZ, DONATO, TTE. GRAL.",DONATO ALVAREZ,,Flores,Caballito,,CALLE,78.24937754474216,"LINESTRING (-58.45819906900543 -34.61655987128956, -58.45849962770362 -34.61589973414241)",Q606183,Donato Álvarez,Prócer,procer
13462,"GAINZA, MARTIN DE, GRAL.",MARTIN DE GAINZA,Caballito,Caballito,Caballito,6.0,CALLE,68.2596963367222,"LINESTRING (-58.4466825092151 -34.61659574803601, -58.44673124279018 -34.616118354168634, -58.44669702649828 -34.61598510836264)",Q5637260,Martín de Gainza,Prócer,procer
13500,"PAZ, MARCOS",MARCOS PAZ,Monte Castro,Monte Castro,Monte Castro,10.0,CALLE,120.573627872329,"LINESTRING (-58.50544502241021 -34.61668622091372, -58.50557954195062 -34.61655293323686, -58.50617330497758 -34.61598236661626, -58.506299821101635 -34.615860489540125)",Q3846654,Marcos Paz,Prócer,procer
13507,"GONZALEZ, ELPIDIO",ELPIDIO GONZALEZ,Monte Castro,Monte Castro,Monte Castro,10.0,CALLE,131.6508511216493,"LINESTRING (-58.493708982127785 -34.61586808056632, -58.49385323859844 -34.61599149681687, -58.49470472795056 -34.616722839253924)",Q5367308,Elpidio González,UCR,politico
13512,"GONZALEZ, JOAQUIN V.",JOAQUIN V. GONZALEZ,,Monte Castro,Villa Santa Rita,,CALLE,137.0753514329127,"LINESTRING (-58.49263540904665 -34.61672772065665, -58.493708982127785 -34.61586808056632)",Q584197,Joaquín Víctor González,Liberalismo,politico
13534,"ESCALADA DE SAN MARTIN, R.",R. ESCALADA DE SAN MARTIN,Villa Santa Rita,Villa Santa Rita,Villa Santa Rita,11.0,CALLE,137.533905611029,"LINESTRING (-58.4795131230838 -34.61611481035688, -58.48078007613255 -34.616778024189124)",Q134160,José de San Martín,Prócer,procer
13547,"BEIRO, FRANCISCO AV.",FRANCISCO BEIRO,Villa Real,Villa Real,Villa Real,10.0,AVENIDA,59.83456297508699,"LINESTRING (-58.528301662617565 -34.61646773018063, -58.5287773503573 -34.61683684663656)",Q5865215,Francisco Beiró,UCR,politico
13552,"LISTA, RAMON, CORONEL",RAMON LISTA,Villa Real,Villa Real,Villa Real,10.0,CALLE,59.29662229885911,"LINESTRING (-58.52639821309702 -34.61648894105694, -58.52683906980085 -34.61687991434466)",Q111633724,Ramón Lista,Prócer,procer
13561,"EZCURRA, ENCARNACION",ENCARNACION EZCURRA,Puerto Madero,Puerto Madero,Puerto Madero,1.0,AVENIDA,59.07139510626109,"LINESTRING (-58.36655854808261 -34.616875350806176, -58.365916356841055 -34.61683469244747)",Q932528,Encarnación Ezcurra,Prócer,procer
13564,"REPETTO, NICOLAS, DR.",NICOLAS REPETTO,Caballito,Caballito,Caballito,6.0,CALLE,112.0783830454032,"LINESTRING (-58.444622744993126 -34.61691813025323, -58.44468368008129 -34.616783842079634, -58.44506376773486 -34.61597593137396)",Q5409572,Nicolás Repetto,PS,politico
13580,"MARMOL, JOSE",JOSE MARMOL,Almagro,Almagro,Almagro,5.0,CALLE,114.7589152973926,"LINESTRING (-58.42591686529274 -34.615980017521885, -58.425867677737536 -34.617013677596084)",Q1709528,José Mármol,Prócer,procer
13583,"JUSTO, JUAN B. AV.",JUAN B. JUSTO,Villa Santa Rita,Villa Santa Rita,Villa Santa Rita,11.0,AVENIDA,77.56503893782963,"LINESTRING (-58.47471712844903 -34.61644120273108, -58.475173273935184 -34.617029969533625)",Q6298935,Juan B. Justo,PS,politico
13609,"OROÑO, NICASIO",NICASIO ORONO,Caballito,Caballito,Caballito,6.0,CALLE,130.3666764633626,"LINESTRING (-58.452587488957185 -34.61711726119196, -58.45309914202644 -34.61602088254798)",Q389678,Nicasio Oroño,Prócer,procer
13629,"LAMARCA, EMILIO",EMILIO LAMARCA,Villa Santa Rita,Villa Santa Rita,Villa Santa Rita,11.0,CALLE,137.0638610532893,"LINESTRING (-58.48900646568845 -34.617184460609316, -58.490082212248204 -34.61632682388718)",Q5831159,Emilio Lamarca,Prócer,procer
13637,"PAZ, MARCOS",MARCOS PAZ,Monte Castro,Monte Castro,Monte Castro,10.0,CALLE,73.13673037639396,"LINESTRING (-58.504939638223206 -34.617195907955164, -58.5049920001178 -34.61714553732298, -58.505060362292625 -34.617067414362275, -58.50544502241021 -34.61668622091372)",Q3846654,Marcos Paz,Prócer,procer
13653,"BEIRO, FRANCISCO AV.",FRANCISCO BEIRO,Villa Real,Villa Real,Villa Real,10.0,AVENIDA,63.68706921369645,"LINESTRING (-58.5287773503573 -34.61683684663656, -58.52928372668313 -34.617229677308174)",Q5865215,Francisco Beiró,UCR,politico
13661,"LISTA, RAMON, CORONEL",RAMON LISTA,Villa Real,Villa Real,Villa Real,10.0,CALLE,56.91422067760452,"LINESTRING (-58.52683906980085 -34.61687991434466, -58.527262200679054 -34.61725519088537)",Q111633724,Ramón Lista,Prócer,procer
13709,"ESCALADA DE SAN MARTIN, R.",R. ESCALADA DE SAN MARTIN,Villa Santa Rita,Villa Santa Rita,Villa Santa Rita,11.0,CALLE,136.9898334744567,"LINESTRING (-58.48078007613255 -34.616778024189124, -58.48204202297882 -34.617438619890294)",Q134160,José de San Martín,Prócer,procer
13723,"GONZALEZ, ELPIDIO",ELPIDIO GONZALEZ,Monte Castro,Monte Castro,Monte Castro,10.0,CALLE,116.4163921412326,"LINESTRING (-58.49470472795056 -34.616722839253924, -58.49482069796406 -34.61682238807753, -58.495597551400216 -34.61746874236787)",Q5367308,Elpidio González,UCR,politico
13735,"ALVAREZ, DONATO, TTE. GRAL.",DONATO ALVAREZ,,Flores,Caballito,,CALLE,112.1433109407055,"LINESTRING (-58.457766198538046 -34.61750528700363, -58.45819906900543 -34.61655987128956)",Q606183,Donato Álvarez,Prócer,procer
13747,"GAINZA, MARTIN DE, GRAL.",MARTIN DE GAINZA,Caballito,Caballito,Caballito,6.0,CALLE,106.5876654969599,"LINESTRING (-58.44659219510586 -34.617553635209916, -58.44660576422528 -34.61742835379228, -58.4466825092151 -34.61659574803601)",Q5637260,Martín de Gainza,Prócer,procer
13750,"BEIRO, FRANCISCO AV.",FRANCISCO BEIRO,Villa Real,Villa Real,Villa Real,10.0,AVENIDA,52.16302405812761,"LINESTRING (-58.52928372668313 -34.617229677308174, -58.52969839468404 -34.6175514985792)",Q5865215,Francisco Beiró,UCR,politico
13761,"GONZALEZ, JOAQUIN V.",JOAQUIN V. GONZALEZ,,Floresta,Villa Santa Rita,,CALLE,137.2024828267318,"LINESTRING (-58.491560791899886 -34.61758812608285, -58.49263540904665 -34.61672772065665)",Q584197,Joaquín Víctor González,Liberalismo,politico
13785,"LISTA, RAMON, CORONEL",RAMON LISTA,Villa Real,Villa Real,Villa Real,10.0,CALLE,59.67447362466856,"LINESTRING (-58.527262200679054 -34.61725519088537, -58.52760026492503 -34.61755508732741, -58.527705452776445 -34.61764897666853)",Q111633724,Ramón Lista,Prócer,procer
13788,"IRIGOYEN, BERNARDO DE",BERNARDO DE IRIGOYEN,Monserrat,Monserrat,Monserrat,1.0,CALLE,134.4075768042858,"LINESTRING (-58.38032133512995 -34.616426685839485, -58.38028652956372 -34.61733406777201, -58.38027822007101 -34.61763772782216)",Q360911,Bernardo de Irigoyen,Prócer,procer
13794,"PAZ, MARCOS",MARCOS PAZ,Monte Castro,Monte Castro,Monte Castro,10.0,CALLE,70.49137360481322,"LINESTRING (-58.504441049587435 -34.617679463482595, -58.50456041680355 -34.617560266743155, -58.504939638223206 -34.617195907955164)",Q3846654,Marcos Paz,Prócer,procer
13832,DEAN FUNES,DEAN FUNES,Balvanera,Balvanera,Balvanera,3.0,CALLE,165.4084627212297,"LINESTRING (-58.406941439024195 -34.61635153476562, -58.40661385881968 -34.61768956882738, -58.40657493271277 -34.617811242389294)",Q5438893,Gregorio Funes,Prócer,procer
13844,"REPETTO, NICOLAS, DR.",NICOLAS REPETTO,Caballito,Caballito,Caballito,6.0,CALLE,114.6354054381227,"LINESTRING (-58.444183410158494 -34.61788553923943, -58.444622744993126 -34.61691813025323)",Q5409572,Nicolás Repetto,PS,politico
13849,"BEIRO, FRANCISCO AV.",FRANCISCO BEIRO,Villa Real,Villa Real,Villa Real,10.0,AVENIDA,52.94812121012906,"LINESTRING (-58.52969839468404 -34.6175514985792, -58.530119373256895 -34.617878103756944)",Q5865215,Francisco Beiró,UCR,politico
13883,"LAMARCA, EMILIO",EMILIO LAMARCA,Villa Santa Rita,Villa Santa Rita,Villa Santa Rita,11.0,CALLE,136.853974394464,"LINESTRING (-58.4879323150825 -34.61804074936211, -58.48900646568845 -34.617184460609316)",Q5831159,Emilio Lamarca,Prócer,procer
13885,"MARMOL, JOSE",JOSE MARMOL,Almagro,Almagro,Almagro,5.0,CALLE,114.6963256937365,"LINESTRING (-58.425867677737536 -34.617013677596084, -58.425808608122274 -34.61804641893277)",Q1709528,José Mármol,Prócer,procer
13889,"LISTA, RAMON, CORONEL",RAMON LISTA,Villa Real,Villa Real,Villa Real,10.0,CALLE,61.57751208423245,"LINESTRING (-58.527705452776445 -34.61764897666853, -58.52805767185333 -34.61796337156942, -58.52816260381616 -34.618055500060166)",Q111633724,Ramón Lista,Prócer,procer
13896,"MOREAU DE JUSTO, ALICIA AV.",ALICIA MOREAU DE JUSTO,Puerto Madero,Puerto Madero,Puerto Madero,1.0,AVENIDA,127.5832973203117,"LINESTRING (-58.36582684110415 -34.61683198324368, -58.36569979101182 -34.6178510740747, -58.36571924622075 -34.61797561020558)",Q518850,Alicia Moreau de Justo,PS,politico
13900,"ESCALADA DE SAN MARTIN, R.",R. ESCALADA DE SAN MARTIN,Villa Santa Rita,Villa Santa Rita,Villa Santa Rita,11.0,CALLE,137.1628112009568,"LINESTRING (-58.48204202297882 -34.617438619890294, -58.48330492723745 -34.618100892467034)",Q134160,José de San Martín,Prócer,procer
13902,"JUSTO, JUAN B. AV.",JUAN B. JUSTO,Villa Santa Rita,Villa Santa Rita,Villa Santa Rita,11.0,AVENIDA,145.9536939283009,"LINESTRING (-58.475173273935184 -34.617029969533625, -58.47609604556751 -34.618101861621)",Q6298935,Juan B. Justo,PS,politico
13916,"BEIRO, FRANCISCO AV.",FRANCISCO BEIRO,Villa Real,Villa Real,Villa Real,10.0,AVENIDA,34.93604822647205,"LINESTRING (-58.530119373256895 -34.617878103756944, -58.53034096964438 -34.61813425294733)",Q5865215,Francisco Beiró,UCR,politico
13944,"GONZALEZ, ELPIDIO",ELPIDIO GONZALEZ,Monte Castro,Monte Castro,Monte Castro,10.0,CALLE,120.8441543064279,"LINESTRING (-58.495597551400216 -34.61746874236787, -58.496526348831864 -34.618241389955905)",Q5367308,Elpidio González,UCR,politico
13977,"OROÑO, NICASIO",NICASIO ORONO,Caballito,Caballito,Caballito,6.0,CALLE,147.2188726945486,"LINESTRING (-58.45200867884599 -34.61835504151555, -58.45207701534597 -34.61821103193244, -58.452587488957185 -34.61711726119196)",Q389678,Nicasio Oroño,Prócer,procer
13995,"LISTA, RAMON, CORONEL",RAMON LISTA,Villa Real,Villa Real,Villa Real,10.0,CALLE,55.06444255846895,"LINESTRING (-58.52816260381616 -34.618055500060166, -58.52857415080677 -34.61841690471942)",Q111633724,Ramón Lista,Prócer,procer
14004,"GONZALEZ, JOAQUIN V.",JOAQUIN V. GONZALEZ,,Floresta,Villa Santa Rita,,CALLE,136.9435546137341,"LINESTRING (-58.490487855625126 -34.61844662011978, -58.49061525692671 -34.61834511152025, -58.491560791899886 -34.61758812608285)",Q584197,Joaquín Víctor González,Liberalismo,politico
14026,"IRIGOYEN, BERNARDO DE",BERNARDO DE IRIGOYEN,Constitucion,Constitucion,Constitucion,1.0,CALLE,97.57830794727084,"LINESTRING (-58.37986723016692 -34.617621250050185, -58.379839347125376 -34.61850053747449)",Q360911,Bernardo de Irigoyen,Prócer,procer
14028,"IRIGOYEN, BERNARDO DE",BERNARDO DE IRIGOYEN,Constitucion,Constitucion,Constitucion,1.0,CALLE,95.86678766307958,"LINESTRING (-58.38027822007101 -34.61763772782216, -58.38025444545726 -34.61850166583936)",Q360911,Bernardo de Irigoyen,Prócer,procer
14031,"ALVAREZ, DONATO, TTE. GRAL.",DONATO ALVAREZ,,Flores,Caballito,,CALLE,122.2351831424128,"LINESTRING (-58.457295235066304 -34.61853605234435, -58.457766198538046 -34.61750528700363)",Q606183,Donato Álvarez,Prócer,procer
14061,"PAZ, MARCOS",MARCOS PAZ,Monte Castro,Monte Castro,Monte Castro,10.0,CALLE,131.5643723629342,"LINESTRING (-58.50352611654657 -34.61859287858608, -58.504441049587435 -34.617679463482595)",Q3846654,Marcos Paz,Prócer,procer
14084,"ALVAREZ, DONATO, TTE. GRAL.",DONATO ALVAREZ,,Flores,Caballito,,CALLE,156.1470217078699,"LINESTRING (-58.45662352966554 -34.62000624688857, -58.457225117765425 -34.61868950149223)",Q606183,Donato Álvarez,Prócer,procer
14090,DEAN FUNES,DEAN FUNES,Balvanera,Balvanera,Balvanera,3.0,CALLE,99.37187985298023,"LINESTRING (-58.40657493271277 -34.617811242389294, -58.40647312766752 -34.61870303702261)",Q5438893,Gregorio Funes,Prócer,procer
14092,"PEREZ, JOSE JULIAN",JOSE JULIAN PEREZ,Almagro,Almagro,Almagro,5.0,PASAJE,133.1873611317805,"LINESTRING (-58.41899772955465 -34.61752314320909, -58.41898150304556 -34.618723645227035)",Q6454423,José Julián Pérez de Echalar,Prócer,procer
14104,"LISTA, RAMON, CORONEL",RAMON LISTA,Villa Real,Villa Real,Villa Real,10.0,CALLE,52.54775302110626,"LINESTRING (-58.52857415080677 -34.61841690471942, -58.52868027730901 -34.61851008846911, -58.52896601142518 -34.61876247330097)",Q111633724,Ramón Lista,Prócer,procer
14113,"REPETTO, NICOLAS, DR.",NICOLAS REPETTO,Caballito,Caballito,Caballito,6.0,CALLE,111.9132834107786,"LINESTRING (-58.44375454813098 -34.618829990134024, -58.444183410158494 -34.61788553923943)",Q5409572,Nicolás Repetto,PS,politico
14129,"ESCALADA DE SAN MARTIN, R.",R. ESCALADA DE SAN MARTIN,Villa Santa Rita,Villa Santa Rita,Villa Santa Rita,11.0,CALLE,160.4054648154701,"LINESTRING (-58.48330492723745 -34.618100892467034, -58.484781862302405 -34.61887536930775)",Q134160,José de San Martín,Prócer,procer
14134,"LAMARCA, EMILIO",EMILIO LAMARCA,Villa Santa Rita,Villa Santa Rita,Villa Santa Rita,11.0,CALLE,136.8097877441243,"LINESTRING (-58.48685848306982 -34.61889674678582, -58.4879323150825 -34.61804074936211)",Q5831159,Emilio Lamarca,Prócer,procer
14138,"MARTINEZ, JUAN ESTEBAN",JUAN ESTEBAN MARTINEZ,Villa Real,Villa Real,Villa Real,10.0,PASAJE,98.55473981186216,"LINESTRING (-58.51986335906851 -34.6188985844307, -58.520673312496456 -34.618314748308165)",Q16584588,Juan Esteban Martínez,Prócer,procer
14153,"GONZALEZ, ELPIDIO",ELPIDIO GONZALEZ,Monte Castro,Monte Castro,Monte Castro,10.0,CALLE,113.1377458434962,"LINESTRING (-58.496526348831864 -34.618241389955905, -58.49739594037219 -34.61896475054716)",Q5367308,Elpidio González,UCR,politico
14176,"LISTA, RAMON, CORONEL",RAMON LISTA,Villa Real,Villa Real,Villa Real,10.0,CALLE,40.68171521955097,"LINESTRING (-58.52896601142518 -34.61876247330097, -58.5292691369655 -34.619030200348156)",Q111633724,Ramón Lista,Prócer,procer
14180,"PAZ, MARCOS",MARCOS PAZ,Monte Castro,Monte Castro,Monte Castro,10.0,CALLE,54.5178848390955,"LINESTRING (-58.50331005489683 -34.61905070177732, -58.50352611654657 -34.61859287858608)",Q3846654,Marcos Paz,Prócer,procer
14199,"JUSTO, JUAN B. AV.",JUAN B. JUSTO,Villa Santa Rita,Villa Santa Rita,Villa Santa Rita,11.0,AVENIDA,105.9408944234797,"LINESTRING (-58.47609604556751 -34.618101861621, -58.476426275936134 -34.61848535246617, -58.47678134993114 -34.61887045818257)",Q6298935,Juan B. Justo,PS,politico
14212,"MARMOL, JOSE",JOSE MARMOL,Almagro,Almagro,Almagro,5.0,CALLE,131.1902588971996,"LINESTRING (-58.425808608122274 -34.61804641893277, -58.42559784729131 -34.619216086795504)",Q1709528,José Mármol,Prócer,procer
14227,"JUSTO, JUAN B. AV.",JUAN B. JUSTO,Villa Santa Rita,Villa Santa Rita,Villa Santa Rita,11.0,AVENIDA,136.8517153257972,"LINESTRING (-58.477069649658844 -34.61918313855053, -58.4772519227579 -34.619279284785, -58.47812522891534 -34.61973524373794, -58.478330543788914 -34.61984282556833)",Q6298935,Juan B. Justo,PS,politico
14239,"GONZALEZ, JOAQUIN V.",JOAQUIN V. GONZALEZ,,Floresta,Villa Santa Rita,,CALLE,137.0488425560538,"LINESTRING (-58.489411574600446 -34.619303626428426, -58.490487855625126 -34.61844662011978)",Q584197,Joaquín Víctor González,Liberalismo,politico
14240,"LISTA, RAMON, CORONEL",RAMON LISTA,Villa Real,Villa Real,Villa Real,10.0,CALLE,40.77042630107841,"LINESTRING (-58.5292691369655 -34.619030200348156, -58.529572861246926 -34.61929856011432)",Q111633724,Ramón Lista,Prócer,procer
14243,"PAZ, MARCOS",MARCOS PAZ,Monte Castro,Monte Castro,Monte Castro,10.0,CALLE,32.46649508129637,"LINESTRING (-58.503191695723764 -34.61932651857918, -58.50331005489683 -34.61905070177732)",Q3846654,Marcos Paz,Prócer,procer
14250,"CALVO, CARLOS",CARLOS CALVO,San Telmo,San Telmo,San Telmo,1.0,CALLE,72.01517491832671,"LINESTRING (-58.36637947452368 -34.619247237564835, -58.367161229864415 -34.61930818649642)",Q2033928,Carlos Calvo,Prócer,procer
14253,"MORENO, JOSE MARIA AV.",JOSE MARIA MORENO,Caballito,Caballito,Caballito,6.0,AVENIDA,127.9946709835901,"LINESTRING (-58.436458204996946 -34.61829979350909, -58.43601113545143 -34.619163648715805, -58.4359151526382 -34.619362573322874)",Q5943212,José María Moreno,Prócer,procer
14262,"CALVO, CARLOS",CARLOS CALVO,San Telmo,San Telmo,San Telmo,1.0,CALLE,107.1724889155178,"LINESTRING (-58.36896436500002 -34.61919966331305, -58.37011107802316 -34.61938561730676)",Q2033928,Carlos Calvo,Prócer,procer
14267,"OROÑO, NICASIO",NICASIO ORONO,Caballito,Caballito,Caballito,6.0,CALLE,127.5812654897194,"LINESTRING (-58.451500408147 -34.61942557009892, -58.45200867884599 -34.61835504151555)",Q389678,Nicasio Oroño,Prócer,procer
14276,DEAN FUNES,DEAN FUNES,Balvanera,Balvanera,Balvanera,3.0,CALLE,81.23072486569363,"LINESTRING (-58.40647312766752 -34.61870303702261, -58.40638983145502 -34.61943202119383)",Q5438893,Gregorio Funes,Prócer,procer
14281,"CALVO, CARLOS",CARLOS CALVO,San Telmo,San Telmo,San Telmo,1.0,CALLE,122.0227921862919,"LINESTRING (-58.367161229864415 -34.61930818649642, -58.36848590452072 -34.619410895643526)",Q2033928,Carlos Calvo,Prócer,procer
14289,"MARTINEZ, JUAN ESTEBAN",JUAN ESTEBAN MARTINEZ,Villa Real,Villa Real,Villa Real,10.0,PASAJE,100.0216641982578,"LINESTRING (-58.5190413891124 -34.61949115311718, -58.51986335906851 -34.6188985844307)",Q16584588,Juan Esteban Martínez,Prócer,procer
14293,"KORN, ALEJANDRO, DR.",ALEJANDRO KORN,Floresta,Floresta,Floresta,10.0,PASAJE,120.7716896603657,"LINESTRING (-58.49397359385869 -34.6187551635085, -58.49490596687706 -34.61952394908367)",Q4714583,Alejandro Korn,PS,politico
14301,"CALVO, CARLOS",CARLOS CALVO,San Telmo,San Telmo,San Telmo,1.0,CALLE,129.9671173673498,"LINESTRING (-58.37011107802316 -34.61938561730676, -58.370263625954045 -34.619401226885586, -58.37152057710768 -34.61950661689276)",Q2033928,Carlos Calvo,Prócer,procer
14317,"CALVO, CARLOS",CARLOS CALVO,San Telmo,San Telmo,San Telmo,1.0,CALLE,130.8023911450079,"LINESTRING (-58.37152057710768 -34.61950661689276, -58.37162994402237 -34.619515783741264, -58.37277925374051 -34.61959488235053, -58.37294194739159 -34.619603242501185)",Q2033928,Carlos Calvo,Prócer,procer
14330,"CALVO, CARLOS",CARLOS CALVO,San Telmo,San Telmo,San Telmo,1.0,CALLE,125.2772730280672,"LINESTRING (-58.37294194739159 -34.619603242501185, -58.37430594470069 -34.619664034635385)",Q2033928,Carlos Calvo,Prócer,procer
14333,"PAZ, MARCOS",MARCOS PAZ,Monte Castro,Monte Castro,Monte Castro,10.0,CALLE,42.85426247769301,"LINESTRING (-58.50303717456617 -34.619691080518024, -58.503141237602016 -34.61944421256903, -58.503191695723764 -34.61932651857918)",Q3846654,Marcos Paz,Prócer,procer
14336,"GONZALEZ, ELPIDIO",ELPIDIO GONZALEZ,Monte Castro,Monte Castro,Monte Castro,10.0,CALLE,116.5180507484334,"LINESTRING (-58.49739594037219 -34.61896475054716, -58.49751106334415 -34.61906056457082, -58.49829383662568 -34.61970781528368)",Q5367308,Elpidio González,UCR,politico
14338,"CALVO, CARLOS",CARLOS CALVO,San Telmo,San Telmo,San Telmo,1.0,CALLE,137.5023444167261,"LINESTRING (-58.37430594470069 -34.619664034635385, -58.37443244528887 -34.61966285923411, -58.37580474013437 -34.619692654371526)",Q2033928,Carlos Calvo,Prócer,procer
14352,"CALVO, CARLOS",CARLOS CALVO,San Telmo,San Telmo,San Telmo,1.0,CALLE,134.5951685619332,"LINESTRING (-58.37580474013437 -34.619692654371526, -58.377166217751174 -34.61972221516472, -58.37727184624415 -34.61972285308774)",Q2033928,Carlos Calvo,Prócer,procer
14355,"ESCALADA DE SAN MARTIN, R.",R. ESCALADA DE SAN MARTIN,Villa Santa Rita,Villa Santa Rita,Villa Santa Rita,11.0,CALLE,133.9146285710983,"LINESTRING (-58.484781862302405 -34.61887536930775, -58.485781392685375 -34.61975534090718)",Q134160,José de San Martín,Prócer,procer
14356,"LAMARCA, EMILIO",EMILIO LAMARCA,Villa Santa Rita,Villa Santa Rita,Villa Santa Rita,11.0,CALLE,137.2241395310862,"LINESTRING (-58.485781392685375 -34.61975534090718, -58.48685848306982 -34.61889674678582)",Q5831159,Emilio Lamarca,Prócer,procer
14357,"CALVO, CARLOS",CARLOS CALVO,Constitucion,Constitucion,Constitucion,1.0,CALLE,130.8462726463096,"LINESTRING (-58.37727184624415 -34.61972285308774, -58.378698512840636 -34.61973117487587)",Q2033928,Carlos Calvo,Prócer,procer
14366,"CALVO, CARLOS",CARLOS CALVO,Constitucion,Constitucion,Constitucion,1.0,CALLE,37.08706401224451,"LINESTRING (-58.381041666429574 -34.61975651006233, -58.38144604114449 -34.619754176400136)",Q2033928,Carlos Calvo,Prócer,procer
14368,"CALVO, CARLOS",CARLOS CALVO,Constitucion,Constitucion,Constitucion,1.0,CALLE,38.79801082612708,"LINESTRING (-58.380618636157685 -34.6197589001646, -58.381041666429574 -34.61975651006233)",Q2033928,Carlos Calvo,Prócer,procer
14369,"IRIGOYEN, BERNARDO DE",BERNARDO DE IRIGOYEN,Constitucion,Constitucion,Constitucion,1.0,CALLE,64.04586833098801,"LINESTRING (-58.38025444545726 -34.61850166583936, -58.380248082440204 -34.61873236852594, -58.38021865273488 -34.619078072415576)",Q360911,Bernardo de Irigoyen,Prócer,procer
14370,"CALVO, CARLOS",CARLOS CALVO,Constitucion,Constitucion,Constitucion,1.0,CALLE,42.01657075904423,"LINESTRING (-58.38016050994439 -34.61976105361585, -58.38034791716927 -34.619760476961936, -58.380445283111655 -34.61975990992514, -58.380618636157685 -34.6197589001646)",Q2033928,Carlos Calvo,Prócer,procer
14371,"CALVO, CARLOS",CARLOS CALVO,Constitucion,Constitucion,Constitucion,1.0,CALLE,134.1418667624285,"LINESTRING (-58.378698512840636 -34.61973117487587, -58.378941202982304 -34.619732540141136, -58.37992735834793 -34.61976173957355, -58.38016050994439 -34.61976105361585)",Q2033928,Carlos Calvo,Prócer,procer
14373,"CALVO, CARLOS",CARLOS CALVO,Constitucion,Constitucion,Constitucion,1.0,CALLE,140.7425198990634,"LINESTRING (-58.38144604114449 -34.619754176400136, -58.38168839328989 -34.619752859885025, -58.382794081124985 -34.61976458063258, -58.38298055138298 -34.61976392889251)",Q2033928,Carlos Calvo,Prócer,procer
14384,"CALVO, CARLOS",CARLOS CALVO,Constitucion,Constitucion,Constitucion,1.0,CALLE,125.5268339324073,"LINESTRING (-58.38298055138298 -34.61976392889251, -58.38315185874564 -34.61976326690621, -58.38414968279616 -34.61979617231157, -58.38434824149469 -34.61980383628213)",Q2033928,Carlos Calvo,Prócer,procer
14404,"LISTA, RAMON, CORONEL",RAMON LISTA,Villa Real,Villa Real,Villa Real,10.0,CALLE,52.50260933177777,"LINESTRING (-58.52983976153814 -34.61953412190454, -58.530238953469784 -34.619873344223635)",Q111633724,Ramón Lista,Prócer,procer
14406,"CALVO, CARLOS",CARLOS CALVO,Constitucion,Constitucion,Constitucion,1.0,CALLE,136.6939247393026,"LINESTRING (-58.38434824149469 -34.61980383628213, -58.384583939492686 -34.61981293236758, -58.385642745753245 -34.6198580481398, -58.38583653065705 -34.61986972078143)",Q2033928,Carlos Calvo,Prócer,procer
14411,"REPETTO, NICOLAS, DR.",NICOLAS REPETTO,Caballito,Caballito,Caballito,6.0,CALLE,29.02876485816448,"LINESTRING (-58.44332147309585 -34.6198964120085, -58.443410466151725 -34.61964529670874)",Q5409572,Nicolás Repetto,PS,politico
14427,"PEREZ, JOSE JULIAN",JOSE JULIAN PEREZ,Almagro,Almagro,Almagro,5.0,PASAJE,137.3594151984108,"LINESTRING (-58.41898150304556 -34.618723645227035, -58.41896483012713 -34.61996175293366)",Q6454423,José Julián Pérez de Echalar,Prócer,procer
14430,"CALVO, CARLOS",CARLOS CALVO,Constitucion,Constitucion,Constitucion,1.0,CALLE,136.6650288421243,"LINESTRING (-58.38583653065705 -34.61986972078143, -58.386026738110225 -34.6198811091557, -58.38718349100828 -34.619945710412, -58.38732301490382 -34.619955797509256)",Q2033928,Carlos Calvo,Prócer,procer
14447,"GAINZA, MARTIN DE, GRAL.",MARTIN DE GAINZA,Caballito,Caballito,Caballito,6.0,CALLE,280.2016616064598,"LINESTRING (-58.44607777490859 -34.62003951008052, -58.44617103565654 -34.61970761773407, -58.44623438001114 -34.61945339813108, -58.44626439742229 -34.61929459754988, -58.446408035524286 -34.61878918872331, -58.44645288416403 -34.618581727552424, -58.44649159816502 -34.61838025150318, -58.44652170950465 -34.618173633342515, -58.44654815906935 -34.61796081740356, -58.44659219510586 -34.617553635209916)",Q5637260,Martín de Gainza,Prócer,procer
14452,"CALVO, CARLOS",CARLOS CALVO,Constitucion,Constitucion,Constitucion,1.0,CALLE,139.6627262300693,"LINESTRING (-58.38732301490382 -34.619955797509256, -58.38743110761623 -34.61996361135486, -58.38884143804591 -34.62005152362587)",Q2033928,Carlos Calvo,Prócer,procer
14469,"MARTINEZ, JUAN ESTEBAN",JUAN ESTEBAN MARTINEZ,Villa Real,Villa Real,Villa Real,10.0,PASAJE,98.67210292195458,"LINESTRING (-58.51829321233579 -34.620136007544474, -58.51911068875278 -34.61955774196069)",Q16584588,Juan Esteban Martínez,Prócer,procer
14472,"CALVO, CARLOS",CARLOS CALVO,Constitucion,Constitucion,Constitucion,1.0,CALLE,124.9161696266584,"LINESTRING (-58.38884143804591 -34.62005152362587, -58.39019964104555 -34.62013607846822)",Q2033928,Carlos Calvo,Prócer,procer
14475,"GONZALEZ, JOAQUIN V.",JOAQUIN V. GONZALEZ,,Floresta,Villa Santa Rita,,CALLE,136.8885625946572,"LINESTRING (-58.48833654893231 -34.62015963694036, -58.489411574600446 -34.619303626428426)",Q584197,Joaquín Víctor González,Liberalismo,politico
14497,"CALVO, CARLOS",CARLOS CALVO,Constitucion,Constitucion,Constitucion,1.0,CALLE,131.1640429677831,"LINESTRING (-58.39019964104555 -34.62013607846822, -58.39041148515484 -34.62014930397742, -58.3913130389996 -34.62020350193888, -58.39162590750209 -34.62022340471038)",Q2033928,Carlos Calvo,Prócer,procer
14501,"KORN, ALEJANDRO, DR.",ALEJANDRO KORN,Floresta,Floresta,Floresta,10.0,PASAJE,113.0266535505883,"LINESTRING (-58.49490596687706 -34.61952394908367, -58.49577853773327 -34.62024344699313)",Q4714583,Alejandro Korn,PS,politico
14513,"CALVO, CARLOS",CARLOS CALVO,San Cristobal,San Cristobal,San Cristobal,3.0,CALLE,153.2947755043485,"LINESTRING (-58.39162590750209 -34.62022340471038, -58.39185623600527 -34.62023811746066, -58.3930943224295 -34.62031718275204, -58.393133451557425 -34.62033986013431, -58.39316849884358 -34.620461205537126)",Q2033928,Carlos Calvo,Prócer,procer
14521,"ESCALADA DE SAN MARTIN, R.",R. ESCALADA DE SAN MARTIN,Villa Santa Rita,Villa Santa Rita,Villa Santa Rita,11.0,CALLE,98.25465830670494,"LINESTRING (-58.485781392685375 -34.61975534090718, -58.48640313342264 -34.62028501994969, -58.48652770394941 -34.62039077222905)",Q134160,José de San Martín,Prócer,procer
14528,"MORENO, JOSE MARIA AV.",JOSE MARIA MORENO,Caballito,Caballito,Caballito,6.0,AVENIDA,121.8972717410313,"LINESTRING (-58.4359151526382 -34.619362573322874, -58.43582564781003 -34.619548118860834, -58.435501745161915 -34.62040636582595)",Q5943212,José María Moreno,Prócer,procer
14536,"MARMOL, JOSE",JOSE MARMOL,Almagro,Almagro,Almagro,5.0,CALLE,138.4801962951893,"LINESTRING (-58.42559784729131 -34.619216086795504, -58.42537538055118 -34.62045075121474)",Q1709528,José Mármol,Prócer,procer
14557,"GONZALEZ, ELPIDIO",ELPIDIO GONZALEZ,Monte Castro,Monte Castro,Monte Castro,10.0,CALLE,127.1521768764157,"LINESTRING (-58.49829383662568 -34.61970781528368, -58.49927406727746 -34.620518385091394)",Q5367308,Elpidio González,UCR,politico
14570,"CALVO, CARLOS",CARLOS CALVO,San Cristobal,San Cristobal,San Cristobal,3.0,CALLE,122.362209237935,"LINESTRING (-58.39316849884358 -34.620461205537126, -58.3944988579342 -34.62054492184616)",Q2033928,Carlos Calvo,Prócer,procer
14573,DEAN FUNES,DEAN FUNES,San Cristobal,San Cristobal,San Cristobal,3.0,CALLE,124.8699104755516,"LINESTRING (-58.40638983145502 -34.61943202119383, -58.40636172270974 -34.61967834909882, -58.406256442728704 -34.62041309751501, -58.4062474889332 -34.62055119357611)",Q5438893,Gregorio Funes,Prócer,procer
14584,"LAMARCA, EMILIO",EMILIO LAMARCA,Villa Santa Rita,Villa Santa Rita,Villa Santa Rita,11.0,CALLE,136.9973791228002,"LINESTRING (-58.4847061538592 -34.620612587032184, -58.48481721319611 -34.620523974868846, -58.485781392685375 -34.61975534090718)",Q5831159,Emilio Lamarca,Prócer,procer
14587,"CALVO, CARLOS",CARLOS CALVO,San Cristobal,San Cristobal,San Cristobal,3.0,CALLE,120.4352012123289,"LINESTRING (-58.3944988579342 -34.62054492184616, -58.395808265065234 -34.62062734443633)",Q2033928,Carlos Calvo,Prócer,procer
14595,"MARTINEZ, JUAN ESTEBAN",JUAN ESTEBAN MARTINEZ,Villa Real,Villa Real,Villa Real,10.0,PASAJE,96.86929498571766,"LINESTRING (-58.517429764479765 -34.62064506182665, -58.51809645832073 -34.620172364126795, -58.51823056143748 -34.62007568293047)",Q16584588,Juan Esteban Martínez,Prócer,procer
14601,"JUSTO, JUAN B. AV.",JUAN B. JUSTO,Villa Santa Rita,Villa Santa Rita,Villa Santa Rita,11.0,AVENIDA,139.6238486753369,"LINESTRING (-58.478330543788914 -34.61984282556833, -58.478635535315554 -34.62000257829893, -58.47883128913917 -34.620127496147845, -58.478931216816264 -34.62020799498518, -58.47915958890571 -34.62042272768968, -58.47945127363291 -34.62068244256328)",Q6298935,Juan B. Justo,PS,politico
14612,"CALVO, CARLOS",CARLOS CALVO,San Cristobal,San Cristobal,San Cristobal,3.0,CALLE,120.2140828197058,"LINESTRING (-58.395808265065234 -34.62062734443633, -58.39599038293688 -34.62063878322305, -58.397115032148754 -34.620712145934284)",Q2033928,Carlos Calvo,Prócer,procer
14625,"GONZALEZ, ELPIDIO",ELPIDIO GONZALEZ,Monte Castro,Monte Castro,Monte Castro,10.0,CALLE,52.45283060070592,"LINESTRING (-58.49927406727746 -34.620518385091394, -58.49975215737392 -34.620777894189324)",Q5367308,Elpidio González,UCR,politico
14631,"PAZ, MARCOS",MARCOS PAZ,Monte Castro,Monte Castro,Monte Castro,10.0,CALLE,129.7602837864166,"LINESTRING (-58.502571308049866 -34.62079554055061, -58.502628489098136 -34.620660097961995, -58.50303717456617 -34.619691080518024)",Q3846654,Marcos Paz,Prócer,procer
14640,"CALVO, CARLOS",CARLOS CALVO,San Cristobal,San Cristobal,San Cristobal,3.0,CALLE,127.3554977461574,"LINESTRING (-58.397115032148754 -34.620712145934284, -58.39828099641456 -34.62078819639316, -58.3984991446143 -34.62080479153952)",Q2033928,Carlos Calvo,Prócer,procer
14664,"GAINZA, MARTIN DE, GRAL.",MARTIN DE GAINZA,Caballito,Caballito,Caballito,6.0,CALLE,61.51128351254322,"LINESTRING (-58.44573293376491 -34.620903274229214, -58.44596559977821 -34.62038323078108)",Q5637260,Martín de Gainza,Prócer,procer
14671,"CALVO, CARLOS",CARLOS CALVO,San Cristobal,San Cristobal,San Cristobal,3.0,CALLE,122.6193714294789,"LINESTRING (-58.3984991446143 -34.62080479153952, -58.3998305233568 -34.620906196936424)",Q2033928,Carlos Calvo,Prócer,procer
14678,"IRIGOYEN, BERNARDO DE",BERNARDO DE IRIGOYEN,Constitucion,Constitucion,Constitucion,1.0,CALLE,130.7451690570363,"LINESTRING (-58.38016050994439 -34.61976105361585, -58.3801401677917 -34.620000197525165, -58.38009067619156 -34.620938132590744)",Q360911,Bernardo de Irigoyen,Prócer,procer
14687,"KORN, ALEJANDRO, DR.",ALEJANDRO KORN,Floresta,Floresta,Floresta,10.0,PASAJE,117.0483324626236,"LINESTRING (-58.49577853773327 -34.62024344699313, -58.49668222680763 -34.62098849374759)",Q4714583,Alejandro Korn,PS,politico
14689,"CALVO, CARLOS",CARLOS CALVO,San Cristobal,San Cristobal,San Cristobal,3.0,CALLE,87.00274617660389,"LINESTRING (-58.3998305233568 -34.620906196936424, -58.40077518240158 -34.620978164502695)",Q2033928,Carlos Calvo,Prócer,procer
14695,"ESCALADA DE SAN MARTIN, R.",R. ESCALADA DE SAN MARTIN,Villa Santa Rita,Villa Santa Rita,Villa Santa Rita,11.0,CALLE,96.71683786846624,"LINESTRING (-58.48652770394941 -34.62039077222905, -58.48726337522303 -34.62101542622889)",Q134160,José de San Martín,Prócer,procer
14696,"GONZALEZ, JOAQUIN V.",JOAQUIN V. GONZALEZ,,Floresta,Villa Santa Rita,,CALLE,136.7485320331558,"LINESTRING (-58.48726337522303 -34.62101542622889, -58.488203010166906 -34.62026593317483, -58.48833654893231 -34.62015963694036)",Q584197,Joaquín Víctor González,Liberalismo,politico
14707,"CALVO, CARLOS",CARLOS CALVO,San Cristobal,San Cristobal,San Cristobal,3.0,CALLE,91.46587163417466,"LINESTRING (-58.40077518240158 -34.620978164502695, -58.40176831135222 -34.62105374080397)",Q2033928,Carlos Calvo,Prócer,procer
14710,"LOPEZ, VICENTE FIDEL",VICENTE FIDEL LOPEZ,Monte Castro,Monte Castro,Monte Castro,10.0,PASAJE,121.1525159585555,"LINESTRING (-58.51210249143528 -34.62106301858335, -58.51305936448371 -34.62031008777579)",Q3080230,Vicente Fidel López,Prócer,procer
14715,"ALVEAR, EMILIO, DE",EMILIO DE ALVEAR,Monte Castro,Monte Castro,Monte Castro,10.0,PASAJE,130.3371173418156,"LINESTRING (-58.5040522974981 -34.62068709574194, -58.5053863414071 -34.6210921406139)",Q5831380,Emilio Marcelo de Alvear y Sáenz de la Quintanilla,Prócer,procer
14723,"REPETTO, NICOLAS, DR.",NICOLAS REPETTO,Caballito,Caballito,Caballito,6.0,CALLE,140.743808297737,"LINESTRING (-58.442890138885886 -34.62111396103036, -58.44332147309585 -34.6198964120085)",Q5409572,Nicolás Repetto,PS,politico
14732,"CALVO, CARLOS",CARLOS CALVO,San Cristobal,San Cristobal,San Cristobal,3.0,CALLE,95.45228126232247,"LINESTRING (-58.40176831135222 -34.62105374080397, -58.402804714264654 -34.621132710809746)",Q2033928,Carlos Calvo,Prócer,procer
14748,"ALVAREZ, DONATO, TTE. GRAL.",DONATO ALVAREZ,,Flores,Caballito,,CALLE,141.9749443396756,"LINESTRING (-58.4560765374413 -34.62120348379474, -58.45662352966554 -34.62000624688857)",Q606183,Donato Álvarez,Prócer,procer
14758,"MORENO, JOSE MARIA AV.",JOSE MARIA MORENO,Caballito,Caballito,Caballito,6.0,AVENIDA,100.4981929034909,"LINESTRING (-58.435501745161915 -34.62040636582595, -58.43517536322451 -34.62127116061068)",Q5943212,José María Moreno,Prócer,procer
14778,"GONZALEZ, ELPIDIO",ELPIDIO GONZALEZ,Monte Castro,Monte Castro,Monte Castro,10.0,CALLE,110.7211716630691,"LINESTRING (-58.49975215737392 -34.620777894189324, -58.50076279273825 -34.62132386217003)",Q5367308,Elpidio González,UCR,politico
14820,"LAMARCA, EMILIO",EMILIO LAMARCA,Villa Santa Rita,Villa Santa Rita,Villa Santa Rita,11.0,CALLE,137.0897804457132,"LINESTRING (-58.48363080800899 -34.6214709503547, -58.4847061538592 -34.620612587032184)",Q5831159,Emilio Lamarca,Prócer,procer
14826,"MOREAU DE JUSTO, ALICIA AV.",ALICIA MOREAU DE JUSTO,Puerto Madero,Puerto Madero,Puerto Madero,1.0,AVENIDA,126.5749226563049,"LINESTRING (-58.365717087137305 -34.61805748501452, -58.36569916904041 -34.618382418171514, -58.36563380576357 -34.619196325828256)",Q518850,Alicia Moreau de Justo,PS,politico
14829,"CALVO, CARLOS",CARLOS CALVO,San Cristobal,San Cristobal,San Cristobal,3.0,CALLE,159.2304812667563,"LINESTRING (-58.402804714264654 -34.621132710809746, -58.404318934877125 -34.62144465320805, -58.40448928293621 -34.62148022883052)",Q2033928,Carlos Calvo,Prócer,procer
14860,"MARMOL, JOSE",JOSE MARMOL,Almagro,Almagro,Almagro,5.0,CALLE,139.1235604488212,"LINESTRING (-58.42537538055118 -34.62045075121474, -58.42535061403842 -34.620588491656825, -58.42516525594353 -34.62169274286432)",Q1709528,José Mármol,Prócer,procer
14887,"KORN, ALEJANDRO, DR.",ALEJANDRO KORN,Floresta,Floresta,Floresta,10.0,PASAJE,126.8815312445188,"LINESTRING (-58.49668222680763 -34.62098849374759, -58.497661774184756 -34.62179618916849)",Q4714583,Alejandro Korn,PS,politico
14897,"CALVO, CARLOS",CARLOS CALVO,San Cristobal,San Cristobal,San Cristobal,3.0,CALLE,157.1999354757083,"LINESTRING (-58.40448928293621 -34.62148022883052, -58.4047959950557 -34.621544179884225, -58.406154023932736 -34.62181778459456)",Q2033928,Carlos Calvo,Prócer,procer
14898,DEAN FUNES,DEAN FUNES,San Cristobal,San Cristobal,San Cristobal,3.0,CALLE,140.8005137254769,"LINESTRING (-58.4062474889332 -34.62055119357611, -58.406175254040235 -34.62166638430258, -58.406154023932736 -34.62181778459456)",Q5438893,Gregorio Funes,Prócer,procer
14907,"ESCALADA DE SAN MARTIN, R.",R. ESCALADA DE SAN MARTIN,Floresta,Floresta,Floresta,10.0,CALLE,130.6468551642551,"LINESTRING (-58.48726337522303 -34.62101542622889, -58.487394679315514 -34.62112695100415, -58.48825587641193 -34.62186023734874)",Q134160,José de San Martín,Prócer,procer
14913,"MITRE, EMILIO",EMILIO MITRE,Caballito,Caballito,Caballito,6.0,CALLE,21.06487384419294,"LINESTRING (-58.44435324363609 -34.621727936809606, -58.44439311516395 -34.621914936877786)",Q5831227,Emilio Mitre,UCR,politico
14916,"GONZALEZ, JOAQUIN V.",JOAQUIN V. GONZALEZ,,Floresta,Villa Santa Rita,,CALLE,137.6045440807884,"LINESTRING (-58.486183621588204 -34.621876700217975, -58.48726337522303 -34.62101542622889)",Q584197,Joaquín Víctor González,Liberalismo,politico
14937,"LOPEZ, VICENTE FIDEL",VICENTE FIDEL LOPEZ,Monte Castro,Monte Castro,Monte Castro,10.0,PASAJE,137.2222981114412,"LINESTRING (-58.511018644488544 -34.621915781447285, -58.51210249143528 -34.62106301858335)",Q3080230,Vicente Fidel López,Prócer,procer
14956,"GONZALEZ, ELPIDIO",ELPIDIO GONZALEZ,Monte Castro,Monte Castro,Monte Castro,10.0,CALLE,141.3326819914043,"LINESTRING (-58.50076279273825 -34.62132386217003, -58.50205283975476 -34.62202079140824)",Q5367308,Elpidio González,UCR,politico
14957,"PAZ, MARCOS",MARCOS PAZ,Monte Castro,Monte Castro,Monte Castro,10.0,CALLE,144.0017950974786,"LINESTRING (-58.50205283975476 -34.62202079140824, -58.502115384807276 -34.62187576980437, -58.502571308049866 -34.62079554055061)",Q3846654,Marcos Paz,Prócer,procer
14960,"JUSTO, JUAN B. AV.",JUAN B. JUSTO,Villa Santa Rita,Villa Santa Rita,Villa Santa Rita,11.0,AVENIDA,196.2030113110003,"LINESTRING (-58.47945127363291 -34.62068244256328, -58.47983972900386 -34.62111050088331, -58.48076498691686 -34.62207817890215)",Q6298935,Juan B. Justo,PS,politico
14966,"CALVO, CARLOS",CARLOS CALVO,San Cristobal,San Cristobal,San Cristobal,3.0,CALLE,113.7771551104692,"LINESTRING (-58.406154023932736 -34.62181778459456, -58.40736267167513 -34.62204912217659)",Q2033928,Carlos Calvo,Prócer,procer
14990,"GAINZA, MARTIN DE, GRAL.",MARTIN DE GAINZA,Caballito,Caballito,Caballito,6.0,CALLE,136.5671544397384,"LINESTRING (-58.44521445984799 -34.62205728934535, -58.44573293376491 -34.620903274229214)",Q5637260,Martín de Gainza,Prócer,procer
14992,"IRIGOYEN, BERNARDO DE",BERNARDO DE IRIGOYEN,Constitucion,Constitucion,Constitucion,1.0,CALLE,133.1141904195609,"LINESTRING (-58.38009067619156 -34.620938132590744, -58.38000838220546 -34.62213611852251)",Q360911,Bernardo de Irigoyen,Prócer,procer
15034,"ALBERDI, JUAN BAUTISTA AV.",JUAN BAUTISTA ALBERDI,Caballito,Caballito,Caballito,6.0,AVENIDA,130.9798347002303,"LINESTRING (-58.427797026441795 -34.622073471294854, -58.42919937233927 -34.622297113453484)",Q722738,Juan Bautista Alberdi,Prócer,procer
15041,"LAMARCA, EMILIO",EMILIO LAMARCA,Villa Santa Rita,Villa Santa Rita,Villa Santa Rita,11.0,CALLE,136.769423173731,"LINESTRING (-58.48255790998036 -34.622327261416196, -58.48363080800899 -34.6214709503547)",Q5831159,Emilio Lamarca,Prócer,procer
15045,"ALVAREZ, DONATO, TTE. GRAL.",DONATO ALVAREZ,,Flores,Caballito,,CALLE,134.5080584208665,"LINESTRING (-58.45555832874901 -34.6223377613477, -58.4560765374413 -34.62120348379474)",Q606183,Donato Álvarez,Prócer,procer
15069,"CALVO, CARLOS",CARLOS CALVO,San Cristobal,San Cristobal,San Cristobal,3.0,CALLE,164.898340504123,"LINESTRING (-58.40736267167513 -34.62204912217659, -58.40910801029191 -34.62240639308032)",Q2033928,Carlos Calvo,Prócer,procer
15096,"ALBERDI, JUAN BAUTISTA AV.",JUAN BAUTISTA ALBERDI,Caballito,Caballito,Caballito,6.0,AVENIDA,145.794711687038,"LINESTRING (-58.42919937233927 -34.622297113453484, -58.43076076201792 -34.62254423299352)",Q722738,Juan Bautista Alberdi,Prócer,procer
15108,"ESCALADA DE SAN MARTIN, R.",R. ESCALADA DE SAN MARTIN,Floresta,Floresta,Floresta,10.0,CALLE,114.431968195289,"LINESTRING (-58.48825587641193 -34.62186023734874, -58.48837482793719 -34.62196148176687, -58.48913421120165 -34.62259288008279)",Q134160,José de San Martín,Prócer,procer
15116,"GONZALEZ, ELPIDIO",ELPIDIO GONZALEZ,Monte Castro,Monte Castro,Monte Castro,10.0,CALLE,121.6649490194615,"LINESTRING (-58.50205283975476 -34.62202079140824, -58.50221320245985 -34.622107431524796, -58.50316405217656 -34.62261987701756)",Q5367308,Elpidio González,UCR,politico
15130,"CALVO, CARLOS",CARLOS CALVO,San Cristobal,San Cristobal,San Cristobal,3.0,CALLE,139.6496326019149,"LINESTRING (-58.40910801029191 -34.62240639308032, -58.409222827881486 -34.6224298950126, -58.41059085961378 -34.62269260954073)",Q2033928,Carlos Calvo,Prócer,procer
15145,"GONZALEZ, JOAQUIN V.",JOAQUIN V. GONZALEZ,,Floresta,Villa Santa Rita,,CALLE,136.582421289239,"LINESTRING (-58.485111851629576 -34.62273155457849, -58.486183621588204 -34.621876700217975)",Q584197,Joaquín Víctor González,Liberalismo,politico
15155,"ALBERDI, JUAN BAUTISTA AV.",JUAN BAUTISTA ALBERDI,Caballito,Caballito,Caballito,6.0,AVENIDA,130.2687894908942,"LINESTRING (-58.43076076201792 -34.62254423299352, -58.432155883889926 -34.6227650222897)",Q722738,Juan Bautista Alberdi,Prócer,procer
15159,"LOPEZ, VICENTE FIDEL",VICENTE FIDEL LOPEZ,Monte Castro,Monte Castro,Monte Castro,10.0,PASAJE,137.260816668123,"LINESTRING (-58.50993451996114 -34.62276881637046, -58.511018644488544 -34.621915781447285)",Q3080230,Vicente Fidel López,Prócer,procer
15166,"MOREAU DE JUSTO, ALICIA AV.",ALICIA MOREAU DE JUSTO,Puerto Madero,Puerto Madero,Puerto Madero,1.0,AVENIDA,77.28743592602981,"LINESTRING (-58.365373674667474 -34.62145094460094, -58.3652826996351 -34.62214355637609)",Q518850,Alicia Moreau de Justo,PS,politico
15170,"ALBERDI, JUAN BAUTISTA AV.",JUAN BAUTISTA ALBERDI,Caballito,Caballito,Caballito,6.0,AVENIDA,62.93730070268598,"LINESTRING (-58.432155883889926 -34.6227650222897, -58.43283454540408 -34.622849279166395)",Q722738,Juan Bautista Alberdi,Prócer,procer
15171,"CAMPOS, GASPAR",GASPAR CAMPOS,Caballito,Caballito,Caballito,6.0,PASAJE,196.3213600349503,"LINESTRING (-58.433192794826105 -34.62110455865461, -58.43283454540408 -34.622849279166395)",Q5875792,Gaspar Campos,Prócer,procer
15176,"JUSTO, JUAN B. AV.",JUAN B. JUSTO,Villa Santa Rita,Villa Santa Rita,Villa Santa Rita,11.0,AVENIDA,134.1410776236249,"LINESTRING (-58.48076498691686 -34.62207817890215, -58.48182247021603 -34.622913561808225)",Q6298935,Juan B. Justo,PS,politico
15177,"LAMARCA, EMILIO",EMILIO LAMARCA,Villa Santa Rita,Villa Santa Rita,Villa Santa Rita,11.0,CALLE,93.69893788185075,"LINESTRING (-58.48182247021603 -34.622913561808225, -58.48255790998036 -34.622327261416196)",Q5831159,Emilio Lamarca,Prócer,procer
15179,"ALBERDI, JUAN BAUTISTA AV.",JUAN BAUTISTA ALBERDI,Caballito,Caballito,Caballito,6.0,AVENIDA,61.69275757063514,"LINESTRING (-58.44120673381115 -34.62287030838221, -58.44187870380044 -34.62284437159116)",Q722738,Juan Bautista Alberdi,Prócer,procer
15190,"ALBERDI, JUAN BAUTISTA AV.",JUAN BAUTISTA ALBERDI,Caballito,Caballito,Caballito,6.0,AVENIDA,33.18394022570699,"LINESTRING (-58.44084655104137 -34.622898904924426, -58.44120673381115 -34.62287030838221)",Q722738,Juan Bautista Alberdi,Prócer,procer
15196,"ALBERDI, JUAN BAUTISTA AV.",JUAN BAUTISTA ALBERDI,Caballito,Caballito,Caballito,6.0,AVENIDA,53.82296157939807,"LINESTRING (-58.43283454540408 -34.622849279166395, -58.43341652754557 -34.6229118886488)",Q722738,Juan Bautista Alberdi,Prócer,procer
15216,"CALVO, CARLOS",CARLOS CALVO,San Cristobal,San Cristobal,San Cristobal,3.0,CALLE,136.8872587042858,"LINESTRING (-58.41059085961378 -34.62269260954073, -58.41178649963333 -34.622922277911265, -58.41204424720904 -34.622973654686355)",Q2033928,Carlos Calvo,Prócer,procer
15227,"ALBERDI, JUAN BAUTISTA AV.",JUAN BAUTISTA ALBERDI,Caballito,Caballito,Caballito,6.0,AVENIDA,163.245526261321,"LINESTRING (-58.44187870380044 -34.62284437159116, -58.442759894474364 -34.62282093132462, -58.44354852785511 -34.6229775422803, -58.44362126911367 -34.62301748408294)",Q722738,Juan Bautista Alberdi,Prócer,procer
15228,"MITRE, EMILIO",EMILIO MITRE,Caballito,Caballito,Caballito,6.0,CALLE,141.3184470632566,"LINESTRING (-58.44439311516395 -34.621914936877786, -58.44362126911367 -34.62301748408294)",Q5831227,Emilio Mitre,UCR,politico
15231,DEAN FUNES,DEAN FUNES,San Cristobal,San Cristobal,San Cristobal,3.0,CALLE,133.4827617355661,"LINESTRING (-58.406154023932736 -34.62181778459456, -58.40601474247666 -34.62281068862462, -58.405986235789264 -34.62301300152383)",Q5438893,Gregorio Funes,Prócer,procer
15235,"ALBERDI, JUAN BAUTISTA AV.",JUAN BAUTISTA ALBERDI,Caballito,Caballito,Caballito,6.0,AVENIDA,130.3104449651122,"LINESTRING (-58.439435796341364 -34.623039131697745, -58.44084655104137 -34.622898904924426)",Q722738,Juan Bautista Alberdi,Prócer,procer
15238,"CALVO, CARLOS",CARLOS CALVO,,San Cristobal,Boedo,,CALLE,27.50428100339192,"LINESTRING (-58.41204424720904 -34.622973654686355, -58.41233581071847 -34.62303173526783)",Q2033928,Carlos Calvo,Prócer,procer
15239,"ALBERDI, JUAN BAUTISTA AV.",JUAN BAUTISTA ALBERDI,Caballito,Caballito,Caballito,6.0,AVENIDA,114.9168551698018,"LINESTRING (-58.43341652754557 -34.6229118886488, -58.43465903491411 -34.623046061515886)",Q722738,Juan Bautista Alberdi,Prócer,procer
15240,"MORENO, JOSE MARIA AV.",JOSE MARIA MORENO,Caballito,Caballito,Caballito,6.0,AVENIDA,202.6401531834462,"LINESTRING (-58.43517536322451 -34.62127116061068, -58.43510135510952 -34.621467202213076, -58.43470571425015 -34.622808816163584, -58.43465903491411 -34.623046061515886)",Q5943212,José María Moreno,Prócer,procer
15255,"PAZ, MARCOS",MARCOS PAZ,Monte Castro,Monte Castro,Monte Castro,10.0,CALLE,125.7006532038893,"LINESTRING (-58.50157951677773 -34.62308377024968, -58.50165884395011 -34.62293536331603, -58.50205283975476 -34.62202079140824)",Q3846654,Marcos Paz,Prócer,procer
15257,"ALBERDI, JUAN BAUTISTA AV.",JUAN BAUTISTA ALBERDI,Caballito,Caballito,Caballito,6.0,AVENIDA,47.71797807196459,"LINESTRING (-58.43891919994776 -34.62309050901661, -58.439435796341364 -34.623039131697745)",Q722738,Juan Bautista Alberdi,Prócer,procer
15265,"ALBERDI, JUAN BAUTISTA AV.",JUAN BAUTISTA ALBERDI,Caballito,Caballito,Caballito,6.0,AVENIDA,38.28695906990138,"LINESTRING (-58.438504236606214 -34.623128383563504, -58.43891919994776 -34.62309050901661)",Q722738,Juan Bautista Alberdi,Prócer,procer
15282,"ALBERDI, JUAN BAUTISTA AV.",JUAN BAUTISTA ALBERDI,Caballito,Caballito,Caballito,6.0,AVENIDA,71.33714259445117,"LINESTRING (-58.43773096090531 -34.62319815432372, -58.438504236606214 -34.623128383563504)",Q722738,Juan Bautista Alberdi,Prócer,procer
15285,"ALBERDI, JUAN BAUTISTA AV.",JUAN BAUTISTA ALBERDI,Caballito,Caballito,Caballito,6.0,AVENIDA,148.2959797070661,"LINESTRING (-58.43465903491411 -34.623046061515886, -58.43598315463755 -34.623186648554075, -58.43626358669267 -34.62321150005326)",Q722738,Juan Bautista Alberdi,Prócer,procer
15297,"ALBERDI, JUAN BAUTISTA AV.",JUAN BAUTISTA ALBERDI,Caballito,Caballito,Caballito,6.0,AVENIDA,61.84604547709893,"LINESTRING (-58.43626358669267 -34.62321150005326, -58.436563100555766 -34.623238115675534, -58.43693622504347 -34.623240661705296)",Q722738,Juan Bautista Alberdi,Prócer,procer
15299,"ALBERDI, JUAN BAUTISTA AV.",JUAN BAUTISTA ALBERDI,Caballito,Caballito,Caballito,6.0,AVENIDA,73.13582496177423,"LINESTRING (-58.43693622504347 -34.623240661705296, -58.43720524950061 -34.623242550558906, -58.43773096090531 -34.62319815432372)",Q722738,Juan Bautista Alberdi,Prócer,procer
15310,"MARMOL, JOSE",JOSE MARMOL,Boedo,Boedo,Boedo,5.0,CALLE,181.0682128062231,"LINESTRING (-58.42516525594353 -34.62169274286432, -58.425148476274316 -34.6218742186469, -58.42485937346165 -34.623304567224125)",Q1709528,José Mármol,Prócer,procer
15311,"GONZALEZ, ELPIDIO",ELPIDIO GONZALEZ,Monte Castro,Monte Castro,Monte Castro,10.0,CALLE,140.6533593263495,"LINESTRING (-58.50316405217656 -34.62261987701756, -58.504455240500114 -34.623304104109486)",Q5367308,Elpidio González,UCR,politico
15319,"CALVO, CARLOS",CARLOS CALVO,Boedo,Boedo,Boedo,5.0,CALLE,132.3888611997236,"LINESTRING (-58.41233581071847 -34.62303173526783, -58.413165444340564 -34.62319715140007, -58.41361117122568 -34.62330430684656, -58.413732206903646 -34.62333315923942)",Q2033928,Carlos Calvo,Prócer,procer
15329,"ESCALADA DE SAN MARTIN, R.",R. ESCALADA DE SAN MARTIN,Floresta,Floresta,Floresta,10.0,CALLE,121.8384092142843,"LINESTRING (-58.48913421120165 -34.62259288008279, -58.49007093039238 -34.62337170132301)",Q134160,José de San Martín,Prócer,procer
15342,"ALVAREZ, DONATO, TTE. GRAL.",DONATO ALVAREZ,,Flores,Caballito,,CALLE,132.1544360888817,"LINESTRING (-58.45504913791652 -34.623452177709495, -58.45555832874901 -34.6223377613477)",Q606183,Donato Álvarez,Prócer,procer
15351,"JUSTO, JUAN B. AV.",JUAN B. JUSTO,Villa Santa Rita,Villa Santa Rita,Villa Santa Rita,11.0,AVENIDA,98.02025379236146,"LINESTRING (-58.48182247021603 -34.622913561808225, -58.48224859284374 -34.62322846946096, -58.482605435108184 -34.62351475282661)",Q6298935,Juan B. Justo,PS,politico
15389,"GONZALEZ, JOAQUIN V.",JOAQUIN V. GONZALEZ,,Floresta,Villa Santa Rita,,CALLE,137.1362300671709,"LINESTRING (-58.48403759047668 -34.623591470311226, -58.48496978766224 -34.6228448910906, -58.485111851629576 -34.62273155457849)",Q584197,Joaquín Víctor González,Liberalismo,politico
15390,"CALVO, CARLOS",CARLOS CALVO,Boedo,Boedo,Boedo,5.0,CALLE,103.0689768392833,"LINESTRING (-58.413732206903646 -34.62333315923942, -58.41481199178779 -34.623590849722206)",Q2033928,Carlos Calvo,Prócer,procer
15402,"PUCH, MANUEL, GRAL",MANUEL PUCH,Monte Castro,Monte Castro,Monte Castro,10.0,PASAJE,115.4964329463567,"LINESTRING (-58.50294738863854 -34.623092065828246, -58.50402868854572 -34.62362580029831)",Q5994068,Manuel Puch,Prócer,procer
15432,"MOREAU DE JUSTO, ALICIA AV.",ALICIA MOREAU DE JUSTO,Puerto Madero,Puerto Madero,Puerto Madero,1.0,AVENIDA,215.8387943337983,"LINESTRING (-58.3652826996351 -34.62214355637609, -58.36523606863676 -34.62243054565107, -58.365206278386495 -34.62292445246803, -58.365179434866306 -34.62318042040239, -58.36510633585653 -34.623271786408736, -58.36490715617714 -34.623366707730305, -58.36474561018619 -34.623434231689004, -58.36465266858522 -34.623470726492364, -58.36459068870841 -34.623510903275786, -58.36432501284767 -34.623722793584214)",Q518850,Alicia Moreau de Justo,PS,politico
15437,"IRIGOYEN, BERNARDO DE",BERNARDO DE IRIGOYEN,Constitucion,Constitucion,Constitucion,1.0,CALLE,177.3215124629826,"LINESTRING (-58.38000838220546 -34.62213611852251, -58.379945863109405 -34.62255375667352, -58.37983401868218 -34.62332498252504, -58.37980861495989 -34.6235001524522, -58.37978070500122 -34.623723375300514)",Q360911,Bernardo de Irigoyen,Prócer,procer
15443,"LAMARCA, EMILIO",EMILIO LAMARCA,Villa Santa Rita,Villa Santa Rita,Villa Santa Rita,11.0,CALLE,138.0973995420337,"LINESTRING (-58.48073954577331 -34.62377853787116, -58.48182247021603 -34.622913561808225)",Q5831159,Emilio Lamarca,Prócer,procer
15456,"ALBERDI, JUAN BAUTISTA AV.",JUAN BAUTISTA ALBERDI,Caballito,Caballito,Caballito,6.0,AVENIDA,152.8585053345252,"LINESTRING (-58.44362126911367 -34.62301748408294, -58.444978652508816 -34.62381714145739)",Q722738,Juan Bautista Alberdi,Prócer,procer
15457,"MARTINEZ, VICTOR",VICTOR MARTINEZ,Caballito,Caballito,Caballito,6.0,CALLE,173.31960605207,"LINESTRING (-58.44578841508277 -34.6224054832777, -58.444978652508816 -34.62381714145739)",Q946295,Víctor Martínez,UCR,politico
15459,"OROÑO, NICASIO",NICASIO ORONO,Caballito,Caballito,Caballito,6.0,CALLE,138.7770254719873,"LINESTRING (-58.44940856500713 -34.62382652929384, -58.44995932815002 -34.62266136586009)",Q389678,Nicasio Oroño,Prócer,procer
15470,"GONZALEZ, ELPIDIO",ELPIDIO GONZALEZ,Monte Castro,Monte Castro,Monte Castro,10.0,CALLE,87.78620637132879,"LINESTRING (-58.504455240500114 -34.623304104109486, -58.50513259917134 -34.62386324636737)",Q5367308,Elpidio González,UCR,politico
15492,"CALVO, CARLOS",CARLOS CALVO,Boedo,Boedo,Boedo,5.0,CALLE,134.6341092741434,"LINESTRING (-58.41481199178779 -34.623590849722206, -58.416222442594744 -34.6239275328487)",Q2033928,Carlos Calvo,Prócer,procer
15519,"PAZ, MARCOS",MARCOS PAZ,Velez Sarsfield,Velez Sarsfield,Velez Sarsfield,10.0,CALLE,110.9333689324359,"LINESTRING (-58.501097852244804 -34.624000902909124, -58.50115266048634 -34.6238828563844, -58.50157951677773 -34.62308377024968)",Q3846654,Marcos Paz,Prócer,procer
15527,"MITRE, EMILIO",EMILIO MITRE,Caballito,Caballito,Caballito,6.0,CALLE,113.5579212776145,"LINESTRING (-58.44362126911367 -34.62301748408294, -58.44354159217891 -34.623127049952984, -58.443455024929165 -34.623909650653445, -58.4434434131257 -34.62401915707401)",Q5831227,Emilio Mitre,UCR,politico
15552,"GODOY, RUPERTO",RUPERTO GODOY,Flores,Flores,Flores,7.0,PASAJE,118.3074857728002,"LINESTRING (-58.47639733937188 -34.62407232421621, -58.47684561324062 -34.623072334029615)",Q16626924,Ruperto Godoy,PJ,politico
15555,"JUSTO, JUAN B. AV.",JUAN B. JUSTO,Villa Santa Rita,Villa Santa Rita,Villa Santa Rita,11.0,AVENIDA,97.61082290110262,"LINESTRING (-58.482605435108184 -34.62351475282661, -58.48339074062429 -34.624108676629966)",Q6298935,Juan B. Justo,PS,politico
15556,"GONZALEZ, JOAQUIN V.",JOAQUIN V. GONZALEZ,,Floresta,Villa Santa Rita,,CALLE,82.5294606562411,"LINESTRING (-58.48339074062429 -34.624108676629966, -58.48403759047668 -34.623591470311226)",Q584197,Joaquín Víctor González,Liberalismo,politico
15558,"ESCALADA DE SAN MARTIN, R.",R. ESCALADA DE SAN MARTIN,Floresta,Floresta,Floresta,10.0,CALLE,112.7674958328997,"LINESTRING (-58.49007093039238 -34.62337170132301, -58.490937962959315 -34.624092502236635)",Q134160,José de San Martín,Prócer,procer
15569,"MARTINEZ, VICTOR",VICTOR MARTINEZ,Caballito,Caballito,Caballito,6.0,CALLE,35.9770926552242,"LINESTRING (-58.444978652508816 -34.62381714145739, -58.44481050959066 -34.624110147649894)",Q946295,Víctor Martínez,UCR,politico
15593,"ALBERDI, JUAN BAUTISTA AV.",JUAN BAUTISTA ALBERDI,Caballito,Caballito,Caballito,6.0,AVENIDA,78.18749452925366,"LINESTRING (-58.444978652508816 -34.62381714145739, -58.44567294168685 -34.62422619215604)",Q722738,Juan Bautista Alberdi,Prócer,procer
15598,DEAN FUNES,DEAN FUNES,San Cristobal,San Cristobal,San Cristobal,3.0,CALLE,135.6597382107634,"LINESTRING (-58.405986235789264 -34.62301300152383, -58.40581510702075 -34.62422765325086)",Q5438893,Gregorio Funes,Prócer,procer
15611,"MARTINEZ, VICTOR",VICTOR MARTINEZ,Caballito,Caballito,Caballito,6.0,CALLE,139.1082842991466,"LINESTRING (-58.44481050959066 -34.624110147649894, -58.444699890807485 -34.62430309080616, -58.44459623808339 -34.625339988227246)",Q946295,Víctor Martínez,UCR,politico
15652,"MORENO, JOSE MARIA AV.",JOSE MARIA MORENO,Caballito,Caballito,Caballito,6.0,AVENIDA,157.5464141563087,"LINESTRING (-58.43465903491411 -34.623046061515886, -58.434611672762124 -34.62328633488471, -58.434482888630065 -34.62445821949662)",Q5943212,José María Moreno,Prócer,procer
15653,"GONZALEZ, ELPIDIO",ELPIDIO GONZALEZ,Monte Castro,Monte Castro,Monte Castro,10.0,CALLE,88.0294511807689,"LINESTRING (-58.50513259917134 -34.62386324636737, -58.50522311250492 -34.62394786415529, -58.50576798660411 -34.62445803363829)",Q5367308,Elpidio González,UCR,politico
15660,"ALVAREZ, DONATO, TTE. GRAL.",DONATO ALVAREZ,,Flores,Caballito,,CALLE,121.9047642250716,"LINESTRING (-58.454575466783076 -34.62447891722062, -58.45504913791652 -34.623452177709495)",Q606183,Donato Álvarez,Prócer,procer
15670,"CALVO, CARLOS",CARLOS CALVO,Boedo,Boedo,Boedo,5.0,CALLE,155.0870618541989,"LINESTRING (-58.416213336811104 -34.624061615379716, -58.41706518241559 -34.624453495000935, -58.417542734745226 -34.62449156282885, -58.417778446052715 -34.62450728500107)",Q2033928,Carlos Calvo,Prócer,procer
15684,"PAZ, MARCOS",MARCOS PAZ,Velez Sarsfield,Velez Sarsfield,Velez Sarsfield,10.0,CALLE,67.82742535041383,"LINESTRING (-58.5008330004882 -34.6245717658841, -58.501097852244804 -34.624000902909124)",Q3846654,Marcos Paz,Prócer,procer
15692,"CALVO, CARLOS",CARLOS CALVO,Boedo,Boedo,Boedo,5.0,CALLE,122.5017478169005,"LINESTRING (-58.417778446052715 -34.62450728500107, -58.41910991420741 -34.62459608548153)",Q2033928,Carlos Calvo,Prócer,procer
15703,"GONZALEZ, JOAQUIN V.",JOAQUIN V. GONZALEZ,,Floresta,Villa Santa Rita,,CALLE,82.89415384008494,"LINESTRING (-58.48274202584439 -34.62462901961217, -58.48339074062429 -34.624108676629966)",Q584197,Joaquín Víctor González,Liberalismo,politico
15714,"JUSTO, JUAN B. AV.",JUAN B. JUSTO,Floresta,Floresta,Floresta,10.0,AVENIDA,137.2286579602061,"LINESTRING (-58.48339074062429 -34.624108676629966, -58.48472142358886 -34.62467446323897)",Q6298935,Juan B. Justo,PS,politico
15722,"CALVO, CARLOS AV.",CARLOS CALVO,Boedo,Boedo,Boedo,5.0,AVENIDA,133.7252653367816,"LINESTRING (-58.41910991420741 -34.62459608548153, -58.420563372972275 -34.6246930129129)",Q2033928,Carlos Calvo,Prócer,procer
15729,"ALBERDI, JUAN BAUTISTA AV.",JUAN BAUTISTA ALBERDI,Caballito,Caballito,Caballito,6.0,AVENIDA,96.10684774186444,"LINESTRING (-58.44567294168685 -34.62422619215604, -58.446532062530984 -34.62472230489771)",Q722738,Juan Bautista Alberdi,Prócer,procer
15737,"CALVO, CARLOS AV.",CARLOS CALVO,Boedo,Boedo,Boedo,5.0,AVENIDA,52.03344647799839,"LINESTRING (-58.420563372972275 -34.6246930129129, -58.42112892969669 -34.624730674961626)",Q2033928,Carlos Calvo,Prócer,procer
15757,"CALVO, CARLOS AV.",CARLOS CALVO,Boedo,Boedo,Boedo,5.0,AVENIDA,67.48969194897467,"LINESTRING (-58.42112892969669 -34.624730674961626, -58.421862475984994 -34.62477958888091)",Q2033928,Carlos Calvo,Prócer,procer
15769,"CALVO, CARLOS AV.",CARLOS CALVO,Boedo,Boedo,Boedo,5.0,AVENIDA,61.42793529214507,"LINESTRING (-58.421862475984994 -34.62477958888091, -58.422530259191056 -34.624822842559794)",Q2033928,Carlos Calvo,Prócer,procer
15772,"ESCALADA DE SAN MARTIN, R.",R. ESCALADA DE SAN MARTIN,Floresta,Floresta,Floresta,10.0,CALLE,117.3026284084623,"LINESTRING (-58.490937962959315 -34.624092502236635, -58.49107532615365 -34.624206697705326, -58.49184361047608 -34.624839203657004)",Q134160,José de San Martín,Prócer,procer
15781,"CALVO, CARLOS AV.",CARLOS CALVO,Boedo,Boedo,Boedo,5.0,AVENIDA,63.66022802840035,"LINESTRING (-58.422530259191056 -34.624822842559794, -58.4232220647295 -34.62487018503141)",Q2033928,Carlos Calvo,Prócer,procer
15799,"CALVO, CARLOS AV.",CARLOS CALVO,Boedo,Boedo,Boedo,5.0,AVENIDA,119.8215615002809,"LINESTRING (-58.4232220647295 -34.62487018503141, -58.42452441038819 -34.62495701540796)",Q2033928,Carlos Calvo,Prócer,procer
15800,"MARMOL, JOSE",JOSE MARMOL,Boedo,Boedo,Boedo,5.0,CALLE,185.8725092110635,"LINESTRING (-58.42485937346165 -34.623304567224125, -58.42455958748152 -34.62478758803905, -58.42452441038819 -34.62495701540796)",Q1709528,José Mármol,Prócer,procer
15812,"CALVO, CARLOS AV.",CARLOS CALVO,Boedo,Boedo,Boedo,5.0,AVENIDA,134.2339507536655,"LINESTRING (-58.42452441038819 -34.62495701540796, -58.42598341904664 -34.6250541617135)",Q2033928,Carlos Calvo,Prócer,procer
15815,"LAMARCA, EMILIO",EMILIO LAMARCA,Floresta,Floresta,Floresta,10.0,CALLE,151.8578527009916,"LINESTRING (-58.48020848511397 -34.6250751064328, -58.48073954577331 -34.62377853787116)",Q5831159,Emilio Lamarca,Prócer,procer
15835,"CALVO, CARLOS AV.",CARLOS CALVO,Boedo,Boedo,Boedo,5.0,AVENIDA,109.8910998661109,"LINESTRING (-58.42598341904664 -34.6250541617135, -58.427177837417844 -34.62513374751467)",Q2033928,Carlos Calvo,Prócer,procer
15841,"JUSTO, JUAN B. AV.",JUAN B. JUSTO,Floresta,Floresta,Floresta,10.0,AVENIDA,121.8888075341609,"LINESTRING (-58.48472142358886 -34.62467446323897, -58.48556387202919 -34.62501438669475, -58.48592332454983 -34.62514298399527)",Q6298935,Juan B. Justo,PS,politico
15844,"PAZ, MARCOS",MARCOS PAZ,Velez Sarsfield,Velez Sarsfield,Velez Sarsfield,10.0,CALLE,67.65405941691282,"LINESTRING (-58.500571722850175 -34.62514206375284, -58.5006307847175 -34.625007537124226, -58.5008330004882 -34.6245717658841)",Q3846654,Marcos Paz,Prócer,procer
15853,"ALBERDI, JUAN BAUTISTA AV.",JUAN BAUTISTA ALBERDI,Caballito,Caballito,Caballito,6.0,AVENIDA,97.59113953687995,"LINESTRING (-58.446532062530984 -34.62472230489771, -58.44744606491626 -34.62517285479592)",Q722738,Juan Bautista Alberdi,Prócer,procer
15890,"MITRE, EMILIO",EMILIO MITRE,Caballito,Caballito,Caballito,6.0,CALLE,137.4162257135305,"LINESTRING (-58.4434434131257 -34.62401915707401, -58.44333120809903 -34.625131193774656, -58.44332461904374 -34.62525387014771)",Q5831227,Emilio Mitre,UCR,politico
15897,"GOYENA, PEDRO AV.",PEDRO GOYENA,Caballito,Caballito,Caballito,6.0,AVENIDA,130.0587403274243,"LINESTRING (-58.427177837417844 -34.62513374751467, -58.428585548783346 -34.625276129696815)",Q578020,Pedro Goyena,Prócer,procer
15917,"JUSTO, JUAN B. AV.",JUAN B. JUSTO,Floresta,Floresta,Floresta,10.0,AVENIDA,66.01167933140665,"LINESTRING (-58.48592332454983 -34.62514298399527, -58.486583956684385 -34.625379270816914)",Q6298935,Juan B. Justo,PS,politico
15919,"ALBERDI, JUAN BAUTISTA AV.",JUAN BAUTISTA ALBERDI,Caballito,Caballito,Caballito,6.0,AVENIDA,47.05109176810514,"LINESTRING (-58.44744606491626 -34.62517285479592, -58.44788671469813 -34.6253900968396)",Q722738,Juan Bautista Alberdi,Prócer,procer
15925,"GOYENA, PEDRO AV.",PEDRO GOYENA,Caballito,Caballito,Caballito,6.0,AVENIDA,138.6467138084882,"LINESTRING (-58.428585548783346 -34.625276129696815, -58.43008543543563 -34.62543309839464)",Q578020,Pedro Goyena,Prócer,procer
15950,"GOYENA, PEDRO AV.",PEDRO GOYENA,Caballito,Caballito,Caballito,6.0,AVENIDA,122.6374965584761,"LINESTRING (-58.43008543543563 -34.62543309839464, -58.431412141745085 -34.62557190470198)",Q578020,Pedro Goyena,Prócer,procer
15959,"GONZALEZ, ELPIDIO",ELPIDIO GONZALEZ,Monte Castro,Monte Castro,Monte Castro,10.0,CALLE,166.4993610795613,"LINESTRING (-58.50576798660411 -34.62445803363829, -58.50587060403334 -34.624554125726455, -58.50696770643847 -34.625584524223555)",Q5367308,Elpidio González,UCR,politico
15962,"TERRY, JOSE A.",JOSE A. TERRY,Caballito,Caballito,Caballito,6.0,CALLE,154.904217056266,"LINESTRING (-58.44567294168685 -34.62422619215604, -58.44532856684553 -34.625593199780276)",Q5937277,José A. Terry,Prócer,procer
15964,"BIDEGAIN, PEDRO",PEDRO BIDEGAIN,Boedo,Boedo,Boedo,5.0,PASAJE,61.41752291046497,"LINESTRING (-58.42238698241543 -34.62549090073764, -58.423045116403834 -34.62559344479989)",Q9057367,Pedro Bidegain,UCR,politico
15980,"JUSTO, JUAN B. AV.",JUAN B. JUSTO,Floresta,Floresta,Floresta,10.0,AVENIDA,66.71131443990583,"LINESTRING (-58.486583956684385 -34.625379270816914, -58.4872515789406 -34.625618087918234)",Q6298935,Juan B. Justo,PS,politico
15985,"GONZALEZ, JOAQUIN V.",JOAQUIN V. GONZALEZ,Floresta,Floresta,Floresta,10.0,CALLE,116.8857218347778,"LINESTRING (-58.48233828384327 -34.62562839044935, -58.48274202584439 -34.62462901961217)",Q584197,Joaquín Víctor González,Liberalismo,politico
15987,"ALVAREZ, DONATO, TTE. GRAL.",DONATO ALVAREZ,,Flores,Caballito,,CALLE,137.0856941579037,"LINESTRING (-58.454031828550946 -34.62563001702789, -58.454575466783076 -34.62447891722062)",Q606183,Donato Álvarez,Prócer,procer
15988,"ESCALADA DE SAN MARTIN, R.",R. ESCALADA DE SAN MARTIN,Floresta,Floresta,Floresta,10.0,CALLE,125.8375895207934,"LINESTRING (-58.49184361047608 -34.624839203657004, -58.49281591246138 -34.625639615147435)",Q134160,José de San Martín,Prócer,procer
16008,"GOYENA, PEDRO AV.",PEDRO GOYENA,Caballito,Caballito,Caballito,6.0,AVENIDA,129.929388718124,"LINESTRING (-58.431412141745085 -34.62557190470198, -58.43281773628261 -34.625718955846395)",Q578020,Pedro Goyena,Prócer,procer
16019,DEAN FUNES,DEAN FUNES,San Cristobal,San Cristobal,San Cristobal,3.0,CALLE,171.6325576154145,"LINESTRING (-58.40581510702075 -34.62422765325086, -58.4057845444107 -34.62444503567972, -58.40560388072357 -34.625764894762916)",Q5438893,Gregorio Funes,Prócer,procer
16024,"MARMOL, JOSE",JOSE MARMOL,Boedo,Boedo,Boedo,5.0,CALLE,92.89363873659914,"LINESTRING (-58.42452441038819 -34.62495701540796, -58.42449486856505 -34.625098838608245, -58.42433626665333 -34.625779781643026)",Q1709528,José Mármol,Prócer,procer
16027,"JUSTO, JUAN B. AV.",JUAN B. JUSTO,Floresta,Floresta,Floresta,10.0,AVENIDA,60.72760827437796,"LINESTRING (-58.4872515789406 -34.625618087918234, -58.487859309373185 -34.625835504736855)",Q6298935,Juan B. Justo,PS,politico
16038,"GOYENA, PEDRO AV.",PEDRO GOYENA,Caballito,Caballito,Caballito,6.0,AVENIDA,137.6719797610075,"LINESTRING (-58.43281773628261 -34.625718955846395, -58.43401368818749 -34.62584403898369, -58.434308100496025 -34.62586727858894)",Q578020,Pedro Goyena,Prócer,procer
16039,"MORENO, JOSE MARIA AV.",JOSE MARIA MORENO,Caballito,Caballito,Caballito,6.0,AVENIDA,157.1859022953461,"LINESTRING (-58.434482888630065 -34.62445821949662, -58.43435461364869 -34.625625385502815, -58.434308100496025 -34.62586727858894)",Q5943212,José María Moreno,Prócer,procer
16052,"GOYENA, PEDRO AV.",PEDRO GOYENA,Caballito,Caballito,Caballito,6.0,AVENIDA,87.74027222814827,"LINESTRING (-58.434308100496025 -34.62586727858894, -58.43465975988167 -34.62589496760787, -58.4352616228813 -34.62593179799076)",Q578020,Pedro Goyena,Prócer,procer
16062,"MARTINEZ, VICTOR",VICTOR MARTINEZ,Caballito,Caballito,Caballito,6.0,CALLE,70.0592195883553,"LINESTRING (-58.44459623808339 -34.625339988227246, -58.44451916943378 -34.62596829334611)",Q946295,Víctor Martínez,UCR,politico
16071,"GOYENA, PEDRO AV.",PEDRO GOYENA,Caballito,Caballito,Caballito,6.0,AVENIDA,86.32772517082977,"LINESTRING (-58.4352616228813 -34.62593179799076, -58.436200410953646 -34.62598926433341)",Q578020,Pedro Goyena,Prócer,procer
16073,"ALBERDI, JUAN BAUTISTA AV.",JUAN BAUTISTA ALBERDI,Caballito,Caballito,Caballito,6.0,AVENIDA,130.8070681263615,"LINESTRING (-58.44788671469813 -34.6253900968396, -58.449111823470744 -34.62599398470969)",Q722738,Juan Bautista Alberdi,Prócer,procer
16075,"BIDEGAIN, PEDRO",PEDRO BIDEGAIN,Boedo,Boedo,Boedo,5.0,PASAJE,132.1058777910401,"LINESTRING (-58.42433626665333 -34.625779781643026, -58.42575409105264 -34.62599043991896)",Q9057367,Pedro Bidegain,UCR,politico
16080,"MITRE, EMILIO",EMILIO MITRE,Caballito,Caballito,Caballito,6.0,CALLE,82.37632960245836,"LINESTRING (-58.44332461904374 -34.62525387014771, -58.443284997724916 -34.62599570302486)",Q5831227,Emilio Mitre,UCR,politico
16097,"BIDEGAIN, PEDRO",PEDRO BIDEGAIN,Boedo,Boedo,Boedo,5.0,PASAJE,111.0460296455034,"LINESTRING (-58.42578174797205 -34.62586833438514, -58.42697332356888 -34.62604644353712)",Q9057367,Pedro Bidegain,UCR,politico
16103,"JUSTO, JUAN B. AV.",JUAN B. JUSTO,Floresta,Floresta,Floresta,10.0,AVENIDA,61.54418085859939,"LINESTRING (-58.487859309373185 -34.625835504736855, -58.48822498858331 -34.625966277105185, -58.488476073634615 -34.62605418427474)",Q6298935,Juan B. Justo,PS,politico
16106,"LAMARCA, EMILIO",EMILIO LAMARCA,Floresta,Floresta,Floresta,10.0,CALLE,117.9425333942751,"LINESTRING (-58.47975385039777 -34.626069616482, -58.47982052650171 -34.62592481710858, -58.48015781970139 -34.62518793163195, -58.48020848511397 -34.6250751064328)",Q5831159,Emilio Lamarca,Prócer,procer
16111,"GOYENA, PEDRO AV.",PEDRO GOYENA,Caballito,Caballito,Caballito,6.0,AVENIDA,136.0161298207089,"LINESTRING (-58.436200410953646 -34.62598926433341, -58.43737066065095 -34.626060927960786, -58.437678277287645 -34.62609078202997)",Q578020,Pedro Goyena,Prócer,procer
16116,"IRIGOYEN, BERNARDO DE",BERNARDO DE IRIGOYEN,Constitucion,Constitucion,Constitucion,1.0,CALLE,271.2261911135058,"LINESTRING (-58.37978070500122 -34.623723375300514, -58.37973193571513 -34.62393447103355, -58.37963172709454 -34.62430011066031, -58.379012811518734 -34.62608322533727)",Q360911,Bernardo de Irigoyen,Prócer,procer
16125,"GOYENA, PEDRO AV.",PEDRO GOYENA,Caballito,Caballito,Caballito,6.0,AVENIDA,49.66872542178522,"LINESTRING (-58.437678277287645 -34.62609078202997, -58.43796519324312 -34.62611865917248, -58.43821513541616 -34.62614955624497)",Q578020,Pedro Goyena,Prócer,procer
16154,"GOYENA, PEDRO AV.",PEDRO GOYENA,Caballito,Caballito,Caballito,6.0,AVENIDA,83.4801447543373,"LINESTRING (-58.43821513541616 -34.62614955624497, -58.43911540578293 -34.62626100691389)",Q578020,Pedro Goyena,Prócer,procer
16157,"JUSTO, JUAN B. AV.",JUAN B. JUSTO,Floresta,Floresta,Floresta,10.0,AVENIDA,63.71804355155328,"LINESTRING (-58.488476073634615 -34.62605418427474, -58.48911592964626 -34.62627806712639)",Q6298935,Juan B. Justo,PS,politico
16160,"PAZ, MARCOS",MARCOS PAZ,Velez Sarsfield,Velez Sarsfield,Velez Sarsfield,10.0,CALLE,134.2502920844589,"LINESTRING (-58.50007207200995 -34.626279552125254, -58.500571722850175 -34.62514206375284)",Q3846654,Marcos Paz,Prócer,procer
16205,"GOYENA, PEDRO AV.",PEDRO GOYENA,Caballito,Caballito,Caballito,6.0,AVENIDA,125.7645543888616,"LINESTRING (-58.43911540578293 -34.62626100691389, -58.44047212050153 -34.62642648147721)",Q578020,Pedro Goyena,Prócer,procer
16214,"ALBERDI, JUAN BAUTISTA AV.",JUAN BAUTISTA ALBERDI,Caballito,Caballito,Caballito,6.0,AVENIDA,101.0403677256555,"LINESTRING (-58.449111823470744 -34.62599398470969, -58.449352639251195 -34.62611267578893, -58.45005285583555 -34.62646768739856)",Q722738,Juan Bautista Alberdi,Prócer,procer
16219,"GOYENA, PEDRO AV.",PEDRO GOYENA,Caballito,Caballito,Caballito,6.0,AVENIDA,50.95818034799225,"LINESTRING (-58.44047212050153 -34.62642648147721, -58.44102124729261 -34.626496795059516)",Q578020,Pedro Goyena,Prócer,procer
16220,"JUSTO, JUAN B. AV.",JUAN B. JUSTO,Floresta,Floresta,Floresta,10.0,AVENIDA,63.616482800946,"LINESTRING (-58.48911592964626 -34.62627806712639, -58.48975476668054 -34.62650159471686)",Q6298935,Juan B. Justo,PS,politico
16230,"GOYENA, PEDRO AV.",PEDRO GOYENA,Caballito,Caballito,Caballito,6.0,AVENIDA,42.94108839185954,"LINESTRING (-58.44102124729261 -34.626496795059516, -58.4414843346624 -34.626554132920546)",Q578020,Pedro Goyena,Prócer,procer
16232,"ESCALADA DE SAN MARTIN, R.",R. ESCALADA DE SAN MARTIN,Velez Sarsfield,Velez Sarsfield,Velez Sarsfield,10.0,CALLE,129.5148252654046,"LINESTRING (-58.49260247248804 -34.62601953003419, -58.49385608866008 -34.626557186196095)",Q134160,José de San Martín,Prócer,procer
16246,"MARMOL, JOSE",JOSE MARMOL,Boedo,Boedo,Boedo,5.0,CALLE,94.27266925660375,"LINESTRING (-58.42433626665333 -34.625779781643026, -58.42419063735401 -34.62640516455667, -58.424140531729456 -34.62661402403857)",Q1709528,José Mármol,Prócer,procer
16248,"GONZALEZ, JOAQUIN V.",JOAQUIN V. GONZALEZ,Floresta,Floresta,Floresta,10.0,CALLE,117.9135707375355,"LINESTRING (-58.481885460619125 -34.626623189759556, -58.48233828384327 -34.62562839044935)",Q584197,Joaquín Víctor González,Liberalismo,politico
16251,"GOYENA, PEDRO AV.",PEDRO GOYENA,Caballito,Caballito,Caballito,6.0,AVENIDA,73.96047576924666,"LINESTRING (-58.4414843346624 -34.626554132920546, -58.44228196072974 -34.626652795191205)",Q578020,Pedro Goyena,Prócer,procer
16271,"ESCALADA DE SAN MARTIN, R.",R. ESCALADA DE SAN MARTIN,Velez Sarsfield,Velez Sarsfield,Velez Sarsfield,10.0,CALLE,36.82255356859802,"LINESTRING (-58.49385608866008 -34.626557186196095, -58.49421250271158 -34.626710055837854)",Q134160,José de San Martín,Prócer,procer
16277,"MORENO, JOSE MARIA AV.",JOSE MARIA MORENO,Caballito,Caballito,Caballito,6.0,AVENIDA,101.1122229909937,"LINESTRING (-58.434308100496025 -34.62586727858894, -58.43410980237936 -34.62676386102657)",Q5943212,José María Moreno,Prócer,procer
16287,"GOYENA, PEDRO AV.",PEDRO GOYENA,Caballito,Caballito,Caballito,6.0,AVENIDA,89.2645423309776,"LINESTRING (-58.44228196072974 -34.626652795191205, -58.44292999602495 -34.62673297644602, -58.44324323593349 -34.62677894435739)",Q578020,Pedro Goyena,Prócer,procer
16288,"MITRE, EMILIO",EMILIO MITRE,Caballito,Caballito,Caballito,6.0,CALLE,86.97422530638305,"LINESTRING (-58.443284997724916 -34.62599570302486, -58.44324323593349 -34.62677894435739)",Q5831227,Emilio Mitre,UCR,politico
16313,"GONZALEZ, ELPIDIO",ELPIDIO GONZALEZ,Monte Castro,Monte Castro,Monte Castro,10.0,CALLE,185.1422378992724,"LINESTRING (-58.50696770643847 -34.625584524223555, -58.507070752962086 -34.62568131936277, -58.508164559144745 -34.626705369976555, -58.50831107148346 -34.6268301061087)",Q5367308,Elpidio González,UCR,politico
16335,"ALBERDI, JUAN BAUTISTA AV.",JUAN BAUTISTA ALBERDI,Caballito,Caballito,Caballito,6.0,AVENIDA,99.02228980240555,"LINESTRING (-58.45005285583555 -34.62646768739856, -58.45097328341427 -34.62693440880296)",Q722738,Juan Bautista Alberdi,Prócer,procer
16345,"GOYENA, PEDRO AV.",PEDRO GOYENA,Caballito,Caballito,Caballito,6.0,AVENIDA,105.5927863355311,"LINESTRING (-58.44324323593349 -34.62677894435739, -58.443554857605 -34.62682462950886, -58.44437011204961 -34.626973704068085)",Q578020,Pedro Goyena,Prócer,procer
16346,"MARTINEZ, VICTOR",VICTOR MARTINEZ,Caballito,Caballito,Caballito,6.0,CALLE,112.387149118115,"LINESTRING (-58.44451916943378 -34.62596829334611, -58.44441984087411 -34.62670110311382, -58.44437011204961 -34.626973704068085)",Q946295,Víctor Martínez,UCR,politico
16354,DEAN FUNES,DEAN FUNES,San Cristobal,San Cristobal,San Cristobal,3.0,CALLE,137.2915511859922,"LINESTRING (-58.40560388072357 -34.625764894762916, -58.405435541556706 -34.626994617306835)",Q5438893,Gregorio Funes,Prócer,procer
16357,"JUSTO, JUAN B. AV.",JUAN B. JUSTO,Floresta,Floresta,Floresta,10.0,AVENIDA,135.2086585412719,"LINESTRING (-58.48975476668054 -34.62650159471686, -58.49109466185922 -34.627010175647655)",Q6298935,Juan B. Justo,PS,politico
16372,"LAMARCA, EMILIO",EMILIO LAMARCA,Floresta,Floresta,Floresta,10.0,CALLE,118.0054994875898,"LINESTRING (-58.47929613784552 -34.62706377296237, -58.47975385039777 -34.626069616482)",Q5831159,Emilio Lamarca,Prócer,procer
16377,"GOYENA, PEDRO AV.",PEDRO GOYENA,Caballito,Caballito,Caballito,6.0,AVENIDA,54.83769107550832,"LINESTRING (-58.44437011204961 -34.626973704068085, -58.44495399619182 -34.62708041418358)",Q578020,Pedro Goyena,Prócer,procer
16378,"TERRY, JOSE A.",JOSE A. TERRY,Caballito,Caballito,Caballito,6.0,CALLE,168.5239026894779,"LINESTRING (-58.44532856684553 -34.625593199780276, -58.44495399619182 -34.62708041418358)",Q5937277,José A. Terry,Prócer,procer
16394,"ESCALADA DE SAN MARTIN, R.",R. ESCALADA DE SAN MARTIN,Velez Sarsfield,Velez Sarsfield,Velez Sarsfield,10.0,CALLE,105.6554215684649,"LINESTRING (-58.49421250271158 -34.626710055837854, -58.49507802425943 -34.627081245980406, -58.49523540022677 -34.627148318294786)",Q134160,José de San Martín,Prócer,procer
16408,"GOYENA, PEDRO AV.",PEDRO GOYENA,Caballito,Caballito,Caballito,6.0,AVENIDA,51.63796087597029,"LINESTRING (-58.44495399619182 -34.62708041418358, -58.445503806170244 -34.62718091928437)",Q578020,Pedro Goyena,Prócer,procer
16415,"MARTINEZ, VICTOR",VICTOR MARTINEZ,Caballito,Caballito,Caballito,6.0,CALLE,141.1218419008453,"LINESTRING (-58.44437011204961 -34.626973704068085, -58.44432976580885 -34.62719475658427, -58.44408289648417 -34.628223250342565)",Q946295,Víctor Martínez,UCR,politico
16449,"MARMOL, JOSE",JOSE MARMOL,Boedo,Boedo,Boedo,5.0,CALLE,76.4952002902811,"LINESTRING (-58.424140531729456 -34.62661402403857, -58.42408428003015 -34.62684837475608, -58.423982181466165 -34.627291022816316)",Q1709528,José Mármol,Prócer,procer
16498,"GOYENA, PEDRO AV.",PEDRO GOYENA,Caballito,Caballito,Caballito,6.0,AVENIDA,143.944558045482,"LINESTRING (-58.445503806170244 -34.62718091928437, -58.44665684396372 -34.62739164776407, -58.447032953717155 -34.62747303742645)",Q578020,Pedro Goyena,Prócer,procer
16503,"MITRE, EMILIO",EMILIO MITRE,Caballito,Caballito,Caballito,6.0,CALLE,79.1938774495041,"LINESTRING (-58.44324323593349 -34.62677894435739, -58.44320506834633 -34.627492114973805)",Q5831227,Emilio Mitre,UCR,politico
16510,"IRIGOYEN, BERNARDO DE",BERNARDO DE IRIGOYEN,Constitucion,Constitucion,Constitucion,1.0,CALLE,162.8213525176656,"LINESTRING (-58.379012811518734 -34.62608322533727, -58.37860944185572 -34.6271622533435, -58.37849716802108 -34.62748760134107)",Q360911,Bernardo de Irigoyen,Prócer,procer
16515,"JUSTO, JUAN B. AV.",JUAN B. JUSTO,Velez Sarsfield,Velez Sarsfield,Velez Sarsfield,10.0,AVENIDA,95.20280988830132,"LINESTRING (-58.49109466185922 -34.627010175647655, -58.49189795597915 -34.62755379876211)",Q6298935,Juan B. Justo,PS,politico
16531,"GONZALEZ, JOAQUIN V.",JOAQUIN V. GONZALEZ,Floresta,Floresta,Floresta,10.0,CALLE,117.4435683889207,"LINESTRING (-58.4814344999766 -34.62761404324514, -58.481885460619125 -34.626623189759556)",Q584197,Joaquín Víctor González,Liberalismo,politico
16555,"GONZALEZ, ELPIDIO",ELPIDIO GONZALEZ,Villa Luro,Villa Luro,Villa Luro,10.0,CALLE,127.1725250717021,"LINESTRING (-58.50831107148346 -34.6268301061087, -58.50916066420956 -34.62755345954063, -58.50927394150482 -34.627655037722654)",Q5367308,Elpidio González,UCR,politico
16573,"ESCALADA DE SAN MARTIN, R.",R. ESCALADA DE SAN MARTIN,Velez Sarsfield,Velez Sarsfield,Velez Sarsfield,10.0,CALLE,133.827153277643,"LINESTRING (-58.49523540022677 -34.627148318294786, -58.49642735891427 -34.62765645668358, -58.49653131284522 -34.62770297821115)",Q134160,José de San Martín,Prócer,procer
16585,"GOYENA, PEDRO AV.",PEDRO GOYENA,Caballito,Caballito,Caballito,6.0,AVENIDA,130.4824311999798,"LINESTRING (-58.447032953717155 -34.62747303742645, -58.44840944501223 -34.62777089255695)",Q578020,Pedro Goyena,Prócer,procer
16625,"ESCALADA DE SAN MARTIN, R.",R. ESCALADA DE SAN MARTIN,Velez Sarsfield,Velez Sarsfield,Velez Sarsfield,10.0,CALLE,43.64262073059773,"LINESTRING (-58.49653131284522 -34.62770297821115, -58.49695011180239 -34.627889837264874)",Q134160,José de San Martín,Prócer,procer
16631,"ALBERDI, JUAN BAUTISTA AV.",JUAN BAUTISTA ALBERDI,Caballito,Caballito,Caballito,6.0,AVENIDA,205.7504273047273,"LINESTRING (-58.45097328341427 -34.62693440880296, -58.45287115674188 -34.62792361081781)",Q722738,Juan Bautista Alberdi,Prócer,procer
16636,"MARMOL, JOSE",JOSE MARMOL,Boedo,Boedo,Boedo,5.0,CALLE,72.04364427596167,"LINESTRING (-58.423982181466165 -34.627291022816316, -58.423835007446165 -34.627928939997076)",Q1709528,José Mármol,Prócer,procer
16637,"GOYENA, PEDRO AV.",PEDRO GOYENA,Caballito,Caballito,Caballito,6.0,AVENIDA,85.12599402700553,"LINESTRING (-58.44840944501223 -34.62777089255695, -58.44868528966865 -34.62783057446019, -58.44931314362042 -34.62794579017611)",Q578020,Pedro Goyena,Prócer,procer
16646,DEAN FUNES,DEAN FUNES,San Cristobal,San Cristobal,San Cristobal,3.0,CALLE,107.0073949682915,"LINESTRING (-58.405435541556706 -34.626994617306835, -58.40530436012296 -34.627953086521224)",Q5438893,Gregorio Funes,Prócer,procer
16659,"MORENO, JOSE MARIA AV.",JOSE MARIA MORENO,Caballito,Caballito,Caballito,6.0,AVENIDA,141.7531416961378,"LINESTRING (-58.43410980237936 -34.62676386102657, -58.43381970558299 -34.62801894589555)",Q5943212,José María Moreno,Prócer,procer
16675,"MITRE, EMILIO",EMILIO MITRE,Caballito,Caballito,Caballito,6.0,CALLE,65.71985146061434,"LINESTRING (-58.44320506834633 -34.627492114973805, -58.4431734041094 -34.62808394721815)",Q5831227,Emilio Mitre,UCR,politico
16686,"GOYENA, PEDRO AV.",PEDRO GOYENA,Caballito,Caballito,Caballito,6.0,AVENIDA,101.7022601962555,"LINESTRING (-58.44931314362042 -34.62794579017611, -58.45039583371225 -34.62814443281584)",Q578020,Pedro Goyena,Prócer,procer
16725,"LAMARCA, EMILIO",EMILIO LAMARCA,Floresta,Floresta,Floresta,10.0,CALLE,142.9641214639455,"LINESTRING (-58.478741247699 -34.62826808303881, -58.4788516991406 -34.62802898189417, -58.47929613784552 -34.62706377296237)",Q5831159,Emilio Lamarca,Prócer,procer
16752,"JUSTO, JUAN B. AV.",JUAN B. JUSTO,Velez Sarsfield,Velez Sarsfield,Velez Sarsfield,10.0,AVENIDA,136.0814776218912,"LINESTRING (-58.49189795597915 -34.62755379876211, -58.49283351242032 -34.6281868925972, -58.4930456105718 -34.62833142009092)",Q6298935,Juan B. Justo,PS,politico
16756,"GOYENA, PEDRO AV.",PEDRO GOYENA,Caballito,Caballito,Caballito,6.0,AVENIDA,104.5300652286954,"LINESTRING (-58.45039583371225 -34.62814443281584, -58.451184277970455 -34.62828909271862, -58.45150877200317 -34.628348068821595)",Q578020,Pedro Goyena,Prócer,procer
16786,"GONZALEZ, ELPIDIO",ELPIDIO GONZALEZ,Villa Luro,Villa Luro,Villa Luro,10.0,CALLE,120.9415844813913,"LINESTRING (-58.50927394150482 -34.627655037722654, -58.51006799833423 -34.62836699707547, -58.510167555035174 -34.62845681898337)",Q5367308,Elpidio González,UCR,politico
16797,"ESCALADA DE SAN MARTIN, R.",R. ESCALADA DE SAN MARTIN,Velez Sarsfield,Velez Sarsfield,Velez Sarsfield,10.0,CALLE,94.73971204299048,"LINESTRING (-58.49695011180239 -34.627889837264874, -58.497570614127305 -34.6284025573932, -58.49768336204152 -34.62849139986208)",Q134160,José de San Martín,Prócer,procer
16809,"GOYENA, PEDRO AV.",PEDRO GOYENA,Caballito,Caballito,Caballito,6.0,AVENIDA,99.58493111768969,"LINESTRING (-58.45150877200317 -34.628348068821595, -58.45256940811326 -34.62854077446508)",Q578020,Pedro Goyena,Prócer,procer
16823,"ALBERDI, JUAN BAUTISTA AV.",JUAN BAUTISTA ALBERDI,Flores,Flores,Flores,7.0,AVENIDA,127.9159943930952,"LINESTRING (-58.45287115674188 -34.62792361081781, -58.453715959764125 -34.628428756050084, -58.453997846332705 -34.62860335723118)",Q722738,Juan Bautista Alberdi,Prócer,procer
16837,"IRIGOYEN, BERNARDO DE",BERNARDO DE IRIGOYEN,Constitucion,Constitucion,Constitucion,1.0,CALLE,134.6880764058856,"LINESTRING (-58.37849716802108 -34.62748760134107, -58.37808379251031 -34.628340772958005, -58.37793562149018 -34.62860919328621)",Q360911,Bernardo de Irigoyen,Prócer,procer
16862,"JUSTO, JUAN B. AV.",JUAN B. JUSTO,Velez Sarsfield,Velez Sarsfield,Velez Sarsfield,10.0,AVENIDA,74.22841096211812,"LINESTRING (-58.4930456105718 -34.62833142009092, -58.493670320095596 -34.628756904543735)",Q6298935,Juan B. Justo,PS,politico
16867,"GONZALEZ, JOAQUIN V.",JOAQUIN V. GONZALEZ,Floresta,Floresta,Floresta,10.0,CALLE,140.9553642532063,"LINESTRING (-58.480891986949935 -34.628802868026625, -58.48128795246201 -34.627935899455814, -58.4814344999766 -34.62761404324514)",Q584197,Joaquín Víctor González,Liberalismo,politico
16891,DEAN FUNES,DEAN FUNES,San Cristobal,San Cristobal,San Cristobal,3.0,CALLE,101.1105116632705,"LINESTRING (-58.40530436012296 -34.627953086521224, -58.40518045399284 -34.62885874144673)",Q5438893,Gregorio Funes,Prócer,procer
16893,"GONZALEZ, ELPIDIO",ELPIDIO GONZALEZ,Villa Luro,Villa Luro,Villa Luro,10.0,CALLE,64.12714202122596,"LINESTRING (-58.510167555035174 -34.62845681898337, -58.51064002604452 -34.62888297911816)",Q5367308,Elpidio González,UCR,politico
16894,"GOYENA, PEDRO AV.",PEDRO GOYENA,Flores,Flores,Flores,7.0,AVENIDA,148.0837398352325,"LINESTRING (-58.45256940811326 -34.62854077446508, -58.452845855840046 -34.628591010283536, -58.45400122491608 -34.628864839188296, -58.45412347457309 -34.62890104602022)",Q578020,Pedro Goyena,Prócer,procer
16901,"ESCALADA DE SAN MARTIN, R.",R. ESCALADA DE SAN MARTIN,Velez Sarsfield,Velez Sarsfield,Velez Sarsfield,10.0,CALLE,67.06918837905657,"LINESTRING (-58.49768336204152 -34.62849139986208, -58.497803013115245 -34.6285855924432, -58.4982025409072 -34.62891717247956)",Q134160,José de San Martín,Prócer,procer
16934,"MARMOL, JOSE",JOSE MARMOL,Boedo,Boedo,Boedo,5.0,CALLE,124.1962831727234,"LINESTRING (-58.423835007446165 -34.627928939997076, -58.42378515211877 -34.628145123383796, -58.42358588931088 -34.6290293639511)",Q1709528,José Mármol,Prócer,procer
16950,"ALBERDI, JUAN BAUTISTA AV.",JUAN BAUTISTA ALBERDI,Flores,Flores,Flores,7.0,AVENIDA,66.17156784046286,"LINESTRING (-58.45412347457309 -34.62890104602022, -58.45480287793834 -34.629102012897505)",Q722738,Juan Bautista Alberdi,Prócer,procer
16951,"ALBERDI, JUAN BAUTISTA AV.",JUAN BAUTISTA ALBERDI,Flores,Flores,Flores,7.0,AVENIDA,92.25001190128962,"LINESTRING (-58.453997846332705 -34.62860335723118, -58.45480287793834 -34.629102012897505)",Q722738,Juan Bautista Alberdi,Prócer,procer
16985,"JUSTO, JUAN B. AV.",JUAN B. JUSTO,Velez Sarsfield,Velez Sarsfield,Velez Sarsfield,10.0,AVENIDA,76.40301828506952,"LINESTRING (-58.493670320095596 -34.628756904543735, -58.49431327228213 -34.62919491647362)",Q6298935,Juan B. Justo,PS,politico
17013,"ALBERDI, JUAN BAUTISTA AV.",JUAN BAUTISTA ALBERDI,Flores,Flores,Flores,7.0,AVENIDA,64.45478311794778,"LINESTRING (-58.45480287793834 -34.629102012897505, -58.455462178609736 -34.62930339723373)",Q722738,Juan Bautista Alberdi,Prócer,procer
17016,"GONZALEZ, ELPIDIO",ELPIDIO GONZALEZ,Villa Luro,Villa Luro,Villa Luro,10.0,CALLE,63.3088833358173,"LINESTRING (-58.51064002604452 -34.62888297911816, -58.51110644995883 -34.629303717168376)",Q5367308,Elpidio González,UCR,politico
17025,"LAMARCA, EMILIO",EMILIO LAMARCA,Floresta,Floresta,Floresta,10.0,CALLE,125.9532076052762,"LINESTRING (-58.47825140458631 -34.62932878931351, -58.478741247699 -34.62826808303881)",Q5831159,Emilio Lamarca,Prócer,procer
17033,"MORENO, JOSE MARIA AV.",JOSE MARIA MORENO,Parque Chacabuco,Parque Chacabuco,Parque Chacabuco,7.0,AVENIDA,149.627199880569,"LINESTRING (-58.43381970558299 -34.62801894589555, -58.43351347334291 -34.62934374492694)",Q5943212,José María Moreno,Prócer,procer
17037,"MITRE, EMILIO",EMILIO MITRE,Caballito,Caballito,Caballito,6.0,CALLE,142.3742051838451,"LINESTRING (-58.4431734041094 -34.62808394721815, -58.44292620398638 -34.62935096210798)",Q5831227,Emilio Mitre,UCR,politico
17067,"ALBERDI, JUAN BAUTISTA AV.",JUAN BAUTISTA ALBERDI,Flores,Flores,Flores,7.0,AVENIDA,56.94818918791914,"LINESTRING (-58.455462178609736 -34.62930339723373, -58.45604216763835 -34.629486885791216)",Q722738,Juan Bautista Alberdi,Prócer,procer
17081,"JUSTO, JUAN B. AV.",JUAN B. JUSTO,Velez Sarsfield,Velez Sarsfield,Velez Sarsfield,10.0,AVENIDA,30.47171941782602,"LINESTRING (-58.49431327228213 -34.62919491647362, -58.494577591996446 -34.62936137786916)",Q6298935,Juan B. Justo,PS,politico
17110,"ESCALADA DE SAN MARTIN, R.",R. ESCALADA DE SAN MARTIN,Velez Sarsfield,Velez Sarsfield,Velez Sarsfield,10.0,CALLE,110.446419215452,"LINESTRING (-58.4982025409072 -34.62891717247956, -58.498906835641 -34.62950155261535, -58.49904797171336 -34.629626160542465)",Q134160,José de San Martín,Prócer,procer
17112,"ALBERDI, JUAN BAUTISTA AV.",JUAN BAUTISTA ALBERDI,Flores,Flores,Flores,7.0,AVENIDA,49.16113318610685,"LINESTRING (-58.45604216763835 -34.629486885791216, -58.456542844708956 -34.62964529652774)",Q722738,Juan Bautista Alberdi,Prócer,procer
17159,"ECHAGUE, PEDRO",PEDRO ECHAGUE,Constitucion,Constitucion,Constitucion,1.0,CALLE,136.2977666108022,"LINESTRING (-58.38272015079641 -34.62971252975494, -58.38403460248023 -34.629825434452044, -58.38419902035733 -34.62983462579022)",Q6068645,Pedro Echagüe,Prócer,procer
17162,"GONZALEZ, JOAQUIN V.",JOAQUIN V. GONZALEZ,Floresta,Floresta,Floresta,10.0,CALLE,125.6348769627018,"LINESTRING (-58.48040813149043 -34.629862384805904, -58.480891986949935 -34.628802868026625)",Q584197,Joaquín Víctor González,Liberalismo,politico
17171,"MARMOL, JOSE",JOSE MARMOL,Boedo,Boedo,Boedo,5.0,CALLE,101.2925827224994,"LINESTRING (-58.42358588931088 -34.6290293639511, -58.42338354882902 -34.62992698347784)",Q1709528,José Mármol,Prócer,procer
17180,"ECHAGUE, PEDRO",PEDRO ECHAGUE,Constitucion,Constitucion,Constitucion,1.0,CALLE,128.5804968840889,"LINESTRING (-58.38419902035733 -34.62983462579022, -58.384372468484536 -34.629844315713264, -58.385417562850705 -34.62992963626368, -58.38559458314997 -34.62994615778598)",Q6068645,Pedro Echagüe,Prócer,procer
17189,"ALBERDI, JUAN BAUTISTA AV.",JUAN BAUTISTA ALBERDI,Flores,Flores,Flores,7.0,AVENIDA,104.0547112459221,"LINESTRING (-58.456542844708956 -34.62964529652774, -58.457602562073994 -34.629980635886504)",Q722738,Juan Bautista Alberdi,Prócer,procer
17211,"ECHAGUE, PEDRO",PEDRO ECHAGUE,Constitucion,Constitucion,Constitucion,1.0,CALLE,117.5870571814807,"LINESTRING (-58.38559458314997 -34.62994615778598, -58.38583063870214 -34.62996820957525, -58.3868716583237 -34.63004090931554)",Q6068645,Pedro Echagüe,Prócer,procer
17224,"JUSTO, JUAN B. AV.",JUAN B. JUSTO,Velez Sarsfield,Velez Sarsfield,Velez Sarsfield,10.0,AVENIDA,100.3061256674221,"LINESTRING (-58.494852422579854 -34.62953445740746, -58.49551550227237 -34.6299861625677, -58.495698208322274 -34.63010780559802)",Q6298935,Juan B. Justo,PS,politico
17226,"MITRE, EMILIO",EMILIO MITRE,Parque Chacabuco,Parque Chacabuco,Parque Chacabuco,7.0,CALLE,86.06796576246708,"LINESTRING (-58.44292620398638 -34.62935096210798, -58.44281523625056 -34.629877709693076, -58.442758863899215 -34.6301143224349)",Q5831227,Emilio Mitre,UCR,politico
17233,"ECHAGUE, PEDRO",PEDRO ECHAGUE,Constitucion,Constitucion,Constitucion,1.0,CALLE,98.75081615325786,"LINESTRING (-58.3868716583237 -34.63004090931554, -58.38794471120346 -34.63011587351005)",Q6068645,Pedro Echagüe,Prócer,procer
17243,"PERON, EVA AV.",EVA PERON,Parque Chacabuco,Parque Chacabuco,Parque Chacabuco,7.0,AVENIDA,192.8376594717818,"LINESTRING (-58.43943127811351 -34.62900060621171, -58.441004764173634 -34.63015380357087)",Q40933,Eva Perón,PJ,politico
17253,"GONZALEZ, ELPIDIO",ELPIDIO GONZALEZ,Villa Luro,Villa Luro,Villa Luro,10.0,CALLE,132.9714042419944,"LINESTRING (-58.51110644995883 -34.629303717168376, -58.51208610895553 -34.63018742307253)",Q5367308,Elpidio González,UCR,politico
17262,"ECHAGUE, PEDRO",PEDRO ECHAGUE,Constitucion,Constitucion,Constitucion,1.0,CALLE,55.63780246001145,"LINESTRING (-58.38135700316967 -34.63017366858437, -58.381963321369994 -34.630192173187055)",Q6068645,Pedro Echagüe,Prócer,procer
17263,"ECHAGUE, PEDRO",PEDRO ECHAGUE,Constitucion,Constitucion,Constitucion,1.0,CALLE,112.3683281476898,"LINESTRING (-58.38794471120346 -34.63011587351005, -58.38916574146353 -34.6302011296668)",Q6068645,Pedro Echagüe,Prócer,procer
17267,"ECHAGUE, PEDRO",PEDRO ECHAGUE,Constitucion,Constitucion,Constitucion,1.0,CALLE,32.36681222375228,"LINESTRING (-58.381963321369994 -34.630192173187055, -58.38231604213647 -34.63020293108156)",Q6068645,Pedro Echagüe,Prócer,procer
17282,"LAMARCA, EMILIO",EMILIO LAMARCA,Floresta,Floresta,Floresta,10.0,CALLE,114.959164916687,"LINESTRING (-58.477802000745825 -34.63029617779342, -58.4781899178293 -34.629461896849634, -58.47825140458631 -34.62932878931351)",Q5831159,Emilio Lamarca,Prócer,procer
17293,"ALBERDI, JUAN BAUTISTA AV.",JUAN BAUTISTA ALBERDI,Flores,Flores,Flores,7.0,AVENIDA,113.8498073024425,"LINESTRING (-58.457602562073994 -34.629980635886504, -58.45876205036803 -34.63034751940154)",Q722738,Juan Bautista Alberdi,Prócer,procer
17301,"ABDALA, GERMAN",GERMAN ABDALA,La Boca,La Boca,La Boca,4.0,CALLE,115.3271594247851,"LINESTRING (-58.3674720045323 -34.62932638806364, -58.367166317704346 -34.630334790182026)",Q5878579,Germán Abdala,PJ,politico
17306,DEAN FUNES,DEAN FUNES,Parque Patricios,Parque Patricios,Parque Patricios,4.0,CALLE,132.0518422597549,"LINESTRING (-58.40555219422042 -34.62929554234576, -58.40500478863937 -34.63019141808786, -58.40497092204214 -34.630375981276465)",Q5438893,Gregorio Funes,Prócer,procer
17317,"JUSTO, JUAN B. AV.",JUAN B. JUSTO,Velez Sarsfield,Velez Sarsfield,Velez Sarsfield,10.0,AVENIDA,57.48616912721061,"LINESTRING (-58.495698208322274 -34.63010780559802, -58.496031068780276 -34.63032947962421, -58.49620208997197 -34.630414293655775)",Q6298935,Juan B. Justo,PS,politico
17322,"MORENO, JOSE MARIA AV.",JOSE MARIA MORENO,Parque Chacabuco,Parque Chacabuco,Parque Chacabuco,7.0,AVENIDA,121.7745384066584,"LINESTRING (-58.43351347334291 -34.62934374492694, -58.43326423116839 -34.63042193464524)",Q5943212,José María Moreno,Prócer,procer
17355,"ECHAGUE, PEDRO",PEDRO ECHAGUE,Constitucion,Constitucion,Constitucion,1.0,CALLE,152.6886501225355,"LINESTRING (-58.38916574146353 -34.6302011296668, -58.389373577810616 -34.63024703092944, -58.390540310134604 -34.63046618543962, -58.39078622619507 -34.63051696620837)",Q6068645,Pedro Echagüe,Prócer,procer
17396,"ECHAGUE, PEDRO",PEDRO ECHAGUE,Parque Patricios,Parque Patricios,Parque Patricios,4.0,CALLE,67.42695665820766,"LINESTRING (-58.39078622619507 -34.63051696620837, -58.39106238165006 -34.630574032063784, -58.39149978538227 -34.63066365744134)",Q6068645,Pedro Echagüe,Prócer,procer
17402,DEAN FUNES,DEAN FUNES,Parque Patricios,Parque Patricios,Parque Patricios,4.0,CALLE,33.73517917536585,"LINESTRING (-58.40497092204214 -34.630375981276465, -58.404933805373474 -34.63057835998011, -58.40491908256671 -34.63067701592363)",Q5438893,Gregorio Funes,Prócer,procer
17407,"ALBERDI, JUAN BAUTISTA AV.",JUAN BAUTISTA ALBERDI,Flores,Flores,Flores,7.0,AVENIDA,129.8312144390952,"LINESTRING (-58.45876205036803 -34.63034751940154, -58.45994506268858 -34.63072178696559, -58.46008520860764 -34.63076390385736)",Q722738,Juan Bautista Alberdi,Prócer,procer
17412,"ESCALADA DE SAN MARTIN, R.",R. ESCALADA DE SAN MARTIN,Velez Sarsfield,Velez Sarsfield,Velez Sarsfield,10.0,CALLE,167.6242481069555,"LINESTRING (-58.49904797171336 -34.629626160542465, -58.49946481979507 -34.62999392887118, -58.50029546043766 -34.63073058888331)",Q134160,José de San Martín,Prócer,procer
17444,"GONZALEZ, JOAQUIN V.",JOAQUIN V. GONZALEZ,Floresta,Floresta,Floresta,10.0,CALLE,117.7242726269595,"LINESTRING (-58.47995636949918 -34.6308556972297, -58.480023474562294 -34.630708432985976, -58.48035550443873 -34.629977604665164, -58.48040813149043 -34.629862384805904)",Q584197,Joaquín Víctor González,Liberalismo,politico
17451,"JUSTO, JUAN B. AV.",JUAN B. JUSTO,Velez Sarsfield,Velez Sarsfield,Velez Sarsfield,10.0,AVENIDA,124.9871495631797,"LINESTRING (-58.49620208997197 -34.630414293655775, -58.49640233944466 -34.63051360671143, -58.497443070254846 -34.63087635177914)",Q6298935,Juan B. Justo,PS,politico
17469,"RODRIGUEZ, MARTIN",MARTIN RODRIGUEZ,La Boca,La Boca,La Boca,4.0,CALLE,23.95937851026801,"LINESTRING (-58.3652193781999 -34.63073824419193, -58.3650146642202 -34.630872446937964)",Q280554,Martín Rodríguez,Prócer,procer
17484,"PERON, EVA AV.",EVA PERON,Parque Chacabuco,Parque Chacabuco,Parque Chacabuco,7.0,AVENIDA,140.8647515604845,"LINESTRING (-58.441004764173634 -34.63015380357087, -58.44215417840956 -34.63099620018418)",Q40933,Eva Perón,PJ,politico
17485,"MITRE, EMILIO",EMILIO MITRE,Parque Chacabuco,Parque Chacabuco,Parque Chacabuco,7.0,CALLE,112.4601459615698,"LINESTRING (-58.442758863899215 -34.6301143224349, -58.442452727414754 -34.63057174009832, -58.44215417840956 -34.63099620018418)",Q5831227,Emilio Mitre,UCR,politico
17499,"GONZALEZ, ELPIDIO",ELPIDIO GONZALEZ,Villa Luro,Villa Luro,Villa Luro,10.0,CALLE,127.4116977752016,"LINESTRING (-58.51208610895553 -34.63018742307253, -58.512200246137866 -34.63029033618792, -58.513021380901534 -34.63103677252161)",Q5367308,Elpidio González,UCR,politico
17516,"LAMARCA, EMILIO",EMILIO LAMARCA,Floresta,Floresta,Floresta,10.0,CALLE,94.38513532078017,"LINESTRING (-58.47743264192616 -34.63109031397784, -58.477802000745825 -34.63029617779342)",Q5831159,Emilio Lamarca,Prócer,procer
17522,"MARMOL, JOSE",JOSE MARMOL,Boedo,Boedo,Boedo,5.0,CALLE,131.8814716117844,"LINESTRING (-58.42338354882902 -34.62992698347784, -58.42317915483013 -34.63083382730685, -58.42311811346263 -34.63109535921769)",Q1709528,José Mármol,Prócer,procer
17541,"PERON, EVA AV.",EVA PERON,Parque Chacabuco,Parque Chacabuco,Parque Chacabuco,7.0,AVENIDA,32.86853593913506,"LINESTRING (-58.44242241249454 -34.63119272730888, -58.44235316044305 -34.63114201068339, -58.44215417840956 -34.63099620018418)",Q40933,Eva Perón,PJ,politico
17545,"MITRE, EMILIO",EMILIO MITRE,Parque Chacabuco,Parque Chacabuco,Parque Chacabuco,7.0,CALLE,124.6904740672904,"LINESTRING (-58.442758863899215 -34.6301143224349, -58.44277672017263 -34.63025552411362, -58.442679272173 -34.63053614443198, -58.44242241249454 -34.63119272730888)",Q5831227,Emilio Mitre,UCR,politico
17559,"ALBERDI, JUAN BAUTISTA AV.",JUAN BAUTISTA ALBERDI,Flores,Flores,Flores,7.0,AVENIDA,161.227306177281,"LINESTRING (-58.46008520860764 -34.63076390385736, -58.46173740761032 -34.631260913232175)",Q722738,Juan Bautista Alberdi,Prócer,procer
17561,"VALLE, ARISTOBULO DEL",ARISTOBULO DEL VALLE,La Boca,La Boca,La Boca,4.0,CALLE,51.06564836971612,"LINESTRING (-58.35424007885537 -34.63033198272546, -58.35473861458842 -34.63053709073229)",Q545374,Aristóbulo del Valle,Prócer,procer
17563,"GONZALEZ, JOAQUIN V.",JOAQUIN V. GONZALEZ,Floresta,Floresta,Floresta,10.0,CALLE,49.108888418794,"LINESTRING (-58.479767571355474 -34.63126995253181, -58.47995636949918 -34.6308556972297)",Q584197,Joaquín Víctor González,Liberalismo,politico
17590,"RODRIGUEZ, MARTIN",MARTIN RODRIGUEZ,La Boca,La Boca,La Boca,4.0,CALLE,85.52032027600924,"LINESTRING (-58.3650146642202 -34.630872446937964, -58.364415354135346 -34.63126527628971, -58.364283793600244 -34.631351297168955)",Q280554,Martín Rodríguez,Prócer,procer
17616,"MORENO, JOSE MARIA AV.",JOSE MARIA MORENO,Parque Chacabuco,Parque Chacabuco,Parque Chacabuco,7.0,AVENIDA,118.2672828974927,"LINESTRING (-58.43326423116839 -34.63042193464524, -58.43302215035418 -34.63146906878047)",Q5943212,José María Moreno,Prócer,procer
17633,"JUSTO, JUAN B. AV.",JUAN B. JUSTO,Velez Sarsfield,Velez Sarsfield,Velez Sarsfield,10.0,AVENIDA,181.6329311766407,"LINESTRING (-58.497443070254846 -34.63087635177914, -58.498584953436335 -34.63127441119968, -58.499269950432605 -34.631509002265496)",Q6298935,Juan B. Justo,PS,politico
17654,"JUSTO, JUAN B. AV.",JUAN B. JUSTO,Velez Sarsfield,Velez Sarsfield,Velez Sarsfield,10.0,AVENIDA,20.70675085903851,"LINESTRING (-58.49947854341471 -34.63158049060287, -58.499269950432605 -34.631509002265496)",Q6298935,Juan B. Justo,PS,politico
17656,"GONZALEZ, ELPIDIO",ELPIDIO GONZALEZ,Versalles,Versalles,Versalles,10.0,CALLE,83.72104558147576,"LINESTRING (-58.513021380901534 -34.63103677252161, -58.513145750044075 -34.63114982151463, -58.51364109338635 -34.631590960625495)",Q5367308,Elpidio González,UCR,politico
17671,"GONZALEZ, JOAQUIN V.",JOAQUIN V. GONZALEZ,Floresta,Floresta,Floresta,10.0,CALLE,45.1185132313602,"LINESTRING (-58.47959410022387 -34.631650543147984, -58.479767571355474 -34.63126995253181)",Q584197,Joaquín Víctor González,Liberalismo,politico
17675,"MITRE, EMILIO",EMILIO MITRE,Parque Chacabuco,Parque Chacabuco,Parque Chacabuco,7.0,CALLE,86.05977518676484,"LINESTRING (-58.44215417840956 -34.63099620018418, -58.44200639424597 -34.631206317503946, -58.441657909107086 -34.63165442981744)",Q5831227,Emilio Mitre,UCR,politico
17677,DEAN FUNES,DEAN FUNES,Parque Patricios,Parque Patricios,Parque Patricios,4.0,CALLE,108.1333653622115,"LINESTRING (-58.40491908256671 -34.63067701592363, -58.40477476272233 -34.63164442144348)",Q5438893,Gregorio Funes,Prócer,procer
17685,"ALBERDI, JUAN BAUTISTA AV.",JUAN BAUTISTA ALBERDI,Flores,Flores,Flores,7.0,AVENIDA,133.5067886952451,"LINESTRING (-58.46173740761032 -34.631260913232175, -58.462971223689564 -34.63163198298285, -58.463105068088375 -34.63167353299528)",Q722738,Juan Bautista Alberdi,Prócer,procer
17701,"VALLE, ARISTOBULO DEL",ARISTOBULO DEL VALLE,La Boca,La Boca,La Boca,4.0,CALLE,115.4651260381603,"LINESTRING (-58.3564062478892 -34.63122316770727, -58.356574763170364 -34.63129240045796, -58.35753272261561 -34.631688238767765)",Q545374,Aristóbulo del Valle,Prócer,procer
17709,"GONZALEZ, JOAQUIN V.",JOAQUIN V. GONZALEZ,Floresta,Floresta,Floresta,10.0,CALLE,11.513942058768,"LINESTRING (-58.479549816708975 -34.631747662733076, -58.47959410022387 -34.631650543147984)",Q584197,Joaquín Víctor González,Liberalismo,politico
17716,"JUSTO, JUAN B. AV.",JUAN B. JUSTO,Velez Sarsfield,Velez Sarsfield,Velez Sarsfield,10.0,AVENIDA,50.48597930177563,"LINESTRING (-58.49947854341471 -34.63158049060287, -58.49997592387132 -34.6317756257499)",Q6298935,Juan B. Justo,PS,politico
17732,"ESCALADA DE SAN MARTIN, R.",R. ESCALADA DE SAN MARTIN,Velez Sarsfield,Velez Sarsfield,Velez Sarsfield,10.0,CALLE,167.0838833996693,"LINESTRING (-58.50029546043766 -34.63073058888331, -58.500416145771744 -34.630837666008425, -58.50153616580588 -34.63183359791453)",Q134160,José de San Martín,Prócer,procer
17758,"PERON, EVA AV.",EVA PERON,Parque Chacabuco,Parque Chacabuco,Parque Chacabuco,7.0,AVENIDA,128.3073516493278,"LINESTRING (-58.44242241249454 -34.63119272730888, -58.44346938076715 -34.63196002261829)",Q40933,Eva Perón,PJ,politico
17770,"JUSTO, JUAN B. AV.",JUAN B. JUSTO,,Villa Luro,Velez Sarsfield,,AVENIDA,108.7316664130861,"LINESTRING (-58.49997592387132 -34.6317756257499, -58.50055127647647 -34.63200263680663, -58.50104065750429 -34.63220685463878)",Q6298935,Juan B. Justo,PS,politico
17783,"RODRIGUEZ, MARTIN",MARTIN RODRIGUEZ,La Boca,La Boca,La Boca,4.0,CALLE,114.1986227340918,"LINESTRING (-58.364283793600244 -34.631351297168955, -58.36330667394772 -34.63198952036399)",Q280554,Martín Rodríguez,Prócer,procer
17788,"GONZALEZ, JOAQUIN V.",JOAQUIN V. GONZALEZ,Floresta,Floresta,Floresta,10.0,CALLE,37.46420247493255,"LINESTRING (-58.47940572424953 -34.632063671007685, -58.479549816708975 -34.631747662733076)",Q584197,Joaquín Víctor González,Liberalismo,politico
17799,"ALBERDI, JUAN BAUTISTA AV.",JUAN BAUTISTA ALBERDI,Flores,Flores,Flores,7.0,AVENIDA,131.0074512552495,"LINESTRING (-58.463105068088375 -34.63167353299528, -58.46430924769631 -34.632047476488296, -58.464443774965815 -34.63208585597655)",Q722738,Juan Bautista Alberdi,Prócer,procer
17806,"MARMOL, JOSE",JOSE MARMOL,Boedo,Boedo,Boedo,5.0,CALLE,114.7717386936769,"LINESTRING (-58.42311811346263 -34.63109535921769, -58.42306509699726 -34.631322104643466, -58.42286578111575 -34.63210866649925)",Q1709528,José Mármol,Prócer,procer
17807,"GONZALEZ, JOAQUIN V.",JOAQUIN V. GONZALEZ,Floresta,Floresta,Floresta,10.0,CALLE,6.107761331809086,"LINESTRING (-58.4793806008421 -34.632114660760436, -58.47940572424953 -34.632063671007685)",Q584197,Joaquín Víctor González,Liberalismo,politico
17849,"GONZALEZ, ELPIDIO",ELPIDIO GONZALEZ,Versalles,Versalles,Versalles,10.0,CALLE,102.5623012948642,"LINESTRING (-58.51364109338635 -34.631590960625495, -58.51374798797405 -34.63168612869824, -58.51439516425532 -34.632273752586336)",Q5367308,Elpidio González,UCR,politico
17869,"VALLE, ARISTOBULO DEL",ARISTOBULO DEL VALLE,La Boca,La Boca,La Boca,4.0,CALLE,149.0829390404398,"LINESTRING (-58.35753272261561 -34.631688238767765, -58.35779405554685 -34.631796212629645, -58.35898559913251 -34.632291326800384)",Q545374,Aristóbulo del Valle,Prócer,procer
17909,"ALBERDI, JUAN BAUTISTA AV.",JUAN BAUTISTA ALBERDI,Flores,Flores,Flores,7.0,AVENIDA,131.7533258333754,"LINESTRING (-58.464443774965815 -34.63208585597655, -58.464595086343984 -34.632129094343895, -58.46579152604316 -34.63249738939619)",Q722738,Juan Bautista Alberdi,Prócer,procer
17912,"MORENO, JOSE MARIA AV.",JOSE MARIA MORENO,Parque Chacabuco,Parque Chacabuco,Parque Chacabuco,7.0,AVENIDA,114.568698301583,"LINESTRING (-58.43302215035418 -34.63146906878047, -58.43291289367141 -34.632497854948454)",Q5943212,José María Moreno,Prócer,procer
17949,"LAMARCA, EMILIO",EMILIO LAMARCA,Floresta,Floresta,Floresta,10.0,CALLE,138.9967139237821,"LINESTRING (-58.47674832885628 -34.63258012499061, -58.47728820229449 -34.63140934802666)",Q5831159,Emilio Lamarca,Prócer,procer
17953,"MITRE, EMILIO",EMILIO MITRE,Parque Chacabuco,Parque Chacabuco,Parque Chacabuco,7.0,CALLE,123.3908418823641,"LINESTRING (-58.441657909107086 -34.63165442981744, -58.44093033093763 -34.63259008276622)",Q5831227,Emilio Mitre,UCR,politico
17974,"RODRIGUEZ, MARTIN",MARTIN RODRIGUEZ,La Boca,La Boca,La Boca,4.0,CALLE,112.3678408733196,"LINESTRING (-58.36330667394772 -34.63198952036399, -58.363085242597464 -34.63213412876844, -58.36235671558673 -34.63262930744322)",Q280554,Martín Rodríguez,Prócer,procer
17995,"JUSTO, JUAN B. AV.",JUAN B. JUSTO,Villa Luro,Villa Luro,Villa Luro,10.0,AVENIDA,141.2325868098676,"LINESTRING (-58.50104065750429 -34.63220685463878, -58.50117265360732 -34.632261955129394, -58.50240665079501 -34.63279495139055)",Q6298935,Juan B. Justo,PS,politico
18023,"PERON, EVA AV.",EVA PERON,Parque Chacabuco,Parque Chacabuco,Parque Chacabuco,7.0,AVENIDA,154.2967290244523,"LINESTRING (-58.44346938076715 -34.63196002261829, -58.44472847701967 -34.63288269501646)",Q40933,Eva Perón,PJ,politico
18033,"VALLE, ARISTOBULO DEL",ARISTOBULO DEL VALLE,La Boca,La Boca,La Boca,4.0,CALLE,138.6868177341271,"LINESTRING (-58.35898559913251 -34.632291326800384, -58.359210489282006 -34.632384829688434, -58.360050113048516 -34.63272850438068, -58.3603404922758 -34.632846849570925)",Q545374,Aristóbulo del Valle,Prócer,procer
18040,"ALBERDI, JUAN BAUTISTA AV.",JUAN BAUTISTA ALBERDI,Flores,Flores,Flores,7.0,AVENIDA,135.5806239381728,"LINESTRING (-58.46579152604316 -34.63249738939619, -58.4671771191788 -34.63292390684983)",Q722738,Juan Bautista Alberdi,Prócer,procer
18058,"GONZALEZ, ELPIDIO",ELPIDIO GONZALEZ,Versalles,Versalles,Versalles,10.0,CALLE,103.0051259306171,"LINESTRING (-58.51439516425532 -34.632273752586336, -58.515151379806596 -34.63296034174562)",Q5367308,Elpidio González,UCR,politico
18083,"JUSTO, JUAN B. AV.",JUAN B. JUSTO,,Liniers,Versalles,,AVENIDA,158.3058181617205,"LINESTRING (-58.51714544589297 -34.63308449075422, -58.51734256945447 -34.633010563244454, -58.51851206614413 -34.632999783198564, -58.51884784851219 -34.633045736309086)",Q6298935,Juan B. Justo,PS,politico
18110,"GONZALEZ, JOAQUIN V.",JOAQUIN V. GONZALEZ,Floresta,Floresta,Floresta,10.0,CALLE,117.6405213865979,"LINESTRING (-58.47893009230175 -34.633107546312935, -58.47934662221527 -34.63219346885898, -58.4793806008421 -34.632114660760436)",Q584197,Joaquín Víctor González,Liberalismo,politico
18128,"PERON, EVA AV.",EVA PERON,Parque Chacabuco,Parque Chacabuco,Parque Chacabuco,7.0,AVENIDA,44.89975338360011,"LINESTRING (-58.44472847701967 -34.63288269501646, -58.44509485617495 -34.63315120366554)",Q40933,Eva Perón,PJ,politico
18135,"GONZALEZ, ELPIDIO",ELPIDIO GONZALEZ,Versalles,Versalles,Versalles,10.0,CALLE,29.42260313185714,"LINESTRING (-58.515151379806596 -34.63296034174562, -58.515367309804546 -34.63315651931697)",Q5367308,Elpidio González,UCR,politico
18136,"JUSTO, JUAN B. AV.",JUAN B. JUSTO,,Liniers,Versalles,,AVENIDA,163.52493509226,"LINESTRING (-58.515367309804546 -34.63315651931697, -58.51593069129115 -34.633098671305774, -58.51681006307355 -34.63307296618106, -58.51714544589297 -34.63308449075422)",Q6298935,Juan B. Justo,PS,politico
18142,DEAN FUNES,DEAN FUNES,Parque Patricios,Parque Patricios,Parque Patricios,4.0,CALLE,169.7142601255705,"LINESTRING (-58.40477476272233 -34.63164442144348, -58.40456863459404 -34.633026096787376, -58.4045418716637 -34.63316200073668)",Q5438893,Gregorio Funes,Prócer,procer
18182,"ALBERDI, JUAN BAUTISTA AV.",JUAN BAUTISTA ALBERDI,Flores,Flores,Flores,7.0,AVENIDA,126.4418140697511,"LINESTRING (-58.4671771191788 -34.63292390684983, -58.46848468040803 -34.63328576333679)",Q722738,Juan Bautista Alberdi,Prócer,procer
18205,"ALCORTA, AMANCIO AV.",AMANCIO ALCORTA,Barracas,Barracas,Barracas,4.0,AVENIDA,33.15165464933287,"LINESTRING (-58.383373413203145 -34.63274637035319, -58.38352101149774 -34.63301916640436)",Q453619,Amancio Alcorta,Prócer,procer
18215,"MORENO, JOSE MARIA AV.",JOSE MARIA MORENO,Parque Chacabuco,Parque Chacabuco,Parque Chacabuco,7.0,AVENIDA,100.0303692165417,"LINESTRING (-58.43291289367141 -34.632497854948454, -58.4328107537439 -34.6333955849761)",Q5943212,José María Moreno,Prócer,procer
18223,"JUSTO, JUAN B. AV.",JUAN B. JUSTO,Villa Luro,Villa Luro,Villa Luro,10.0,AVENIDA,127.3468075609591,"LINESTRING (-58.50186442444102 -34.63292484365247, -58.50204557225172 -34.63295964574676, -58.50310379228848 -34.63343222989426)",Q6298935,Juan B. Justo,PS,politico
18229,"MARMOL, JOSE",JOSE MARMOL,Boedo,Boedo,Boedo,5.0,CALLE,150.8481071237618,"LINESTRING (-58.42286578111575 -34.63210866649925, -58.42252851471059 -34.63343955352627)",Q1709528,José Mármol,Prócer,procer
18235,"JUSTO, JUAN B. AV.",JUAN B. JUSTO,,Liniers,Versalles,,AVENIDA,91.73626883052741,"LINESTRING (-58.5139111082032 -34.63345692397286, -58.51407158853133 -34.63340058911243, -58.514862022342136 -34.63320219782676)",Q6298935,Juan B. Justo,PS,politico
18248,"VALLE, ARISTOBULO DEL",ARISTOBULO DEL VALLE,La Boca,La Boca,La Boca,4.0,CALLE,156.682040955454,"LINESTRING (-58.3603404922758 -34.632846849570925, -58.36187312950283 -34.6334712382419)",Q545374,Aristóbulo del Valle,Prócer,procer
18249,"RODRIGUEZ, MARTIN",MARTIN RODRIGUEZ,La Boca,La Boca,La Boca,4.0,CALLE,103.4031225838592,"LINESTRING (-58.36235671558673 -34.63262930744322, -58.36197702146292 -34.633302661021155, -58.36187312950283 -34.6334712382419)",Q280554,Martín Rodríguez,Prócer,procer
18255,"MITRE, EMILIO",EMILIO MITRE,Parque Chacabuco,Parque Chacabuco,Parque Chacabuco,7.0,CALLE,128.0046502465239,"LINESTRING (-58.44093033093763 -34.63259008276622, -58.440175548253606 -34.63356072642193)",Q5831227,Emilio Mitre,UCR,politico
18271,"JUSTO, JUAN B. AV.",JUAN B. JUSTO,Villa Luro,Villa Luro,Villa Luro,10.0,AVENIDA,103.9535393759174,"LINESTRING (-58.50240665079501 -34.63279495139055, -58.50341138854392 -34.6332289444877)",Q6298935,Juan B. Justo,PS,politico
18307,"ALBERDI, JUAN BAUTISTA AV.",JUAN BAUTISTA ALBERDI,Flores,Flores,Flores,7.0,AVENIDA,149.1887293777894,"LINESTRING (-58.46848468040803 -34.63328576333679, -58.47000968960366 -34.63375435564553)",Q722738,Juan Bautista Alberdi,Prócer,procer
18324,"JUSTO, JUAN B. AV.",JUAN B. JUSTO,Liniers,Liniers,Liniers,9.0,AVENIDA,103.2112408946935,"LINESTRING (-58.519661438144375 -34.633587924729326, -58.51980883970387 -34.63372433674009, -58.520207655235744 -34.633846758147776, -58.520596398618885 -34.63382577270085, -58.52068543660732 -34.63382019900517)",Q6298935,Juan B. Justo,PS,politico
18337,"JUSTO, JUAN B. AV.",JUAN B. JUSTO,Villa Luro,Villa Luro,Villa Luro,10.0,AVENIDA,52.42410720529634,"LINESTRING (-58.50445829549976 -34.63367862277948, -58.504972975349155 -34.63388436771625)",Q6298935,Juan B. Justo,PS,politico
18364,"JUSTO, JUAN B. AV.",JUAN B. JUSTO,,Liniers,Versalles,,AVENIDA,130.8792882315571,"LINESTRING (-58.512621069221495 -34.633959992626025, -58.51332097480418 -34.633664000454, -58.5139111082032 -34.63345692397286)",Q6298935,Juan B. Justo,PS,politico
18378,"MORENO, JOSE MARIA AV.",JOSE MARIA MORENO,Parque Chacabuco,Parque Chacabuco,Parque Chacabuco,7.0,AVENIDA,69.33440226539109,"LINESTRING (-58.4328107537439 -34.6333955849761, -58.43273989573905 -34.634017826950355)",Q5943212,José María Moreno,Prócer,procer
18391,"VALLE, ARISTOBULO DEL",ARISTOBULO DEL VALLE,La Boca,La Boca,La Boca,4.0,CALLE,143.3980891067407,"LINESTRING (-58.36187312950283 -34.6334712382419, -58.36327583885811 -34.6340426837291)",Q545374,Aristóbulo del Valle,Prócer,procer
18396,"PERON, EVA AV.",EVA PERON,Parque Chacabuco,Parque Chacabuco,Parque Chacabuco,7.0,AVENIDA,158.9012151860632,"LINESTRING (-58.44509485617495 -34.63315120366554, -58.44639155581626 -34.634101399811485)",Q40933,Eva Perón,PJ,politico
18400,"ALBERDI, JUAN BAUTISTA AV.",JUAN BAUTISTA ALBERDI,Flores,Flores,Flores,7.0,AVENIDA,116.0421668269424,"LINESTRING (-58.47000968960366 -34.63375435564553, -58.471195867061454 -34.634118865716225)",Q722738,Juan Bautista Alberdi,Prócer,procer
18406,"OLMOS, AMBROSIO",AMBROSIO OLMOS,Barracas,Barracas,Barracas,4.0,PASAJE,127.7923561427866,"LINESTRING (-58.38122962649856 -34.633643687801644, -58.382507507108436 -34.63410334820562)",Q5672215,Ambrosio Olmos,Prócer,procer
18417,"PERON, EVA AV.",EVA PERON,Parque Chacabuco,Parque Chacabuco,Parque Chacabuco,7.0,AVENIDA,8.058017163938363,"LINESTRING (-58.44639155581626 -34.634101399811485, -58.44645732011477 -34.63414957840216)",Q40933,Eva Perón,PJ,politico
18429,"JUSTO, JUAN B. AV.",JUAN B. JUSTO,,Liniers,Villa Luro,,AVENIDA,183.2027171630365,"LINESTRING (-58.52108101220525 -34.63382309064225, -58.522327887137244 -34.63401056958183, -58.523035558280604 -34.63416062025405)",Q6298935,Juan B. Justo,PS,politico
18435,"OLMOS, AMBROSIO",AMBROSIO OLMOS,Barracas,Barracas,Barracas,4.0,PASAJE,17.79938696234227,"LINESTRING (-58.382507507108436 -34.63410334820562, -58.38268551216121 -34.63416733983976)",Q5672215,Ambrosio Olmos,Prócer,procer
18450,"JUSTO, JUAN B. AV.",JUAN B. JUSTO,,Liniers,Villa Luro,,AVENIDA,22.62275541043442,"LINESTRING (-58.523035558280604 -34.63416062025405, -58.52327211397886 -34.634218532899524)",Q6298935,Juan B. Justo,PS,politico
18476,"RODRIGUEZ, MARTIN",MARTIN RODRIGUEZ,La Boca,La Boca,La Boca,4.0,CALLE,101.0372283565711,"LINESTRING (-58.36187312950283 -34.6334712382419, -58.36143715398138 -34.63417890974078, -58.36137338265839 -34.63428294194341)",Q280554,Martín Rodríguez,Prócer,procer
18481,"JUSTO, JUAN B. AV.",JUAN B. JUSTO,Villa Luro,Villa Luro,Villa Luro,10.0,AVENIDA,36.21063822058804,"LINESTRING (-58.504972975349155 -34.63388436771625, -58.50533540492697 -34.634013977107614)",Q6298935,Juan B. Justo,PS,politico
18486,"VALLE, ARISTOBULO DEL",ARISTOBULO DEL VALLE,La Boca,La Boca,La Boca,4.0,CALLE,71.96107786639905,"LINESTRING (-58.36327583885811 -34.6340426837291, -58.36397975549173 -34.63432945884367)",Q545374,Aristóbulo del Valle,Prócer,procer
18496,DEAN FUNES,DEAN FUNES,Parque Patricios,Parque Patricios,Parque Patricios,4.0,CALLE,136.0208840683968,"LINESTRING (-58.4045418716637 -34.63316200073668, -58.40430348131568 -34.63437217920251)",Q5438893,Gregorio Funes,Prócer,procer
18499,"MITRE, EMILIO",EMILIO MITRE,Parque Chacabuco,Parque Chacabuco,Parque Chacabuco,7.0,CALLE,110.6201385789443,"LINESTRING (-58.440175548253606 -34.63356072642193, -58.439523281153924 -34.63439955299296)",Q5831227,Emilio Mitre,UCR,politico
18511,"JUSTO, JUAN B. AV.",JUAN B. JUSTO,,Liniers,Villa Luro,,AVENIDA,91.53111695969936,"LINESTRING (-58.52327211397886 -34.634218532899524, -58.52422916249285 -34.63445299040708)",Q6298935,Juan B. Justo,PS,politico
18517,"ALBERDI, JUAN BAUTISTA AV.",JUAN BAUTISTA ALBERDI,Flores,Flores,Flores,7.0,AVENIDA,106.9647189771402,"LINESTRING (-58.471195867061454 -34.634118865716225, -58.47133593926696 -34.63416188516356, -58.472279984457124 -34.63447470972796)",Q722738,Juan Bautista Alberdi,Prócer,procer
18520,"JUSTO, JUAN B. AV.",JUAN B. JUSTO,,Liniers,Versalles,,AVENIDA,122.0756153155805,"LINESTRING (-58.51144476355689 -34.63447525639813, -58.51186273406536 -34.63429438470469, -58.51253103597124 -34.633998057542875, -58.512621069221495 -34.633959992626025)",Q6298935,Juan B. Justo,PS,politico
18521,"JUSTO, JUAN B. AV.",JUAN B. JUSTO,Liniers,Liniers,Liniers,9.0,AVENIDA,6.577591461671195,"LINESTRING (-58.52422916249285 -34.63445299040708, -58.524297931137205 -34.634469857605495)",Q6298935,Juan B. Justo,PS,politico
18556,"JUSTO, JUAN B. AV.",JUAN B. JUSTO,,Liniers,Villa Luro,,AVENIDA,120.2883828143678,"LINESTRING (-58.524297931137205 -34.634469857605495, -58.525602342263035 -34.634584903605855)",Q6298935,Juan B. Justo,PS,politico
18561,"JUSTO, JUAN B. AV.",JUAN B. JUSTO,Villa Luro,Villa Luro,Villa Luro,10.0,AVENIDA,154.7942690261644,"LINESTRING (-58.50672794130415 -34.634340124360335, -58.507080869525645 -34.63439873115285, -58.508049079855425 -34.63455647989565, -58.508386579720444 -34.63459846868658)",Q6298935,Juan B. Justo,PS,politico
18572,"VALLE, ARISTOBULO DEL",ARISTOBULO DEL VALLE,La Boca,La Boca,La Boca,4.0,CALLE,72.2301221857157,"LINESTRING (-58.36397975549173 -34.63432945884367, -58.36468631692581 -34.63461728837276)",Q545374,Aristóbulo del Valle,Prócer,procer
18580,"JUSTO, JUAN B. AV.",JUAN B. JUSTO,,Villa Luro,Versalles,,AVENIDA,77.13973368151439,"LINESTRING (-58.508386579720444 -34.63459846868658, -58.5087618260846 -34.63464509041183, -58.50922116137512 -34.6346844257592)",Q6298935,Juan B. Justo,PS,politico
18581,"JUSTO, JUAN B. AV.",JUAN B. JUSTO,,Liniers,Villa Luro,,AVENIDA,121.1361692176709,"LINESTRING (-58.525602342263035 -34.634584903605855, -58.526918160178 -34.634682112629456)",Q6298935,Juan B. Justo,PS,politico
18584,"MARMOL, JOSE",JOSE MARMOL,Boedo,Boedo,Boedo,5.0,CALLE,143.225557564968,"LINESTRING (-58.42252851471059 -34.63343955352627, -58.42224363967353 -34.63458932844699, -58.42221367787163 -34.63470410820865)",Q1709528,José Mármol,Prócer,procer
18591,"JUSTO, JUAN B. AV.",JUAN B. JUSTO,,Villa Luro,Versalles,,AVENIDA,34.57581192988306,"LINESTRING (-58.50922116137512 -34.6346844257592, -58.50940341307565 -34.63470006138151, -58.50959606043398 -34.63471780548238)",Q6298935,Juan B. Justo,PS,politico
18610,"PERON, EVA AV.",EVA PERON,Parque Chacabuco,Parque Chacabuco,Parque Chacabuco,7.0,AVENIDA,102.9713165891773,"LINESTRING (-58.44645732011477 -34.63414957840216, -58.44729761050735 -34.63476533141575)",Q40933,Eva Perón,PJ,politico
18623,"JUSTO, JUAN B. AV.",JUAN B. JUSTO,,Villa Luro,Versalles,,AVENIDA,98.98031912548971,"LINESTRING (-58.50959606043398 -34.63471780548238, -58.510668871661586 -34.63481654943399)",Q6298935,Juan B. Justo,PS,politico
18624,"JUSTO, JUAN B. AV.",JUAN B. JUSTO,,Liniers,Versalles,,AVENIDA,80.59367656764061,"LINESTRING (-58.510668871661586 -34.63481654943399, -58.511325598631515 -34.63452685317671, -58.51144476355689 -34.63447525639813)",Q6298935,Juan B. Justo,PS,politico
18630,"JUSTO, JUAN B. AV.",JUAN B. JUSTO,Liniers,Liniers,Liniers,9.0,AVENIDA,120.24086483405,"LINESTRING (-58.526918160178 -34.634682112629456, -58.52707446868939 -34.63474942601111, -58.52820403911602 -34.634841507084246)",Q6298935,Juan B. Justo,PS,politico
18632,"JUSTO, JUAN B. AV.",JUAN B. JUSTO,Versalles,Versalles,Versalles,10.0,AVENIDA,59.02789338109925,"LINESTRING (-58.528222443232686 -34.63468569797824, -58.52861428775789 -34.63464657699147, -58.52883019750616 -34.63454398631497)",Q6298935,Juan B. Justo,PS,politico
18634,"ALBERDI, JUAN BAUTISTA AV.",JUAN BAUTISTA ALBERDI,Floresta,Floresta,Floresta,10.0,AVENIDA,107.3362590520749,"LINESTRING (-58.472279984457124 -34.63447470972796, -58.47335218697957 -34.634862939747904)",Q722738,Juan Bautista Alberdi,Prócer,procer
18647,"PERON, EVA AV.",EVA PERON,Parque Chacabuco,Parque Chacabuco,Parque Chacabuco,7.0,AVENIDA,25.37496752638152,"LINESTRING (-58.44729761050735 -34.63476533141575, -58.44750470345377 -34.63491705003771)",Q40933,Eva Perón,PJ,politico
18650,"MORENO, JOSE MARIA AV.",JOSE MARIA MORENO,Parque Chacabuco,Parque Chacabuco,Parque Chacabuco,7.0,AVENIDA,101.9997319110299,"LINESTRING (-58.43273989573905 -34.634017826950355, -58.43255348570333 -34.63492426787169)",Q5943212,José María Moreno,Prócer,procer
18681,"ACOSTA, MARIANO AV.",MARIANO ACOSTA,,Floresta,Velez Sarsfield,,AVENIDA,175.5098232212227,"LINESTRING (-58.482379630204235 -34.63394135959821, -58.48100602454839 -34.63504312688277)",Q3847746,Mariano Acosta,Prócer,procer
18706,"RODRIGUEZ, MARTIN",MARTIN RODRIGUEZ,La Boca,La Boca,La Boca,4.0,CALLE,101.6968474045959,"LINESTRING (-58.36137338265839 -34.63428294194341, -58.360989472243936 -34.63490804884404, -58.36087165926821 -34.63510048694385)",Q280554,Martín Rodríguez,Prócer,procer
18732,"ALBERDI, JUAN BAUTISTA AV.",JUAN BAUTISTA ALBERDI,Floresta,Floresta,Floresta,10.0,AVENIDA,98.54865994862485,"LINESTRING (-58.47335218697957 -34.634862939747904, -58.4743366385494 -34.63521933699276)",Q722738,Juan Bautista Alberdi,Prócer,procer
18738,"ALBERDI, JUAN BAUTISTA AV.",JUAN BAUTISTA ALBERDI,Floresta,Floresta,Floresta,10.0,AVENIDA,6.279350029153101,"LINESTRING (-58.4743366385494 -34.63521933699276, -58.47439934927385 -34.63524207800221)",Q722738,Juan Bautista Alberdi,Prócer,procer
18740,"VALLE, ARISTOBULO DEL",ARISTOBULO DEL VALLE,La Boca,La Boca,La Boca,4.0,CALLE,76.17913145595878,"LINESTRING (-58.36610414334865 -34.635117445216444, -58.36692689988519 -34.6352126764499)",Q545374,Aristóbulo del Valle,Prócer,procer
18743,"MITRE, EMILIO",EMILIO MITRE,Parque Chacabuco,Parque Chacabuco,Parque Chacabuco,7.0,CALLE,112.7568817216927,"LINESTRING (-58.439523281153924 -34.63439955299296, -58.43885838646654 -34.63525457076723)",Q5831227,Emilio Mitre,UCR,politico
18774,"VALLE, ARISTOBULO DEL",ARISTOBULO DEL VALLE,La Boca,La Boca,La Boca,4.0,CALLE,129.4125025681001,"LINESTRING (-58.36692689988519 -34.6352126764499, -58.368324602183776 -34.63537440815455)",Q545374,Aristóbulo del Valle,Prócer,procer
18815,DEAN FUNES,DEAN FUNES,Parque Patricios,Parque Patricios,Parque Patricios,4.0,CALLE,131.2949449189195,"LINESTRING (-58.40430348131568 -34.63437217920251, -58.404279026095104 -34.634496534772275, -58.40405438048779 -34.63553763302033)",Q5438893,Gregorio Funes,Prócer,procer
18821,"VALLE, ARISTOBULO DEL",ARISTOBULO DEL VALLE,La Boca,La Boca,La Boca,4.0,CALLE,150.9219623344609,"LINESTRING (-58.368324602183776 -34.63537440815455, -58.369954622855495 -34.63556299225519)",Q545374,Aristóbulo del Valle,Prócer,procer
18823,"PERON, EVA AV.",EVA PERON,Parque Chacabuco,Parque Chacabuco,Parque Chacabuco,7.0,AVENIDA,118.7806189945521,"LINESTRING (-58.44750470345377 -34.63491705003771, -58.447670565757996 -34.63503862188849, -58.4485027897434 -34.63559936494566)",Q40933,Eva Perón,PJ,politico
18835,"ALBERDI, JUAN BAUTISTA AV.",JUAN BAUTISTA ALBERDI,Floresta,Floresta,Floresta,10.0,AVENIDA,102.8547812020747,"LINESTRING (-58.47439934927385 -34.63524207800221, -58.475399070094895 -34.63566255038438)",Q722738,Juan Bautista Alberdi,Prócer,procer
18883,"VALLE, ARISTOBULO DEL",ARISTOBULO DEL VALLE,Barracas,Barracas,Barracas,4.0,CALLE,181.0822086794787,"LINESTRING (-58.369954622855495 -34.63556299225519, -58.3703374666488 -34.635607299154444, -58.37158827801739 -34.63578479704661, -58.37190236357031 -34.63583158254537)",Q545374,Aristóbulo del Valle,Prócer,procer
18902,"ACOSTA, MARIANO AV.",MARIANO ACOSTA,,Floresta,Velez Sarsfield,,AVENIDA,137.9293352375293,"LINESTRING (-58.48100602454839 -34.63504312688277, -58.47992653668691 -34.63590899142881)",Q3847746,Mariano Acosta,Prócer,procer
18903,"ARAOZ DE LAMADRID, GREGORIO, GRAL.",GREGORIO ARAOZ DE LAMADRID,La Boca,La Boca,La Boca,4.0,CALLE,124.69484846577,"LINESTRING (-58.35393494741665 -34.63538143853827, -58.355162232828306 -34.6358655654029)",Q357826,Gregorio Aráoz de La Madrid,Prócer,procer
18913,"ALCORTA, AMANCIO AV.",AMANCIO ALCORTA,Barracas,Barracas,Barracas,4.0,AVENIDA,335.5821600224681,"LINESTRING (-58.38369668050954 -34.633343841112314, -58.38373852443058 -34.63342119310884, -58.38561397689087 -34.635919608915714)",Q453619,Amancio Alcorta,Prócer,procer
18919,"MARMOL, JOSE",JOSE MARMOL,Boedo,Boedo,Boedo,5.0,CALLE,141.3067469573234,"LINESTRING (-58.42221367787163 -34.63470410820865, -58.42188827617704 -34.635949150996126)",Q1709528,José Mármol,Prócer,procer
18923,"RODRIGUEZ, MARTIN",MARTIN RODRIGUEZ,La Boca,La Boca,La Boca,4.0,CALLE,101.8152845585062,"LINESTRING (-58.36087165926821 -34.63510048694385, -58.36037009485392 -34.635919297512274)",Q280554,Martín Rodríguez,Prócer,procer
18929,"MITRE, EMILIO",EMILIO MITRE,Parque Chacabuco,Parque Chacabuco,Parque Chacabuco,7.0,CALLE,83.40390422905264,"LINESTRING (-58.43885838646654 -34.63525457076723, -58.43859217669044 -34.63597346772488)",Q5831227,Emilio Mitre,UCR,politico
18933,"VALLE, ARISTOBULO DEL",ARISTOBULO DEL VALLE,Barracas,Barracas,Barracas,4.0,CALLE,91.45454109949023,"LINESTRING (-58.37190236357031 -34.63583158254537, -58.372153836735436 -34.6358690245996, -58.372641027635105 -34.63593826158739, -58.37288492128921 -34.635973161265255)",Q545374,Aristóbulo del Valle,Prócer,procer
18948,"ALBERDI, JUAN BAUTISTA AV.",JUAN BAUTISTA ALBERDI,Floresta,Floresta,Floresta,10.0,AVENIDA,102.3081814314074,"LINESTRING (-58.475399070094895 -34.63566255038438, -58.47639232563021 -34.636082663119836)",Q722738,Juan Bautista Alberdi,Prócer,procer
18952,"ACOSTA, MARIANO AV.",MARIANO ACOSTA,,Floresta,Velez Sarsfield,,AVENIDA,29.64670304624325,"LINESTRING (-58.47992653668691 -34.63590899142881, -58.479694484749345 -34.63609508096637)",Q3847746,Mariano Acosta,Prócer,procer
18958,"MORENO, JOSE MARIA AV.",JOSE MARIA MORENO,Parque Chacabuco,Parque Chacabuco,Parque Chacabuco,7.0,AVENIDA,132.6322593449222,"LINESTRING (-58.43255348570333 -34.63492426787169, -58.432307244445184 -34.63610238592257)",Q5943212,José María Moreno,Prócer,procer
18974,"VALLE, ARISTOBULO DEL",ARISTOBULO DEL VALLE,Barracas,Barracas,Barracas,4.0,CALLE,91.70695903413207,"LINESTRING (-58.37288492128921 -34.635973161265255, -58.37358286863972 -34.63607325505548, -58.37387097932908 -34.63611128389971)",Q545374,Aristóbulo del Valle,Prócer,procer
18997,"PERON, EVA AV.",EVA PERON,Parque Chacabuco,Parque Chacabuco,Parque Chacabuco,7.0,AVENIDA,115.8893309780134,"LINESTRING (-58.4485027897434 -34.63559936494566, -58.44948240728901 -34.63625941578641)",Q40933,Eva Perón,PJ,politico
18999,"VALLE, ARISTOBULO DEL",ARISTOBULO DEL VALLE,Barracas,Barracas,Barracas,4.0,CALLE,158.0390593898482,"LINESTRING (-58.37506772413516 -34.636107648453056, -58.376784919678364 -34.63622979524432)",Q545374,Aristóbulo del Valle,Prócer,procer
19004,"MARTINEZ, VICTOR",VICTOR MARTINEZ,Parque Chacabuco,Parque Chacabuco,Parque Chacabuco,7.0,CALLE,83.18686056252636,"LINESTRING (-58.44030177625649 -34.63554654444634, -58.44005287334073 -34.63626763094183)",Q946295,Víctor Martínez,UCR,politico
19017,"VALLE, ARISTOBULO DEL",ARISTOBULO DEL VALLE,Barracas,Barracas,Barracas,4.0,CALLE,108.3087368021066,"LINESTRING (-58.37387097932908 -34.63611128389971, -58.37503739586055 -34.63626523358634)",Q545374,Aristóbulo del Valle,Prócer,procer
19064,"ALBERDI, JUAN BAUTISTA AV.",JUAN BAUTISTA ALBERDI,Floresta,Floresta,Floresta,10.0,AVENIDA,98.77921404764591,"LINESTRING (-58.47639232563021 -34.636082663119836, -58.47735133753562 -34.636488264505694)",Q722738,Juan Bautista Alberdi,Prócer,procer
19066,"ARAOZ DE LAMADRID, GREGORIO, GRAL.",GREGORIO ARAOZ DE LAMADRID,La Boca,La Boca,La Boca,4.0,CALLE,148.7056313773611,"LINESTRING (-58.355162232828306 -34.6358655654029, -58.356625848090744 -34.63644291582654)",Q357826,Gregorio Aráoz de La Madrid,Prócer,procer
19068,"ACOSTA, MARIANO AV.",MARIANO ACOSTA,,Floresta,Velez Sarsfield,,AVENIDA,63.15518160708074,"LINESTRING (-58.479694484749345 -34.63609508096637, -58.47920022091205 -34.63649155864197)",Q3847746,Mariano Acosta,Prócer,procer
19123,"ARAOZ DE LAMADRID, GREGORIO, GRAL.",GREGORIO ARAOZ DE LAMADRID,La Boca,La Boca,La Boca,4.0,CALLE,130.7413983338875,"LINESTRING (-58.356625848090744 -34.63644291582654, -58.35717938213569 -34.63666128798257, -58.35771895297197 -34.63687408210467, -58.35791192313296 -34.63695178490232)",Q357826,Gregorio Aráoz de La Madrid,Prócer,procer
19128,"MARMOL, JOSE",JOSE MARMOL,Boedo,Boedo,Boedo,5.0,CALLE,85.90843896613818,"LINESTRING (-58.42188827617704 -34.635949150996126, -58.42169593896824 -34.636707050459684)",Q1709528,José Mármol,Prócer,procer
19129,"VALLE, ARISTOBULO DEL",ARISTOBULO DEL VALLE,Barracas,Barracas,Barracas,4.0,CALLE,143.937937786432,"LINESTRING (-58.376784919678364 -34.63622979524432, -58.37698549365905 -34.63646761558921, -58.37702388294305 -34.63650313603354, -58.377085687924264 -34.636553039348435, -58.37714248142708 -34.63658807980118, -58.37719553969811 -34.63660994845627, -58.37726231872212 -34.63662872814849, -58.37813396364613 -34.63668504466379)",Q545374,Aristóbulo del Valle,Prócer,procer
19134,"ACOSTA, MARIANO AV.",MARIANO ACOSTA,,Floresta,Velez Sarsfield,,AVENIDA,37.81248062430885,"LINESTRING (-58.47920022091205 -34.63649155864197, -58.47890427371017 -34.63672892306386)",Q3847746,Mariano Acosta,Prócer,procer
19145,"RODRIGUEZ, MARTIN",MARTIN RODRIGUEZ,La Boca,La Boca,La Boca,4.0,CALLE,100.7106495285203,"LINESTRING (-58.36037009485392 -34.635919297512274, -58.36022760605238 -34.6361519257578, -58.35987722053244 -34.63673057798924)",Q280554,Martín Rodríguez,Prócer,procer
19146,"VALLE, ARISTOBULO DEL",ARISTOBULO DEL VALLE,Barracas,Barracas,Barracas,4.0,CALLE,99.36356126347688,"LINESTRING (-58.37813396364613 -34.63668504466379, -58.37921468642623 -34.63675079513467)",Q545374,Aristóbulo del Valle,Prócer,procer
19156,DEAN FUNES,DEAN FUNES,Parque Patricios,Parque Patricios,Parque Patricios,4.0,CALLE,141.456847370624,"LINESTRING (-58.40405438048779 -34.63553763302033, -58.403783481933814 -34.636792935456974)",Q5438893,Gregorio Funes,Prócer,procer
19159,"VALLE, ARISTOBULO DEL",ARISTOBULO DEL VALLE,Barracas,Barracas,Barracas,4.0,CALLE,99.09693585154754,"LINESTRING (-58.37921468642623 -34.63675079513467, -58.3802925142672 -34.63681632278984)",Q545374,Aristóbulo del Valle,Prócer,procer
19169,"PERON, EVA AV.",EVA PERON,Parque Chacabuco,Parque Chacabuco,Parque Chacabuco,7.0,AVENIDA,112.5713836354288,"LINESTRING (-58.44948240728901 -34.63625941578641, -58.45030528438583 -34.63681387771009, -58.45043955075674 -34.63689459693108)",Q40933,Eva Perón,PJ,politico
19182,"MORENO, JOSE MARIA AV.",JOSE MARIA MORENO,Parque Chacabuco,Parque Chacabuco,Parque Chacabuco,7.0,AVENIDA,94.24444643232854,"LINESTRING (-58.432307244445184 -34.63610238592257, -58.43213235328003 -34.63693953238641)",Q5943212,José María Moreno,Prócer,procer
19197,"ALBERDI, JUAN BAUTISTA AV.",JUAN BAUTISTA ALBERDI,Floresta,Floresta,Floresta,10.0,AVENIDA,122.9508112019031,"LINESTRING (-58.47735133753562 -34.636488264505694, -58.478545024306015 -34.63699312592687)",Q722738,Juan Bautista Alberdi,Prócer,procer
19198,"ACOSTA, MARIANO AV.",MARIANO ACOSTA,,Floresta,Velez Sarsfield,,AVENIDA,44.11361987597884,"LINESTRING (-58.47890427371017 -34.63672892306386, -58.47878671216858 -34.6368231642932, -58.478545024306015 -34.63699312592687)",Q3847746,Mariano Acosta,Prócer,procer
19204,"MITRE, EMILIO",EMILIO MITRE,Parque Chacabuco,Parque Chacabuco,Parque Chacabuco,7.0,CALLE,119.6875236947872,"LINESTRING (-58.43859217669044 -34.63597346772488, -58.43822226143467 -34.637008120364406)",Q5831227,Emilio Mitre,UCR,politico
19242,"ALCORTA, AMANCIO AV.",AMANCIO ALCORTA,Barracas,Barracas,Barracas,4.0,AVENIDA,147.1718647653171,"LINESTRING (-58.38561397689087 -34.635919608915714, -58.38625188193234 -34.636740502065976, -58.38647809338654 -34.63703755202242)",Q453619,Amancio Alcorta,Prócer,procer
19270,"ALCORTA, AMANCIO AV.",AMANCIO ALCORTA,Barracas,Barracas,Barracas,4.0,AVENIDA,12.78651054366645,"LINESTRING (-58.38647809338654 -34.63703755202242, -58.38654752728802 -34.637137508075234)",Q453619,Amancio Alcorta,Prócer,procer
19298,"MARTINEZ, VICTOR",VICTOR MARTINEZ,Parque Chacabuco,Parque Chacabuco,Parque Chacabuco,7.0,CALLE,118.3050282434731,"LINESTRING (-58.44005287334073 -34.63626763094183, -58.439698910428696 -34.63729313603784)",Q946295,Víctor Martínez,UCR,politico
19342,"PERON, EVA AV.",EVA PERON,Parque Chacabuco,Parque Chacabuco,Parque Chacabuco,7.0,AVENIDA,111.6100142289499,"LINESTRING (-58.45043955075674 -34.63689459693108, -58.45058446672894 -34.63698165520206, -58.45124387978577 -34.63735552850463, -58.4514416199486 -34.637465619345754)",Q40933,Eva Perón,PJ,politico
19377,"ARAOZ DE LAMADRID, GREGORIO, GRAL.",GREGORIO ARAOZ DE LAMADRID,La Boca,La Boca,La Boca,4.0,CALLE,150.4484206425088,"LINESTRING (-58.35791192313296 -34.63695178490232, -58.35923896436694 -34.6374863798005, -58.35938705843548 -34.6375455910949)",Q357826,Gregorio Aráoz de La Madrid,Prócer,procer
19378,"RODRIGUEZ, MARTIN",MARTIN RODRIGUEZ,La Boca,La Boca,La Boca,4.0,CALLE,100.9719053787939,"LINESTRING (-58.35987722053244 -34.63673057798924, -58.35975026422912 -34.636940331286816, -58.35951512175727 -34.63733781098847, -58.35938705843548 -34.6375455910949)",Q280554,Martín Rodríguez,Prócer,procer
19391,"MARMOL, JOSE",JOSE MARMOL,Boedo,Boedo,Boedo,5.0,CALLE,105.865349505957,"LINESTRING (-58.42169593896824 -34.636707050459684, -58.42145920427327 -34.63764106269272)",Q1709528,José Mármol,Prócer,procer
19404,"ALBERDI, JUAN BAUTISTA AV.",JUAN BAUTISTA ALBERDI,,Parque Avellaneda,Velez Sarsfield,,AVENIDA,157.5608637230959,"LINESTRING (-58.478545024306015 -34.63699312592687, -58.48004813450777 -34.63768138593946)",Q722738,Juan Bautista Alberdi,Prócer,procer
19412,"ACOSTA, MARIANO AV.",MARIANO ACOSTA,,Floresta,Parque Avellaneda,,AVENIDA,119.9070153645451,"LINESTRING (-58.478545024306015 -34.63699312592687, -58.47835623960155 -34.637125967532086, -58.47759071273305 -34.63773169911065)",Q3847746,Mariano Acosta,Prócer,procer
19431,"MITRE, EMILIO",EMILIO MITRE,Parque Chacabuco,Parque Chacabuco,Parque Chacabuco,7.0,CALLE,90.33735869867073,"LINESTRING (-58.43822226143467 -34.637008120364406, -58.43794307078588 -34.637789055854846)",Q5831227,Emilio Mitre,UCR,politico
19439,"ALBERDI, JUAN BAUTISTA AV.",JUAN BAUTISTA ALBERDI,,Parque Avellaneda,Velez Sarsfield,,AVENIDA,37.1661219038189,"LINESTRING (-58.48004813450777 -34.63768138593946, -58.48040269830517 -34.637843732611785)",Q722738,Juan Bautista Alberdi,Prócer,procer
19500,"PERON, EVA AV.",EVA PERON,Flores,Flores,Flores,7.0,AVENIDA,120.9641596357656,"LINESTRING (-58.4514416199486 -34.637465619345754, -58.4515533366346 -34.63752746474527, -58.45253708124943 -34.638073191386944)",Q40933,Eva Perón,PJ,politico
19520,"MORENO, JOSE MARIA AV.",JOSE MARIA MORENO,Parque Chacabuco,Parque Chacabuco,Parque Chacabuco,7.0,AVENIDA,132.9893294172469,"LINESTRING (-58.43213235328003 -34.63693953238641, -58.4318854172658 -34.638120818056315)",Q5943212,José María Moreno,Prócer,procer
19528,"MITRE, EMILIO",EMILIO MITRE,Parque Chacabuco,Parque Chacabuco,Parque Chacabuco,7.0,CALLE,40.65710644686722,"LINESTRING (-58.43794307078588 -34.637789055854846, -58.43781737363173 -34.63814051178258)",Q5831227,Emilio Mitre,UCR,politico
19529,"ARAOZ DE LAMADRID, GREGORIO, GRAL.",GREGORIO ARAOZ DE LAMADRID,La Boca,La Boca,La Boca,4.0,CALLE,145.4573028802816,"LINESTRING (-58.35938705843548 -34.6375455910949, -58.36081529607184 -34.63811624121496)",Q357826,Gregorio Aráoz de La Madrid,Prócer,procer
19569,"ALCORTA, AMANCIO AV.",AMANCIO ALCORTA,Barracas,Barracas,Barracas,4.0,AVENIDA,152.6809604479155,"LINESTRING (-58.38654752728802 -34.637137508075234, -58.3868862540773 -34.63765665541267, -58.38743452275215 -34.638299438607426)",Q453619,Amancio Alcorta,Prócer,procer
19575,"ALBERDI, JUAN BAUTISTA AV.",JUAN BAUTISTA ALBERDI,,Parque Avellaneda,Velez Sarsfield,,AVENIDA,111.1804146115777,"LINESTRING (-58.48040269830517 -34.637843732611785, -58.481463330355766 -34.63832942883182)",Q722738,Juan Bautista Alberdi,Prócer,procer
19585,"BEDOYA, ELIAS",ELIAS BEDOYA,Liniers,Liniers,Liniers,9.0,CALLE,77.51707889260634,"LINESTRING (-58.51167909315073 -34.638341960662764, -58.51186282113632 -34.63765990956753)",Q5830195,Elías Bedoya,Prócer,procer
19595,"ACOSTA, MARIANO AV.",MARIANO ACOSTA,,Floresta,Parque Avellaneda,,AVENIDA,103.1740656044176,"LINESTRING (-58.47759071273305 -34.63773169911065, -58.47677789264064 -34.63837482577151)",Q3847746,Mariano Acosta,Prócer,procer
19604,"RODRIGUEZ, MARTIN",MARTIN RODRIGUEZ,La Boca,La Boca,La Boca,4.0,CALLE,103.0873190009745,"LINESTRING (-58.35938705843548 -34.6375455910949, -58.35926232399095 -34.63774809216259, -58.358982673683215 -34.63816708228752, -58.358855302715625 -34.638364228502276)",Q280554,Martín Rodríguez,Prócer,procer
19614,"ALCORTA, AMANCIO AV.",AMANCIO ALCORTA,Barracas,Barracas,Barracas,4.0,AVENIDA,15.05802578800269,"LINESTRING (-58.38743452275215 -34.638299438607426, -58.38753496557737 -34.63840682594731)",Q453619,Amancio Alcorta,Prócer,procer
19627,"ALBERDI, JUAN BAUTISTA AV.",JUAN BAUTISTA ALBERDI,,Parque Avellaneda,Velez Sarsfield,,AVENIDA,29.49371787927797,"LINESTRING (-58.481463330355766 -34.63832942883182, -58.48174470199701 -34.63845826102812)",Q722738,Juan Bautista Alberdi,Prócer,procer
19666,"PERON, EVA AV.",EVA PERON,Flores,Flores,Flores,7.0,AVENIDA,103.9373919413089,"LINESTRING (-58.45253708124943 -34.638073191386944, -58.453478348983644 -34.638595247467)",Q40933,Eva Perón,PJ,politico
19669,"MARTINEZ, VICTOR",VICTOR MARTINEZ,Parque Chacabuco,Parque Chacabuco,Parque Chacabuco,7.0,CALLE,151.303763105797,"LINESTRING (-58.439698910428696 -34.63729313603784, -58.43924619016826 -34.638604679456805)",Q946295,Víctor Martínez,UCR,politico
19680,"MARTINEZ, VICTOR",VICTOR MARTINEZ,Parque Chacabuco,Parque Chacabuco,Parque Chacabuco,7.0,CALLE,8.123591370059158,"LINESTRING (-58.43924619016826 -34.638604679456805, -58.43922188663958 -34.63867509784045)",Q946295,Víctor Martínez,UCR,politico
19686,"MORENO, JOSE MARIA AV.",JOSE MARIA MORENO,Parque Chacabuco,Parque Chacabuco,Parque Chacabuco,7.0,AVENIDA,63.20723149239884,"LINESTRING (-58.4318854172658 -34.638120818056315, -58.431768134982384 -34.63868227180923)",Q5943212,José María Moreno,Prócer,procer
19696,"MARMOL, JOSE",JOSE MARMOL,Boedo,Boedo,Boedo,5.0,CALLE,120.3770858104613,"LINESTRING (-58.42145920427327 -34.63764106269272, -58.42141438366367 -34.63781802077316, -58.42118669931958 -34.638702527920394)",Q1709528,José Mármol,Prócer,procer
19698,"PERON, EVA AV.",EVA PERON,Flores,Flores,Flores,7.0,AVENIDA,22.52576223365602,"LINESTRING (-58.453478348983644 -34.638595247467, -58.453572578644334 -34.63864750901981, -58.453666890818326 -34.63872406650311)",Q40933,Eva Perón,PJ,politico
19700,"ARAOZ DE LAMADRID, GREGORIO, GRAL.",GREGORIO ARAOZ DE LAMADRID,La Boca,La Boca,La Boca,4.0,CALLE,144.5272035401529,"LINESTRING (-58.36081529607184 -34.63811624121496, -58.362079614837626 -34.63862138596279, -58.362234184785905 -34.63868362736226)",Q357826,Gregorio Aráoz de La Madrid,Prócer,procer
19708,"ACOSTA, MARIANO AV.",MARIANO ACOSTA,,Floresta,Parque Avellaneda,,AVENIDA,61.91990359520584,"LINESTRING (-58.47677789264064 -34.63837482577151, -58.476290075291196 -34.63876079774154)",Q3847746,Mariano Acosta,Prócer,procer
19752,"ACOSTA, MARIANO AV.",MARIANO ACOSTA,,Floresta,Parque Avellaneda,,AVENIDA,27.69971976142274,"LINESTRING (-58.476290075291196 -34.63876079774154, -58.47607189356837 -34.638933498419235)",Q3847746,Mariano Acosta,Prócer,procer
19753,"PERON, EVA AV.",EVA PERON,Flores,Flores,Flores,7.0,AVENIDA,31.7162950085142,"LINESTRING (-58.453666890818326 -34.63872406650311, -58.45379681528402 -34.6388295001962, -58.45389811126474 -34.63893591746994)",Q40933,Eva Perón,PJ,politico
19766,"ALBERDI, JUAN BAUTISTA AV.",JUAN BAUTISTA ALBERDI,,Parque Avellaneda,Velez Sarsfield,,AVENIDA,119.1252423381932,"LINESTRING (-58.48174470199701 -34.63845826102812, -58.482881189818244 -34.63897858157278)",Q722738,Juan Bautista Alberdi,Prócer,procer
19774,"RODRIGUEZ, MARTIN",MARTIN RODRIGUEZ,La Boca,La Boca,La Boca,4.0,CALLE,74.91265932936906,"LINESTRING (-58.358855302715625 -34.638364228502276, -58.35848745878554 -34.638967188371446)",Q280554,Martín Rodríguez,Prócer,procer
19777,"ALCORTA, AMANCIO AV.",AMANCIO ALCORTA,Barracas,Barracas,Barracas,4.0,AVENIDA,84.79903079898519,"LINESTRING (-58.38753496557737 -34.63840682594731, -58.38790422316184 -34.63880128363385, -58.3881182769136 -34.638999448439634)",Q453619,Amancio Alcorta,Prócer,procer
19820,"ARAOZ DE LAMADRID, GREGORIO, GRAL.",GREGORIO ARAOZ DE LAMADRID,La Boca,La Boca,La Boca,4.0,CALLE,102.7390124960628,"LINESTRING (-58.362234184785905 -34.63868362736226, -58.36317446869125 -34.63906250477974, -58.36323654206859 -34.63909642925447)",Q357826,Gregorio Aráoz de La Madrid,Prócer,procer
19821,"PERON, EVA AV.",EVA PERON,Flores,Flores,Flores,7.0,AVENIDA,28.48430428932268,"LINESTRING (-58.45389811126474 -34.63893591746994, -58.45409022504777 -34.63913769453009)",Q40933,Eva Perón,PJ,politico
19828,"MITRE, EMILIO",EMILIO MITRE,Parque Chacabuco,Parque Chacabuco,Parque Chacabuco,7.0,CALLE,115.9743942252438,"LINESTRING (-58.43781737363173 -34.63814051178258, -58.43745886650872 -34.63914305114865)",Q5831227,Emilio Mitre,UCR,politico
19852,"ACOSTA, MARIANO AV.",MARIANO ACOSTA,Parque Avellaneda,Parque Avellaneda,Parque Avellaneda,9.0,AVENIDA,46.26061692337476,"LINESTRING (-58.47607189356837 -34.638933498419235, -58.47582900451661 -34.63912563803898, -58.4757073465692 -34.63922177811009)",Q3847746,Mariano Acosta,Prócer,procer
19862,"ARAOZ DE LAMADRID, GREGORIO, GRAL.",GREGORIO ARAOZ DE LAMADRID,La Boca,La Boca,La Boca,4.0,CALLE,46.67388627135703,"LINESTRING (-58.36323654206859 -34.63909642925447, -58.36367816288873 -34.63930566581718)",Q357826,Gregorio Aráoz de La Madrid,Prócer,procer
19881,"PERON, EVA AV.",EVA PERON,Flores,Flores,Flores,7.0,AVENIDA,28.54529813013107,"LINESTRING (-58.45409022504777 -34.63913769453009, -58.454282765739976 -34.639339893851606)",Q40933,Eva Perón,PJ,politico
19890,"BEDOYA, ELIAS",ELIAS BEDOYA,Liniers,Liniers,Liniers,9.0,CALLE,114.0325838205663,"LINESTRING (-58.51140889466789 -34.6393453160318, -58.51167909315073 -34.638341960662764)",Q5830195,Elías Bedoya,Prócer,procer
19899,"PERON, EVA AV.",EVA PERON,Flores,Flores,Flores,7.0,AVENIDA,6.854835483523176,"LINESTRING (-58.454282765739976 -34.639339893851606, -58.45432894155593 -34.63938848924627)",Q40933,Eva Perón,PJ,politico
19907,"MORENO, JOSE MARIA AV.",JOSE MARIA MORENO,Parque Chacabuco,Parque Chacabuco,Parque Chacabuco,7.0,AVENIDA,83.86021344182099,"LINESTRING (-58.431768134982384 -34.63868227180923, -58.431612439191426 -34.63942716777934)",Q5943212,José María Moreno,Prócer,procer
19917,"ALBERDI, JUAN BAUTISTA AV.",JUAN BAUTISTA ALBERDI,,Parque Avellaneda,Velez Sarsfield,,AVENIDA,107.3759211289863,"LINESTRING (-58.482881189818244 -34.63897858157278, -58.48390001300836 -34.63945581243111)",Q722738,Juan Bautista Alberdi,Prócer,procer
19921,"ALCORTA, AMANCIO AV.",AMANCIO ALCORTA,Barracas,Barracas,Barracas,4.0,AVENIDA,67.73171376610007,"LINESTRING (-58.3881182769136 -34.638999448439634, -58.38857511026883 -34.63947923770427)",Q453619,Amancio Alcorta,Prócer,procer
19929,"MARTINEZ, VICTOR",VICTOR MARTINEZ,Parque Chacabuco,Parque Chacabuco,Parque Chacabuco,7.0,CALLE,96.75873723792373,"LINESTRING (-58.43922188663958 -34.63867509784045, -58.4389324582529 -34.6395138507824)",Q946295,Víctor Martínez,UCR,politico
19951,"PERON, EVA AV.",EVA PERON,Flores,Flores,Flores,7.0,AVENIDA,25.2740895372557,"LINESTRING (-58.45432894155593 -34.63938848924627, -58.45449941772256 -34.63956751736934)",Q40933,Eva Perón,PJ,politico
19954,"ARAOZ DE LAMADRID, GREGORIO, GRAL.",GREGORIO ARAOZ DE LAMADRID,La Boca,La Boca,La Boca,4.0,CALLE,138.5499419752365,"LINESTRING (-58.36367816288873 -34.63930566581718, -58.36516232470578 -34.639540251400504)",Q357826,Gregorio Aráoz de La Madrid,Prócer,procer
19969,"DE LA TORRE, LISANDRO",LISANDRO DE LA TORRE,Liniers,Liniers,Liniers,9.0,CALLE,77.45311790752274,"LINESTRING (-58.52121475133302 -34.63893140215715, -58.52121328576837 -34.63915196820318, -58.52122324590219 -34.63962950292158)",Q3543869,Lisandro de la Torre,UCR,politico
19997,"ARAOZ DE LAMADRID, GREGORIO, GRAL.",GREGORIO ARAOZ DE LAMADRID,La Boca,La Boca,La Boca,4.0,CALLE,96.47243249292362,"LINESTRING (-58.36516232470578 -34.639540251400504, -58.36582807901218 -34.63964550450729, -58.36619704170582 -34.6396977006841)",Q357826,Gregorio Aráoz de La Madrid,Prócer,procer
20001,"MARMOL, JOSE",JOSE MARMOL,Boedo,Boedo,Boedo,5.0,CALLE,117.7053734019972,"LINESTRING (-58.42118669931958 -34.638702527920394, -58.4209196525843 -34.639740332065145)",Q1709528,José Mármol,Prócer,procer
20016,"PERON, EVA AV.",EVA PERON,Flores,Flores,Flores,7.0,AVENIDA,30.89898565388162,"LINESTRING (-58.45449941772256 -34.63956751736934, -58.45470780687044 -34.63978640743909)",Q40933,Eva Perón,PJ,politico
20018,"ALBERDI, JUAN BAUTISTA AV.",JUAN BAUTISTA ALBERDI,,Parque Avellaneda,Velez Sarsfield,,AVENIDA,74.51484398390345,"LINESTRING (-58.48390001300836 -34.63945581243111, -58.484605510495186 -34.639789215350405)",Q722738,Juan Bautista Alberdi,Prócer,procer
20023,"POMAR, GREGORIO TTE. CNEL.",GREGORIO POMAR,Nueva Pompeya,Nueva Pompeya,Nueva Pompeya,4.0,CALLE,94.61824282380422,"LINESTRING (-58.41182798395434 -34.63961690317753, -58.41283559385781 -34.63980098787503)",Q5802179,Gregorio Pomar,UCR,politico
20044,"ALBERDI, JUAN BAUTISTA AV.",JUAN BAUTISTA ALBERDI,,Parque Avellaneda,Velez Sarsfield,,AVENIDA,28.89718713224756,"LINESTRING (-58.484605510495186 -34.639789215350405, -58.484879138334286 -34.639918464174016)",Q722738,Juan Bautista Alberdi,Prócer,procer
20050,"ARAOZ DE LAMADRID, GREGORIO, GRAL.",GREGORIO ARAOZ DE LAMADRID,La Boca,La Boca,La Boca,4.0,CALLE,132.7361891049895,"LINESTRING (-58.36619704170582 -34.6396977006841, -58.366484050816545 -34.63973835174258, -58.36762519709711 -34.63989340854154)",Q357826,Gregorio Aráoz de La Madrid,Prócer,procer
20063,"PERON, EVA AV.",EVA PERON,Flores,Flores,Flores,7.0,AVENIDA,30.38164732862092,"LINESTRING (-58.45470780687044 -34.63978640743909, -58.45491270405371 -34.640001634900216)",Q40933,Eva Perón,PJ,politico
20076,"ACOSTA, MARIANO AV.",MARIANO ACOSTA,Parque Avellaneda,Parque Avellaneda,Parque Avellaneda,9.0,AVENIDA,131.6219617448755,"LINESTRING (-58.4757073465692 -34.63922177811009, -58.47466966440472 -34.64004160495781)",Q3847746,Mariano Acosta,Prócer,procer
20081,"POMAR, GREGORIO TTE. CNEL.",GREGORIO POMAR,Nueva Pompeya,Nueva Pompeya,Nueva Pompeya,4.0,CALLE,128.4026671475837,"LINESTRING (-58.41283559385781 -34.63980098787503, -58.414202992477605 -34.640050773575865)",Q5802179,Gregorio Pomar,UCR,politico
20093,"ALBERDI, JUAN BAUTISTA AV.",JUAN BAUTISTA ALBERDI,,Parque Avellaneda,Velez Sarsfield,,AVENIDA,46.42194073719187,"LINESTRING (-58.484879138334286 -34.639918464174016, -58.485318683069124 -34.640126133941784)",Q722738,Juan Bautista Alberdi,Prócer,procer
20100,"ARAOZ DE LAMADRID, GREGORIO, GRAL.",GREGORIO ARAOZ DE LAMADRID,La Boca,La Boca,La Boca,4.0,CALLE,150.9524240686932,"LINESTRING (-58.36762519709711 -34.63989340854154, -58.36924972993851 -34.64011411063935)",Q357826,Gregorio Aráoz de La Madrid,Prócer,procer
20108,"MITRE, EMILIO",EMILIO MITRE,Parque Chacabuco,Parque Chacabuco,Parque Chacabuco,7.0,CALLE,121.0019455494487,"LINESTRING (-58.43745886650872 -34.63914305114865, -58.43741989404173 -34.63925226922545, -58.43708389244314 -34.6401888255754)",Q5831227,Emilio Mitre,UCR,politico
20111,"PERON, EVA AV.",EVA PERON,Flores,Flores,Flores,7.0,AVENIDA,35.15842007108366,"LINESTRING (-58.45491270405371 -34.640001634900216, -58.45521686919223 -34.64019461490975)",Q40933,Eva Perón,PJ,politico
20125,"ALCORTA, AMANCIO AV.",AMANCIO ALCORTA,Barracas,Barracas,Barracas,4.0,AVENIDA,145.7661718321374,"LINESTRING (-58.38857511026883 -34.63947923770427, -58.38861426906945 -34.63951883950147, -58.3890302191917 -34.6398290257925, -58.38951185821786 -34.640051784868184, -58.38988466908934 -34.64020384215964)",Q453619,Amancio Alcorta,Prócer,procer
20140,"DE LA TORRE, LISANDRO",LISANDRO DE LA TORRE,Liniers,Liniers,Liniers,9.0,CALLE,72.41056748701897,"LINESTRING (-58.52122324590219 -34.63962950292158, -58.52122703345885 -34.63980746043851, -58.52120455810936 -34.639957190737924, -58.52115740712697 -34.64027869480315)",Q3543869,Lisandro de la Torre,UCR,politico
20147,"POMAR, GREGORIO TTE. CNEL.",GREGORIO POMAR,Nueva Pompeya,Nueva Pompeya,Nueva Pompeya,4.0,CALLE,127.2900540875805,"LINESTRING (-58.414202992477605 -34.640050773575865, -58.41555855695412 -34.64029835618874)",Q5802179,Gregorio Pomar,UCR,politico
20148,"ARAOZ DE LAMADRID, GREGORIO, GRAL.",GREGORIO ARAOZ DE LAMADRID,Barracas,Barracas,Barracas,4.0,CALLE,160.3886813570897,"LINESTRING (-58.36924972993851 -34.64011411063935, -58.37098722834072 -34.64028142550094)",Q357826,Gregorio Aráoz de La Madrid,Prócer,procer
20152,"PERON, EVA AV.",EVA PERON,Flores,Flores,Flores,7.0,AVENIDA,27.62823550080557,"LINESTRING (-58.45521686919223 -34.64019461490975, -58.4554629299074 -34.64033836464479)",Q40933,Eva Perón,PJ,politico
20158,"LEGUIZAMON, MARTINIANO",MARTINIANO LEGUIZAMON,Liniers,Liniers,Liniers,9.0,CALLE,149.0307966164693,"LINESTRING (-58.51975465479243 -34.639008425486885, -58.519575860353775 -34.64034366076248)",Q6002391,Martiniano Leguizamón,Prócer,procer
20174,"POMAR, GREGORIO TTE. CNEL.",GREGORIO POMAR,Nueva Pompeya,Nueva Pompeya,Nueva Pompeya,4.0,CALLE,48.9924584574739,"LINESTRING (-58.41555855695412 -34.64029835618874, -58.41608030362111 -34.640393630573996)",Q5802179,Gregorio Pomar,UCR,politico
20178,"ARAOZ DE LAMADRID, GREGORIO, GRAL.",GREGORIO ARAOZ DE LAMADRID,Barracas,Barracas,Barracas,4.0,CALLE,95.21869934821203,"LINESTRING (-58.37098722834072 -34.64028142550094, -58.3720197367906 -34.64037340062229)",Q357826,Gregorio Aráoz de La Madrid,Prócer,procer
20200,"MORENO, JOSE MARIA AV.",JOSE MARIA MORENO,Parque Chacabuco,Parque Chacabuco,Parque Chacabuco,7.0,AVENIDA,116.3662118795813,"LINESTRING (-58.431612439191426 -34.63942716777934, -58.431580514379675 -34.63957990733118, -58.431393322337634 -34.64046035929241)",Q5943212,José María Moreno,Prócer,procer
20205,"ALBERDI, JUAN BAUTISTA AV.",JUAN BAUTISTA ALBERDI,,Parque Avellaneda,Velez Sarsfield,,AVENIDA,78.77078418940748,"LINESTRING (-58.485318683069124 -34.640126133941784, -58.48551561823284 -34.64021919764725, -58.486064755074366 -34.64047818318524)",Q722738,Juan Bautista Alberdi,Prócer,procer
20210,"ARAOZ DE LAMADRID, GREGORIO, GRAL.",GREGORIO ARAOZ DE LAMADRID,Barracas,Barracas,Barracas,4.0,CALLE,89.8851045996781,"LINESTRING (-58.3720197367906 -34.64037340062229, -58.372994398132114 -34.64046032413985)",Q357826,Gregorio Aráoz de La Madrid,Prócer,procer
20213,"PERON, EVA AV.",EVA PERON,Flores,Flores,Flores,7.0,AVENIDA,31.59706202380584,"LINESTRING (-58.4554629299074 -34.64033836464479, -58.45574435011304 -34.640502750061685)",Q40933,Eva Perón,PJ,politico
20221,"POMAR, GREGORIO TTE. CNEL.",GREGORIO POMAR,Nueva Pompeya,Nueva Pompeya,Nueva Pompeya,4.0,CALLE,59.30252823553373,"LINESTRING (-58.41608030362111 -34.640393630573996, -58.41671170015019 -34.640509508222905)",Q5802179,Gregorio Pomar,UCR,politico
20245,"MARTINEZ, VICTOR",VICTOR MARTINEZ,Parque Chacabuco,Parque Chacabuco,Parque Chacabuco,7.0,CALLE,122.4258742596745,"LINESTRING (-58.4389324582529 -34.6395138507824, -58.43861198251416 -34.64044224532039, -58.438566357847535 -34.640575124574276)",Q946295,Víctor Martínez,UCR,politico
20248,"ARAOZ DE LAMADRID, GREGORIO, GRAL.",GREGORIO ARAOZ DE LAMADRID,Barracas,Barracas,Barracas,4.0,CALLE,115.238880460515,"LINESTRING (-58.372994398132114 -34.64046032413985, -58.37424399545009 -34.64057166650122)",Q357826,Gregorio Aráoz de La Madrid,Prócer,procer
20262,"PERON, EVA AV.",EVA PERON,Flores,Flores,Flores,7.0,AVENIDA,31.19834206597132,"LINESTRING (-58.45574435011304 -34.640502750061685, -58.4560221929455 -34.640665092339766)",Q40933,Eva Perón,PJ,politico
20278,"POMAR, GREGORIO TTE. CNEL.",GREGORIO POMAR,Nueva Pompeya,Nueva Pompeya,Nueva Pompeya,4.0,CALLE,58.62361373632505,"LINESTRING (-58.420036812024854 -34.640615734034135, -58.42066157147463 -34.64072806772009)",Q5802179,Gregorio Pomar,UCR,politico
20291,"POMAR, GREGORIO TTE. CNEL.",GREGORIO POMAR,Nueva Pompeya,Nueva Pompeya,Nueva Pompeya,4.0,CALLE,144.5418275103432,"LINESTRING (-58.41671170015019 -34.640509508222905, -58.418250710065024 -34.64079170860586)",Q5802179,Gregorio Pomar,UCR,politico
20296,"PERON, EVA AV.",EVA PERON,Flores,Flores,Flores,7.0,AVENIDA,27.24227599570784,"LINESTRING (-58.4560221929455 -34.640665092339766, -58.456264848356895 -34.64080679797109)",Q40933,Eva Perón,PJ,politico
20305,"ALCORTA, AMANCIO AV.",AMANCIO ALCORTA,,Barracas,Parque Patricios,,AVENIDA,161.2236949320913,"LINESTRING (-58.38988466908934 -34.64020384215964, -58.39024717518157 -34.64035159632475, -58.3914743285166 -34.640824864489296)",Q453619,Amancio Alcorta,Prócer,procer
20313,"ALBERDI, JUAN BAUTISTA AV.",JUAN BAUTISTA ALBERDI,,Parque Avellaneda,Velez Sarsfield,,AVENIDA,95.2334879918668,"LINESTRING (-58.486064755074366 -34.64047818318524, -58.48696686717597 -34.64090364901057)",Q722738,Juan Bautista Alberdi,Prócer,procer
20316,"ACOSTA, MARIANO AV.",MARIANO ACOSTA,Parque Avellaneda,Parque Avellaneda,Parque Avellaneda,9.0,AVENIDA,141.5791505703077,"LINESTRING (-58.47466966440472 -34.64004160495781, -58.473553494320285 -34.64092347229131)",Q3847746,Mariano Acosta,Prócer,procer
20336,"MORENO, JOSE MARIA AV.",JOSE MARIA MORENO,Parque Chacabuco,Parque Chacabuco,Parque Chacabuco,7.0,AVENIDA,55.984635317306,"LINESTRING (-58.431393322337634 -34.64046035929241, -58.431360458729834 -34.640614999939956, -58.431282363782806 -34.64095660217655)",Q5943212,José María Moreno,Prócer,procer
20345,"POMAR, GREGORIO TTE. CNEL.",GREGORIO POMAR,Nueva Pompeya,Nueva Pompeya,Nueva Pompeya,4.0,CALLE,130.2953855984151,"LINESTRING (-58.42066157147463 -34.64072806772009, -58.42205014009128 -34.64097777281469)",Q5802179,Gregorio Pomar,UCR,politico
20362,"POMAR, GREGORIO TTE. CNEL.",GREGORIO POMAR,Nueva Pompeya,Nueva Pompeya,Nueva Pompeya,4.0,CALLE,127.9535054657937,"LINESTRING (-58.418250710065024 -34.64079170860586, -58.41847273593731 -34.64083242457475, -58.419613967786724 -34.641038263039476)",Q5802179,Gregorio Pomar,UCR,politico
20378,"PERON, EVA AV.",EVA PERON,Flores,Flores,Flores,7.0,AVENIDA,62.73240481501942,"LINESTRING (-58.456264848356895 -34.64080679797109, -58.45683920078206 -34.641114085973996)",Q40933,Eva Perón,PJ,politico
20403,"POMAR, GREGORIO TTE. CNEL.",GREGORIO POMAR,Nueva Pompeya,Nueva Pompeya,Nueva Pompeya,4.0,CALLE,111.3001919338881,"LINESTRING (-58.42205014009128 -34.64097777281469, -58.42323628317384 -34.64119105741767)",Q5802179,Gregorio Pomar,UCR,politico
20413,"POMAR, GREGORIO TTE. CNEL.",GREGORIO POMAR,Nueva Pompeya,Nueva Pompeya,Nueva Pompeya,4.0,CALLE,86.58566715838097,"LINESTRING (-58.419613967786724 -34.641038263039476, -58.42053658478144 -34.641204718244175)",Q5802179,Gregorio Pomar,UCR,politico
20440,"ALBERDI, JUAN BAUTISTA AV.",JUAN BAUTISTA ALBERDI,,Parque Avellaneda,Velez Sarsfield,,AVENIDA,88.44161664272549,"LINESTRING (-58.48696686717597 -34.64090364901057, -58.4878046483412 -34.64129876869728)",Q722738,Juan Bautista Alberdi,Prócer,procer
20467,"DE LA TORRE, LISANDRO",LISANDRO DE LA TORRE,Liniers,Liniers,Liniers,9.0,CALLE,123.7514305443683,"LINESTRING (-58.52115740712697 -34.64027869480315, -58.52099500488854 -34.64138610524753)",Q3543869,Lisandro de la Torre,UCR,politico
20492,"LEGUIZAMON, MARTINIANO",MARTINIANO LEGUIZAMON,Liniers,Liniers,Liniers,9.0,CALLE,123.7825263377666,"LINESTRING (-58.519575860353775 -34.64034366076248, -58.51942732679656 -34.64145268244994)",Q6002391,Martiniano Leguizamón,Prócer,procer
20503,"MORENO, JOSE MARIA AV.",JOSE MARIA MORENO,Parque Chacabuco,Parque Chacabuco,Parque Chacabuco,7.0,AVENIDA,60.57289258605689,"LINESTRING (-58.431282363782806 -34.64095660217655, -58.43115971499888 -34.64149312387723)",Q5943212,José María Moreno,Prócer,procer
20504,"PERON, EVA AV.",EVA PERON,Flores,Flores,Flores,7.0,AVENIDA,86.62693970830315,"LINESTRING (-58.45683920078206 -34.641114085973996, -58.45766201592609 -34.641497862535765)",Q40933,Eva Perón,PJ,politico
20513,"MITRE, EMILIO",EMILIO MITRE,Parque Chacabuco,Parque Chacabuco,Parque Chacabuco,7.0,CALLE,153.2134982012388,"LINESTRING (-58.43708389244314 -34.6401888255754, -58.43660895737534 -34.641512959530814)",Q5831227,Emilio Mitre,UCR,politico
20527,"ALCORTA, AMANCIO AV.",AMANCIO ALCORTA,Parque Patricios,Parque Patricios,Parque Patricios,4.0,AVENIDA,228.9689761557584,"LINESTRING (-58.3914743285166 -34.640824864489296, -58.39177074862191 -34.6409391241857, -58.39349573223685 -34.64147379022555, -58.39380598319113 -34.64156143293915)",Q453619,Amancio Alcorta,Prócer,procer
20554,"PERON, EVA AV.",EVA PERON,Flores,Flores,Flores,7.0,AVENIDA,35.34267325796917,"LINESTRING (-58.45766201592609 -34.641497862535765, -58.4579977219118 -34.64165442825019)",Q40933,Eva Perón,PJ,politico
20562,"CHILAVERT, MARTINIANO, CORONEL",MARTINIANO CHILAVERT,Nueva Pompeya,Nueva Pompeya,Nueva Pompeya,4.0,CALLE,87.59340020124098,"LINESTRING (-58.42325002692176 -34.64113810372597, -58.42393619265768 -34.641687486804784)",Q6002386,Martiniano Chilavert,Prócer,procer
20571,"ALBERDI, JUAN BAUTISTA AV.",JUAN BAUTISTA ALBERDI,,Parque Avellaneda,Villa Luro,,AVENIDA,95.70255635610604,"LINESTRING (-58.4878046483412 -34.64129876869728, -58.488043516721305 -34.641411467926645, -58.48871052827637 -34.64172731942432)",Q722738,Juan Bautista Alberdi,Prócer,procer
20598,"ACOSTA, MARIANO AV.",MARIANO ACOSTA,Parque Avellaneda,Parque Avellaneda,Parque Avellaneda,9.0,AVENIDA,141.2143920034928,"LINESTRING (-58.473553494320285 -34.64092347229131, -58.472440197409455 -34.64180307552732)",Q3847746,Mariano Acosta,Prócer,procer
20607,"MARTINEZ, VICTOR",VICTOR MARTINEZ,Parque Chacabuco,Parque Chacabuco,Parque Chacabuco,7.0,CALLE,143.5377849129566,"LINESTRING (-58.438566357847535 -34.640575124574276, -58.43813892870144 -34.64181983673001)",Q946295,Víctor Martínez,UCR,politico
20632,"ALCORTA, AMANCIO AV.",AMANCIO ALCORTA,Parque Patricios,Parque Patricios,Parque Patricios,4.0,AVENIDA,123.4532015609005,"LINESTRING (-58.39380598319113 -34.64156143293915, -58.39500618847152 -34.6419006349286, -58.395072537328936 -34.64193454558917)",Q453619,Amancio Alcorta,Prócer,procer
20648,"PERON, EVA AV.",EVA PERON,Flores,Flores,Flores,7.0,AVENIDA,76.48890355521002,"LINESTRING (-58.4579977219118 -34.64165442825019, -58.458724265557784 -34.6419932634229)",Q40933,Eva Perón,PJ,politico
20650,"MITRE, EMILIO",EMILIO MITRE,Parque Chacabuco,Parque Chacabuco,Parque Chacabuco,7.0,CALLE,56.8248791764726,"LINESTRING (-58.43660895737534 -34.641512959530814, -58.43643276110963 -34.64200405183795)",Q5831227,Emilio Mitre,UCR,politico
20682,"ALBERDI, JUAN BAUTISTA AV.",JUAN BAUTISTA ALBERDI,,Parque Avellaneda,Villa Luro,,AVENIDA,87.96008539382751,"LINESTRING (-58.48871052827637 -34.64172731942432, -58.48954295759275 -34.64212144230316)",Q722738,Juan Bautista Alberdi,Prócer,procer
20702,"ALBERDI, JUAN BAUTISTA AV.",JUAN BAUTISTA ALBERDI,,Parque Avellaneda,Villa Luro,,AVENIDA,8.402393690355124,"LINESTRING (-58.48954295759275 -34.64212144230316, -58.48962246830335 -34.642159101546504)",Q722738,Juan Bautista Alberdi,Prócer,procer
20749,"MARTINEZ, VICTOR",VICTOR MARTINEZ,Parque Chacabuco,Parque Chacabuco,Parque Chacabuco,7.0,CALLE,55.55730134067515,"LINESTRING (-58.43813892870144 -34.64181983673001, -58.4381020866347 -34.64192715399122, -58.437970923782686 -34.64230100326407)",Q946295,Víctor Martínez,UCR,politico
20758,"PERON, EVA AV.",EVA PERON,Flores,Flores,Flores,7.0,AVENIDA,73.64478889116724,"LINESTRING (-58.458724265557784 -34.6419932634229, -58.459423804781665 -34.64231948765134)",Q40933,Eva Perón,PJ,politico
20781,"CHILAVERT, MARTINIANO, CORONEL",MARTINIANO CHILAVERT,Nueva Pompeya,Nueva Pompeya,Nueva Pompeya,4.0,CALLE,117.1272428350389,"LINESTRING (-58.42393619265768 -34.641687486804784, -58.424852342584956 -34.642423278309415)",Q6002386,Martiniano Chilavert,Prócer,procer
20809,"MITRE, EMILIO",EMILIO MITRE,Parque Chacabuco,Parque Chacabuco,Parque Chacabuco,7.0,CALLE,59.68268651961792,"LINESTRING (-58.43643276110963 -34.64200405183795, -58.43624777830272 -34.642519860421494)",Q5831227,Emilio Mitre,UCR,politico
20811,"LEGUIZAMON, MARTINIANO",MARTINIANO LEGUIZAMON,Liniers,Liniers,Liniers,9.0,CALLE,118.3987504259399,"LINESTRING (-58.51942732679656 -34.64145268244994, -58.519304478214266 -34.6423695776775, -58.51928676654389 -34.642513601101534)",Q6002391,Martiniano Leguizamón,Prócer,procer
20825,"ALCORTA, AMANCIO AV.",AMANCIO ALCORTA,Parque Patricios,Parque Patricios,Parque Patricios,4.0,AVENIDA,127.8932023276775,"LINESTRING (-58.395072537328936 -34.64193454558917, -58.3962589902041 -34.642540772013824)",Q453619,Amancio Alcorta,Prócer,procer
20827,"CASTRO, EMILIO",EMILIO CASTRO,Villa Luro,Villa Luro,Villa Luro,10.0,CALLE,70.2684577042456,"LINESTRING (-58.49095355141109 -34.64257416263416, -58.49055008159228 -34.64253133794471, -58.49020869995891 -34.642437914065404)",Q5402382,Emilio Castro,Prócer,procer
20846,"ACOSTA, MARIANO AV.",MARIANO ACOSTA,Parque Avellaneda,Parque Avellaneda,Parque Avellaneda,9.0,AVENIDA,132.8873210414611,"LINESTRING (-58.472440197409455 -34.64180307552732, -58.47139248234118 -34.64263076229003)",Q3847746,Mariano Acosta,Prócer,procer
20848,"DE LA TORRE, LISANDRO",LISANDRO DE LA TORRE,Liniers,Liniers,Liniers,9.0,CALLE,138.0125814958104,"LINESTRING (-58.52099500488854 -34.64138610524753, -58.52081385547198 -34.642621130818014)",Q3543869,Lisandro de la Torre,UCR,politico
20870,"ACOSTA, MARIANO AV.",MARIANO ACOSTA,Parque Avellaneda,Parque Avellaneda,Parque Avellaneda,9.0,AVENIDA,13.33352991287143,"LINESTRING (-58.47128734331908 -34.642713798097105, -58.47139248234118 -34.64263076229003)",Q3847746,Mariano Acosta,Prócer,procer
20871,"ARAOZ DE LAMADRID, GREGORIO, GRAL.",GREGORIO ARAOZ DE LAMADRID,Barracas,Barracas,Barracas,4.0,CALLE,95.34240235845854,"LINESTRING (-58.37549037642358 -34.642525051233235, -58.376012599930256 -34.642541271330145, -58.376157427263045 -34.64256658637618, -58.37632242783089 -34.64261219749427, -58.376496773301106 -34.64268485751345)",Q357826,Gregorio Aráoz de La Madrid,Prócer,procer
20885,"ALBERDI, JUAN BAUTISTA AV.",JUAN BAUTISTA ALBERDI,,Parque Avellaneda,Villa Luro,,AVENIDA,40.24139262907763,"LINESTRING (-58.49020869995891 -34.642437914065404, -58.490588388939074 -34.64261986841488)",Q722738,Juan Bautista Alberdi,Prócer,procer
20892,"CASTRO, EMILIO",EMILIO CASTRO,Villa Luro,Villa Luro,Villa Luro,10.0,CALLE,136.5104202763856,"LINESTRING (-58.49095355141109 -34.64257416263416, -58.49242031386744 -34.64278544272671)",Q5402382,Emilio Castro,Prócer,procer
20912,"MARTINEZ, VICTOR",VICTOR MARTINEZ,Parque Chacabuco,Parque Chacabuco,Parque Chacabuco,7.0,CALLE,60.76418159907396,"LINESTRING (-58.437970923782686 -34.64230100326407, -58.43778645793938 -34.6428270960428)",Q946295,Víctor Martínez,UCR,politico
20924,"NAVARRO VIOLA, MIGUEL",MIGUEL NAVARRO VIOLA,Flores,Flores,Flores,7.0,CALLE,101.7181025454537,"LINESTRING (-58.4519714888062 -34.64254036300699, -58.45300408506369 -34.642875598250406)",Q6014830,Miguel Navarro Viola,Prócer,procer
20929,"PERON, EVA AV.",EVA PERON,Flores,Flores,Flores,7.0,AVENIDA,136.0284470274379,"LINESTRING (-58.459423804781665 -34.64231948765134, -58.46071596442034 -34.64292199179925)",Q40933,Eva Perón,PJ,politico
20938,"CASTRO, EMILIO",EMILIO CASTRO,Villa Luro,Villa Luro,Villa Luro,10.0,CALLE,135.9568231019991,"LINESTRING (-58.49242031386744 -34.64278544272671, -58.492602243165486 -34.64281201909239, -58.49388928265061 -34.64295170423668)",Q5402382,Emilio Castro,Prócer,procer
20990,"ALBERDI, JUAN BAUTISTA AV.",JUAN BAUTISTA ALBERDI,,Parque Avellaneda,Villa Luro,,AVENIDA,80.2551629067207,"LINESTRING (-58.490877777162105 -34.64275854755233, -58.491634977068664 -34.64312147562333)",Q722738,Juan Bautista Alberdi,Prócer,procer
21000,"CHILAVERT, MARTINIANO, CORONEL",MARTINIANO CHILAVERT,Nueva Pompeya,Nueva Pompeya,Nueva Pompeya,4.0,CALLE,117.4532208692151,"LINESTRING (-58.424852342584956 -34.642423278309415, -58.42577106403995 -34.64316110590991)",Q6002386,Martiniano Chilavert,Prócer,procer
21002,"CASTRO, EMILIO",EMILIO CASTRO,Villa Luro,Villa Luro,Villa Luro,10.0,CALLE,138.3248068596484,"LINESTRING (-58.49388928265061 -34.64295170423668, -58.49537319142677 -34.643176677004355)",Q5402382,Emilio Castro,Prócer,procer
21028,"ALCORTA, AMANCIO AV.",AMANCIO ALCORTA,Parque Patricios,Parque Patricios,Parque Patricios,4.0,AVENIDA,160.3197117302032,"LINESTRING (-58.3962589902041 -34.642540772013824, -58.39774629676196 -34.643300671320674)",Q453619,Amancio Alcorta,Prócer,procer
21035,"ARAOZ DE LAMADRID, GREGORIO, GRAL.",GREGORIO ARAOZ DE LAMADRID,Barracas,Barracas,Barracas,4.0,CALLE,142.2647127274043,"LINESTRING (-58.376496773301106 -34.64268485751345, -58.376736360447865 -34.642784676505066, -58.37754400165 -34.643163348746725, -58.37784642069647 -34.643316660851276)",Q357826,Gregorio Aráoz de La Madrid,Prócer,procer
21049,"CASTRO, EMILIO",EMILIO CASTRO,Villa Luro,Villa Luro,Villa Luro,10.0,CALLE,129.0863318189941,"LINESTRING (-58.49537319142677 -34.643176677004355, -58.49675800405221 -34.64338658838482)",Q5402382,Emilio Castro,Prócer,procer
21051,"CASTRO, EMILIO",EMILIO CASTRO,Villa Luro,Villa Luro,Villa Luro,10.0,CALLE,34.76360773120766,"LINESTRING (-58.49675800405221 -34.64338658838482, -58.4971362556928 -34.64340824476785)",Q5402382,Emilio Castro,Prócer,procer
21067,"LEGUIZAMON, MARTINIANO",MARTINIANO LEGUIZAMON,Liniers,Liniers,Liniers,9.0,CALLE,102.3429293745091,"LINESTRING (-58.51928676654389 -34.642513601101534, -58.51917388493687 -34.64343140696299)",Q6002391,Martiniano Leguizamón,Prócer,procer
21073,"ALBERDI, JUAN BAUTISTA AV.",JUAN BAUTISTA ALBERDI,,Parque Avellaneda,Villa Luro,,AVENIDA,73.71890440442415,"LINESTRING (-58.491634977068664 -34.64312147562333, -58.49233056704808 -34.64345476551674)",Q722738,Juan Bautista Alberdi,Prócer,procer
21096,"DE LA TORRE, LISANDRO",LISANDRO DE LA TORRE,Liniers,Liniers,Liniers,9.0,CALLE,97.98406104272661,"LINESTRING (-58.52081385547198 -34.642621130818014, -58.52068528383136 -34.643497959200836)",Q3543869,Lisandro de la Torre,UCR,politico
21120,"DELLEPIANE, LUIS, TTE. GRAL.",LUIS DELLEPIANE,Flores,Flores,Flores,7.0,AVENIDA,66.95617284563328,"LINESTRING (-58.4619799055992 -34.642718391932725, -58.46213400741506 -34.642758350240975, -58.4622396653239 -34.642796590966924, -58.46231234774187 -34.64282750733268, -58.46238494488539 -34.64286933923987, -58.462442119336565 -34.6429130724206, -58.46249937896969 -34.64296581973559, -58.462569660609816 -34.64304572479746)",Q126856409,Luis Dellepiane,UCR,politico
21172,"ACOSTA, MARIANO AV.",MARIANO ACOSTA,Parque Avellaneda,Parque Avellaneda,Parque Avellaneda,9.0,AVENIDA,159.9078433397215,"LINESTRING (-58.47128734331908 -34.642713798097105, -58.470026595972975 -34.643709798034536)",Q3847746,Mariano Acosta,Prócer,procer
21208,"DELLEPIANE, LUIS, TTE. GRAL.",LUIS DELLEPIANE,Flores,Flores,Flores,7.0,AVENIDA,80.10331954992058,"LINESTRING (-58.46118498961801 -34.642944092908635, -58.461039666524634 -34.643112915336054, -58.460951896628806 -34.64328629542042, -58.46093663913259 -34.643466014944764, -58.46092854158183 -34.643612634546706)",Q126856409,Luis Dellepiane,UCR,politico
21222,"CHILAVERT, MARTINIANO, CORONEL",MARTINIANO CHILAVERT,Nueva Pompeya,Nueva Pompeya,Nueva Pompeya,4.0,CALLE,112.0332777361958,"LINESTRING (-58.42577106403995 -34.64316110590991, -58.426647382389696 -34.64386489940315)",Q6002386,Martiniano Chilavert,Prócer,procer
21229,"CASTRO, EMILIO AV.",EMILIO CASTRO,,Mataderos,Villa Luro,,AVENIDA,110.5366119807215,"LINESTRING (-58.4971362556928 -34.64340824476785, -58.4981847033348 -34.64390013653933)",Q5402382,Emilio Castro,Prócer,procer
21247,"ARAOZ DE LAMADRID, GREGORIO, GRAL.",GREGORIO ARAOZ DE LAMADRID,Barracas,Barracas,Barracas,4.0,CALLE,149.0157908754942,"LINESTRING (-58.37784642069647 -34.643316660851276, -58.37807440679558 -34.64343217342773, -58.379237863559936 -34.644010802456656)",Q357826,Gregorio Aráoz de La Madrid,Prócer,procer
21249,"PERON, EVA AV.",EVA PERON,Flores,Flores,Flores,7.0,AVENIDA,52.03691397305643,"LINESTRING (-58.46258582906395 -34.64385704403927, -58.46310742502127 -34.64404195798676)",Q40933,Eva Perón,PJ,politico
21250,"DELLEPIANE, LUIS, TTE. GRAL.",LUIS DELLEPIANE,Flores,Flores,Flores,7.0,AVENIDA,60.1168824051946,"LINESTRING (-58.462758920343944 -34.643582939032214, -58.46310742502127 -34.64404195798676)",Q126856409,Luis Dellepiane,UCR,politico
21251,"ALVAREZ, CRISOSTOMO",CRISOSTOMO ALVAREZ,Flores,Flores,Flores,7.0,CALLE,116.625056776336,"LINESTRING (-58.45442164886111 -34.643345361540334, -58.455369446844635 -34.64404648904514)",Q6299540,Juan Crisóstomo Álvarez,Prócer,procer
21259,"ALCORTA, AMANCIO AV.",AMANCIO ALCORTA,Parque Patricios,Parque Patricios,Parque Patricios,4.0,AVENIDA,154.9300440247462,"LINESTRING (-58.39774629676196 -34.643300671320674, -58.39808997733193 -34.64347620912223, -58.399167170082166 -34.64405643295079)",Q453619,Amancio Alcorta,Prócer,procer
21270,"ALBERDI, JUAN BAUTISTA AV.",JUAN BAUTISTA ALBERDI,,Parque Avellaneda,Villa Luro,,AVENIDA,141.3086580432852,"LINESTRING (-58.49233056704808 -34.64345476551674, -58.493663896180244 -34.64409367147531)",Q722738,Juan Bautista Alberdi,Prócer,procer
21283,"PAZ, JOSE C.",JOSE C. PAZ,Parque Patricios,Parque Patricios,Parque Patricios,4.0,CALLE,188.0478670358311,"LINESTRING (-58.402219575908305 -34.64379102599164, -58.40422882841981 -34.64413131432172)",Q6291756,José C. Paz,Prócer,procer
21347,"PERON, EVA AV.",EVA PERON,Flores,Flores,Flores,7.0,AVENIDA,75.58988374027847,"LINESTRING (-58.46310742502127 -34.64404195798676, -58.46316647530792 -34.644062592039525, -58.46383077221483 -34.64436829770793)",Q40933,Eva Perón,PJ,politico
21362,"CASTRO, EMILIO AV.",EMILIO CASTRO,,Mataderos,Villa Luro,,AVENIDA,109.1867313721245,"LINESTRING (-58.4981847033348 -34.64390013653933, -58.49922029408718 -34.64438610749963)",Q5402382,Emilio Castro,Prócer,procer
21369,"PAZ, JOSE C.",JOSE C. PAZ,Parque Patricios,Parque Patricios,Parque Patricios,4.0,CALLE,131.9663380402307,"LINESTRING (-58.40422882841981 -34.64413131432172, -58.40563862855006 -34.64437107549842)",Q6291756,José C. Paz,Prócer,procer
21372,"LEGUIZAMON, MARTINIANO",MARTINIANO LEGUIZAMON,Liniers,Liniers,Liniers,9.0,CALLE,109.8033923468725,"LINESTRING (-58.51917388493687 -34.64343140696299, -58.51905278026831 -34.64441611828982)",Q6002391,Martiniano Leguizamón,Prócer,procer
21393,"PAZ, JOSE C.",JOSE C. PAZ,Parque Patricios,Parque Patricios,Parque Patricios,4.0,CALLE,64.45019926203973,"LINESTRING (-58.40563862855006 -34.64437107549842, -58.40632781413409 -34.64448548484229)",Q6291756,José C. Paz,Prócer,procer
21395,"DE LA TORRE, LISANDRO",LISANDRO DE LA TORRE,Liniers,Liniers,Liniers,9.0,CALLE,110.4437706440436,"LINESTRING (-58.52068528383136 -34.643497959200836, -58.52054025536504 -34.644486274818384)",Q3543869,Lisandro de la Torre,UCR,politico
21407,"DELLEPIANE, LUIS, TTE. GRAL.",LUIS DELLEPIANE,Flores,Flores,Flores,7.0,AVENIDA,50.65149661863169,"LINESTRING (-58.46267285537585 -34.64406759054145, -58.46264652494116 -34.644147943180954, -58.462830104035596 -34.644489056561085)",Q126856409,Luis Dellepiane,UCR,politico
21432,"MARTINEZ, PLACIDO",PLACIDO MARTINEZ,Parque Chacabuco,Parque Chacabuco,Parque Chacabuco,7.0,PASAJE,156.5543763638137,"LINESTRING (-58.439860398073094 -34.6432492059876, -58.43936460559875 -34.64459961382155)",Q6080927,Plácido Martínez,Prócer,procer
21435,"PAZ, JOSE C.",JOSE C. PAZ,Parque Patricios,Parque Patricios,Parque Patricios,4.0,CALLE,60.52940775592405,"LINESTRING (-58.40632781413409 -34.64448548484229, -58.40697508289985 -34.64459289905029)",Q6291756,José C. Paz,Prócer,procer
21449,"ALCORTA, AMANCIO AV.",AMANCIO ALCORTA,Parque Patricios,Parque Patricios,Parque Patricios,4.0,AVENIDA,118.2690344605807,"LINESTRING (-58.399167170082166 -34.64405643295079, -58.4002479553458 -34.64463840965261)",Q453619,Amancio Alcorta,Prócer,procer
21454,"LEGUIZAMON, MARTINIANO",MARTINIANO LEGUIZAMON,Liniers,Liniers,Liniers,9.0,CALLE,75.45213539475387,"LINESTRING (-58.51905278026831 -34.64441611828982, -58.519045067911385 -34.644478516684075, -58.51902243619174 -34.644656979164935, -58.51863518352482 -34.64495596070344)",Q6002391,Martiniano Leguizamón,Prócer,procer
21473,"ACOSTA, MARIANO AV.",MARIANO ACOSTA,Parque Avellaneda,Parque Avellaneda,Parque Avellaneda,9.0,AVENIDA,160.9126936144328,"LINESTRING (-58.470026595972975 -34.643709798034536, -58.46989461493716 -34.64381410188655, -58.4687601099177 -34.64471395411434)",Q3847746,Mariano Acosta,Prócer,procer
21478,"PAZ, JOSE C.",JOSE C. PAZ,Parque Patricios,Parque Patricios,Parque Patricios,4.0,CALLE,66.6810202255507,"LINESTRING (-58.40697508289985 -34.64459289905029, -58.40768812842652 -34.644711255415615)",Q6291756,José C. Paz,Prócer,procer
21481,"NOEL, CARLOS INT.",CARLOS NOEL,Liniers,Liniers,Liniers,9.0,CALLE,110.2136333665166,"LINESTRING (-58.52538984506404 -34.643720022711236, -58.52530435084386 -34.644710989679936)",Q5751149,Carlos Noël,UCR,politico
21485,"ALBERDI, JUAN BAUTISTA AV.",JUAN BAUTISTA ALBERDI,,Parque Avellaneda,Villa Luro,,AVENIDA,148.6698290920557,"LINESTRING (-58.493663896180244 -34.64409367147531, -58.494839492714775 -34.64465703968477, -58.494962718070106 -34.64468658545833, -58.49508075460059 -34.64473951293111)",Q722738,Juan Bautista Alberdi,Prócer,procer
21514,"PAZ, JOSE C.",JOSE C. PAZ,Parque Patricios,Parque Patricios,Parque Patricios,4.0,CALLE,63.73314966868302,"LINESTRING (-58.40768812842652 -34.644711255415615, -58.408369651550466 -34.6448243821064)",Q6291756,José C. Paz,Prócer,procer
21520,"PERON, EVA AV.",EVA PERON,Flores,Flores,Flores,7.0,AVENIDA,108.6581109762111,"LINESTRING (-58.46383077221483 -34.64436829770793, -58.46486616825418 -34.644844842007124)",Q40933,Eva Perón,PJ,politico
21524,"ALBERDI, JUAN BAUTISTA AV.",JUAN BAUTISTA ALBERDI,,Parque Avellaneda,Villa Luro,,AVENIDA,22.03079279568828,"LINESTRING (-58.49508075460059 -34.64473951293111, -58.495253143176164 -34.64487785751645)",Q722738,Juan Bautista Alberdi,Prócer,procer
21532,"CASTRO, EMILIO AV.",EMILIO CASTRO,,Mataderos,Villa Luro,,AVENIDA,108.2942722965955,"LINESTRING (-58.49922029408718 -34.64438610749963, -58.50024745929494 -34.64486805805896)",Q5402382,Emilio Castro,Prócer,procer
21564,"ALVAREZ, CRISOSTOMO",CRISOSTOMO ALVAREZ,Flores,Flores,Flores,7.0,CALLE,149.340598557669,"LINESTRING (-58.455369446844635 -34.64404648904514, -58.45658318664274 -34.64494424536278)",Q6299540,Juan Crisóstomo Álvarez,Prócer,procer
21575,"ALCORTA, AMANCIO AV.",AMANCIO ALCORTA,Parque Patricios,Parque Patricios,Parque Patricios,4.0,AVENIDA,64.66333806239669,"LINESTRING (-58.4002479553458 -34.64463840965261, -58.40083882046043 -34.644956673993015)",Q453619,Amancio Alcorta,Prócer,procer
21580,"DELLEPIANE, LUIS, TTE. GRAL.",LUIS DELLEPIANE,Flores,Flores,Flores,7.0,AVENIDA,56.70822977087735,"LINESTRING (-58.462830104035596 -34.644489056561085, -58.46286261985486 -34.64462816787524, -58.462965887922046 -34.64498766967081)",Q126856409,Luis Dellepiane,UCR,politico
21603,"PAZ, JOSE C.",JOSE C. PAZ,Parque Patricios,Parque Patricios,Parque Patricios,4.0,CALLE,125.7855232528983,"LINESTRING (-58.408369651550466 -34.6448243821064, -58.409714725813906 -34.64504765839248)",Q6291756,José C. Paz,Prócer,procer
21643,"ALCORTA, AMANCIO AV.",AMANCIO ALCORTA,Parque Patricios,Parque Patricios,Parque Patricios,4.0,AVENIDA,43.96490882083635,"LINESTRING (-58.40083882046043 -34.644956673993015, -58.40124059774823 -34.64517300758782)",Q453619,Amancio Alcorta,Prócer,procer
21668,"PAZ, JOSE C.",JOSE C. PAZ,Parque Patricios,Parque Patricios,Parque Patricios,4.0,CALLE,130.420522382937,"LINESTRING (-58.409714725813906 -34.64504765839248, -58.40995277926407 -34.64508712927327, -58.41110896782967 -34.645280800123565)",Q6291756,José C. Paz,Prócer,procer
21682,"CASTRO, EMILIO AV.",EMILIO CASTRO,,Mataderos,Villa Luro,,AVENIDA,108.1857445898424,"LINESTRING (-58.50024745929494 -34.64486805805896, -58.50127361362666 -34.64534950727735)",Q5402382,Emilio Castro,Prócer,procer
21686,"CHILAVERT, MARTINIANO, CORONEL",MARTINIANO CHILAVERT,Nueva Pompeya,Nueva Pompeya,Nueva Pompeya,4.0,CALLE,57.54548185909474,"LINESTRING (-58.427594009340176 -34.64497709071751, -58.428025441720095 -34.64535383901976)",Q6002386,Martiniano Chilavert,Prócer,procer
21688,"PERON, EVA AV.",EVA PERON,Parque Avellaneda,Parque Avellaneda,Parque Avellaneda,9.0,AVENIDA,119.2549976036462,"LINESTRING (-58.46486616825418 -34.644844842007124, -58.46600255268978 -34.645367854530065)",Q40933,Eva Perón,PJ,politico
21719,"ALCORTA, AMANCIO AV.",AMANCIO ALCORTA,Parque Patricios,Parque Patricios,Parque Patricios,4.0,AVENIDA,64.06192120059443,"LINESTRING (-58.40124059774823 -34.64517300758782, -58.401840945723464 -34.64546845479397)",Q453619,Amancio Alcorta,Prócer,procer
21735,"DELLEPIANE, LUIS, TTE. GRAL.",LUIS DELLEPIANE,Flores,Flores,Flores,7.0,AVENIDA,70.00663899895541,"LINESTRING (-58.462965887922046 -34.64498766967081, -58.463231318652554 -34.64557936503284)",Q126856409,Luis Dellepiane,UCR,politico
21736,"PAZ, JOSE C.",JOSE C. PAZ,Parque Patricios,Parque Patricios,Parque Patricios,4.0,CALLE,161.0652854681288,"LINESTRING (-58.41110896782967 -34.645280800123565, -58.41261960408638 -34.6455337632255, -58.41283073607834 -34.645569062332775)",Q6291756,José C. Paz,Prócer,procer
21739,"ACOSTA, MARIANO AV.",MARIANO ACOSTA,Parque Avellaneda,Parque Avellaneda,Parque Avellaneda,9.0,AVENIDA,141.33178739762,"LINESTRING (-58.4687601099177 -34.64471395411434, -58.46778321457064 -34.645488788958204, -58.46764594487341 -34.64559435815637)",Q3847746,Mariano Acosta,Prócer,procer
21748,"DE LA TORRE, LISANDRO",LISANDRO DE LA TORRE,Liniers,Liniers,Liniers,9.0,CALLE,123.9403887654757,"LINESTRING (-58.52054025536504 -34.644486274818384, -58.52037758232321 -34.645595373961655)",Q3543869,Lisandro de la Torre,UCR,politico
21751,"DELLEPIANE, LUIS, TTE. GRAL.",LUIS DELLEPIANE,Flores,Flores,Flores,7.0,AVENIDA,28.4872932871506,"LINESTRING (-58.46193253088967 -34.64543294775623, -58.46214845331368 -34.64561759935885)",Q126856409,Luis Dellepiane,UCR,politico
21764,"ALBERDI, JUAN BAUTISTA AV.",JUAN BAUTISTA ALBERDI,Mataderos,Mataderos,Mataderos,9.0,AVENIDA,111.1054544819656,"LINESTRING (-58.495253143176164 -34.64487785751645, -58.496035466104686 -34.64564271835891)",Q722738,Juan Bautista Alberdi,Prócer,procer
21787,"ALVAREZ, CRISOSTOMO",CRISOSTOMO ALVAREZ,Flores,Flores,Flores,7.0,CALLE,127.7240040148761,"LINESTRING (-58.45658318664274 -34.64494424536278, -58.457621255272564 -34.645712050798004)",Q6299540,Juan Crisóstomo Álvarez,Prócer,procer
21801,"CHILAVERT, MARTINIANO, CORONEL",MARTINIANO CHILAVERT,Nueva Pompeya,Nueva Pompeya,Nueva Pompeya,4.0,CALLE,62.48167113691975,"LINESTRING (-58.428025441720095 -34.64535383901976, -58.428503137382634 -34.64575552875858)",Q6002386,Martiniano Chilavert,Prócer,procer
21806,"PAZ, JOSE C.",JOSE C. PAZ,Nueva Pompeya,Nueva Pompeya,Nueva Pompeya,4.0,CALLE,31.50149289911426,"LINESTRING (-58.41421820705434 -34.645753996308144, -58.41456169831414 -34.64574723261056)",Q6291756,José C. Paz,Prócer,procer
21807,"PAZ, JOSE C.",JOSE C. PAZ,Nueva Pompeya,Nueva Pompeya,Nueva Pompeya,4.0,CALLE,129.3236477110169,"LINESTRING (-58.41283073607834 -34.645569062332775, -58.41396623393463 -34.64575889467259, -58.41421820705434 -34.645753996308144)",Q6291756,José C. Paz,Prócer,procer
21820,"ALCORTA, AMANCIO AV.",AMANCIO ALCORTA,Parque Patricios,Parque Patricios,Parque Patricios,4.0,AVENIDA,82.2531359175839,"LINESTRING (-58.40124059774823 -34.64517300758782, -58.40174663852418 -34.64578524069269)",Q453619,Amancio Alcorta,Prócer,procer
21826,"CASTRO, EMILIO AV.",EMILIO CASTRO,,Mataderos,Villa Luro,,AVENIDA,107.2757494681977,"LINESTRING (-58.50127361362666 -34.64534950727735, -58.50229789860064 -34.64581693422115)",Q5402382,Emilio Castro,Prócer,procer
21831,"NOEL, CARLOS INT.",CARLOS NOEL,Liniers,Liniers,Liniers,9.0,CALLE,122.7072786360403,"LINESTRING (-58.52530435084386 -34.644710989679936, -58.52523351021069 -34.64581554142157)",Q5751149,Carlos Noël,UCR,politico
21856,"LEGUIZAMON, MARTINIANO",MARTINIANO LEGUIZAMON,Liniers,Liniers,Liniers,9.0,CALLE,150.4995321685188,"LINESTRING (-58.51863518352482 -34.64495596070344, -58.517435593835025 -34.64588199939534)",Q6002391,Martiniano Leguizamón,Prócer,procer
21874,"PERON, EVA AV.",EVA PERON,Parque Avellaneda,Parque Avellaneda,Parque Avellaneda,9.0,AVENIDA,126.2506810326846,"LINESTRING (-58.46600255268978 -34.645367854530065, -58.46668598100372 -34.64567805661836, -58.46698046873718 -34.645837047384674, -58.46712311631954 -34.64600222865303)",Q40933,Eva Perón,PJ,politico
21875,"ACOSTA, MARIANO AV.",MARIANO ACOSTA,Parque Avellaneda,Parque Avellaneda,Parque Avellaneda,9.0,AVENIDA,65.91966689830458,"LINESTRING (-58.46764594487341 -34.64559435815637, -58.46735956048272 -34.645814651481416, -58.46721845552662 -34.64592740347624, -58.46712311631954 -34.64600222865303)",Q3847746,Mariano Acosta,Prócer,procer
21903,"ARAOZ DE LAMADRID, GREGORIO, GRAL.",GREGORIO ARAOZ DE LAMADRID,Barracas,Barracas,Barracas,4.0,CALLE,51.86927913959866,"LINESTRING (-58.38721842545963 -34.64597218448567, -58.387782838343036 -34.646004225693524)",Q357826,Gregorio Aráoz de La Madrid,Prócer,procer
21922,"ARAOZ DE LAMADRID, GREGORIO, GRAL.",GREGORIO ARAOZ DE LAMADRID,Barracas,Barracas,Barracas,4.0,CALLE,150.0249175466827,"LINESTRING (-58.387782838343036 -34.646004225693524, -58.38941532666219 -34.64609691654462)",Q357826,Gregorio Aráoz de La Madrid,Prócer,procer
21942,"CHILAVERT, MARTINIANO, CORONEL",MARTINIANO CHILAVERT,Nueva Pompeya,Nueva Pompeya,Nueva Pompeya,4.0,CALLE,67.53652666062344,"LINESTRING (-58.428503137382634 -34.64575552875858, -58.4290195104686 -34.64618969252403)",Q6002386,Martiniano Chilavert,Prócer,procer
21948,SALVIGNY (NO OFICIAL) - JOSE HERNANDEZ,SALVIGNY (NO OFICIAL) - JOSE HERNANDEZ,Flores,Flores,Flores,7.0,CALLE,35.5511745699097,"LINESTRING (-58.438851815445815 -34.64603339687221, -58.439101604791226 -34.64621049034896, -58.43915886415168 -34.646220994738314)",Q377623,José Hernández,Prócer,procer
21956,SALVIGNY (NO OFICIAL) - JOSE HERNANDEZ,SALVIGNY (NO OFICIAL) - JOSE HERNANDEZ,Flores,Flores,Flores,7.0,CALLE,29.95737225784067,"LINESTRING (-58.43915886415168 -34.646220994738314, -58.43947626021706 -34.646285142171074)",Q377623,José Hernández,Prócer,procer
21963,"ALCORTA, AMANCIO AV.",AMANCIO ALCORTA,Parque Patricios,Parque Patricios,Parque Patricios,4.0,AVENIDA,48.73040265588308,"LINESTRING (-58.401692960465255 -34.64612387818878, -58.401827666199715 -34.64614303082165, -58.40191422773519 -34.646161595695744, -58.40216336524529 -34.6463075670489)",Q453619,Amancio Alcorta,Prócer,procer
21964,"ALCORTA, AMANCIO AV.",AMANCIO ALCORTA,Parque Patricios,Parque Patricios,Parque Patricios,4.0,AVENIDA,69.40755368016828,"LINESTRING (-58.40174663852418 -34.64578524069269, -58.40216336524529 -34.6463075670489)",Q453619,Amancio Alcorta,Prócer,procer
21966,"CASTRO, EMILIO AV.",EMILIO CASTRO,,Mataderos,Liniers,,AVENIDA,110.2965808754205,"LINESTRING (-58.50229789860064 -34.64581693422115, -58.50333720838343 -34.64631765770947)",Q5402382,Emilio Castro,Prócer,procer
21974,"ALBERDI, JUAN BAUTISTA AV.",JUAN BAUTISTA ALBERDI,Mataderos,Mataderos,Mataderos,9.0,AVENIDA,103.1381158755815,"LINESTRING (-58.496035466104686 -34.64564271835891, -58.49678645619976 -34.64633491429271)",Q722738,Juan Bautista Alberdi,Prócer,procer
21978,SALVIGNY (NO OFICIAL) - JOSE HERNANDEZ,SALVIGNY (NO OFICIAL) - JOSE HERNANDEZ,Flores,Flores,Flores,7.0,CALLE,30.23024135651354,"LINESTRING (-58.43947626021706 -34.646285142171074, -58.43979655382252 -34.64634985272039)",Q377623,José Hernández,Prócer,procer
21989,"DE LA TORRE, LISANDRO",LISANDRO DE LA TORRE,Liniers,Liniers,Liniers,9.0,CALLE,85.76173003803784,"LINESTRING (-58.52037758232321 -34.645595373961655, -58.520265031838946 -34.646362826934656)",Q3543869,Lisandro de la Torre,UCR,politico
21996,SALVIGNY (NO OFICIAL) - JOSE HERNANDEZ,SALVIGNY (NO OFICIAL) - JOSE HERNANDEZ,Flores,Flores,Flores,7.0,CALLE,28.5665512688217,"LINESTRING (-58.43979655382252 -34.64634985272039, -58.440099209998785 -34.646411037919094)",Q377623,José Hernández,Prócer,procer
22011,"ALVAREZ, CRISOSTOMO",CRISOSTOMO ALVAREZ,Flores,Flores,Flores,7.0,CALLE,123.932878260404,"LINESTRING (-58.457621255272564 -34.645712050798004, -58.45850204803926 -34.646363502267384, -58.45863028705394 -34.646455409379605)",Q6299540,Juan Crisóstomo Álvarez,Prócer,procer
22025,SALVIGNY (NO OFICIAL) - JOSE HERNANDEZ,SALVIGNY (NO OFICIAL) - JOSE HERNANDEZ,Flores,Flores,Flores,7.0,CALLE,31.42020542238164,"LINESTRING (-58.440099209998785 -34.646411037919094, -58.44043211527975 -34.64647828442792)",Q377623,José Hernández,Prócer,procer
22043,SALVIGNY (NO OFICIAL) - JOSE HERNANDEZ,SALVIGNY (NO OFICIAL) - JOSE HERNANDEZ,Flores,Flores,Flores,7.0,CALLE,27.57559079858508,"LINESTRING (-58.44043211527975 -34.64647828442792, -58.440724291876045 -34.64653728299281)",Q377623,José Hernández,Prócer,procer
22044,"DELLEPIANE, LUIS, TTE. GRAL.",LUIS DELLEPIANE,Flores,Flores,Flores,7.0,AVENIDA,111.1675147545085,"LINESTRING (-58.46214845331368 -34.64561759935885, -58.46225769273497 -34.645735559033774, -58.46258072226172 -34.64654627203072)",Q126856409,Luis Dellepiane,UCR,politico
22049,"ACOSTA, MARIANO",MARIANO ACOSTA,Parque Avellaneda,Parque Avellaneda,Parque Avellaneda,9.0,CALLE,88.01055458407592,"LINESTRING (-58.46712311631954 -34.64600222865303, -58.46643376525681 -34.64655433254202)",Q3847746,Mariano Acosta,Prócer,procer
22062,SALVIGNY (NO OFICIAL) - JOSE HERNANDEZ,SALVIGNY (NO OFICIAL) - JOSE HERNANDEZ,Flores,Flores,Flores,7.0,CALLE,31.58126182253093,"LINESTRING (-58.440724291876045 -34.64653728299281, -58.4410589023194 -34.64660488022043)",Q377623,José Hernández,Prócer,procer
22075,SALVIGNY (NO OFICIAL) - JOSE HERNANDEZ,SALVIGNY (NO OFICIAL) - JOSE HERNANDEZ,Flores,Flores,Flores,7.0,CALLE,13.6722522280361,"LINESTRING (-58.4410589023194 -34.64660488022043, -58.44119778648402 -34.64664976497803)",Q377623,José Hernández,Prócer,procer
22078,"NOEL, CARLOS INT.",CARLOS NOEL,Liniers,Liniers,Liniers,9.0,CALLE,91.47009120995222,"LINESTRING (-58.52523351021069 -34.64581554142157, -58.525162543396284 -34.64663797815765)",Q5751149,Carlos Noël,UCR,politico
22079,"PERON, EVA AV.",EVA PERON,Parque Avellaneda,Parque Avellaneda,Parque Avellaneda,9.0,AVENIDA,82.54192703271173,"LINESTRING (-58.46712311631954 -34.64600222865303, -58.46724748628416 -34.64624427430901, -58.46754562016968 -34.64665746872654)",Q40933,Eva Perón,PJ,politico
22093,SALVIGNY (NO OFICIAL) - JOSE HERNANDEZ,SALVIGNY (NO OFICIAL) - JOSE HERNANDEZ,Flores,Flores,Flores,7.0,CALLE,18.66387772987684,"LINESTRING (-58.44119778648402 -34.64664976497803, -58.44139529802507 -34.646690505160116)",Q377623,José Hernández,Prócer,procer
22105,SALVIGNY (NO OFICIAL) - JOSE HERNANDEZ,SALVIGNY (NO OFICIAL) - JOSE HERNANDEZ,Flores,Flores,Flores,7.0,CALLE,14.77383617492714,"LINESTRING (-58.44139529802507 -34.646690505160116, -58.44155165437526 -34.64672271649586)",Q377623,José Hernández,Prócer,procer
22117,SALVIGNY (NO OFICIAL) - JOSE HERNANDEZ,SALVIGNY (NO OFICIAL) - JOSE HERNANDEZ,Flores,Flores,Flores,7.0,CALLE,15.19258892556546,"LINESTRING (-58.44155165437526 -34.64672271649586, -58.44171244165744 -34.64675584391554)",Q377623,José Hernández,Prócer,procer
22130,SALVIGNY (NO OFICIAL) - JOSE HERNANDEZ,SALVIGNY (NO OFICIAL) - JOSE HERNANDEZ,Flores,Flores,Flores,7.0,CALLE,13.98559264625506,"LINESTRING (-58.44171244165744 -34.64675584391554, -58.4418604478632 -34.64678636322253)",Q377623,José Hernández,Prócer,procer
22132,"CASTRO, EMILIO AV.",EMILIO CASTRO,,Mataderos,Liniers,,AVENIDA,107.4512144512668,"LINESTRING (-58.50333720838343 -34.64631765770947, -58.50435640939433 -34.64679584368032)",Q5402382,Emilio Castro,Prócer,procer
22139,SALVIGNY (NO OFICIAL) - JOSE HERNANDEZ,SALVIGNY (NO OFICIAL) - JOSE HERNANDEZ,Flores,Flores,Flores,7.0,CALLE,14.66203951765111,"LINESTRING (-58.4418604478632 -34.64678636322253, -58.44201561165208 -34.64681836248405)",Q377623,José Hernández,Prócer,procer
22148,"LEGUIZAMON, MARTINIANO",MARTINIANO LEGUIZAMON,Liniers,Liniers,Liniers,9.0,CALLE,152.2025552426688,"LINESTRING (-58.517435593835025 -34.64588199939534, -58.51727598722514 -34.64600524012098, -58.51638239185199 -34.64670458144839, -58.51622584573012 -34.646821481375326)",Q6002391,Martiniano Leguizamón,Prócer,procer
22151,"CHILAVERT, MARTINIANO, CORONEL",MARTINIANO CHILAVERT,Nueva Pompeya,Nueva Pompeya,Nueva Pompeya,4.0,CALLE,101.9317509265578,"LINESTRING (-58.4290195104686 -34.64618969252403, -58.4297989357058 -34.64684491425819)",Q6002386,Martiniano Chilavert,Prócer,procer
22153,SALVIGNY (NO OFICIAL) - JOSE HERNANDEZ,SALVIGNY (NO OFICIAL) - JOSE HERNANDEZ,Flores,Flores,Flores,7.0,CALLE,15.15279639789431,"LINESTRING (-58.44201561165208 -34.64681836248405, -58.442175973258756 -34.646851418794725)",Q377623,José Hernández,Prócer,procer
22167,SALVIGNY (NO OFICIAL) - JOSE HERNANDEZ,SALVIGNY (NO OFICIAL) - JOSE HERNANDEZ,Flores,Flores,Flores,7.0,CALLE,29.32219010063147,"LINESTRING (-58.442175973258756 -34.646851418794725, -58.44248630145867 -34.64691534589363)",Q377623,José Hernández,Prócer,procer
22170,"SPIRO, SAMUEL, CAPITAN",SAMUEL SPIRO,Mataderos,Mataderos,Mataderos,9.0,PASAJE,105.5620365735919,"LINESTRING (-58.50180454004556 -34.6462203336099, -58.50258115193006 -34.64692283787466)",Q2089709,Samuel Spiro,Prócer,procer
22172,"ALVAREZ, CRISOSTOMO",CRISOSTOMO ALVAREZ,Flores,Flores,Flores,7.0,CALLE,80.25969582242197,"LINESTRING (-58.45863028705394 -34.646455409379605, -58.45929159585647 -34.646929450715525)",Q6299540,Juan Crisóstomo Álvarez,Prócer,procer
22181,"ACOSTA, MARIANO",MARIANO ACOSTA,Parque Avellaneda,Parque Avellaneda,Parque Avellaneda,9.0,CALLE,63.09147481645189,"LINESTRING (-58.46643376525681 -34.64655433254202, -58.46632154395389 -34.64664398396669, -58.465936649341856 -34.646947586823465)",Q3847746,Mariano Acosta,Prócer,procer
22193,SALVIGNY (NO OFICIAL) - JOSE HERNANDEZ,SALVIGNY (NO OFICIAL) - JOSE HERNANDEZ,Flores,Flores,Flores,7.0,CALLE,29.38850254463624,"LINESTRING (-58.44248630145867 -34.64691534589363, -58.44279731178491 -34.64697948358615)",Q377623,José Hernández,Prócer,procer
22195,SALVIGNY (NO OFICIAL) - JOSE HERNANDEZ,SALVIGNY (NO OFICIAL) - JOSE HERNANDEZ,Flores,Flores,Flores,7.0,CALLE,13.9363307023046,"LINESTRING (-58.44279731178491 -34.64697948358615, -58.44294480754432 -34.647009860644076)",Q377623,José Hernández,Prócer,procer
22205,"ALBERDI, JUAN BAUTISTA AV.",JUAN BAUTISTA ALBERDI,Mataderos,Mataderos,Mataderos,9.0,AVENIDA,104.277433809305,"LINESTRING (-58.49678645619976 -34.64633491429271, -58.497545812753394 -34.647034708862165)",Q722738,Juan Bautista Alberdi,Prócer,procer
22230,"CHILAVERT, MARTINIANO, CORONEL",MARTINIANO CHILAVERT,Nueva Pompeya,Nueva Pompeya,Nueva Pompeya,4.0,CALLE,49.11835393705883,"LINESTRING (-58.4297989357058 -34.64684491425819, -58.42997305160176 -34.64699130112981, -58.43017417134005 -34.64716093470381)",Q6002386,Martiniano Chilavert,Prócer,procer
22243,"PERON, EVA AV.",EVA PERON,Parque Avellaneda,Parque Avellaneda,Parque Avellaneda,9.0,AVENIDA,73.16019659890095,"LINESTRING (-58.46754562016968 -34.64665746872654, -58.4679452128193 -34.6472283036876)",Q40933,Eva Perón,PJ,politico
22251,"LEGUIZAMON, MARTINIANO",MARTINIANO LEGUIZAMON,Liniers,Liniers,Liniers,9.0,CALLE,73.13096136414764,"LINESTRING (-58.51622584573012 -34.646821481375326, -58.51563415208723 -34.64726357110413)",Q6002391,Martiniano Leguizamón,Prócer,procer
22258,"CASTRO, EMILIO AV.",EMILIO CASTRO,,Mataderos,Liniers,,AVENIDA,108.0840096175136,"LINESTRING (-58.50435640939433 -34.64679584368032, -58.505381673611396 -34.647276765498546)",Q5402382,Emilio Castro,Prócer,procer
22271,"ALVAREZ, CRISOSTOMO",CRISOSTOMO ALVAREZ,Flores,Flores,Flores,7.0,CALLE,70.7179374116322,"LINESTRING (-58.45929159585647 -34.646929450715525, -58.45987434799609 -34.647347077359754)",Q6299540,Juan Crisóstomo Álvarez,Prócer,procer
22273,"ACOSTA, MARIANO",MARIANO ACOSTA,Parque Avellaneda,Parque Avellaneda,Parque Avellaneda,9.0,CALLE,64.5353362886976,"LINESTRING (-58.465936649341856 -34.646947586823465, -58.46542751390533 -34.64734929003296)",Q3847746,Mariano Acosta,Prócer,procer
22280,"CHILAVERT, MARTINIANO, CORONEL",MARTINIANO CHILAVERT,Nueva Pompeya,Nueva Pompeya,Nueva Pompeya,4.0,CALLE,30.34076686215342,"LINESTRING (-58.43017417134005 -34.64716093470381, -58.43040578801648 -34.64735628059478)",Q6002386,Martiniano Chilavert,Prócer,procer
22287,"DE LA TORRE, LISANDRO",LISANDRO DE LA TORRE,Liniers,Liniers,Liniers,9.0,CALLE,111.48256856879,"LINESTRING (-58.520265031838946 -34.646362826934656, -58.520118636379 -34.64736043807238)",Q3543869,Lisandro de la Torre,UCR,politico
22301,"CHILAVERT, MARTINIANO, CORONEL",MARTINIANO CHILAVERT,Nueva Pompeya,Nueva Pompeya,Nueva Pompeya,4.0,CALLE,10.88884546487466,"LINESTRING (-58.43040578801648 -34.64735628059478, -58.43048892837164 -34.64742637395366)",Q6002386,Martiniano Chilavert,Prócer,procer
22343,"DELLEPIANE, LUIS, TTE. GRAL.",LUIS DELLEPIANE,Flores,Flores,Flores,7.0,AVENIDA,129.3726280717058,"LINESTRING (-58.46258072226172 -34.64654627203072, -58.462922505707866 -34.647191137766576, -58.463226374736884 -34.64745980238163, -58.4632335325699 -34.64755402846494)",Q126856409,Luis Dellepiane,UCR,politico
22344,"PERON, EVA AV.",EVA PERON,Parque Avellaneda,Parque Avellaneda,Parque Avellaneda,9.0,AVENIDA,43.8730586561428,"LINESTRING (-58.4679452128193 -34.6472283036876, -58.46818485172901 -34.64757062091453)",Q40933,Eva Perón,PJ,politico
22345,"ALCORTA, AMANCIO AV.",AMANCIO ALCORTA,,Barracas,Nueva Pompeya,,AVENIDA,164.4520482298739,"LINESTRING (-58.40216336524529 -34.6463075670489, -58.402341553598134 -34.646526672021, -58.40312953399126 -34.64755643738614)",Q453619,Amancio Alcorta,Prócer,procer
22358,"SPIRO, SAMUEL, CAPITAN",SAMUEL SPIRO,Mataderos,Mataderos,Mataderos,9.0,PASAJE,102.9112174029811,"LINESTRING (-58.50258115193006 -34.64692283787466, -58.50269572672852 -34.64702646368622, -58.50333314362599 -34.647611542270596)",Q2089709,Samuel Spiro,Prócer,procer
22382,"CHILAVERT, MARTINIANO, CORONEL",MARTINIANO CHILAVERT,Nueva Pompeya,Nueva Pompeya,Nueva Pompeya,4.0,CALLE,44.69354335006085,"LINESTRING (-58.43048892837164 -34.64742637395366, -58.43083009486549 -34.647714143528745)",Q6002386,Martiniano Chilavert,Prócer,procer
22385,"LEGUIZAMON, MARTINIANO",MARTINIANO LEGUIZAMON,Liniers,Liniers,Liniers,9.0,CALLE,73.87773959998991,"LINESTRING (-58.51563415208723 -34.64726357110413, -58.5150364048099 -34.64771016757743)",Q6002391,Martiniano Leguizamón,Prócer,procer
22386,"ALBERDI, JUAN BAUTISTA AV.",JUAN BAUTISTA ALBERDI,Mataderos,Mataderos,Mataderos,9.0,AVENIDA,102.9279035008782,"LINESTRING (-58.497545812753394 -34.647034708862165, -58.498295293519604 -34.64772548729976)",Q722738,Juan Bautista Alberdi,Prócer,procer
22395,"DE LA TORRE, LISANDRO",LISANDRO DE LA TORRE,Liniers,Liniers,Liniers,9.0,CALLE,64.62715997918332,"LINESTRING (-58.520118636379 -34.64736043807238, -58.51973094211069 -34.64764921182297, -58.51959321938763 -34.64774878326728)",Q3543869,Lisandro de la Torre,UCR,politico
22402,"ACOSTA, MARIANO",MARIANO ACOSTA,Parque Avellaneda,Parque Avellaneda,Parque Avellaneda,9.0,CALLE,71.11669013821056,"LINESTRING (-58.46542751390533 -34.64734929003296, -58.464866394097626 -34.64779190757595)",Q3847746,Mariano Acosta,Prócer,procer
22407,"CASTRO, EMILIO AV.",EMILIO CASTRO,,Mataderos,Liniers,,AVENIDA,81.30837197729271,"LINESTRING (-58.505381673611396 -34.647276765498546, -58.50615294635799 -34.647638558483465)",Q5402382,Emilio Castro,Prócer,procer
22433,"CASTRO, EMILIO AV.",EMILIO CASTRO,,Mataderos,Liniers,,AVENIDA,20.58012400035712,"LINESTRING (-58.50650275294944 -34.64780264508688, -58.506697939686134 -34.64789426661339)",Q5402382,Emilio Castro,Prócer,procer
22446,"PERON, EVA AV.",EVA PERON,Parque Avellaneda,Parque Avellaneda,Parque Avellaneda,9.0,AVENIDA,44.74809320449607,"LINESTRING (-58.46818485172901 -34.64757062091453, -58.46842926499416 -34.647919768488535)",Q40933,Eva Perón,PJ,politico
22449,"ALVAREZ, CRISOSTOMO",CRISOSTOMO ALVAREZ,Flores,Flores,Flores,7.0,CALLE,102.216606510537,"LINESTRING (-58.45987434799609 -34.647347077359754, -58.46058159999612 -34.647854000488664, -58.4607112919312 -34.647955623806574)",Q6299540,Juan Crisóstomo Álvarez,Prócer,procer
22465,"ALCORTA, AMANCIO AV.",AMANCIO ALCORTA,,Barracas,Nueva Pompeya,,AVENIDA,60.72401154457787,"LINESTRING (-58.40312953399126 -34.64755643738614, -58.40348351852128 -34.64801907978252)",Q453619,Amancio Alcorta,Prócer,procer
22472,"CHILAVERT, MARTINIANO, CORONEL",MARTINIANO CHILAVERT,Nueva Pompeya,Nueva Pompeya,Nueva Pompeya,4.0,CALLE,51.25113434488355,"LINESTRING (-58.43083009486549 -34.647714143528745, -58.43122135314521 -34.64804410874196)",Q6002386,Martiniano Chilavert,Prócer,procer
22481,"MEANA, BENITO, CNEL.",BENITO MEANA,Barracas,Barracas,Barracas,4.0,CALLE,171.7003802007175,"LINESTRING (-58.38610430369395 -34.64659367213283, -58.385580139835746 -34.6480795474006)",Q5725889,Benito Meana,Prócer,procer
22522,"SPIRO, SAMUEL, CAPITAN",SAMUEL SPIRO,Mataderos,Mataderos,Mataderos,9.0,PASAJE,103.7243767675163,"LINESTRING (-58.50333314362599 -34.647611542270596, -58.504090178388054 -34.64830636706611)",Q2089709,Samuel Spiro,Prócer,procer
22539,"CHILAVERT, MARTINIANO, CORONEL",MARTINIANO CHILAVERT,Nueva Pompeya,Nueva Pompeya,Nueva Pompeya,4.0,CALLE,47.07504462388042,"LINESTRING (-58.43122135314521 -34.64804410874196, -58.43147086390958 -34.648254527824996, -58.43158041372784 -34.648347444393345)",Q6002386,Martiniano Chilavert,Prócer,procer
22543,"CASTRO, EMILIO AV.",EMILIO CASTRO,,Mataderos,Liniers,,AVENIDA,102.8919706663613,"LINESTRING (-58.506697939686134 -34.64789426661339, -58.507673964871714 -34.64835208781079)",Q5402382,Emilio Castro,Prócer,procer
22545,"ALVAREZ, CRISOSTOMO",CRISOSTOMO ALVAREZ,Flores,Flores,Flores,7.0,CALLE,64.24007120316438,"LINESTRING (-58.4607112919312 -34.647955623806574, -58.46083501935404 -34.64805259894162, -58.46120049333931 -34.64837000256006)",Q6299540,Juan Crisóstomo Álvarez,Prócer,procer
22547,"PERON, EVA AV.",EVA PERON,Parque Avellaneda,Parque Avellaneda,Parque Avellaneda,9.0,AVENIDA,59.59663045303174,"LINESTRING (-58.46842926499416 -34.647919768488535, -58.46875481164368 -34.64838475789863)",Q40933,Eva Perón,PJ,politico
22561,"ALBERDI, JUAN BAUTISTA AV.",JUAN BAUTISTA ALBERDI,Mataderos,Mataderos,Mataderos,9.0,AVENIDA,102.6456808739425,"LINESTRING (-58.498295293519604 -34.64772548729976, -58.49904274076348 -34.648414360221665)",Q722738,Juan Bautista Alberdi,Prócer,procer
22595,"LEGUIZAMON, MARTINIANO",MARTINIANO LEGUIZAMON,Liniers,Liniers,Liniers,9.0,CALLE,146.699180184203,"LINESTRING (-58.5150364048099 -34.64771016757743, -58.51384940856505 -34.648596939623474)",Q6002391,Martiniano Leguizamón,Prócer,procer
22603,"HERNANDEZ, JOSE",JOSE HERNANDEZ,Belgrano,Belgrano,Belgrano,13.0,CALLE,75.96711573982887,"LINESTRING (-58.4447340210902 -34.561267978265846, -58.44495362111547 -34.56125438262969, -58.445303530429776 -34.56114081497255, -58.44540775228602 -34.56111937795372, -58.445529034529216 -34.56114173492187)",Q377623,José Hernández,Prócer,procer
22611,"CHILAVERT, MARTINIANO, CORONEL",MARTINIANO CHILAVERT,Nueva Pompeya,Nueva Pompeya,Nueva Pompeya,4.0,CALLE,50.39813226957956,"LINESTRING (-58.43158041372784 -34.648347444393345, -58.431852500440314 -34.648578150397796, -58.43196324321094 -34.64867346130926)",Q6002386,Martiniano Chilavert,Prócer,procer
22616,"DE LA TORRE, LISANDRO",LISANDRO DE LA TORRE,Liniers,Liniers,Liniers,9.0,CALLE,157.2466964670705,"LINESTRING (-58.51959321938763 -34.64774878326728, -58.518302084523484 -34.64868184417934)",Q3543869,Lisandro de la Torre,UCR,politico
22633,"ALBERDI, JUAN BAUTISTA AV.",JUAN BAUTISTA ALBERDI,Mataderos,Mataderos,Mataderos,9.0,AVENIDA,52.00633318278992,"LINESTRING (-58.49904274076348 -34.648414360221665, -58.49942141346446 -34.648763406178205)",Q722738,Juan Bautista Alberdi,Prócer,procer
22640,"ALVAREZ, CRISOSTOMO",CRISOSTOMO ALVAREZ,Flores,Flores,Flores,7.0,CALLE,62.94639655965471,"LINESTRING (-58.46120049333931 -34.64837000256006, -58.4616737645595 -34.64878106922738)",Q6299540,Juan Crisóstomo Álvarez,Prócer,procer
22649,"ACOSTA, MARIANO",MARIANO ACOSTA,Flores,Flores,Flores,7.0,CALLE,160.1783387657472,"LINESTRING (-58.464866394097626 -34.64779190757595, -58.46360344796159 -34.64878960088439)",Q3847746,Mariano Acosta,Prócer,procer
22681,"CASTRO, EMILIO AV.",EMILIO CASTRO,,Mataderos,Liniers,,AVENIDA,133.3842383448107,"LINESTRING (-58.507673964871714 -34.64835208781079, -58.508939208185005 -34.648945639328105)",Q5402382,Emilio Castro,Prócer,procer
22708,"CHILAVERT, MARTINIANO, CORONEL",MARTINIANO CHILAVERT,Flores,Flores,Flores,7.0,CALLE,60.37561919051869,"LINESTRING (-58.43196324321094 -34.64867346130926, -58.432419420946175 -34.64906597496929)",Q6002386,Martiniano Chilavert,Prócer,procer
22712,"SPIRO, SAMUEL, CAPITAN",SAMUEL SPIRO,Mataderos,Mataderos,Mataderos,9.0,PASAJE,118.0740181146842,"LINESTRING (-58.504090178388054 -34.64830636706611, -58.50495200278365 -34.64909727879845)",Q2089709,Samuel Spiro,Prócer,procer
22714,"ALBERDI, JUAN BAUTISTA AV.",JUAN BAUTISTA ALBERDI,Mataderos,Mataderos,Mataderos,9.0,AVENIDA,51.21482512729391,"LINESTRING (-58.49942141346446 -34.648763406178205, -58.49979437759839 -34.649107100494135)",Q722738,Juan Bautista Alberdi,Prócer,procer
22719,"DE LA TORRE, LISANDRO",LISANDRO DE LA TORRE,Liniers,Liniers,Liniers,9.0,CALLE,73.14137101671693,"LINESTRING (-58.518302084523484 -34.64868184417934, -58.5177004125935 -34.649114793303355)",Q3543869,Lisandro de la Torre,UCR,politico
22731,"ORTIZ, FRANCISCO J.",FRANCISCO J. ORTIZ,Liniers,Liniers,Liniers,9.0,PASAJE,107.4219238558572,"LINESTRING (-58.52112694077724 -34.64843342282249, -58.52190596644231 -34.649156718179036)",Q2876074,Francisco J. Ortiz,Prócer,procer
22733,"ALVAREZ, CRISOSTOMO",CRISOSTOMO ALVAREZ,Flores,Flores,Flores,7.0,CALLE,60.0010843768195,"LINESTRING (-58.4616737645595 -34.64878106922738, -58.4621248848318 -34.649172908323486)",Q6299540,Juan Crisóstomo Álvarez,Prócer,procer
22770,"ALCORTA, AMANCIO AV.",AMANCIO ALCORTA,,Barracas,Nueva Pompeya,,AVENIDA,183.4723753449057,"LINESTRING (-58.40348351852128 -34.64801907978252, -58.40361258174624 -34.648187665400684, -58.404435336162265 -34.64925293229368, -58.40450412419135 -34.6493459943219, -58.404558400863564 -34.649414079229466)",Q453619,Amancio Alcorta,Prócer,procer
22792,"ACOSTA, MARIANO",MARIANO ACOSTA,Flores,Flores,Flores,7.0,CALLE,107.9294782415535,"LINESTRING (-58.46360344796159 -34.64878960088439, -58.46275010499554 -34.64945981628241)",Q3847746,Mariano Acosta,Prócer,procer
22796,"PERON, EVA AV.",EVA PERON,Parque Avellaneda,Parque Avellaneda,Parque Avellaneda,9.0,AVENIDA,142.4240065925927,"LINESTRING (-58.46875481164368 -34.64838475789863, -58.46956545092772 -34.649479938401385)",Q40933,Eva Perón,PJ,politico
22805,"LEGUIZAMON, MARTINIANO",MARTINIANO LEGUIZAMON,Liniers,Liniers,Liniers,9.0,CALLE,147.6283044095701,"LINESTRING (-58.51384940856505 -34.648596939623474, -58.51265489143856 -34.64948933688504)",Q6002391,Martiniano Leguizamón,Prócer,procer
22825,"DE LA TORRE, LISANDRO",LISANDRO DE LA TORRE,Liniers,Liniers,Liniers,9.0,CALLE,73.46158679220842,"LINESTRING (-58.5177004125935 -34.649114793303355, -58.517098566705826 -34.649551964890186)",Q3543869,Lisandro de la Torre,UCR,politico
22831,"ALVAREZ, CRISOSTOMO",CRISOSTOMO ALVAREZ,Flores,Flores,Flores,7.0,CALLE,62.16730297547191,"LINESTRING (-58.4621248848318 -34.649172908323486, -58.462592285360074 -34.64957890085499)",Q6299540,Juan Crisóstomo Álvarez,Prócer,procer
22832,"ACOSTA, MARIANO",MARIANO ACOSTA,Flores,Flores,Flores,7.0,CALLE,19.59269241330845,"LINESTRING (-58.46275010499554 -34.64945981628241, -58.462592285360074 -34.64957890085499)",Q3847746,Mariano Acosta,Prócer,procer
22853,"PERON, EVA AV.",EVA PERON,Parque Avellaneda,Parque Avellaneda,Parque Avellaneda,9.0,AVENIDA,29.00432054491103,"LINESTRING (-58.46956545092772 -34.649479938401385, -58.46977790763906 -34.64967366112285)",Q40933,Eva Perón,PJ,politico
22866,"CASTRO, EMILIO AV.",EMILIO CASTRO,,Mataderos,Liniers,,AVENIDA,175.9291991021525,"LINESTRING (-58.508939208185005 -34.648945639328105, -58.509124598020676 -34.649032612695784, -58.51061062588389 -34.649724726312854)",Q5402382,Emilio Castro,Prócer,procer
22878,"CASTRO, EMILIO AV.",EMILIO CASTRO,,Mataderos,Liniers,,AVENIDA,112.0735770501737,"LINESTRING (-58.51061062588389 -34.649724726312854, -58.510683481746774 -34.64975996232384, -58.5116760221642 -34.650220086517294)",Q5402382,Emilio Castro,Prócer,procer
22884,"ALBERDI, JUAN BAUTISTA AV.",JUAN BAUTISTA ALBERDI,Mataderos,Mataderos,Mataderos,9.0,AVENIDA,103.1381158733916,"LINESTRING (-58.49979437759839 -34.649107100494135, -58.50054543017763 -34.64979927284436)",Q722738,Juan Bautista Alberdi,Prócer,procer
22886,"ALCORTA, AMANCIO AV.",AMANCIO ALCORTA,,Barracas,Nueva Pompeya,,AVENIDA,61.72566675735513,"LINESTRING (-58.404558400863564 -34.649414079229466, -58.4050474814826 -34.64979646960299)",Q453619,Amancio Alcorta,Prócer,procer
22903,"ALVAREZ, CRISOSTOMO",CRISOSTOMO ALVAREZ,Flores,Flores,Flores,7.0,CALLE,62.19132073911847,"LINESTRING (-58.46275010499554 -34.64945981628241, -58.463207284294285 -34.649873975464814)",Q6299540,Juan Crisóstomo Álvarez,Prócer,procer
22917,"ALCORTA, AMANCIO AV.",AMANCIO ALCORTA,Nueva Pompeya,Nueva Pompeya,Nueva Pompeya,4.0,AVENIDA,23.0914663956845,"LINESTRING (-58.4050474814826 -34.64979646960299, -58.40522530879437 -34.64994387941912)",Q453619,Amancio Alcorta,Prócer,procer
22950,"ALCORTA, AMANCIO AV.",AMANCIO ALCORTA,Nueva Pompeya,Nueva Pompeya,Nueva Pompeya,4.0,AVENIDA,28.74505430635398,"LINESTRING (-58.40522530879437 -34.64994387941912, -58.4053381547889 -34.65003703236481, -58.405445888672915 -34.650128019694826)",Q453619,Amancio Alcorta,Prócer,procer
22954,"MANZI, HOMERO",HOMERO MANZI,Nueva Pompeya,Nueva Pompeya,Nueva Pompeya,4.0,CALLE,40.54233249890483,"LINESTRING (-58.42440190138216 -34.649789320166434, -58.42409636441034 -34.65005352000713)",Q940617,Homero Manzi,UCR,politico
22985,"ACOSTA, MARIANO",MARIANO ACOSTA,Flores,Flores,Flores,7.0,CALLE,67.64142165344074,"LINESTRING (-58.462592285360074 -34.64957890085499, -58.46205919210249 -34.65000042534822)",Q3847746,Mariano Acosta,Prócer,procer
22986,"ACOSTA, MARIANO",MARIANO ACOSTA,Flores,Flores,Flores,7.0,CALLE,18.16247251935378,"LINESTRING (-58.46205919210249 -34.65000042534822, -58.461971709202366 -34.65014731716172)",Q3847746,Mariano Acosta,Prócer,procer
23015,"LEGUIZAMON, MARTINIANO",MARTINIANO LEGUIZAMON,Liniers,Liniers,Liniers,9.0,CALLE,120.9358105639683,"LINESTRING (-58.51265489143856 -34.64948933688504, -58.51253513164668 -34.64957875214305, -58.5116760221642 -34.650220086517294)",Q6002391,Martiniano Leguizamón,Prócer,procer
23022,"ALCORTA, AMANCIO AV.",AMANCIO ALCORTA,Nueva Pompeya,Nueva Pompeya,Nueva Pompeya,4.0,AVENIDA,40.58785711937886,"LINESTRING (-58.404936054463256 -34.64998979798434, -58.40522960223762 -34.65026367246825)",Q453619,Amancio Alcorta,Prócer,procer
23031,"ACOSTA, MARIANO",MARIANO ACOSTA,Flores,Flores,Flores,7.0,CALLE,60.26773014315492,"LINESTRING (-58.461971709202366 -34.65014731716172, -58.461744842402375 -34.65024616745553, -58.46145240372117 -34.65047280347632)",Q3847746,Mariano Acosta,Prócer,procer
23066,"LEGUIZAMON, ONESIMO",ONESIMO LEGUIZAMON,Liniers,Liniers,Liniers,9.0,PASAJE,103.3272123708412,"LINESTRING (-58.5228633999048 -34.649694708859435, -58.52360690042499 -34.65039470050897)",Q6051130,Onésimo Leguizamón,Prócer,procer
23073,"DE LA TORRE, LISANDRO",LISANDRO DE LA TORRE,Liniers,Liniers,Liniers,9.0,CALLE,146.8847721289406,"LINESTRING (-58.517098566705826 -34.649551964890186, -58.515892723965884 -34.6504237647657)",Q3543869,Lisandro de la Torre,UCR,politico
23079,"LEGUIZAMON, MARTINIANO",MARTINIANO LEGUIZAMON,Mataderos,Mataderos,Mataderos,9.0,CALLE,42.14130861717727,"LINESTRING (-58.5116760221642 -34.650220086517294, -58.51132524421942 -34.650465579032875)",Q6002391,Martiniano Leguizamón,Prócer,procer
23087,"ALBERDI, JUAN BAUTISTA AV.",JUAN BAUTISTA ALBERDI,Mataderos,Mataderos,Mataderos,9.0,AVENIDA,103.8239129771707,"LINESTRING (-58.50054543017763 -34.64979927284436, -58.501301525091606 -34.65049601641172)",Q722738,Juan Bautista Alberdi,Prócer,procer
23107,"PERON, EVA AV.",EVA PERON,Parque Avellaneda,Parque Avellaneda,Parque Avellaneda,9.0,AVENIDA,141.7638651677484,"LINESTRING (-58.46977790763906 -34.64967366112285, -58.470816343452576 -34.650620509836266)",Q40933,Eva Perón,PJ,politico
23119,"CASTRO, EMILIO AV.",EMILIO CASTRO,,Mataderos,Liniers,,AVENIDA,101.826683139612,"LINESTRING (-58.5116760221642 -34.650220086517294, -58.51264400182937 -34.65067019481694)",Q5402382,Emilio Castro,Prócer,procer
23136,"MANZI, HOMERO",HOMERO MANZI,Nueva Pompeya,Nueva Pompeya,Nueva Pompeya,4.0,CALLE,107.708266443273,"LINESTRING (-58.423271994770396 -34.65074522896854, -58.42390685211082 -34.65021733335135, -58.42409636441034 -34.65005352000713)",Q940617,Homero Manzi,UCR,politico
23140,"ALCORTA, AMANCIO AV.",AMANCIO ALCORTA,Nueva Pompeya,Nueva Pompeya,Nueva Pompeya,4.0,AVENIDA,101.4723620837363,"LINESTRING (-58.405445888672915 -34.650128019694826, -58.40569177685011 -34.65031748361706, -58.40623949463636 -34.65076549077513)",Q453619,Amancio Alcorta,Prócer,procer
23198,"ALCORTA, AMANCIO AV.",AMANCIO ALCORTA,Nueva Pompeya,Nueva Pompeya,Nueva Pompeya,4.0,AVENIDA,116.4411055639505,"LINESTRING (-58.40522960223762 -34.65026367246825, -58.406111666218294 -34.6510188833655)",Q453619,Amancio Alcorta,Prócer,procer
23209,"CASTRO, EMILIO AV.",EMILIO CASTRO,,Mataderos,Liniers,,AVENIDA,91.66439675142627,"LINESTRING (-58.51264400182937 -34.65067019481694, -58.51351541406241 -34.65107533488544)",Q5402382,Emilio Castro,Prócer,procer
23215,"LEGUIZAMON, ONESIMO",ONESIMO LEGUIZAMON,Liniers,Liniers,Liniers,9.0,PASAJE,103.4543595171624,"LINESTRING (-58.52360690042499 -34.65039470050897, -58.52435135145118 -34.651095532137944)",Q6051130,Onésimo Leguizamón,Prócer,procer
23229,"DELLEPIANE, LUIS, TTE. GRAL.",LUIS DELLEPIANE,Parque Avellaneda,Parque Avellaneda,Parque Avellaneda,9.0,AVENIDA,40.21507835720787,"LINESTRING (-58.467445522066754 -34.650255209721614, -58.467277908000206 -34.65059020634023)",Q126856409,Luis Dellepiane,UCR,politico
23249,"ALCORTA, AMANCIO AV.",AMANCIO ALCORTA,Nueva Pompeya,Nueva Pompeya,Nueva Pompeya,4.0,AVENIDA,73.56240043158547,"LINESTRING (-58.40623949463636 -34.65076549077513, -58.40680978830269 -34.651231956735735)",Q453619,Amancio Alcorta,Prócer,procer
23254,"LEGUIZAMON, MARTINIANO",MARTINIANO LEGUIZAMON,Mataderos,Mataderos,Mataderos,9.0,CALLE,134.9073025401171,"LINESTRING (-58.51132524421942 -34.650465579032875, -58.51020645882659 -34.6512555271285)",Q6002391,Martiniano Leguizamón,Prócer,procer
23259,"ACOSTA, MARIANO",MARIANO ACOSTA,Flores,Flores,Flores,7.0,CALLE,130.4592475417962,"LINESTRING (-58.46145240372117 -34.65047280347632, -58.46041165066146 -34.65127479646297)",Q3847746,Mariano Acosta,Prócer,procer
23265,"MANZI, HOMERO",HOMERO MANZI,Nueva Pompeya,Nueva Pompeya,Nueva Pompeya,4.0,CALLE,84.9803763517505,"LINESTRING (-58.423271994770396 -34.65074522896854, -58.42261854452498 -34.65128853767321)",Q940617,Homero Manzi,UCR,politico
23268,"DE LA TORRE, LISANDRO",LISANDRO DE LA TORRE,Liniers,Liniers,Liniers,9.0,CALLE,146.834794999398,"LINESTRING (-58.515892723965884 -34.6504237647657, -58.51468728188702 -34.651295270742544)",Q3543869,Lisandro de la Torre,UCR,politico
23275,"ALBERDI, JUAN BAUTISTA AV.",JUAN BAUTISTA ALBERDI,Mataderos,Mataderos,Mataderos,9.0,AVENIDA,124.1181359927827,"LINESTRING (-58.501301525091606 -34.65049601641172, -58.50206590231285 -34.65120049910696, -58.50220248097468 -34.6513310903296)",Q722738,Juan Bautista Alberdi,Prócer,procer
23289,"ACOSTA, MARIANO",MARIANO ACOSTA,Flores,Flores,Flores,7.0,CALLE,130.0137061579599,"LINESTRING (-58.461582327636954 -34.6505859338397, -58.46054676829481 -34.65138663952335)",Q3847746,Mariano Acosta,Prócer,procer
23319,"ALCORTA, AMANCIO AV.",AMANCIO ALCORTA,Nueva Pompeya,Nueva Pompeya,Nueva Pompeya,4.0,AVENIDA,73.20726250301864,"LINESTRING (-58.406111666218294 -34.6510188833655, -58.40668264613436 -34.651480209343134)",Q453619,Amancio Alcorta,Prócer,procer
23321,"CASTRO, EMILIO AV.",EMILIO CASTRO,,Mataderos,Liniers,,AVENIDA,94.49786890382897,"LINESTRING (-58.51351541406241 -34.65107533488544, -58.514413771121305 -34.651492992701925)",Q5402382,Emilio Castro,Prócer,procer
23322,"DE LA TORRE, LISANDRO",LISANDRO DE LA TORRE,Liniers,Liniers,Liniers,9.0,CALLE,33.31475443863383,"LINESTRING (-58.51468728188702 -34.651295270742544, -58.514413771121305 -34.651492992701925)",Q3543869,Lisandro de la Torre,UCR,politico
23358,"ALCORTA, AMANCIO AV.",AMANCIO ALCORTA,Nueva Pompeya,Nueva Pompeya,Nueva Pompeya,4.0,AVENIDA,76.03375099302667,"LINESTRING (-58.40680978830269 -34.651231956735735, -58.40721962696203 -34.651567148223855, -58.40740786382398 -34.65170653138095)",Q453619,Amancio Alcorta,Prócer,procer
23367,"PERON, EVA AV.",EVA PERON,Parque Avellaneda,Parque Avellaneda,Parque Avellaneda,9.0,AVENIDA,167.6823082595165,"LINESTRING (-58.470816343452576 -34.650620509836266, -58.47204460020342 -34.65174050632311)",Q40933,Eva Perón,PJ,politico
23374,"DELLEPIANE, LUIS, TTE. GRAL.",LUIS DELLEPIANE,Flores,Flores,Flores,7.0,AVENIDA,147.6342985234709,"LINESTRING (-58.464518413154615 -34.64991946270392, -58.46468774400346 -34.65035354856271, -58.46487275249371 -34.65057699863624, -58.46517161084236 -34.65077699585407, -58.46547433057549 -34.65091594116867)",Q126856409,Luis Dellepiane,UCR,politico
23379,"LEGUIZAMON, ONESIMO",ONESIMO LEGUIZAMON,Liniers,Liniers,Liniers,9.0,PASAJE,103.3551364938247,"LINESTRING (-58.52435135145118 -34.651095532137944, -58.5250950475812 -34.651795725709455)",Q6051130,Onésimo Leguizamón,Prócer,procer
23406,"CASTRO, EMILIO AV.",EMILIO CASTRO,,Mataderos,Liniers,,AVENIDA,104.3083294794979,"LINESTRING (-58.514413771121305 -34.651492992701925, -58.515414076608224 -34.651941023082124)",Q5402382,Emilio Castro,Prócer,procer
23418,"ALCORTA, AMANCIO AV.",AMANCIO ALCORTA,Nueva Pompeya,Nueva Pompeya,Nueva Pompeya,4.0,AVENIDA,81.43722906213966,"LINESTRING (-58.40668264613436 -34.651480209343134, -58.407304209283545 -34.65200465487557)",Q453619,Amancio Alcorta,Prócer,procer
23425,"LEGUIZAMON, MARTINIANO",MARTINIANO LEGUIZAMON,Mataderos,Mataderos,Mataderos,9.0,CALLE,135.4454082310476,"LINESTRING (-58.51020645882659 -34.6512555271285, -58.5090831373621 -34.65204856518133)",Q6002391,Martiniano Leguizamón,Prócer,procer
23445,"ACOSTA, MARIANO",MARIANO ACOSTA,Flores,Flores,Flores,7.0,CALLE,147.8153858600635,"LINESTRING (-58.46041165066146 -34.65127479646297, -58.459231093880106 -34.65218230436573)",Q3847746,Mariano Acosta,Prócer,procer
23447,"LEGUIZAMON, ONESIMO",ONESIMO LEGUIZAMON,Liniers,Liniers,Liniers,9.0,PASAJE,57.42147852242999,"LINESTRING (-58.5250950475812 -34.651795725709455, -58.52550821752033 -34.65218474361176)",Q6051130,Onésimo Leguizamón,Prócer,procer
23453,"ALBERDI, JUAN BAUTISTA AV.",JUAN BAUTISTA ALBERDI,Mataderos,Mataderos,Mataderos,9.0,AVENIDA,128.9537863181785,"LINESTRING (-58.50220248097468 -34.6513310903296, -58.5023301113042 -34.65138978043915, -58.50316047696846 -34.65217353544227)",Q722738,Juan Bautista Alberdi,Prócer,procer
23455,"PERON, EVA AV.",EVA PERON,Parque Avellaneda,Parque Avellaneda,Parque Avellaneda,9.0,AVENIDA,71.39380361648638,"LINESTRING (-58.47204460020342 -34.65174050632311, -58.472567548301065 -34.652217372433775)",Q40933,Eva Perón,PJ,politico
23467,"CASTRO, EMILIO AV.",EMILIO CASTRO,,Mataderos,Liniers,,AVENIDA,70.52804158627998,"LINESTRING (-58.515414076608224 -34.651941023082124, -58.516075572175005 -34.65226559994292)",Q5402382,Emilio Castro,Prócer,procer
23475,"ACOSTA, MARIANO",MARIANO ACOSTA,Flores,Flores,Flores,7.0,CALLE,147.8901206490688,"LINESTRING (-58.46054676829481 -34.65138663952335, -58.45936027931862 -34.65228984456512)",Q3847746,Mariano Acosta,Prócer,procer
23485,"DE LA TORRE, LISANDRO",LISANDRO DE LA TORRE,Mataderos,Mataderos,Mataderos,9.0,CALLE,141.0980422403061,"LINESTRING (-58.514413771121305 -34.651492992701925, -58.513249264118066 -34.65232460773234)",Q3543869,Lisandro de la Torre,UCR,politico
23487,"PERON, EVA AV.",EVA PERON,Parque Avellaneda,Parque Avellaneda,Parque Avellaneda,9.0,AVENIDA,19.01510822365889,"LINESTRING (-58.472567548301065 -34.652217372433775, -58.47270689417281 -34.652344334473675)",Q40933,Eva Perón,PJ,politico
23521,"CASTRO, EMILIO AV.",EMILIO CASTRO,,Mataderos,Liniers,,AVENIDA,50.30582859984269,"LINESTRING (-58.516075572175005 -34.65226559994292, -58.51655387305788 -34.65248785828456)",Q5402382,Emilio Castro,Prócer,procer
23525,"ALCORTA, AMANCIO AV.",AMANCIO ALCORTA,Nueva Pompeya,Nueva Pompeya,Nueva Pompeya,4.0,AVENIDA,80.93543825204006,"LINESTRING (-58.407304209283545 -34.65200465487557, -58.407949488607535 -34.65250255849166)",Q453619,Amancio Alcorta,Prócer,procer
23535,"DELLEPIANE, LUIS, TTE. GRAL.",LUIS DELLEPIANE,Parque Avellaneda,Parque Avellaneda,Parque Avellaneda,9.0,AVENIDA,51.92169957467577,"LINESTRING (-58.467398254764 -34.651177578013304, -58.46770228348336 -34.651572453415916)",Q126856409,Luis Dellepiane,UCR,politico
23575,"ALCORTA, AMANCIO AV.",AMANCIO ALCORTA,Nueva Pompeya,Nueva Pompeya,Nueva Pompeya,4.0,AVENIDA,170.3978079019952,"LINESTRING (-58.40740786382398 -34.65170653138095, -58.408554844646346 -34.652555860301995, -58.40879146593789 -34.652732164671505)",Q453619,Amancio Alcorta,Prócer,procer
23578,"CASTRO, EMILIO AV.",EMILIO CASTRO,,Mataderos,Liniers,,AVENIDA,62.0321025773594,"LINESTRING (-58.51655387305788 -34.65248785828456, -58.51714359071358 -34.65276203777231)",Q5402382,Emilio Castro,Prócer,procer
23583,"ACOSTA, MARIANO",MARIANO ACOSTA,Flores,Flores,Flores,7.0,CALLE,97.60559590391063,"LINESTRING (-58.459231093880106 -34.65218230436573, -58.45908357573769 -34.65229568042193, -58.45845676778183 -34.652786153471325)",Q3847746,Mariano Acosta,Prócer,procer
23595,"LEGUIZAMON, MARTINIANO",MARTINIANO LEGUIZAMON,Mataderos,Mataderos,Mataderos,9.0,CALLE,134.1260138477169,"LINESTRING (-58.5090831373621 -34.65204856518133, -58.50797078358995 -34.65283391266551)",Q6002391,Martiniano Leguizamón,Prócer,procer
23598,"PERON, EVA AV.",EVA PERON,Parque Avellaneda,Parque Avellaneda,Parque Avellaneda,9.0,AVENIDA,75.1161051946778,"LINESTRING (-58.47270689417281 -34.652344334473675, -58.473257122804796 -34.652846054795965)",Q40933,Eva Perón,PJ,politico
23602,"ALCORTA, AMANCIO AV.",AMANCIO ALCORTA,Nueva Pompeya,Nueva Pompeya,Nueva Pompeya,4.0,AVENIDA,17.73013096021234,"LINESTRING (-58.40879146593789 -34.652732164671505, -58.40893226070264 -34.652841735303)",Q453619,Amancio Alcorta,Prócer,procer
23613,"LEGUIZAMON, ONESIMO",ONESIMO LEGUIZAMON,Liniers,Liniers,Liniers,9.0,PASAJE,103.4433347182814,"LINESTRING (-58.52550821752033 -34.65218474361176, -58.52625261528405 -34.652885493012626)",Q6051130,Onésimo Leguizamón,Prócer,procer
23620,"ACOSTA, MARIANO",MARIANO ACOSTA,Flores,Flores,Flores,7.0,CALLE,99.76986027906808,"LINESTRING (-58.45936027931862 -34.65228984456512, -58.45857069814426 -34.65290876441502)",Q3847746,Mariano Acosta,Prócer,procer
23640,"ALCORTA, AMANCIO AV.",AMANCIO ALCORTA,Nueva Pompeya,Nueva Pompeya,Nueva Pompeya,4.0,AVENIDA,80.64802617063786,"LINESTRING (-58.407949488607535 -34.65250255849166, -58.408603560912574 -34.65298870195897)",Q453619,Amancio Alcorta,Prócer,procer
23655,"ALBERDI, JUAN BAUTISTA AV.",JUAN BAUTISTA ALBERDI,Mataderos,Mataderos,Mataderos,9.0,AVENIDA,126.7827551006754,"LINESTRING (-58.50316047696846 -34.65217353544227, -58.504070996121 -34.65303372017258)",Q722738,Juan Bautista Alberdi,Prócer,procer
23668,"DE LA TORRE, LISANDRO",LISANDRO DE LA TORRE,Mataderos,Mataderos,Mataderos,9.0,CALLE,134.3680689273206,"LINESTRING (-58.513249264118066 -34.65232460773234, -58.51214027337945 -34.65311654116291)",Q3543869,Lisandro de la Torre,UCR,politico
23679,"DELLEPIANE, LUIS, TTE. GRAL.",LUIS DELLEPIANE,Parque Avellaneda,Parque Avellaneda,Parque Avellaneda,9.0,AVENIDA,86.96698937231247,"LINESTRING (-58.46668375781527 -34.65174801931414, -58.46695873415839 -34.65217234827158, -58.46713782044651 -34.652436276397445)",Q126856409,Luis Dellepiane,UCR,politico
23686,"PERON, EVA AV.",EVA PERON,Parque Avellaneda,Parque Avellaneda,Parque Avellaneda,9.0,AVENIDA,56.99123167530225,"LINESTRING (-58.473257122804796 -34.652846054795965, -58.47367457144524 -34.65322672680677)",Q40933,Eva Perón,PJ,politico
23696,"CASTRO, EMILIO AV.",EMILIO CASTRO,,Mataderos,Liniers,,AVENIDA,108.8299303170342,"LINESTRING (-58.51714359071358 -34.65276203777231, -58.51817820593134 -34.65324305860118)",Q5402382,Emilio Castro,Prócer,procer
23707,"LEBENSOHN, MOISES",MOISES LEBENSOHN,Nueva Pompeya,Nueva Pompeya,Nueva Pompeya,4.0,PASAJE,125.4471839008444,"LINESTRING (-58.41653961273949 -34.65299367803061, -58.417675482003595 -34.653236238286134, -58.417864475936796 -34.653276590813405)",Q6020704,Moisés Lebensohn,UCR,politico
23717,"ALCORTA, AMANCIO AV.",AMANCIO ALCORTA,Nueva Pompeya,Nueva Pompeya,Nueva Pompeya,4.0,AVENIDA,184.3679671038851,"LINESTRING (-58.408603560912574 -34.65298870195897, -58.409023060854594 -34.65329987738681, -58.41009690635356 -34.65410183477163)",Q453619,Amancio Alcorta,Prócer,procer
23726,"ACOSTA, MARIANO",MARIANO ACOSTA,Flores,Flores,Flores,7.0,CALLE,92.25091732339301,"LINESTRING (-58.45845676778183 -34.652786153471325, -58.45772606486456 -34.653357886708314)",Q3847746,Mariano Acosta,Prócer,procer
23744,"ACOSTA, MARIANO",MARIANO ACOSTA,Flores,Flores,Flores,7.0,CALLE,93.17151206643089,"LINESTRING (-58.45857069814426 -34.65290876441502, -58.45783334741206 -34.65348676567313)",Q3847746,Mariano Acosta,Prócer,procer
23753,"LEBENSOHN, MOISES",MOISES LEBENSOHN,Nueva Pompeya,Nueva Pompeya,Nueva Pompeya,4.0,PASAJE,100.8899610400759,"LINESTRING (-58.417864475936796 -34.653276590813405, -58.4189300200423 -34.65350402695974)",Q6020704,Moisés Lebensohn,UCR,politico
23781,"PERON, EVA AV.",EVA PERON,Parque Avellaneda,Parque Avellaneda,Parque Avellaneda,9.0,AVENIDA,56.44363210739798,"LINESTRING (-58.47367457144524 -34.65322672680677, -58.47408801811242 -34.65360373572194)",Q40933,Eva Perón,PJ,politico
23784,"LEGUIZAMON, MARTINIANO",MARTINIANO LEGUIZAMON,Mataderos,Mataderos,Mataderos,9.0,CALLE,131.2279559451244,"LINESTRING (-58.50797078358995 -34.65283391266551, -58.50688243184073 -34.65360226938944)",Q6002391,Martiniano Leguizamón,Prócer,procer
23791,"ALBERDI, JUAN BAUTISTA AV.",JUAN BAUTISTA ALBERDI,Mataderos,Mataderos,Mataderos,9.0,AVENIDA,86.7242840890779,"LINESTRING (-58.504070996121 -34.65303372017258, -58.504557357391555 -34.65350602491022, -58.50463257886438 -34.653655165801766)",Q722738,Juan Bautista Alberdi,Prócer,procer
23798,EL PROFETA DE LA PAMPA,EL PROFETA DE LA PAMPA,Parque Avellaneda,Parque Avellaneda,Parque Avellaneda,9.0,CALLE,159.2307115396041,"LINESTRING (-58.476900583012274 -34.652445136716935, -58.47711289605105 -34.652651733989885, -58.47716028580266 -34.65270137683999, -58.477218330573066 -34.65276679321126, -58.477281831511824 -34.65284460337952, -58.47733126912099 -34.65290847137577, -58.477377297945594 -34.65297170593777, -58.477406535305725 -34.65301480144352, -58.47744796280643 -34.65308029004638, -58.477486663568016 -34.65314697614289, -58.477522381904265 -34.65321471891946, -58.477556652103665 -34.65328556046665, -58.477584444129825 -34.653347247771116, -58.47771846863313 -34.65369314981193)",Q20737416,Juan Fernando Brügge,Liberalismo,politico
23801,"CASTRO, EMILIO AV.",EMILIO CASTRO,,Mataderos,Liniers,,AVENIDA,106.7058823263221,"LINESTRING (-58.51817820593134 -34.65324305860118, -58.51919271489575 -34.65371457272105)",Q5402382,Emilio Castro,Prócer,procer
23822,"ALVAREZ, CRISOSTOMO",CRISOSTOMO ALVAREZ,Parque Avellaneda,Parque Avellaneda,Parque Avellaneda,9.0,CALLE,153.4799151415209,"LINESTRING (-58.465739062949865 -34.65273091231299, -58.46679656258856 -34.65380345992272)",Q6299540,Juan Crisóstomo Álvarez,Prócer,procer
23824,"ALCORTA, AMANCIO AV.",AMANCIO ALCORTA,Nueva Pompeya,Nueva Pompeya,Nueva Pompeya,4.0,AVENIDA,158.6797498023406,"LINESTRING (-58.40893226070264 -34.652841735303, -58.410220754975654 -34.65379681634134)",Q453619,Amancio Alcorta,Prócer,procer
23849,"DE LA TORRE, LISANDRO",LISANDRO DE LA TORRE,Mataderos,Mataderos,Mataderos,9.0,CALLE,134.5186838560784,"LINESTRING (-58.51214027337945 -34.65311654116291, -58.512005598403576 -34.65321265200843, -58.51102188337414 -34.65390149621558)",Q3543869,Lisandro de la Torre,UCR,politico
23855,"ACOSTA, MARIANO",MARIANO ACOSTA,Flores,Flores,Flores,7.0,CALLE,92.23987288624579,"LINESTRING (-58.45772606486456 -34.653357886708314, -58.456995437138325 -34.65392954509302)",Q3847746,Mariano Acosta,Prócer,procer
23868,"CASTRO, EMILIO AV.",EMILIO CASTRO,,Mataderos,Liniers,,AVENIDA,55.01821430976651,"LINESTRING (-58.51919271489575 -34.65371457272105, -58.51971578696503 -34.65395771369655)",Q5402382,Emilio Castro,Prócer,procer
23873,"DELLEPIANE, LUIS, TTE. GRAL.",LUIS DELLEPIANE,Parque Avellaneda,Parque Avellaneda,Parque Avellaneda,9.0,AVENIDA,177.206564039234,"LINESTRING (-58.4683453552026 -34.652563185999675, -58.469087016047304 -34.65386104917162, -58.46921101968686 -34.65398660743937)",Q126856409,Luis Dellepiane,UCR,politico
23890,"ACOSTA, MARIANO",MARIANO ACOSTA,Villa Soldati,Villa Soldati,Villa Soldati,8.0,CALLE,18.28105301047761,"LINESTRING (-58.456995437138325 -34.65392954509302, -58.45685063989982 -34.654042848132484)",Q3847746,Mariano Acosta,Prócer,procer
23892,"ACOSTA, MARIANO",MARIANO ACOSTA,Flores,Flores,Flores,7.0,CALLE,90.80650107924666,"LINESTRING (-58.45783334741206 -34.65348676567313, -58.45747907111678 -34.65376449761658, -58.45711320206135 -34.65404877726946)",Q3847746,Mariano Acosta,Prócer,procer
23896,"CASTRO, EMILIO AV.",EMILIO CASTRO,,Mataderos,Liniers,,AVENIDA,20.0649640704986,"LINESTRING (-58.51971578696503 -34.65395771369655, -58.51990656920118 -34.65404635824626)",Q5402382,Emilio Castro,Prócer,procer
23922,EL PROFETA DE LA PAMPA,EL PROFETA DE LA PAMPA,Parque Avellaneda,Parque Avellaneda,Parque Avellaneda,9.0,CALLE,19.39443644237099,"LINESTRING (-58.477706906125235 -34.654343789295645, -58.47789960173231 -34.65441594994869)",Q20737416,Juan Fernando Brügge,Liberalismo,politico
23929,"ACOSTA, MARIANO",MARIANO ACOSTA,Villa Soldati,Villa Soldati,Villa Soldati,8.0,CALLE,16.72767357672639,"LINESTRING (-58.45711320206135 -34.65404877726946, -58.456983574489655 -34.654154898087164)",Q3847746,Mariano Acosta,Prócer,procer
23931,"PERON, EVA AV.",EVA PERON,Parque Avellaneda,Parque Avellaneda,Parque Avellaneda,9.0,AVENIDA,85.1489163240479,"LINESTRING (-58.47408801811242 -34.65360373572194, -58.47471181741991 -34.65417241511694)",Q40933,Eva Perón,PJ,politico
23936,"ALCORTA, AMANCIO AV.",AMANCIO ALCORTA,Nueva Pompeya,Nueva Pompeya,Nueva Pompeya,4.0,AVENIDA,104.1539880208289,"LINESTRING (-58.410220754975654 -34.65379681634134, -58.41125934482823 -34.65417740734036)",Q453619,Amancio Alcorta,Prócer,procer
23945,"CASTRO, EMILIO AV.",EMILIO CASTRO,,Mataderos,Liniers,,AVENIDA,35.38734117901785,"LINESTRING (-58.51990656920118 -34.65404635824626, -58.52024295399766 -34.65420282234828)",Q5402382,Emilio Castro,Prócer,procer
23961,EL PROFETA DE LA PAMPA,EL PROFETA DE LA PAMPA,Parque Avellaneda,Parque Avellaneda,Parque Avellaneda,9.0,CALLE,69.69981060392563,"LINESTRING (-58.47787952820512 -34.65366221496107, -58.4780571487713 -34.654273113142615)",Q20737416,Juan Fernando Brügge,Liberalismo,politico
23975,EL PROFETA DE LA PAMPA,EL PROFETA DE LA PAMPA,Parque Avellaneda,Parque Avellaneda,Parque Avellaneda,9.0,CALLE,69.7320209658298,"LINESTRING (-58.47752920270974 -34.65373260892836, -58.477706906125235 -34.654343789295645)",Q20737416,Juan Fernando Brügge,Liberalismo,politico
23995,"CASTRO, EMILIO AV.",EMILIO CASTRO,,Mataderos,Liniers,,AVENIDA,54.4300665149388,"LINESTRING (-58.52024295399766 -34.65420282234828, -58.5207604910302 -34.654443285330764)",Q5402382,Emilio Castro,Prócer,procer
24002,"ALBERDI, JUAN BAUTISTA AV.",JUAN BAUTISTA ALBERDI,Mataderos,Mataderos,Mataderos,9.0,AVENIDA,133.4793033540653,"LINESTRING (-58.50463257886438 -34.653655165801766, -58.50571033613969 -34.65446416719834)",Q722738,Juan Bautista Alberdi,Prócer,procer
24003,"LEGUIZAMON, MARTINIANO",MARTINIANO LEGUIZAMON,Mataderos,Mataderos,Mataderos,9.0,CALLE,144.0003461645918,"LINESTRING (-58.50688243184073 -34.65360226938944, -58.50586791931082 -34.65431847754005, -58.50571033613969 -34.65446416719834)",Q6002391,Martiniano Leguizamón,Prócer,procer
24004,"ALCORTA, AMANCIO AV.",AMANCIO ALCORTA,Nueva Pompeya,Nueva Pompeya,Nueva Pompeya,4.0,AVENIDA,101.2568721673608,"LINESTRING (-58.41009690635356 -34.65410183477163, -58.41111122373749 -34.65446312052301)",Q453619,Amancio Alcorta,Prócer,procer
24030,"PERON, EVA AV.",EVA PERON,Parque Avellaneda,Parque Avellaneda,Parque Avellaneda,9.0,AVENIDA,62.24543665268632,"LINESTRING (-58.47471181741991 -34.65417241511694, -58.4751678040024 -34.65458814897014)",Q40933,Eva Perón,PJ,politico
24042,"DELLEPIANE, LUIS, TTE. GRAL.",LUIS DELLEPIANE,Parque Avellaneda,Parque Avellaneda,Parque Avellaneda,9.0,AVENIDA,182.8050187799608,"LINESTRING (-58.46758474154531 -34.65313274160089, -58.4683644005728 -34.654649396388834)",Q126856409,Luis Dellepiane,UCR,politico
24057,"DE LA TORRE, LISANDRO",LISANDRO DE LA TORRE,Mataderos,Mataderos,Mataderos,9.0,CALLE,134.1990482818946,"LINESTRING (-58.51102188337414 -34.65390149621558, -58.510895297456656 -34.65399013781994, -58.509908841608336 -34.654687213526444)",Q3543869,Lisandro de la Torre,UCR,politico
24059,"CASTRO, EMILIO AV.",EMILIO CASTRO,,Mataderos,Liniers,,AVENIDA,55.08206323930865,"LINESTRING (-58.5207604910302 -34.654443285330764, -58.52128408386597 -34.65468684183714)",Q5402382,Emilio Castro,Prócer,procer
24061,"CHILAVERT, MARTINIANO, CORONEL",MARTINIANO CHILAVERT,Villa Soldati,Villa Soldati,Villa Soldati,8.0,CALLE,16.1663128282542,"LINESTRING (-58.439487090094644 -34.654601823893614, -58.439607817317594 -34.65470804528523)",Q6002386,Martiniano Chilavert,Prócer,procer
24083,"ALCORTA, AMANCIO AV.",AMANCIO ALCORTA,Nueva Pompeya,Nueva Pompeya,Nueva Pompeya,4.0,AVENIDA,172.4858861325482,"LINESTRING (-58.41125934482823 -34.65417740734036, -58.41298518807247 -34.65479665680529)",Q453619,Amancio Alcorta,Prócer,procer
24102,"PERON, EVA AV.",EVA PERON,Parque Avellaneda,Parque Avellaneda,Parque Avellaneda,9.0,AVENIDA,46.7313848122503,"LINESTRING (-58.4751678040024 -34.65458814897014, -58.475510095251956 -34.654900300306785)",Q40933,Eva Perón,PJ,politico
24116,"CASTRO, EMILIO AV.",EMILIO CASTRO,,Mataderos,Liniers,,AVENIDA,59.84123790851292,"LINESTRING (-58.52128408386597 -34.65468684183714, -58.5218531170546 -34.65495114905035)",Q5402382,Emilio Castro,Prócer,procer
24120,"ALVAREZ, CRISOSTOMO",CRISOSTOMO ALVAREZ,Parque Avellaneda,Parque Avellaneda,Parque Avellaneda,9.0,CALLE,167.9126450521317,"LINESTRING (-58.46679656258856 -34.65380345992272, -58.46795433755975 -34.65497631626737)",Q6299540,Juan Crisóstomo Álvarez,Prócer,procer
24128,"ALBERDI, JUAN BAUTISTA AV.",JUAN BAUTISTA ALBERDI,Mataderos,Mataderos,Mataderos,9.0,AVENIDA,96.80143785172493,"LINESTRING (-58.50571033613969 -34.65446416719834, -58.506498244019745 -34.65504509152138)",Q722738,Juan Bautista Alberdi,Prócer,procer
24139,"ALCORTA, AMANCIO AV.",AMANCIO ALCORTA,Nueva Pompeya,Nueva Pompeya,Nueva Pompeya,4.0,AVENIDA,172.4268783442504,"LINESTRING (-58.41111122373749 -34.65446312052301, -58.41283331857439 -34.65508814519053)",Q453619,Amancio Alcorta,Prócer,procer
24155,"LEGUIZAMON, MARTINIANO",MARTINIANO LEGUIZAMON,Mataderos,Mataderos,Mataderos,9.0,CALLE,108.4701394647893,"LINESTRING (-58.50571033613969 -34.65446416719834, -58.50557489933908 -34.65458935588353, -58.50488268400571 -34.65516262575254)",Q6002391,Martiniano Leguizamón,Prócer,procer
24165,"CASTRO, EMILIO AV.",EMILIO CASTRO,,Mataderos,Liniers,,AVENIDA,51.29614264413965,"LINESTRING (-58.5218531170546 -34.65495114905035, -58.5223408262232 -34.6551778167073)",Q5402382,Emilio Castro,Prócer,procer
24207,"RABANAL, FRANCISCO, INTENDENTE AV.",FRANCISCO RABANAL,Nueva Pompeya,Nueva Pompeya,Nueva Pompeya,4.0,AVENIDA,151.7080204237368,"LINESTRING (-58.416546827456884 -34.65490856718107, -58.41808061962079 -34.65542203716783)",Q5483842,Francisco Rabanal,UCR,politico
24218,"CASTRO, EMILIO AV.",EMILIO CASTRO,,Mataderos,Liniers,,AVENIDA,57.48528014498137,"LINESTRING (-58.5223408262232 -34.6551778167073, -58.52288727521068 -34.655431989094616)",Q5402382,Emilio Castro,Prócer,procer
24220,"ALCORTA, AMANCIO AV.",AMANCIO ALCORTA,Nueva Pompeya,Nueva Pompeya,Nueva Pompeya,4.0,AVENIDA,69.1698583097348,"LINESTRING (-58.41283331857439 -34.65508814519053, -58.41345829062207 -34.655437488964694)",Q453619,Amancio Alcorta,Prócer,procer
24226,"DE LA TORRE, LISANDRO",LISANDRO DE LA TORRE,Mataderos,Mataderos,Mataderos,9.0,CALLE,132.4480855072547,"LINESTRING (-58.509908841608336 -34.654687213526444, -58.508810772443134 -34.655463126202626)",Q3543869,Lisandro de la Torre,UCR,politico
24227,"ALCORTA, AMANCIO AV.",AMANCIO ALCORTA,Nueva Pompeya,Nueva Pompeya,Nueva Pompeya,4.0,AVENIDA,132.217433898448,"LINESTRING (-58.41298518807247 -34.65479665680529, -58.414180867281765 -34.65546313445956)",Q453619,Amancio Alcorta,Prócer,procer
24245,"ALBERDI, JUAN BAUTISTA AV.",JUAN BAUTISTA ALBERDI,Mataderos,Mataderos,Mataderos,9.0,AVENIDA,86.17224260026505,"LINESTRING (-58.506498244019745 -34.65504509152138, -58.50719962940554 -34.65556223865738)",Q722738,Juan Bautista Alberdi,Prócer,procer
24256,"DELLEPIANE, LUIS, TTE. GRAL.",LUIS DELLEPIANE,Parque Avellaneda,Parque Avellaneda,Parque Avellaneda,9.0,AVENIDA,182.9711957056657,"LINESTRING (-58.46921101968686 -34.65398660743937, -58.46926549536598 -34.65426829679262, -58.46985527599338 -34.65554232297184)",Q126856409,Luis Dellepiane,UCR,politico
24268,"CASTRO, EMILIO AV.",EMILIO CASTRO,,Mataderos,Liniers,,AVENIDA,53.9891708228724,"LINESTRING (-58.52288727521068 -34.655431989094616, -58.52340065022915 -34.65567047100502)",Q5402382,Emilio Castro,Prócer,procer
24269,"RABANAL, FRANCISCO, INTENDENTE AV.",FRANCISCO RABANAL,Nueva Pompeya,Nueva Pompeya,Nueva Pompeya,4.0,AVENIDA,153.5225328301964,"LINESTRING (-58.418278438320144 -34.655227461252785, -58.41984923952137 -34.65570725949758)",Q5483842,Francisco Rabanal,UCR,politico
24279,"ALCORTA, AMANCIO AV.",AMANCIO ALCORTA,Nueva Pompeya,Nueva Pompeya,Nueva Pompeya,4.0,AVENIDA,62.34347783203777,"LINESTRING (-58.41345829062207 -34.655437488964694, -58.41403165145456 -34.655739695705215)",Q453619,Amancio Alcorta,Prócer,procer
24305,"PERON, EVA AV.",EVA PERON,Parque Avellaneda,Parque Avellaneda,Parque Avellaneda,9.0,AVENIDA,141.8579357961415,"LINESTRING (-58.475510095251956 -34.654900300306785, -58.476549343303695 -34.65584773309424)",Q40933,Eva Perón,PJ,politico
24316,"ALVAREZ, CRISOSTOMO",CRISOSTOMO ALVAREZ,Parque Avellaneda,Parque Avellaneda,Parque Avellaneda,9.0,CALLE,132.8572004240045,"LINESTRING (-58.46795433755975 -34.65497631626737, -58.468890720794214 -34.65589036729258)",Q6299540,Juan Crisóstomo Álvarez,Prócer,procer
24317,"DELLEPIANE, LUIS, TTE. GRAL.",LUIS DELLEPIANE,Parque Avellaneda,Parque Avellaneda,Parque Avellaneda,9.0,AVENIDA,145.8795867109933,"LINESTRING (-58.4683644005728 -34.654649396388834, -58.468890720794214 -34.65589036729258)",Q126856409,Luis Dellepiane,UCR,politico
24322,"CASTRO, EMILIO AV.",EMILIO CASTRO,,Mataderos,Liniers,,AVENIDA,50.40073601995844,"LINESTRING (-58.52340065022915 -34.65567047100502, -58.52387984277029 -34.65589319298612)",Q5402382,Emilio Castro,Prócer,procer
24328,"ALCORTA, AMANCIO AV.",AMANCIO ALCORTA,Nueva Pompeya,Nueva Pompeya,Nueva Pompeya,4.0,AVENIDA,98.12680910643259,"LINESTRING (-58.414180867281765 -34.65546313445956, -58.4150682465537 -34.65595778755903)",Q453619,Amancio Alcorta,Prócer,procer
24329,"DELLEPIANE, LUIS, TTE. GRAL.",LUIS DELLEPIANE,Parque Avellaneda,Parque Avellaneda,Parque Avellaneda,9.0,AVENIDA,41.66021178895057,"LINESTRING (-58.46989265256927 -34.65562306201732, -58.46997150034755 -34.65584580562346, -58.47004599467687 -34.65597537980943)",Q126856409,Luis Dellepiane,UCR,politico
24337,"ALVAREZ, CRISOSTOMO",CRISOSTOMO ALVAREZ,Parque Avellaneda,Parque Avellaneda,Parque Avellaneda,9.0,CALLE,13.48574641541221,"LINESTRING (-58.468890720794214 -34.65589036729258, -58.46893939022348 -34.65600508408641)",Q6299540,Juan Crisóstomo Álvarez,Prócer,procer
24344,"MATORRAS DE SAN MARTIN, GREGORIA",GREGORIA MATORRAS DE SAN MARTIN,Villa Soldati,Villa Soldati,Villa Soldati,8.0,CALLE,78.84217571310397,"LINESTRING (-58.43128985179824 -34.65542557953165, -58.43131510751071 -34.65553763618295, -58.43163209784829 -34.65607377863411)",Q134160,José de San Martín,Prócer,procer
24353,"ALBERDI, JUAN BAUTISTA AV.",JUAN BAUTISTA ALBERDI,Mataderos,Mataderos,Mataderos,9.0,AVENIDA,88.50948205840965,"LINESTRING (-58.50719962940554 -34.65556223865738, -58.507432971805386 -34.65573433860088, -58.50792361306688 -34.65609007773463)",Q722738,Juan Bautista Alberdi,Prócer,procer
24354,"DE LA TORRE, LISANDRO",LISANDRO DE LA TORRE,Mataderos,Mataderos,Mataderos,9.0,CALLE,107.0129432115351,"LINESTRING (-58.508810772443134 -34.655463126202626, -58.50792361306688 -34.65609007773463)",Q3543869,Lisandro de la Torre,UCR,politico
24357,"ALBERDI, JUAN BAUTISTA AV.",JUAN BAUTISTA ALBERDI,Mataderos,Mataderos,Mataderos,9.0,AVENIDA,5.923606275706698,"LINESTRING (-58.50792361306688 -34.65609007773463, -58.50797220849836 -34.65612527142585)",Q722738,Juan Bautista Alberdi,Prócer,procer
24368,"LEGUIZAMON, MARTINIANO",MARTINIANO LEGUIZAMON,Mataderos,Mataderos,Mataderos,9.0,CALLE,157.3036724415152,"LINESTRING (-58.50488268400571 -34.65516262575254, -58.5036706453182 -34.65616634923113)",Q6002391,Martiniano Leguizamón,Prócer,procer
24381,"CASTRO, EMILIO AV.",EMILIO CASTRO,,Mataderos,Liniers,,AVENIDA,74.37672701157473,"LINESTRING (-58.52387984277029 -34.65589319298612, -58.5245869995748 -34.656221855687804)",Q5402382,Emilio Castro,Prócer,procer
24390,"ALCORTA, AMANCIO AV.",AMANCIO ALCORTA,Nueva Pompeya,Nueva Pompeya,Nueva Pompeya,4.0,AVENIDA,98.49409892418701,"LINESTRING (-58.41403165145456 -34.655739695705215, -58.414911950997194 -34.6562487133451)",Q453619,Amancio Alcorta,Prócer,procer
24392,"PERON, EVA AV.",EVA PERON,Parque Avellaneda,Parque Avellaneda,Parque Avellaneda,9.0,AVENIDA,62.12929564268103,"LINESTRING (-58.476549343303695 -34.65584773309424, -58.4770044958868 -34.656262685399746)",Q40933,Eva Perón,PJ,politico
24409,"RABANAL, FRANCISCO, INTENDENTE AV.",FRANCISCO RABANAL,Nueva Pompeya,Nueva Pompeya,Nueva Pompeya,4.0,AVENIDA,201.0051075862861,"LINESTRING (-58.41984923952137 -34.65570725949758, -58.42190745731939 -34.65633192311931)",Q5483842,Francisco Rabanal,UCR,politico
24416,"DELLEPIANE, LUIS, TTE. GRAL.",LUIS DELLEPIANE,Parque Avellaneda,Parque Avellaneda,Parque Avellaneda,9.0,AVENIDA,44.62869409667888,"LINESTRING (-58.46893939022348 -34.65600508408641, -58.46910091223592 -34.656384585934944)",Q126856409,Luis Dellepiane,UCR,politico
24419,"CASTRO, EMILIO AV.",EMILIO CASTRO,,Mataderos,Liniers,,AVENIDA,35.0132656558053,"LINESTRING (-58.5245869995748 -34.656221855687804, -58.524919821408105 -34.656376688884585)",Q5402382,Emilio Castro,Prócer,procer
24467,"DELLEPIANE, LUIS, TTE. GRAL.",LUIS DELLEPIANE,Parque Avellaneda,Parque Avellaneda,Parque Avellaneda,9.0,AVENIDA,74.53679927485747,"LINESTRING (-58.47004599467687 -34.65597537980943, -58.4701344723466 -34.65618650297268, -58.47034185282341 -34.65660093038117)",Q126856409,Luis Dellepiane,UCR,politico
24469,"ALCORTA, AMANCIO AV.",AMANCIO ALCORTA,Nueva Pompeya,Nueva Pompeya,Nueva Pompeya,4.0,AVENIDA,73.5241431138007,"LINESTRING (-58.414911950997194 -34.6562487133451, -58.4155776652219 -34.65661834417245)",Q453619,Amancio Alcorta,Prócer,procer
24480,"ALBERDI, JUAN BAUTISTA AV.",JUAN BAUTISTA ALBERDI,Mataderos,Mataderos,Mataderos,9.0,AVENIDA,92.30543964820352,"LINESTRING (-58.50797220849836 -34.65612527142585, -58.50872910927816 -34.65667400922337)",Q722738,Juan Bautista Alberdi,Prócer,procer
24482,"RABANAL, FRANCISCO, INTENDENTE AV.",FRANCISCO RABANAL,Nueva Pompeya,Nueva Pompeya,Nueva Pompeya,4.0,AVENIDA,343.0265947186952,"LINESTRING (-58.41808061962079 -34.65542203716783, -58.41911519322514 -34.6557684045435, -58.41971316761115 -34.65598122672579, -58.420374099432316 -34.65624209661548, -58.42149744867728 -34.65668002481587)",Q5483842,Francisco Rabanal,UCR,politico
24485,"ACOSTA, MARIANO",MARIANO ACOSTA,Villa Soldati,Villa Soldati,Villa Soldati,8.0,CALLE,190.2782286530344,"LINESTRING (-58.45619767269551 -34.65476915349447, -58.45612453320791 -34.654826318435255, -58.45468946524225 -34.65594754021548)",Q3847746,Mariano Acosta,Prócer,procer
24486,"ALBERDI, JUAN BAUTISTA AV.",JUAN BAUTISTA ALBERDI,Mataderos,Mataderos,Mataderos,9.0,AVENIDA,5.624489993785598,"LINESTRING (-58.50877523297294 -34.65670744293767, -58.50872910927816 -34.65667400922337)",Q722738,Juan Bautista Alberdi,Prócer,procer
24487,"PERON, EVA AV.",EVA PERON,Parque Avellaneda,Parque Avellaneda,Parque Avellaneda,9.0,AVENIDA,68.77194695321374,"LINESTRING (-58.4770044958868 -34.656262685399746, -58.47750832269616 -34.65672199678679)",Q40933,Eva Perón,PJ,politico
24490,"MATORRAS DE SAN MARTIN, GREGORIA",GREGORIA MATORRAS DE SAN MARTIN,Villa Soldati,Villa Soldati,Villa Soldati,8.0,CALLE,80.74276237499568,"LINESTRING (-58.43163209784829 -34.65607377863411, -58.43201867481944 -34.65672775571341)",Q134160,José de San Martín,Prócer,procer
24495,"CHILAVERT, MARTINIANO, CORONEL",MARTINIANO CHILAVERT,Villa Soldati,Villa Soldati,Villa Soldati,8.0,CALLE,309.8575770691097,"LINESTRING (-58.439607817317594 -34.65470804528523, -58.441921715830766 -34.65674404920638)",Q6002386,Martiniano Chilavert,Prócer,procer
24497,"ALCORTA, AMANCIO AV.",AMANCIO ALCORTA,Nueva Pompeya,Nueva Pompeya,Nueva Pompeya,4.0,AVENIDA,143.4787865541857,"LINESTRING (-58.4150682465537 -34.65595778755903, -58.41636580434539 -34.65668100591076)",Q453619,Amancio Alcorta,Prócer,procer
24520,"RABANAL, FRANCISCO, INTENDENTE AV.",FRANCISCO RABANAL,Nueva Pompeya,Nueva Pompeya,Nueva Pompeya,4.0,AVENIDA,101.0752554986407,"LINESTRING (-58.42190745731939 -34.65633192311931, -58.42282914872248 -34.65683195390027)",Q5483842,Francisco Rabanal,UCR,politico
24546,"DE LA TORRE, LISANDRO AV.",LISANDRO DE LA TORRE,Mataderos,Mataderos,Mataderos,9.0,AVENIDA,126.2849754071073,"LINESTRING (-58.50797220849836 -34.65612527142585, -58.50699717894064 -34.65692943249047)",Q3543869,Lisandro de la Torre,UCR,politico
24571,"ALBERDI, JUAN BAUTISTA AV.",JUAN BAUTISTA ALBERDI,Mataderos,Mataderos,Mataderos,9.0,AVENIDA,56.15598153438758,"LINESTRING (-58.50877523297294 -34.65670744293767, -58.50923570467909 -34.65704128643778)",Q722738,Juan Bautista Alberdi,Prócer,procer
24576,"ALCORTA, AMANCIO AV.",AMANCIO ALCORTA,Nueva Pompeya,Nueva Pompeya,Nueva Pompeya,4.0,AVENIDA,51.08655481855861,"LINESTRING (-58.41591149696234 -34.65681278437044, -58.416086281464025 -34.65691458682264, -58.41616405628011 -34.65701498803285, -58.41626205676857 -34.657158275853675)",Q453619,Amancio Alcorta,Prócer,procer
24588,"PERON, EVA AV.",EVA PERON,Parque Avellaneda,Parque Avellaneda,Parque Avellaneda,9.0,AVENIDA,61.20016756366249,"LINESTRING (-58.47750832269616 -34.65672199678679, -58.477956665899846 -34.657130749049195)",Q40933,Eva Perón,PJ,politico
24592,"LEGUIZAMON, MARTINIANO",MARTINIANO LEGUIZAMON,Mataderos,Mataderos,Mataderos,9.0,CALLE,153.8344305868891,"LINESTRING (-58.5036706453182 -34.65616634923113, -58.50248532705703 -34.65714793911206)",Q6002391,Martiniano Leguizamón,Prócer,procer
24599,"RABANAL, FRANCISCO, INTENDENTE AV.",FRANCISCO RABANAL,Nueva Pompeya,Nueva Pompeya,Nueva Pompeya,4.0,AVENIDA,70.05173040678662,"LINESTRING (-58.42282914872248 -34.65683195390027, -58.423469006624515 -34.65717716669365)",Q5483842,Francisco Rabanal,UCR,politico
24622,"DELLEPIANE, LUIS, TTE. GRAL.",LUIS DELLEPIANE,Parque Avellaneda,Parque Avellaneda,Parque Avellaneda,9.0,AVENIDA,106.7568591511311,"LINESTRING (-58.46910091223592 -34.656384585934944, -58.46949308755811 -34.65729069900206)",Q126856409,Luis Dellepiane,UCR,politico
24633,"ALBERDI, JUAN BAUTISTA AV.",JUAN BAUTISTA ALBERDI,Mataderos,Mataderos,Mataderos,9.0,AVENIDA,45.61486710366852,"LINESTRING (-58.50923570467909 -34.65704128643778, -58.50945438951588 -34.65719979635781, -58.50961552078426 -34.65730677815273)",Q722738,Juan Bautista Alberdi,Prócer,procer
24635,"DELLEPIANE, LUIS, TTE. GRAL.",LUIS DELLEPIANE,Parque Avellaneda,Parque Avellaneda,Parque Avellaneda,9.0,AVENIDA,86.2790531433464,"LINESTRING (-58.47034185282341 -34.65660093038117, -58.470693971219475 -34.657322181580774)",Q126856409,Luis Dellepiane,UCR,politico
24640,"PERON, EVA AV.",EVA PERON,Parque Avellaneda,Parque Avellaneda,Parque Avellaneda,9.0,AVENIDA,30.16573077888059,"LINESTRING (-58.477956665899846 -34.657130749049195, -58.47817768536837 -34.657332202383294)",Q40933,Eva Perón,PJ,politico
24656,"RABANAL, FRANCISCO, INTENDENTE AV.",FRANCISCO RABANAL,Nueva Pompeya,Nueva Pompeya,Nueva Pompeya,4.0,AVENIDA,176.9287515387611,"LINESTRING (-58.42149744867728 -34.65668002481587, -58.42200339397673 -34.65689498726514, -58.42305398650507 -34.657319284789565, -58.42322013379454 -34.657398424499505)",Q5483842,Francisco Rabanal,UCR,politico
24667,"ACOSTA, MARIANO",MARIANO ACOSTA,Villa Soldati,Villa Soldati,Villa Soldati,8.0,CALLE,271.9963505378109,"LINESTRING (-58.45685063989982 -34.654042848132484, -58.45469612980282 -34.655728543782445)",Q3847746,Mariano Acosta,Prócer,procer
24676,"ACOSTA, MARIANO",MARIANO ACOSTA,Villa Soldati,Villa Soldati,Villa Soldati,8.0,CALLE,13.38475293937192,"LINESTRING (-58.45249528890441 -34.65745037852854, -58.452389260103686 -34.65753332733612)",Q3847746,Mariano Acosta,Prócer,procer
24682,"ACOSTA, MARIANO",MARIANO ACOSTA,Villa Soldati,Villa Soldati,Villa Soldati,8.0,CALLE,136.8721397996438,"LINESTRING (-58.4537164555034 -34.656707729593165, -58.45273629770389 -34.65747420260859, -58.45263061034092 -34.65755454600576)",Q3847746,Mariano Acosta,Prócer,procer
24687,"CHILAVERT, MARTINIANO, CORONEL",MARTINIANO CHILAVERT,Villa Soldati,Villa Soldati,Villa Soldati,8.0,CALLE,125.6681520299509,"LINESTRING (-58.441921715830766 -34.65674404920638, -58.44285972964139 -34.65757013059436)",Q6002386,Martiniano Chilavert,Prócer,procer
24730,"PERON, EVA AV.",EVA PERON,Parque Avellaneda,Parque Avellaneda,Parque Avellaneda,9.0,AVENIDA,70.20743731549393,"LINESTRING (-58.47817768536837 -34.657332202383294, -58.47849434259686 -34.65762089747774, -58.478721066078855 -34.65777601079284)",Q40933,Eva Perón,PJ,politico
24732,"MATORRAS DE SAN MARTIN, GREGORIA",GREGORIA MATORRAS DE SAN MARTIN,Villa Soldati,Villa Soldati,Villa Soldati,8.0,CALLE,129.3336588470777,"LINESTRING (-58.43201867481944 -34.65672775571341, -58.43263802833163 -34.657775243323854)",Q134160,José de San Martín,Prócer,procer
24741,"PERON, EVA AV.",EVA PERON,Mataderos,Mataderos,Mataderos,9.0,AVENIDA,11.51046674651665,"LINESTRING (-58.478721066078855 -34.65777601079284, -58.4788171256982 -34.65784282999287)",Q40933,Eva Perón,PJ,politico
24756,"ALBERDI, JUAN BAUTISTA AV.",JUAN BAUTISTA ALBERDI,Mataderos,Mataderos,Mataderos,9.0,AVENIDA,103.4630845369157,"LINESTRING (-58.50961552078426 -34.65730677815273, -58.51049518560941 -34.65789109218893)",Q722738,Juan Bautista Alberdi,Prócer,procer
24761,"DE LA TORRE, LISANDRO AV.",LISANDRO DE LA TORRE,Mataderos,Mataderos,Mataderos,9.0,AVENIDA,157.2761712970562,"LINESTRING (-58.50699717894064 -34.65692943249047, -58.50578283787424 -34.657930923963285)",Q3543869,Lisandro de la Torre,UCR,politico
24767,"DELLEPIANE, LUIS, TTE. GRAL.",LUIS DELLEPIANE,Parque Avellaneda,Parque Avellaneda,Parque Avellaneda,9.0,AVENIDA,80.31018129262627,"LINESTRING (-58.46949308755811 -34.65729069900206, -58.469777530827066 -34.6579754066706)",Q126856409,Luis Dellepiane,UCR,politico
24768,"MATORRAS DE SAN MARTIN, GREGORIA",GREGORIA MATORRAS DE SAN MARTIN,Villa Soldati,Villa Soldati,Villa Soldati,8.0,CALLE,27.60956621972879,"LINESTRING (-58.43263802833163 -34.657775243323854, -58.43277021358069 -34.6579988693738)",Q134160,José de San Martín,Prócer,procer
24770,"RABANAL, FRANCISCO, INTENDENTE AV.",FRANCISCO RABANAL,Nueva Pompeya,Nueva Pompeya,Nueva Pompeya,4.0,AVENIDA,123.3378533300807,"LINESTRING (-58.42331700866572 -34.65744456286735, -58.42434764323873 -34.6579354128298, -58.4244820961712 -34.65800059693919)",Q5483842,Francisco Rabanal,UCR,politico
24779,"RABANAL, FRANCISCO, INTENDENTE AV.",FRANCISCO RABANAL,Nueva Pompeya,Nueva Pompeya,Nueva Pompeya,4.0,AVENIDA,162.0203200265543,"LINESTRING (-58.42378834516394 -34.6573410039749, -58.42533559314232 -34.65804692228673)",Q5483842,Francisco Rabanal,UCR,politico
24786,"DELLEPIANE, LUIS, TTE. GRAL.",LUIS DELLEPIANE,Parque Avellaneda,Parque Avellaneda,Parque Avellaneda,9.0,AVENIDA,89.20910972377592,"LINESTRING (-58.470693971219475 -34.657322181580774, -58.471046609689076 -34.658071671249495)",Q126856409,Luis Dellepiane,UCR,politico
24816,"PERON, EVA AV.",EVA PERON,,Villa Lugano,Mataderos,,AVENIDA,64.238515808672,"LINESTRING (-58.4788171256982 -34.65784282999287, -58.47935581164987 -34.6582131849929)",Q40933,Eva Perón,PJ,politico
24818,"RABANAL, FRANCISCO, INTENDENTE AV.",FRANCISCO RABANAL,Nueva Pompeya,Nueva Pompeya,Nueva Pompeya,4.0,AVENIDA,38.50794642884997,"LINESTRING (-58.42533559314232 -34.65804692228673, -58.42570564688866 -34.65821119284359)",Q5483842,Francisco Rabanal,UCR,politico
24852,"PERON, EVA AV.",EVA PERON,,Villa Lugano,Mataderos,,AVENIDA,32.46411453465398,"LINESTRING (-58.47935581164987 -34.6582131849929, -58.479461844683804 -34.658285988317296, -58.4796320591835 -34.658396247978516)",Q40933,Eva Perón,PJ,politico
24864,"ALBERDI, JUAN BAUTISTA AV.",JUAN BAUTISTA ALBERDI,Mataderos,Mataderos,Mataderos,9.0,AVENIDA,104.7288578309624,"LINESTRING (-58.51049518560941 -34.65789109218893, -58.510711139325224 -34.65803453037706, -58.51140289514943 -34.658464191508266)",Q722738,Juan Bautista Alberdi,Prócer,procer
24866,"RABANAL, FRANCISCO, INTENDENTE AV.",FRANCISCO RABANAL,Nueva Pompeya,Nueva Pompeya,Nueva Pompeya,4.0,AVENIDA,98.23905192159032,"LINESTRING (-58.4244820961712 -34.65800059693919, -58.42522609367091 -34.658390340863455, -58.42538405941652 -34.658478700462965)",Q5483842,Francisco Rabanal,UCR,politico
24872,"PERON, EVA AV.",EVA PERON,,Villa Lugano,Mataderos,,AVENIDA,22.081439394441,"LINESTRING (-58.4796320591835 -34.658396247978516, -58.47982170779249 -34.65851896963029)",Q40933,Eva Perón,PJ,politico
24898,"CHILAVERT, MARTINIANO, CORONEL",MARTINIANO CHILAVERT,Villa Soldati,Villa Soldati,Villa Soldati,8.0,CALLE,155.0862135515502,"LINESTRING (-58.44285972964139 -34.65757013059436, -58.44296257234203 -34.65766064129465, -58.444013930917826 -34.65859222611284)",Q6002386,Martiniano Chilavert,Prócer,procer
24904,"RABANAL, FRANCISCO, INTENDENTE AV.",FRANCISCO RABANAL,Nueva Pompeya,Nueva Pompeya,Nueva Pompeya,4.0,AVENIDA,108.3093997997096,"LINESTRING (-58.42570564688866 -34.65821119284359, -58.42674713974446 -34.658672216437175)",Q5483842,Francisco Rabanal,UCR,politico
24913,"DELLEPIANE, LUIS, TTE. GRAL.",LUIS DELLEPIANE,Parque Avellaneda,Parque Avellaneda,Parque Avellaneda,9.0,AVENIDA,88.13441777442618,"LINESTRING (-58.469777530827066 -34.6579754066706, -58.47010988000285 -34.65872088593621)",Q126856409,Luis Dellepiane,UCR,politico
24926,"ACOSTA, MARIANO",MARIANO ACOSTA,Villa Soldati,Villa Soldati,Villa Soldati,8.0,CALLE,60.3447882748201,"LINESTRING (-58.45263061034092 -34.65755454600576, -58.45215338430372 -34.657929218294065)",Q3847746,Mariano Acosta,Prócer,procer
24927,"PERON, EVA AV.",EVA PERON,,Villa Lugano,Mataderos,,AVENIDA,55.59618669555275,"LINESTRING (-58.47982170779249 -34.65851896963029, -58.48016844659202 -34.65874350093471, -58.48029936900082 -34.65882777901841)",Q40933,Eva Perón,PJ,politico
24947,"DE LA TORRE, LISANDRO AV.",LISANDRO DE LA TORRE,Mataderos,Mataderos,Mataderos,9.0,AVENIDA,156.3315140587279,"LINESTRING (-58.50578283787424 -34.657930923963285, -58.50457579396714 -34.658926414767684)",Q3543869,Lisandro de la Torre,UCR,politico
24954,"PERON, EVA AV.",EVA PERON,,Villa Lugano,Mataderos,,AVENIDA,27.12509562915529,"LINESTRING (-58.48029936900082 -34.65882777901841, -58.48053274568941 -34.65897809924484)",Q40933,Eva Perón,PJ,politico
24958,"ALBERDI, JUAN BAUTISTA AV.",JUAN BAUTISTA ALBERDI,Mataderos,Mataderos,Mataderos,9.0,AVENIDA,67.05098458059705,"LINESTRING (-58.51140289514943 -34.658464191508266, -58.511987576803506 -34.65882735534558)",Q722738,Juan Bautista Alberdi,Prócer,procer
24968,"RABANAL, FRANCISCO, INTENDENTE AV.",FRANCISCO RABANAL,Nueva Pompeya,Nueva Pompeya,Nueva Pompeya,4.0,AVENIDA,117.1830707420656,"LINESTRING (-58.42538405941652 -34.658478700462965, -58.4264426259908 -34.65907085946006)",Q5483842,Francisco Rabanal,UCR,politico
24973,"RABANAL, FRANCISCO, INTENDENTE AV.",FRANCISCO RABANAL,Villa Soldati,Villa Soldati,Villa Soldati,8.0,AVENIDA,103.6186692215019,"LINESTRING (-58.42674713974446 -34.658672216437175, -58.42774356859257 -34.65911321785517)",Q5483842,Francisco Rabanal,UCR,politico
24980,"PERON, EVA AV.",EVA PERON,,Villa Lugano,Mataderos,,AVENIDA,35.79837625494833,"LINESTRING (-58.48053274568941 -34.65897809924484, -58.48084079055488 -34.65917643674806)",Q40933,Eva Perón,PJ,politico
24989,"CHILAVERT, MARTINIANO, CORONEL",MARTINIANO CHILAVERT,Villa Soldati,Villa Soldati,Villa Soldati,8.0,CALLE,97.0369277291161,"LINESTRING (-58.444013930917826 -34.65859222611284, -58.4447358961788 -34.65923191935789)",Q6002386,Martiniano Chilavert,Prócer,procer
25027,"PERON, EVA AV.",EVA PERON,,Villa Lugano,Mataderos,,AVENIDA,68.81826555341416,"LINESTRING (-58.48084079055488 -34.65917643674806, -58.48143293295516 -34.65955776076306)",Q40933,Eva Perón,PJ,politico
25037,"ALBERDI, JUAN BAUTISTA AV.",JUAN BAUTISTA ALBERDI,Mataderos,Mataderos,Mataderos,9.0,AVENIDA,104.6895043783844,"LINESTRING (-58.512322377073325 -34.65903530743552, -58.512586586598815 -34.65919942720309, -58.51325182922801 -34.659583454410246)",Q722738,Juan Bautista Alberdi,Prócer,procer
25038,"DELLEPIANE, LUIS, TTE. GRAL.",LUIS DELLEPIANE,Parque Avellaneda,Parque Avellaneda,Parque Avellaneda,9.0,AVENIDA,38.97092058195797,"LINESTRING (-58.471046609689076 -34.658071671249495, -58.47119231173206 -34.65840168432077)",Q126856409,Luis Dellepiane,UCR,politico
25041,"ACOSTA, MARIANO",MARIANO ACOSTA,Villa Soldati,Villa Soldati,Villa Soldati,8.0,CALLE,332.0928142983312,"LINESTRING (-58.452389260103686 -34.65753332733612, -58.45225518961728 -34.65763824547716, -58.44976174009954 -34.65959420278755)",Q3847746,Mariano Acosta,Prócer,procer
25047,"RABANAL, FRANCISCO, INTENDENTE AV.",FRANCISCO RABANAL,Villa Soldati,Villa Soldati,Villa Soldati,8.0,AVENIDA,106.8733030775816,"LINESTRING (-58.4264426259908 -34.65907085946006, -58.42696833632208 -34.659364962585556, -58.42740799315769 -34.65961100968942)",Q5483842,Francisco Rabanal,UCR,politico
25062,"ACOSTA, MARIANO",MARIANO ACOSTA,Villa Soldati,Villa Soldati,Villa Soldati,8.0,CALLE,140.7683499274523,"LINESTRING (-58.45100350562537 -34.65882510454983, -58.450004289923356 -34.65960838448871, -58.44989671973202 -34.65970435917378)",Q3847746,Mariano Acosta,Prócer,procer
25063,"RABANAL, FRANCISCO, INTENDENTE AV.",FRANCISCO RABANAL,Villa Soldati,Villa Soldati,Villa Soldati,8.0,AVENIDA,138.4275367099418,"LINESTRING (-58.42774356859257 -34.65911321785517, -58.429074713098494 -34.659702404946074)",Q5483842,Francisco Rabanal,UCR,politico
25067,"ALBERDI, JUAN BAUTISTA AV.",JUAN BAUTISTA ALBERDI,Mataderos,Mataderos,Mataderos,9.0,AVENIDA,25.19970286155714,"LINESTRING (-58.51325182922801 -34.659583454410246, -58.51347715888717 -34.65971357388037)",Q722738,Juan Bautista Alberdi,Prócer,procer
25104,"CHILAVERT, MARTINIANO, CORONEL",MARTINIANO CHILAVERT,Villa Soldati,Villa Soldati,Villa Soldati,8.0,CALLE,125.6212002376237,"LINESTRING (-58.4447358961788 -34.65923191935789, -58.44487103690204 -34.65935165885775, -58.445670300744055 -34.66006023177855)",Q6002386,Martiniano Chilavert,Prócer,procer
25113,"PERON, EVA AV.",EVA PERON,,Villa Lugano,Mataderos,,AVENIDA,104.5433338529629,"LINESTRING (-58.48143293295516 -34.65955776076306, -58.482332450865734 -34.66013706356746)",Q40933,Eva Perón,PJ,politico
25115,"ALBERDI, JUAN BAUTISTA AV.",JUAN BAUTISTA ALBERDI,Mataderos,Mataderos,Mataderos,9.0,AVENIDA,80.74619531557099,"LINESTRING (-58.51347715888717 -34.65971357388037, -58.514199275599054 -34.66013038954428)",Q722738,Juan Bautista Alberdi,Prócer,procer
25118,"DE LA TORRE, LISANDRO AV.",LISANDRO DE LA TORRE,Mataderos,Mataderos,Mataderos,9.0,AVENIDA,189.7699872006859,"LINESTRING (-58.50457579396714 -34.658926414767684, -58.50323088012959 -34.660035530882894, -58.50311041792231 -34.66013472575554)",Q3543869,Lisandro de la Torre,UCR,politico
25131,"ACOSTA, MARIANO",MARIANO ACOSTA,Villa Soldati,Villa Soldati,Villa Soldati,8.0,CALLE,99.33507714760457,"LINESTRING (-58.44976174009954 -34.65959420278755, -58.44917121847092 -34.66005730742945, -58.44897662081159 -34.66021137009725)",Q3847746,Mariano Acosta,Prócer,procer
25134,"RABANAL, FRANCISCO, INTENDENTE AV.",FRANCISCO RABANAL,Villa Soldati,Villa Soldati,Villa Soldati,8.0,AVENIDA,119.293370547243,"LINESTRING (-58.429074713098494 -34.659702404946074, -58.429257063138834 -34.659783090253676, -58.43021516826581 -34.66022032827871)",Q5483842,Francisco Rabanal,UCR,politico
25154,"ALVAREZ, CRISOSTOMO",CRISOSTOMO ALVAREZ,Parque Avellaneda,Parque Avellaneda,Parque Avellaneda,9.0,CALLE,94.21132033154727,"LINESTRING (-58.47219938873874 -34.6592292049921, -58.47284169761383 -34.65989215649647)",Q6299540,Juan Crisóstomo Álvarez,Prócer,procer
25158,"RABANAL, FRANCISCO, INTENDENTE AV.",FRANCISCO RABANAL,Villa Soldati,Villa Soldati,Villa Soldati,8.0,AVENIDA,134.251576354914,"LINESTRING (-58.42740799315769 -34.65961100968942, -58.42842543379976 -34.66018039265175, -58.428620556287605 -34.66028967426555)",Q5483842,Francisco Rabanal,UCR,politico
25161,"ACOSTA, MARIANO",MARIANO ACOSTA,Villa Soldati,Villa Soldati,Villa Soldati,8.0,CALLE,99.2224685384618,"LINESTRING (-58.44989671973202 -34.65970435917378, -58.449109896382346 -34.66031856938012)",Q3847746,Mariano Acosta,Prócer,procer
25162,"ALBERDI, JUAN BAUTISTA AV.",JUAN BAUTISTA ALBERDI,Mataderos,Mataderos,Mataderos,9.0,AVENIDA,37.17796970544204,"LINESTRING (-58.51453271247481 -34.66032116642879, -58.51438990881311 -34.66024045126172, -58.514199275599054 -34.66013038954428)",Q722738,Juan Bautista Alberdi,Prócer,procer
25166,"DELLEPIANE, LUIS, TTE. GRAL.",LUIS DELLEPIANE,Villa Lugano,Villa Lugano,Villa Lugano,8.0,AVENIDA,386.7327689830416,"LINESTRING (-58.4702086954752 -34.6589453266157, -58.470830688307196 -34.66035803602331, -58.47126040712868 -34.66132611265275, -58.47164763396013 -34.662222333085026)",Q126856409,Luis Dellepiane,UCR,politico
25173,"ALVAREZ, CRISOSTOMO",CRISOSTOMO ALVAREZ,Parque Avellaneda,Parque Avellaneda,Parque Avellaneda,9.0,CALLE,78.09190833711719,"LINESTRING (-58.47320823858174 -34.66027047113702, -58.4733631988308 -34.66042623396468, -58.47374685203526 -34.6608158517443)",Q6299540,Juan Crisóstomo Álvarez,Prócer,procer
25189,"ALBERDI, JUAN BAUTISTA AV.",JUAN BAUTISTA ALBERDI,Mataderos,Mataderos,Mataderos,9.0,AVENIDA,42.09983730238603,"LINESTRING (-58.51453271247481 -34.66032116642879, -58.514911761647404 -34.66053544434939)",Q722738,Juan Bautista Alberdi,Prócer,procer
25212,"PERON, EVA AV.",EVA PERON,,Villa Lugano,Mataderos,,AVENIDA,104.4775451126657,"LINESTRING (-58.482332450865734 -34.66013706356746, -58.48323146983242 -34.66071593722205)",Q40933,Eva Perón,PJ,politico
25218,"RABANAL, FRANCISCO, INTENDENTE AV.",FRANCISCO RABANAL,Villa Soldati,Villa Soldati,Villa Soldati,8.0,AVENIDA,118.9731284097694,"LINESTRING (-58.43021516826581 -34.66022032827871, -58.43135129084842 -34.660738803151915)",Q5483842,Francisco Rabanal,UCR,politico
25238,"ACOSTA, MARIANO",MARIANO ACOSTA,Villa Soldati,Villa Soldati,Villa Soldati,8.0,CALLE,98.08143647698586,"LINESTRING (-58.44897662081159 -34.66021137009725, -58.448385663534424 -34.66067876663339, -58.44820495658407 -34.66082381561766)",Q3847746,Mariano Acosta,Prócer,procer
25246,"RABANAL, FRANCISCO, INTENDENTE AV.",FRANCISCO RABANAL,Villa Soldati,Villa Soldati,Villa Soldati,8.0,AVENIDA,117.0797642727865,"LINESTRING (-58.428620556287605 -34.66028967426555, -58.42967763475472 -34.660882015859485)",Q5483842,Francisco Rabanal,UCR,politico
25247,"ALBERDI, JUAN BAUTISTA AV.",JUAN BAUTISTA ALBERDI,Mataderos,Mataderos,Mataderos,9.0,AVENIDA,66.93541097506419,"LINESTRING (-58.514911761647404 -34.66053544434939, -58.51551444189203 -34.66087610507005)",Q722738,Juan Bautista Alberdi,Prócer,procer
25252,"CHILAVERT, MARTINIANO, CORONEL",MARTINIANO CHILAVERT,Villa Soldati,Villa Soldati,Villa Soldati,8.0,CALLE,128.0207445443812,"LINESTRING (-58.445670300744055 -34.66006023177855, -58.44662244791697 -34.660904454936514)",Q6002386,Martiniano Chilavert,Prócer,procer
25255,"ACOSTA, MARIANO",MARIANO ACOSTA,Villa Soldati,Villa Soldati,Villa Soldati,8.0,CALLE,98.46110215760562,"LINESTRING (-58.449109896382346 -34.66031856938012, -58.44857255466636 -34.6607413249084, -58.4483142012267 -34.66091382958893)",Q3847746,Mariano Acosta,Prócer,procer
25257,"DELLEPIANE, LUIS, TTE. GRAL.",LUIS DELLEPIANE,Parque Avellaneda,Parque Avellaneda,Parque Avellaneda,9.0,AVENIDA,159.320779102142,"LINESTRING (-58.47171884053777 -34.65959424121832, -58.47230687302212 -34.6609456856471)",Q126856409,Luis Dellepiane,UCR,politico
25259,"ALBERDI, JUAN BAUTISTA AV.",JUAN BAUTISTA ALBERDI,Mataderos,Mataderos,Mataderos,9.0,AVENIDA,11.87499229189381,"LINESTRING (-58.515621354431296 -34.66093655251918, -58.51551444189203 -34.66087610507005)",Q722738,Juan Bautista Alberdi,Prócer,procer
25301,"RABANAL, FRANCISCO, INTENDENTE AV.",FRANCISCO RABANAL,Villa Soldati,Villa Soldati,Villa Soldati,8.0,AVENIDA,124.4936218543188,"LINESTRING (-58.43135129084842 -34.660738803151915, -58.43230848061533 -34.66117567231035, -58.432540259694726 -34.66128115411028)",Q5483842,Francisco Rabanal,UCR,politico
25303,"PERON, EVA AV.",EVA PERON,,Villa Lugano,Mataderos,,AVENIDA,104.4994746228803,"LINESTRING (-58.48323146983242 -34.66071593722205, -58.48413067179084 -34.66129494500465)",Q40933,Eva Perón,PJ,politico
25306,"DE LA TORRE, LISANDRO AV.",LISANDRO DE LA TORRE,Mataderos,Mataderos,Mataderos,9.0,AVENIDA,188.4498669209613,"LINESTRING (-58.50311041792231 -34.66013472575554, -58.501654370164964 -34.66133393141608)",Q3543869,Lisandro de la Torre,UCR,politico
25313,"ALVAREZ, CRISOSTOMO",CRISOSTOMO ALVAREZ,Parque Avellaneda,Parque Avellaneda,Parque Avellaneda,9.0,CALLE,83.3832410723195,"LINESTRING (-58.47374685203526 -34.6608158517443, -58.47431880164093 -34.66140031163316)",Q6299540,Juan Crisóstomo Álvarez,Prócer,procer
25324,"RABANAL, FRANCISCO, INTENDENTE AV.",FRANCISCO RABANAL,Villa Soldati,Villa Soldati,Villa Soldati,8.0,AVENIDA,117.598802006944,"LINESTRING (-58.42967763475472 -34.660882015859485, -58.4298678184673 -34.66098854760977, -58.43073856207555 -34.661478011254616)",Q5483842,Francisco Rabanal,UCR,politico
25327,"ALBERDI, JUAN BAUTISTA AV.",JUAN BAUTISTA ALBERDI,Mataderos,Mataderos,Mataderos,9.0,AVENIDA,105.8086781771201,"LINESTRING (-58.515621354431296 -34.66093655251918, -58.51657402527246 -34.661475086495145)",Q722738,Juan Bautista Alberdi,Prócer,procer
25330,"ALBERDI, JUAN BAUTISTA AV.",JUAN BAUTISTA ALBERDI,Mataderos,Mataderos,Mataderos,9.0,AVENIDA,13.25310436560763,"LINESTRING (-58.516693387045606 -34.66154249942476, -58.51657402527246 -34.661475086495145)",Q722738,Juan Bautista Alberdi,Prócer,procer
25337,"CHILAVERT, MARTINIANO, CORONEL",MARTINIANO CHILAVERT,Villa Soldati,Villa Soldati,Villa Soldati,8.0,CALLE,93.78926822758842,"LINESTRING (-58.44662244791697 -34.660904454936514, -58.447320043883984 -34.66152291235341)",Q6002386,Martiniano Chilavert,Prócer,procer
25338,"ACOSTA, MARIANO",MARIANO ACOSTA,Villa Soldati,Villa Soldati,Villa Soldati,8.0,CALLE,112.7465270126774,"LINESTRING (-58.4483142012267 -34.66091382958893, -58.44742668393362 -34.661617453490166)",Q3847746,Mariano Acosta,Prócer,procer
25370,"RABANAL, FRANCISCO, INTENDENTE AV.",FRANCISCO RABANAL,Villa Soldati,Villa Soldati,Villa Soldati,8.0,AVENIDA,126.4653523631315,"LINESTRING (-58.432540259694726 -34.66128115411028, -58.43374858799418 -34.66183131506653)",Q5483842,Francisco Rabanal,UCR,politico
25377,"PERON, EVA AV.",EVA PERON,,Villa Lugano,Mataderos,,AVENIDA,104.7011561107278,"LINESTRING (-58.48413067179084 -34.66129494500465, -58.485036362550325 -34.66187000125821)",Q40933,Eva Perón,PJ,politico
25389,"ALBERDI, JUAN BAUTISTA AV.",JUAN BAUTISTA ALBERDI,Mataderos,Mataderos,Mataderos,9.0,AVENIDA,86.60942608680166,"LINESTRING (-58.516693387045606 -34.66154249942476, -58.517473165511795 -34.66198335492367)",Q722738,Juan Bautista Alberdi,Prócer,procer
25391,"ALVAREZ, CRISOSTOMO",CRISOSTOMO ALVAREZ,Villa Lugano,Villa Lugano,Villa Lugano,8.0,CALLE,92.2887850588728,"LINESTRING (-58.47431880164093 -34.66140031163316, -58.475019540687576 -34.66199764386265)",Q6299540,Juan Crisóstomo Álvarez,Prócer,procer
25399,"CHILAVERT, MARTINIANO, CORONEL",MARTINIANO CHILAVERT,Villa Soldati,Villa Soldati,Villa Soldati,8.0,PASAJE,66.80656856952434,"LINESTRING (-58.44742668393362 -34.661617453490166, -58.44754700524084 -34.66172408938606, -58.4479303844074 -34.662052661195816)",Q6002386,Martiniano Chilavert,Prócer,procer
25406,"RABANAL, FRANCISCO, INTENDENTE AV.",FRANCISCO RABANAL,Villa Soldati,Villa Soldati,Villa Soldati,8.0,AVENIDA,117.9160612762605,"LINESTRING (-58.43073856207555 -34.661478011254616, -58.43097382397309 -34.66161018724009, -58.43180802943069 -34.66206864742911)",Q5483842,Francisco Rabanal,UCR,politico
25408,"PERON, EVA AV.",EVA PERON,,Villa Lugano,Mataderos,,AVENIDA,37.39956374081689,"LINESTRING (-58.485036362550325 -34.66187000125821, -58.48522585595146 -34.66199032007977, -58.48535985702268 -34.662075437203754)",Q40933,Eva Perón,PJ,politico
25427,"RABANAL, FRANCISCO, INTENDENTE AV.",FRANCISCO RABANAL,Villa Soldati,Villa Soldati,Villa Soldati,8.0,AVENIDA,117.3041016186062,"LINESTRING (-58.43374858799418 -34.66183131506653, -58.434869416262316 -34.66234158426624)",Q5483842,Francisco Rabanal,UCR,politico
25434,"ACOSTA, MARIANO",MARIANO ACOSTA,Villa Soldati,Villa Soldati,Villa Soldati,8.0,CALLE,131.9890898836079,"LINESTRING (-58.44742668393362 -34.661617453490166, -58.44651889212932 -34.66233723687164, -58.44636527274018 -34.662417505264386)",Q3847746,Mariano Acosta,Prócer,procer
25435,"PERON, EVA AV.",EVA PERON,,Villa Lugano,Mataderos,,AVENIDA,67.55786184262611,"LINESTRING (-58.48535985702268 -34.662075437203754, -58.48594428214644 -34.66244645877099)",Q40933,Eva Perón,PJ,politico
25437,"DELLEPIANE, LUIS, TTE. GRAL.",LUIS DELLEPIANE,Parque Avellaneda,Parque Avellaneda,Parque Avellaneda,9.0,AVENIDA,177.8653475960427,"LINESTRING (-58.47230687302212 -34.6609456856471, -58.47248248263247 -34.66132644927589, -58.472861757619704 -34.66218269231704, -58.47297505714724 -34.66245085380553)",Q126856409,Luis Dellepiane,UCR,politico
25445,"CHILAVERT, MARTINIANO, CORONEL",MARTINIANO CHILAVERT,Villa Soldati,Villa Soldati,Villa Soldati,8.0,PASAJE,67.47877677195181,"LINESTRING (-58.4479303844074 -34.662052661195816, -58.448441419340064 -34.662490473331495)",Q6002386,Martiniano Chilavert,Prócer,procer
25458,"DE LA TORRE, LISANDRO AV.",LISANDRO DE LA TORRE,Mataderos,Mataderos,Mataderos,9.0,AVENIDA,171.4604563538374,"LINESTRING (-58.501654370164964 -34.66133393141608, -58.50032953651179 -34.662424994956844)",Q3543869,Lisandro de la Torre,UCR,politico
25471,"ALVAREZ, CRISOSTOMO",CRISOSTOMO ALVAREZ,Villa Lugano,Villa Lugano,Villa Lugano,8.0,CALLE,103.2259700377855,"LINESTRING (-58.475019540687576 -34.66199764386265, -58.47580177923106 -34.66266700630405)",Q6299540,Juan Crisóstomo Álvarez,Prócer,procer
25485,"RABANAL, FRANCISCO, INTENDENTE AV.",FRANCISCO RABANAL,Villa Soldati,Villa Soldati,Villa Soldati,8.0,AVENIDA,137.603799899938,"LINESTRING (-58.43180802943069 -34.66206864742911, -58.432850245313766 -34.662641379949925, -58.433082039769644 -34.66271763519678)",Q5483842,Francisco Rabanal,UCR,politico
25495,"PERON, EVA AV.",EVA PERON,,Villa Lugano,Mataderos,,AVENIDA,115.7221205694643,"LINESTRING (-58.48594428214644 -34.66244645877099, -58.487131191169944 -34.66280186819964)",Q40933,Eva Perón,PJ,politico
25502,"ACOSTA, MARIANO",MARIANO ACOSTA,Villa Soldati,Villa Soldati,Villa Soldati,8.0,CALLE,68.7398872545426,"LINESTRING (-58.44636527274018 -34.662417505264386, -58.44584996542067 -34.662867667142166)",Q3847746,Mariano Acosta,Prócer,procer
25508,"RABANAL, FRANCISCO, INTENDENTE AV.",FRANCISCO RABANAL,Villa Soldati,Villa Soldati,Villa Soldati,8.0,AVENIDA,132.9595320701572,"LINESTRING (-58.434869416262316 -34.66234158426624, -58.43504461879813 -34.662421414144234, -58.436136231477136 -34.662925326817394)",Q5483842,Francisco Rabanal,UCR,politico
25530,"ACOSTA, MARIANO",MARIANO ACOSTA,Villa Soldati,Villa Soldati,Villa Soldati,8.0,CALLE,60.90132138006846,"LINESTRING (-58.44584996542067 -34.662867667142166, -58.44537055587342 -34.663247740379866)",Q3847746,Mariano Acosta,Prócer,procer
25542,"ALVAREZ, CRISOSTOMO",CRISOSTOMO ALVAREZ,Villa Lugano,Villa Lugano,Villa Lugano,8.0,CALLE,103.2188357352001,"LINESTRING (-58.47580177923106 -34.66266700630405, -58.47658471208952 -34.663335729769614)",Q6299540,Juan Crisóstomo Álvarez,Prócer,procer
25544,"PERON, EVA AV.",EVA PERON,,Villa Lugano,Mataderos,,AVENIDA,177.4468266141408,"LINESTRING (-58.487131191169944 -34.66280186819964, -58.488951251622915 -34.663346712911824)",Q40933,Eva Perón,PJ,politico
25549,"DE LA TORRE, LISANDRO AV.",LISANDRO DE LA TORRE,Mataderos,Mataderos,Mataderos,9.0,AVENIDA,104.5063858001957,"LINESTRING (-58.49999967592702 -34.66269664924404, -58.49919217300677 -34.663361663475115)",Q3543869,Lisandro de la Torre,UCR,politico
25555,"RABANAL, FRANCISCO, INTENDENTE AV.",FRANCISCO RABANAL,Villa Soldati,Villa Soldati,Villa Soldati,8.0,AVENIDA,136.0048436718621,"LINESTRING (-58.433082039769644 -34.66271763519678, -58.434286669927616 -34.66343335399727)",Q5483842,Francisco Rabanal,UCR,politico
25582,"RABANAL, FRANCISCO, INTENDENTE AV.",FRANCISCO RABANAL,Villa Soldati,Villa Soldati,Villa Soldati,8.0,AVENIDA,161.1503514938644,"LINESTRING (-58.436136231477136 -34.662925326817394, -58.43767098796271 -34.66363383171011)",Q5483842,Francisco Rabanal,UCR,politico
25587,"ALVAREZ, CRISOSTOMO",CRISOSTOMO ALVAREZ,Villa Lugano,Villa Lugano,Villa Lugano,8.0,CALLE,52.82414869569507,"LINESTRING (-58.47658471208952 -34.663335729769614, -58.4769857728315 -34.66367765897279)",Q6299540,Juan Crisóstomo Álvarez,Prócer,procer
25592,"ACOSTA, MARIANO",MARIANO ACOSTA,Villa Soldati,Villa Soldati,Villa Soldati,8.0,CALLE,74.22725177904604,"LINESTRING (-58.44537055587342 -34.663247740379866, -58.444982268437805 -34.66355557154695, -58.44478680214223 -34.663711458300796)",Q3847746,Mariano Acosta,Prócer,procer
25596,"DELLEPIANE, LUIS, TTE. GRAL.",LUIS DELLEPIANE,Villa Lugano,Villa Lugano,Villa Lugano,8.0,AVENIDA,72.458223494488,"LINESTRING (-58.47202619646731 -34.66315522483875, -58.472340757508235 -34.66375443031532)",Q126856409,Luis Dellepiane,UCR,politico
25605,"RABANAL, FRANCISCO, INTENDENTE AV.",FRANCISCO RABANAL,Villa Soldati,Villa Soldati,Villa Soldati,8.0,AVENIDA,94.21099677190865,"LINESTRING (-58.434286669927616 -34.66343335399727, -58.43515654012431 -34.66388567283815)",Q5483842,Francisco Rabanal,UCR,politico
25607,"ACOSTA, MARIANO",MARIANO ACOSTA,Villa Soldati,Villa Soldati,Villa Soldati,8.0,CALLE,28.9085144736231,"LINESTRING (-58.44478680214223 -34.663711458300796, -58.44456379944198 -34.66389572093197)",Q3847746,Mariano Acosta,Prócer,procer
25608,"RABANAL, FRANCISCO, INTENDENTE AV.",FRANCISCO RABANAL,Villa Soldati,Villa Soldati,Villa Soldati,8.0,AVENIDA,61.10464356640488,"LINESTRING (-58.43767098796271 -34.66363383171011, -58.43825294105129 -34.66390247512435)",Q5483842,Francisco Rabanal,UCR,politico
25609,"RABANAL, FRANCISCO, INTENDENTE AV.",FRANCISCO RABANAL,Villa Soldati,Villa Soldati,Villa Soldati,8.0,AVENIDA,11.63420019852084,"LINESTRING (-58.43515654012431 -34.66388567283815, -58.435267577708196 -34.66393647331932)",Q5483842,Francisco Rabanal,UCR,politico
25614,"ALVAREZ, CRISOSTOMO",CRISOSTOMO ALVAREZ,Villa Lugano,Villa Lugano,Villa Lugano,8.0,CALLE,50.65442937908363,"LINESTRING (-58.4769857728315 -34.66367765897279, -58.477369618106636 -34.66400613805365)",Q6299540,Juan Crisóstomo Álvarez,Prócer,procer
25624,"ACOSTA, MARIANO",MARIANO ACOSTA,Villa Soldati,Villa Soldati,Villa Soldati,8.0,CALLE,28.46619645424843,"LINESTRING (-58.44456379944198 -34.66389572093197, -58.444340030126305 -34.66407364497066)",Q3847746,Mariano Acosta,Prócer,procer
25633,"DE LA TORRE, LISANDRO AV.",LISANDRO DE LA TORRE,Mataderos,Mataderos,Mataderos,9.0,AVENIDA,121.7938724661947,"LINESTRING (-58.49919217300677 -34.663361663475115, -58.49825105377409 -34.66413665906064)",Q3543869,Lisandro de la Torre,UCR,politico
25638,"RABANAL, FRANCISCO, INTENDENTE AV.",FRANCISCO RABANAL,Villa Soldati,Villa Soldati,Villa Soldati,8.0,AVENIDA,39.41983511733955,"LINESTRING (-58.43825294105129 -34.66390247512435, -58.43850351650927 -34.66419126016984)",Q5483842,Francisco Rabanal,UCR,politico
25640,"DELLEPIANE, LUIS, TTE. GRAL.",LUIS DELLEPIANE,Villa Lugano,Villa Lugano,Villa Lugano,8.0,AVENIDA,210.8236865023987,"LINESTRING (-58.47297505714724 -34.66245085380553, -58.47310131635496 -34.66275443685502, -58.473368576524614 -34.66331441796014, -58.47376509433714 -34.66423530469112)",Q126856409,Luis Dellepiane,UCR,politico
25650,"DELLEPIANE, LUIS, TTE. GRAL.",LUIS DELLEPIANE,Villa Lugano,Villa Lugano,Villa Lugano,8.0,AVENIDA,134.7375881263878,"LINESTRING (-58.472340757508235 -34.66375443031532, -58.472596510183244 -34.6643190617837, -58.472852267403816 -34.66489305890488)",Q126856409,Luis Dellepiane,UCR,politico
25658,"PERON, EVA AV.",EVA PERON,,Villa Lugano,Mataderos,,AVENIDA,155.7033564637066,"LINESTRING (-58.488951251622915 -34.663346712911824, -58.490075851674156 -34.664398589028096)",Q40933,Eva Perón,PJ,politico
25670,"RABANAL, FRANCISCO, INTENDENTE AV.",FRANCISCO RABANAL,Villa Soldati,Villa Soldati,Villa Soldati,8.0,AVENIDA,135.4305439052137,"LINESTRING (-58.435267577708196 -34.66393647331932, -58.43635998761128 -34.66441277828302, -58.436574824080886 -34.66450536122864)",Q5483842,Francisco Rabanal,UCR,politico
25688,"ALVAREZ, CRISOSTOMO",CRISOSTOMO ALVAREZ,Villa Lugano,Villa Lugano,Villa Lugano,8.0,CALLE,103.2390809766622,"LINESTRING (-58.477369618106636 -34.66400613805365, -58.47751512714767 -34.6641303471447, -58.47815112748491 -34.66467625993104)",Q6299540,Juan Crisóstomo Álvarez,Prócer,procer
25709,"DE LA TORRE, LISANDRO AV.",LISANDRO DE LA TORRE,Mataderos,Mataderos,Mataderos,9.0,AVENIDA,121.4347843688247,"LINESTRING (-58.49825105377409 -34.66413665906064, -58.497312728719486 -34.66490939297641)",Q3543869,Lisandro de la Torre,UCR,politico
25718,"ACOSTA, MARIANO",MARIANO ACOSTA,Villa Soldati,Villa Soldati,Villa Soldati,8.0,CALLE,153.8231727400925,"LINESTRING (-58.444340030126305 -34.66407364497066, -58.443130977250206 -34.66503521620993)",Q3847746,Mariano Acosta,Prócer,procer
25736,"RABANAL, FRANCISCO, INTENDENTE AV.",FRANCISCO RABANAL,Villa Soldati,Villa Soldati,Villa Soldati,8.0,AVENIDA,127.2237479977048,"LINESTRING (-58.43850351650927 -34.66419126016984, -58.438682779952856 -34.66439798765409, -58.43915599853739 -34.66492118341703, -58.439322568858344 -34.66511699187687)",Q5483842,Francisco Rabanal,UCR,politico
25755,"PERON, EVA AV.",EVA PERON,,Villa Lugano,Mataderos,,AVENIDA,127.7681066830122,"LINESTRING (-58.490075851674156 -34.664398589028096, -58.49099875935914 -34.66526169686176)",Q40933,Eva Perón,PJ,politico
25764,"DELLEPIANE, LUIS, TTE. GRAL.",LUIS DELLEPIANE,Villa Lugano,Villa Lugano,Villa Lugano,8.0,AVENIDA,338.6451303766731,"LINESTRING (-58.474054220821216 -34.664988075183054, -58.474188236253454 -34.66533323071718, -58.47420673771503 -34.665380764501215, -58.47437606751207 -34.665831385166534, -58.47454292081903 -34.66623327317209, -58.47475862329606 -34.66670163551656, -58.47505334508214 -34.66720928580043, -58.47518505214725 -34.66735948496714, -58.47545468221669 -34.667608121452304, -58.47554871569933 -34.667747971808446)",Q126856409,Luis Dellepiane,UCR,politico
25767,"ALVAREZ, CRISOSTOMO",CRISOSTOMO ALVAREZ,Villa Lugano,Villa Lugano,Villa Lugano,8.0,CALLE,102.9526462711802,"LINESTRING (-58.47815112748491 -34.66467625993104, -58.47893009221142 -34.66534482774616)",Q6299540,Juan Crisóstomo Álvarez,Prócer,procer
25777,"DELLEPIANE, LUIS, TTE. GRAL.",LUIS DELLEPIANE,Villa Lugano,Villa Lugano,Villa Lugano,8.0,AVENIDA,95.06419510878919,"LINESTRING (-58.47300455725968 -34.66523673884897, -58.47310589717134 -34.66546543588, -58.47336396283502 -34.66604055839865)",Q126856409,Luis Dellepiane,UCR,politico
25782,"RABANAL, FRANCISCO, INTENDENTE AV.",FRANCISCO RABANAL,Villa Soldati,Villa Soldati,Villa Soldati,8.0,AVENIDA,234.6685720237413,"LINESTRING (-58.436574824080886 -34.66450536122864, -58.437808630367925 -34.66503717730806, -58.43884158487234 -34.66548858823834)",Q5483842,Francisco Rabanal,UCR,politico
25809,"ACOSTA, MARIANO",MARIANO ACOSTA,Villa Soldati,Villa Soldati,Villa Soldati,8.0,CALLE,123.6222475011446,"LINESTRING (-58.443130977250206 -34.66503521620993, -58.44215923075084 -34.66580794256346)",Q3847746,Mariano Acosta,Prócer,procer
25821,"RABANAL, FRANCISCO, INTENDENTE AV.",FRANCISCO RABANAL,Villa Soldati,Villa Soldati,Villa Soldati,8.0,AVENIDA,127.3509284830156,"LINESTRING (-58.439322568858344 -34.66511699187687, -58.439457188918034 -34.665275258469194, -58.44002806437196 -34.66590149848215, -58.44015604574286 -34.66603525585979)",Q5483842,Francisco Rabanal,UCR,politico
25827,"PERON, EVA AV.",EVA PERON,,Villa Lugano,Mataderos,,AVENIDA,108.1119189444031,"LINESTRING (-58.49099875935914 -34.66526169686176, -58.491133808176606 -34.66538807515383, -58.49176038597675 -34.66600575028197)",Q40933,Eva Perón,PJ,politico
25830,"ALVAREZ, CRISOSTOMO",CRISOSTOMO ALVAREZ,Villa Lugano,Villa Lugano,Villa Lugano,8.0,CALLE,103.8478374873802,"LINESTRING (-58.47893009221142 -34.66534482774616, -58.47971580394749 -34.666019234697984)",Q6299540,Juan Crisóstomo Álvarez,Prócer,procer
25853,"RABANAL, FRANCISCO, INTENDENTE AV.",FRANCISCO RABANAL,Villa Soldati,Villa Soldati,Villa Soldati,8.0,AVENIDA,125.8247897347368,"LINESTRING (-58.43884158487234 -34.66548858823834, -58.439226351807164 -34.66567507414897, -58.439474762960565 -34.665813574299, -58.4396646271578 -34.66592854136766, -58.43980156403049 -34.66603870919408, -58.43993329798202 -34.66616352382256)",Q5483842,Francisco Rabanal,UCR,politico
25887,"DELLEPIANE, LUIS, TTE. GRAL.",LUIS DELLEPIANE,Villa Lugano,Villa Lugano,Villa Lugano,8.0,AVENIDA,68.19038262837401,"LINESTRING (-58.47336396283502 -34.66604055839865, -58.47362356637004 -34.66661659568303)",Q126856409,Luis Dellepiane,UCR,politico
25891,"ALVAREZ, CRISOSTOMO",CRISOSTOMO ALVAREZ,Villa Lugano,Villa Lugano,Villa Lugano,8.0,CALLE,103.2896708385225,"LINESTRING (-58.47971580394749 -34.666019234697984, -58.48049735124927 -34.66668997510824)",Q6299540,Juan Crisóstomo Álvarez,Prócer,procer
25897,"DE LA TORRE, LISANDRO AV.",LISANDRO DE LA TORRE,Mataderos,Mataderos,Mataderos,9.0,AVENIDA,158.774175062446,"LINESTRING (-58.497312728719486 -34.66490939297641, -58.49608579586719 -34.665919669886414)",Q3543869,Lisandro de la Torre,UCR,politico
25898,"RABANAL, FRANCISCO, INTENDENTE AV.",FRANCISCO RABANAL,Villa Soldati,Villa Soldati,Villa Soldati,8.0,AVENIDA,109.3039142663595,"LINESTRING (-58.44015604574286 -34.66603525585979, -58.44035773225955 -34.66624606960053, -58.44094791099579 -34.66677111120107)",Q5483842,Francisco Rabanal,UCR,politico
25899,"ACOSTA, MARIANO",MARIANO ACOSTA,Villa Soldati,Villa Soldati,Villa Soldati,8.0,CALLE,154.0941272465434,"LINESTRING (-58.44215923075084 -34.66580794256346, -58.44094791099579 -34.66677111120107)",Q3847746,Mariano Acosta,Prócer,procer
25911,"LEGUIZAMON, MARTINIANO",MARTINIANO LEGUIZAMON,Villa Lugano,Villa Lugano,Villa Lugano,8.0,CALLE,137.2781015065913,"LINESTRING (-58.49176038597675 -34.66600575028197, -58.49067063086778 -34.66685459522067)",Q6002391,Martiniano Leguizamón,Prócer,procer
25936,"DELLEPIANE, LUIS, TTE. GRAL.",LUIS DELLEPIANE,Villa Lugano,Villa Lugano,Villa Lugano,8.0,AVENIDA,67.12061396180681,"LINESTRING (-58.47362356637004 -34.66661659568303, -58.47388266080971 -34.66718249151341)",Q126856409,Luis Dellepiane,UCR,politico
25949,"ALVAREZ, CRISOSTOMO",CRISOSTOMO ALVAREZ,Villa Lugano,Villa Lugano,Villa Lugano,8.0,CALLE,103.2861706117808,"LINESTRING (-58.48049735124927 -34.66668997510824, -58.4811573457287 -34.667256502483234, -58.48127814416809 -34.66736127392615)",Q6299540,Juan Crisóstomo Álvarez,Prócer,procer
25969,"ALVAREZ, CRISOSTOMO",CRISOSTOMO ALVAREZ,Villa Lugano,Villa Lugano,Villa Lugano,8.0,CALLE,57.01104575248262,"LINESTRING (-58.48127814416809 -34.66736127392615, -58.481707121760735 -34.66773339464453)",Q6299540,Juan Crisóstomo Álvarez,Prócer,procer
25975,"PERON, EVA AV.",EVA PERON,,Villa Lugano,Mataderos,,AVENIDA,169.523721892296,"LINESTRING (-58.49176038597675 -34.66600575028197, -58.49193406548635 -34.666184724522765, -58.492596731631146 -34.66686731665519, -58.492907959832465 -34.66720400652913)",Q40933,Eva Perón,PJ,politico
25977,"LEGUIZAMON, MARTINIANO",MARTINIANO LEGUIZAMON,Villa Lugano,Villa Lugano,Villa Lugano,8.0,CALLE,158.2576905979168,"LINESTRING (-58.49067063086778 -34.66685459522067, -58.48941426192347 -34.66783311455767)",Q6002391,Martiniano Leguizamón,Prócer,procer
25990,"PERON, EVA AV.",EVA PERON,,Villa Lugano,Mataderos,,AVENIDA,22.64140138148556,"LINESTRING (-58.49345732620085 -34.66779830808796, -58.4936072266606 -34.66796052513481)",Q40933,Eva Perón,PJ,politico
25991,"DE LA TORRE, LISANDRO AV.",LISANDRO DE LA TORRE,Mataderos,Mataderos,Mataderos,9.0,AVENIDA,188.6376917753697,"LINESTRING (-58.49506495478182 -34.666760219191175, -58.4936072266606 -34.66796052513481)",Q3543869,Lisandro de la Torre,UCR,politico
25998,"ALVAREZ, CRISOSTOMO",CRISOSTOMO ALVAREZ,Villa Lugano,Villa Lugano,Villa Lugano,8.0,CALLE,47.32408445541613,"LINESTRING (-58.481707121760735 -34.66773339464453, -58.4820632135863 -34.66804228536067)",Q6299540,Juan Crisóstomo Álvarez,Prócer,procer
26020,"DELLEPIANE, LUIS, TTE. GRAL.",LUIS DELLEPIANE,Villa Lugano,Villa Lugano,Villa Lugano,8.0,AVENIDA,84.4562503078951,"LINESTRING (-58.47388266080971 -34.66718249151341, -58.474223992425664 -34.66788962770044)",Q126856409,Luis Dellepiane,UCR,politico
26022,"ALVAREZ, CRISOSTOMO",CRISOSTOMO ALVAREZ,Villa Lugano,Villa Lugano,Villa Lugano,8.0,CALLE,55.34240507030066,"LINESTRING (-58.4820632135863 -34.66804228536067, -58.48247958097379 -34.66840356014168)",Q6299540,Juan Crisóstomo Álvarez,Prócer,procer
26048,"DELLEPIANE, LUIS, TTE. GRAL.",LUIS DELLEPIANE,Villa Lugano,Villa Lugano,Villa Lugano,8.0,AVENIDA,55.78467305888155,"LINESTRING (-58.474408781490546 -34.66827244947519, -58.47461076648364 -34.66874679911302)",Q126856409,Luis Dellepiane,UCR,politico
26055,"LEGUIZAMON, MARTINIANO",MARTINIANO LEGUIZAMON,Villa Lugano,Villa Lugano,Villa Lugano,8.0,CALLE,156.9036927218113,"LINESTRING (-58.48941426192347 -34.66783311455767, -58.48816860054528 -34.668803238295766)",Q6002391,Martiniano Leguizamón,Prócer,procer
26070,"DELLEPIANE, LUIS, TTE. GRAL.",LUIS DELLEPIANE,Villa Lugano,Villa Lugano,Villa Lugano,8.0,AVENIDA,28.02359414362984,"LINESTRING (-58.475584033107765 -34.66795494098649, -58.47566736694977 -34.66819798457129)",Q126856409,Luis Dellepiane,UCR,politico
26093,"GRANDOLI, MARTIN",MARTIN GRANDOLI,Villa Lugano,Villa Lugano,Villa Lugano,8.0,PASAJE,107.6164504788767,"LINESTRING (-58.48662563902735 -34.66867178216488, -58.48743770470095 -34.66937240163078)",Q65048286,Martín Grandoli,Prócer,procer
26094,"LEGUIZAMON, MARTINIANO",MARTINIANO LEGUIZAMON,Villa Lugano,Villa Lugano,Villa Lugano,8.0,CALLE,92.05874514408342,"LINESTRING (-58.48816860054528 -34.668803238295766, -58.48743770470095 -34.66937240163078)",Q6002391,Martiniano Leguizamón,Prócer,procer
26100,"RUCCI, JOSE IGNACIO",JOSE IGNACIO RUCCI,Villa Lugano,Villa Lugano,Villa Lugano,8.0,CALLE,156.8651906588468,"LINESTRING (-58.490128981715934 -34.66846218740619, -58.488886473675784 -34.66943457121517)",Q6292519,José Ignacio Rucci,PJ,politico
26101,"ALVAREZ, CRISOSTOMO",CRISOSTOMO ALVAREZ,Villa Lugano,Villa Lugano,Villa Lugano,8.0,CALLE,159.19964348665,"LINESTRING (-58.48247958097379 -34.66840356014168, -58.4836783194007 -34.66944203195127)",Q6299540,Juan Crisóstomo Álvarez,Prócer,procer
26118,"DELLEPIANE, LUIS, TTE. GRAL.",LUIS DELLEPIANE,Villa Lugano,Villa Lugano,Villa Lugano,8.0,AVENIDA,74.47198639498414,"LINESTRING (-58.47592529747703 -34.66899124855335, -58.47610634238737 -34.66964567068876)",Q126856409,Luis Dellepiane,UCR,politico
26122,"DELLEPIANE, LUIS, TTE. GRAL.",LUIS DELLEPIANE,Villa Lugano,Villa Lugano,Villa Lugano,8.0,AVENIDA,111.8121618237331,"LINESTRING (-58.47461076648364 -34.66874679911302, -58.47503204588113 -34.66969267869523)",Q126856409,Luis Dellepiane,UCR,politico
26126,"LEGUIZAMON, MARTINIANO",MARTINIANO LEGUIZAMON,Villa Lugano,Villa Lugano,Villa Lugano,8.0,CALLE,58.10710972163791,"LINESTRING (-58.48743770470095 -34.66937240163078, -58.48734558573383 -34.66944418069063, -58.48697659702052 -34.66973185970804)",Q6002391,Martiniano Leguizamón,Prócer,procer
26147,"GRANDOLI, MARTIN",MARTIN GRANDOLI,Villa Lugano,Villa Lugano,Villa Lugano,8.0,PASAJE,104.4474442795035,"LINESTRING (-58.48743770470095 -34.66937240163078, -58.487525434188534 -34.66944808876264, -58.488270819862485 -34.67001448993488)",Q65048286,Martín Grandoli,Prócer,procer
26148,"RUCCI, JOSE IGNACIO",JOSE IGNACIO RUCCI,Villa Lugano,Villa Lugano,Villa Lugano,8.0,CALLE,85.63727056495429,"LINESTRING (-58.488886473675784 -34.66943457121517, -58.488788220490484 -34.6695114935173, -58.488270819862485 -34.67001448993488)",Q6292519,José Ignacio Rucci,PJ,politico
26152,"PERON, EVA AV.",EVA PERON,,Villa Lugano,Mataderos,,AVENIDA,198.5857000619506,"LINESTRING (-58.49434517768303 -34.668688350995744, -58.495736512957514 -34.670060549219194)",Q40933,Eva Perón,PJ,politico
26165,"ALVAREZ, CRISOSTOMO",CRISOSTOMO ALVAREZ,Villa Lugano,Villa Lugano,Villa Lugano,8.0,CALLE,121.7163400553811,"LINESTRING (-58.4836783194007 -34.66944203195127, -58.48385505080211 -34.66959510149434, -58.48458628432927 -34.67024265465201)",Q6299540,Juan Crisóstomo Álvarez,Prócer,procer
26175,"RUCCI, JOSE IGNACIO",JOSE IGNACIO RUCCI,Villa Lugano,Villa Lugano,Villa Lugano,8.0,CALLE,66.55242366675323,"LINESTRING (-58.488270819862485 -34.67001448993488, -58.48780062066381 -34.67047162939021)",Q6292519,José Ignacio Rucci,PJ,politico
26185,"DELLEPIANE, LUIS, TTE. GRAL.",LUIS DELLEPIANE,Villa Lugano,Villa Lugano,Villa Lugano,8.0,AVENIDA,110.5311983661201,"LINESTRING (-58.47503204588113 -34.66969267869523, -58.4754448097479 -34.67062883917396)",Q126856409,Luis Dellepiane,UCR,politico
26201,"GRANDOLI, MARTIN",MARTIN GRANDOLI,Villa Lugano,Villa Lugano,Villa Lugano,8.0,PASAJE,135.6054083742313,"LINESTRING (-58.488270819862485 -34.67001448993488, -58.4893598019772 -34.67084194129559)",Q65048286,Martín Grandoli,Prócer,procer
26205,"RUCCI, JOSE IGNACIO",JOSE IGNACIO RUCCI,Villa Lugano,Villa Lugano,Villa Lugano,8.0,CALLE,61.38852404733696,"LINESTRING (-58.48780062066381 -34.67047162939021, -58.487709443314984 -34.67056016915139, -58.48733593967242 -34.67086975160054)",Q6292519,José Ignacio Rucci,PJ,politico
26210,"DELLEPIANE, LUIS, TTE. GRAL.",LUIS DELLEPIANE,Villa Lugano,Villa Lugano,Villa Lugano,8.0,AVENIDA,152.6685113728155,"LINESTRING (-58.47610634238737 -34.66964567068876, -58.47626725857151 -34.67006818887741, -58.476347241334885 -34.670266420566755, -58.476689488091736 -34.67093321704147)",Q126856409,Luis Dellepiane,UCR,politico
26212,"ALVAREZ, CRISOSTOMO",CRISOSTOMO ALVAREZ,Villa Lugano,Villa Lugano,Villa Lugano,8.0,CALLE,104.572547631743,"LINESTRING (-58.48458628432927 -34.67024265465201, -58.485266204450184 -34.670844719476754, -58.48536442077362 -34.67093202601816)",Q6299540,Juan Crisóstomo Álvarez,Prócer,procer
26213,"LEGUIZAMON, MARTINIANO",MARTINIANO LEGUIZAMON,Villa Lugano,Villa Lugano,Villa Lugano,8.0,CALLE,198.9057247072223,"LINESTRING (-58.48697659702052 -34.66973185970804, -58.48686999031908 -34.669814908868084, -58.48536442077362 -34.67093202601816)",Q6002391,Martiniano Leguizamón,Prócer,procer
26237,"PERON, EVA AV.",EVA PERON,,Villa Lugano,Mataderos,,AVENIDA,216.8330261587568,"LINESTRING (-58.495736512957514 -34.670060549219194, -58.49587166469604 -34.670193823566855, -58.49703835441135 -34.67117851004007, -58.497406347583215 -34.67144263397753)",Q40933,Eva Perón,PJ,politico
26240,"DE LA TORRE, LISANDRO",LISANDRO DE LA TORRE,Villa Lugano,Villa Lugano,Villa Lugano,8.0,CALLE,45.95105294251891,"LINESTRING (-58.48927953103756 -34.67118681889403, -58.48892605642944 -34.67148055678284)",Q3543869,Lisandro de la Torre,UCR,politico
26244,"DELLEPIANE, LUIS, TTE. GRAL.",LUIS DELLEPIANE,Villa Lugano,Villa Lugano,Villa Lugano,8.0,AVENIDA,111.1081700397149,"LINESTRING (-58.4754448097479 -34.67062883917396, -58.4758778694108 -34.67156429178909)",Q126856409,Luis Dellepiane,UCR,politico
26251,"LEGUIZAMON, MARTINIANO",MARTINIANO LEGUIZAMON,Villa Lugano,Villa Lugano,Villa Lugano,8.0,CALLE,123.2858103874728,"LINESTRING (-58.48536442077362 -34.67093202601816, -58.48524434501064 -34.671021062116154, -58.48448059286417 -34.67158929793561, -58.48436460589916 -34.67167544511268)",Q6002391,Martiniano Leguizamón,Prócer,procer
26260,"ALVAREZ, CRISOSTOMO",CRISOSTOMO ALVAREZ,Villa Lugano,Villa Lugano,Villa Lugano,8.0,CALLE,123.1751469228742,"LINESTRING (-58.48536442077362 -34.67093202601816, -58.486279325964176 -34.671745310752755)",Q6299540,Juan Crisóstomo Álvarez,Prócer,procer
26261,"RUCCI, JOSE IGNACIO",JOSE IGNACIO RUCCI,Villa Lugano,Villa Lugano,Villa Lugano,8.0,CALLE,137.1622496158637,"LINESTRING (-58.48733593967242 -34.67086975160054, -58.486279325964176 -34.671745310752755)",Q6292519,José Ignacio Rucci,PJ,politico
26265,"PERON, EVA AV.",EVA PERON,,Villa Lugano,Mataderos,,AVENIDA,61.72411863388272,"LINESTRING (-58.497406347583215 -34.67144263397753, -58.49791477199747 -34.67180749201375)",Q40933,Eva Perón,PJ,politico
26267,"DE LA TORRE, LISANDRO",LISANDRO DE LA TORRE,Villa Lugano,Villa Lugano,Villa Lugano,8.0,CALLE,61.12624863991271,"LINESTRING (-58.48892605642944 -34.67148055678284, -58.4884557472174 -34.67187121956231)",Q3543869,Lisandro de la Torre,UCR,politico
26271,"DELLEPIANE, LUIS, TTE. GRAL.",LUIS DELLEPIANE,Villa Lugano,Villa Lugano,Villa Lugano,8.0,AVENIDA,49.24705783021128,"LINESTRING (-58.4758778694108 -34.67156429178909, -58.476065286069485 -34.67198033018697)",Q126856409,Luis Dellepiane,UCR,politico
26274,"DELLEPIANE, LUIS, TTE. GRAL.",LUIS DELLEPIANE,Villa Lugano,Villa Lugano,Villa Lugano,8.0,AVENIDA,80.27271366259986,"LINESTRING (-58.476065286069485 -34.67198033018697, -58.476091804218406 -34.672039130439614, -58.47630094131366 -34.672281389197586, -58.4763767226681 -34.67236917183094, -58.47637006052223 -34.67246410585548, -58.47636397693276 -34.67262438537963)",Q126856409,Luis Dellepiane,UCR,politico
26275,"PERON, EVA AV.",EVA PERON,,Villa Lugano,Mataderos,,AVENIDA,40.84148822245746,"LINESTRING (-58.49791477199747 -34.67180749201375, -58.498251222979775 -34.67204887576315)",Q40933,Eva Perón,PJ,politico
26277,"DE LA TORRE, LISANDRO",LISANDRO DE LA TORRE,Villa Lugano,Villa Lugano,Villa Lugano,8.0,CALLE,33.06287012400454,"LINESTRING (-58.4884557472174 -34.67187121956231, -58.488201374485506 -34.672082540163196)",Q3543869,Lisandro de la Torre,UCR,politico
26281,"ALVAREZ, CRISOSTOMO",CRISOSTOMO ALVAREZ,Villa Lugano,Villa Lugano,Villa Lugano,8.0,CALLE,73.83971529760166,"LINESTRING (-58.486279325964176 -34.671745310752755, -58.48683543561851 -34.67222690002193)",Q6299540,Juan Crisóstomo Álvarez,Prócer,procer
26295,"DELLEPIANE, LUIS, TTE. GRAL.",LUIS DELLEPIANE,Villa Lugano,Villa Lugano,Villa Lugano,8.0,AVENIDA,158.6737454012535,"LINESTRING (-58.476689488091736 -34.67093321704147, -58.47704428086849 -34.6716639549676, -58.47708589558308 -34.6717761337835, -58.47711916049314 -34.671908947408745, -58.477108103083445 -34.672050921013366, -58.47711084782288 -34.672154019670025, -58.47714419968581 -34.672295988232925)",Q126856409,Luis Dellepiane,UCR,politico
26309,"LEGUIZAMON, MARTINIANO",MARTINIANO LEGUIZAMON,Villa Lugano,Villa Lugano,Villa Lugano,8.0,CALLE,130.066648540467,"LINESTRING (-58.48436460589916 -34.67167544511268, -58.483309207204165 -34.6724592173126)",Q6002391,Martiniano Leguizamón,Prócer,procer
26310,"PERON, EVA AV.",EVA PERON,,Villa Lugano,Mataderos,,AVENIDA,80.54584606635356,"LINESTRING (-58.498251222979775 -34.67204887576315, -58.498722138341826 -34.67238691006078, -58.498926594645575 -34.67251276641798)",Q40933,Eva Perón,PJ,politico
26313,"RUCCI, JOSE IGNACIO",JOSE IGNACIO RUCCI,Villa Lugano,Villa Lugano,Villa Lugano,8.0,CALLE,122.8101753402675,"LINESTRING (-58.486279325964176 -34.671745310752755, -58.48533322067253 -34.67252922065781)",Q6292519,José Ignacio Rucci,PJ,politico
26327,"PERON, EVA AV.",EVA PERON,,Villa Lugano,Mataderos,,AVENIDA,5.96961935049002,"LINESTRING (-58.498926594645575 -34.67251276641798, -58.49897901105918 -34.67254470763719)",Q40933,Eva Perón,PJ,politico
26348,"LEGUIZAMON, MARTINIANO",MARTINIANO LEGUIZAMON,Villa Lugano,Villa Lugano,Villa Lugano,8.0,CALLE,81.4279020496819,"LINESTRING (-58.483309207204165 -34.6724592173126, -58.48264846500268 -34.67294988909025)",Q6002391,Martiniano Leguizamón,Prócer,procer
26349,"PERON, EVA AV.",EVA PERON,,Villa Lugano,Mataderos,,AVENIDA,67.11938770716613,"LINESTRING (-58.49912585008134 -34.67263418732278, -58.49974022621659 -34.67296344298294)",Q40933,Eva Perón,PJ,politico
26355,"RUCCI, JOSE IGNACIO",JOSE IGNACIO RUCCI,Villa Lugano,Villa Lugano,Villa Lugano,8.0,CALLE,73.90376001794914,"LINESTRING (-58.48533322067253 -34.67252922065781, -58.48476386155816 -34.67300094361447)",Q6292519,José Ignacio Rucci,PJ,politico
26363,"DELLEPIANE, LUIS, TTE. GRAL.",LUIS DELLEPIANE,Villa Lugano,Villa Lugano,Villa Lugano,8.0,AVENIDA,37.32729840184729,"LINESTRING (-58.47636315473664 -34.67281671009348, -58.47639863488728 -34.67294797435398, -58.47655771583102 -34.67310133797485)",Q126856409,Luis Dellepiane,UCR,politico
26366,"PERON, EVA AV.",EVA PERON,,Villa Lugano,Mataderos,,AVENIDA,41.09422527956325,"LINESTRING (-58.49974022621659 -34.67296344298294, -58.50011639118381 -34.67316502078949)",Q40933,Eva Perón,PJ,politico
26371,"LEGUIZAMON, MARTINIANO",MARTINIANO LEGUIZAMON,Villa Lugano,Villa Lugano,Villa Lugano,8.0,CALLE,43.30870638393793,"LINESTRING (-58.48264846500268 -34.67294988909025, -58.48238520569377 -34.67314542422842, -58.482299811231876 -34.673213325126646)",Q6002391,Martiniano Leguizamón,Prócer,procer
26382,"RUCCI, JOSE IGNACIO",JOSE IGNACIO RUCCI,Villa Lugano,Villa Lugano,Villa Lugano,8.0,CALLE,58.58494568032333,"LINESTRING (-58.48476386155816 -34.67300094361447, -58.484312528452776 -34.67337489677672)",Q6292519,José Ignacio Rucci,PJ,politico
26391,"PERON, EVA AV.",EVA PERON,,Villa Lugano,Mataderos,,AVENIDA,61.53522604965737,"LINESTRING (-58.50011639118381 -34.67316502078949, -58.50067970415995 -34.673466822213555)",Q40933,Eva Perón,PJ,politico
26392,"DELLEPIANE, LUIS, TTE. GRAL.",LUIS DELLEPIANE,Villa Lugano,Villa Lugano,Villa Lugano,8.0,AVENIDA,151.3305690558871,"LINESTRING (-58.47655771583102 -34.67310133797485, -58.476689161192105 -34.67313949275553, -58.47677688352218 -34.67320680726648, -58.47679361063084 -34.67333110162025, -58.476749396189966 -34.67348547323338, -58.47671395013298 -34.67357054785179, -58.476727518816006 -34.673666814290655, -58.477119551653594 -34.67426416683981)",Q126856409,Luis Dellepiane,UCR,politico
26402,"DELLEPIANE, LUIS, TTE. GRAL.",LUIS DELLEPIANE,Villa Lugano,Villa Lugano,Villa Lugano,8.0,AVENIDA,93.32646443217365,"LINESTRING (-58.47743088766956 -34.67297757748216, -58.477542828551414 -34.67310411419251, -58.47764589267997 -34.67316001779469, -58.477740089087575 -34.673198950470145, -58.47783727109712 -34.67325006585729, -58.47788442138039 -34.67332301822368, -58.47791094757436 -34.673417874528184, -58.47792982421948 -34.673637732169084)",Q126856409,Luis Dellepiane,UCR,politico
26424,"PERON, EVA AV.",EVA PERON,,Villa Lugano,Mataderos,,AVENIDA,104.9544895800719,"LINESTRING (-58.50067970415995 -34.673466822213555, -58.50164042359439 -34.67398166638999)",Q40933,Eva Perón,PJ,politico
26430,"LEGUIZAMON, MARTINIANO",MARTINIANO LEGUIZAMON,Villa Lugano,Villa Lugano,Villa Lugano,8.0,CALLE,134.1266227428861,"LINESTRING (-58.482299811231876 -34.673213325126646, -58.48217845201238 -34.67330989360972, -58.481383631682064 -34.67388367802548, -58.48120516698588 -34.674015535794716)",Q6002391,Martiniano Leguizamón,Prócer,procer
26437,"RUCCI, JOSE IGNACIO",JOSE IGNACIO RUCCI,Villa Lugano,Villa Lugano,Villa Lugano,8.0,CALLE,119.5949847917764,"LINESTRING (-58.484312528452776 -34.67337489677672, -58.484224920281015 -34.6734475177282, -58.483390589343685 -34.67413780124865)",Q6292519,José Ignacio Rucci,PJ,politico
26454,"DE LA TORRE, LISANDRO",LISANDRO DE LA TORRE,Villa Lugano,Villa Lugano,Villa Lugano,8.0,CALLE,132.7002708015202,"LINESTRING (-58.48644953557236 -34.67354486238321, -58.48543123022799 -34.67439519517657)",Q3543869,Lisandro de la Torre,UCR,politico
26470,"LEGUIZAMON, MARTINIANO",MARTINIANO LEGUIZAMON,Villa Lugano,Villa Lugano,Villa Lugano,8.0,CALLE,119.2012360951273,"LINESTRING (-58.48120516698588 -34.674015535794716, -58.48023570346412 -34.67473180343546)",Q6002391,Martiniano Leguizamón,Prócer,procer
26477,"DELLEPIANE, LUIS, TTE. GRAL.",LUIS DELLEPIANE,Villa Lugano,Villa Lugano,Villa Lugano,8.0,AVENIDA,149.6910326906276,"LINESTRING (-58.47792982421948 -34.673637732169084, -58.47793564188185 -34.67375906990938, -58.478324636053635 -34.67494416731187)",Q126856409,Luis Dellepiane,UCR,politico
26483,"RUCCI, JOSE IGNACIO",JOSE IGNACIO RUCCI,Villa Lugano,Villa Lugano,Villa Lugano,8.0,CALLE,133.9801760110415,"LINESTRING (-58.483390589343685 -34.67413780124865, -58.48256689765901 -34.674819204033774, -58.48235758492233 -34.674992336077736)",Q6292519,José Ignacio Rucci,PJ,politico
26491,"DE LA TORRE, LISANDRO",LISANDRO DE LA TORRE,Villa Lugano,Villa Lugano,Villa Lugano,8.0,CALLE,114.2986820384033,"LINESTRING (-58.48543123022799 -34.67439519517657, -58.48455411934374 -34.67512760711984)",Q3543869,Lisandro de la Torre,UCR,politico
26501,"DELLEPIANE, LUIS, TTE. GRAL.",LUIS DELLEPIANE,Villa Lugano,Villa Lugano,Villa Lugano,8.0,AVENIDA,134.7070359854044,"LINESTRING (-58.477119551653594 -34.67426416683981, -58.477563629873536 -34.675109963481894, -58.47768224840883 -34.67538537294122)",Q126856409,Luis Dellepiane,UCR,politico
26515,"RUCCI, JOSE IGNACIO",JOSE IGNACIO RUCCI,Villa Lugano,Villa Lugano,Villa Lugano,8.0,CALLE,119.2690311916325,"LINESTRING (-58.48235758492233 -34.674992336077736, -58.48143782575517 -34.675752901292114)",Q6292519,José Ignacio Rucci,PJ,politico
26521,"LEGUIZAMON, MARTINIANO",MARTINIANO LEGUIZAMON,Villa Lugano,Villa Lugano,Villa Lugano,8.0,CALLE,185.2310930922141,"LINESTRING (-58.48023570346412 -34.67473180343546, -58.47872918794932 -34.67584482379749)",Q6002391,Martiniano Leguizamón,Prócer,procer
26522,"DELLEPIANE, LUIS, TTE. GRAL.",LUIS DELLEPIANE,Villa Lugano,Villa Lugano,Villa Lugano,8.0,AVENIDA,106.5739649634807,"LINESTRING (-58.478324636053635 -34.67494416731187, -58.47872918794932 -34.67584482379749)",Q126856409,Luis Dellepiane,UCR,politico
26528,"DE LA TORRE, LISANDRO",LISANDRO DE LA TORRE,Villa Lugano,Villa Lugano,Villa Lugano,8.0,CALLE,133.574325680997,"LINESTRING (-58.48455411934374 -34.67512760711984, -58.48372616772444 -34.67581894797706, -58.48353023609451 -34.675984474106514)",Q3543869,Lisandro de la Torre,UCR,politico
26549,"DELLEPIANE, LUIS, TTE. GRAL.",LUIS DELLEPIANE,Villa Lugano,Villa Lugano,Villa Lugano,8.0,AVENIDA,121.1448594168398,"LINESTRING (-58.47768224840883 -34.67538537294122, -58.478076335810805 -34.67642772332066)",Q126856409,Luis Dellepiane,UCR,politico
26566,"DE LA TORRE, LISANDRO",LISANDRO DE LA TORRE,Villa Lugano,Villa Lugano,Villa Lugano,8.0,CALLE,119.5911984336676,"LINESTRING (-58.48353023609451 -34.675984474106514, -58.482617980458016 -34.67675525815227)",Q3543869,Lisandro de la Torre,UCR,politico
26578,"RUCCI, JOSE IGNACIO",JOSE IGNACIO RUCCI,Villa Lugano,Villa Lugano,Villa Lugano,8.0,CALLE,197.6087332870251,"LINESTRING (-58.48143782575517 -34.675752901292114, -58.47991394759011 -34.677013051785636)",Q6292519,José Ignacio Rucci,PJ,politico
26580,"LEGUIZAMON, MARTINIANO",MARTINIANO LEGUIZAMON,Villa Lugano,Villa Lugano,Villa Lugano,8.0,CALLE,99.88696551811312,"LINESTRING (-58.478076335810805 -34.67642772332066, -58.47727882156633 -34.67704141070277)",Q6002391,Martiniano Leguizamón,Prócer,procer
26583,"DELLEPIANE, LUIS, TTE. GRAL.",LUIS DELLEPIANE,Villa Lugano,Villa Lugano,Villa Lugano,8.0,AVENIDA,96.93492507228584,"LINESTRING (-58.478076335810805 -34.67642772332066, -58.47836921183847 -34.67726733775767)",Q126856409,Luis Dellepiane,UCR,politico
26589,"DELLEPIANE, LUIS, TTE. GRAL.",LUIS DELLEPIANE,Villa Lugano,Villa Lugano,Villa Lugano,8.0,AVENIDA,134.5375186408486,"LINESTRING (-58.478968189882785 -34.67620535777302, -58.47912798261144 -34.676457943507536, -58.47920226021313 -34.67662039910214, -58.47936847665535 -34.67702291366956, -58.479490776666424 -34.67733578568852)",Q126856409,Luis Dellepiane,UCR,politico
26590,"RUCCI, JOSE IGNACIO",JOSE IGNACIO RUCCI,Villa Lugano,Villa Lugano,Villa Lugano,8.0,CALLE,52.78264514273272,"LINESTRING (-58.47991394759011 -34.677013051785636, -58.479490776666424 -34.67733578568852)",Q6292519,José Ignacio Rucci,PJ,politico
26601,"GALLO, DELFIN",DELFIN GALLO,Villa Lugano,Villa Lugano,Villa Lugano,8.0,CALLE,107.083696371177,"LINESTRING (-58.475760357333385 -34.67689368763209, -58.47656380219599 -34.67759452031199)",Q5253706,Delfín Gallo,Prócer,procer
26602,"LEGUIZAMON, MARTINIANO",MARTINIANO LEGUIZAMON,Villa Lugano,Villa Lugano,Villa Lugano,8.0,CALLE,38.00160614690947,"LINESTRING (-58.476865527808265 -34.67735955688138, -58.47656380219599 -34.67759452031199)",Q6002391,Martiniano Leguizamón,Prócer,procer
26621,"LEGUIZAMON, MARTINIANO",MARTINIANO LEGUIZAMON,Villa Lugano,Villa Lugano,Villa Lugano,8.0,CALLE,54.13378890254222,"LINESTRING (-58.47656380219599 -34.67759452031199, -58.47613405335596 -34.677929285534525)",Q6002391,Martiniano Leguizamón,Prócer,procer
26622,"CHILAVERT, MARTINIANO, CORONEL",MARTINIANO CHILAVERT,Villa Lugano,Villa Lugano,Villa Lugano,8.0,CALLE,103.5190040655635,"LINESTRING (-58.465448823025014 -34.67729015172848, -58.46622550252488 -34.677967672633976)",Q6002386,Martiniano Chilavert,Prócer,procer
26624,"ALVAREZ, CRISOSTOMO",CRISOSTOMO ALVAREZ,Villa Lugano,Villa Lugano,Villa Lugano,8.0,CALLE,101.9142721055018,"LINESTRING (-58.49231849968246 -34.67728784341581, -58.49306812010331 -34.677966396884614)",Q6299540,Juan Crisóstomo Álvarez,Prócer,procer
26629,"LEGUIZAMON, MARTINIANO",MARTINIANO LEGUIZAMON,Villa Lugano,Villa Lugano,Villa Lugano,8.0,CALLE,14.22567224574068,"LINESTRING (-58.47613405335596 -34.677929285534525, -58.47602111799115 -34.678017255354945)",Q6002391,Martiniano Leguizamón,Prócer,procer
26631,"DE LA TORRE, LISANDRO",LISANDRO DE LA TORRE,Villa Lugano,Villa Lugano,Villa Lugano,8.0,CALLE,198.0067691541935,"LINESTRING (-58.482617980458016 -34.67675525815227, -58.48121734880028 -34.677938644368936, -58.481105783435176 -34.678029998988656)",Q3543869,Lisandro de la Torre,UCR,politico
26633,"DELLEPIANE, LUIS, TTE. GRAL.",LUIS DELLEPIANE,Villa Lugano,Villa Lugano,Villa Lugano,8.0,AVENIDA,40.40834253179511,"LINESTRING (-58.47836921183847 -34.67726733775767, -58.478518909061734 -34.67760994595963)",Q126856409,Luis Dellepiane,UCR,politico
26638,"GALLO, DELFIN",DELFIN GALLO,Villa Lugano,Villa Lugano,Villa Lugano,8.0,CALLE,87.81878487010711,"LINESTRING (-58.47656380219599 -34.67759452031199, -58.47722274961381 -34.67816923711046)",Q5253706,Delfín Gallo,Prócer,procer
26645,"RUCCI, JOSE IGNACIO",JOSE IGNACIO RUCCI,Villa Lugano,Villa Lugano,Villa Lugano,8.0,CALLE,17.9792852905753,"LINESTRING (-58.47872661991068 -34.67808532344832, -58.478581553728894 -34.67819442651683)",Q6292519,José Ignacio Rucci,PJ,politico
26653,"DELLEPIANE, LUIS, TTE. GRAL.",LUIS DELLEPIANE,Villa Lugano,Villa Lugano,Villa Lugano,8.0,AVENIDA,42.46582164421935,"LINESTRING (-58.47872661991068 -34.67808532344832, -58.47888950415371 -34.678443683948984)",Q126856409,Luis Dellepiane,UCR,politico
26654,"RUCCI, JOSE IGNACIO",JOSE IGNACIO RUCCI,Villa Lugano,Villa Lugano,Villa Lugano,8.0,CALLE,47.9764104623748,"LINESTRING (-58.478581553728894 -34.67819442651683, -58.47819723813435 -34.6784880664081)",Q6292519,José Ignacio Rucci,PJ,politico
26656,"LEGUIZAMON, MARTINIANO",MARTINIANO LEGUIZAMON,Villa Lugano,Villa Lugano,Villa Lugano,8.0,CALLE,76.45935969960735,"LINESTRING (-58.47602111799115 -34.678017255354945, -58.4758936072826 -34.67811656463448, -58.475413308346475 -34.678489360767706)",Q6002391,Martiniano Leguizamón,Prócer,procer
26666,"CHILAVERT, MARTINIANO, CORONEL",MARTINIANO CHILAVERT,Villa Lugano,Villa Lugano,Villa Lugano,8.0,CALLE,102.9276749029199,"LINESTRING (-58.46622550252488 -34.677967672633976, -58.46699776175679 -34.67864131539942)",Q6002386,Martiniano Chilavert,Prócer,procer
26682,"DE LA TORRE, LISANDRO",LISANDRO DE LA TORRE,Villa Lugano,Villa Lugano,Villa Lugano,8.0,CALLE,125.0998567095778,"LINESTRING (-58.481105783435176 -34.678029998988656, -58.48096933074436 -34.678141779704234, -58.48015157604563 -34.67883633057165)",Q3543869,Lisandro de la Torre,UCR,politico
26688,"DELLEPIANE, LUIS, TTE. GRAL.",LUIS DELLEPIANE,Villa Lugano,Villa Lugano,Villa Lugano,8.0,AVENIDA,47.59595051079927,"LINESTRING (-58.479490776666424 -34.67733578568852, -58.479660969543055 -34.67774112786815)",Q126856409,Luis Dellepiane,UCR,politico
26697,"RUCCI, JOSE IGNACIO",JOSE IGNACIO RUCCI,Villa Lugano,Villa Lugano,Villa Lugano,8.0,CALLE,74.04803102483525,"LINESTRING (-58.47803776749479 -34.678616114292694, -58.47744820480613 -34.6790725233325)",Q6292519,José Ignacio Rucci,PJ,politico
26702,"RUCCI, JOSE IGNACIO",JOSE IGNACIO RUCCI,Villa Lugano,Villa Lugano,Villa Lugano,8.0,CALLE,14.3153867500948,"LINESTRING (-58.47744820480613 -34.6790725233325, -58.47733424637951 -34.67916077616256)",Q6292519,José Ignacio Rucci,PJ,politico
26712,"LEGUIZAMON, MARTINIANO",MARTINIANO LEGUIZAMON,Villa Lugano,Villa Lugano,Villa Lugano,8.0,CALLE,142.5070533220728,"LINESTRING (-58.475413308346475 -34.678489360767706, -58.47428017790701 -34.6793690477902)",Q6002391,Martiniano Leguizamón,Prócer,procer
26716,"DELLEPIANE, LUIS, TTE. GRAL.",LUIS DELLEPIANE,Villa Lugano,Villa Lugano,Villa Lugano,8.0,AVENIDA,75.01178292451371,"LINESTRING (-58.479044202854936 -34.67878408747604, -58.479313359829796 -34.67942264555246)",Q126856409,Luis Dellepiane,UCR,politico
26734,"CHILAVERT, MARTINIANO, CORONEL",MARTINIANO CHILAVERT,Villa Lugano,Villa Lugano,Villa Lugano,8.0,CALLE,45.88682734177503,"LINESTRING (-58.46699776175679 -34.67864131539942, -58.46734202898279 -34.6789416522743)",Q6002386,Martiniano Chilavert,Prócer,procer
26736,"DE LA TORRE, LISANDRO",LISANDRO DE LA TORRE,Villa Lugano,Villa Lugano,Villa Lugano,8.0,CALLE,31.06750226218694,"LINESTRING (-58.479313359829796 -34.67942264555246, -58.47905748637495 -34.67960634131467)",Q3543869,Lisandro de la Torre,UCR,politico
26740,"RUCCI, JOSE IGNACIO",JOSE IGNACIO RUCCI,Villa Lugano,Villa Lugano,Villa Lugano,8.0,CALLE,76.3192820333424,"LINESTRING (-58.47733424637951 -34.67916077616256, -58.476726691313274 -34.679631268283735)",Q6292519,José Ignacio Rucci,PJ,politico
26748,"DELLEPIANE, LUIS, TTE. GRAL.",LUIS DELLEPIANE,Villa Lugano,Villa Lugano,Villa Lugano,8.0,AVENIDA,115.2229930261452,"LINESTRING (-58.48015157604563 -34.67883633057165, -58.48051686081548 -34.679830158540916)",Q126856409,Luis Dellepiane,UCR,politico
26763,"DE LA TORRE, LISANDRO",LISANDRO DE LA TORRE,Villa Lugano,Villa Lugano,Villa Lugano,8.0,CALLE,44.39884946821742,"LINESTRING (-58.478900491072636 -34.6797557984861, -58.47862458338887 -34.67994287618182, -58.47853253056866 -34.68001577521488)",Q3543869,Lisandro de la Torre,UCR,politico
26775,"DE LA TORRE, LISANDRO",LISANDRO DE LA TORRE,Villa Lugano,Villa Lugano,Villa Lugano,8.0,CALLE,13.70861358329642,"LINESTRING (-58.47853253056866 -34.68001577521488, -58.47842462402416 -34.68010135223161)",Q3543869,Lisandro de la Torre,UCR,politico
26786,"LEGUIZAMON, MARTINIANO",MARTINIANO LEGUIZAMON,Villa Lugano,Villa Lugano,Villa Lugano,8.0,CALLE,143.1214655555268,"LINESTRING (-58.47428017790701 -34.6793690477902, -58.47416877285196 -34.67945546643654, -58.47314063028632 -34.68025118946639)",Q6002391,Martiniano Leguizamón,Prócer,procer
26801,"DELLEPIANE, LUIS, TTE. GRAL.",LUIS DELLEPIANE,Villa Lugano,Villa Lugano,Villa Lugano,8.0,AVENIDA,124.1896174991617,"LINESTRING (-58.479313359829796 -34.67942264555246, -58.47979750827095 -34.68046821724645)",Q126856409,Luis Dellepiane,UCR,politico
26802,"CHILAVERT, MARTINIANO, CORONEL",MARTINIANO CHILAVERT,Villa Lugano,Villa Lugano,Villa Lugano,8.0,CALLE,138.1507362762566,"LINESTRING (-58.46808298657883 -34.67958825184538, -58.4682114590684 -34.679700570951105, -58.46912006849823 -34.680492011676705)",Q6002386,Martiniano Chilavert,Prócer,procer
26805,"RUCCI, JOSE IGNACIO",JOSE IGNACIO RUCCI,Villa Lugano,Villa Lugano,Villa Lugano,8.0,CALLE,142.7563295316794,"LINESTRING (-58.476726691313274 -34.679631268283735, -58.47559014937586 -34.68051124938466)",Q6292519,José Ignacio Rucci,PJ,politico
26809,"DE LA TORRE, LISANDRO",LISANDRO DE LA TORRE,Villa Lugano,Villa Lugano,Villa Lugano,8.0,CALLE,76.75812419831354,"LINESTRING (-58.47842462402416 -34.68010135223161, -58.47830452871962 -34.680196578562246, -58.47781340307653 -34.680574385368146)",Q3543869,Lisandro de la Torre,UCR,politico
26819,"DELLEPIANE, LUIS, TTE. GRAL.",LUIS DELLEPIANE,Villa Lugano,Villa Lugano,Villa Lugano,8.0,AVENIDA,111.4450564604286,"LINESTRING (-58.48051686081548 -34.679830158540916, -58.48094849177764 -34.68076932431199)",Q126856409,Luis Dellepiane,UCR,politico
26834,"LEGUIZAMON, MARTINIANO",MARTINIANO LEGUIZAMON,Villa Lugano,Villa Lugano,Villa Lugano,8.0,CALLE,114.310561755272,"LINESTRING (-58.47314063028632 -34.68025118946639, -58.472359494726355 -34.680855688010666, -58.4722299293861 -34.68095527525551)",Q6002391,Martiniano Leguizamón,Prócer,procer
26845,"DELLEPIANE, LUIS, TTE. GRAL.",LUIS DELLEPIANE,Villa Lugano,Villa Lugano,Villa Lugano,8.0,AVENIDA,46.81937454343525,"LINESTRING (-58.48094849177764 -34.68076932431199, -58.481126658151865 -34.681164862627035)",Q126856409,Luis Dellepiane,UCR,politico
26848,"DE LA TORRE, LISANDRO",LISANDRO DE LA TORRE,Villa Lugano,Villa Lugano,Villa Lugano,8.0,CALLE,101.5680346853778,"LINESTRING (-58.47781340307653 -34.680574385368146, -58.47700229444242 -34.6811982834338)",Q3543869,Lisandro de la Torre,UCR,politico
26852,"CHILAVERT, MARTINIANO, CORONEL",MARTINIANO CHILAVERT,Villa Lugano,Villa Lugano,Villa Lugano,8.0,CALLE,126.660849125814,"LINESTRING (-58.46912006849823 -34.680492011676705, -58.47007115164516 -34.681320415083015)",Q6002386,Martiniano Chilavert,Prócer,procer
26854,"BERMEJO, ANTONIO DR.",ANTONIO BERMEJO,Villa Lugano,Villa Lugano,Villa Lugano,8.0,CALLE,69.64396411114386,"LINESTRING (-58.481126658151865 -34.681164862627035, -58.48185726950998 -34.68133757085472)",Q4776451,Antonio Bermejo,UCR,politico
26860,"RUCCI, JOSE IGNACIO",JOSE IGNACIO RUCCI,Villa Lugano,Villa Lugano,Villa Lugano,8.0,CALLE,143.1755954938646,"LINESTRING (-58.47559014937586 -34.68051124938466, -58.475475078918095 -34.68060034564048, -58.47445042958634 -34.68139396653855)",Q6292519,José Ignacio Rucci,PJ,politico
26862,"DELLEPIANE, LUIS, TTE. GRAL.",LUIS DELLEPIANE,Villa Lugano,Villa Lugano,Villa Lugano,8.0,AVENIDA,54.55346296922245,"LINESTRING (-58.48002368448636 -34.68097156782419, -58.480172964183375 -34.68144760460784)",Q126856409,Luis Dellepiane,UCR,politico
26864,"DE LA TORRE, LISANDRO",LISANDRO DE LA TORRE,Villa Lugano,Villa Lugano,Villa Lugano,8.0,CALLE,41.52221411076687,"LINESTRING (-58.47700229444242 -34.6811982834338, -58.4768353150136 -34.68132668264611, -58.476672853235975 -34.68145522197685)",Q3543869,Lisandro de la Torre,UCR,politico
26879,"BERMEJO, ANTONIO DR.",ANTONIO BERMEJO,Villa Lugano,Villa Lugano,Villa Lugano,8.0,CALLE,145.4160249336121,"LINESTRING (-58.48185726950998 -34.68133757085472, -58.483377500373614 -34.68171310535753)",Q4776451,Antonio Bermejo,UCR,politico
26895,"CHILAVERT, MARTINIANO, CORONEL",MARTINIANO CHILAVERT,Villa Lugano,Villa Lugano,Villa Lugano,8.0,CALLE,105.0700208823379,"LINESTRING (-58.47007115164516 -34.681320415083015, -58.47086009784897 -34.68200762365141)",Q6002386,Martiniano Chilavert,Prócer,procer
26896,"LEGUIZAMON, MARTINIANO",MARTINIANO LEGUIZAMON,Villa Lugano,Villa Lugano,Villa Lugano,8.0,CALLE,171.432004354424,"LINESTRING (-58.4722299293861 -34.68095527525551, -58.47086009784897 -34.68200762365141)",Q6002391,Martiniano Leguizamón,Prócer,procer
26902,"RUCCI, JOSE IGNACIO",JOSE IGNACIO RUCCI,Villa Lugano,Villa Lugano,Villa Lugano,8.0,CALLE,114.308226201533,"LINESTRING (-58.47445042958634 -34.68139396653855, -58.47432657705439 -34.68148996392347, -58.47353674323379 -34.6820953861701)",Q6292519,José Ignacio Rucci,PJ,politico
26906,"DE LA TORRE, LISANDRO",LISANDRO DE LA TORRE,Villa Lugano,Villa Lugano,Villa Lugano,8.0,CALLE,110.2193717393236,"LINESTRING (-58.476672853235975 -34.68145522197685, -58.47650877144303 -34.68158502887222, -58.47579652074319 -34.68213566847738)",Q3543869,Lisandro de la Torre,UCR,politico
26908,"DELLEPIANE, LUIS, TTE. GRAL.",LUIS DELLEPIANE,Villa Lugano,Villa Lugano,Villa Lugano,8.0,AVENIDA,54.8729739824151,"LINESTRING (-58.48043705448719 -34.68182263896298, -58.48065939285789 -34.68228190419363)",Q126856409,Luis Dellepiane,UCR,politico
26911,"DE LA TORRE, LISANDRO",LISANDRO DE LA TORRE,,Villa Riachuelo,Villa Lugano,,CALLE,32.7768202515,"LINESTRING (-58.47579652074319 -34.68213566847738, -58.475535433676995 -34.68233759677274)",Q3543869,Lisandro de la Torre,UCR,politico
26914,"VILLEGAS, CONRADO, GRAL.",CONRADO VILLEGAS,Villa Lugano,Villa Lugano,Villa Lugano,8.0,CALLE,209.6086046982577,"LINESTRING (-58.46503904722764 -34.68092974483046, -58.465346620863265 -34.680961500687424, -58.4654042486616 -34.68098086594587, -58.46545863747689 -34.68101551295799, -58.465502797305696 -34.681075793989585, -58.4661329939403 -34.68243423447992)",Q5162673,Conrado Villegas,Prócer,procer
26920,"CHILAVERT, MARTINIANO, CORONEL",MARTINIANO CHILAVERT,Villa Lugano,Villa Lugano,Villa Lugano,8.0,CALLE,87.02629126135265,"LINESTRING (-58.47086009784897 -34.68200762365141, -58.47136404468816 -34.682446465462725, -58.471513754823235 -34.68257666698585)",Q6002386,Martiniano Chilavert,Prócer,procer
26926,"DELLEPIANE, LUIS, TTE. GRAL.",LUIS DELLEPIANE,Villa Lugano,Villa Lugano,Villa Lugano,8.0,AVENIDA,148.3621154940162,"LINESTRING (-58.4813963010559 -34.68157700686182, -58.48140987497945 -34.6816664416506, -58.48152833683596 -34.68190410053417, -58.48179584828634 -34.68229546946433, -58.48203955567312 -34.68258902435649, -58.482201302344684 -34.68271667568036)",Q126856409,Luis Dellepiane,UCR,politico
26931,"BERMEJO, ANTONIO DR.",ANTONIO BERMEJO,Villa Lugano,Villa Lugano,Villa Lugano,8.0,CALLE,458.3939081224831,"LINESTRING (-58.483377500373614 -34.68171310535753, -58.48704675142361 -34.6825920953599, -58.48817834755938 -34.6828727856651)",Q4776451,Antonio Bermejo,UCR,politico
26934,"DE LA TORRE, LISANDRO",LISANDRO DE LA TORRE,,Villa Riachuelo,Villa Lugano,,CALLE,114.8412534056596,"LINESTRING (-58.475535433676995 -34.68233759677274, -58.4746204681738 -34.68304494005101)",Q3543869,Lisandro de la Torre,UCR,politico
26937,"DELLEPIANE, LUIS, TTE. GRAL.",LUIS DELLEPIANE,Villa Lugano,Villa Lugano,Villa Lugano,8.0,AVENIDA,106.9909849564382,"LINESTRING (-58.48065939285789 -34.68228190419363, -58.480977828389356 -34.68282925384116, -58.481194513630236 -34.68313830729931)",Q126856409,Luis Dellepiane,UCR,politico
26938,"CHILAVERT, MARTINIANO, CORONEL",MARTINIANO CHILAVERT,Villa Lugano,Villa Lugano,Villa Lugano,8.0,CALLE,87.19052763899423,"LINESTRING (-58.471513754823235 -34.68257666698585, -58.47216912581109 -34.68314641086274)",Q6002386,Martiniano Chilavert,Prócer,procer
26939,"RUCCI, JOSE IGNACIO",JOSE IGNACIO RUCCI,Villa Lugano,Villa Lugano,Villa Lugano,8.0,CALLE,171.1821733583816,"LINESTRING (-58.47353674323379 -34.6820953861701, -58.47216912581109 -34.68314641086274)",Q6292519,José Ignacio Rucci,PJ,politico
26942,"DELLEPIANE, LUIS, TTE. GRAL.",LUIS DELLEPIANE,Villa Lugano,Villa Lugano,Villa Lugano,8.0,AVENIDA,178.501023805181,"LINESTRING (-58.482201302344684 -34.68271667568036, -58.48273951533042 -34.6832277187342, -58.483484597967966 -34.68392710588692)",Q126856409,Luis Dellepiane,UCR,politico
26956,"CHILAVERT, MARTINIANO, CORONEL",MARTINIANO CHILAVERT,Villa Lugano,Villa Lugano,Villa Lugano,8.0,CALLE,76.85135600257723,"LINESTRING (-58.47216912581109 -34.68314641086274, -58.47274674981529 -34.6836486218831)",Q6002386,Martiniano Chilavert,Prócer,procer
26965,"OLASCOAGA, MANUEL JOSE, CNEL.",MANUEL JOSE OLASCOAGA,Villa Lugano,Villa Lugano,Villa Lugano,8.0,CALLE,117.8414941083993,"LINESTRING (-58.46651069864918 -34.68377119940903, -58.46523850366484 -34.68361657812419)",Q5993379,Manuel José Olascoaga,Prócer,procer
26969,"DELLEPIANE, LUIS, TTE. GRAL.",LUIS DELLEPIANE,Villa Lugano,Villa Lugano,Villa Lugano,8.0,AVENIDA,103.6699391790064,"LINESTRING (-58.481194513630236 -34.68313830729931, -58.48152979781295 -34.68351361039842, -58.4819112842497 -34.68385968010381)",Q126856409,Luis Dellepiane,UCR,politico
26976,"DE LA TORRE, LISANDRO",LISANDRO DE LA TORRE,,Villa Riachuelo,Villa Lugano,,CALLE,147.0686997461953,"LINESTRING (-58.4746204681738 -34.68304494005101, -58.47344566790235 -34.68394807326839)",Q3543869,Lisandro de la Torre,UCR,politico
26985,"CHILAVERT, MARTINIANO, CORONEL",MARTINIANO CHILAVERT,Villa Lugano,Villa Lugano,Villa Lugano,8.0,CALLE,67.95425356825632,"LINESTRING (-58.47274674981529 -34.6836486218831, -58.4732575372311 -34.68409266649129)",Q6002386,Martiniano Chilavert,Prócer,procer
26986,"DE LA TORRE, LISANDRO",LISANDRO DE LA TORRE,,Villa Riachuelo,Villa Lugano,,CALLE,23.54876972317924,"LINESTRING (-58.47344566790235 -34.68394807326839, -58.4732575372311 -34.68409266649129)",Q3543869,Lisandro de la Torre,UCR,politico
27009,"DELLEPIANE, LUIS, TTE. GRAL.",LUIS DELLEPIANE,Villa Lugano,Villa Lugano,Villa Lugano,8.0,AVENIDA,103.4310379163383,"LINESTRING (-58.4819112842497 -34.68385968010381, -58.482527865263265 -34.6844431769085, -58.48267426495765 -34.68454456233781)",Q126856409,Luis Dellepiane,UCR,politico
27015,"CHILAVERT, MARTINIANO, CORONEL",MARTINIANO CHILAVERT,Villa Riachuelo,Villa Riachuelo,Villa Riachuelo,8.0,CALLE,103.3082190991127,"LINESTRING (-58.47344566790235 -34.68394807326839, -58.47420636350097 -34.68463533264614)",Q6002386,Martiniano Chilavert,Prócer,procer
27020,"URIBURU, NAPOLEON, GRAL.",NAPOLEON URIBURU,Villa Lugano,Villa Lugano,Villa Lugano,8.0,CALLE,137.3139804489996,"LINESTRING (-58.464695137585075 -34.684738277562666, -58.465238643041594 -34.68589174405101)",Q6037980,Napoleón Uriburu,Prócer,procer
27022,"DE LA TORRE, LISANDRO",LISANDRO DE LA TORRE,,Villa Riachuelo,Villa Lugano,,CALLE,119.6421079957337,"LINESTRING (-58.4732575372311 -34.68409266649129, -58.47250858826311 -34.684668360114685, -58.47237577782539 -34.684769919531576, -58.47230127426766 -34.684826896976126)",Q3543869,Lisandro de la Torre,UCR,politico
27051,"DE LA TORRE, LISANDRO",LISANDRO DE LA TORRE,,Villa Riachuelo,Villa Lugano,,CALLE,70.5729742455517,"LINESTRING (-58.47230127426766 -34.684826896976126, -58.4721284835776 -34.684958952071455, -58.47174053441981 -34.68526292367412)",Q3543869,Lisandro de la Torre,UCR,politico
27052,"CHILAVERT, MARTINIANO, CORONEL",MARTINIANO CHILAVERT,Villa Riachuelo,Villa Riachuelo,Villa Riachuelo,8.0,CALLE,103.4190888257254,"LINESTRING (-58.47420636350097 -34.68463533264614, -58.474967839047714 -34.68532336177153)",Q6002386,Martiniano Chilavert,Prócer,procer
27059,"DELLEPIANE, LUIS, TTE. GRAL.",LUIS DELLEPIANE,Villa Lugano,Villa Lugano,Villa Lugano,8.0,AVENIDA,108.4899623656815,"LINESTRING (-58.48267426495765 -34.68454456233781, -58.48291158934016 -34.68484304597522, -58.48307038782627 -34.68509647140847, -58.483141799581894 -34.685242937829265, -58.48318310551422 -34.68541719855326)",Q126856409,Luis Dellepiane,UCR,politico
27074,"DE LA TORRE, LISANDRO",LISANDRO DE LA TORRE,,Villa Riachuelo,Villa Lugano,,CALLE,81.44581284402229,"LINESTRING (-58.47174053441981 -34.68526292367412, -58.47121277920877 -34.68567641038145, -58.471095565843584 -34.68576803778177)",Q3543869,Lisandro de la Torre,UCR,politico
27079,"RAMIREZ, CEFERINO, COMODORO",CEFERINO RAMIREZ,Villa Lugano,Villa Lugano,Villa Lugano,8.0,CALLE,311.9062204112988,"LINESTRING (-58.460287395912815 -34.68446669858772, -58.462059080172736 -34.684727856678585, -58.462124553052355 -34.68473940664152, -58.462188491091204 -34.68477595659448, -58.4627117562703 -34.6859011731681)",Q5759989,Ceferino Ramírez,Prócer,procer
27084,"CHILAVERT, MARTINIANO, CORONEL",MARTINIANO CHILAVERT,Villa Riachuelo,Villa Riachuelo,Villa Riachuelo,8.0,CALLE,103.2141532764106,"LINESTRING (-58.474967839047714 -34.68532336177153, -58.47572787768765 -34.68600997775404)",Q6002386,Martiniano Chilavert,Prócer,procer
27088,"URIBURU, NAPOLEON, GRAL.",NAPOLEON URIBURU,Villa Lugano,Villa Lugano,Villa Lugano,8.0,CALLE,115.1073803402898,"LINESTRING (-58.465238643041594 -34.68589174405101, -58.466478135208234 -34.686059865764)",Q6037980,Napoleón Uriburu,Prócer,procer
27090,"URIBURU, NAPOLEON, GRAL.",NAPOLEON URIBURU,Villa Lugano,Villa Lugano,Villa Lugano,8.0,CALLE,33.11890052545535,"LINESTRING (-58.466478135208234 -34.686059865764, -58.46683483464306 -34.68610788417491)",Q6037980,Napoleón Uriburu,Prócer,procer
27092,"URIBURU, NAPOLEON, GRAL.",NAPOLEON URIBURU,Villa Lugano,Villa Lugano,Villa Lugano,8.0,CALLE,10.8875757913957,"LINESTRING (-58.46683483464306 -34.68610788417491, -58.46693696965699 -34.68615802208234)",Q6037980,Napoleón Uriburu,Prócer,procer
27099,"DE LA TORRE, LISANDRO",LISANDRO DE LA TORRE,,Villa Riachuelo,Villa Lugano,,CALLE,73.2305015537073,"LINESTRING (-58.471095565843584 -34.68576803778177, -58.470515036190555 -34.686221665696216)",Q3543869,Lisandro de la Torre,UCR,politico
27102,"RAMIREZ, CEFERINO, COMODORO",CEFERINO RAMIREZ,Villa Lugano,Villa Lugano,Villa Lugano,8.0,CALLE,18.14427763281749,"LINESTRING (-58.4627117562703 -34.6859011731681, -58.46278158361806 -34.68605421873796)",Q5759989,Ceferino Ramírez,Prócer,procer
27103,"DELLEPIANE, LUIS, TTE. GRAL.",LUIS DELLEPIANE,Villa Lugano,Villa Lugano,Villa Lugano,8.0,AVENIDA,99.94417938945628,"LINESTRING (-58.48318310551422 -34.68541719855326, -58.48321240541493 -34.68569209186206, -58.48320381449749 -34.68602297878529, -58.48314118108164 -34.68631237708957)",Q126856409,Luis Dellepiane,UCR,politico
27117,"DE LA TORRE, LISANDRO",LISANDRO DE LA TORRE,,Villa Riachuelo,Villa Lugano,,CALLE,60.19916740952502,"LINESTRING (-58.470515036190555 -34.686221665696216, -58.47003782073063 -34.686594580817726)",Q3543869,Lisandro de la Torre,UCR,politico
27123,"CHILAVERT, MARTINIANO, CORONEL",MARTINIANO CHILAVERT,Villa Riachuelo,Villa Riachuelo,Villa Riachuelo,8.0,CALLE,103.3970139968985,"LINESTRING (-58.47572787768765 -34.68600997775404, -58.47648920787903 -34.68669785638535)",Q6002386,Martiniano Chilavert,Prócer,procer
27136,"DE LA TORRE, LISANDRO",LISANDRO DE LA TORRE,,Villa Riachuelo,Villa Lugano,,CALLE,46.24963674586252,"LINESTRING (-58.46992870333573 -34.68667979817567, -58.4698082477089 -34.686773959713676, -58.46956230598982 -34.68696650804405)",Q3543869,Lisandro de la Torre,UCR,politico
27155,"CHILAVERT, MARTINIANO, CORONEL",MARTINIANO CHILAVERT,Villa Riachuelo,Villa Riachuelo,Villa Riachuelo,8.0,CALLE,103.3686787291623,"LINESTRING (-58.47648920787903 -34.68669785638535, -58.47714140901009 -34.687287010117274, -58.4772504653637 -34.68738544849933)",Q6002386,Martiniano Chilavert,Prócer,procer
27159,"DE LA TORRE, LISANDRO",LISANDRO DE LA TORRE,,Villa Riachuelo,Villa Lugano,,CALLE,94.86428485120642,"LINESTRING (-58.46956230598982 -34.68696650804405, -58.468810834015684 -34.687554643608216)",Q3543869,Lisandro de la Torre,UCR,politico
27162,"DE LA TORRE, LISANDRO",LISANDRO DE LA TORRE,Villa Riachuelo,Villa Riachuelo,Villa Riachuelo,8.0,CALLE,6.250297842828872,"LINESTRING (-58.468810834015684 -34.687554643608216, -58.46876130383699 -34.6875933782747)",Q3543869,Lisandro de la Torre,UCR,politico
27183,"CHILAVERT, MARTINIANO, CORONEL",MARTINIANO CHILAVERT,Villa Riachuelo,Villa Riachuelo,Villa Riachuelo,8.0,CALLE,103.4166248233221,"LINESTRING (-58.4772504653637 -34.68738544849933, -58.47801241748758 -34.688073106117734)",Q6002386,Martiniano Chilavert,Prócer,procer
27188,"DE LA TORRE, LISANDRO",LISANDRO DE LA TORRE,,Villa Riachuelo,Villa Lugano,,CALLE,88.759690609976,"LINESTRING (-58.46876130383699 -34.6875933782747, -58.46867162085384 -34.68766359360462, -58.46805764633952 -34.68814319708516)",Q3543869,Lisandro de la Torre,UCR,politico
27208,"DE LA TORRE, LISANDRO",LISANDRO DE LA TORRE,,Villa Riachuelo,Villa Lugano,,CALLE,59.95619381538564,"LINESTRING (-58.46805764633952 -34.68814319708516, -58.46758228436929 -34.68851455310553)",Q3543869,Lisandro de la Torre,UCR,politico
27220,"CHILAVERT, MARTINIANO, CORONEL",MARTINIANO CHILAVERT,Villa Riachuelo,Villa Riachuelo,Villa Riachuelo,8.0,CALLE,103.4223887251,"LINESTRING (-58.47801241748758 -34.688073106117734, -58.47877438222607 -34.68876082931396)",Q6002386,Martiniano Chilavert,Prócer,procer
27224,"DE LA TORRE, LISANDRO",LISANDRO DE LA TORRE,,Villa Riachuelo,Villa Lugano,,CALLE,60.93437991768763,"LINESTRING (-58.46758228436929 -34.68851455310553, -58.46709916016877 -34.688891963834855)",Q3543869,Lisandro de la Torre,UCR,politico
27247,"DE LA TORRE, LISANDRO",LISANDRO DE LA TORRE,,Villa Riachuelo,Villa Lugano,,CALLE,76.81130902907587,"LINESTRING (-58.46709916016877 -34.688891963834855, -58.46660409611325 -34.68927873915491, -58.466490282740274 -34.6893678267668)",Q3543869,Lisandro de la Torre,UCR,politico
27250,"DE LA TORRE, LISANDRO",LISANDRO DE LA TORRE,Villa Riachuelo,Villa Riachuelo,Villa Riachuelo,8.0,CALLE,8.455319724003603,"LINESTRING (-58.466490282740274 -34.6893678267668, -58.46642327340229 -34.68942022291069)",Q3543869,Lisandro de la Torre,UCR,politico
27254,"CHILAVERT, MARTINIANO, CORONEL",MARTINIANO CHILAVERT,Villa Riachuelo,Villa Riachuelo,Villa Riachuelo,8.0,CALLE,103.1291553304384,"LINESTRING (-58.47877438222607 -34.68876082931396, -58.47953422777803 -34.689446576116474)",Q6002386,Martiniano Chilavert,Prócer,procer
27266,"DE LA TORRE, LISANDRO",LISANDRO DE LA TORRE,,Villa Riachuelo,Villa Lugano,,CALLE,68.87953704101423,"LINESTRING (-58.46642327340229 -34.68942022291069, -58.465877647164035 -34.68984727825123)",Q3543869,Lisandro de la Torre,UCR,politico
27273,"CHILAVERT, MARTINIANO, CORONEL",MARTINIANO CHILAVERT,Villa Riachuelo,Villa Riachuelo,Villa Riachuelo,8.0,CALLE,99.80593871082161,"LINESTRING (-58.47953422777803 -34.689446576116474, -58.48027617637952 -34.69010520790229)",Q6002386,Martiniano Chilavert,Prócer,procer
27276,"DE LA TORRE, LISANDRO",LISANDRO DE LA TORRE,,Villa Riachuelo,Villa Lugano,,CALLE,60.89972886742662,"LINESTRING (-58.465877647164035 -34.68984727825123, -58.465395189543514 -34.690224822974514)",Q3543869,Lisandro de la Torre,UCR,politico
27281,"DE LA TORRE, LISANDRO",LISANDRO DE LA TORRE,,Villa Riachuelo,Villa Lugano,,CALLE,16.84407249546823,"LINESTRING (-58.465395189543514 -34.690224822974514, -58.46526176481329 -34.69032926188358)",Q3543869,Lisandro de la Torre,UCR,politico
27286,"RACEDO, EDUARDO, TTE. GRAL.",EDUARDO RACEDO,Villa Lugano,Villa Lugano,Villa Lugano,8.0,CALLE,277.0005429729508,"LINESTRING (-58.461290370186894 -34.68819355511579, -58.462165059948646 -34.690070821510105, -58.46216071080031 -34.690147441240356, -58.46209003021813 -34.69032617307222, -58.462063513958306 -34.69041377849617, -58.462036997021144 -34.690542299431286)",Q5819608,Eduardo Racedo,Prócer,procer
27303,"DE LA TORRE, LISANDRO",LISANDRO DE LA TORRE,,Villa Riachuelo,Villa Lugano,,CALLE,147.2809343951955,"LINESTRING (-58.46526176481329 -34.69032926188358, -58.46409503012804 -34.69124237419439)",Q3543869,Lisandro de la Torre,UCR,politico
27315,"DE LA TORRE, LISANDRO",LISANDRO DE LA TORRE,,Villa Riachuelo,Villa Lugano,,CALLE,88.27668266507708,"LINESTRING (-58.46409503012804 -34.69124237419439, -58.46339574434387 -34.691789700941584)",Q3543869,Lisandro de la Torre,UCR,politico
27439,"RABANAL, FRANCISCO, INTENDENTE AV.",FRANCISCO RABANAL,Nueva Pompeya,Nueva Pompeya,Nueva Pompeya,4.0,AVENIDA,34.47755505722517,"LINESTRING (-58.423469006624515 -34.65717716669365, -58.42368703665862 -34.65729477364257, -58.42378834516394 -34.6573410039749)",Q5483842,Francisco Rabanal,UCR,politico
27511,"REARTE, GUSTAVO",GUSTAVO REARTE,Villa Pueyrredon,Villa Pueyrredon,Villa Pueyrredon,12.0,PASAJE,77.62946247674896,"LINESTRING (-58.508919556034236 -34.57164852036151, -58.50961899897487 -34.57125490951591)",Q939324,Gustavo Rearte,PJ,politico
27512,"REARTE, GUSTAVO",GUSTAVO REARTE,Villa Pueyrredon,Villa Pueyrredon,Villa Pueyrredon,12.0,PASAJE,81.13777587326015,"LINESTRING (-58.508199239725904 -34.572072684806116, -58.508919556034236 -34.57164852036151)",Q939324,Gustavo Rearte,PJ,politico
27528,"ALSINA, VALENTIN AV.",VALENTIN ALSINA,Palermo,Palermo,Palermo,14.0,AVENIDA,682.9646952534749,"LINESTRING (-58.4304972391238 -34.5616627631304, -58.430369437739344 -34.561627481693996, -58.430128027645004 -34.56158042029696, -58.42981560473849 -34.56154508797602, -58.42926174411488 -34.561533185798865, -58.428835703554604 -34.56150956824955, -58.42843805676641 -34.56150945534538, -58.42809721171408 -34.561521106548234, -58.42748651460315 -34.561579673976, -58.427003642079995 -34.56161477839851, -58.42664856894281 -34.561685166374836, -58.42623669357007 -34.56174378707631, -58.42576799490678 -34.56183763595993, -58.42548393911099 -34.56188454433939, -58.42494422467128 -34.56199011704836, -58.42437608343679 -34.56214267434432, -58.42398023021196 -34.56226020575863, -58.42390192635615 -34.5623217161513, -58.4235082760639 -34.56262032259029, -58.42337067154399 -34.562678856054404)",Q7911084,Valentín Alsina,Prócer,procer
27539,"PERETTE, CARLOS H.",CARLOS H. PERETTE,Retiro,Retiro,Retiro,1.0,CALLE,263.7664702900185,"LINESTRING (-58.37252761206036 -34.58596777034465, -58.37490356865382 -34.58462919109103)",Q5042195,Carlos Humberto Perette,UCR,politico
27543,"PERETTE, CARLOS H.",CARLOS H. PERETTE,Retiro,Retiro,Retiro,1.0,CALLE,129.63244686839,"LINESTRING (-58.37730734148567 -34.58325669002735, -58.37846851039158 -34.58259099700131)",Q5042195,Carlos Humberto Perette,UCR,politico
27549,"JUSTO, JUAN B. AV.",JUAN B. JUSTO,Villa Luro,Villa Luro,Villa Luro,10.0,AVENIDA,126.4671473430618,"LINESTRING (-58.50310379228848 -34.63343222989426, -58.50432571758086 -34.63396088189476)",Q6298935,Juan B. Justo,PS,politico
27550,"JUSTO, JUAN B. AV.",JUAN B. JUSTO,Villa Luro,Villa Luro,Villa Luro,10.0,AVENIDA,77.97587417417103,"LINESTRING (-58.50432571758086 -34.63396088189476, -58.50479613255733 -34.63413692996334, -58.50505956447057 -34.63430662584209)",Q6298935,Juan B. Justo,PS,politico
27552,"PERETTE, CARLOS H.",CARLOS H. PERETTE,Retiro,Retiro,Retiro,1.0,CALLE,78.05481071202037,"LINESTRING (-58.37568144895948 -34.58419103109984, -58.376379495868626 -34.58378885681468)",Q5042195,Carlos Humberto Perette,UCR,politico
27556,"MOREAU DE JUSTO, ALICIA AV.",ALICIA MOREAU DE JUSTO,Puerto Madero,Puerto Madero,Puerto Madero,1.0,AVENIDA,136.4578296074793,"LINESTRING (-58.36596650721995 -34.615607357873394, -58.36582684110415 -34.61683198324368)",Q518850,Alicia Moreau de Justo,PS,politico
27568,"BALBIN, RICARDO, DR. AV.",RICARDO BALBIN,Saavedra,Saavedra,Saavedra,12.0,AVENIDA,67.769422897137,"LINESTRING (-58.49567949323637 -34.55530060602263, -58.49576774522296 -34.55528963640682, -58.495907489207134 -34.55523994926582, -58.49605090095589 -34.55511738911289, -58.49620808903432 -34.554914932473494)",Q7322551,Ricardo Balbín,UCR,politico
27571,SAN MARTIN AV.,SAN MARTIN,,Villa Del Parque,Agronomia,,AVENIDA,32.82353422474464,"LINESTRING (-58.48612993511577 -34.59753721647126, -58.48648633154758 -34.597511022095034)",Q134160,José de San Martín,Prócer,procer
27575,"URIBURU, NAPOLEON, GRAL.",NAPOLEON URIBURU,Villa Lugano,Villa Lugano,Villa Lugano,8.0,CALLE,12.70932357403715,"LINESTRING (-58.46456938771926 -34.684469827804996, -58.464619436126334 -34.68457667094878)",Q6037980,Napoleón Uriburu,Prócer,procer
27576,SAN MARTIN,SAN MARTIN,Retiro,Retiro,Retiro,1.0,CALLE,62.51637790030115,"LINESTRING (-58.372065051522405 -34.59165065802238, -58.37165603893475 -34.59119992603238)",Q134160,José de San Martín,Prócer,procer
27580,"JUSTO, JUAN B. AV.",JUAN B. JUSTO,Villa Crespo,Villa Crespo,Villa Crespo,15.0,AVENIDA,39.14098035651359,"LINESTRING (-58.450876925697976 -34.59930837843335, -58.45121053322044 -34.59952834212524)",Q6298935,Juan B. Justo,PS,politico
27639,"NAON, ROMULO",ROMULO NAON,Saavedra,Saavedra,Saavedra,12.0,CALLE,15.83575883318066,"LINESTRING (-58.48590260928506 -34.55056041306144, -58.485996975863785 -34.55044091148765)",Q6115964,Rómulo Naón,UCR,politico
27654,"ACHA, MARIANO, GRAL.",MARIANO ACHA,Saavedra,Saavedra,Saavedra,12.0,CALLE,17.06115703700165,"LINESTRING (-58.492027630689094 -34.553858568956265, -58.49212123711042 -34.55372569856548)",Q32958,Mariano Acha,Prócer,procer
27660,"BEIRO, FRANCISCO AV.",FRANCISCO BEIRO,Agronomia,Agronomia,Agronomia,15.0,AVENIDA,100.0804276714126,"LINESTRING (-58.49113662022745 -34.59309020880507, -58.49201006130202 -34.59363069999991)",Q5865215,Francisco Beiró,UCR,politico
27661,"BEIRO, FRANCISCO AV.",FRANCISCO BEIRO,Agronomia,Agronomia,Agronomia,15.0,SENDERO,58.32452988772641,"LINESTRING (-58.49062722516749 -34.59277563987583, -58.49113662022745 -34.59309020880507)",Q5865215,Francisco Beiró,UCR,politico
27674,SAN MARTIN AV.,SAN MARTIN,Villa Devoto,Villa Devoto,Villa Devoto,11.0,AVENIDA,334.9504702455338,"LINESTRING (-58.50179166813166 -34.59510077730455, -58.50323320103533 -34.594557445273885, -58.503542492957564 -34.594450061021995, -58.50512172830319 -34.59386304150698)",Q134160,José de San Martín,Prócer,procer
27692,"JUSTO, JUAN B. AV.",JUAN B. JUSTO,,Liniers,Versalles,,AVENIDA,46.60990702679442,"LINESTRING (-58.514862022342136 -34.63320219782676, -58.515367309804546 -34.63315651931697)",Q6298935,Juan B. Justo,PS,politico
27693,"HERNANDEZ, RAFAEL",RAFAEL HERNANDEZ,Belgrano,Belgrano,Belgrano,13.0,CALLE,23.32544394663857,"LINESTRING (-58.450467081686774 -34.550382277335366, -58.45055154551583 -34.55034424949373, -58.45061590904939 -34.55028136618704, -58.450642871771194 -34.55023853153962)",Q6097413,Rafael Hernández,Prócer,procer
27694,"HERNANDEZ, RAFAEL",RAFAEL HERNANDEZ,Belgrano,Belgrano,Belgrano,13.0,CALLE,36.82407276022651,"LINESTRING (-58.450642871771194 -34.55023853153962, -58.450681682344495 -34.55017255717473, -58.450688497507734 -34.550088131804664, -58.45063862304764 -34.5500224619179, -58.450542478580196 -34.54996802170466)",Q6097413,Rafael Hernández,Prócer,procer
27696,"CARRIL, SALVADOR MARIA DEL AV.",SALVADOR MARIA DEL CARRIL,Villa Devoto,Villa Devoto,Villa Devoto,11.0,AVENIDA,152.8749751556149,"LINESTRING (-58.50477579709657 -34.59482163592144, -58.506098112764406 -34.59566025294585)",Q7406435,Salvador María del Carril,Prócer,procer
27697,"CARRIL, SALVADOR MARIA DEL AV.",SALVADOR MARIA DEL CARRIL,Villa Devoto,Villa Devoto,Villa Devoto,11.0,AVENIDA,153.0864147762769,"LINESTRING (-58.506098112764406 -34.59566025294585, -58.507428792609474 -34.59649294990897)",Q7406435,Salvador María del Carril,Prócer,procer
27698,"CARRIL, SALVADOR MARIA DEL AV.",SALVADOR MARIA DEL CARRIL,Villa Devoto,Villa Devoto,Villa Devoto,11.0,AVENIDA,149.2130716867312,"LINESTRING (-58.507428792609474 -34.59649294990897, -58.508734835388736 -34.59729462722822)",Q7406435,Salvador María del Carril,Prócer,procer
27699,"CARRIL, SALVADOR MARIA DEL AV.",SALVADOR MARIA DEL CARRIL,Villa Devoto,Villa Devoto,Villa Devoto,11.0,AVENIDA,149.0306452191473,"LINESTRING (-58.508734835388736 -34.59729462722822, -58.510031829934725 -34.59810357333913)",Q7406435,Salvador María del Carril,Prócer,procer
27700,"CARRIL, SALVADOR MARIA DEL AV.",SALVADOR MARIA DEL CARRIL,Villa Devoto,Villa Devoto,Villa Devoto,11.0,AVENIDA,149.1947751096586,"LINESTRING (-58.510031829934725 -34.59810357333913, -58.511336428409585 -34.59890660872399)",Q7406435,Salvador María del Carril,Prócer,procer
27701,"CARRIL, SALVADOR MARIA DEL AV.",SALVADOR MARIA DEL CARRIL,Villa Devoto,Villa Devoto,Villa Devoto,11.0,AVENIDA,145.2099060116825,"LINESTRING (-58.51306672111845 -34.59996986165501, -58.514337663737514 -34.6007501573142)",Q7406435,Salvador María del Carril,Prócer,procer
27702,"CARRIL, SALVADOR MARIA DEL AV.",SALVADOR MARIA DEL CARRIL,Villa Devoto,Villa Devoto,Villa Devoto,11.0,AVENIDA,145.0378347539961,"LINESTRING (-58.514337663737514 -34.6007501573142, -58.515612230459865 -34.601523795239956)",Q7406435,Salvador María del Carril,Prócer,procer
27703,"CARRIL, SALVADOR MARIA DEL AV.",SALVADOR MARIA DEL CARRIL,Villa Devoto,Villa Devoto,Villa Devoto,11.0,AVENIDA,145.1768028115403,"LINESTRING (-58.515612230459865 -34.601523795239956, -58.51687710710523 -34.60231033108213)",Q7406435,Salvador María del Carril,Prócer,procer
27704,"CARRIL, SALVADOR MARIA DEL AV.",SALVADOR MARIA DEL CARRIL,Villa Devoto,Villa Devoto,Villa Devoto,11.0,AVENIDA,145.0624942554674,"LINESTRING (-58.518146888194906 -34.60309109653536, -58.5181961266431 -34.60312414185139, -58.51828245246216 -34.60317939148211, -58.51939881737674 -34.60388998321161)",Q7406435,Salvador María del Carril,Prócer,procer
27705,"CARRIL, SALVADOR MARIA DEL AV.",SALVADOR MARIA DEL CARRIL,Villa Devoto,Villa Devoto,Villa Devoto,11.0,AVENIDA,144.9549068308244,"LINESTRING (-58.51939881737674 -34.60388998321161, -58.52066974277925 -34.604666502153506)",Q7406435,Salvador María del Carril,Prócer,procer
27706,"CARRIL, SALVADOR MARIA DEL AV.",SALVADOR MARIA DEL CARRIL,Villa Devoto,Villa Devoto,Villa Devoto,11.0,AVENIDA,144.851598457157,"LINESTRING (-58.52066974277925 -34.604666502153506, -58.521942048888235 -34.605439915654486)",Q7406435,Salvador María del Carril,Prócer,procer
27707,"CARRIL, SALVADOR MARIA DEL AV.",SALVADOR MARIA DEL CARRIL,Villa Devoto,Villa Devoto,Villa Devoto,11.0,AVENIDA,143.1964690597412,"LINESTRING (-58.521942048888235 -34.605439915654486, -58.523192726119476 -34.60621241652876)",Q7406435,Salvador María del Carril,Prócer,procer
27708,"CARRIL, SALVADOR MARIA DEL AV.",SALVADOR MARIA DEL CARRIL,Villa Devoto,Villa Devoto,Villa Devoto,11.0,AVENIDA,104.0200622767547,"LINESTRING (-58.523192726119476 -34.60621241652876, -58.524064526063576 -34.60681207313056)",Q7406435,Salvador María del Carril,Prócer,procer
27709,"CARRIL, SALVADOR MARIA DEL AV.",SALVADOR MARIA DEL CARRIL,Villa Devoto,Villa Devoto,Villa Devoto,11.0,AVENIDA,116.0119106231338,"LINESTRING (-58.524064526063576 -34.60681207313056, -58.52503369199741 -34.607483975074786)",Q7406435,Salvador María del Carril,Prócer,procer
27710,"CARRIL, SALVADOR MARIA DEL AV.",SALVADOR MARIA DEL CARRIL,Villa Devoto,Villa Devoto,Villa Devoto,11.0,AVENIDA,172.7937510733698,"LINESTRING (-58.52503369199741 -34.607483975074786, -58.52649494886877 -34.60846699970714)",Q7406435,Salvador María del Carril,Prócer,procer
27711,"CARRIL, SALVADOR MARIA DEL AV.",SALVADOR MARIA DEL CARRIL,Villa Devoto,Villa Devoto,Villa Devoto,11.0,AVENIDA,93.36257882165633,"LINESTRING (-58.52649494886877 -34.60846699970714, -58.5271651288449 -34.608903214221485, -58.52732971927477 -34.60889441153081)",Q7406435,Salvador María del Carril,Prócer,procer
27713,"LAMARCA, EMILIO",EMILIO LAMARCA,Villa Devoto,Villa Devoto,Villa Devoto,11.0,CALLE,14.05966955900919,"LINESTRING (-58.507428792609474 -34.59649294990897, -58.50752070348114 -34.59639153263708)",Q5831159,Emilio Lamarca,Prócer,procer
27715,"GONZALEZ, JOAQUIN V.",JOAQUIN V. GONZALEZ,Villa Devoto,Villa Devoto,Villa Devoto,11.0,CALLE,14.29510003603794,"LINESTRING (-58.510031829934725 -34.59810357333913, -58.510125148386244 -34.59800037535195)",Q584197,Joaquín Víctor González,Liberalismo,politico
27747,"MARTINEZ, ENRIQUE, GRAL.",ENRIQUE MARTINEZ,Colegiales,Colegiales,Colegiales,13.0,CALLE,17.05566812074494,"LINESTRING (-58.46236767248068 -34.574286679956145, -58.462523111234574 -34.57420238305607)",Q5366487,Enrique Martínez,UCR,politico
27782,"CUBAS, JOSE",JOSE CUBAS,Villa Devoto,Villa Devoto,Villa Devoto,11.0,CALLE,14.66891877365855,"LINESTRING (-58.514146630249996 -34.59718938690532, -58.514274741207714 -34.597268514811546)",Q5939116,José Cubas,Prócer,procer
27816,"JUSTO, JUAN B. AV.",JUAN B. JUSTO,Villa Luro,Villa Luro,Villa Luro,10.0,AVENIDA,86.11873161962374,"LINESTRING (-58.49970470584456 -34.6319492021616, -58.50049887080647 -34.63236357196398)",Q6298935,Juan B. Justo,PS,politico
27817,"JUSTO, JUAN B. AV.",JUAN B. JUSTO,Villa Luro,Villa Luro,Villa Luro,10.0,AVENIDA,139.8453214260659,"LINESTRING (-58.50049887080647 -34.63236357196398, -58.50186442444102 -34.63292484365247)",Q6298935,Juan B. Justo,PS,politico
27859,"HERNANDEZ, RAFAEL",RAFAEL HERNANDEZ,Belgrano,Belgrano,Belgrano,13.0,CALLE,15.10179687143278,"LINESTRING (-58.45030555298924 -34.55040815278667, -58.450467081686774 -34.550382277335366)",Q6097413,Rafael Hernández,Prócer,procer
27860,"PLAZA, VICTORINO DE LA, DR.",VICTORINO DE LA PLAZA,Belgrano,Belgrano,Belgrano,13.0,CALLE,16.29764649069061,"LINESTRING (-58.45049631820394 -34.55126713214647, -58.45066927692333 -34.5512339099405)",Q599235,Victorino de la Plaza,Prócer,procer
27865,"GELLY Y OBES, GRAL. AV.",GELLY Y OBES,Recoleta,Recoleta,Recoleta,2.0,AVENIDA,12.82881399734633,"LINESTRING (-58.39654475524595 -34.58532229694426, -58.39664543269641 -34.58524204843377)",Q3810765,Juan Andrés Gelly y Obes,Prócer,procer
27866,"GELLY Y OBES, GRAL. AV.",GELLY Y OBES,Recoleta,Recoleta,Recoleta,2.0,AVENIDA,18.92090044232455,"LINESTRING (-58.39664543269641 -34.58524204843377, -58.39663132773596 -34.58516953601852, -58.396561969950746 -34.58509117549648)",Q3810765,Juan Andrés Gelly y Obes,Prócer,procer
27867,"GELLY Y OBES, GRAL. AV.",GELLY Y OBES,Recoleta,Recoleta,Recoleta,2.0,AVENIDA,16.00709567091111,"LINESTRING (-58.396561969950746 -34.58509117549648, -58.396419411241745 -34.58500799738919)",Q3810765,Juan Andrés Gelly y Obes,Prócer,procer
27879,"BALBIN, RICARDO, DR. AV.",RICARDO BALBIN,Saavedra,Saavedra,Saavedra,12.0,AVENIDA,200.0497642131868,"LINESTRING (-58.49660277806278 -34.55511229476643, -58.497807486740896 -34.553609488424044)",Q7322551,Ricardo Balbín,UCR,politico
27880,"BEIRO, FRANCISCO AV.",FRANCISCO BEIRO,Agronomia,Agronomia,Agronomia,15.0,AVENIDA,33.66032746263024,"LINESTRING (-58.49062722516749 -34.59277563987583, -58.49099299669208 -34.592799442344315)",Q5865215,Francisco Beiró,UCR,politico
28001,"ALVAREZ, JULIAN",JULIAN ALVAREZ,Villa Crespo,Villa Crespo,Villa Crespo,15.0,CALLE,8.77820509586752,"LINESTRING (-58.43622352344329 -34.600725130398416, -58.43615183120527 -34.60067271929583)",Q123316366,Julián Álvarez,PJ,politico
28006,"DELLEPIANE, LUIS, TTE. GRAL.",LUIS DELLEPIANE,Villa Lugano,Villa Lugano,Villa Lugano,8.0,AVENIDA,28.14934729454253,"LINESTRING (-58.47714419968581 -34.672295988232925, -58.47729125517771 -34.67228569220743, -58.47743966226128 -34.67233407171321)",Q126856409,Luis Dellepiane,UCR,politico
28007,"DELLEPIANE, LUIS, TTE. GRAL.",LUIS DELLEPIANE,Villa Lugano,Villa Lugano,Villa Lugano,8.0,AVENIDA,54.74532887057462,"LINESTRING (-58.47743966226128 -34.67233407171321, -58.4775060788052 -34.67249538608541, -58.47752953895409 -34.67266315832224, -58.47753736601748 -34.67275995065991, -58.4775175482325 -34.67281474993203)",Q126856409,Luis Dellepiane,UCR,politico
28008,"DELLEPIANE, LUIS, TTE. GRAL.",LUIS DELLEPIANE,Villa Lugano,Villa Lugano,Villa Lugano,8.0,AVENIDA,19.92803754286477,"LINESTRING (-58.4775175482325 -34.67281474993203, -58.47746710163354 -34.67293741313638, -58.47743088766956 -34.67297757748216)",Q126856409,Luis Dellepiane,UCR,politico
28013,"ALSINA, ADOLFO",ADOLFO ALSINA,Monserrat,Monserrat,Monserrat,1.0,CALLE,14.12076289013394,"LINESTRING (-58.36946189191016 -34.60997977201503, -58.3696157753927 -34.60998350932778)",Q2011940,Adolfo Alsina,Prócer,procer
28053,"RAMOS MEJIA, JOSE MARIA, DR. AV.",JOSE MARIA RAMOS MEJIA,Retiro,Retiro,Retiro,1.0,AVENIDA,98.62177641450228,"LINESTRING (-58.37354156815929 -34.59100432272468, -58.37354022455924 -34.590904330085536, -58.3730078832931 -34.590249576230825)",Q6293317,José María Ramos Mejía,Prócer,procer
28054,"RAMOS MEJIA, JOSE MARIA, DR. AV.",JOSE MARIA RAMOS MEJIA,Retiro,Retiro,Retiro,1.0,AVENIDA,156.0488118613685,"LINESTRING (-58.3730078832931 -34.590249576230825, -58.372309366438486 -34.58940470677806, -58.37207357816736 -34.58930255012032, -58.37187702771099 -34.58928998800286)",Q6293317,José María Ramos Mejía,Prócer,procer
28055,SAN MARTIN,SAN MARTIN,Retiro,Retiro,Retiro,1.0,CALLE,84.84799946646801,"LINESTRING (-58.372354795260016 -34.59153395738569, -58.371832390994825 -34.59090282260911)",Q134160,José de San Martín,Prócer,procer
28056,SAN MARTIN,SAN MARTIN,Retiro,Retiro,Retiro,1.0,CALLE,115.9514533857289,"LINESTRING (-58.371832390994825 -34.59090282260911, -58.37126699359667 -34.59023478718591, -58.371088962563896 -34.590058357412424)",Q134160,José de San Martín,Prócer,procer
28060,"RAMOS MEJIA, JOSE MARIA, DR. AV.",JOSE MARIA RAMOS MEJIA,Retiro,Retiro,Retiro,1.0,AVENIDA,35.25292884698487,"LINESTRING (-58.37138483448251 -34.58924607392215, -58.371010560955504 -34.58917414914473)",Q6293317,José María Ramos Mejía,Prócer,procer
28065,"PERETTE, CARLOS H.",CARLOS H. PERETTE,Retiro,Retiro,Retiro,1.0,CALLE,17.05224787443879,"LINESTRING (-58.37552779003157 -34.58427749902491, -58.37568144895948 -34.58419103109984)",Q5042195,Carlos Humberto Perette,UCR,politico
28068,"ALCORTA, AMANCIO AV.",AMANCIO ALCORTA,Nueva Pompeya,Nueva Pompeya,Nueva Pompeya,4.0,AVENIDA,34.77340581536445,"LINESTRING (-58.41636580434539 -34.65668100591076, -58.41652427187041 -34.65673359961493, -58.416580878331615 -34.656742143224726, -58.41673168346924 -34.65673562207893)",Q453619,Amancio Alcorta,Prócer,procer
28079,SAN MARTIN,SAN MARTIN,Retiro,Retiro,Retiro,1.0,CALLE,80.223569462713,"LINESTRING (-58.37434911079011 -34.59578100252997, -58.37440364086871 -34.595059256641036)",Q134160,José de San Martín,Prócer,procer
28095,"ALBERDI, JUAN BAUTISTA AV.",JUAN BAUTISTA ALBERDI,,Parque Avellaneda,Villa Luro,,AVENIDA,62.0142786714755,"LINESTRING (-58.49020869995891 -34.642437914065404, -58.48962246830335 -34.642159101546504)",Q722738,Juan Bautista Alberdi,Prócer,procer
28104,"MADERO, EDUARDO AV.",EDUARDO MADERO,Retiro,Retiro,Retiro,1.0,AVENIDA,24.92021542279539,"LINESTRING (-58.37213182664008 -34.59186840106988, -58.372065051522405 -34.59165065802238)",Q3822036,Eduardo Madero,Prócer,procer
28105,SAN MARTIN,SAN MARTIN,Retiro,Retiro,Retiro,1.0,CALLE,61.79803743972816,"LINESTRING (-58.37267596650422 -34.59213286343341, -58.3723608880463 -34.59187726521704, -58.37230264984103 -34.59186345751262, -58.37220629511341 -34.59185976344355, -58.37213182664008 -34.59186840106988)",Q134160,José de San Martín,Prócer,procer
28448,"CASTRO, EMILIO AV.",EMILIO CASTRO,,Mataderos,Liniers,,AVENIDA,96.06409220328861,"LINESTRING (-58.524919821408105 -34.656376688884585, -58.5252913065888 -34.6565953160606, -58.52536843481188 -34.65664107258478, -58.525766059083296 -34.65688731930123)",Q5402382,Emilio Castro,Prócer,procer
28454,"PERON, EVA AV.",EVA PERON,,Villa Lugano,Mataderos,,AVENIDA,99.06852262396943,"LINESTRING (-58.50164042359439 -34.67398166638999, -58.5025179062848 -34.674503135662384)",Q40933,Eva Perón,PJ,politico
28459,"RABANAL, FRANCISCO, INTENDENTE AV.",FRANCISCO RABANAL,Nueva Pompeya,Nueva Pompeya,Nueva Pompeya,4.0,AVENIDA,164.3021421542104,"LINESTRING (-58.41657793292223 -34.65476216946543, -58.41677992763758 -34.65480119279292, -58.41729724759743 -34.65494784592353, -58.418278438320144 -34.655227461252785)",Q5483842,Francisco Rabanal,UCR,politico
28462,"BALBIN, RICARDO, DR. AV.",RICARDO BALBIN,Saavedra,Saavedra,Saavedra,12.0,AVENIDA,105.7908323744304,"LINESTRING (-58.499618441557494 -34.55076886926101, -58.49975373837095 -34.55070509265957, -58.49987471723793 -34.55061326959565, -58.50013430226787 -34.5503837245541, -58.5003207947035 -34.550208438852756, -58.50042663640078 -34.55009784542769)",Q7322551,Ricardo Balbín,UCR,politico
28463,"BALBIN, RICARDO, DR. AV.",RICARDO BALBIN,Saavedra,Saavedra,Saavedra,12.0,AVENIDA,73.80866894987572,"LINESTRING (-58.50042663640078 -34.55009784542769, -58.50047704299161 -34.55005819484997, -58.50052640216976 -34.54996100912885, -58.50056416945907 -34.54984835059784, -58.50057925635319 -34.54975916718041, -58.5005697649397 -34.54967781408162, -58.500548919598714 -34.54957769002913, -58.50050129015477 -34.549472774414085)",Q7322551,Ricardo Balbín,UCR,politico
28466,"BALBIN, RICARDO, DR. AV.",RICARDO BALBIN,Saavedra,Saavedra,Saavedra,12.0,AVENIDA,151.8438832874891,"LINESTRING (-58.499772336163105 -34.55088431847923, -58.49998591918727 -34.550676169755015, -58.500225975534136 -34.55047114159541, -58.50048870550781 -34.55023012154183, -58.50063611433726 -34.5500470247483, -58.50073810926946 -34.5497951022003)",Q7322551,Ricardo Balbín,UCR,politico
28475,"LAMARCA, EMILIO",EMILIO LAMARCA,Villa Devoto,Villa Devoto,Villa Devoto,11.0,CALLE,88.2900341128863,"LINESTRING (-58.51669626282505 -34.586232762106505, -58.517599124048054 -34.585957395793805)",Q5831159,Emilio Lamarca,Prócer,procer
28479,SAN MARTIN AV.,SAN MARTIN,Villa Devoto,Villa Devoto,Villa Devoto,11.0,AVENIDA,84.0088281508219,"LINESTRING (-58.518249020691385 -34.58952149625351, -58.51864098056168 -34.58941352944662, -58.51911777010986 -34.58928219391339)",Q134160,José de San Martín,Prócer,procer
28495,"ALBERDI, JUAN BAUTISTA AV.",JUAN BAUTISTA ALBERDI,Mataderos,Mataderos,Mataderos,9.0,AVENIDA,104.0013693423657,"LINESTRING (-58.517473165511795 -34.66198335492367, -58.518399307018996 -34.662524884133504)",Q722738,Juan Bautista Alberdi,Prócer,procer
28504,PUENTE DISTRIBUIDOR SCALABRINI ORTIZ,PUENTE DISTRIBUIDOR SCALABRINI ORTIZ,Belgrano,Belgrano,Belgrano,13.0,PUENTE,161.040672472431,"LINESTRING (-58.43674281543774 -34.55161027554232, -58.43677600442759 -34.55136962587326, -58.43687978288622 -34.55111676384521, -58.43701085957938 -34.55083229703077, -58.43709825345402 -34.55061104183489, -58.43718272713955 -34.550211913141446)",Q4263301,Raúl Scalabrini Ortiz,UCR,politico
28508,PUENTE DISTRIBUIDOR SCALABRINI ORTIZ,PUENTE DISTRIBUIDOR SCALABRINI ORTIZ,Belgrano,Belgrano,Belgrano,13.0,PUENTE,213.0523413977527,"LINESTRING (-58.43718272713955 -34.550211913141446, -58.43725122922695 -34.54987084960615, -58.43728653307088 -34.549286588655754, -58.437323707258024 -34.548630441590255, -58.43733855510894 -34.548437727887425, -58.43736817374442 -34.54830007927705)",Q4263301,Raúl Scalabrini Ortiz,UCR,politico
28509,PUENTE DISTRIBUIDOR SCALABRINI ORTIZ,PUENTE DISTRIBUIDOR SCALABRINI ORTIZ,Belgrano,Belgrano,Belgrano,13.0,PUENTE,391.8645052730047,"LINESTRING (-58.43736817374442 -34.54830007927705, -58.43747729529895 -34.54810432653368, -58.43760580889537 -34.54796914379725, -58.43773293477307 -34.54787200920367, -58.43791672647004 -34.547715264674544, -58.43836847383509 -34.547491992934894, -58.438879984632415 -34.54732331896937, -58.43992126922756 -34.546975891833085, -58.44043278820698 -34.54675431098435, -58.44072195462363 -34.54661737982466, -58.44096755042768 -34.54656526515661)",Q4263301,Raúl Scalabrini Ortiz,UCR,politico
28510,PUENTE DISTRIBUIDOR SCALABRINI ORTIZ,PUENTE DISTRIBUIDOR SCALABRINI ORTIZ,Belgrano,Belgrano,Belgrano,13.0,PUENTE,351.2828250672055,"LINESTRING (-58.43736817374442 -34.54830007927705, -58.437397798916855 -34.548141017671846, -58.43748463928643 -34.547960400673844, -58.43759959551903 -34.54777316381577, -58.43790788659973 -34.5472647423538, -58.438205720963765 -34.546782246387295, -58.43834286585516 -34.54648073564565, -58.43847342085528 -34.54622547294059, -58.438515480476205 -34.54610703519062, -58.438549681315195 -34.545917962717496, -58.43852480341948 -34.545668025109734, -58.43855698612065 -34.54534324549764)",Q4263301,Raúl Scalabrini Ortiz,UCR,politico
28512,"UDAONDO, GUILLERMO AV.",GUILLERMO UDAONDO,Nuñez,Nuñez,Nuñez,13.0,AVENIDA,52.74072558605361,"LINESTRING (-58.45446767773769 -34.54866787923668, -58.454779023855224 -34.54865274755164, -58.455041548556565 -34.54864492655139)",Q5888980,Guillermo Udaondo,UCR,politico
28515,"UDAONDO, GUILLERMO AV.",GUILLERMO UDAONDO,Belgrano,Belgrano,Belgrano,13.0,AVENIDA,218.5227391919535,"LINESTRING (-58.44927253743026 -34.54048625771478, -58.448982477221755 -34.54058400731512, -58.44881058169795 -34.54068621499624, -58.44863867406462 -34.54085509283607, -58.44853659538825 -34.54100175542389, -58.44847746876319 -34.54124620639695, -58.448504288707085 -34.54145066553709, -58.44863851352695 -34.54177069962361, -58.44883407923525 -34.54208299068723)",Q5888980,Guillermo Udaondo,UCR,politico
28518,"UDAONDO, GUILLERMO AV.",GUILLERMO UDAONDO,Nuñez,Nuñez,Nuñez,13.0,AVENIDA,336.9477700408419,"LINESTRING (-58.44927602239712 -34.54265319736278, -58.44940726077532 -34.542758625073716, -58.44959819742664 -34.542912009461595, -58.44997267038525 -34.54304897840103, -58.45022087850547 -34.54307422872377, -58.45039942039866 -34.543052627585745, -58.45053006493774 -34.54300940105639, -58.45066071914615 -34.54290131399471, -58.45072170563005 -34.542753582727045, -58.450678187003895 -34.54257341046983, -58.45058240393818 -34.542458093158444, -58.45039516868488 -34.54238600640558, -58.45004244850099 -34.54238957197666, -58.4496635785758 -34.54253006111872, -58.44920246634855 -34.54269413065689)",Q5888980,Guillermo Udaondo,UCR,politico
28520,"UDAONDO, GUILLERMO AV.",GUILLERMO UDAONDO,,Belgrano,Nuñez,,AVENIDA,197.321596768615,"LINESTRING (-58.45004419617609 -34.543463088325154, -58.449868471401395 -34.543253160137, -58.44981271287567 -34.5431111291599, -58.449778418625606 -34.54290873997696, -58.44976126725094 -34.54283417503634, -58.44967546339536 -34.54275250120987, -58.44956390585966 -34.54272408374376, -58.44940726077532 -34.542758625073716, -58.44930214781071 -34.542819920786506, -58.44925493406571 -34.54290513026846, -58.44924204595952 -34.54299744492924, -58.4492935226775 -34.54307911512438, -58.44944797578717 -34.54318920198772, -58.44962387906744 -34.54332769602364)",Q5888980,Guillermo Udaondo,UCR,politico
28521,"UDAONDO, GUILLERMO AV.",GUILLERMO UDAONDO,Belgrano,Belgrano,Belgrano,13.0,AVENIDA,190.4079372991975,"LINESTRING (-58.44767952397465 -34.54351330670704, -58.44851256161005 -34.54320684539862, -58.44885584221503 -34.543146525933025, -58.44909183848223 -34.54315720548234, -58.449276341329565 -34.543185631776716, -58.44962387906744 -34.54332769602364)",Q5888980,Guillermo Udaondo,UCR,politico
28522,"UDAONDO, GUILLERMO AV.",GUILLERMO UDAONDO,,Belgrano,Nuñez,,AVENIDA,232.229837654226,"LINESTRING (-58.45074953110023 -34.54452829492487, -58.45212523432932 -34.546285130327036)",Q5888980,Guillermo Udaondo,UCR,politico
28523,"UDAONDO, GUILLERMO AV.",GUILLERMO UDAONDO,,Belgrano,Nuñez,,AVENIDA,135.3135682117015,"LINESTRING (-58.45004419617609 -34.543463088325154, -58.45035647496191 -34.543869743142565, -58.450583944790196 -34.54417032781416, -58.45074953110023 -34.54452829492487)",Q5888980,Guillermo Udaondo,UCR,politico
28524,"UDAONDO, GUILLERMO AV.",GUILLERMO UDAONDO,Belgrano,Belgrano,Belgrano,13.0,AVENIDA,170.1482287839036,"LINESTRING (-58.44962387906744 -34.54332769602364, -58.44990510028367 -34.54365895067943, -58.45011988193379 -34.54396117666518, -58.45039051731243 -34.54428829544813, -58.45074953110023 -34.54452829492487)",Q5888980,Guillermo Udaondo,UCR,politico
28552,"ACOSTA, MARIANO",MARIANO ACOSTA,Flores,Flores,Flores,7.0,CALLE,21.79099204715231,"LINESTRING (-58.461582327636954 -34.6505859338397, -58.461522854127914 -34.65058725492901, -58.46146716482235 -34.650565629163154, -58.46144619043092 -34.65052201395393, -58.46145240372117 -34.65047280347632)",Q3847746,Mariano Acosta,Prócer,procer
28592,"DELLEPIANE, LUIS, TTE. GRAL.",LUIS DELLEPIANE,Flores,Flores,Flores,7.0,AVENIDA,31.37003144658863,"LINESTRING (-58.46161168649111 -34.644651869107655, -58.461625074508696 -34.644710359224575, -58.46168245257132 -34.64492851163367)",Q126856409,Luis Dellepiane,UCR,politico
28598,"RODRIGUEZ, MARTIN",MARTIN RODRIGUEZ,La Boca,La Boca,La Boca,4.0,CALLE,19.74567288023245,"LINESTRING (-58.36624006716889 -34.6300673197342, -58.36607027127698 -34.63017677889874)",Q280554,Martín Rodríguez,Prócer,procer
28609,"JUSTO, JUAN B. AV.",JUAN B. JUSTO,,Liniers,Villa Luro,,AVENIDA,36.27464827117482,"LINESTRING (-58.52068543660732 -34.63382019900517, -58.521025521048934 -34.633822315662805, -58.52108101220525 -34.63382309064225)",Q6298935,Juan B. Justo,PS,politico
28617,"JUSTO, JUAN B. AV.",JUAN B. JUSTO,Villa Santa Rita,Villa Santa Rita,Villa Santa Rita,11.0,AVENIDA,43.61588249568103,"LINESTRING (-58.47678134993114 -34.61887045818257, -58.477069649658844 -34.61918313855053)",Q6298935,Juan B. Justo,PS,politico
28620,"DELLEPIANE, LUIS, TTE. GRAL.",LUIS DELLEPIANE,Flores,Flores,Flores,7.0,AVENIDA,43.619801258274,"LINESTRING (-58.461610901720604 -34.64431058955582, -58.461572505978296 -34.644313716781824, -58.461516567869495 -34.64440664399918, -58.46161168649111 -34.644651869107655)",Q126856409,Luis Dellepiane,UCR,politico
28621,"DELLEPIANE, LUIS, TTE. GRAL.",LUIS DELLEPIANE,Flores,Flores,Flores,7.0,AVENIDA,60.8345813297095,"LINESTRING (-58.46267285537585 -34.64406759054145, -58.462786113689745 -34.64406223792995, -58.46290278884923 -34.64432939510516, -58.462830104035596 -34.644489056561085)",Q126856409,Luis Dellepiane,UCR,politico
28627,"MATORRAS DE SAN MARTIN, GREGORIA",GREGORIA MATORRAS DE SAN MARTIN,Nueva Pompeya,Nueva Pompeya,Nueva Pompeya,4.0,CALLE,94.01340691575206,"LINESTRING (-58.43076572825859 -34.6547018915983, -58.430893844865736 -34.65495414988239, -58.43128985179824 -34.65542557953165)",Q134160,José de San Martín,Prócer,procer
28678,"YRIGOYEN, HIPOLITO AV.",HIPOLITO YRIGOYEN,Monserrat,Monserrat,Monserrat,1.0,AVENIDA,33.32789198246461,"LINESTRING (-58.37314088642857 -34.60900144503145, -58.373502862579066 -34.60902753590106)",Q297134,Hipólito Yrigoyen,UCR,presidente
28710,"DELLEPIANE, LUIS, TTE. GRAL.",LUIS DELLEPIANE,Villa Lugano,Villa Lugano,Villa Lugano,8.0,AVENIDA,57.76934622921631,"LINESTRING (-58.48427782944865 -34.68461385972743, -58.48433459938805 -34.68465839032558, -58.48455292562429 -34.68480255950124, -58.484803257936974 -34.684891683803585)",Q126856409,Luis Dellepiane,UCR,politico
28717,"DE LA TORRE, LISANDRO",LISANDRO DE LA TORRE,Villa Riachuelo,Villa Riachuelo,Villa Riachuelo,8.0,CALLE,24.39518644761164,"LINESTRING (-58.46339574434387 -34.691789700941584, -58.46320757844608 -34.69194526438589)",Q3543869,Lisandro de la Torre,UCR,politico
28907,PUENTE NICOLAS AVELLANEDA,PUENTE NICOLAS AVELLANEDA,La Boca,La Boca,La Boca,4.0,PUENTE,31.02941600097164,"LINESTRING (-58.359233592423855 -34.63341391722834, -58.359255548995215 -34.63356871811762, -58.35917419370972 -34.633672713717424)",Q441371,Nicolás Avellaneda,Prócer,procer
28908,PUENTE NICOLAS AVELLANEDA,PUENTE NICOLAS AVELLANEDA,La Boca,La Boca,La Boca,4.0,PUENTE,62.70225796355574,"LINESTRING (-58.35985750588136 -34.633668702222344, -58.35964120881188 -34.63366024455416, -58.35917419370972 -34.633672713717424)",Q441371,Nicolás Avellaneda,Prócer,procer
28909,PUENTE NICOLAS AVELLANEDA,PUENTE NICOLAS AVELLANEDA,La Boca,La Boca,La Boca,4.0,PUENTE,40.43890844448746,"LINESTRING (-58.35917419370972 -34.633672713717424, -58.35939743367512 -34.63377696912352, -58.35951506425195 -34.63389456204434)",Q441371,Nicolás Avellaneda,Prócer,procer
28910,PUENTE NICOLAS AVELLANEDA,PUENTE NICOLAS AVELLANEDA,La Boca,La Boca,La Boca,4.0,PUENTE,589.3880863203763,"LINESTRING (-58.35917419370972 -34.633672713717424, -58.3589507693431 -34.63371616294285, -58.3588003929108 -34.63380331453823, -58.357685093558395 -34.63578294590341, -58.35764391074021 -34.635849641755044, -58.35717938213569 -34.63666128798257, -58.35710872028635 -34.636806696725834, -58.35697718303147 -34.636967147161215, -58.35670049539867 -34.637233760479525, -58.355739112558794 -34.638013128262024)",Q441371,Nicolás Avellaneda,Prócer,procer
28911,PUENTE NICOLAS AVELLANEDA,PUENTE NICOLAS AVELLANEDA,La Boca,La Boca,La Boca,4.0,PUENTE,30.456656763924,"LINESTRING (-58.359773929908954 -34.63382739394311, -58.3597020040927 -34.633797369821984, -58.359628909517475 -34.633790593841375, -58.35955983025677 -34.63382074753134, -58.35951506425195 -34.63389456204434)",Q441371,Nicolás Avellaneda,Prócer,procer
28912,PUENTE NICOLAS AVELLANEDA,PUENTE NICOLAS AVELLANEDA,La Boca,La Boca,La Boca,4.0,PUENTE,32.2509662762335,"LINESTRING (-58.35951506425195 -34.63389456204434, -58.359563615717434 -34.63404230854073, -58.359567463545325 -34.63417988751907)",Q441371,Nicolás Avellaneda,Prócer,procer
28919,"ALVEAR, MARCELO T. DE",MARCELO T. DE ALVEAR,Retiro,Retiro,Retiro,1.0,CALLE,39.79252174253816,"LINESTRING (-58.38183645362527 -34.596726466918625, -58.38226758130253 -34.59676595619856)",Q363586,Marcelo Torcuato de Alvear,UCR,presidente
28980,SAN MARTIN AV.,SAN MARTIN,Paternal,Paternal,Paternal,15.0,CALLE,158.2296797006972,"LINESTRING (-58.473907699638275 -34.60059053652664, -58.47557311853468 -34.600219255480795)",Q134160,José de San Martín,Prócer,procer
28983,SAN MARTIN AV.,SAN MARTIN,Agronomia,Agronomia,Agronomia,15.0,AVENIDA,114.5327005927268,"LINESTRING (-58.47958129956339 -34.59909957714732, -58.479747867431705 -34.59903498503219, -58.48014348735219 -34.598991884545825, -58.48077989233088 -34.598830937512155)",Q134160,José de San Martín,Prócer,procer
28984,SAN MARTIN AV.,SAN MARTIN,Agronomia,Agronomia,Agronomia,15.0,AVENIDA,76.00022849552562,"LINESTRING (-58.47882650686538 -34.59923742437828, -58.47894104251231 -34.5992976748735, -58.4790607726008 -34.59929765946754, -58.47958129956339 -34.59909957714732)",Q134160,José de San Martín,Prócer,procer
28996,"SUSINI, ANTONIO, CNEL.",ANTONIO SUSINI,Villa Crespo,Villa Crespo,Villa Crespo,15.0,CALLE,51.53348629939224,"LINESTRING (-58.45190717194923 -34.5956730860048, -58.45175618964063 -34.595526764034936, -58.45165461983706 -34.595452687954655, -58.45146332961103 -34.59542743773172)",Q7001902,Antonio Susini,Prócer,procer
29040,SAN MARTIN AV.,SAN MARTIN,Paternal,Paternal,Paternal,15.0,CALLE,84.80972297345608,"LINESTRING (-58.472209451881206 -34.60111373073019, -58.4730409163771 -34.600779454771924)",Q134160,José de San Martín,Prócer,procer
29041,SAN MARTIN AV.,SAN MARTIN,Paternal,Paternal,Paternal,15.0,CALLE,82.22849130236355,"LINESTRING (-58.4730409163771 -34.600779454771924, -58.473907699638275 -34.60059053652664)",Q134160,José de San Martín,Prócer,procer
29042,SAN MARTIN AV.,SAN MARTIN,Paternal,Paternal,Paternal,15.0,CALLE,84.68195205240464,"LINESTRING (-58.472209451881206 -34.60111373073019, -58.47313020907171 -34.60105895673891)",Q134160,José de San Martín,Prócer,procer
29043,SAN MARTIN AV.,SAN MARTIN,Paternal,Paternal,Paternal,15.0,CALLE,81.55374585538416,"LINESTRING (-58.47313020907171 -34.60105895673891, -58.47398909141691 -34.600869123914805)",Q134160,José de San Martín,Prócer,procer
29044,SAN MARTIN AV.,SAN MARTIN,Paternal,Paternal,Paternal,15.0,CALLE,90.13176976434947,"LINESTRING (-58.47398909141691 -34.600869123914805, -58.474941755980986 -34.600670287643055)",Q134160,José de San Martín,Prócer,procer
29045,SAN MARTIN AV.,SAN MARTIN,Paternal,Paternal,Paternal,15.0,CALLE,89.39933053331832,"LINESTRING (-58.474941755980986 -34.600670287643055, -58.47588411794397 -34.60046486663857)",Q134160,José de San Martín,Prócer,procer
29053,SAN MARTIN AV.,SAN MARTIN,Paternal,Paternal,Paternal,15.0,PUENTE,628.1617872413639,"LINESTRING (-58.472209451881206 -34.60111373073019, -58.47310085962874 -34.60091802557492, -58.47395129977233 -34.60073133170816, -58.47490299449259 -34.600522368457234, -58.47529951125883 -34.600435286508265, -58.47584872339071 -34.600316708301, -58.47639214292484 -34.60019925501929, -58.47772824506334 -34.59991064916376, -58.47854255683351 -34.59973470235123, -58.47883099680534 -34.599670650896954)",Q134160,José de San Martín,Prócer,procer
29067,SAN MARTIN AV.,SAN MARTIN,,Villa Del Parque,Agronomia,,AVENIDA,29.53356672623566,"LINESTRING (-58.482984100514926 -34.59788520887756, -58.483287089082204 -34.59779521770355)",Q134160,José de San Martín,Prócer,procer
29069,SAN MARTIN AV.,SAN MARTIN,Agronomia,Agronomia,Agronomia,15.0,AVENIDA,60.46910246166065,"LINESTRING (-58.482984100514926 -34.59788520887756, -58.48293209885032 -34.59777548213779, -58.48291869713839 -34.597674339977736, -58.48295308074165 -34.597603217347014, -58.483006584891925 -34.597571601118716, -58.48308493853247 -34.597560525779954, -58.48323802932946 -34.597584109841264)",Q134160,José de San Martín,Prócer,procer
29090,"SALGUERO, JERONIMO",JERONIMO SALGUERO,,Palermo,Recoleta,,CALLE,143.8353774139331,"LINESTRING (-58.399635519905 -34.570599361615855, -58.39963002614623 -34.57042175116655, -58.39965112332233 -34.57022079118506, -58.39970669302802 -34.57000997886216, -58.3998094265746 -34.56979751257302, -58.39990642996531 -34.56966173626609, -58.40009510288687 -34.56938826627733)",Q11684757,Jerónimo Salguero,Prócer,procer
29091,"SALGUERO, JERONIMO",JERONIMO SALGUERO,,Palermo,Recoleta,,CALLE,51.40469681070109,"LINESTRING (-58.39988908329476 -34.5710091168742, -58.39981682137895 -34.570917570361445, -58.3997227156854 -34.570798350237446, -58.399635519905 -34.570599361615855)",Q11684757,Jerónimo Salguero,Prócer,procer
29092,AUTOPISTA ARTURO ILLIA,ARTURO ILLIA,Retiro,Retiro,Retiro,1.0,AUTOPISTA,2120.695240740612,"LINESTRING (-58.380881549922805 -34.587477770884504, -58.38051327892354 -34.586754369363945, -58.38018222670135 -34.586175303559195, -58.37996861161305 -34.5857749125744, -58.379860918112605 -34.585497378083105, -58.37977830736412 -34.58520232001914, -58.37974188054818 -34.58499659128825, -58.37973638056424 -34.584712748163795, -58.379773335330576 -34.584390663610506, -58.37985071587782 -34.584130796206765, -58.379931873929536 -34.583949066888984, -58.38004584267981 -34.583732278622136, -58.38020416273269 -34.58350754742773, -58.380387517334924 -34.583311535892676, -58.380684690279715 -34.58304703321712, -58.38117473790548 -34.58270292955502, -58.38151426381022 -34.58249745366121, -58.38178724017483 -34.58235977982771, -58.38239772901664 -34.58203082354772, -58.38372097353753 -34.58133804075084, -58.385255519259495 -34.58059485450099, -58.386130055255734 -34.58017712119287, -58.387084820317064 -34.57969136674143, -58.38772134680351 -34.57934254413525, -58.38868202779704 -34.57868775265764, -58.389530843338505 -34.578071156500506, -58.39043368622426 -34.57738601860952, -58.39049349150578 -34.577338216140035, -58.39094495801075 -34.57693664406148, -58.39116882790545 -34.57665931522279, -58.39159345942202 -34.57606956137604, -58.39200253173848 -34.57563287905526, -58.39254468699671 -34.575266173341724, -58.394230153273455 -34.57443342166764)",Q270368,Arturo Umberto Illia,UCR,presidente
29093,AUTOPISTA ARTURO ILLIA,ARTURO ILLIA,Retiro,Retiro,Retiro,1.0,AUTOPISTA,483.4416097151813,"LINESTRING (-58.38206636324107 -34.59158552747219, -58.38201024989453 -34.59065019142202, -58.38198356942694 -34.59032806410542, -58.381927960720745 -34.5900122958879, -58.38177247380401 -34.58930259426481, -58.38167639778377 -34.58896447441046, -58.381428304770154 -34.58831689974493, -58.38125137640314 -34.58785115704721, -58.38102629181998 -34.58734073273388)",Q270368,Arturo Umberto Illia,UCR,presidente
29094,"SALGUERO, JERONIMO",JERONIMO SALGUERO,Recoleta,Recoleta,Recoleta,2.0,CALLE,71.44663120524112,"LINESTRING (-58.39896871363739 -34.57070960837168, -58.39889749540229 -34.570552175296086, -58.39880845828516 -34.57048081016677, -58.398705031684926 -34.570435587567786, -58.398492932666 -34.5703989385242, -58.39837636637778 -34.57038533157136)",Q11684757,Jerónimo Salguero,Prócer,procer
29095,"SALGUERO, JERONIMO",JERONIMO SALGUERO,Recoleta,Recoleta,Recoleta,2.0,CALLE,74.09680810240796,"LINESTRING (-58.39896871363739 -34.57070960837168, -58.398983769366666 -34.570478524513916, -58.39899725965075 -34.570266283558624, -58.39900128550119 -34.570042333408416)",Q11684757,Jerónimo Salguero,Prócer,procer
29097,"SALGUERO, JERONIMO",JERONIMO SALGUERO,Recoleta,Recoleta,Recoleta,2.0,CALLE,105.0917848715621,"LINESTRING (-58.399738993254545 -34.571252125760246, -58.39956721216579 -34.57126578670813, -58.399367775193625 -34.571215263857994, -58.39920715346806 -34.57112809302504, -58.39907979905994 -34.5710134384533, -58.39896871363739 -34.57070960837168)",Q11684757,Jerónimo Salguero,Prócer,procer
29098,"SALGUERO, JERONIMO",JERONIMO SALGUERO,Recoleta,Recoleta,Recoleta,2.0,CALLE,127.3817457716846,"LINESTRING (-58.39896871363739 -34.57070960837168, -58.39914537046891 -34.571025681520474, -58.39928596726387 -34.57108726689305, -58.399442776796256 -34.571087348254174, -58.399557613541084 -34.57100984878281, -58.39958965231039 -34.5709037014906, -58.3996111600451 -34.570746443554306, -58.399635519905 -34.570599361615855)",Q11684757,Jerónimo Salguero,Prócer,procer
29099,"SALGUERO, JERONIMO",JERONIMO SALGUERO,Recoleta,Recoleta,Recoleta,2.0,CALLE,54.64705709665134,"LINESTRING (-58.399738993254545 -34.571252125760246, -58.39964484887208 -34.571183324122025, -58.39960058043646 -34.57110538143693, -58.399633889186205 -34.57102289571547, -58.399755811487516 -34.57099545821174, -58.39988908329476 -34.5710091168742)",Q11684757,Jerónimo Salguero,Prócer,procer
29100,AUTOPISTA ARTURO ILLIA,ARTURO ILLIA,,,,,SUBIDA AUTOPISTA,422.9080131960401,"LINESTRING (-58.39850346257476 -34.57275656662389, -58.39884884905343 -34.57268503007959, -58.39920052909052 -34.57253980905174, -58.39956635528842 -34.57238874496211, -58.400037636023626 -34.572140719709125, -58.40045358735694 -34.57195820711406, -58.40080799224495 -34.57180269833259, -58.401162733695095 -34.57164704025635, -58.40140104482478 -34.57158299226285, -58.40163375705679 -34.571596860562785, -58.40179993336115 -34.57167028048132, -58.40192176158984 -34.571771178911796, -58.40197705739004 -34.571927045872194, -58.40198247055534 -34.57210122177535, -58.40189925381684 -34.57223868508614, -58.40176065658055 -34.57233486888822)",Q270368,Arturo Umberto Illia,UCR,presidente
29101,AUTOPISTA ARTURO ILLIA,ARTURO ILLIA,Palermo,Palermo,Palermo,14.0,AUTOPISTA,1401.976803613145,"LINESTRING (-58.39850346257476 -34.57275656662389, -58.39958063214556 -34.572256055720665, -58.40105267249271 -34.57147070722769, -58.4020661089745 -34.57090105680305, -58.40291238811839 -34.5704004260029, -58.403863169969604 -34.56978753535464, -58.404636342751324 -34.569260940371656, -58.405566170921524 -34.568708498119804, -58.406527304283884 -34.56817334096803, -58.4077600527644 -34.56747416213336, -58.409571839277326 -34.56638458129966, -58.41107029810311 -34.5655902536089)",Q270368,Arturo Umberto Illia,UCR,presidente
29102,AUTOPISTA ARTURO ILLIA,ARTURO ILLIA,,Recoleta,Recoleta,,AUTOPISTA,352.435065248913,"LINESTRING (-58.39526920308679 -34.5744690865337, -58.396591439835156 -34.573800835134755, -58.39850346257476 -34.57275656662389)",Q270368,Arturo Umberto Illia,UCR,presidente
29103,AUTOPISTA ARTURO ILLIA,ARTURO ILLIA,,,,,BAJADA AUTOPISTA,677.8948917598691,"LINESTRING (-58.38648775099633 -34.57800948167327, -58.38682123624162 -34.57804955621171, -58.38707376423107 -34.57807522786138, -58.387895950940845 -34.5781323470404, -58.38883671238243 -34.57817916814567, -58.38982758705571 -34.578240363621674, -58.390043514863976 -34.57823411498976, -58.390265249980146 -34.57820076116542, -58.3905159767127 -34.57808291016167, -58.390708873551944 -34.5779570512349, -58.3911236068861 -34.57767824128625, -58.39140912981207 -34.57744719203571, -58.39162717081724 -34.5772224809216, -58.39172177641943 -34.57705829208893, -58.391831789404606 -34.576911652859984, -58.39201900963723 -34.576655030865076, -58.39210788061299 -34.57643183796385, -58.39215425190613 -34.57631067498083, -58.39243411913647 -34.575920159415155)",Q270368,Arturo Umberto Illia,UCR,presidente
29115,AUTOPISTA 1 SUR PRESIDENTE ARTURO FRONDIZI,1 SUR ARTURO FRONDIZI,Constitucion,Constitucion,Constitucion,1.0,ENLACE AUTOPISTA,300.1009381933691,"LINESTRING (-58.37931850720647 -34.62732163147765, -58.37942602124064 -34.62720348836031, -58.37948261497176 -34.62707559989085, -58.37956366008435 -34.62689245633696, -58.37961704806263 -34.626771811153986, -58.379660420755705 -34.62667379805374, -58.37970881053238 -34.62656444711424, -58.379737434091325 -34.62645801167527, -58.3797930904662 -34.62632799865017, -58.379857614571726 -34.62617727010441, -58.379927533322814 -34.626045353683274, -58.37997264309659 -34.625936506412025, -58.38001678088351 -34.625830004194746, -58.3800997724208 -34.62562974908216, -58.38017831319001 -34.625440232540235, -58.38021813936232 -34.62534413281822, -58.380275218604424 -34.6252064013864, -58.38034870802554 -34.62502907170063, -58.38046695428177 -34.624797080294364)",Q346658,Arturo Frondizi,UCR,presidente
29121,AUTOPISTA 1 SUR PRESIDENTE ARTURO FRONDIZI,1 SUR ARTURO FRONDIZI,Constitucion,Constitucion,Constitucion,1.0,ENLACE AUTOPISTA,148.6356481800003,"LINESTRING (-58.37945980022644 -34.625991924726335, -58.379380115901334 -34.62633973736413, -58.37922567125314 -34.62683955882534, -58.379131738770354 -34.62730306343664)",Q346658,Arturo Frondizi,UCR,presidente
29122,AUTOPISTA 1 SUR PRESIDENTE ARTURO FRONDIZI,1 SUR ARTURO FRONDIZI,Constitucion,Constitucion,Constitucion,1.0,ENLACE AUTOPISTA,514.3401966492831,"LINESTRING (-58.37735321086131 -34.62296224909966, -58.37812453528347 -34.622980260086585, -58.378525854456235 -34.622989629249524, -58.37875002765988 -34.62301313840978, -58.378943579295324 -34.62308535965678, -58.37919615442604 -34.623179604093785, -58.37932275278215 -34.62324923411175, -58.379464662490115 -34.623327285189596, -58.379619403279946 -34.62347213321103, -58.37974573153286 -34.6235903846232, -58.37981702399802 -34.62376768065567, -58.37986929449776 -34.62384556104478, -58.379882809956605 -34.62395406247668, -58.37989825612607 -34.62407806321048, -58.37987015122058 -34.624200743934175, -58.379829602423726 -34.624377742833104, -58.379751212765065 -34.62471991807323, -58.37967448623314 -34.62505483087143, -58.379593070170706 -34.62541021053104, -58.37950712432385 -34.62578535923379, -58.37945980022644 -34.625991924726335)",Q346658,Arturo Frondizi,UCR,presidente
29123,AUTOPISTA 1 SUR PRESIDENTE ARTURO FRONDIZI,1 SUR ARTURO FRONDIZI,Constitucion,Constitucion,Constitucion,1.0,ENLACE AUTOPISTA,636.8002041334337,"LINESTRING (-58.38268809856246 -34.62282019580255, -58.38236339543606 -34.622805898974896, -58.38182890410671 -34.62272123033955, -58.381616665542936 -34.62264928794479, -58.38137955037907 -34.6225689125577, -58.38118274296135 -34.622498691793425, -58.38101682839115 -34.62244595878875, -58.38085743352193 -34.622409492755196, -58.38058255742048 -34.62240476187137, -58.38037359391914 -34.62245915761315, -58.38024707631998 -34.62253178836268, -58.38015350345458 -34.622645344651986, -58.38010387966627 -34.6227907444578, -58.38011938744402 -34.62299241171384, -58.38018515123788 -34.623151520071154, -58.3802408270275 -34.62328622109336, -58.38029933823159 -34.62342778156887, -58.38031274138857 -34.62352579546966, -58.38032195082291 -34.62359314160196, -58.380299303107286 -34.62370185706712, -58.38027144381611 -34.6238355891751, -58.38021815239224 -34.623972470539215, -58.38011341914928 -34.624249631973825, -58.37997891882183 -34.624503277612476, -58.379867088877425 -34.62482397076172, -58.37978553129237 -34.62505785065789, -58.37970246872008 -34.62529604493582, -58.37960629982065 -34.62557182176743, -58.37945980022644 -34.625991924726335)",Q346658,Arturo Frondizi,UCR,presidente
29125,AUTOPISTA 1 SUR PRESIDENTE ARTURO FRONDIZI,1 SUR ARTURO FRONDIZI,Barracas,Barracas,Barracas,4.0,AUTOPISTA,746.715311199451,"LINESTRING (-58.37931850720647 -34.62732163147765, -58.37915320286147 -34.62782572996787, -58.37889964277055 -34.62847091597639, -58.378843173969734 -34.628614599919885, -58.37876722954028 -34.62892530395361, -58.378702261049945 -34.62919110130153, -58.3786613992495 -34.629358273109204, -58.378634560933705 -34.62962965536062, -58.37860826799046 -34.629895521192736, -58.378622964474715 -34.63022047076366, -58.37862496618666 -34.630497510099936, -58.3786457793142 -34.63072491792182, -58.378667352039265 -34.63120189580175, -58.37867744561185 -34.6314250651528, -58.37868421975288 -34.63157484106125, -58.378693900148825 -34.63178887319638, -58.37865416221867 -34.63198387284389, -58.3785992959051 -34.63225310807046, -58.378544598356484 -34.63252151337076, -58.37847727523889 -34.632851870924064, -58.378212673964306 -34.63357878822216, -58.37809085579231 -34.63391344475798)",Q346658,Arturo Frondizi,UCR,presidente
29126,AUTOPISTA 1 SUR PRESIDENTE ARTURO FRONDIZI,1 SUR ARTURO FRONDIZI,Barracas,Barracas,Barracas,4.0,AUTOPISTA,331.7426253863001,"LINESTRING (-58.37809085579231 -34.63391344475798, -58.37801418919576 -34.6341103903539, -58.37785970321806 -34.63462838856767, -58.37769368868498 -34.63518503505605, -58.37754048024843 -34.635698735851385, -58.37741816222138 -34.63624602426994, -58.377288259729895 -34.636827239811986)",Q346658,Arturo Frondizi,UCR,presidente
29127,AUTOPISTA 1 SUR PRESIDENTE ARTURO FRONDIZI,1 SUR ARTURO FRONDIZI,Barracas,Barracas,Barracas,4.0,BAJADA AUTOPISTA,329.7769225366018,"LINESTRING (-58.377288259729895 -34.636827239811986, -58.377274215203826 -34.6372003288573, -58.37719094260126 -34.63796833960091, -58.377074737461314 -34.63867724465135, -58.377025224829985 -34.638979290832836, -58.37696932999857 -34.63957703827001, -58.37695652959013 -34.639785355929476)",Q346658,Arturo Frondizi,UCR,presidente
29128,AUTOPISTA 1 SUR PRESIDENTE ARTURO FRONDIZI,1 SUR ARTURO FRONDIZI,Barracas,Barracas,Barracas,4.0,AUTOPISTA,299.7980548819133,"LINESTRING (-58.377288259729895 -34.636827239811986, -58.377125334993934 -34.63760471007454, -58.376991112108044 -34.6382452050702, -58.37688028174535 -34.638774066216214, -58.37677146016881 -34.63949509184936)",Q346658,Arturo Frondizi,UCR,presidente
29129,AUTOPISTA 1 SUR PRESIDENTE ARTURO FRONDIZI,1 SUR ARTURO FRONDIZI,Barracas,Barracas,Barracas,4.0,BAJADA AUTOPISTA,310.7188420647585,"LINESTRING (-58.37677146016881 -34.63949509184936, -58.376765593225855 -34.63984958118248, -58.37665473881394 -34.64069483303505, -58.37654420870846 -34.641226494586945, -58.37645125124166 -34.64167362448394, -58.37638802741204 -34.64197773133603, -58.37636715460059 -34.6422716694784)",Q346658,Arturo Frondizi,UCR,presidente
29130,AUTOPISTA 1 SUR PRESIDENTE ARTURO FRONDIZI,1 SUR ARTURO FRONDIZI,Barracas,Barracas,Barracas,4.0,AUTOPISTA,444.7253799735093,"LINESTRING (-58.37677146016881 -34.63949509184936, -58.3765394008951 -34.64056295219431, -58.37631263520597 -34.64182169672849, -58.37616352809859 -34.642430591679016, -58.376102606930516 -34.642844123675424, -58.37601289863565 -34.643453054629056)",Q346658,Arturo Frondizi,UCR,presidente
29131,AUTOPISTA 1 SUR PRESIDENTE ARTURO FRONDIZI,1 SUR ARTURO FRONDIZI,Barracas,Barracas,Barracas,4.0,SUBIDA AUTOPISTA,360.5061608817452,"LINESTRING (-58.377093345924365 -34.640350824684575, -58.37695190580738 -34.64047234920058, -58.37653252936348 -34.64188093560423, -58.37644091999712 -34.64218862322522, -58.37625676776122 -34.64266244236167, -58.37601289863565 -34.643453054629056)",Q346658,Arturo Frondizi,UCR,presidente
29132,AUTOPISTA 1 SUR PRESIDENTE ARTURO FRONDIZI,1 SUR ARTURO FRONDIZI,Barracas,Barracas,Barracas,4.0,AUTOPISTA,1028.637905301017,"LINESTRING (-58.37601289863565 -34.643453054629056, -58.37589794374597 -34.64398926312931, -58.37568156399934 -34.64499854987676, -58.37556105208662 -34.645366090948606, -58.37546598191294 -34.64565603659724, -58.37539599267253 -34.645869488897624, -58.37528310748812 -34.64621376229143, -58.375201915118446 -34.64646137817473, -58.375058300110354 -34.6468993633041, -58.37486611142214 -34.64729712189244, -58.37469831117437 -34.647644402161404, -58.374491153630835 -34.64807313214389, -58.37438776806846 -34.648287095473535, -58.37416662088813 -34.64874477031992, -58.37402847118954 -34.64893263307063, -58.37364826182575 -34.64963225041967, -58.37331221357502 -34.65017283178322, -58.373135334726 -34.65045736332931, -58.37298158157012 -34.6507861326598, -58.372799772635034 -34.65108595332811, -58.372678447253634 -34.65139490823305, -58.37257278763191 -34.651663968319234, -58.3723724512637 -34.652174115749354)",Q346658,Arturo Frondizi,UCR,presidente
29133,AUTOPISTA 1 SUR PRESIDENTE ARTURO FRONDIZI,1 SUR ARTURO FRONDIZI,Barracas,Barracas,Barracas,4.0,SUBIDA AUTOPISTA,72.28529091762772,"LINESTRING (-58.3745481411369 -34.64980604355902, -58.37426935965358 -34.64994629533984, -58.373906143698406 -34.65018235819627)",Q346658,Arturo Frondizi,UCR,presidente
29134,AUTOPISTA 1 SUR PRESIDENTE ARTURO FRONDIZI,1 SUR ARTURO FRONDIZI,Barracas,Barracas,Barracas,4.0,SUBIDA AUTOPISTA,74.97212104323208,"LINESTRING (-58.37389120829378 -34.64959204266627, -58.37403310344773 -34.64974160748758, -58.37408246672496 -34.6498643526927, -58.37406585645267 -34.64996887049283, -58.373906143698406 -34.65018235819627)",Q346658,Arturo Frondizi,UCR,presidente
29135,AUTOPISTA 1 SUR PRESIDENTE ARTURO FRONDIZI,1 SUR ARTURO FRONDIZI,Barracas,Barracas,Barracas,4.0,SUBIDA AUTOPISTA,266.4765082983831,"LINESTRING (-58.373906143698406 -34.65018235819627, -58.373675025209835 -34.650313987176, -58.373515398988324 -34.65044566837489, -58.37332500023824 -34.650602734075825, -58.37316857385517 -34.65077718145816, -58.37307491030313 -34.65093617948622, -58.37291711553763 -34.65120404154117, -58.37273075570903 -34.65152039127277, -58.3723724512637 -34.652174115749354)",Q346658,Arturo Frondizi,UCR,presidente
29136,AUTOPISTA 1 SUR PRESIDENTE ARTURO FRONDIZI,1 SUR ARTURO FRONDIZI,Barracas,Barracas,Barracas,4.0,AUTOPISTA,278.7370923654178,"LINESTRING (-58.3723724512637 -34.652174115749354, -58.37221520472038 -34.6525671160612, -58.37185641804921 -34.65376212416031, -58.37157931267418 -34.654598759933805)",Q346658,Arturo Frondizi,UCR,presidente
29137,AUTOPISTA 1 SUR PRESIDENTE ARTURO FRONDIZI,1 SUR ARTURO FRONDIZI,Barracas,Barracas,Barracas,4.0,AUTOPISTA,243.6661929627881,"LINESTRING (-58.37206588817587 -34.65240391120393, -58.37186819090753 -34.65305769241503, -58.371548045353066 -34.65411638515396, -58.37150015421216 -34.65425694440864, -58.37140659029967 -34.654531550623894)",Q346658,Arturo Frondizi,UCR,presidente
29138,AUTOPISTA 1 SUR PRESIDENTE ARTURO FRONDIZI,1 SUR ARTURO FRONDIZI,Barracas,Barracas,Barracas,4.0,BAJADA AUTOPISTA,263.1265391383183,"LINESTRING (-58.37257539215862 -34.65007684542177, -58.37249680639332 -34.65027844484586, -58.37242065407426 -34.650767536781935, -58.3723655692126 -34.65112131829674, -58.3723090055345 -34.65132726044527, -58.37224932041293 -34.65154456628176, -58.37206710884865 -34.65220796783125, -58.37206588817587 -34.65240391120393)",Q346658,Arturo Frondizi,UCR,presidente
29139,AUTOPISTA 1 SUR PRESIDENTE ARTURO FRONDIZI,1 SUR ARTURO FRONDIZI,Barracas,Barracas,Barracas,4.0,BAJADA AUTOPISTA,101.3063891175469,"LINESTRING (-58.373272402212585 -34.64939045761051, -58.373098478586236 -34.649486411991646, -58.37293887769981 -34.649595368569166, -58.37277370288081 -34.64977249250795, -58.37257539215862 -34.65007684542177)",Q346658,Arturo Frondizi,UCR,presidente
29140,AUTOPISTA 1 SUR PRESIDENTE ARTURO FRONDIZI,1 SUR ARTURO FRONDIZI,Barracas,Barracas,Barracas,4.0,BAJADA AUTOPISTA,140.4823541955087,"LINESTRING (-58.372682826116524 -34.64881705915049, -58.372603691159426 -34.649340611999314, -58.37262536707725 -34.649636038875656, -58.37257539215862 -34.65007684542177)",Q346658,Arturo Frondizi,UCR,presidente
29141,AUTOPISTA 1 SUR PRESIDENTE ARTURO FRONDIZI,1 SUR ARTURO FRONDIZI,Barracas,Barracas,Barracas,4.0,AUTOPISTA,970.5753642992992,"LINESTRING (-58.375501831169714 -34.64416168042392, -58.37536262267046 -34.644843051706054, -58.37517597862011 -34.64549306724221, -58.37502480853608 -34.646019531712035, -58.37493319220215 -34.64627004956291, -58.37467397606815 -34.6469788476154, -58.37445000575606 -34.64750734113453, -58.37427160421443 -34.64784660797862, -58.37380786648557 -34.648728485388204, -58.373621391203734 -34.64905049869043, -58.373043797122314 -34.6500478945076, -58.37288441713931 -34.65039817271292, -58.37267904072902 -34.65084953511659, -58.37248058335017 -34.651285686318126, -58.37225437771529 -34.651949055403044, -58.37206588817587 -34.65240391120393)",Q346658,Arturo Frondizi,UCR,presidente
29142,AUTOPISTA 1 SUR PRESIDENTE ARTURO FRONDIZI,1 SUR ARTURO FRONDIZI,Barracas,Barracas,Barracas,4.0,SUBIDA AUTOPISTA,333.089959081689,"LINESTRING (-58.375501831169714 -34.64416168042392, -58.37530883643908 -34.64466146765181, -58.37513227899646 -34.645215803826765, -58.3749282909386 -34.64570649284555, -58.37472884127398 -34.64607716819522, -58.37455349173309 -34.646510647341906, -58.374410134165124 -34.64686503600697, -58.3743030075649 -34.646985422226614)",Q346658,Arturo Frondizi,UCR,presidente
29143,AUTOPISTA 1 SUR PRESIDENTE ARTURO FRONDIZI,1 SUR ARTURO FRONDIZI,Barracas,Barracas,Barracas,4.0,AUTOPISTA,163.7175078016741,"LINESTRING (-58.375772817377154 -34.6427029990589, -58.375501831169714 -34.64416168042392)",Q346658,Arturo Frondizi,UCR,presidente
29144,AUTOPISTA 1 SUR PRESIDENTE ARTURO FRONDIZI,1 SUR ARTURO FRONDIZI,Barracas,Barracas,Barracas,4.0,BAJADA AUTOPISTA,353.5082748769718,"LINESTRING (-58.375844746400105 -34.63953197096319, -58.375847061407654 -34.6400761653893, -58.375923739225136 -34.64036708677886, -58.37595089045998 -34.64072593631497, -58.37593399807131 -34.641071536204514, -58.37591521821571 -34.64145574814515, -58.37585622237317 -34.64182591511117, -58.37577872697125 -34.64231215168351, -58.375772817377154 -34.6427029990589)",Q346658,Arturo Frondizi,UCR,presidente
29145,AUTOPISTA 1 SUR PRESIDENTE ARTURO FRONDIZI,1 SUR ARTURO FRONDIZI,Barracas,Barracas,Barracas,4.0,AUTOPISTA,861.4162161390419,"LINESTRING (-58.37741388636224 -34.63505983069089, -58.37709230018049 -34.636269063829005, -58.37690612161889 -34.63720314133075, -58.37659073389521 -34.63878542580754, -58.37643090698342 -34.63958724590802, -58.376254778390575 -34.64047082998616, -58.37609877306701 -34.641253445624756, -58.375883182694 -34.64233495053462, -58.375772817377154 -34.6427029990589)",Q346658,Arturo Frondizi,UCR,presidente
29146,AUTOPISTA 1 SUR PRESIDENTE ARTURO FRONDIZI,1 SUR ARTURO FRONDIZI,Barracas,Barracas,Barracas,4.0,SUBIDA AUTOPISTA,344.649857012873,"LINESTRING (-58.37741388636224 -34.63505983069089, -58.37721549624904 -34.635491446039424, -58.37709459490681 -34.63577175712847, -58.37696731617647 -34.636213892430455, -58.376790726446664 -34.6368273140561, -58.376526042857336 -34.63754974767664, -58.376393758593515 -34.63785415440722, -58.37627355517366 -34.63800916579329)",Q346658,Arturo Frondizi,UCR,presidente
29148,AUTOPISTA 1 SUR PRESIDENTE ARTURO FRONDIZI,1 SUR ARTURO FRONDIZI,Barracas,Barracas,Barracas,4.0,SUBIDA AUTOPISTA,302.5875254375239,"LINESTRING (-58.37912190212712 -34.63139553454884, -58.3791768761322 -34.63160701654582, -58.379200994167896 -34.63169979696523, -58.3791931506227 -34.63182517790401, -58.37918618991147 -34.63193644620739, -58.37905538697544 -34.632129584044826, -58.378889628488004 -34.63237433420633, -58.378779990330635 -34.632606596883605, -58.378620290695736 -34.63285190497223, -58.3784659820226 -34.63320174683835, -58.378334563892416 -34.63349968977558, -58.37809085579231 -34.63391344475798)",Q346658,Arturo Frondizi,UCR,presidente
29149,AUTOPISTA 1 SUR PRESIDENTE ARTURO FRONDIZI,1 SUR ARTURO FRONDIZI,Barracas,Barracas,Barracas,4.0,AUTOPISTA,146.2607821805153,"LINESTRING (-58.37788621150124 -34.63380054086613, -58.37769507751134 -34.63431013766729, -58.37741388636224 -34.63505983069089)",Q346658,Arturo Frondizi,UCR,presidente
29150,AUTOPISTA 1 SUR PRESIDENTE ARTURO FRONDIZI,1 SUR ARTURO FRONDIZI,Barracas,Barracas,Barracas,4.0,BAJADA AUTOPISTA,291.9523350925272,"LINESTRING (-58.3784461096284 -34.63123121408956, -58.37837988914502 -34.63135650055517, -58.37828623889884 -34.631533682307726, -58.37823398000073 -34.63171988236759, -58.378229233719104 -34.63182461026715, -58.378221829219456 -34.63198799187484, -58.37821254861431 -34.63219276915234, -58.37820287465713 -34.632406224668735, -58.37819162970389 -34.632654342738455, -58.37815894225099 -34.63278348708654, -58.37811985706797 -34.632937907584, -58.37803704766809 -34.63326507484737, -58.377937812400425 -34.63352405864577, -58.37788621150124 -34.63380054086613)",Q346658,Arturo Frondizi,UCR,presidente
29151,AUTOPISTA 1 SUR PRESIDENTE ARTURO FRONDIZI,1 SUR ARTURO FRONDIZI,,,,,BAJADA AUTOPISTA,79.0392672420964,"LINESTRING (-58.37912190212712 -34.63139553454884, -58.37888591708295 -34.63116597043724, -58.37874302410126 -34.6311067891262, -58.378605537130014 -34.63113850729961, -58.3784461096284 -34.63123121408956)",Q346658,Arturo Frondizi,UCR,presidente
29152,AUTOPISTA 1 SUR PRESIDENTE ARTURO FRONDIZI,1 SUR ARTURO FRONDIZI,,,,,BAJADA AUTOPISTA,74.22263643994154,"LINESTRING (-58.37854752758853 -34.6305769641635, -58.37849036656364 -34.63085210518892, -58.37849384531858 -34.63087760110387, -58.37851765397401 -34.631052095140234, -58.3784461096284 -34.63123121408956)",Q346658,Arturo Frondizi,UCR,presidente
29153,AUTOPISTA 1 SUR PRESIDENTE ARTURO FRONDIZI,1 SUR ARTURO FRONDIZI,Barracas,Barracas,Barracas,4.0,AUTOPISTA,737.3221962517179,"LINESTRING (-58.379131738770354 -34.62730306343664, -58.37887211293875 -34.628079949528974, -58.37876775502076 -34.62840719748917, -58.378596771772486 -34.62894336488736, -58.37851231136269 -34.62928830112365, -58.37849938293508 -34.629482547458174, -58.37848627070796 -34.62967955438598, -58.37847174594801 -34.629897783043894, -58.37845814095314 -34.63010219154105, -58.378441696809034 -34.63034925551632, -58.37849036656364 -34.63085210518892, -58.37849384531858 -34.63087760110387, -58.37851765397401 -34.631052095140234, -58.378537088841234 -34.631315720233886, -58.3785241381181 -34.63151016567334, -58.3785059131146 -34.63178379892031, -58.3784854274106 -34.63209137250415, -58.37843543974233 -34.632317546409496, -58.37840074297173 -34.632474534468244, -58.37833445783353 -34.632774444698974, -58.37820725867865 -34.63313048848269, -58.3780643719572 -34.63342870650104, -58.37788621150124 -34.63380054086613)",Q346658,Arturo Frondizi,UCR,presidente
29154,AUTOPISTA 1 SUR PRESIDENTE ARTURO FRONDIZI,1 SUR ARTURO FRONDIZI,Constitucion,Constitucion,Constitucion,1.0,AUTOPISTA,594.5197353973763,"LINESTRING (-58.3807741202854 -34.622146498233, -58.38077732991029 -34.62262855624595, -58.380702887981364 -34.6230274811831, -58.380649971624536 -34.623311050907546, -58.38060904018135 -34.623418270478616, -58.38036099803076 -34.62406800855324, -58.380028930255776 -34.62479798314989, -58.37987511714616 -34.62523804547132, -58.379594834101376 -34.626039928188774, -58.37930260527197 -34.62687597021343, -58.379131738770354 -34.62730306343664)",Q346658,Arturo Frondizi,UCR,presidente
29174,"DELLEPIANE, LUIS, TTE. GRAL.",LUIS DELLEPIANE,Parque Avellaneda,Parque Avellaneda,Parque Avellaneda,9.0,AVENIDA,115.9467016723245,"LINESTRING (-58.47128533722688 -34.6586123842846, -58.47171884053777 -34.65959424121832)",Q126856409,Luis Dellepiane,UCR,politico
29175,"DELLEPIANE, LUIS, TTE. GRAL.",LUIS DELLEPIANE,Villa Lugano,Villa Lugano,Villa Lugano,8.0,AVENIDA,91.12524974964458,"LINESTRING (-58.47566736694977 -34.66819798457129, -58.47573129667746 -34.66838443494758, -58.47592529747703 -34.66899124855335)",Q126856409,Luis Dellepiane,UCR,politico
29176,"DELLEPIANE, LUIS, TTE. GRAL.",LUIS DELLEPIANE,Villa Lugano,Villa Lugano,Villa Lugano,8.0,AVENIDA,105.5444129352217,"LINESTRING (-58.483484597967966 -34.68392710588692, -58.484183814343915 -34.684560222309386, -58.48427782944865 -34.68461385972743)",Q126856409,Luis Dellepiane,UCR,politico
29179,"DELLEPIANE, LUIS, TTE. GRAL.",LUIS DELLEPIANE,Villa Lugano,Villa Lugano,Villa Lugano,8.0,AVENIDA,56.06763033751581,"LINESTRING (-58.478518909061734 -34.67760994595963, -58.47872661991068 -34.67808532344832)",Q126856409,Luis Dellepiane,UCR,politico
29182,"DELLEPIANE, LUIS, TTE. GRAL.",LUIS DELLEPIANE,Villa Lugano,Villa Lugano,Villa Lugano,8.0,AVENIDA,84.36404098832418,"LINESTRING (-58.47714419968581 -34.672295988232925, -58.47699642421025 -34.67229811681847, -58.47677263874135 -34.67232840416944, -58.47665694765104 -34.672404817519684, -58.47649916965048 -34.6724996462882, -58.47636397693276 -34.67262438537963)",Q126856409,Luis Dellepiane,UCR,politico
29183,"DELLEPIANE, LUIS, TTE. GRAL.",LUIS DELLEPIANE,Villa Lugano,Villa Lugano,Villa Lugano,8.0,AVENIDA,83.71012603495265,"LINESTRING (-58.47743088766956 -34.67297757748216, -58.4772977853674 -34.67301311991886, -58.476977434819666 -34.6731316707492, -58.47680529545435 -34.67313168994138, -58.47655771583102 -34.67310133797485)",Q126856409,Luis Dellepiane,UCR,politico
29184,"DELLEPIANE, LUIS, TTE. GRAL.",LUIS DELLEPIANE,Parque Avellaneda,Parque Avellaneda,Parque Avellaneda,9.0,AVENIDA,87.45489529389636,"LINESTRING (-58.46713782044651 -34.652436276397445, -58.46758474154531 -34.65313274160089)",Q126856409,Luis Dellepiane,UCR,politico
29189,"DELLEPIANE, LUIS, TTE. GRAL.",LUIS DELLEPIANE,Flores,Flores,Flores,7.0,AVENIDA,145.8293122927457,"LINESTRING (-58.46547433057549 -34.65091594116867, -58.465627099198166 -34.650980862711386, -58.4660643365901 -34.651213818992005, -58.46633194780929 -34.65140265151979, -58.466506348315164 -34.65155918478697, -58.46668375781527 -34.65174801931414)",Q126856409,Luis Dellepiane,UCR,politico
29190,"DELLEPIANE, LUIS, TTE. GRAL.",LUIS DELLEPIANE,Flores,Flores,Flores,7.0,AVENIDA,62.70130848087307,"LINESTRING (-58.462569660609816 -34.64304572479746, -58.462587398593044 -34.643065891550556, -58.46264244273662 -34.643151455962375, -58.462693055840425 -34.643277020662886, -58.46271503875615 -34.64341716279297, -58.462758920343944 -34.643582939032214)",Q126856409,Luis Dellepiane,UCR,politico
29191,"DELLEPIANE, LUIS, TTE. GRAL.",LUIS DELLEPIANE,Flores,Flores,Flores,7.0,AVENIDA,75.06546901331356,"LINESTRING (-58.46092854158183 -34.643612634546706, -58.460917542402996 -34.643811792109766, -58.46091575003719 -34.64391545490876, -58.460910976089814 -34.64399256813157, -58.46090773629089 -34.644056371413946, -58.46089648707485 -34.64410954064713, -58.46087876116531 -34.64418792122638, -58.46090466218403 -34.64428440140762)",Q126856409,Luis Dellepiane,UCR,politico
29193,"PERON, EVA AV.",EVA PERON,Flores,Flores,Flores,7.0,AVENIDA,43.27044276731856,"LINESTRING (-58.46071596442034 -34.64292199179925, -58.460918270854236 -34.64291461212877, -58.46110664119956 -34.64294056313422, -58.46118498961801 -34.642944092908635)",Q40933,Eva Perón,PJ,politico
29194,"PERON, EVA AV.",EVA PERON,Flores,Flores,Flores,7.0,AVENIDA,81.39768961148103,"LINESTRING (-58.46071596442034 -34.64292199179925, -58.46068280289061 -34.64304758809578, -58.46072989131982 -34.64319030018896, -58.4608319219285 -34.64332652651732, -58.46092854158183 -34.643612634546706)",Q40933,Eva Perón,PJ,politico
29197,"DELLEPIANE, LUIS, TTE. GRAL.",LUIS DELLEPIANE,Villa Lugano,Villa Lugano,Villa Lugano,8.0,AVENIDA,40.33713516158107,"LINESTRING (-58.47888950415371 -34.678443683948984, -58.478973505222676 -34.6786285328093, -58.479044202854936 -34.67878408747604)",Q126856409,Luis Dellepiane,UCR,politico
29201,AUTOPISTA PRESIDENTE HECTOR J. CAMPORA,HECTOR J. CAMPORA,Villa Soldati,Villa Soldati,Villa Soldati,8.0,SUBIDA AUTOPISTA,293.0360251543728,"LINESTRING (-58.461828603854734 -34.65825037177184, -58.46156519426069 -34.65808046003024, -58.46122542205635 -34.657820484024555, -58.46102514530779 -34.657667241471565, -58.46083349233977 -34.65752059659888, -58.460738865571244 -34.657448191831975, -58.46062977597464 -34.657401053018724, -58.460510072869305 -34.65734932781758, -58.46034033982468 -34.657328254534164, -58.46024898521984 -34.65731691225934, -58.46013899118212 -34.65733171575677, -58.45997958833567 -34.657380239388424, -58.4597362870219 -34.65749808591298, -58.459605805847424 -34.65756128602628, -58.45943696520766 -34.65764306565355, -58.45917980035384 -34.65777669427711)",Q356751,Héctor José Cámpora,PJ,presidente
29232,AUTOPISTA PRESIDENTE HECTOR J. CAMPORA,HECTOR J. CAMPORA,Flores,Flores,Flores,7.0,ENLACE AUTOPISTA,283.0441915862098,"LINESTRING (-58.46573459746178 -34.652017477254404, -58.46564074763825 -34.65212704068941, -58.46553292900854 -34.652233039926145, -58.463826442216806 -34.6536396391778, -58.46363694531758 -34.653880047294244)",Q356751,Héctor José Cámpora,PJ,presidente
29233,AUTOPISTA PRESIDENTE HECTOR J. CAMPORA,HECTOR J. CAMPORA,Flores,Flores,Flores,7.0,BAJADA AUTOPISTA,439.4400405388169,"LINESTRING (-58.46547433057549 -34.65091594116867, -58.46566276024951 -34.651078273060776, -58.46580308038944 -34.65119091109961, -58.465919346298115 -34.65129361065415, -58.466048822250684 -34.65150423136152, -58.4660729488049 -34.651616550134456, -58.46607064389435 -34.651715768383525, -58.46605566639108 -34.651798867115076, -58.46602678686652 -34.65187591886058, -58.46597136974998 -34.65196572458545, -58.465897275840256 -34.652047648308624, -58.465807235641 -34.6521206442219, -58.46572253836789 -34.652189308427474, -58.46363694531758 -34.653880047294244)",Q356751,Héctor José Cámpora,PJ,presidente
29234,AUTOPISTA PRESIDENTE HECTOR J. CAMPORA,HECTOR J. CAMPORA,Flores,Flores,Flores,7.0,BAJADA AUTOPISTA,367.4120943707794,"LINESTRING (-58.46668375781527 -34.65174801931414, -58.466317816946315 -34.651905063926236, -58.464201259157434 -34.65353760528874, -58.46363694531758 -34.653880047294244)",Q356751,Héctor José Cámpora,PJ,presidente
29235,AUTOPISTA PRESIDENTE HECTOR J. CAMPORA,HECTOR J. CAMPORA,Flores,Flores,Flores,7.0,AUTOPISTA,258.2048727679325,"LINESTRING (-58.46363694531758 -34.653880047294244, -58.46355304646647 -34.6539493791145, -58.46269316139789 -34.6546599556572, -58.46161277328232 -34.655498062780325)",Q356751,Héctor José Cámpora,PJ,presidente
29236,AUTOPISTA PRESIDENTE HECTOR J. CAMPORA,HECTOR J. CAMPORA,Villa Soldati,Villa Soldati,Villa Soldati,8.0,AUTOPISTA,483.7764154864368,"LINESTRING (-58.44604748718254 -34.66832324507602, -58.44531595219836 -34.66890660878911, -58.44467632530111 -34.66941666990792, -58.44429696253197 -34.66969355380045, -58.44376762949447 -34.670017784292384, -58.443207430209995 -34.67029463565801, -58.44256783873237 -34.670567826981404, -58.44180950894585 -34.670855711719305)",Q356751,Héctor José Cámpora,PJ,presidente
29237,AUTOPISTA PRESIDENTE HECTOR J. CAMPORA,HECTOR J. CAMPORA,Villa Soldati,Villa Soldati,Villa Soldati,8.0,BAJADA AUTOPISTA,329.5373471763232,"LINESTRING (-58.44233217161454 -34.668441964324465, -58.44241686579092 -34.668645446845844, -58.442486907100964 -34.668768059839714, -58.44258148490059 -34.66890253075931, -58.44266083111152 -34.66907016728694, -58.442718135304816 -34.66919771626329, -58.44279748296993 -34.66936170871465, -58.44287434377355 -34.66948770417749, -58.44292090883072 -34.66963502786828, -58.44295745156475 -34.66975064230288, -58.44296054518058 -34.66987189314193, -58.44294353725568 -34.66998349462292, -58.44290315708954 -34.670083234345086, -58.44286045439248 -34.670188710482854, -58.44278843661796 -34.67027634598604, -58.442712447122084 -34.6703688142678, -58.442625062482215 -34.670415935820536, -58.442495100902434 -34.67048601647349, -58.44231643538267 -34.67058235988281, -58.44180950894585 -34.670855711719305)",Q356751,Héctor José Cámpora,PJ,presidente
29238,AUTOPISTA PRESIDENTE HECTOR J. CAMPORA,HECTOR J. CAMPORA,Villa Soldati,Villa Soldati,Villa Soldati,8.0,AUTOPISTA,649.3132642555453,"LINESTRING (-58.44180950894585 -34.670855711719305, -58.44077590320116 -34.67128720991243, -58.43989034624757 -34.671656891791756, -58.43711572792872 -34.67281511233229, -58.436476107665655 -34.673055475771655, -58.43622909809821 -34.673095504918905, -58.43601738668824 -34.673095457720954, -58.43576152801743 -34.673049591748736, -58.435602820354305 -34.67298968889445, -58.43539995617077 -34.67291311911077)",Q356751,Héctor José Cámpora,PJ,presidente
29239,AUTOPISTA PRESIDENTE HECTOR J. CAMPORA,HECTOR J. CAMPORA,Villa Soldati,Villa Soldati,Villa Soldati,8.0,AUTOPISTA,589.4530872042159,"LINESTRING (-58.441379045529054 -34.6711670534966, -58.43994104283591 -34.67174617897984, -58.43907902920522 -34.67209332490025, -58.43825991309841 -34.67242318698736, -58.43747079515889 -34.67278057029567, -58.43698998034189 -34.67295537838601, -58.43670765351733 -34.67309743223948, -58.43649589632141 -34.67323950097269, -58.436381874133176 -34.67331599855118, -58.436279711166264 -34.6734325840317, -58.43620468583311 -34.67356739452731, -58.43613761635273 -34.67368790900724, -58.43605902365656 -34.67390260793317)",Q356751,Héctor José Cámpora,PJ,presidente
29240,AUTOPISTA PRESIDENTE HECTOR J. CAMPORA,HECTOR J. CAMPORA,Villa Soldati,Villa Soldati,Villa Soldati,8.0,SUBIDA AUTOPISTA,356.8483313501478,"LINESTRING (-58.444832589068355 -34.67152226214589, -58.44462515729802 -34.67141174053466, -58.44447081554404 -34.6712878215296, -58.444335432194656 -34.67117912351657, -58.44420596638774 -34.67107517623453, -58.444108326272 -34.67099678133592, -58.44402751908185 -34.6709319013613, -58.443906361681115 -34.67086867551174, -58.443765239052674 -34.67080670534259, -58.44359764827782 -34.67076659460684, -58.44341241729023 -34.67071919280657, -58.44324923212033 -34.67070094618236, -58.44309486453641 -34.67069727671636, -58.44291351275374 -34.6706969208709, -58.44274642386552 -34.67073365825477, -58.44256117073308 -34.67077735462479, -58.44240551552164 -34.67082437407592, -58.44198333880683 -34.67098131775756, -58.44182422227385 -34.671040468601575, -58.44162616608674 -34.671114094675595, -58.441379045529054 -34.6711670534966)",Q356751,Héctor José Cámpora,PJ,presidente
29241,AUTOPISTA PRESIDENTE HECTOR J. CAMPORA,HECTOR J. CAMPORA,Villa Soldati,Villa Soldati,Villa Soldati,8.0,AUTOPISTA,571.912841436178,"LINESTRING (-58.4464209078497 -34.66820530062436, -58.44577688959712 -34.66868257115076, -58.44524754583148 -34.66911248353526, -58.444662608792456 -34.66958753873399, -58.4442417944667 -34.669855702267036, -58.44390578031024 -34.67006982467905, -58.44335958350373 -34.670332922419526, -58.44247297651511 -34.67071174797287, -58.44168782299536 -34.67101770551112, -58.441379045529054 -34.6711670534966)",Q356751,Héctor José Cámpora,PJ,presidente
29242,AUTOPISTA PRESIDENTE HECTOR J. CAMPORA,HECTOR J. CAMPORA,Villa Soldati,Villa Soldati,Villa Soldati,8.0,BAJADA AUTOPISTA,325.4506956722223,"LINESTRING (-58.4464209078497 -34.66820530062436, -58.4463017988888 -34.66834375532319, -58.44606800604041 -34.66854414140708, -58.44560040844089 -34.66898499598539, -58.44525192387373 -34.6692618873493, -58.445009298586555 -34.669491421899636, -58.444857269928 -34.66963524702512, -58.44479474830731 -34.66969439475141, -58.44471680310264 -34.669768133585436, -58.44466519348265 -34.66988856353526, -58.444621898777214 -34.66998959052123, -58.44463426369317 -34.67013999336498, -58.444643572600135 -34.67025322354118, -58.444654634345966 -34.67038777421233, -58.44469748065928 -34.670578165451595)",Q356751,Héctor José Cámpora,PJ,presidente
29243,AUTOPISTA PRESIDENTE HECTOR J. CAMPORA,HECTOR J. CAMPORA,Villa Soldati,Villa Soldati,Villa Soldati,8.0,AUTOPISTA,1645.467377862847,"LINESTRING (-58.45917980035384 -34.65777669427711, -58.458602980536675 -34.6582838121299, -58.45797674637566 -34.65879394445357, -58.45743030200847 -34.659239071988424, -58.45684846605297 -34.65971302115845, -58.456228522674394 -34.6602180026572, -58.454960135886346 -34.66119880568616, -58.45314302754798 -34.66265990545954, -58.45274713945455 -34.66297822055981, -58.45200272776716 -34.663576757060866, -58.451720773049104 -34.66380345637903, -58.451464458571856 -34.6640095385961, -58.45114645529147 -34.66426521772768, -58.45056279182167 -34.6647913932405, -58.450125289945 -34.66518242541097, -58.4499764725934 -34.66531995337372, -58.44946007940557 -34.6657459963426, -58.44882880272531 -34.66626681338953, -58.447770694902324 -34.66710135391439, -58.4469335338237 -34.667761613017774, -58.4464209078497 -34.66820530062436)",Q356751,Héctor José Cámpora,PJ,presidente
29244,AUTOPISTA PRESIDENTE HECTOR J. CAMPORA,HECTOR J. CAMPORA,,,,,AUTOPISTA,278.8337310681496,"LINESTRING (-58.46127982805106 -34.65595902217674, -58.460591887150436 -34.656585774685276, -58.459952447354844 -34.65712506890195, -58.45917980035384 -34.65777669427711)",Q356751,Héctor José Cámpora,PJ,presidente
29245,AUTOPISTA PRESIDENTE HECTOR J. CAMPORA,HECTOR J. CAMPORA,,,,,BAJADA AUTOPISTA,158.6195413516297,"LINESTRING (-58.46127982805106 -34.65595902217674, -58.461147530745734 -34.65614850726905, -58.460988774944546 -34.656312483801045, -58.46089175599056 -34.6564545974327, -58.46083442483921 -34.65659306780551, -58.46080156143482 -34.65667244167234, -58.46079914167 -34.6567570465128, -58.46079653686953 -34.65684812075991, -58.46079382644798 -34.65694288772942, -58.46084323160467 -34.65702670245537, -58.460890256406046 -34.65710647878621, -58.46100999739327 -34.65722600294156)",Q356751,Héctor José Cámpora,PJ,presidente
29246,AUTOPISTA PRESIDENTE HECTOR J. CAMPORA,HECTOR J. CAMPORA,Flores,Flores,Flores,7.0,AUTOPISTA,325.8450087233722,"LINESTRING (-58.46668375781527 -34.65174801931414, -58.46652286139232 -34.651936032595096, -58.46580853172946 -34.652427988025, -58.465094195196585 -34.65299281902016, -58.4647109634179 -34.65329583821846, -58.46428520518072 -34.65358478672712, -58.46407115028105 -34.653728489797146)",Q356751,Héctor José Cámpora,PJ,presidente
29395,AUTOPISTA 1 SUR PRESIDENTE ARTURO FRONDIZI,1 SUR ARTURO FRONDIZI,Constitucion,Constitucion,Constitucion,1.0,AUTOPISTA,596.7084183814651,"LINESTRING (-58.380998330204534 -34.62214953706714, -58.380959645483756 -34.62233864672498, -58.38095069090744 -34.622614071811746, -58.38094631667843 -34.622748613771044, -58.3808787634496 -34.62307759295541, -58.38082203082974 -34.62335387452207, -58.38075852521652 -34.62354106077545, -58.380703671910716 -34.623718299385835, -58.38062273065138 -34.62389459171253, -58.380479463429886 -34.62420662975105, -58.380345459991574 -34.6244984888519, -58.380251546943136 -34.62470302988224, -58.380125570660226 -34.62497740238989, -58.38005795950703 -34.62512465661694, -58.3799916183714 -34.62526914425263, -58.37990320032405 -34.62555384592083, -58.37982575541959 -34.62580321295343, -58.37973508098802 -34.62609517613496, -58.3796100873116 -34.62649764057361, -58.37931850720647 -34.62732163147765)",Q346658,Arturo Frondizi,UCR,presidente
29404,AUTOPISTA PRESIDENTE HECTOR J. CAMPORA,HECTOR J. CAMPORA,Villa Soldati,Villa Soldati,Villa Soldati,8.0,AUTOPISTA,1709.597390888758,"LINESTRING (-58.45933285074868 -34.65751313491656, -58.458979194743875 -34.65783672052397, -58.458265617437974 -34.65841680416433, -58.45717190248211 -34.65930588666413, -58.45562459688326 -34.66050476543403, -58.454944713784926 -34.66106944317883, -58.45387800067128 -34.661955379881576, -58.452428693469045 -34.66310422997465, -58.45199408888281 -34.66344872673236, -58.45123104634166 -34.664053554756904, -58.4505517916793 -34.664625590892506, -58.44973834950624 -34.66536009490104, -58.44902563109552 -34.66596276316, -58.44846770445368 -34.66643453185424, -58.4474288663349 -34.667245247138, -58.44604748718254 -34.66832324507602)",Q356751,Héctor José Cámpora,PJ,presidente
29405,AUTOPISTA PRESIDENTE HECTOR J. CAMPORA,HECTOR J. CAMPORA,Villa Soldati,Villa Soldati,Villa Soldati,8.0,BAJADA AUTOPISTA,106.9247066785882,"LINESTRING (-58.459842219693925 -34.65670236332262, -58.459864859425274 -34.65675463191619, -58.4598760300391 -34.65681810445123, -58.459869044111485 -34.65690465739153, -58.459828539535096 -34.6569981337935, -58.45978524315968 -34.65704891058487, -58.45933285074868 -34.65751313491656)",Q356751,Héctor José Cámpora,PJ,presidente
29406,AUTOPISTA PRESIDENTE HECTOR J. CAMPORA,HECTOR J. CAMPORA,,,,,AUTOPISTA,306.1467995499175,"LINESTRING (-58.46161277328232 -34.655498062780325, -58.460488258979794 -34.656536578510966, -58.45994142702262 -34.65702121496936, -58.45933285074868 -34.65751313491656)",Q356751,Héctor José Cámpora,PJ,presidente
29407,AUTOPISTA PRESIDENTE HECTOR J. CAMPORA,HECTOR J. CAMPORA,Villa Soldati,Villa Soldati,Villa Soldati,8.0,SUBIDA AUTOPISTA,291.3782033920351,"LINESTRING (-58.44604748718254 -34.66832324507602, -58.44584507428244 -34.66842984194273, -58.44569011186467 -34.66853910025152, -58.44545004582527 -34.66870836103854, -58.445179230373654 -34.66889930058388, -58.44481751827972 -34.66915432486495, -58.44453929677603 -34.6693257104101, -58.44442934782389 -34.66938019213286, -58.44429701911489 -34.6694457632089, -58.4441470558868 -34.66947853555617, -58.444023562925196 -34.669478516091985, -58.443908898531376 -34.66944570209199, -58.443719276137806 -34.669329064438344, -58.443509789252225 -34.6691268219044)",Q356751,Héctor José Cámpora,PJ,presidente
29408,AUTOPISTA PRESIDENTE HECTOR J. CAMPORA,HECTOR J. CAMPORA,Flores,Flores,Flores,7.0,SUBIDA AUTOPISTA,200.0282459064521,"LINESTRING (-58.46161277328232 -34.655498062780325, -58.46129398941636 -34.65570661066953, -58.46107870490831 -34.65584892488541, -58.46075784080606 -34.65606103106964, -58.46061174498529 -34.65615760660245, -58.46047944930047 -34.6562450593145, -58.460285417791845 -34.65629971448398, -58.46009138855619 -34.656288777570076, -58.459952255914644 -34.656248518404865, -58.45979420919915 -34.656168410181294)",Q356751,Héctor José Cámpora,PJ,presidente
29528,"CHILAVERT, MARTINIANO, CORONEL",MARTINIANO CHILAVERT,Villa Riachuelo,Villa Riachuelo,Villa Riachuelo,8.0,CALLE,90.91789678446241,"LINESTRING (-58.48027617637952 -34.69010520790229, -58.48107277244421 -34.69059377535421)",Q6002386,Martiniano Chilavert,Prócer,procer
29701,"BALBIN, RICARDO, DR. AV.",RICARDO BALBIN,Saavedra,Saavedra,Saavedra,12.0,AVENIDA,64.87047115464726,"LINESTRING (-58.4942111749053 -34.55506679587112, -58.4943606632537 -34.55505036590245, -58.494462476873395 -34.555054659724846, -58.494590409087756 -34.55509350490155, -58.49487804847462 -34.55520521993528)",Q7322551,Ricardo Balbín,UCR,politico
29745,"DELLEPIANE, LUIS, TTE. GRAL.",LUIS DELLEPIANE,Villa Lugano,Villa Lugano,Villa Lugano,8.0,AVENIDA,26.49530101057226,"LINESTRING (-58.47010988000285 -34.65872088593621, -58.4702086954752 -34.6589453266157)",Q126856409,Luis Dellepiane,UCR,politico
29746,"DELLEPIANE, LUIS, TTE. GRAL.",LUIS DELLEPIANE,Parque Avellaneda,Parque Avellaneda,Parque Avellaneda,9.0,AVENIDA,24.8813643770942,"LINESTRING (-58.47119231173206 -34.65840168432077, -58.47128533722688 -34.6586123842846)",Q126856409,Luis Dellepiane,UCR,politico
29748,"DELLEPIANE, LUIS, TTE. GRAL.",LUIS DELLEPIANE,Villa Lugano,Villa Lugano,Villa Lugano,8.0,AVENIDA,40.60190343163569,"LINESTRING (-58.472852267403816 -34.66489305890488, -58.47300455725968 -34.66523673884897)",Q126856409,Luis Dellepiane,UCR,politico
29749,"DELLEPIANE, LUIS, TTE. GRAL.",LUIS DELLEPIANE,Villa Lugano,Villa Lugano,Villa Lugano,8.0,AVENIDA,87.61705956346785,"LINESTRING (-58.47376509433714 -34.66423530469112, -58.473811644593624 -34.66434994914025, -58.47399350310057 -34.664831696244796, -58.474054220821216 -34.664988075183054)",Q126856409,Luis Dellepiane,UCR,politico
29751,"DELLEPIANE, LUIS, TTE. GRAL.",LUIS DELLEPIANE,Villa Lugano,Villa Lugano,Villa Lugano,8.0,AVENIDA,45.7220671849948,"LINESTRING (-58.474223992425664 -34.66788962770044, -58.474408781490546 -34.66827244947519)",Q126856409,Luis Dellepiane,UCR,politico
29752,"DELLEPIANE, LUIS, TTE. GRAL.",LUIS DELLEPIANE,Villa Lugano,Villa Lugano,Villa Lugano,8.0,AVENIDA,23.18762239493469,"LINESTRING (-58.47554871569933 -34.667747971808446, -58.475584033107765 -34.66795494098649)",Q126856409,Luis Dellepiane,UCR,politico
29756,"DELLEPIANE, LUIS, TTE. GRAL.",LUIS DELLEPIANE,Villa Lugano,Villa Lugano,Villa Lugano,8.0,AVENIDA,129.6463642940461,"LINESTRING (-58.479660969543055 -34.67774112786815, -58.48002056462958 -34.678597548530284, -58.48015157604563 -34.67883633057165)",Q126856409,Luis Dellepiane,UCR,politico
29771,SENDERO PUENTE AV. SAN MARTIN (NO OFICIAL),SENDERO PUENTE SAN MARTIN (NO OFICIAL),Paternal,Paternal,Paternal,15.0,SENDERO,110.5334877632363,"LINESTRING (-58.47557311853468 -34.600219255480795, -58.47571238127254 -34.60022271799203, -58.47667421680833 -34.60001742587296, -58.476723541760414 -34.599973769235206)",Q134160,José de San Martín,Prócer,procer
29772,SENDERO PUENTE AV. SAN MARTIN (NO OFICIAL),SENDERO PUENTE SAN MARTIN (NO OFICIAL),,,,,SENDERO,158.0634234481546,"LINESTRING (-58.47588411794397 -34.60046486663857, -58.476183105707854 -34.60037074480527, -58.4773598185866 -34.600114655630584, -58.47754606707269 -34.60012003411405)",Q134160,José de San Martín,Prócer,procer
29844,"ALCORTA, AMANCIO AV.",AMANCIO ALCORTA,Barracas,Barracas,Barracas,4.0,AVENIDA,39.45626021800734,"LINESTRING (-58.38352101149774 -34.63301916640436, -58.38369668050954 -34.633343841112314)",Q453619,Amancio Alcorta,Prócer,procer
29855,"PAZ, MARCOS",MARCOS PAZ,Villa Devoto,Villa Devoto,Villa Devoto,11.0,CALLE,11.87352325305853,"LINESTRING (-58.518146888194906 -34.60309109653536, -58.51822349222488 -34.60300482211662)",Q3846654,Marcos Paz,Prócer,procer
29858,"RAMOS MEJIA, JOSE MARIA, DR. AV.",JOSE MARIA RAMOS MEJIA,Retiro,Retiro,Retiro,1.0,AVENIDA,25.21995090596586,"LINESTRING (-58.37187702771099 -34.58928998800286, -58.37160299082982 -34.58927209982798)",Q6293317,José María Ramos Mejía,Prócer,procer
29863,SAN MARTIN,SAN MARTIN,Retiro,Retiro,Retiro,1.0,CALLE,35.75885444932744,"LINESTRING (-58.371088962563896 -34.590058357412424, -58.37070489229705 -34.59000346590992)",Q134160,José de San Martín,Prócer,procer
29869,"JUSTO, JUAN B. AV.",JUAN B. JUSTO,Liniers,Liniers,Liniers,9.0,AVENIDA,81.11301252746209,"LINESTRING (-58.51714544589297 -34.63308449075422, -58.5174247175015 -34.63315903092554, -58.518010723724615 -34.633223038943484)",Q6298935,Juan B. Justo,PS,politico
29870,"JUSTO, JUAN B. AV.",JUAN B. JUSTO,Liniers,Liniers,Liniers,9.0,AVENIDA,93.58137924797312,"LINESTRING (-58.51884784851219 -34.633045736309086, -58.51910261865932 -34.63311261339349, -58.51931483379934 -34.63316831931286, -58.51954266041221 -34.63320333085857, -58.51969028071417 -34.63319608483557, -58.51984097965872 -34.633188687510135)",Q6298935,Juan B. Justo,PS,politico
29871,"JUSTO, JUAN B. AV.",JUAN B. JUSTO,Liniers,Liniers,Liniers,9.0,AVENIDA,157.2423505298575,"LINESTRING (-58.518010723724615 -34.633223038943484, -58.51820942118264 -34.63324471043157, -58.51868044620778 -34.63331534324007, -58.519257337925765 -34.633458954593614, -58.519661438144375 -34.633587924729326)",Q6298935,Juan B. Justo,PS,politico
29872,"JUSTO, JUAN B. AV.",JUAN B. JUSTO,Liniers,Liniers,Liniers,9.0,AVENIDA,52.04020505953111,"LINESTRING (-58.51984097965872 -34.633188687510135, -58.51969033900079 -34.633282219152036, -58.51965276727061 -34.63336837085929, -58.51963836374352 -34.63347126019823, -58.519661438144375 -34.633587924729326)",Q6298935,Juan B. Justo,PS,politico
29873,"JUSTO, JUAN B. AV.",JUAN B. JUSTO,Liniers,Liniers,Liniers,9.0,AVENIDA,30.84642301662846,"LINESTRING (-58.51984097965872 -34.633188687510135, -58.52003183337452 -34.63317917810026, -58.520176763210046 -34.63317195667647)",Q6298935,Juan B. Justo,PS,politico
29874,"JUSTO, JUAN B. AV.",JUAN B. JUSTO,Liniers,Liniers,Liniers,9.0,AVENIDA,33.87667543446837,"LINESTRING (-58.520176763210046 -34.63317195667647, -58.52026624935995 -34.63310968283969, -58.52030093555423 -34.633037888013064, -58.5203298455828 -34.632985236842664, -58.52033856308863 -34.63291203988569)",Q6298935,Juan B. Justo,PS,politico
29875,"JUSTO, JUAN B. AV.",JUAN B. JUSTO,Liniers,Liniers,Liniers,9.0,AVENIDA,66.87780624183394,"LINESTRING (-58.520176763210046 -34.63317195667647, -58.52035606083064 -34.63322448665148, -58.520497946069774 -34.63329619881455, -58.52065433098426 -34.633406185923306, -58.52078330234128 -34.63349447823729)",Q6298935,Juan B. Justo,PS,politico
29877,"JUSTO, JUAN B. AV.",JUAN B. JUSTO,Versalles,Versalles,Versalles,10.0,AVENIDA,220.1451453670629,"LINESTRING (-58.52078330234128 -34.63349447823729, -58.520981550336806 -34.63359026339268, -58.522206189522265 -34.633891148252616, -58.52288077968718 -34.634087015446035, -58.523035558280604 -34.63416062025405)",Q6298935,Juan B. Justo,PS,politico
29893,"YRIGOYEN, HIPOLITO AV.",HIPOLITO YRIGOYEN,Monserrat,Monserrat,Monserrat,1.0,AVENIDA,59.81345733386496,"LINESTRING (-58.39125199984617 -34.61020136642301, -58.39149702703793 -34.61022637036675, -58.39187842943352 -34.610339553516305)",Q297134,Hipólito Yrigoyen,UCR,presidente
29905,"UDAONDO, GUILLERMO AV.",GUILLERMO UDAONDO,,Belgrano,Nuñez,,AVENIDA,66.86990379218398,"LINESTRING (-58.45360556906682 -34.54823857738864, -58.453819769639594 -34.54856800497276, -58.453961904869175 -34.54876415639964)",Q5888980,Guillermo Udaondo,UCR,politico
29906,"UDAONDO, GUILLERMO AV.",GUILLERMO UDAONDO,Nuñez,Nuñez,Nuñez,13.0,AVENIDA,61.10684614359729,"LINESTRING (-58.45360556906682 -34.54823857738864, -58.453857219295145 -34.548480936570726, -58.45409529244017 -34.54860218522569)",Q5888980,Guillermo Udaondo,UCR,politico
29907,"UDAONDO, GUILLERMO AV.",GUILLERMO UDAONDO,Nuñez,Nuñez,Nuñez,13.0,AVENIDA,34.94968839256901,"LINESTRING (-58.45409529244019 -34.54860218522569, -58.45446767773769 -34.54866787923668)",Q5888980,Guillermo Udaondo,UCR,politico
29909,"UDAONDO, GUILLERMO AV.",GUILLERMO UDAONDO,Nuñez,Nuñez,Nuñez,13.0,AVENIDA,25.29973367283294,"LINESTRING (-58.45409529244019 -34.54860218522569, -58.45401355718021 -34.548619371153784, -58.45398328276249 -34.54864620534327, -58.45395732861878 -34.548710610949485, -58.45396190486918 -34.54876415639964)",Q5888980,Guillermo Udaondo,UCR,politico
29910,"UDAONDO, GUILLERMO AV.",GUILLERMO UDAONDO,Nuñez,Nuñez,Nuñez,13.0,AVENIDA,37.55360718273744,"LINESTRING (-58.45446767773769 -34.54866787923668, -58.45459302685393 -34.54873391623066, -58.45468532907817 -34.548782543160655, -58.454722751622064 -34.54883232589416, -58.45475502519333 -34.5488931162651)",Q5888980,Guillermo Udaondo,UCR,politico
29936,"GAINZA, MARTIN DE, GRAL.",MARTIN DE GAINZA,Caballito,Caballito,Caballito,6.0,SENDERO,39.4944994932602,"LINESTRING (-58.44596559977821 -34.62038323078108, -58.44607777490859 -34.62003951008052)",Q5637260,Martín de Gainza,Prócer,procer
29952,"GALLARDO, ANGEL AV.",ANGEL GALLARDO,,Caballito,Villa Crespo,,AVENIDA,82.12264224251997,"LINESTRING (-58.43851533943474 -34.60523289320979, -58.43920299576499 -34.60558223647268, -58.439286711643824 -34.60560521105918)",Q3815109,Ángel Gallardo,UCR,politico
29957,"JUSTO, JUAN B. AV.",JUAN B. JUSTO,Villa Luro,Villa Luro,Villa Luro,10.0,AVENIDA,108.1873550015707,"LINESTRING (-58.50341138854392 -34.6332289444877, -58.503885917324176 -34.63343391113945, -58.50425567207675 -34.63359054966004, -58.50445829549976 -34.63367862277948)",Q6298935,Juan B. Justo,PS,politico
29959,"JUSTO, JUAN B. AV.",JUAN B. JUSTO,Villa Luro,Villa Luro,Villa Luro,10.0,AVENIDA,132.9044290747627,"LINESTRING (-58.50533540492697 -34.634013977107614, -58.50562196830229 -34.63409746486016, -58.506052862915205 -34.63421311719619, -58.50644173069627 -34.634292619834355, -58.50672794130415 -34.634340124360335)",Q6298935,Juan B. Justo,PS,politico
29960,"JUSTO, JUAN B. AV.",JUAN B. JUSTO,Villa Luro,Villa Luro,Villa Luro,10.0,AVENIDA,41.24018936742707,"LINESTRING (-58.50505956447057 -34.63430662584209, -58.505181682814055 -34.63415769489259, -58.50533540492697 -34.634013977107614)",Q6298935,Juan B. Justo,PS,politico
29973,"ALCORTA, AMANCIO AV.",AMANCIO ALCORTA,Barracas,Barracas,Barracas,4.0,AVENIDA,72.64930689899263,"LINESTRING (-58.404558400863564 -34.649414079229466, -58.404936054463256 -34.64998979798434)",Q453619,Amancio Alcorta,Prócer,procer
29982,"MADERO, EDUARDO AV.",EDUARDO MADERO,Puerto Madero,Puerto Madero,Puerto Madero,1.0,AVENIDA,135.6569012282803,"LINESTRING (-58.369076742369394 -34.59935328429158, -58.369107787225694 -34.59897821346474, -58.36921954316373 -34.59864570082833, -58.36923450109813 -34.59851024018681, -58.369256233635674 -34.5984208166228, -58.369341287390476 -34.59835988364619, -58.36952864615202 -34.59826537176665)",Q3822036,Eduardo Madero,Prócer,procer
29990,"CHILAVERT, MARTINIANO, CORONEL",MARTINIANO CHILAVERT,Villa Soldati,Villa Soldati,Villa Soldati,8.0,CALLE,14.33724824880631,"LINESTRING (-58.447320043883984 -34.66152291235341, -58.44742668393362 -34.661617453490166)",Q6002386,Martiniano Chilavert,Prócer,procer
29991,"ACOSTA, MARIANO",MARIANO ACOSTA,Villa Soldati,Villa Soldati,Villa Soldati,8.0,CALLE,134.4377193627462,"LINESTRING (-58.447320043883984 -34.66152291235341, -58.44644068390743 -34.662228479455756, -58.44636527274018 -34.662417505264386)",Q3847746,Mariano Acosta,Prócer,procer
29992,"ACOSTA, MARIANO",MARIANO ACOSTA,Villa Soldati,Villa Soldati,Villa Soldati,8.0,CALLE,112.2267749876216,"LINESTRING (-58.44820495658407 -34.66082381561766, -58.447320043883984 -34.66152291235341)",Q3847746,Mariano Acosta,Prócer,procer
30008,"PEDRAZA, MANUELA",MANUELA PEDRAZA,Nuñez,Nuñez,Nuñez,13.0,PASAJE,67.87298507830403,"LINESTRING (-58.462395077743345 -34.549271555516206, -58.46247867758064 -34.54935000507043, -58.462843493171526 -34.549529660138255, -58.463021104738964 -34.549581890125076)",Q6753047,Manuela Pedraza,Prócer,procer
30009,"PEDRAZA, MANUELA",MANUELA PEDRAZA,Nuñez,Nuñez,Nuñez,13.0,PASAJE,43.98490393141896,"LINESTRING (-58.462395077743345 -34.549271555516206, -58.46251571422458 -34.54928871656993, -58.46274129669919 -34.54939179433422, -58.46283077678608 -34.54942701757679)",Q6753047,Manuela Pedraza,Prócer,procer
30010,"PEDRAZA, MANUELA",MANUELA PEDRAZA,Nuñez,Nuñez,Nuñez,13.0,PASAJE,77.6122301538468,"LINESTRING (-58.46131735087943 -34.548732621061234, -58.461378984285794 -34.548802715401294, -58.46193997556539 -34.54907698675762, -58.462028158487094 -34.54908795630312)",Q6753047,Manuela Pedraza,Prócer,procer
30011,"PEDRAZA, MANUELA",MANUELA PEDRAZA,Nuñez,Nuñez,Nuñez,13.0,PASAJE,46.43202361434038,"LINESTRING (-58.46163714317548 -34.54883923900028, -58.46200058058001 -34.549029627931525, -58.462028158487094 -34.54908795630312)",Q6753047,Manuela Pedraza,Prócer,procer
30016,"PEDRAZA, MANUELA",MANUELA PEDRAZA,Nuñez,Nuñez,Nuñez,13.0,PASAJE,25.17103313988701,"LINESTRING (-58.46283077678608 -34.54942701757679, -58.46298511888612 -34.549519208770235, -58.463021104738964 -34.549581890125076)",Q6753047,Manuela Pedraza,Prócer,procer
30017,"PEDRAZA, MANUELA",MANUELA PEDRAZA,Nuñez,Nuñez,Nuñez,13.0,PASAJE,31.99553899048862,"LINESTRING (-58.46131735087943 -34.548732621061234, -58.46142291376768 -34.54874675218541, -58.46163714317548 -34.54883923900028)",Q6753047,Manuela Pedraza,Prócer,procer
30018,"PEDRAZA, MANUELA",MANUELA PEDRAZA,Nuñez,Nuñez,Nuñez,13.0,SENDERO,40.84527014988011,"LINESTRING (-58.462028158487094 -34.54908795630312, -58.46205007787938 -34.54912311752506, -58.4623465859514 -34.54927469071405, -58.462395077743345 -34.549271555516206)",Q6753047,Manuela Pedraza,Prócer,procer
30019,"LARRALDE, CRISOLOGO",CRISOLOGO LARRALDE,Nuñez,Nuñez,Nuñez,13.0,CALLE,58.88013049649221,"LINESTRING (-58.463254890558204 -34.54647698434778, -58.463386704059445 -34.546478128684285, -58.463741860559345 -34.54665845902233, -58.463769903782456 -34.54673177234091)",Q5791973,Crisólogo Larralde,UCR,politico
30020,"LARRALDE, CRISOLOGO",CRISOLOGO LARRALDE,Nuñez,Nuñez,Nuñez,13.0,CALLE,56.59856419642004,"LINESTRING (-58.46394260538376 -34.54681721065891, -58.463975942602474 -34.546874410009934, -58.46433917374643 -34.547048059624544, -58.46442977532852 -34.54711360623757)",Q5791973,Crisólogo Larralde,UCR,politico
30021,"LARRALDE, CRISOLOGO",CRISOLOGO LARRALDE,Nuñez,Nuñez,Nuñez,13.0,CALLE,74.74900307067324,"LINESTRING (-58.46394260538376 -34.54681721065891, -58.46404320679399 -34.54682543080222, -58.464484465484674 -34.5470369267527, -58.46462768396311 -34.547156311081345)",Q5791973,Crisólogo Larralde,UCR,politico
30022,"LARRALDE, CRISOLOGO",CRISOLOGO LARRALDE,Nuñez,Nuñez,Nuñez,13.0,CALLE,18.77400858070479,"LINESTRING (-58.46442977532852 -34.54711360623757, -58.46462768396311 -34.547156311081345)",Q5791973,Crisólogo Larralde,UCR,politico
30023,"LARRALDE, CRISOLOGO",CRISOLOGO LARRALDE,Nuñez,Nuñez,Nuñez,13.0,CALLE,57.68552134881358,"LINESTRING (-58.463254890558204 -34.54647698434778, -58.463319439768966 -34.54655382325278, -58.46368535879835 -34.546740832680435, -58.463769903782456 -34.54673177234091)",Q5791973,Crisólogo Larralde,UCR,politico
30024,"LARRALDE, CRISOLOGO",CRISOLOGO LARRALDE,Nuñez,Nuñez,Nuñez,13.0,SENDERO,19.4107024524804,"LINESTRING (-58.463769903782456 -34.54673177234091, -58.463809548386216 -34.54673565564516, -58.46393470142694 -34.546796246914234, -58.46394260538376 -34.54681721065891)",Q5791973,Crisólogo Larralde,UCR,politico
30026,"MOREAU DE JUSTO, ALICIA AV.",ALICIA MOREAU DE JUSTO,Puerto Madero,Puerto Madero,Puerto Madero,1.0,AVENIDA,120.9275425017402,"LINESTRING (-58.365497235113715 -34.620365677970405, -58.365373674667474 -34.62145094460094)",Q518850,Alicia Moreau de Justo,PS,politico
30028,"EZCURRA, ENCARNACION",ENCARNACION EZCURRA,Puerto Madero,Puerto Madero,Puerto Madero,1.0,CALLE,32.37544535956314,"LINESTRING (-58.363244967430234 -34.6162186396689, -58.36289254860883 -34.61620196377318)",Q932528,Encarnación Ezcurra,Prócer,procer
30036,SAN MARTIN AV.,SAN MARTIN,Agronomia,Agronomia,Agronomia,15.0,AVENIDA,21.05279878628764,"LINESTRING (-58.49678385769615 -34.59681101416967, -58.49689441544681 -34.59664471351173)",Q134160,José de San Martín,Prócer,procer
30037,"BALBIN, RICARDO, DR. AV.",RICARDO BALBIN,Coghlan,Coghlan,Coghlan,12.0,AVENIDA,39.4917620675579,"LINESTRING (-58.46850888280732 -34.56134113030529, -58.46889246304551 -34.561179802456174)",Q7322551,Ricardo Balbín,UCR,politico
30044,"SALGUERO, JERONIMO",JERONIMO SALGUERO,Palermo,Palermo,Palermo,14.0,CALLE,40.09895239756328,"LINESTRING (-58.415668355831365 -34.589507325999406, -58.41568190626767 -34.58935561883942, -58.4157307746366 -34.58924707302419, -58.41575251494252 -34.58915530230649)",Q11684757,Jerónimo Salguero,Prócer,procer
30060,"SALGUERO, JERONIMO",JERONIMO SALGUERO,,Palermo,Recoleta,,CALLE,44.36260547624682,"LINESTRING (-58.4017483436241 -34.57313208787184, -58.40145341591293 -34.57281522688665)",Q11684757,Jerónimo Salguero,Prócer,procer
30062,"SALGUERO, JERONIMO",JERONIMO SALGUERO,,Palermo,Recoleta,,CALLE,116.1502580109513,"LINESTRING (-58.40145341591293 -34.57281522688665, -58.40068124621451 -34.57198561741054)",Q11684757,Jerónimo Salguero,Prócer,procer
30063,COLECTORA AUTOPISTA ARTURO ILLIA,ARTURO ILLIA,Recoleta,Recoleta,Recoleta,2.0,CALLE,683.8356175766744,"LINESTRING (-58.39244689128589 -34.5763599896689, -58.39305595958025 -34.57596100429887, -58.3986693613861 -34.57297289393691)",Q270368,Arturo Umberto Illia,UCR,presidente
30064,COLECTORA AUTOPISTA ARTURO ILLIA,ARTURO ILLIA,Recoleta,Recoleta,Recoleta,2.0,CALLE,214.6618920757613,"LINESTRING (-58.3986693613861 -34.57297289393691, -58.40068124621451 -34.57198561741054)",Q270368,Arturo Umberto Illia,UCR,presidente
30096,"ALSINA, ADOLFO",ADOLFO ALSINA,Monserrat,Monserrat,Monserrat,1.0,CALLE,40.96704786551899,"LINESTRING (-58.38100271937791 -34.61076053797962, -58.38144696375261 -34.61079875429414)",Q2011940,Adolfo Alsina,Prócer,procer
30097,"YRIGOYEN, HIPOLITO",HIPOLITO YRIGOYEN,Monserrat,Monserrat,Monserrat,1.0,CALLE,41.84779492596552,"LINESTRING (-58.38104845109162 -34.6096285536018, -58.38150347611035 -34.60965604932047)",Q297134,Hipólito Yrigoyen,UCR,presidente
30100,"PERON, JUAN DOMINGO, TTE. GENERAL",JUAN DOMINGO PERON,San Nicolas,San Nicolas,San Nicolas,1.0,CALLE,38.95382162129273,"LINESTRING (-58.38126678764905 -34.606104391936874, -58.38169091148476 -34.60612218787049)",Q93330,Juan Domingo Perón,PJ,presidente
30101,"MITRE, BARTOLOME",BARTOLOME MITRE,San Nicolas,San Nicolas,San Nicolas,1.0,CALLE,36.8995525032027,"LINESTRING (-58.38121881188451 -34.607287960179754, -58.38161982755044 -34.607314309908034)",Q314362,Bartolomé Mitre,Prócer,procer
30150,"ACOSTA, MARIANO",MARIANO ACOSTA,Villa Soldati,Villa Soldati,Villa Soldati,8.0,CALLE,35.96141044820089,"LINESTRING (-58.456983574489655 -34.654154898087164, -58.45669545678807 -34.6543748832335)",Q3847746,Mariano Acosta,Prócer,procer
30151,"ACOSTA, MARIANO",MARIANO ACOSTA,Villa Soldati,Villa Soldati,Villa Soldati,8.0,CALLE,35.22929558152165,"LINESTRING (-58.45669545678807 -34.6543748832335, -58.456419432027076 -34.65459582996664)",Q3847746,Mariano Acosta,Prócer,procer
30152,"ACOSTA, MARIANO",MARIANO ACOSTA,Villa Soldati,Villa Soldati,Villa Soldati,8.0,CALLE,27.98221139487804,"LINESTRING (-58.456419432027076 -34.65459582996664, -58.45619767269551 -34.65476915349447)",Q3847746,Mariano Acosta,Prócer,procer
30157,"ALVAREZ PRADO, MANUEL",MANUEL ALVAREZ PRADO,Villa Pueyrredon,Villa Pueyrredon,Villa Pueyrredon,12.0,CALLE,16.56159588369824,"LINESTRING (-58.50920772166099 -34.57266613355043, -58.50905833279977 -34.572582362757544)",Q5847043,Manuel Álvarez Prado,Prócer,procer
30158,"ALVAREZ PRADO, MANUEL",MANUEL ALVAREZ PRADO,Villa Pueyrredon,Villa Pueyrredon,Villa Pueyrredon,12.0,CALLE,41.87083639314438,"LINESTRING (-58.50905833279977 -34.572582362757544, -58.50868309516191 -34.572367621371875)",Q5847043,Manuel Álvarez Prado,Prócer,procer
30159,"ALVAREZ PRADO, MANUEL",MANUEL ALVAREZ PRADO,Villa Pueyrredon,Villa Pueyrredon,Villa Pueyrredon,12.0,CALLE,55.15391837084174,"LINESTRING (-58.50868309516191 -34.572367621371875, -58.508199239725904 -34.572072684806116)",Q5847043,Manuel Álvarez Prado,Prócer,procer
30160,"ALVAREZ PRADO, MANUEL",MANUEL ALVAREZ PRADO,Villa Pueyrredon,Villa Pueyrredon,Villa Pueyrredon,12.0,CALLE,36.51580296172607,"LINESTRING (-58.508199239725904 -34.572072684806116, -58.50787526043995 -34.571881561897975)",Q5847043,Manuel Álvarez Prado,Prócer,procer
30161,"ALVAREZ PRADO, MANUEL",MANUEL ALVAREZ PRADO,Villa Pueyrredon,Villa Pueyrredon,Villa Pueyrredon,12.0,CALLE,51.33414523375626,"LINESTRING (-58.50787526043995 -34.571881561897975, -58.50742021187895 -34.57161241408417)",Q5847043,Manuel Álvarez Prado,Prócer,procer
30205,"PERON, EVA AV.",EVA PERON,,Villa Lugano,Mataderos,,AVENIDA,105.3306284815441,"LINESTRING (-58.4936072266606 -34.66796052513481, -58.49434517768303 -34.668688350995744)",Q40933,Eva Perón,PJ,politico
30219,"DE LA TORRE, LISANDRO AV.",LISANDRO DE LA TORRE,Mataderos,Mataderos,Mataderos,9.0,AVENIDA,21.20996789525738,"LINESTRING (-58.50032953651179 -34.662424994956844, -58.50016564978411 -34.66255996047328)",Q3543869,Lisandro de la Torre,UCR,politico
30220,"DE LA TORRE, LISANDRO AV.",LISANDRO DE LA TORRE,Mataderos,Mataderos,Mataderos,9.0,AVENIDA,21.48041148236864,"LINESTRING (-58.50016564978411 -34.66255996047328, -58.49999967592702 -34.66269664924404)",Q3543869,Lisandro de la Torre,UCR,politico
30252,"BALBIN, RICARDO, DR. AV.",RICARDO BALBIN,Coghlan,Coghlan,Coghlan,12.0,AVENIDA,47.43563931057694,"LINESTRING (-58.47432450785349 -34.55891381925365, -58.47478241279454 -34.558715517367645)",Q7322551,Ricardo Balbín,UCR,politico
30275,AUTOPISTA ARTURO ILLIA,ARTURO ILLIA,Recoleta,Recoleta,Recoleta,2.0,BAJADA AUTOPISTA,318.9157574008147,"LINESTRING (-58.3974547502434 -34.57312349796756, -58.398144589504014 -34.572628248193816, -58.398579924880984 -34.57220754226838, -58.39886299158288 -34.57172614643328, -58.39900597471149 -34.57117592603948, -58.39896871363739 -34.57070960837168)",Q270368,Arturo Umberto Illia,UCR,presidente
30277,AUTOPISTA ARTURO ILLIA,ARTURO ILLIA,Palermo,Palermo,Palermo,14.0,AUTOPISTA,629.7653942832399,"LINESTRING (-58.3974547502434 -34.57312349796756, -58.39999781151645 -34.57182486025031, -58.40205003335732 -34.57070314270997, -58.40317648353162 -34.5699955954316)",Q270368,Arturo Umberto Illia,UCR,presidente
30278,AUTOPISTA ARTURO ILLIA,ARTURO ILLIA,Palermo,Palermo,Palermo,14.0,AUTOPISTA,286.4726796910744,"LINESTRING (-58.40317648353162 -34.5699955954316, -58.404532571216244 -34.56911509047654, -58.40561359996582 -34.568382101624394)",Q270368,Arturo Umberto Illia,UCR,presidente
30279,AUTOPISTA ARTURO ILLIA,ARTURO ILLIA,Palermo,Palermo,Palermo,14.0,AUTOPISTA,2786.719825732986,"LINESTRING (-58.407740084128875 -34.566968611292204, -58.40889288675687 -34.56622348006236, -58.41117771529529 -34.565101764458475, -58.41362130602344 -34.563869917603256, -58.414850750011276 -34.56326457039524, -58.415772900242715 -34.56267180145223, -58.416915388585245 -34.561820673513864, -58.41842685990124 -34.56042737913332, -58.41935418138016 -34.5596312252796, -58.4202455427645 -34.559021464457565, -58.42232531879747 -34.557632556872804, -58.422852941432545 -34.557268380302396, -58.427073742307186 -34.55438877802877, -58.42770886395186 -34.55400766547441, -58.43057702929809 -34.55242395697142, -58.431744436953196 -34.55174535624288)",Q270368,Arturo Umberto Illia,UCR,presidente
30280,AUTOPISTA ARTURO ILLIA,ARTURO ILLIA,Belgrano,Belgrano,Belgrano,13.0,AUTOPISTA,236.779390874547,"LINESTRING (-58.431744436953196 -34.55174535624288, -58.43226716553831 -34.55144149287365, -58.433009807113784 -34.55095869994436, -58.433844259871506 -34.550508246696864)",Q270368,Arturo Umberto Illia,UCR,presidente
30281,AUTOPISTA ARTURO ILLIA,ARTURO ILLIA,Palermo,Palermo,Palermo,14.0,AUTOPISTA,250.3437872985554,"LINESTRING (-58.40561359996582 -34.568382101624394, -58.40636667772025 -34.567888851213, -58.407740084128875 -34.566968611292204)",Q270368,Arturo Umberto Illia,UCR,presidente
30283,AUTOPISTA ARTURO ILLIA,ARTURO ILLIA,Palermo,Palermo,Palermo,14.0,BAJADA AUTOPISTA,155.586053265393,"LINESTRING (-58.40561359996582 -34.568382101624394, -58.405691847483034 -34.56800886935292, -58.40565859819162 -34.56775539923371, -58.405580736038466 -34.567571031946684, -58.405436048711884 -34.56735437510871, -58.405163250279564 -34.56711922409597)",Q270368,Arturo Umberto Illia,UCR,presidente
30297,AUTOPISTA ARTURO ILLIA,ARTURO ILLIA,Recoleta,Recoleta,Recoleta,2.0,SUBIDA AUTOPISTA,289.0714522362878,"LINESTRING (-58.394859301030564 -34.572417396333584, -58.395139912623584 -34.572685795330315, -58.39539275401509 -34.573045811446725, -58.395669481155565 -34.57321608712115, -58.39610443354153 -34.57336681896822, -58.396570957976145 -34.57337527121815, -58.3974547502434 -34.57312349796756)",Q270368,Arturo Umberto Illia,UCR,presidente
30302,AUTOPISTA ARTURO ILLIA,ARTURO ILLIA,Palermo,Palermo,Palermo,14.0,SUBIDA AUTOPISTA,373.1058268546582,"LINESTRING (-58.407862748355534 -34.567268177780505, -58.40741233010898 -34.56684201695018, -58.40713011793954 -34.56670909455145, -58.40689490111059 -34.56665861638466, -58.40665409958077 -34.56668140020674, -58.406532300936455 -34.56671339708007, -58.406438172546395 -34.56675456485257, -58.40634679143187 -34.566825497752966, -58.40629138509505 -34.566903315986146, -58.406258118418776 -34.566983434072554, -58.40625529447007 -34.56706585591051, -58.406263552143734 -34.56713225620067, -58.40630500160091 -34.56722843590805, -58.40634924224346 -34.56729027392137, -58.406429461209314 -34.567354418216624, -58.40651799423321 -34.56740253960202, -58.40665635494023 -34.56743694686171, -58.406783669816086 -34.56743471633906, -58.40697467685108 -34.567379855851705, -58.40719340807808 -34.56725403231628, -58.40747306718563 -34.56706870842906, -58.407740084128875 -34.566968611292204)",Q270368,Arturo Umberto Illia,UCR,presidente
30305,"PEDRAZA, MANUELA",MANUELA PEDRAZA,Coghlan,Coghlan,Coghlan,12.0,SENDERO,30.40018025113684,"LINESTRING (-58.48247543808477 -34.5603836888312, -58.48275093571485 -34.56053583170307)",Q6753047,Manuela Pedraza,Prócer,procer
30306,"JUSTO, JUAN B. AV.",JUAN B. JUSTO,Versalles,Versalles,Versalles,10.0,AVENIDA,120.2028212766326,"LINESTRING (-58.526918160178 -34.634682112629456, -58.52710930119556 -34.634644069881936, -58.528222443232686 -34.63468569797824)",Q6298935,Juan B. Justo,PS,politico
30308,"JUSTO, JUAN B. AV.",JUAN B. JUSTO,Liniers,Liniers,Liniers,9.0,AVENIDA,70.33746859810275,"LINESTRING (-58.52820403911602 -34.634841507084246, -58.52897044555487 -34.634815052740834)",Q6298935,Juan B. Justo,PS,politico
30309,"JUSTO, JUAN B. AV.",JUAN B. JUSTO,Versalles,Versalles,Versalles,10.0,AVENIDA,71.116011118557,"LINESTRING (-58.528222443232686 -34.63468569797824, -58.52872341714398 -34.63468243068886, -58.52899781614285 -34.63469053412939)",Q6298935,Juan B. Justo,PS,politico
30310,"JUSTO, JUAN B. AV.",JUAN B. JUSTO,Liniers,Liniers,Liniers,9.0,AVENIDA,243.866963105486,"LINESTRING (-58.52897044555487 -34.634815052740834, -58.53002261876507 -34.63478938802718, -58.5302832724176 -34.63478555394015, -58.53061301019022 -34.63486611158596, -58.53128050971411 -34.63488256202719, -58.5316102212515 -34.63492947566405)",Q6298935,Juan B. Justo,PS,politico
30313,"JUSTO, JUAN B. AV.",JUAN B. JUSTO,Versalles,Versalles,Versalles,10.0,AVENIDA,241.7892362639619,"LINESTRING (-58.52899781614285 -34.63469053412939, -58.52972560568984 -34.63469502735232, -58.5305558586311 -34.63465420275631, -58.5310971418522 -34.634616897613704, -58.53161802483118 -34.634519047107915)",Q6298935,Juan B. Justo,PS,politico
30328,PUENTE VICTORINO DE LA PLAZA,PUENTE VICTORINO DE LA PLAZA,,,,,PUENTE,151.8230759172158,"LINESTRING (-58.388318263392826 -34.659871688683104, -58.38818448702782 -34.661235770016)",Q599235,Victorino de la Plaza,Prócer,procer
30350,"GALLARDO, ANGEL AV.",ANGEL GALLARDO,,Caballito,Villa Crespo,,AVENIDA,31.44820275850462,"LINESTRING (-58.44528277802488 -34.607224628401575, -58.44560069856101 -34.607330748056626)",Q3815109,Ángel Gallardo,UCR,politico
30386,"DELLEPIANE, LUIS, TTE. GRAL.",LUIS DELLEPIANE,Villa Lugano,Villa Lugano,Villa Lugano,8.0,AVENIDA,179.353549516546,"LINESTRING (-58.484803257936974 -34.684891683803585, -58.484990722213105 -34.68492677508918, -58.48519602268205 -34.684975403678976, -58.485648324727464 -34.68496183823998, -58.48625648968783 -34.68487588125058, -58.48672613169789 -34.684787230921074)",Q126856409,Luis Dellepiane,UCR,politico
30390,"ALEM, LEANDRO N. AV.",LEANDRO N. ALEM,Retiro,Retiro,Retiro,1.0,AVENIDA,179.5828832336738,"LINESTRING (-58.37095763695479 -34.59838521858955, -58.37167133374414 -34.596877837076754)",Q2621980,Leandro N. Alem,Prócer,procer
30391,"ALEM, LEANDRO N. AV.",LEANDRO N. ALEM,Retiro,Retiro,Retiro,1.0,AVENIDA,88.40485571188152,"LINESTRING (-58.37167133374414 -34.596877837076754, -58.3720264198651 -34.59613700750771)",Q2621980,Leandro N. Alem,Prócer,procer
30392,"ALEM, LEANDRO N. AV.",LEANDRO N. ALEM,Retiro,Retiro,Retiro,1.0,AVENIDA,169.9911827222155,"LINESTRING (-58.3720264198651 -34.59613700750771, -58.3727017871853 -34.59471007392531)",Q2621980,Leandro N. Alem,Prócer,procer
30393,"ALEM, LEANDRO N. AV.",LEANDRO N. ALEM,Retiro,Retiro,Retiro,1.0,AVENIDA,167.661578650126,"LINESTRING (-58.3727017871853 -34.59471007392531, -58.372854895144606 -34.59444594242015, -58.37300799591811 -34.59418755516395, -58.37306712099148 -34.594112920934066, -58.373842227962754 -34.59356776800097)",Q2621980,Leandro N. Alem,Prócer,procer
30394,"ALEM, LEANDRO N. AV.",LEANDRO N. ALEM,Retiro,Retiro,Retiro,1.0,AVENIDA,102.9665119978072,"LINESTRING (-58.37335508255849 -34.59440394673869, -58.373842227962754 -34.59356776800097)",Q2621980,Leandro N. Alem,Prócer,procer
30395,"ALEM, LEANDRO N. AV.",LEANDRO N. ALEM,Retiro,Retiro,Retiro,1.0,AVENIDA,72.30789048031,"LINESTRING (-58.37303143139543 -34.59499825917609, -58.37335508255849 -34.59440394673869)",Q2621980,Leandro N. Alem,Prócer,procer
30396,"ALEM, LEANDRO N. AV.",LEANDRO N. ALEM,Retiro,Retiro,Retiro,1.0,AVENIDA,137.7807934092033,"LINESTRING (-58.37244680002485 -34.59614228443399, -58.37303143139543 -34.59499825917609)",Q2621980,Leandro N. Alem,Prócer,procer
30397,"ALEM, LEANDRO N. AV.",LEANDRO N. ALEM,Retiro,Retiro,Retiro,1.0,AVENIDA,121.3534075583987,"LINESTRING (-58.37202621181357 -34.59717942689441, -58.37244680002485 -34.59614228443399)",Q2621980,Leandro N. Alem,Prócer,procer
30398,"ALEM, LEANDRO N. AV.",LEANDRO N. ALEM,Retiro,Retiro,Retiro,1.0,AVENIDA,52.1235049286791,"LINESTRING (-58.37185113126861 -34.59762116090854, -58.37201559529522 -34.59730246677141, -58.37202621181357 -34.59717942689441)",Q2621980,Leandro N. Alem,Prócer,procer
30399,"ALEM, LEANDRO N. AV.",LEANDRO N. ALEM,Retiro,Retiro,Retiro,1.0,AVENIDA,94.45889000789248,"LINESTRING (-58.37148416673559 -34.598416724897355, -58.37185113126861 -34.59762116090854)",Q2621980,Leandro N. Alem,Prócer,procer
30405,"ALVEAR, MARCELO T. DE",MARCELO T. DE ALVEAR,Retiro,Retiro,Retiro,1.0,CALLE,17.54419772482999,"LINESTRING (-58.37225593693335 -34.59613233806398, -58.37244680002485 -34.59614228443399)",Q363586,Marcelo Torcuato de Alvear,UCR,presidente
30406,"ALEM, LEANDRO N. AV.",LEANDRO N. ALEM,San Nicolas,San Nicolas,San Nicolas,1.0,AVENIDA,146.4110878468436,"LINESTRING (-58.36994625028017 -34.60431117045978, -58.37009315456111 -34.602996991948196)",Q2621980,Leandro N. Alem,Prócer,procer
30407,"ALEM, LEANDRO N. AV.",LEANDRO N. ALEM,San Nicolas,San Nicolas,San Nicolas,1.0,AVENIDA,132.1683198450772,"LINESTRING (-58.37035886288971 -34.60420447324621, -58.3704125010713 -34.603013905923156)",Q2621980,Leandro N. Alem,Prócer,procer
30408,"ALEM, LEANDRO N. AV.",LEANDRO N. ALEM,San Nicolas,San Nicolas,San Nicolas,1.0,AVENIDA,124.3303952140068,"LINESTRING (-58.37009315456111 -34.602996991948196, -58.37019504637425 -34.6018794226824)",Q2621980,Leandro N. Alem,Prócer,procer
30409,"ALEM, LEANDRO N. AV.",LEANDRO N. ALEM,San Nicolas,San Nicolas,San Nicolas,1.0,AVENIDA,124.3277564198603,"LINESTRING (-58.3704125010713 -34.603013905923156, -58.37048800135386 -34.60189492925039)",Q2621980,Leandro N. Alem,Prócer,procer
30410,"ALEM, LEANDRO N. AV.",LEANDRO N. ALEM,San Nicolas,San Nicolas,San Nicolas,1.0,AVENIDA,138.8586838927409,"LINESTRING (-58.37019504637425 -34.6018794226824, -58.370356390894905 -34.600634851198095)",Q2621980,Leandro N. Alem,Prócer,procer
30411,"ALEM, LEANDRO N. AV.",LEANDRO N. ALEM,San Nicolas,San Nicolas,San Nicolas,1.0,AVENIDA,136.9857818873222,"LINESTRING (-58.37048800135386 -34.60189492925039, -58.370621796211694 -34.60066507618919)",Q2621980,Leandro N. Alem,Prócer,procer
30412,"ALEM, LEANDRO N. AV.",LEANDRO N. ALEM,San Nicolas,San Nicolas,San Nicolas,1.0,AVENIDA,128.5305118200092,"LINESTRING (-58.370356390894905 -34.600634851198095, -58.370639784354836 -34.599500195929785)",Q2621980,Leandro N. Alem,Prócer,procer
30413,"ALEM, LEANDRO N. AV.",LEANDRO N. ALEM,San Nicolas,San Nicolas,San Nicolas,1.0,AVENIDA,129.3804715268329,"LINESTRING (-58.370621796211694 -34.60066507618919, -58.370931385629646 -34.59952725660271)",Q2621980,Leandro N. Alem,Prócer,procer
30414,"ALEM, LEANDRO N. AV.",LEANDRO N. ALEM,San Nicolas,San Nicolas,San Nicolas,1.0,AVENIDA,127.0813142888531,"LINESTRING (-58.370639784354836 -34.599500195929785, -58.37095763695479 -34.59838521858955)",Q2621980,Leandro N. Alem,Prócer,procer
30415,"ALEM, LEANDRO N. AV.",LEANDRO N. ALEM,San Nicolas,San Nicolas,San Nicolas,1.0,AVENIDA,127.87240439273,"LINESTRING (-58.370931385629646 -34.59952725660271, -58.37116921523868 -34.59856907970419, -58.3711699968507 -34.598394562743884)",Q2621980,Leandro N. Alem,Prócer,procer
30416,"PERON, JUAN DOMINGO, TTE. GENERAL",JUAN DOMINGO PERON,San Nicolas,San Nicolas,San Nicolas,1.0,CALLE,19.0328649715962,"LINESTRING (-58.369851157537944 -34.60533130619963, -58.37005768977499 -34.60534778783966)",Q93330,Juan Domingo Perón,PJ,presidente
30417,"PERON, JUAN DOMINGO, TTE. GENERAL",JUAN DOMINGO PERON,San Nicolas,San Nicolas,San Nicolas,1.0,CALLE,20.23678586303302,"LINESTRING (-58.37005768977499 -34.60534778783966, -58.37027770634278 -34.60536123491191)",Q93330,Juan Domingo Perón,PJ,presidente
30428,"ALEM, LEANDRO N. AV.",LEANDRO N. ALEM,San Nicolas,San Nicolas,San Nicolas,1.0,AVENIDA,66.84769557200526,"LINESTRING (-58.370263344572486 -34.605963696933884, -58.37027770634278 -34.60536123491191)",Q2621980,Leandro N. Alem,Prócer,procer
30429,"ALEM, LEANDRO N. AV.",LEANDRO N. ALEM,San Nicolas,San Nicolas,San Nicolas,1.0,AVENIDA,62.03435483335327,"LINESTRING (-58.37025704891002 -34.606522863239825, -58.370263344572486 -34.605963696933884)",Q2621980,Leandro N. Alem,Prócer,procer
30430,"ALEM, LEANDRO N. AV.",LEANDRO N. ALEM,San Nicolas,San Nicolas,San Nicolas,1.0,AVENIDA,137.8556127462936,"LINESTRING (-58.36918898685305 -34.606355620487705, -58.369468747393114 -34.60619567387542, -58.36960155839349 -34.6060831402303, -58.36972908464254 -34.605950123164895, -58.369814222135254 -34.60575417302683, -58.36985331477028 -34.60560060881185, -58.369851157537944 -34.60533130619963)",Q2621980,Leandro N. Alem,Prócer,procer
30431,"ALEM, LEANDRO N. AV.",LEANDRO N. ALEM,San Nicolas,San Nicolas,San Nicolas,1.0,AVENIDA,87.6217577962062,"LINESTRING (-58.36950276184383 -34.60639885115214, -58.36986421192505 -34.60630450224604, -58.370018944077444 -34.60619755855896, -58.37015178700903 -34.60605576830976, -58.370263344572486 -34.605963696933884)",Q2621980,Leandro N. Alem,Prócer,procer
30432,"ALEM, LEANDRO N. AV.",LEANDRO N. ALEM,San Nicolas,San Nicolas,San Nicolas,1.0,AVENIDA,136.3264065412911,"LINESTRING (-58.36950276184383 -34.60639885115214, -58.36974131122546 -34.606182033019145, -58.36985176664458 -34.60603060525011, -58.36995030828148 -34.60587568974567, -58.369985918126254 -34.60567238757418, -58.369984369919266 -34.60547490817867, -58.369851157537944 -34.60533130619963)",Q2621980,Leandro N. Alem,Prócer,procer
30433,"ALEM, LEANDRO N. AV.",LEANDRO N. ALEM,San Nicolas,San Nicolas,San Nicolas,1.0,AVENIDA,134.4685457632109,"LINESTRING (-58.37020236573166 -34.60652902798256, -58.37022068042525 -34.60631972421439, -58.370224394519695 -34.60598999765382, -58.37021420419646 -34.60560966148586, -58.37005768977499 -34.60534778783966)",Q2621980,Leandro N. Alem,Prócer,procer
30434,"ALEM, LEANDRO N. AV.",LEANDRO N. ALEM,,Monserrat,San Nicolas,,AVENIDA,76.1323914250089,"LINESTRING (-58.370379006159645 -34.60719912059655, -58.37033101250544 -34.60699403843193, -58.37022805361328 -34.60665933700879, -58.37020236573166 -34.60652902798256)",Q2621980,Leandro N. Alem,Prócer,procer
30435,"MITRE, BARTOLOME",BARTOLOME MITRE,,Monserrat,San Nicolas,,CALLE,34.93969238910481,"LINESTRING (-58.369905507886315 -34.60633657207657, -58.370060420804194 -34.60640931020534, -58.37020236573166 -34.60652902798256)",Q314362,Bartolomé Mitre,Prócer,procer
30442,"ALEM, LEANDRO N. AV.",LEANDRO N. ALEM,Retiro,Retiro,Retiro,1.0,AVENIDA,101.7985278422362,"LINESTRING (-58.37148416673559 -34.598416724897355, -58.37139791500875 -34.598265860210184, -58.371493719826695 -34.598021745451035, -58.371535141792634 -34.597869159805214, -58.37162238436554 -34.59753922747882)",Q2621980,Leandro N. Alem,Prócer,procer
30444,AUTOPISTA ARTURO ILLIA,ARTURO ILLIA,Retiro,Retiro,Retiro,1.0,AUTOPISTA,468.2575677021889,"LINESTRING (-58.38183574020843 -34.591592346941525, -58.3818232709961 -34.590595850273566, -58.38174857904251 -34.590077554821654, -58.38163151110166 -34.58951617667727, -58.38151047754297 -34.58906801245928, -58.38133166286285 -34.588557619808725, -58.380881549922805 -34.587477770884504)",Q270368,Arturo Umberto Illia,UCR,presidente
30446,AUTOPISTA ARTURO ILLIA,ARTURO ILLIA,Retiro,Retiro,Retiro,1.0,SUBIDA AUTOPISTA,299.241718903349,"LINESTRING (-58.37959257868504 -34.589683025677864, -58.379795221701684 -34.58949500148183, -58.38019265853973 -34.589287619180105, -58.38049787513752 -34.58911291493209, -58.380648676036415 -34.588995674749704, -58.380768350640686 -34.588863403768364, -58.380851404784906 -34.58871675651227, -58.38091132755219 -34.58856371517339, -58.380944264406736 -34.58840268258207, -58.38095216247974 -34.58821452484628, -58.3809140693455 -34.58773930764054, -58.380881549922805 -34.587477770884504)",Q270368,Arturo Umberto Illia,UCR,presidente
30447,"ALEM, LEANDRO N. AV.",LEANDRO N. ALEM,San Nicolas,San Nicolas,San Nicolas,1.0,AVENIDA,113.5054030086876,"LINESTRING (-58.369851157537944 -34.60533130619963, -58.36994625028017 -34.60431117045978)",Q2621980,Leandro N. Alem,Prócer,procer
30448,"ALEM, LEANDRO N. AV.",LEANDRO N. ALEM,San Nicolas,San Nicolas,San Nicolas,1.0,AVENIDA,128.5422162487743,"LINESTRING (-58.37027770634278 -34.60536123491191, -58.37035886288971 -34.60420447324621)",Q2621980,Leandro N. Alem,Prócer,procer
30450,AUTOPISTA ARTURO ILLIA,ARTURO ILLIA,Retiro,Retiro,Retiro,1.0,AUTOPISTA,1848.544726890888,"LINESTRING (-58.38102629181998 -34.58734073273388, -58.380868887753564 -34.58705324863186, -58.38059448707176 -34.58652320703503, -58.3801883966614 -34.58578781926865, -58.38007294890254 -34.585551739360746, -58.37997104900801 -34.58526464128893, -58.379936543354674 -34.58506529234191, -58.379919386944685 -34.58486914443913, -58.37992542105957 -34.58461879586359, -58.37994681241227 -34.5844354311038, -58.37997780395909 -34.58429193797154, -58.38007638235234 -34.58404165251017, -58.380176831001805 -34.58384877395524, -58.38030426803692 -34.58365910287395, -58.38046834118541 -34.5834646727125, -58.3807905704241 -34.583208159806645, -58.38110264430271 -34.58301101002731, -58.38170187139783 -34.58267816642088, -58.382214275795754 -34.58239354444738, -58.383330650071876 -34.58176650122398, -58.384215495701234 -34.58126536566623, -58.38520988941748 -34.58076175573762, -58.38619388223194 -34.580291105713236, -58.38712386051256 -34.579842471042596, -58.38798353719516 -34.57934749002178, -58.38850626671268 -34.57900961399173, -58.389123589037126 -34.578603507745804, -58.390267608796556 -34.57770802960206, -58.39100070404172 -34.57712324592033, -58.391506171196596 -34.576693000825905, -58.39190168540707 -34.576334446586884, -58.39243411913647 -34.575920159415155)",Q270368,Arturo Umberto Illia,UCR,presidente
30452,AUTOPISTA ARTURO ILLIA,ARTURO ILLIA,Retiro,Retiro,Retiro,1.0,BAJADA AUTOPISTA,391.0173497127216,"LINESTRING (-58.38450306121522 -34.58688856531617, -58.384094065432876 -34.58714503158504, -58.38257393938672 -34.58796844502183, -58.38235598972896 -34.58804484157271, -58.38214580635248 -34.58806543181648, -58.38198964240123 -34.588052571052145, -58.38184121580772 -34.58801420161535, -58.38171787181162 -34.587958308141964, -58.38158874368197 -34.58790241067094, -58.38143268490517 -34.587782710904825, -58.38121311237377 -34.58754815685762, -58.38102629181998 -34.58734073273388)",Q270368,Arturo Umberto Illia,UCR,presidente
30453,AUTOPISTA ARTURO ILLIA,ARTURO ILLIA,Palermo,Palermo,Palermo,14.0,SUBIDA AUTOPISTA,354.823271939936,"LINESTRING (-58.39988908329476 -34.5710091168742, -58.400143496577954 -34.571234806178175, -58.40030272871444 -34.571285791340706, -58.40049094637857 -34.57130085976783, -58.40077332791979 -34.571250101858034, -58.4011173279132 -34.57108858607282, -58.40164241461629 -34.57079241798535, -58.40226890099797 -34.570427429748044, -58.40248979075804 -34.57031076277056, -58.40317648353162 -34.5699955954316)",Q270368,Arturo Umberto Illia,UCR,presidente
30456,AUTOPISTA DR. RICARDO BALBIN,RICARDO BALBIN,,,,,AUTOPISTA,128.8969880207619,"LINESTRING (-58.353547037464 -34.63655116363352, -58.353522056396876 -34.636706197294544, -58.35349352026097 -34.63687293009572, -58.3534472514932 -34.63706597720147, -58.3533974236452 -34.63727364901271, -58.35332276443056 -34.63752225662797, -58.353269450496455 -34.63768896700787)",Q7322551,Ricardo Balbín,UCR,politico
30457,AUTOPISTA DR. RICARDO BALBIN,RICARDO BALBIN,,,,,AUTOPISTA,129.790483748939,"LINESTRING (-58.3533825009744 -34.6365115200241, -58.35334510418233 -34.63668702157254, -58.35327740662743 -34.63702486587752, -58.353195617880246 -34.63731149962791, -58.35309605325495 -34.6376566289908)",Q7322551,Ricardo Balbín,UCR,politico
30474,"BEIRO, FRANCISCO AV.",FRANCISCO BEIRO,Villa Devoto,Villa Devoto,Villa Devoto,11.0,AVENIDA,10.02332806626727,"LINESTRING (-58.50828944572857 -34.6036906063992, -58.508377351992415 -34.603744273064216)",Q5865215,Francisco Beiró,UCR,politico
30499,"ACOSTA, MARIANO",MARIANO ACOSTA,Villa Soldati,Villa Soldati,Villa Soldati,8.0,CALLE,277.834016763274,"LINESTRING (-58.45469612980282 -34.655728543782445, -58.45249528890441 -34.65745037852854)",Q3847746,Mariano Acosta,Prócer,procer
30500,SIN NOMBRE OFICIAL (MARIANO ACOSTA 2500),SIN NOMBRE OFICIAL (MARIANO ACOSTA 2500),Villa Soldati,Villa Soldati,Villa Soldati,8.0,CALLE,223.9900533989594,"LINESTRING (-58.45298743691022 -34.6542955903489, -58.45309425568662 -34.65437550699979, -58.453312861513545 -34.65457950543243, -58.45457163677175 -34.65567818170546, -58.45469612980282 -34.655728543782445)",Q3847746,Mariano Acosta,Prócer,procer
30501,SIN NOMBRE OFICIAL (MARIANO ACOSTA 2500),SIN NOMBRE OFICIAL (MARIANO ACOSTA 2500),Villa Soldati,Villa Soldati,Villa Soldati,8.0,CALLE,223.4074198291896,"LINESTRING (-58.4530607189357 -34.654242085207045, -58.453185942543364 -34.65434928859627, -58.45462806474891 -34.65561699164401, -58.45469612980282 -34.655728543782445)",Q3847746,Mariano Acosta,Prócer,procer
30513,SIN NOMBRE OFICIAL (MARIANO ACOSTA 2500),SIN NOMBRE OFICIAL (MARIANO ACOSTA 2500),Villa Soldati,Villa Soldati,Villa Soldati,8.0,CALLE,8.684221584923568,"LINESTRING (-58.452919753887926 -34.65424082156148, -58.45298743691022 -34.6542955903489)",Q3847746,Mariano Acosta,Prócer,procer
30514,SIN NOMBRE OFICIAL (MARIANO ACOSTA 2500),SIN NOMBRE OFICIAL (MARIANO ACOSTA 2500),Villa Soldati,Villa Soldati,Villa Soldati,8.0,CALLE,9.05925371923687,"LINESTRING (-58.45298640882275 -34.654188254694525, -58.4530607189357 -34.654242085207045)",Q3847746,Mariano Acosta,Prócer,procer
30515,"MITRE, BARTOLOME",BARTOLOME MITRE,San Nicolas,San Nicolas,San Nicolas,1.0,CALLE,104.1973178088659,"LINESTRING (-58.3881388465497 -34.60773633428396, -58.38916103517896 -34.607807545566416, -58.38927081602548 -34.60781507711878)",Q314362,Bartolomé Mitre,Prócer,procer
30516,"CHILAVERT, MARTINIANO, CORONEL",MARTINIANO CHILAVERT,Villa Lugano,Villa Lugano,Villa Lugano,8.0,CALLE,43.03826651648676,"LINESTRING (-58.46734202898279 -34.6789416522743, -58.46766492705938 -34.67922334395007)",Q6002386,Martiniano Chilavert,Prócer,procer
30517,"CHILAVERT, MARTINIANO, CORONEL",MARTINIANO CHILAVERT,Villa Lugano,Villa Lugano,Villa Lugano,8.0,CALLE,55.73801083727243,"LINESTRING (-58.46766492705938 -34.67922334395007, -58.46798554549825 -34.67950304415539, -58.46808298657883 -34.67958825184538)",Q6002386,Martiniano Chilavert,Prócer,procer
30542,PASAJE HEBE SAN MARTIN DE DUPRAT,HEBE SAN MARTIN DE DUPRAT,Villa Lugano,Villa Lugano,Villa Lugano,8.0,PASAJE,102.0485276204014,"LINESTRING (-58.46803090447908 -34.67651867193334, -58.46876003255955 -34.677213894909066)",Q134160,José de San Martín,Prócer,procer
30546,"CHILAVERT, MARTINIANO, CORONEL",MARTINIANO CHILAVERT,Villa Lugano,Villa Lugano,Villa Lugano,8.0,CALLE,27.27646342786444,"LINESTRING (-58.462196488903196 -34.67198268458937, -58.46236223510238 -34.672186894897436)",Q6002386,Martiniano Chilavert,Prócer,procer
30547,"CHILAVERT, MARTINIANO, CORONEL",MARTINIANO CHILAVERT,Villa Lugano,Villa Lugano,Villa Lugano,8.0,CALLE,90.29055441346706,"LINESTRING (-58.46328625374056 -34.673407924780975, -58.46381963587375 -34.67409219902762)",Q6002386,Martiniano Chilavert,Prócer,procer
30548,"CHILAVERT, MARTINIANO, CORONEL",MARTINIANO CHILAVERT,Villa Lugano,Villa Lugano,Villa Lugano,8.0,CALLE,105.8265973141687,"LINESTRING (-58.46381963587375 -34.67409219902762, -58.464385902438345 -34.67492353849259)",Q6002386,Martiniano Chilavert,Prócer,procer
30549,"CHILAVERT, MARTINIANO, CORONEL",MARTINIANO CHILAVERT,Villa Lugano,Villa Lugano,Villa Lugano,8.0,CALLE,46.66904139219989,"LINESTRING (-58.464385902438345 -34.67492353849259, -58.46462040136712 -34.67529695426259)",Q6002386,Martiniano Chilavert,Prócer,procer
30550,"CHILAVERT, MARTINIANO, CORONEL",MARTINIANO CHILAVERT,Villa Lugano,Villa Lugano,Villa Lugano,8.0,CALLE,103.5519259672078,"LINESTRING (-58.46462040136712 -34.67529695426259, -58.4652012004749 -34.67609761339353)",Q6002386,Martiniano Chilavert,Prócer,procer
30551,"CHILAVERT, MARTINIANO, CORONEL",MARTINIANO CHILAVERT,Villa Lugano,Villa Lugano,Villa Lugano,8.0,CALLE,114.693773476193,"LINESTRING (-58.4652012004749 -34.67609761339353, -58.465811369967724 -34.677000258694164)",Q6002386,Martiniano Chilavert,Prócer,procer
30592,"ALVAREZ, DONATO, TTE. GRAL.",DONATO ALVAREZ,,Flores,Caballito,,CALLE,18.19720597961056,"LINESTRING (-58.457225117765425 -34.61868950149223, -58.457295235066304 -34.61853605234435)",Q606183,Donato Álvarez,Prócer,procer
30697,"ACOSTA, MARIANO",MARIANO ACOSTA,Flores,Flores,Flores,7.0,CALLE,62.09111585354416,"LINESTRING (-58.461971709202366 -34.65014731716172, -58.46191397811534 -34.65031420833884, -58.4617610126113 -34.65044777022692, -58.461582327636954 -34.6505859338397)",Q3847746,Mariano Acosta,Prócer,procer
30754,"ACOSTA, MARIANO",MARIANO ACOSTA,Villa Soldati,Villa Soldati,Villa Soldati,8.0,CALLE,122.7529999620562,"LINESTRING (-58.45468946524225 -34.65594754021548, -58.4537164555034 -34.656707729593165)",Q3847746,Mariano Acosta,Prócer,procer
30800,"ACOSTA, MARIANO",MARIANO ACOSTA,Villa Soldati,Villa Soldati,Villa Soldati,8.0,CALLE,144.8851133407969,"LINESTRING (-58.45215338430372 -34.657929218294065, -58.45111754853606 -34.65874243945805, -58.45100350562537 -34.65882510454983)",Q3847746,Mariano Acosta,Prócer,procer
30831,"DELLEPIANE, LUIS, TTE. GRAL.",LUIS DELLEPIANE,Villa Lugano,Villa Lugano,Villa Lugano,8.0,AVENIDA,109.1734958537715,"LINESTRING (-58.47164763396013 -34.662222333085026, -58.47183830075725 -34.66266361588179, -58.47202619646731 -34.66315522483875)",Q126856409,Luis Dellepiane,UCR,politico
30842,SAN MARTIN AV.,SAN MARTIN,Agronomia,Agronomia,Agronomia,15.0,AVENIDA,45.85331229931074,"LINESTRING (-58.5026617498978 -34.59466259199778, -58.50287688417444 -34.594566164720874, -58.50295247091161 -34.59454033008626, -58.50302946276027 -34.59455234975603, -58.503123783724014 -34.59454314208804)",Q134160,José de San Martín,Prócer,procer
30843,SAN MARTIN AV.,SAN MARTIN,Villa Devoto,Villa Devoto,Villa Devoto,11.0,AVENIDA,45.4034431399228,"LINESTRING (-58.502956962618114 -34.59474939778188, -58.50311624507067 -34.59470070343674, -58.503284566343176 -34.594643462109445, -58.503414933965544 -34.59459466691878)",Q134160,José de San Martín,Prócer,procer
30844,SAN MARTIN AV.,SAN MARTIN,Villa Devoto,Villa Devoto,Villa Devoto,11.0,AVENIDA,25.64993963197334,"LINESTRING (-58.50270067442017 -34.594841816213815, -58.502956962618114 -34.59474939778188)",Q134160,José de San Martín,Prócer,procer
30845,SAN MARTIN AV.,SAN MARTIN,Villa Devoto,Villa Devoto,Villa Devoto,11.0,AVENIDA,54.18233556215264,"LINESTRING (-58.50179166813166 -34.59510077730455, -58.5020006105616 -34.59510056120926, -58.50234864551536 -34.59497100937927)",Q134160,José de San Martín,Prócer,procer
30846,SAN MARTIN AV.,SAN MARTIN,Agronomia,Agronomia,Agronomia,15.0,SENDERO,40.03660376107365,"LINESTRING (-58.503123783724014 -34.59454314208804, -58.503255854523324 -34.59451419496943, -58.50338572715022 -34.59446753666687, -58.503542492957564 -34.594450061021995)",Q134160,José de San Martín,Prócer,procer
30847,SAN MARTIN AV.,SAN MARTIN,Villa Devoto,Villa Devoto,Villa Devoto,11.0,AVENIDA,54.79903747742077,"LINESTRING (-58.503542492957564 -34.594450061021995, -58.50352717064068 -34.59434255135648, -58.50357986511885 -34.59430812051081, -58.50395155817833 -34.594187550131934)",Q134160,José de San Martín,Prócer,procer
30848,SAN MARTIN AV.,SAN MARTIN,Villa Devoto,Villa Devoto,Villa Devoto,11.0,AVENIDA,115.7529394490352,"LINESTRING (-58.50395155817833 -34.594187550131934, -58.50487382849172 -34.59384195764697, -58.50512172830319 -34.59386304150698)",Q134160,José de San Martín,Prócer,procer
30849,SAN MARTIN AV.,SAN MARTIN,Villa Devoto,Villa Devoto,Villa Devoto,11.0,AVENIDA,91.69453273031392,"LINESTRING (-58.50425467958426 -34.59425512859042, -58.50496288372148 -34.593993419789975, -58.50512172830319 -34.59386304150698)",Q134160,José de San Martín,Prócer,procer
30850,SAN MARTIN AV.,SAN MARTIN,Villa Devoto,Villa Devoto,Villa Devoto,11.0,AVENIDA,70.4721102252425,"LINESTRING (-58.503542492957564 -34.594450061021995, -58.50378522985628 -34.59445029486584, -58.50425467958426 -34.59425512859042)",Q134160,José de San Martín,Prócer,procer
30853,SAN MARTIN AV.,SAN MARTIN,Agronomia,Agronomia,Agronomia,15.0,AVENIDA,96.9051677968893,"LINESTRING (-58.50179166813166 -34.59510077730455, -58.50184210000493 -34.59498634016411, -58.50259587725863 -34.59469760024725, -58.5026617498978 -34.59466259199778)",Q134160,José de San Martín,Prócer,procer
30864,"ALVAREZ, CRISOSTOMO",CRISOSTOMO ALVAREZ,Parque Avellaneda,Parque Avellaneda,Parque Avellaneda,9.0,CALLE,53.76210409145963,"LINESTRING (-58.47284169761383 -34.65989215649647, -58.47320823858174 -34.66027047113702)",Q6299540,Juan Crisóstomo Álvarez,Prócer,procer
30883,"GRANDOLI, MARTIN",MARTIN GRANDOLI,Villa Lugano,Villa Lugano,Villa Lugano,8.0,CALLE,81.45690913878911,"LINESTRING (-58.4893598019772 -34.67084194129559, -58.48945482403694 -34.67091462179072, -58.4901195204598 -34.67121775388815)",Q65048286,Martín Grandoli,Prócer,procer
30884,"PERON, EVA AV.",EVA PERON,,Villa Lugano,Mataderos,,AVENIDA,82.96008202917061,"LINESTRING (-58.492907959832465 -34.66720400652913, -58.49345732620085 -34.66779830808796)",Q40933,Eva Perón,PJ,politico
30940,"PERON, EVA AV.",EVA PERON,,Villa Lugano,Mataderos,,AVENIDA,16.72323093497403,"LINESTRING (-58.49897901105918 -34.67254470763719, -58.49912585008134 -34.67263418732278)",Q40933,Eva Perón,PJ,politico
30953,"MERCADER, EMIR",EMIR MERCADER,Villa Urquiza,Villa Urquiza,Villa Urquiza,12.0,CALLE,47.99459859206049,"LINESTRING (-58.48335720481469 -34.5615565553786, -58.48382252609037 -34.56175399285266)",Q27974930,Emir Mercader,UCR,politico
30977,ALVAREZ THOMAS AV.,ALVAREZ THOMAS,Villa Urquiza,Villa Urquiza,Villa Urquiza,12.0,AVENIDA,40.05844844631624,"LINESTRING (-58.4846455755525 -34.57044276340732, -58.4849653997829 -34.57019700199902)",Q2511066,Ignacio Álvarez Thomas,Prócer,procer
31053,"PERETTE, CARLOS H.",CARLOS H. PERETTE,Retiro,Retiro,Retiro,1.0,CALLE,103.6010041727159,"LINESTRING (-58.376379495868626 -34.58378885681468, -58.377216966500036 -34.58330634421255, -58.37730734148567 -34.58325669002735)",Q5042195,Carlos Humberto Perette,UCR,politico
31089,"BEIRO, FRANCISCO AV.",FRANCISCO BEIRO,Agronomia,Agronomia,Agronomia,15.0,AVENIDA,84.48179718114956,"LINESTRING (-58.49201006130202 -34.59363069999991, -58.49274587487659 -34.59408859897212)",Q5865215,Francisco Beiró,UCR,politico
31090,"BEIRO, FRANCISCO AV.",FRANCISCO BEIRO,Agronomia,Agronomia,Agronomia,15.0,AVENIDA,130.5194514525526,"LINESTRING (-58.48859330461209 -34.5915324067974, -58.48973666117512 -34.59223252838094)",Q5865215,Francisco Beiró,UCR,politico
31091,"BEIRO, FRANCISCO AV.",FRANCISCO BEIRO,Agronomia,Agronomia,Agronomia,15.0,AVENIDA,480.0645729786946,"LINESTRING (-58.48859330461209 -34.5915324067974, -58.489339961331666 -34.592221643122464, -58.48953622745875 -34.59241270166336, -58.489837145665035 -34.59262897648062, -58.49025144207353 -34.592884887583914, -58.49096664646135 -34.593302983943275, -58.49126319290069 -34.59346517089156, -58.49166002957529 -34.59364175611027, -58.49274587487659 -34.59408859897212)",Q5865215,Francisco Beiró,UCR,politico
31101,"ALEM, LEANDRO N. AV.",LEANDRO N. ALEM,Retiro,Retiro,Retiro,1.0,AVENIDA,106.2469668512029,"LINESTRING (-58.3711699968507 -34.598394562743884, -58.37154456683022 -34.598005770558984, -58.37185113126861 -34.59762116090854)",Q2621980,Leandro N. Alem,Prócer,procer
31110,"ANCHORENA, TOMAS MANUEL DE, DR.",TOMAS MANUEL DE ANCHORENA,Recoleta,Recoleta,Recoleta,2.0,CALLE,38.70079222394374,"LINESTRING (-58.40013684412486 -34.58935825640415, -58.40009269491674 -34.589292304403415, -58.399924060165446 -34.5891665100589, -58.39983042670728 -34.589129890906804)",Q1443439,Tomás Manuel de Anchorena,Prócer,procer
31111,"ANCHORENA, TOMAS MANUEL DE, DR.",TOMAS MANUEL DE ANCHORENA,Recoleta,Recoleta,Recoleta,2.0,CALLE,17.83824009504364,"LINESTRING (-58.40013684412486 -34.58935825640415, -58.39994245386166 -34.58935495629589)",Q1443439,Tomás Manuel de Anchorena,Prócer,procer
31122,"RABANAL, FRANCISCO, INTENDENTE AV.",FRANCISCO RABANAL,Nueva Pompeya,Nueva Pompeya,Nueva Pompeya,4.0,AVENIDA,10.25005291362488,"LINESTRING (-58.42322013379454 -34.657398424499505, -58.42331700866572 -34.65744456286735)",Q5483842,Francisco Rabanal,UCR,politico
31145,"ALBERDI, JUAN BAUTISTA AV.",JUAN BAUTISTA ALBERDI,Mataderos,Mataderos,Mataderos,9.0,AVENIDA,38.39445554518604,"LINESTRING (-58.511987576803506 -34.65882735534558, -58.512322377073325 -34.65903530743552)",Q722738,Juan Bautista Alberdi,Prócer,procer
31155,"SALGUERO, JERONIMO",JERONIMO SALGUERO,Recoleta,Recoleta,Recoleta,2.0,CALLE,103.6636102772078,"LINESTRING (-58.39896871363739 -34.57070960837168, -58.39903103747705 -34.57046798346456, -58.39907323903893 -34.57040144147892, -58.39914991789592 -34.57034759628726, -58.39923807305166 -34.57031911472471, -58.39936067908353 -34.57033819668707, -58.39943726406832 -34.57040797010582, -58.39950617339739 -34.57049358807138, -58.399635519905 -34.570599361615855)",Q11684757,Jerónimo Salguero,Prócer,procer
31211,"URIBURU, NAPOLEON, GRAL.",NAPOLEON URIBURU,Villa Lugano,Villa Lugano,Villa Lugano,8.0,CALLE,19.22361339092783,"LINESTRING (-58.464619436126334 -34.68457667094878, -58.464695137585075 -34.684738277562666)",Q6037980,Napoleón Uriburu,Prócer,procer
31217,"RAMIREZ, CEFERINO, COMODORO",CEFERINO RAMIREZ,Villa Lugano,Villa Lugano,Villa Lugano,8.0,CALLE,28.75179705270435,"LINESTRING (-58.46278158361806 -34.68605421873796, -58.462892234001664 -34.6862967378188)",Q5759989,Ceferino Ramírez,Prócer,procer
31222,"ALSINA, VALENTIN AV.",VALENTIN ALSINA,Palermo,Palermo,Palermo,14.0,AVENIDA,358.2117782577244,"LINESTRING (-58.434959685692874 -34.56179257005878, -58.4347804840201 -34.56176220313715, -58.434472093265065 -34.56170801153725, -58.43381793367925 -34.56158930846033, -58.43345970675246 -34.56151706227313, -58.433272804533246 -34.56148351408346, -58.43289275905325 -34.56144734142818, -58.432543862479406 -34.56142148398997, -58.43206412461075 -34.561400747142436, -58.43141303686964 -34.561413467899555, -58.43133514645211 -34.56143921966871, -58.43130708129525 -34.561513950544935, -58.431292789838196 -34.56162271640699)",Q7911084,Valentín Alsina,Prócer,procer
31235,"CASTRO, EMILIO AV.",EMILIO CASTRO,,Mataderos,Liniers,,AVENIDA,36.87674054881976,"LINESTRING (-58.50615294635799 -34.647638558483465, -58.50650275294944 -34.64780264508688)",Q5402382,Emilio Castro,Prócer,procer
31257,"BEIRO, FRANCISCO AV.",FRANCISCO BEIRO,Agronomia,Agronomia,Agronomia,15.0,AVENIDA,260.368957097272,"LINESTRING (-58.490299432216055 -34.59297141327881, -58.49035178499517 -34.593065149343204, -58.490587277565986 -34.5931985062483, -58.49106699755887 -34.59350127354361, -58.4912719564451 -34.59359136794668, -58.49216590443804 -34.59390845596709, -58.49274587487659 -34.59408859897212)",Q5865215,Francisco Beiró,UCR,politico
31258,"BEIRO, FRANCISCO AV.",FRANCISCO BEIRO,Agronomia,Agronomia,Agronomia,15.0,AVENIDA,251.6328305677835,"LINESTRING (-58.48859330461209 -34.5915324067974, -58.48873104236189 -34.59177466900742, -58.489169365117384 -34.592199144684365, -58.48938198410589 -34.592399214149715, -58.489509553034715 -34.592510061140445, -58.489728700687806 -34.59266956455234, -58.48984644963517 -34.59274796215731, -58.48995437613489 -34.59278850210509, -58.49037295164347 -34.592796520705434, -58.49049721546065 -34.59279649246349, -58.49062722516749 -34.59277563987583)",Q5865215,Francisco Beiró,UCR,politico
31262,"BEIRO, FRANCISCO AV.",FRANCISCO BEIRO,Agronomia,Agronomia,Agronomia,15.0,AVENIDA,81.05002420512882,"LINESTRING (-58.49113662022745 -34.59309020880507, -58.49087061460901 -34.59298209982907, -58.49067875499259 -34.59294248138768, -58.49039098325678 -34.592935335647915, -58.490299432216055 -34.59297141327881)",Q5865215,Francisco Beiró,UCR,politico
31266,"MOREAU DE JUSTO, ALICIA AV.",ALICIA MOREAU DE JUSTO,Puerto Madero,Puerto Madero,Puerto Madero,1.0,AVENIDA,134.2689594487734,"LINESTRING (-58.36628221465843 -34.61091996074294, -58.366196705666795 -34.61171221965687, -58.36619144263852 -34.61180262090342, -58.366206760050744 -34.61193653548242, -58.36629483631195 -34.61211192055326)",Q518850,Alicia Moreau de Justo,PS,politico
31268,"MOREAU DE JUSTO, ALICIA AV.",ALICIA MOREAU DE JUSTO,Puerto Madero,Puerto Madero,Puerto Madero,1.0,AVENIDA,130.3268091877345,"LINESTRING (-58.36563380576357 -34.619196325828256, -58.365497235113715 -34.620365677970405)",Q518850,Alicia Moreau de Justo,PS,politico
31271,"SANCHEZ DE THOMPSON, MARIQUITA",MARIQUITA SANCHEZ DE THOMPSON,Puerto Madero,Puerto Madero,Puerto Madero,1.0,SENDERO,74.2491090858861,"LINESTRING (-58.367854950117504 -34.599230290623154, -58.36704628521314 -34.59920202207308)",Q6553420,Mariquita Sánchez de Thompson,Prócer,procer
31274,"SANCHEZ DE THOMPSON, MARIQUITA",MARIQUITA SANCHEZ DE THOMPSON,Puerto Madero,Puerto Madero,Puerto Madero,1.0,SENDERO,66.20434117777302,"LINESTRING (-58.36704628521314 -34.59920202207308, -58.36632925222997 -34.599134327908395)",Q6553420,Mariquita Sánchez de Thompson,Prócer,procer
31296,"DE LA TORRE, LISANDRO AV.",LISANDRO DE LA TORRE,Mataderos,Mataderos,Mataderos,9.0,AVENIDA,132.1014403182722,"LINESTRING (-58.49608579586719 -34.665919669886414, -58.49506495478182 -34.666760219191175)",Q3543869,Lisandro de la Torre,UCR,politico
31301,"DELLEPIANE, LUIS, TTE. GRAL.",LUIS DELLEPIANE,Parque Avellaneda,Parque Avellaneda,Parque Avellaneda,9.0,AVENIDA,66.99359612711389,"LINESTRING (-58.467277908000206 -34.65059020634023, -58.46726572257405 -34.650701030622194, -58.46728097208674 -34.650884896846584, -58.467398254764 -34.651177578013304)",Q126856409,Luis Dellepiane,UCR,politico
31304,AUTOPISTA PRESIDENTE HECTOR J. CAMPORA,HECTOR J. CAMPORA,Flores,Flores,Flores,7.0,AUTOPISTA,356.2700392076105,"LINESTRING (-58.46407115028105 -34.653728489797146, -58.46395652743382 -34.6538054400471, -58.46363462521772 -34.65404958861131, -58.46258071263913 -34.65488770431983, -58.4619397170779 -34.65539743824705, -58.46165240723095 -34.65562591029438, -58.46139408970452 -34.655831325663954, -58.46127982805106 -34.65595902217674)",Q356751,Héctor José Cámpora,PJ,presidente
31305,AUTOPISTA PRESIDENTE HECTOR J. CAMPORA,HECTOR J. CAMPORA,,,,,ENLACE AUTOPISTA,244.9796805832628,"LINESTRING (-58.4661348748604 -34.652331397567615, -58.46575602614542 -34.652604728947914, -58.46548541876577 -34.652810968763866, -58.465067478054394 -34.65312902416869, -58.46459240360887 -34.65343465533122, -58.46407115028105 -34.653728489797146)",Q356751,Héctor José Cámpora,PJ,presidente
31307,AUTOPISTA PRESIDENTE HECTOR J. CAMPORA,HECTOR J. CAMPORA,,,,,ENLACE AUTOPISTA,251.8901607537707,"LINESTRING (-58.46752995333109 -34.65064113079998, -58.467578057627854 -34.65081814206358, -58.467599110800585 -34.65091753080816, -58.46761415136745 -34.65103182822784, -58.467608144860016 -34.65115109597173, -58.46759010903822 -34.65123309310257, -58.46754802039754 -34.65133993858357, -58.4674999169361 -34.651426906369196, -58.46742174636036 -34.65152878373931, -58.46735259415899 -34.6515983591015, -58.467238340782345 -34.6516828445469, -58.46705793794235 -34.65177230174481, -58.4667422310747 -34.6519089732816, -58.46641149235674 -34.652117701893815, -58.4661348748604 -34.652331397567615)",Q356751,Héctor José Cámpora,PJ,presidente
31308,AUTOPISTA PRESIDENTE HECTOR J. CAMPORA,HECTOR J. CAMPORA,Flores,Flores,Flores,7.0,ENLACE AUTOPISTA,257.4908363514371,"LINESTRING (-58.46549408718849 -34.64978579817359, -58.46555724466566 -34.65026038206189, -58.46561739105627 -34.65059085104415, -58.46569557296986 -34.650767265673984, -58.465803821756744 -34.6509138626107, -58.46588200322925 -34.65106046023607, -58.46593613338539 -34.651274146416704, -58.46593012927631 -34.65151765104704, -58.46588503489831 -34.65171146190738, -58.46583993675011 -34.6518108526511, -58.46577980532016 -34.65193260641074, -58.46573459746178 -34.652017477254404)",Q356751,Héctor José Cámpora,PJ,presidente
31310,AUTOPISTA PRESIDENTE HECTOR J. CAMPORA,HECTOR J. CAMPORA,,,,,ENLACE AUTOPISTA,421.9890878345882,"LINESTRING (-58.467001447200936 -34.65119227871134, -58.46688024598039 -34.65096600999432, -58.46681108410319 -34.65083929062085, -58.466768984949134 -34.65074735666229, -58.46675695331623 -34.65065293695138, -58.46676897754317 -34.650595787534975, -58.46681106864739 -34.65052621340764, -58.46687721403716 -34.650464092663015, -58.46695538720014 -34.65041936464205, -58.467042581938784 -34.650401968388735, -58.467129777301864 -34.650396995772546, -58.4672320075986 -34.65041438519529, -58.46732521893951 -34.650454137533714, -58.46738836427739 -34.65051873835892, -58.4674424900223 -34.65059327846117, -58.467475570571416 -34.65070260572155, -58.46749963092567 -34.65081193332636, -58.467520683571735 -34.65090386786551, -58.467538729641454 -34.65099828725866, -58.467544749536614 -34.651107615563774, -58.467532727354424 -34.651192097187234, -58.46750567140448 -34.65127906414128, -58.46743952923037 -34.651400818966636, -58.467391424220615 -34.65146293931401, -58.467325279387246 -34.65154245350349, -58.46722004629472 -34.65162445385062, -58.46712683844924 -34.65167415205794, -58.46701558973148 -34.65172385083346, -58.46690133295737 -34.6517511869566, -58.46673295342861 -34.65177107055656, -58.46648639678637 -34.6517835021585, -58.46629997588519 -34.65179344676197, -58.466119569756664 -34.651833207783895, -58.465957204929516 -34.6518903612332, -58.46573459746178 -34.652017477254404)",Q356751,Héctor José Cámpora,PJ,presidente
31311,"DELLEPIANE, LUIS, TTE. GRAL.",LUIS DELLEPIANE,Parque Avellaneda,Parque Avellaneda,Parque Avellaneda,9.0,AVENIDA,124.7824181052175,"LINESTRING (-58.46770228348336 -34.651572453415916, -58.467811387151464 -34.65171415719716, -58.4683453552026 -34.652563185999675)",Q126856409,Luis Dellepiane,UCR,politico
31312,"DELLEPIANE, LUIS, TTE. GRAL.",LUIS DELLEPIANE,Flores,Flores,Flores,7.0,SENDERO,24.68257175155525,"LINESTRING (-58.46258582906395 -34.64385704403927, -58.46267285537585 -34.64406759054145)",Q126856409,Luis Dellepiane,UCR,politico
31313,"DELLEPIANE, LUIS, TTE. GRAL.",LUIS DELLEPIANE,Flores,Flores,Flores,7.0,AVENIDA,51.02735877525794,"LINESTRING (-58.461610901720604 -34.64431058955582, -58.46166901039691 -34.64430585674301, -58.461731256268195 -34.64433840413374, -58.46176470998496 -34.64442739624951, -58.46161168649111 -34.644651869107655)",Q126856409,Luis Dellepiane,UCR,politico
31314,"DELLEPIANE, LUIS, TTE. GRAL.",LUIS DELLEPIANE,Flores,Flores,Flores,7.0,SENDERO,32.01487899306268,"LINESTRING (-58.46139862886515 -34.64408145068585, -58.461610901720604 -34.64431058955582)",Q126856409,Luis Dellepiane,UCR,politico
31317,"BALBIN, RICARDO, DR. AV.",RICARDO BALBIN,Saavedra,Saavedra,Saavedra,12.0,AVENIDA,128.6900181409409,"LINESTRING (-58.48384969043683 -34.55486855235453, -58.48408934619438 -34.55476235463572, -58.48423745116178 -34.55473953056976, -58.4852156828545 -34.55478210039802)",Q7322551,Ricardo Balbín,UCR,politico
31318,"BALBIN, RICARDO, DR. AV.",RICARDO BALBIN,Saavedra,Saavedra,Saavedra,12.0,AVENIDA,49.34369719752718,"LINESTRING (-58.4852156828545 -34.55478210039802, -58.48575301926564 -34.554796248893396)",Q7322551,Ricardo Balbín,UCR,politico
31319,"BALBIN, RICARDO, DR. AV.",RICARDO BALBIN,Saavedra,Saavedra,Saavedra,12.0,AVENIDA,25.97190602049524,"LINESTRING (-58.48575301926564 -34.554796248893396, -58.486035467287536 -34.55481044400566)",Q7322551,Ricardo Balbín,UCR,politico
31320,"BALBIN, RICARDO, DR. AV.",RICARDO BALBIN,Saavedra,Saavedra,Saavedra,12.0,AVENIDA,25.49506612249651,"LINESTRING (-58.486035467287536 -34.55481044400566, -58.48631317386412 -34.55480540354392)",Q7322551,Ricardo Balbín,UCR,politico
31321,"BALBIN, RICARDO, DR. AV.",RICARDO BALBIN,Saavedra,Saavedra,Saavedra,12.0,AVENIDA,112.9764204855479,"LINESTRING (-58.48384969043683 -34.55486855235453, -58.48424438631779 -34.55491906383143, -58.485074508157794 -34.55495881108057)",Q7322551,Ricardo Balbín,UCR,politico
31322,"BALBIN, RICARDO, DR. AV.",RICARDO BALBIN,Saavedra,Saavedra,Saavedra,12.0,AVENIDA,87.34417443130911,"LINESTRING (-58.485074508157794 -34.55495881108057, -58.485970071326705 -34.55498429146208, -58.48602518089283 -34.55497858143896)",Q7322551,Ricardo Balbín,UCR,politico
31323,"BALBIN, RICARDO, DR. AV.",RICARDO BALBIN,Saavedra,Saavedra,Saavedra,12.0,AVENIDA,13.79967404123919,"LINESTRING (-58.48602518089283 -34.55497858143896, -58.48617372807529 -34.554997788806965)",Q7322551,Ricardo Balbín,UCR,politico
31324,"BALBIN, RICARDO, DR. AV.",RICARDO BALBIN,Saavedra,Saavedra,Saavedra,12.0,SENDERO,27.68314714589004,"LINESTRING (-58.48631317386412 -34.55480540354392, -58.48659004903021 -34.554904378623505)",Q7322551,Ricardo Balbín,UCR,politico
31325,"BALBIN, RICARDO, DR. AV.",RICARDO BALBIN,Saavedra,Saavedra,Saavedra,12.0,AVENIDA,65.65591320017688,"LINESTRING (-58.48659004903021 -34.554904378623505, -58.48662103352843 -34.5548502272367, -58.4867278030299 -34.5548217087344, -58.48703780019229 -34.55481309807341, -58.487258246040966 -34.5548187534392)",Q7322551,Ricardo Balbín,UCR,politico
31326,"BALBIN, RICARDO, DR. AV.",RICARDO BALBIN,Saavedra,Saavedra,Saavedra,12.0,AVENIDA,30.99656745106954,"LINESTRING (-58.487258246040966 -34.5548187534392, -58.487595803751006 -34.55482723433711)",Q7322551,Ricardo Balbín,UCR,politico
31327,"BALBIN, RICARDO, DR. AV.",RICARDO BALBIN,Saavedra,Saavedra,Saavedra,12.0,AVENIDA,72.87664341011077,"LINESTRING (-58.487595803751006 -34.55482723433711, -58.48813314345042 -34.55484992161773, -58.48835947216723 -34.55494883864327)",Q7322551,Ricardo Balbín,UCR,politico
31328,"BALBIN, RICARDO, DR. AV.",RICARDO BALBIN,Saavedra,Saavedra,Saavedra,12.0,AVENIDA,86.68078856672963,"LINESTRING (-58.48659004903021 -34.554904378623505, -58.48665939215793 -34.55498700789176, -58.48748218621682 -34.55499254316449)",Q7322551,Ricardo Balbín,UCR,politico
31329,"BALBIN, RICARDO, DR. AV.",RICARDO BALBIN,Saavedra,Saavedra,Saavedra,12.0,AVENIDA,82.0147217098704,"LINESTRING (-58.48748218621682 -34.55499254316449, -58.48796786022071 -34.55501524164763, -58.48809530741397 -34.55502376446635, -58.48835947216723 -34.55494883864327)",Q7322551,Ricardo Balbín,UCR,politico
31330,"BALBIN, RICARDO, DR. AV.",RICARDO BALBIN,Saavedra,Saavedra,Saavedra,12.0,AVENIDA,23.82290574658433,"LINESTRING (-58.486035467287536 -34.55481044400566, -58.48609747758156 -34.554847478936516, -58.48609060784022 -34.5549158743415, -58.48602518089283 -34.55497858143896)",Q7322551,Ricardo Balbín,UCR,politico
31331,"BALBIN, RICARDO, DR. AV.",RICARDO BALBIN,Saavedra,Saavedra,Saavedra,12.0,AVENIDA,414.9904812420552,"LINESTRING (-58.48384969043683 -34.55486855235453, -58.484051686279074 -34.55482087357497, -58.48514885620943 -34.55486635490264, -58.4853949369818 -34.55487652212025, -58.4859564712476 -34.55489980002831, -58.486279157024434 -34.55490255668834, -58.48659004903021 -34.554904378623505, -58.48666355380676 -34.5549050190057, -58.4867691863011 -34.554905632563774, -58.48719282412517 -34.55491259281114, -58.48753313040202 -34.554918230097755, -58.48785411466989 -34.55492351820241, -58.48835947216723 -34.55494883864327)",Q7322551,Ricardo Balbín,UCR,politico
31333,"ESCALADA DE SAN MARTIN, R.",R. ESCALADA DE SAN MARTIN,Velez Sarsfield,Velez Sarsfield,Velez Sarsfield,10.0,CALLE,18.10507825169671,"LINESTRING (-58.492422672776875 -34.625952122566936, -58.49260247248804 -34.62601953003419)",Q134160,José de San Martín,Prócer,procer
31334,"JUSTO, JUAN B. AV.",JUAN B. JUSTO,Velez Sarsfield,Velez Sarsfield,Velez Sarsfield,10.0,AVENIDA,31.68332084197926,"LINESTRING (-58.494577591996446 -34.62936137786916, -58.494852422579854 -34.62953445740746)",Q6298935,Juan B. Justo,PS,politico
31336,"JUSTO, JUAN B. AV.",JUAN B. JUSTO,Velez Sarsfield,Velez Sarsfield,Velez Sarsfield,10.0,AVENIDA,32.86475594308176,"LINESTRING (-58.49422881432819 -34.62942102296829, -58.49438643310327 -34.629378246983876, -58.49450364330499 -34.62936396788492, -58.494577591996446 -34.62936137786916)",Q6298935,Juan B. Justo,PS,politico
31456,"GALLARDO, ANGEL AV.",ANGEL GALLARDO,,Caballito,Villa Crespo,,AVENIDA,14.04416167379094,"LINESTRING (-58.44560069856101 -34.607330748056626, -58.44573812051352 -34.60738656961673)",Q3815109,Ángel Gallardo,UCR,politico
31460,"JUSTO, JUAN B. AV.",JUAN B. JUSTO,Villa Crespo,Villa Crespo,Villa Crespo,15.0,AVENIDA,11.83933197661315,"LINESTRING (-58.45199729299477 -34.600080791475506, -58.452095721214874 -34.60014982139751)",Q6298935,Juan B. Justo,PS,politico
31461,"ESCALADA DE SAN MARTIN, R.",R. ESCALADA DE SAN MARTIN,Villa Crespo,Villa Crespo,Villa Crespo,15.0,CALLE,11.71563567747996,"LINESTRING (-58.451169431614126 -34.6009825772973, -58.45126958083455 -34.60104811232942)",Q134160,José de San Martín,Prócer,procer
31466,"FIGUEROA, D. APOLINARIO, CORONEL",D. APOLINARIO FIGUEROA,Villa Crespo,Villa Crespo,Villa Crespo,15.0,CALLE,12.06890585080482,"LINESTRING (-58.44711623510305 -34.605368219392815, -58.447216579117 -34.605438586982196)",Q5701525,Apolinario Figueroa,Prócer,procer
31534,"ALBERDI, JUAN BAUTISTA AV.",JUAN BAUTISTA ALBERDI,Mataderos,Mataderos,Mataderos,9.0,AVENIDA,130.4407660627274,"LINESTRING (-58.50220248097468 -34.6513310903296, -58.50224196030272 -34.65145046352894, -58.503058779030034 -34.65225742860342)",Q722738,Juan Bautista Alberdi,Prócer,procer
31535,"ALBERDI, JUAN BAUTISTA AV.",JUAN BAUTISTA ALBERDI,Mataderos,Mataderos,Mataderos,9.0,AVENIDA,127.7198675470227,"LINESTRING (-58.503058779030034 -34.65225742860342, -58.50396332471512 -34.65313304398459)",Q722738,Juan Bautista Alberdi,Prócer,procer
31536,"ALBERDI, JUAN BAUTISTA AV.",JUAN BAUTISTA ALBERDI,Mataderos,Mataderos,Mataderos,9.0,AVENIDA,85.53400855811864,"LINESTRING (-58.50396332471512 -34.65313304398459, -58.50445919185802 -34.653589495422736, -58.50463257886438 -34.653655165801766)",Q722738,Juan Bautista Alberdi,Prócer,procer
31549,"ECHAGUE, PEDRO",PEDRO ECHAGUE,Constitucion,Constitucion,Constitucion,1.0,CALLE,34.99733146668195,"LINESTRING (-58.38231604213647 -34.63020293108156, -58.38269742936999 -34.630214562145305)",Q6068645,Pedro Echagüe,Prócer,procer
31552,"JUSTO, JUAN B. AV.",JUAN B. JUSTO,,Palermo,Villa Crespo,,AVENIDA,149.8528804093997,"LINESTRING (-58.436675600268984 -34.58678756903272, -58.437424036180246 -34.58735014059539, -58.437883273961965 -34.587697017928555)",Q6298935,Juan B. Justo,PS,politico
31553,"JUSTO, JUAN B. AV.",JUAN B. JUSTO,,Palermo,Villa Crespo,,AVENIDA,62.6262778416455,"LINESTRING (-58.4388398009761 -34.59057164479947, -58.43917071856556 -34.59106540263601)",Q6298935,Juan B. Justo,PS,politico
31554,"JUSTO, JUAN B. AV.",JUAN B. JUSTO,,Palermo,Villa Crespo,,AVENIDA,86.18352277325224,"LINESTRING (-58.43839568872077 -34.589277318440175, -58.438400782506356 -34.58929216784094, -58.438652082694084 -34.59002469998641)",Q6298935,Juan B. Justo,PS,politico
31555,"JUSTO, JUAN B. AV.",JUAN B. JUSTO,,Palermo,Villa Crespo,,AVENIDA,133.0023410415899,"LINESTRING (-58.437883273961965 -34.587697017928555, -58.43825138319738 -34.58885663676766)",Q6298935,Juan B. Justo,PS,politico
31556,"JUSTO, JUAN B. AV.",JUAN B. JUSTO,,Palermo,Villa Crespo,,AVENIDA,119.5264911653877,"LINESTRING (-58.43570298417559 -34.58607075644991, -58.436675600268984 -34.58678756903272)",Q6298935,Juan B. Justo,PS,politico
31557,"JUSTO, JUAN B. AV.",JUAN B. JUSTO,,Palermo,Villa Crespo,,AVENIDA,48.51018870048713,"LINESTRING (-58.43825138319738 -34.58885663676766, -58.43839568872077 -34.589277318440175)",Q6298935,Juan B. Justo,PS,politico
31558,"JUSTO, JUAN B. AV.",JUAN B. JUSTO,,Palermo,Villa Crespo,,AVENIDA,63.0724787719252,"LINESTRING (-58.438652082694084 -34.59002469998641, -58.4388398009761 -34.59057164479947)",Q6298935,Juan B. Justo,PS,politico
31560,AUTOPISTA PRESIDENTE DR. RAUL RICARDO ALFONSIN,RAUL RICARDO ALFONSIN,San Telmo,San Telmo,San Telmo,1.0,ENLACE AUTOPISTA,757.4244221075179,"LINESTRING (-58.366032519190675 -34.61928225988395, -58.3660583797775 -34.61943536151086, -58.36588737708645 -34.62093135255727, -58.36589277801661 -34.621261437702685, -58.36594760836467 -34.621383467862884, -58.366029932327514 -34.62149954019736, -58.3662480870712 -34.62164561924, -58.366618352657724 -34.621818129330045, -58.366972624598226 -34.621957139207325, -58.36730813098536 -34.62206145088695, -58.367807103507886 -34.62217306538631, -58.3684362423195 -34.62231587370488, -58.36866222536366 -34.62236827215931, -58.36904022943524 -34.62242118640692, -58.36940089725421 -34.6224533564294, -58.36990242139506 -34.622444173892674, -58.370940210709044 -34.622406693824246, -58.37132792247969 -34.622403797573895)",Q193062,Raúl Alfonsín,UCR,presidente
31561,AUTOPISTA PRESIDENTE DR. RAUL RICARDO ALFONSIN,RAUL RICARDO ALFONSIN,Puerto Madero,Puerto Madero,Puerto Madero,1.0,ENLACE AUTOPISTA,1258.555704605442,"LINESTRING (-58.3580856796578 -34.62750588821291, -58.35883160456343 -34.6269821751791, -58.35966750873597 -34.62646305129996, -58.36063076022607 -34.62590735327531, -58.36150693005842 -34.62546162156417, -58.36229644720728 -34.625100285667216, -58.36290824012317 -34.624840872166104, -58.36338493798669 -34.624635561143045, -58.363805718895144 -34.62440947294994, -58.36418665140265 -34.624133918554264, -58.36451973587807 -34.623844770179296, -58.36472395495247 -34.62364640859421, -58.3650281540031 -34.62331298550834, -58.36530484537969 -34.62299508682903, -58.36542948191922 -34.62280622763119, -58.36557162100878 -34.622495395958225, -58.36563551564393 -34.6222897446274, -58.36566608200336 -34.62213070843428, -58.36574403786664 -34.62139485064398, -58.3657918536405 -34.62096954648233, -58.36594240153322 -34.61964814727895, -58.36598029575715 -34.61940659655379, -58.366032519190675 -34.61928225988395)",Q193062,Raúl Alfonsín,UCR,presidente
31562,AUTOPISTA PRESIDENTE DR. RAUL RICARDO ALFONSIN,RAUL RICARDO ALFONSIN,Puerto Madero,Puerto Madero,Puerto Madero,1.0,ENLACE AUTOPISTA,1135.763083551228,"LINESTRING (-58.35987540977367 -34.62620136651233, -58.360375106760216 -34.62595896206659, -58.360962862431656 -34.62564851113857, -58.36148305421574 -34.62537547389835, -58.361969425728624 -34.62515183869443, -58.363199772391994 -34.62462424718643, -58.36342269767456 -34.62451440304092, -58.36362054039644 -34.62440932176891, -58.363887899585016 -34.62424131044286, -58.364231668307156 -34.62399163773488, -58.36446627755756 -34.62378612559756, -58.36512824588964 -34.62308344473546, -58.365289079508784 -34.62286949997159, -58.36542820793951 -34.62265912540883, -58.365522519661006 -34.62242240397963, -58.36556902769395 -34.62223946169529, -58.36561710970759 -34.62194768966532, -58.36582776306236 -34.619951825840566, -58.36594319753799 -34.61896645903667, -58.36595808812656 -34.61860290348672, -58.36593233970664 -34.618354126261245)",Q193062,Raúl Alfonsín,UCR,presidente
31569,AUTOPISTA ARTURO ILLIA,ARTURO ILLIA,,,,,AUTOPISTA,307.0411990276754,"LINESTRING (-58.39243411913647 -34.575920159415155, -58.39387300323919 -34.57504554774757, -58.39526920308679 -34.5744690865337)",Q270368,Arturo Umberto Illia,UCR,presidente
31570,AUTOPISTA PRESIDENTE DR. RAUL RICARDO ALFONSIN,RAUL RICARDO ALFONSIN,Puerto Madero,Puerto Madero,Puerto Madero,1.0,AUTOPISTA,3019.042904926484,"LINESTRING (-58.36593233970664 -34.618354126261245, -58.3659619614529 -34.617763352751304, -58.36612263647474 -34.61643358907757, -58.36625420560526 -34.6152497071851, -58.36637107770792 -34.614261948452985, -58.36648799699472 -34.61323113540546, -58.366563992548414 -34.61256146555161, -58.36656374466189 -34.6117557031764, -58.36660361222011 -34.61082737394254, -58.36670887175424 -34.60986591579338, -58.36680522883046 -34.609095801949046, -58.36690782867471 -34.60792863825308, -58.36694638610176 -34.60710585666637, -58.36709349855832 -34.60496283388441, -58.36720942102602 -34.60404402012314, -58.3675578664675 -34.60110985267366, -58.367665465909404 -34.60061003034763, -58.36824610096644 -34.5987519788367, -58.36935645774776 -34.59554111754356, -58.36990590154172 -34.594038825740455, -58.37034702701204 -34.59270448171825, -58.37041678596951 -34.59239597954573, -58.37045172778639 -34.59218551879846, -58.37048958831403 -34.591951141236585, -58.37052187943611 -34.59152301537147)",Q193062,Raúl Alfonsín,UCR,presidente
31571,AUTOPISTA PRESIDENTE DR. RAUL RICARDO ALFONSIN,RAUL RICARDO ALFONSIN,Puerto Madero,Puerto Madero,Puerto Madero,1.0,AUTOPISTA,3113.053642185015,"LINESTRING (-58.366032519190675 -34.61928225988395, -58.366045035167765 -34.618473810714825, -58.3660747063634 -34.61783998318323, -58.36622392970187 -34.61640496701941, -58.36633502039272 -34.615414812018805, -58.36646362236624 -34.61429072465923, -58.36657766139394 -34.61324794977747, -58.36665642728643 -34.61268352537535, -58.36666927694757 -34.61158087258263, -58.366712147727895 -34.61083272352558, -58.36680725835576 -34.60984207470059, -58.366897806614965 -34.60909109134391, -58.3670206412499 -34.60793590301399, -58.367067989148424 -34.60701506060339, -58.36708298017333 -34.60655822033519, -58.36717743486261 -34.60492223779838, -58.36735861395189 -34.603331769012215, -58.367685089054746 -34.60115539849448, -58.36778981984674 -34.600634046730164, -58.368036697704774 -34.59975162921681, -58.3685825366078 -34.59812815031057, -58.36893633413364 -34.597149942037426, -58.369287470857486 -34.59613126374671, -58.369917184604496 -34.594294767761966, -58.37044245743925 -34.59271890577919, -58.37052383047699 -34.592369750056825, -58.370555874400814 -34.59216407087865, -58.3706201317603 -34.59159963088866)",Q193062,Raúl Alfonsín,UCR,presidente
31572,AUTOPISTA PRESIDENTE DR. RAUL RICARDO ALFONSIN,RAUL RICARDO ALFONSIN,Retiro,Retiro,Retiro,1.0,AUTOPISTA,718.6082575097751,"LINESTRING (-58.37052187943611 -34.59152301537147, -58.37061224915544 -34.590884446209714, -58.370777844621664 -34.590219623042074, -58.37134357109985 -34.58863900294331, -58.372207475529166 -34.58615107978684, -58.37249688292959 -34.585263694416106)",Q193062,Raúl Alfonsín,UCR,presidente
31573,AUTOPISTA PRESIDENTE DR. RAUL RICARDO ALFONSIN,RAUL RICARDO ALFONSIN,Retiro,Retiro,Retiro,1.0,AUTOPISTA,242.0524948261336,"LINESTRING (-58.37249688292959 -34.585263694416106, -58.37262155576453 -34.58497436667338, -58.37288844009619 -34.584221114708136, -58.373242399389326 -34.58317133010385)",Q193062,Raúl Alfonsín,UCR,presidente
31574,AUTOPISTA PRESIDENTE DR. RAUL RICARDO ALFONSIN,RAUL RICARDO ALFONSIN,Retiro,Retiro,Retiro,1.0,AUTOPISTA,724.6938589741394,"LINESTRING (-58.3706201317603 -34.59159963088866, -58.37065235569496 -34.59123130246244, -58.37071349389348 -34.59087017165173, -58.37088482795995 -34.59024601503086, -58.37148072959451 -34.588576395639805, -58.37184754458817 -34.58746136571855, -58.372129495147966 -34.5866758398894, -58.3726298850946 -34.585293692104045)",Q193062,Raúl Alfonsín,UCR,presidente
31575,AUTOPISTA PRESIDENTE DR. RAUL RICARDO ALFONSIN,RAUL RICARDO ALFONSIN,Retiro,Retiro,Retiro,1.0,AUTOPISTA,240.3456472988954,"LINESTRING (-58.3726298850946 -34.585293692104045, -58.37297517226762 -34.584247489881044, -58.373355142994654 -34.5832120756325)",Q193062,Raúl Alfonsín,UCR,presidente
31576,AUTOPISTA PRESIDENTE DR. RAUL RICARDO ALFONSIN,RAUL RICARDO ALFONSIN,,,,,BAJADA AUTOPISTA,120.6220340435788,"LINESTRING (-58.373132562891996 -34.584282386646166, -58.373343392066324 -34.58338189223957, -58.373355142994654 -34.5832120756325)",Q193062,Raúl Alfonsín,UCR,presidente
31577,AUTOPISTA PRESIDENTE DR. RAUL RICARDO ALFONSIN,RAUL RICARDO ALFONSIN,Retiro,Retiro,Retiro,1.0,SUBIDA AUTOPISTA,121.5036829489382,"LINESTRING (-58.3726298850946 -34.585293692104045, -58.37280515539663 -34.58501636127685, -58.373132562891996 -34.584282386646166)",Q193062,Raúl Alfonsín,UCR,presidente
31578,AUTOPISTA PRESIDENTE DR. RAUL RICARDO ALFONSIN,RAUL RICARDO ALFONSIN,Retiro,Retiro,Retiro,1.0,BAJADA AUTOPISTA,80.95295167543021,"LINESTRING (-58.37249688292959 -34.585263694416106, -58.37256266595921 -34.58453599616317)",Q193062,Raúl Alfonsín,UCR,presidente
31579,AUTOPISTA PRESIDENTE DR. RAUL RICARDO ALFONSIN,RAUL RICARDO ALFONSIN,Retiro,Retiro,Retiro,1.0,SUBIDA AUTOPISTA,61.47435957857155,"LINESTRING (-58.37287638488188 -34.58362172271289, -58.37301644175025 -34.58352516512581, -58.3731729220345 -34.58323586025838, -58.373242399389326 -34.58317133010385)",Q193062,Raúl Alfonsín,UCR,presidente
31589,AUTOPISTA PRESIDENTE DR. RAUL RICARDO ALFONSIN,RAUL RICARDO ALFONSIN,Retiro,Retiro,Retiro,1.0,AUTOPISTA,1300.711601494335,"LINESTRING (-58.373355142994654 -34.5832120756325, -58.37377868613499 -34.581987731436314, -58.373964231223944 -34.581557324346264, -58.37414675478093 -34.581246510036436, -58.374424722657245 -34.580923805443675, -58.374662074879524 -34.58072066602179, -58.37489648593675 -34.58056297022004, -58.37515402112268 -34.580414858291086, -58.37537102367339 -34.580309770936054, -58.37559956808485 -34.58022861055129, -58.375914888490705 -34.58012837664432, -58.37626199010721 -34.58005567151339, -58.376533858881274 -34.58002477029966, -58.37696765020621 -34.580015510279814, -58.37784961117588 -34.58007592859854, -58.37899182333608 -34.58015565584316, -58.37931571640608 -34.58015348723634, -58.37973797888997 -34.580105938932185, -58.380209445659865 -34.58001536835419, -58.380605774826535 -34.579872123121355, -58.38107449115395 -34.57963564102037, -58.38166185740682 -34.57931073597106, -58.38226370382933 -34.57895952671117, -58.3824893830699 -34.57884008098278, -58.38280761641283 -34.57870395255613, -58.38310847479152 -34.57859173095421, -58.383461376032336 -34.57848911029044, -58.384196064625435 -34.57831497941518, -58.38445071926862 -34.57825773841274, -58.384716824827805 -34.57819572043621)",Q193062,Raúl Alfonsín,UCR,presidente
31590,AUTOPISTA PRESIDENTE DR. RAUL RICARDO ALFONSIN,RAUL RICARDO ALFONSIN,Retiro,Retiro,Retiro,1.0,AUTOPISTA,1333.262227789281,"LINESTRING (-58.373242399389326 -34.58317133010385, -58.37363400930479 -34.58206177430913, -58.37381668900791 -34.581607446285744, -58.37394418482831 -34.58137313291615, -58.3740542696413 -34.58119382051258, -58.37423669000942 -34.58097868221851, -58.37445381225627 -34.58076356890914, -58.37471428895761 -34.58057001383603, -58.37489226839275 -34.580449351615236, -58.375102045433565 -34.58034067164584, -58.37531326661017 -34.58023318830781, -58.37557364165786 -34.5801329156609, -58.375777328039995 -34.58006856513434, -58.37604804867894 -34.580000504910615, -58.37638934474085 -34.57994812647096, -58.376588898918705 -34.579933916965274, -58.37680579683165 -34.57992689514502, -58.37719618486664 -34.57994152261244, -58.37935051276526 -34.580060226818354, -58.3795442805639 -34.58004840040727, -58.37986821861666 -34.58000078413907, -58.38020375593283 -34.57992088416815, -58.38041493744464 -34.57984568270139, -58.380711478356055 -34.5797203086154, -58.38152163655987 -34.57927595945071, -58.38196289308654 -34.5790203202524, -58.382365075869764 -34.578796944289124, -58.3826312447671 -34.578672741322386, -58.382872802406865 -34.57857961635155, -58.383163526245234 -34.57848054342291, -58.383342873107196 -34.578424451220826, -58.38359307386897 -34.5783636212306, -58.38381435381942 -34.578305163803506, -58.38416724391827 -34.57821210871492, -58.38454035560391 -34.578140592821356, -58.38493289056408 -34.57804277727591)",Q193062,Raúl Alfonsín,UCR,presidente
31593,AUTOPISTA ARTURO ILLIA,ARTURO ILLIA,,,,,AUTOPISTA,1078.574062399693,"LINESTRING (-58.384716824827805 -34.57819572043621, -58.38566940739367 -34.577968301503496, -58.38691700650788 -34.57767727589703, -58.38887227969046 -34.57720807530466, -58.39028761104069 -34.5768804414335, -58.3904804108884 -34.57686301595042, -58.39078887026317 -34.57685841577049, -58.39112046236634 -34.576855423098195, -58.3913113300164 -34.57684277897598, -58.39149644012692 -34.57679983366555, -58.39164684887851 -34.57675686770779, -58.3919399913461 -34.576627876400735, -58.39211938917936 -34.57650041271277, -58.392196570538 -34.57642072742229, -58.392433875567605 -34.57620718828543, -58.39276566167122 -34.575971378834026, -58.39362011242395 -34.57546319037627, -58.39492583843845 -34.57473519388569, -58.39512256216955 -34.57462687071499, -58.39526920308679 -34.5744690865337)",Q270368,Arturo Umberto Illia,UCR,presidente
31594,AUTOPISTA PRESIDENTE DR. RAUL RICARDO ALFONSIN,RAUL RICARDO ALFONSIN,,,,,AUTOPISTA,968.9038727676503,"LINESTRING (-58.38493289056408 -34.57804277727591, -58.385881601760126 -34.57782970563973, -58.38682646116523 -34.57760705657445, -58.38756499434837 -34.57742892128062, -58.38843271062007 -34.57722853634333, -58.3891866697477 -34.57703923844511, -58.38943929414645 -34.57695328288846, -58.38982886658476 -34.57678608444335, -58.39029564165504 -34.57651528159418, -58.39062359322555 -34.57626352963321, -58.39092459472146 -34.57596392263358, -58.39129504635722 -34.575605355453185, -58.39159982749845 -34.57538866848389, -58.39244848378882 -34.57489483622924, -58.39313123306421 -34.574528471250694, -58.393505291217906 -34.57444895540691, -58.394230153273455 -34.57443342166764)",Q193062,Raúl Alfonsín,UCR,presidente
31595,AUTOPISTA PRESIDENTE DR. RAUL RICARDO ALFONSIN,RAUL RICARDO ALFONSIN,,Recoleta,Recoleta,,SUBIDA AUTOPISTA,407.0556049256318,"LINESTRING (-58.384716824827805 -34.57819572043621, -58.384963595901574 -34.578192689855086, -58.385378165040954 -34.5781116303703, -58.385785020410374 -34.57803215918221, -58.387073112526636 -34.57773318466729, -58.38764580691837 -34.5776027833614, -58.38820115166254 -34.5774691794804, -58.38848268908561 -34.577391216723484, -58.38862154614338 -34.57733389597119, -58.38877397057154 -34.57719525847643, -58.388839468898524 -34.577077712357)",Q193062,Raúl Alfonsín,UCR,presidente
31596,AUTOPISTA PRESIDENTE DR. RAUL RICARDO ALFONSIN,RAUL RICARDO ALFONSIN,Retiro,Retiro,Retiro,1.0,BAJADA AUTOPISTA,426.6271016502637,"LINESTRING (-58.38493289056408 -34.57804277727591, -58.38568111542585 -34.577816821469526, -58.38619599871958 -34.577662471116014, -58.38750915593369 -34.5773523455708, -58.3877983970941 -34.57728315950311, -58.387969052513355 -34.57723861599982, -58.388071259644086 -34.57720439502366, -58.388203375644956 -34.57713989486657, -58.38826896199366 -34.57709608355578, -58.38836254072565 -34.57700923505503, -58.38842528873287 -34.576905624216266, -58.38846199354673 -34.57682113264268, -58.388481349135766 -34.57673503581806, -58.38847952558901 -34.576618628505386, -58.38845646868974 -34.576532505676084, -58.38841606989855 -34.5764368045703, -58.38830310518037 -34.57625560250254)",Q193062,Raúl Alfonsín,UCR,presidente
31597,"SALGUERO, JERONIMO",JERONIMO SALGUERO,,Palermo,Recoleta,,CALLE,179.8897061929282,"LINESTRING (-58.40108175640005 -34.572295113825405, -58.40098878075307 -34.57219908311378, -58.400724784174784 -34.57192641033841, -58.400254163202575 -34.571440316641464, -58.39988908329476 -34.5710091168742)",Q11684757,Jerónimo Salguero,Prócer,procer
31598,AUTOPISTA ARTURO ILLIA,ARTURO ILLIA,,,,,SUBIDA AUTOPISTA,67.73333721571288,"LINESTRING (-58.40176065658055 -34.57233486888822, -58.40157851777706 -34.57241366890669, -58.40136267310227 -34.57240882054047, -58.401171697786836 -34.572353423296676, -58.40108175640005 -34.572295113825405)",Q270368,Arturo Umberto Illia,UCR,presidente
31599,AUTOPISTA ARTURO ILLIA,ARTURO ILLIA,,,,,SUBIDA AUTOPISTA,38.42365440399847,"LINESTRING (-58.40176065658055 -34.57233486888822, -58.401620530912396 -34.57242791022719, -58.40152689136116 -34.572484744498645, -58.40148101503771 -34.572528962403126, -58.40145233593806 -34.572565288758796)",Q270368,Arturo Umberto Illia,UCR,presidente
31600,"SALGUERO, JERONIMO",JERONIMO SALGUERO,,,,,CALLE,28.32496462381124,"LINESTRING (-58.40145341591293 -34.57281522688665, -58.40144075906137 -34.572723286174075, -58.40142744932329 -34.572639537785264, -58.401429382671814 -34.5726079381107, -58.40145233593806 -34.572565288758796)",Q11684757,Jerónimo Salguero,Prócer,procer
31601,"SALGUERO, JERONIMO",JERONIMO SALGUERO,,,,,CALLE,56.18702839717511,"LINESTRING (-58.40162600970877 -34.57285374834144, -58.40167947115645 -34.57280398738239, -58.40172534637268 -34.57276134943698, -58.401754050787055 -34.57269026232184, -58.40171589936406 -34.57261914181626, -58.401643338491525 -34.572584344833636, -58.40154975546617 -34.57256375756868, -58.40145233593806 -34.572565288758796)",Q11684757,Jerónimo Salguero,Prócer,procer
31602,"SALGUERO, JERONIMO",JERONIMO SALGUERO,,,,,CALLE,47.63343106915075,"LINESTRING (-58.40145233593806 -34.572565288758796, -58.40139312316939 -34.5725620989694, -58.401303371011736 -34.57252729314905, -58.4012117366844 -34.57245456553953, -58.401137295120705 -34.57238026650031, -58.40108175640005 -34.572295113825405)",Q11684757,Jerónimo Salguero,Prócer,procer
31603,"SALGUERO, JERONIMO",JERONIMO SALGUERO,,,,,CALLE,33.32437965908461,"LINESTRING (-58.4017483436241 -34.57313208787184, -58.401631624490875 -34.57293036602976, -58.40162600970877 -34.57285374834144)",Q11684757,Jerónimo Salguero,Prócer,procer
31604,"SALGUERO, JERONIMO",JERONIMO SALGUERO,,,,,CALLE,16.40427973970848,"LINESTRING (-58.40162600970877 -34.57285374834144, -58.40145341591293 -34.57281522688665)",Q11684757,Jerónimo Salguero,Prócer,procer
31607,AUTOPISTA ARTURO ILLIA,ARTURO ILLIA,,,,,AUTOPISTA,332.5331859889662,"LINESTRING (-58.394230153273455 -34.57443342166764, -58.39482015614262 -34.57431256403651, -58.39556831316258 -34.57409611504139, -58.396184132422555 -34.57380061185819, -58.3974547502434 -34.57312349796756)",Q270368,Arturo Umberto Illia,UCR,presidente
31623,"MOREAU DE JUSTO, ALICIA AV.",ALICIA MOREAU DE JUSTO,Puerto Madero,Puerto Madero,Puerto Madero,1.0,AVENIDA,165.3857024683251,"LINESTRING (-58.36660584178717 -34.608045153145596, -58.36644259622389 -34.60952985069187)",Q518850,Alicia Moreau de Justo,PS,politico
31627,SAN MARTIN,SAN MARTIN,Retiro,Retiro,Retiro,1.0,CALLE,53.9320943967876,"LINESTRING (-58.37106746791963 -34.59053520571761, -58.37085789058559 -34.59044400936892, -58.370616995237796 -34.59023285021961)",Q134160,José de San Martín,Prócer,procer
31628,"PERETTE, CARLOS H.",CARLOS H. PERETTE,Retiro,Retiro,Retiro,1.0,CALLE,69.29924610509684,"LINESTRING (-58.37490356865382 -34.58462919109103, -58.37552779003157 -34.58427749902491)",Q5042195,Carlos Humberto Perette,UCR,politico
31642,"SALGUERO, JERONIMO",JERONIMO SALGUERO,Recoleta,Recoleta,Recoleta,2.0,CALLE,99.68669233546251,"LINESTRING (-58.399635519905 -34.570599361615855, -58.39959773136163 -34.570332385329166, -58.399551985895464 -34.57023168100432, -58.39946613330002 -34.57014872306854, -58.39934590581318 -34.570077592020645, -58.39925428541909 -34.57004793247309, -58.39900128550119 -34.570042333408416)",Q11684757,Jerónimo Salguero,Prócer,procer
31659,"ALSINA, ADOLFO",ADOLFO ALSINA,Monserrat,Monserrat,Monserrat,1.0,CALLE,15.7757717013793,"LINESTRING (-58.36928992307471 -34.60997736986296, -58.36946189191016 -34.60997977201503)",Q2011940,Adolfo Alsina,Prócer,procer
31661,"PELLEGRINI, CARLOS",CARLOS PELLEGRINI,San Nicolas,San Nicolas,San Nicolas,1.0,CALLE,23.39714531854779,"LINESTRING (-58.38102821542817 -34.602727339864856, -58.38103925022329 -34.60251663044882)",Q270446,Carlos Pellegrini,Prócer,procer
31662,"PELLEGRINI, CARLOS",CARLOS PELLEGRINI,San Nicolas,San Nicolas,San Nicolas,1.0,CALLE,36.47722319025842,"LINESTRING (-58.38102821542817 -34.602727339864856, -58.38113618111345 -34.60264222714368, -58.38121891372932 -34.60256752606032, -58.38133752313029 -34.60253240615044)",Q270446,Carlos Pellegrini,Prócer,procer
31670,"HERNANDEZ, JOSE",JOSE HERNANDEZ,Belgrano,Belgrano,Belgrano,13.0,CALLE,33.54417981842131,"LINESTRING (-58.44501009447404 -34.56083348249696, -58.44529011165404 -34.561027816489506)",Q377623,José Hernández,Prócer,procer
31671,"PERETTE, CARLOS H.",CARLOS H. PERETTE,Retiro,Retiro,Retiro,1.0,CALLE,115.6671039361006,"LINESTRING (-58.379307214770925 -34.58189594800359, -58.38035888799912 -34.581321047702225)",Q5042195,Carlos Humberto Perette,UCR,politico
31728,"PERETTE, CARLOS H.",CARLOS H. PERETTE,Retiro,Retiro,Retiro,1.0,CALLE,27.86945079934097,"LINESTRING (-58.37890011803753 -34.58234355269013, -58.37914766295714 -34.58219797336889)",Q5042195,Carlos Humberto Perette,UCR,politico
31731,"PERETTE, CARLOS H.",CARLOS H. PERETTE,Retiro,Retiro,Retiro,1.0,CALLE,26.834171512201,"LINESTRING (-58.38035888799912 -34.581321047702225, -58.380598037625354 -34.581181815367614)",Q5042195,Carlos Humberto Perette,UCR,politico
31732,"PERETTE, CARLOS H.",CARLOS H. PERETTE,Retiro,Retiro,Retiro,1.0,CALLE,52.77433959082551,"LINESTRING (-58.380598037625354 -34.581181815367614, -58.380606819046086 -34.58117577289125, -58.38106545799035 -34.580904644028735)",Q5042195,Carlos Humberto Perette,UCR,politico
31733,"PERETTE, CARLOS H.",CARLOS H. PERETTE,Retiro,Retiro,Retiro,1.0,CALLE,29.33323448882595,"LINESTRING (-58.38154498319641 -34.580621164307594, -58.38180350047098 -34.58046561108062)",Q5042195,Carlos Humberto Perette,UCR,politico
31734,"PERETTE, CARLOS H.",CARLOS H. PERETTE,Retiro,Retiro,Retiro,1.0,CALLE,47.66315138126149,"LINESTRING (-58.38297701270084 -34.57976322683991, -58.38340113797947 -34.579515162545626)",Q5042195,Carlos Humberto Perette,UCR,politico
31797,"PERETTE, CARLOS H.",CARLOS H. PERETTE,Retiro,Retiro,Retiro,1.0,CALLE,15.23727042893335,"LINESTRING (-58.37889396114305 -34.58211754215176, -58.37903152268142 -34.582040595784896)",Q5042195,Carlos Humberto Perette,UCR,politico
31816,SAN MARTIN,SAN MARTIN,Retiro,Retiro,Retiro,1.0,CALLE,20.51828720090318,"LINESTRING (-58.372477162232265 -34.591688273903536, -58.3724177728027 -34.59162461471927, -58.372354795260016 -34.59153395738569)",Q134160,José de San Martín,Prócer,procer
31817,SAN MARTIN,SAN MARTIN,Retiro,Retiro,Retiro,1.0,CALLE,52.58521374802481,"LINESTRING (-58.37267596650422 -34.59213286343341, -58.372477162232265 -34.591688273903536)",Q134160,José de San Martín,Prócer,procer
31818,SAN MARTIN,SAN MARTIN,Retiro,Retiro,Retiro,1.0,CALLE,38.53489878621404,"LINESTRING (-58.372477162232265 -34.591688273903536, -58.37233001392632 -34.59167222669974, -58.3722196254598 -34.59168518421693, -58.372065051522405 -34.59165065802238)",Q134160,José de San Martín,Prócer,procer
31826,"URIBURU, NAPOLEON, GRAL.",NAPOLEON URIBURU,Villa Lugano,Villa Lugano,Villa Lugano,8.0,SENDERO,29.64908528188787,"LINESTRING (-58.46431595275823 -34.684303698083276, -58.46456938771926 -34.684469827804996)",Q6037980,Napoleón Uriburu,Prócer,procer
31915,"ACHA, MARIANO, GRAL.",MARIANO ACHA,Saavedra,Saavedra,Saavedra,12.0,PUENTE,133.2599724064154,"LINESTRING (-58.49617291317188 -34.54851571102885, -58.49626669926761 -34.548391070532425, -58.49648655157448 -34.54848370887076, -58.49693447254623 -34.54795085834344, -58.49706671154595 -34.54778200059345)",Q32958,Mariano Acha,Prócer,procer
31924,"LARRALDE, CRISOLOGO AV.",CRISOLOGO LARRALDE,Saavedra,Saavedra,Saavedra,12.0,AVENIDA,30.95652856220566,"LINESTRING (-58.50827176409603 -34.56922650055161, -58.508374053069396 -34.56920565331567, -58.50844447416493 -34.56917788160454, -58.50846458209119 -34.5691473541912, -58.50848130244244 -34.56905578829106)",Q5791973,Crisólogo Larralde,UCR,politico
32024,"PERETTE, CARLOS H.",CARLOS H. PERETTE,Retiro,Retiro,Retiro,1.0,CALLE,54.08217661352764,"LINESTRING (-58.38106545799035 -34.580904644028735, -58.38154498319641 -34.580621164307594)",Q5042195,Carlos Humberto Perette,UCR,politico
32032,"PERETTE, CARLOS H.",CARLOS H. PERETTE,Retiro,Retiro,Retiro,1.0,CALLE,17.10448594697712,"LINESTRING (-58.38340113797947 -34.579515162545626, -58.383553339740985 -34.57942614137522)",Q5042195,Carlos Humberto Perette,UCR,politico
32033,"PERETTE, CARLOS H.",CARLOS H. PERETTE,Retiro,Retiro,Retiro,1.0,CALLE,44.43793830235318,"LINESTRING (-58.383553339740985 -34.57942614137522, -58.38394876270662 -34.57919486096124)",Q5042195,Carlos Humberto Perette,UCR,politico
32036,"PERETTE, CARLOS H.",CARLOS H. PERETTE,Retiro,Retiro,Retiro,1.0,CALLE,56.08344414764928,"LINESTRING (-58.38226418974595 -34.58018831489645, -58.382743681836516 -34.57989969717947, -58.382758542302454 -34.579891005630635)",Q5042195,Carlos Humberto Perette,UCR,politico
32037,"PERETTE, CARLOS H.",CARLOS H. PERETTE,Retiro,Retiro,Retiro,1.0,CALLE,52.27931279633889,"LINESTRING (-58.38180350047098 -34.58046561108062, -58.38226418974595 -34.58018831489645)",Q5042195,Carlos Humberto Perette,UCR,politico
32038,"PERETTE, CARLOS H.",CARLOS H. PERETTE,Retiro,Retiro,Retiro,1.0,CALLE,24.55156849346163,"LINESTRING (-58.382758542302454 -34.579891005630635, -58.38297701270084 -34.57976322683991)",Q5042195,Carlos Humberto Perette,UCR,politico
32047,"PERETTE, CARLOS H.",CARLOS H. PERETTE,Retiro,Retiro,Retiro,1.0,CALLE,48.18503705436927,"LINESTRING (-58.37846851039158 -34.58259099700131, -58.37890011803753 -34.58234355269013)",Q5042195,Carlos Humberto Perette,UCR,politico
32052,"PERETTE, CARLOS H.",CARLOS H. PERETTE,Retiro,Retiro,Retiro,1.0,CALLE,29.95616057934081,"LINESTRING (-58.37903152268142 -34.582040595784896, -58.379307214770925 -34.58189594800359)",Q5042195,Carlos Humberto Perette,UCR,politico
32312,"RAMOS MEJIA, JOSE MARIA, DR. AV.",JOSE MARIA RAMOS MEJIA,Retiro,Retiro,Retiro,1.0,AVENIDA,16.46419028218634,"LINESTRING (-58.37261101413847 -34.589321654932945, -58.37251779171928 -34.589194839190824)",Q6293317,José María Ramos Mejía,Prócer,procer
32313,"RAMOS MEJIA, JOSE MARIA, DR. AV.",JOSE MARIA RAMOS MEJIA,Retiro,Retiro,Retiro,1.0,AVENIDA,17.15760762081904,"LINESTRING (-58.37251779171928 -34.589194839190824, -58.37242064338068 -34.58906268231019)",Q6293317,José María Ramos Mejía,Prócer,procer
32314,"RAMOS MEJIA, JOSE MARIA, DR. AV.",JOSE MARIA RAMOS MEJIA,Retiro,Retiro,Retiro,1.0,AVENIDA,33.49779916382177,"LINESTRING (-58.37242064338068 -34.58906268231019, -58.37223097589258 -34.58880466448597)",Q6293317,José María Ramos Mejía,Prócer,procer
32318,"ALCORTA, AMANCIO AV.",AMANCIO ALCORTA,Nueva Pompeya,Nueva Pompeya,Nueva Pompeya,4.0,AVENIDA,37.44098989050023,"LINESTRING (-58.4155776652219 -34.65661834417245, -58.41591149696234 -34.65681278437044)",Q453619,Amancio Alcorta,Prócer,procer
32319,"ALCORTA, AMANCIO AV.",AMANCIO ALCORTA,Nueva Pompeya,Nueva Pompeya,Nueva Pompeya,4.0,AVENIDA,77.21535251034294,"LINESTRING (-58.41591149696234 -34.65681278437044, -58.4161803274885 -34.65682228218591, -58.41640661212902 -34.6568300004697, -58.41656364478095 -34.65680143938601, -58.41673168346924 -34.65673562207893)",Q453619,Amancio Alcorta,Prócer,procer
32322,"RABANAL, FRANCISCO, INTENDENTE AV.",FRANCISCO RABANAL,Nueva Pompeya,Nueva Pompeya,Nueva Pompeya,4.0,AVENIDA,35.72783376279129,"LINESTRING (-58.41625945151113 -34.65469164852283, -58.41638551771353 -34.65479792932076, -58.416546827456884 -34.65490856718107)",Q5483842,Francisco Rabanal,UCR,politico
32355,"IRIGOYEN, BERNARDO DE",BERNARDO DE IRIGOYEN,Constitucion,Constitucion,Constitucion,1.0,CALLE,75.95475947688399,"LINESTRING (-58.38021865273488 -34.619078072415576, -58.38016050994439 -34.61976105361585)",Q360911,Bernardo de Irigoyen,Prócer,procer
32359,"DELLEPIANE, LUIS, TTE. GRAL.",LUIS DELLEPIANE,Villa Lugano,Villa Lugano,Villa Lugano,8.0,AVENIDA,21.33608053196712,"LINESTRING (-58.47636397693276 -34.67262438537963, -58.47636315473664 -34.67281671009348)",Q126856409,Luis Dellepiane,UCR,politico
32375,"GELLY Y OBES, GRAL. AV.",GELLY Y OBES,Recoleta,Recoleta,Recoleta,2.0,AVENIDA,22.99964504643876,"LINESTRING (-58.39757236524061 -34.58715455670091, -58.39734549160306 -34.587066369603285)",Q3810765,Juan Andrés Gelly y Obes,Prócer,procer
32421,"ACOSTA, MARIANO",MARIANO ACOSTA,Flores,Flores,Flores,7.0,CALLE,51.16517459551528,"LINESTRING (-58.46124484458819 -34.650206143704494, -58.46137178396815 -34.65022241903029, -58.461449708658556 -34.65024102326832, -58.46148780511058 -34.650255333971515, -58.46151897482667 -34.65027536872325, -58.46153629105767 -34.650306851590294, -58.4615414855433 -34.65034405846746, -58.461524168373145 -34.65037840306555, -58.46150511960088 -34.65040702351676, -58.46145240372117 -34.65047280347632)",Q3847746,Mariano Acosta,Prócer,procer
32427,"GARCIA, TEODORO",TEODORO GARCIA,Chacarita,Chacarita,Chacarita,15.0,CALLE,71.59271887237571,"LINESTRING (-58.455501503711275 -34.585394456348936, -58.45585655737698 -34.58596913243128)",Q5550217,Teodoro García,Prócer,procer
32428,"GARCIA, TEODORO",TEODORO GARCIA,Chacarita,Chacarita,Chacarita,15.0,CALLE,95.50062585196336,"LINESTRING (-58.454914806417676 -34.58436531841247, -58.45523161952482 -34.58488307928817, -58.455367809592644 -34.585140056403034)",Q5550217,Teodoro García,Prócer,procer
32435,"CHILAVERT, MARTINIANO, CORONEL",MARTINIANO CHILAVERT,Villa Lugano,Villa Lugano,Villa Lugano,8.0,CALLE,59.61242398003203,"LINESTRING (-58.46183425515961 -34.67153638430031, -58.462196488903196 -34.67198268458937)",Q6002386,Martiniano Chilavert,Prócer,procer
32488,"CHILAVERT, MARTINIANO, CORONEL",MARTINIANO CHILAVERT,Villa Lugano,Villa Lugano,Villa Lugano,8.0,CALLE,159.7895093797697,"LINESTRING (-58.46236223510238 -34.672186894897436, -58.462660662183815 -34.67255457373801, -58.46328625374056 -34.673407924780975)",Q6002386,Martiniano Chilavert,Prócer,procer
32528,"DE LA TORRE, LISANDRO",LISANDRO DE LA TORRE,,Villa Riachuelo,Villa Lugano,,CALLE,13.76087105711608,"LINESTRING (-58.47003782073063 -34.686594580817726, -58.46992870333573 -34.68667979817567)",Q3543869,Lisandro de la Torre,UCR,politico
32538,"DELLEPIANE, LUIS, TTE. GRAL.",LUIS DELLEPIANE,Parque Avellaneda,Parque Avellaneda,Parque Avellaneda,9.0,AVENIDA,9.58993994614809,"LINESTRING (-58.46985527599338 -34.65554232297184, -58.46989265256927 -34.65562306201732)",Q126856409,Luis Dellepiane,UCR,politico
32543,"ALBERDI, JUAN BAUTISTA AV.",JUAN BAUTISTA ALBERDI,,Parque Avellaneda,Villa Luro,,AVENIDA,30.67073553758868,"LINESTRING (-58.490588388939074 -34.64261986841488, -58.490877777162105 -34.64275854755233)",Q722738,Juan Bautista Alberdi,Prócer,procer
32838,"CHILAVERT, MARTINIANO, CORONEL",MARTINIANO CHILAVERT,Villa Lugano,Villa Lugano,Villa Lugano,8.0,SENDERO,36.16332836344297,"LINESTRING (-58.461687576813034 -34.67126711167131, -58.461730626596676 -34.67131792135248, -58.46186226539622 -34.67143431251517, -58.46183425515961 -34.67153638430031)",Q6002386,Martiniano Chilavert,Prócer,procer
32855,"GOMEZ MIRANDA, FLORENTINA",FLORENTINA GOMEZ MIRANDA,Villa Lugano,Villa Lugano,Villa Lugano,8.0,SENDERO,71.72382616474663,"LINESTRING (-58.46207771182497 -34.674704846153155, -58.461517020486305 -34.675155872270686)",Q387646,Florentina Gómez Miranda,UCR,politico
32881,"MADERO, EDUARDO AV.",EDUARDO MADERO,Retiro,Retiro,Retiro,1.0,AVENIDA,131.7688788534863,"LINESTRING (-58.36952864615202 -34.59826537176665, -58.36954895658123 -34.59812194911798, -58.36961902031182 -34.59794524062914, -58.36974156337534 -34.59764759158256, -58.3698377779457 -34.59739121507141, -58.36994188117574 -34.59713049789413)",Q3822036,Eduardo Madero,Prócer,procer
32882,"MADERO, EDUARDO AV.",EDUARDO MADERO,Retiro,Retiro,Retiro,1.0,AVENIDA,142.9382264657067,"LINESTRING (-58.36994188117574 -34.59713049789413, -58.37023441193313 -34.59640592332608, -58.37045243609099 -34.59591329190324)",Q3822036,Eduardo Madero,Prócer,procer
32883,"MADERO, EDUARDO AV.",EDUARDO MADERO,Retiro,Retiro,Retiro,1.0,AVENIDA,475.1101948886462,"LINESTRING (-58.37045243609099 -34.59591329190324, -58.370663970711426 -34.59534567599903, -58.370877410306086 -34.594835110453936, -58.37098808682196 -34.59456570401422, -58.3714070665813 -34.59354891190275, -58.37176281906101 -34.59266464260893, -58.371978868259944 -34.59215842347595, -58.3720721984797 -34.59192413811169, -58.37213182664008 -34.59186840106988)",Q3822036,Eduardo Madero,Prócer,procer
32886,"MADERO, EDUARDO AV.",EDUARDO MADERO,San Nicolas,San Nicolas,San Nicolas,1.0,AVENIDA,188.1028711286204,"LINESTRING (-58.36779297815732 -34.60685944803105, -58.36796266619903 -34.60532595470566, -58.36792548517588 -34.60517332041751)",Q3822036,Eduardo Madero,Prócer,procer
32887,"MADERO, EDUARDO AV.",EDUARDO MADERO,San Nicolas,San Nicolas,San Nicolas,1.0,AVENIDA,126.4201409309687,"LINESTRING (-58.36792548517588 -34.60517332041751, -58.36799130896975 -34.60504416977965, -58.36803024902912 -34.60470226695509, -58.368085180502895 -34.60416622802679, -58.36809670431746 -34.604048561622655)",Q3822036,Eduardo Madero,Prócer,procer
32888,"MADERO, EDUARDO AV.",EDUARDO MADERO,San Nicolas,San Nicolas,San Nicolas,1.0,AVENIDA,136.1778106653013,"LINESTRING (-58.36809670431746 -34.604048561622655, -58.36816129821152 -34.60348966516111, -58.368203850260876 -34.603052139583994, -58.36821096314308 -34.602960866311584, -58.368169716933316 -34.6028295303064)",Q3822036,Eduardo Madero,Prócer,procer
32889,"MADERO, EDUARDO AV.",EDUARDO MADERO,San Nicolas,San Nicolas,San Nicolas,1.0,AVENIDA,123.9426892977988,"LINESTRING (-58.368169716933316 -34.6028295303064, -58.36823402087802 -34.60271602522625, -58.368265946746305 -34.60237701446883, -58.36831371298843 -34.60197571459176, -58.36832962781912 -34.60184822638857, -58.36830728600701 -34.60172918939006)",Q3822036,Eduardo Madero,Prócer,procer
32890,"MADERO, EDUARDO AV.",EDUARDO MADERO,San Nicolas,San Nicolas,San Nicolas,1.0,AVENIDA,147.8579629302787,"LINESTRING (-58.36830728600701 -34.60172918939006, -58.36836494355821 -34.601609190254855, -58.36844092483206 -34.601048536465576, -58.36844973508987 -34.60100507719739, -58.36847082532746 -34.600948587637156, -58.368634238764486 -34.60054158187741, -58.36867475241566 -34.60043943524245)",Q3822036,Eduardo Madero,Prócer,procer
32891,"MADERO, EDUARDO AV.",EDUARDO MADERO,San Nicolas,San Nicolas,San Nicolas,1.0,AVENIDA,126.934640558675,"LINESTRING (-58.36867475241566 -34.60043943524245, -58.36874565700122 -34.600286504402355, -58.36908543705014 -34.59947000080255, -58.369076742369394 -34.59935328429158)",Q3822036,Eduardo Madero,Prócer,procer
32892,"MADERO, EDUARDO AV.",EDUARDO MADERO,San Nicolas,San Nicolas,San Nicolas,1.0,AVENIDA,128.7123313818586,"LINESTRING (-58.369076742369394 -34.59935328429158, -58.3691683512542 -34.599251051157516, -58.36938968398162 -34.59874991231064, -58.36948105815886 -34.59851526547185, -58.36952864615202 -34.59826537176665)",Q3822036,Eduardo Madero,Prócer,procer
32907,"CALVO, CARLOS",CARLOS CALVO,Puerto Madero,Puerto Madero,Puerto Madero,1.0,CALLE,8.084181920452318,"LINESTRING (-58.36629164872478 -34.61924102634833, -58.36637947452368 -34.619247237564835)",Q2033928,Carlos Calvo,Prócer,procer
32918,"MOREAU DE JUSTO, ALICIA AV.",ALICIA MOREAU DE JUSTO,Puerto Madero,Puerto Madero,Puerto Madero,1.0,AVENIDA,116.8405454964568,"LINESTRING (-58.366946841496784 -34.60529146632776, -58.36688736639578 -34.60588076104386, -58.36684454316203 -34.60634128362213)",Q518850,Alicia Moreau de Justo,PS,politico
32921,"MOREAU DE JUSTO, ALICIA AV.",ALICIA MOREAU DE JUSTO,Puerto Madero,Puerto Madero,Puerto Madero,1.0,AVENIDA,9.085039583728342,"LINESTRING (-58.36571924622075 -34.61797561020558, -58.365717087137305 -34.61805748501452)",Q518850,Alicia Moreau de Justo,PS,politico
32923,"RAMOS MEJIA, JOSE MARIA, DR. AV.",JOSE MARIA RAMOS MEJIA,Retiro,Retiro,Retiro,1.0,AVENIDA,53.28379919554416,"LINESTRING (-58.37205963914669 -34.58857159173938, -58.37178282022992 -34.58814935000204)",Q6293317,José María Ramos Mejía,Prócer,procer
32924,"RAMOS MEJIA, JOSE MARIA, DR. AV.",JOSE MARIA RAMOS MEJIA,Retiro,Retiro,Retiro,1.0,AVENIDA,20.2314484998617,"LINESTRING (-58.37160299082982 -34.58927209982798, -58.37156309310353 -34.58926949539117, -58.37138483448251 -34.58924607392215)",Q6293317,José María Ramos Mejía,Prócer,procer
32925,"RAMOS MEJIA, JOSE MARIA, DR. AV.",JOSE MARIA RAMOS MEJIA,Retiro,Retiro,Retiro,1.0,AVENIDA,99.90214522867497,"LINESTRING (-58.37160299082982 -34.58927209982798, -58.37158140197643 -34.589146434303586, -58.37160008295954 -34.58903898486954, -58.37164972028208 -34.588914927430466, -58.3716683435441 -34.58885993034984, -58.37170091559167 -34.588780636520994, -58.37171952194641 -34.58874099134414, -58.371806264893756 -34.588634872254254, -58.37199041746778 -34.58856976449068, -58.37205963914669 -34.58857159173938)",Q6293317,José María Ramos Mejía,Prócer,procer
32932,"RAMOS MEJIA, JOSE MARIA, DR. AV.",JOSE MARIA RAMOS MEJIA,Retiro,Retiro,Retiro,1.0,AVENIDA,40.76281842516749,"LINESTRING (-58.37138483448251 -34.58924607392215, -58.371208590240414 -34.589151910517245, -58.37113439080754 -34.58910451940263, -58.371057152779294 -34.58900723219063)",Q6293317,José María Ramos Mejía,Prócer,procer
32945,"MOREAU DE JUSTO, ALICIA AV.",ALICIA MOREAU DE JUSTO,Puerto Madero,Puerto Madero,Puerto Madero,1.0,AVENIDA,101.5626677794089,"LINESTRING (-58.367854950117504 -34.599230290623154, -58.367871968444156 -34.59929664043661, -58.3677953462016 -34.5995575627537, -58.36762565445984 -34.60002992709245, -58.367607249396016 -34.60011498775154)",Q518850,Alicia Moreau de Justo,PS,politico
32946,"MOREAU DE JUSTO, ALICIA AV.",ALICIA MOREAU DE JUSTO,Puerto Madero,Puerto Madero,Puerto Madero,1.0,AVENIDA,64.43411655040516,"LINESTRING (-58.36742747293809 -34.60109118589257, -58.367363596196874 -34.60166960214689)",Q518850,Alicia Moreau de Justo,PS,politico
32947,"MOREAU DE JUSTO, ALICIA AV.",ALICIA MOREAU DE JUSTO,Puerto Madero,Puerto Madero,Puerto Madero,1.0,AVENIDA,110.1066996044555,"LINESTRING (-58.367607249396016 -34.60011498775154, -58.36756546875852 -34.60034715240273, -58.367517506843704 -34.60079743701498, -58.36749877582624 -34.60094155953886, -58.36742747293809 -34.60109118589257)",Q518850,Alicia Moreau de Justo,PS,politico
32948,"MOREAU DE JUSTO, ALICIA AV.",ALICIA MOREAU DE JUSTO,Puerto Madero,Puerto Madero,Puerto Madero,1.0,AVENIDA,84.69392763541165,"LINESTRING (-58.36684454316203 -34.60634128362213, -58.36678656482745 -34.60652716609794, -58.36671473394094 -34.60709555522154)",Q518850,Alicia Moreau de Justo,PS,politico
32949,"MOREAU DE JUSTO, ALICIA AV.",ALICIA MOREAU DE JUSTO,Puerto Madero,Puerto Madero,Puerto Madero,1.0,AVENIDA,105.8170703897756,"LINESTRING (-58.36671473394094 -34.60709555522154, -58.36660584178717 -34.608045153145596)",Q518850,Alicia Moreau de Justo,PS,politico
32950,"MOREAU DE JUSTO, ALICIA AV.",ALICIA MOREAU DE JUSTO,Puerto Madero,Puerto Madero,Puerto Madero,1.0,AVENIDA,84.77267732078928,"LINESTRING (-58.36684454316203 -34.60634128362213, -58.366866256907215 -34.60651891350884, -58.366806529126514 -34.60710245091095)",Q518850,Alicia Moreau de Justo,PS,politico
32951,"MOREAU DE JUSTO, ALICIA AV.",ALICIA MOREAU DE JUSTO,Puerto Madero,Puerto Madero,Puerto Madero,1.0,AVENIDA,105.8837486068014,"LINESTRING (-58.366806529126514 -34.60710245091095, -58.366726599797516 -34.607760599417, -58.366695574500326 -34.608052473724754)",Q518850,Alicia Moreau de Justo,PS,politico
32952,"MOREAU DE JUSTO, ALICIA AV.",ALICIA MOREAU DE JUSTO,Puerto Madero,Puerto Madero,Puerto Madero,1.0,AVENIDA,165.2418838893059,"LINESTRING (-58.366695574500326 -34.608052473724754, -58.366609849413194 -34.60881466905134, -58.36655354406274 -34.60933488234381, -58.36652778107693 -34.609535502354746)",Q518850,Alicia Moreau de Justo,PS,politico
32953,"MOREAU DE JUSTO, ALICIA AV.",ALICIA MOREAU DE JUSTO,Puerto Madero,Puerto Madero,Puerto Madero,1.0,AVENIDA,154.8509620913567,"LINESTRING (-58.36652778107693 -34.609535502354746, -58.36644731654741 -34.61020644321065, -58.36640768825116 -34.61057656238664, -58.366368858285085 -34.61092514690114)",Q518850,Alicia Moreau de Justo,PS,politico
32954,"MOREAU DE JUSTO, ALICIA AV.",ALICIA MOREAU DE JUSTO,Puerto Madero,Puerto Madero,Puerto Madero,1.0,AVENIDA,132.0077443015591,"LINESTRING (-58.366368858285085 -34.61092514690114, -58.36631803379169 -34.611386728651475, -58.36628649635772 -34.611673058541555, -58.36629149935621 -34.611806112029214, -58.36629483631195 -34.61211192055326)",Q518850,Alicia Moreau de Justo,PS,politico
32955,"MOREAU DE JUSTO, ALICIA AV.",ALICIA MOREAU DE JUSTO,Puerto Madero,Puerto Madero,Puerto Madero,1.0,AVENIDA,147.1083511689567,"LINESTRING (-58.36629483631195 -34.61211192055326, -58.366357245034514 -34.61226352195527, -58.36637855689568 -34.612565458895325, -58.36638465707084 -34.61264222306286, -58.36637836658497 -34.612729211962204, -58.36636372442176 -34.61290148235579, -58.366315788310814 -34.613317650322315, -58.366305346607874 -34.61342595793888)",Q518850,Alicia Moreau de Justo,PS,politico
32956,"MOREAU DE JUSTO, ALICIA AV.",ALICIA MOREAU DE JUSTO,Puerto Madero,Puerto Madero,Puerto Madero,1.0,AVENIDA,125.3978745459587,"LINESTRING (-58.366305346607874 -34.61342595793888, -58.366246954155336 -34.61396237377261, -58.36620322063869 -34.61431202023818, -58.36617895742821 -34.6145514472914)",Q518850,Alicia Moreau de Justo,PS,politico
32957,"MOREAU DE JUSTO, ALICIA AV.",ALICIA MOREAU DE JUSTO,Puerto Madero,Puerto Madero,Puerto Madero,1.0,AVENIDA,118.4235391690328,"LINESTRING (-58.36617895742821 -34.6145514472914, -58.36611772224884 -34.61509148544345, -58.366080224906476 -34.615400198480756, -58.366058311709615 -34.615614254131714)",Q518850,Alicia Moreau de Justo,PS,politico
32958,"MOREAU DE JUSTO, ALICIA AV.",ALICIA MOREAU DE JUSTO,Puerto Madero,Puerto Madero,Puerto Madero,1.0,AVENIDA,136.0166241320539,"LINESTRING (-58.366058311709615 -34.615614254131714, -58.366032250098975 -34.615847069843234, -58.36599788174832 -34.6161259344812, -58.36594471415356 -34.616601799559895, -58.365916356841055 -34.61683469244747)",Q518850,Alicia Moreau de Justo,PS,politico
32959,"MOREAU DE JUSTO, ALICIA AV.",ALICIA MOREAU DE JUSTO,Puerto Madero,Puerto Madero,Puerto Madero,1.0,AVENIDA,128.2669297772497,"LINESTRING (-58.365916356841055 -34.61683469244747, -58.36585303915396 -34.6173659074997, -58.36582596572336 -34.617580811797154, -58.365778205733335 -34.617841755098645, -58.36571924622075 -34.61797561020558)",Q518850,Alicia Moreau de Justo,PS,politico
32960,"EZCURRA, ENCARNACION",ENCARNACION EZCURRA,Puerto Madero,Puerto Madero,Puerto Madero,1.0,SENDERO,8.215489123125764,"LINESTRING (-58.365916356841055 -34.61683469244747, -58.36582684110415 -34.61683198324368)",Q932528,Encarnación Ezcurra,Prócer,procer
32962,"MOREAU DE JUSTO, ALICIA AV.",ALICIA MOREAU DE JUSTO,Puerto Madero,Puerto Madero,Puerto Madero,1.0,AVENIDA,118.3660916301366,"LINESTRING (-58.36608612201368 -34.61454497674273, -58.365982137499714 -34.61547346803628, -58.36596650721995 -34.615607357873394)",Q518850,Alicia Moreau de Justo,PS,politico
32963,"MOREAU DE JUSTO, ALICIA AV.",ALICIA MOREAU DE JUSTO,Puerto Madero,Puerto Madero,Puerto Madero,1.0,AVENIDA,125.2530965911601,"LINESTRING (-58.366212510946625 -34.613420766807934, -58.36608612201368 -34.61454497674273)",Q518850,Alicia Moreau de Justo,PS,politico
32964,"MOREAU DE JUSTO, ALICIA AV.",ALICIA MOREAU DE JUSTO,Puerto Madero,Puerto Madero,Puerto Madero,1.0,SENDERO,8.534278935846913,"LINESTRING (-58.366305346607874 -34.61342595793888, -58.366212510946625 -34.613420766807934)",Q518850,Alicia Moreau de Justo,PS,politico
32965,"MOREAU DE JUSTO, ALICIA AV.",ALICIA MOREAU DE JUSTO,Puerto Madero,Puerto Madero,Puerto Madero,1.0,SENDERO,8.544892981311978,"LINESTRING (-58.36617895742821 -34.6145514472914, -58.36608612201368 -34.61454497674273)",Q518850,Alicia Moreau de Justo,PS,politico
32967,"MOREAU DE JUSTO, ALICIA AV.",ALICIA MOREAU DE JUSTO,Puerto Madero,Puerto Madero,Puerto Madero,1.0,AVENIDA,154.9168415982598,"LINESTRING (-58.36644259622389 -34.60952985069187, -58.366407291805395 -34.60980790244903, -58.36630726130349 -34.610670939229244, -58.36628221465843 -34.61091996074294)",Q518850,Alicia Moreau de Justo,PS,politico
32968,"MOREAU DE JUSTO, ALICIA AV.",ALICIA MOREAU DE JUSTO,Puerto Madero,Puerto Madero,Puerto Madero,1.0,SENDERO,7.838578674419479,"LINESTRING (-58.36652778107693 -34.609535502354746, -58.36644259622389 -34.60952985069187)",Q518850,Alicia Moreau de Justo,PS,politico
32970,"MOREAU DE JUSTO, ALICIA AV.",ALICIA MOREAU DE JUSTO,Puerto Madero,Puerto Madero,Puerto Madero,1.0,SENDERO,8.454712100147837,"LINESTRING (-58.366806529126514 -34.60710245091095, -58.36671473394094 -34.60709555522154)",Q518850,Alicia Moreau de Justo,PS,politico
32988,AUTOPISTA PRESIDENTE DR. RAUL RICARDO ALFONSIN,RAUL RICARDO ALFONSIN,Recoleta,Recoleta,Recoleta,2.0,SUBIDA AUTOPISTA,37.70000137895582,"LINESTRING (-58.388839468898524 -34.577077712357, -58.38883873919126 -34.5769872020134, -58.38881859990067 -34.57687158083813, -58.38878781698099 -34.576801399413796, -58.38875316063544 -34.576751148182765)",Q193062,Raúl Alfonsín,UCR,presidente
32989,AUTOPISTA PRESIDENTE DR. RAUL RICARDO ALFONSIN,RAUL RICARDO ALFONSIN,Recoleta,Recoleta,Recoleta,2.0,SUBIDA AUTOPISTA,126.8765488727153,"LINESTRING (-58.388839468898524 -34.577077712357, -58.388890759115576 -34.57702311235685, -58.388966147484844 -34.57679592702901, -58.38901828720156 -34.57669709323644, -58.389065092989064 -34.57663453344958, -58.389111888790026 -34.576583135876085, -58.38923150742257 -34.576478761865076, -58.38948424706723 -34.57626045401853, -58.389577857383905 -34.57613533405823)",Q193062,Raúl Alfonsín,UCR,presidente
33016,"ARAOZ DE LAMADRID, GREGORIO, GRAL.",GREGORIO ARAOZ DE LAMADRID,La Boca,La Boca,La Boca,4.0,CALLE,24.85368921994128,"LINESTRING (-58.35366846410669 -34.63534050160234, -58.35393494741665 -34.63538143853827)",Q357826,Gregorio Aráoz de La Madrid,Prócer,procer
33021,"VALLE, ARISTOBULO DEL",ARISTOBULO DEL VALLE,La Boca,La Boca,La Boca,4.0,CALLE,170.8159674606887,"LINESTRING (-58.35473861458842 -34.63053709073229, -58.3564062478892 -34.63122316770727)",Q545374,Aristóbulo del Valle,Prócer,procer
33059,"LAMARCA, EMILIO",EMILIO LAMARCA,Floresta,Floresta,Floresta,10.0,SENDERO,37.78966574606022,"LINESTRING (-58.47728820229449 -34.63140934802666, -58.47743264192616 -34.63109031397784)",Q5831159,Emilio Lamarca,Prócer,procer
33062,SAN MARTIN AV.,SAN MARTIN,Villa Devoto,Villa Devoto,Villa Devoto,11.0,AVENIDA,35.33238432938441,"LINESTRING (-58.50234864551536 -34.59497100937927, -58.50270067442017 -34.594841816213815)",Q134160,José de San Martín,Prócer,procer
33091,AUTOPISTA 1 SUR PRESIDENTE ARTURO FRONDIZI,1 SUR ARTURO FRONDIZI,Barracas,Barracas,Barracas,4.0,BAJADA AUTOPISTA,47.35327744389107,"LINESTRING (-58.37636715460059 -34.6422716694784, -58.376496773301106 -34.64268485751345)",Q346658,Arturo Frondizi,UCR,presidente
33092,AUTOPISTA 1 SUR PRESIDENTE ARTURO FRONDIZI,1 SUR ARTURO FRONDIZI,Barracas,Barracas,Barracas,4.0,BAJADA AUTOPISTA,95.80232196790539,"LINESTRING (-58.37636715460059 -34.6422716694784, -58.37633757013626 -34.642358690855886, -58.37628413023483 -34.642419020917536, -58.37616471514951 -34.64243751047869, -58.37605795406814 -34.64244439971054, -58.3758683889766 -34.6423838957735, -58.37569992691976 -34.64229206168477, -58.37552700222937 -34.64219148831955)",Q346658,Arturo Frondizi,UCR,presidente
33094,AUTOPISTA 1 SUR PRESIDENTE ARTURO FRONDIZI,1 SUR ARTURO FRONDIZI,Barracas,Barracas,Barracas,4.0,BAJADA AUTOPISTA,64.44558587587431,"LINESTRING (-58.37695652959013 -34.639785355929476, -58.37698571609318 -34.64008489576102, -58.377093345924365 -34.640350824684575)",Q346658,Arturo Frondizi,UCR,presidente
33095,AUTOPISTA 1 SUR PRESIDENTE ARTURO FRONDIZI,1 SUR ARTURO FRONDIZI,Barracas,Barracas,Barracas,4.0,BAJADA AUTOPISTA,52.94433564078371,"LINESTRING (-58.37695652959013 -34.639785355929476, -58.37690729599447 -34.63985497668565, -58.376863710879256 -34.639895578248904, -58.37680046716723 -34.63993036121967, -58.37670351750713 -34.639960476520855, -58.37658833921326 -34.63996039468329, -58.37647082979943 -34.63994257118484)",Q346658,Arturo Frondizi,UCR,presidente
