{
"type": "FeatureCollection",
"name": "circuitos-electorales",
"features": [
{ "type": "Feature", "properties": { "ID": "001", "CIRCUITO_N": 1, "COMUNA": 1, "BARRIO": "SAN TELMO", "TOTAL": 11377.0, "MASCULINO": 5695.0, "FEMENINO": 5682.0, "PERIMETRO": 4157.1755628299998, "AREA": 709721.55022900004 }, "geometry": { "type": "MultiPolygon", "coordinates": [ [ [ [ 108905.977294921875, 100976.2786865234375 ], [ 108917.1636962890625, 100856.00128173828125 ], [ 108937.22650146484375, 100613.0963134765625 ], [ 108937.977294921875, 100598.63311767578125 ], [ 108941.837890625, 100581.63909912109375 ], [ 108970.6370849609375, 100583.5994873046875 ], [ 109097.069091796875, 100501.44091796875 ], [ 109150.9136962890625, 100470.58392333984375 ], [ 109156.1602783203125, 100455.48052978515625 ], [ 108878.42388916015625, 100448.2589111328125 ], [ 108741.20147705078125, 100447.59869384765625 ], [ 108743.14849853515625, 100231.909912109375 ], [ 108730.03167724609375, 100226.32867431640625 ], [ 108715.90032958984375, 100212.45550537109375 ], [ 108682.522705078125, 100177.3175048828125 ], [ 108607.25408935546875, 100101.580322265625 ], [ 108495.10211181640625, 99970.68048095703125 ], [ 108467.40008544921875, 100286.7322998046875 ], [ 108435.87872314453125, 100285.421875 ], [ 108321.63128662109375, 100276.22991943359375 ], [ 108137.13092041015625, 100270.3184814453125 ], [ 108044.55487060546875, 100214.50592041015625 ], [ 107984.985107421875, 100327.521484375 ], [ 107936.8739013671875, 100456.7908935546875 ], [ 107906.6724853515625, 100638.01190185546875 ], [ 107893.67950439453125, 100798.00830078125 ], [ 107893.0772705078125, 100925.56707763671875 ], [ 107893.01129150390625, 100928.05767822265625 ], [ 108030.2996826171875, 100932.95892333984375 ], [ 108124.1461181640625, 100938.4801025390625 ], [ 108212.47369384765625, 100941.24072265625 ], [ 108327.01812744140625, 100945.3817138671875 ], [ 108471.9290771484375, 100950.90289306640625 ], [ 108560.2567138671875, 100949.52252197265625 ], [ 108695.50750732421875, 100957.80450439453125 ], [ 108836.27728271484375, 100970.21728515625 ], [ 108905.977294921875, 100976.2786865234375 ] ] ] ] } },
{ "type": "Feature", "properties": { "ID": "002", "CIRCUITO_N": 2, "COMUNA": 1, "BARRIO": "SAN TELMO", "TOTAL": 11365.0, "MASCULINO": 5870.0, "FEMENINO": 5495.0, "PERIMETRO": 3045.8587348900001, "AREA": 523430.86001399998 }, "geometry": { "type": "MultiPolygon", "coordinates": [ [ [ [ 107881.92388916015625, 101308.223876953125 ], [ 107875.6624755859375, 101437.0631103515625 ], [ 108008.1248779296875, 101443.814697265625 ], [ 108076.29071044921875, 101453.86688232421875 ], [ 108143.29327392578125, 101460.0283203125 ], [ 108270.3441162109375, 101465.4296875 ], [ 108398.830078125, 101466.0496826171875 ], [ 108399.894287109375, 101470.28070068359375 ], [ 108503.6981201171875, 101479.292724609375 ], [ 108533.3551025390625, 101483.523681640625 ], [ 108856.4224853515625, 101508.94952392578125 ], [ 108905.977294921875, 100976.2786865234375 ], [ 108836.27728271484375, 100970.21728515625 ], [ 108695.50750732421875, 100957.80450439453125 ], [ 108560.2567138671875, 100949.52252197265625 ], [ 108471.9290771484375, 100950.90289306640625 ], [ 108327.01812744140625, 100945.3817138671875 ], [ 108212.47369384765625, 100941.24072265625 ], [ 108124.1461181640625, 100938.4801025390625 ], [ 108030.2996826171875, 100932.95892333984375 ], [ 107893.01129150390625, 100928.05767822265625 ], [ 107881.92388916015625, 101308.223876953125 ] ] ] ] } },
{ "type": "Feature", "properties": { "ID": "003", "CIRCUITO_N": 3, "COMUNA": 1, "BARRIO": "PUERTO MADERO", "TOTAL": 702.0, "MASCULINO": 416.0, "FEMENINO": 286.0, "PERIMETRO": 14439.585623200001, "AREA": 4248032.90197 }, "geometry": { "type": "MultiPolygon", "coordinates": [ [ [ [ 109724.49407958984375, 103784.92547607421875 ], [ 109730.54931640625, 103781.294677734375 ], [ 109743.46807861328125, 103780.78472900390625 ], [ 109753.8046875, 103777.16387939453125 ], [ 109763.110107421875, 103770.44232177734375 ], [ 109768.89288330078125, 103770.7423095703125 ], [ 109799.8450927734375, 103755.39892578125 ], [ 109817.8372802734375, 103749.3175048828125 ], [ 109845.88568115234375, 103743.49627685546875 ], [ 109873.4061279296875, 103742.1759033203125 ], [ 109886.89410400390625, 103739.52532958984375 ], [ 109917.32647705078125, 103724.7119140625 ], [ 109920.23028564453125, 103715.44989013671875 ], [ 109926.8629150390625, 103710.96868896484375 ], [ 109936.90252685546875, 103688.1937255859375 ], [ 109955.95068359375, 103679.46173095703125 ], [ 109973.15087890625, 103678.9315185546875 ], [ 109978.71112060546875, 103674.17047119140625 ], [ 109998.81512451171875, 103663.58807373046875 ], [ 110015.305908203125, 103653.77587890625 ], [ 110031.42547607421875, 103644.1837158203125 ], [ 110068.66387939453125, 103615.43707275390625 ], [ 110078.19207763671875, 103608.55548095703125 ], [ 110091.152099609375, 103591.3616943359375 ], [ 110113.9124755859375, 103569.9268798828125 ], [ 110135.60870361328125, 103520.7156982421875 ], [ 110151.74468994140625, 103501.13128662109375 ], [ 110174.76092529296875, 103470.18408203125 ], [ 110200.16107177734375, 103459.33172607421875 ], [ 110213.65728759765625, 103444.77850341796875 ], [ 110229.26531982421875, 103420.96307373046875 ], [ 110243.55352783203125, 103404.559326171875 ], [ 110253.345703125, 103393.4468994140625 ], [ 110271.6019287109375, 103378.37347412109375 ], [ 110287.473876953125, 103361.69970703125 ], [ 110306.5302734375, 103346.88629150390625 ], [ 110315.25830078125, 103342.1251220703125 ], [ 110332.19451904296875, 103334.7135009765625 ], [ 110339.60247802734375, 103325.71148681640625 ], [ 110348.06671142578125, 103319.90008544921875 ], [ 110363.6746826171875, 103295.5546875 ], [ 110373.994873046875, 103286.032470703125 ], [ 110392.2510986328125, 103257.1859130859375 ], [ 110404.68310546875, 103245.54327392578125 ], [ 110417.65130615234375, 103229.1395263671875 ], [ 110434.05950927734375, 103215.91650390625 ], [ 110453.10772705078125, 103205.59429931640625 ], [ 110505.49212646484375, 103148.4412841796875 ], [ 110520.57208251953125, 103140.76947021484375 ], [ 110531.15631103515625, 103138.91912841796875 ], [ 110539.3563232421875, 103137.85888671875 ], [ 110548.35650634765625, 103129.9271240234375 ], [ 110569.52490234375, 103118.0142822265625 ], [ 110574.5487060546875, 103113.5233154296875 ], [ 110601.2689208984375, 103092.0885009765625 ], [ 110617.67730712890625, 103088.917724609375 ], [ 110621.38128662109375, 103084.146728515625 ], [ 110630.90948486328125, 103080.97589111328125 ], [ 110645.989501953125, 103065.102294921875 ], [ 110655.2454833984375, 103058.22088623046875 ], [ 110662.12548828125, 103046.318115234375 ], [ 110666.09368896484375, 103034.4052734375 ], [ 110668.21368408203125, 103020.65228271484375 ], [ 110674.56591796875, 103014.3009033203125 ], [ 110676.14971923828125, 103004.24847412109375 ], [ 110682.2379150390625, 102991.54571533203125 ], [ 110685.67791748046875, 102988.10491943359375 ], [ 110684.877685546875, 102983.34368896484375 ], [ 110689.909912109375, 102971.70111083984375 ], [ 110691.22991943359375, 102939.16387939453125 ], [ 110699.57012939453125, 102928.8115234375 ], [ 110699.96612548828125, 102923.02008056640625 ], [ 110694.93389892578125, 102919.04931640625 ], [ 110693.35009765625, 102902.6455078125 ], [ 110699.42987060546875, 102885.45147705078125 ], [ 110700.75811767578125, 102879.36029052734375 ], [ 110706.04608154296875, 102859.785888671875 ], [ 110702.077880859375, 102842.8519287109375 ], [ 110707.902099609375, 102828.5587158203125 ], [ 110710.5421142578125, 102804.7532958984375 ], [ 110709.7501220703125, 102796.02130126953125 ], [ 110716.630126953125, 102774.58648681640625 ], [ 110715.83807373046875, 102766.38470458984375 ], [ 110723.7742919921875, 102742.83929443359375 ], [ 110726.42230224609375, 102727.4957275390625 ], [ 110730.39031982421875, 102711.88232421875 ], [ 110737.50152587890625, 102707.09112548828125 ], [ 110743.3585205078125, 102699.70947265625 ], [ 110752.614501953125, 102686.48651123046875 ], [ 110751.03070068359375, 102674.043701171875 ], [ 110746.2623291015625, 102665.58172607421875 ], [ 110747.32647705078125, 102645.20709228515625 ], [ 110743.886474609375, 102640.17608642578125 ], [ 110745.20648193359375, 102615.310302734375 ], [ 110748.38250732421875, 102599.43670654296875 ], [ 110749.17449951171875, 102574.30108642578125 ], [ 110751.5584716796875, 102564.24871826171875 ], [ 110753.406494140625, 102542.54388427734375 ], [ 110762.9346923828125, 102518.20831298828125 ], [ 110770.606689453125, 102497.04351806640625 ], [ 110783.0386962890625, 102477.1990966796875 ], [ 110793.88690185546875, 102463.1759033203125 ], [ 110832.25531005859375, 102438.5703125 ], [ 110840.9832763671875, 102427.9879150390625 ], [ 110857.655517578125, 102413.6947021484375 ], [ 110871.41571044921875, 102406.02288818359375 ], [ 110887.28790283203125, 102392.25970458984375 ], [ 110942.58428955078125, 102359.4522705078125 ], [ 110978.5687255859375, 102322.41387939453125 ], [ 110992.85687255859375, 102311.301513671875 ], [ 111013.7611083984375, 102294.897705078125 ], [ 111029.10528564453125, 102280.614501953125 ], [ 111063.49749755859375, 102243.56610107421875 ], [ 111086.785888671875, 102220.8109130859375 ], [ 111106.82391357421875, 102201.676513671875 ], [ 111123.82611083984375, 102190.3839111328125 ], [ 111151.6104736328125, 102158.89691162109375 ], [ 111174.626708984375, 102145.4036865234375 ], [ 111191.56292724609375, 102121.8585205078125 ], [ 111196.5869140625, 102107.8353271484375 ], [ 111229.923095703125, 102057.30389404296875 ], [ 111229.65911865234375, 102030.847900390625 ], [ 111231.51531982421875, 102019.73529052734375 ], [ 111236.539306640625, 101992.2091064453125 ], [ 111239.4512939453125, 101980.3062744140625 ], [ 111255.323486328125, 101922.36328125 ], [ 111268.0277099609375, 101879.2335205078125 ], [ 111275.43572998046875, 101857.53851318359375 ], [ 111281.251708984375, 101819.96990966796875 ], [ 111287.3397216796875, 101775.5198974609375 ], [ 111303.73968505859375, 101724.18829345703125 ], [ 111310.619873046875, 101701.43310546875 ], [ 111314.32391357421875, 101653.0220947265625 ], [ 111314.05987548828125, 101625.23590087890625 ], [ 111321.2041015625, 101590.577880859375 ], [ 111322.53228759765625, 101571.523681640625 ], [ 111322.44970703125, 101502.56787109375 ], [ 111321.385498046875, 101452.82672119140625 ], [ 111308.9534912109375, 101432.45208740234375 ], [ 111296.24932861328125, 101418.6890869140625 ], [ 111260.2730712890625, 101381.92071533203125 ], [ 111242.00872802734375, 101365.38690185546875 ], [ 111232.752685546875, 101364.98687744140625 ], [ 111209.7366943359375, 101357.31512451171875 ], [ 111197.29632568359375, 101357.8350830078125 ], [ 111166.080078125, 101360.2156982421875 ], [ 111109.719482421875, 101364.18670654296875 ], [ 111090.67132568359375, 101363.926513671875 ], [ 111068.44708251953125, 101361.80609130859375 ], [ 111055.21490478515625, 101357.31512451171875 ], [ 111035.11090087890625, 101355.72467041015625 ], [ 111019.4945068359375, 101350.6934814453125 ], [ 111006.00653076171875, 101342.49169921875 ], [ 110969.49432373046875, 101329.5286865234375 ], [ 110941.181884765625, 101323.17730712890625 ], [ 110919.46087646484375, 101315.22552490234375 ], [ 110914.552490234375, 101314.9954833984375 ], [ 110905.18927001953125, 101313.16510009765625 ], [ 110901.08111572265625, 101312.02471923828125 ], [ 110898.9114990234375, 101310.08428955078125 ], [ 110891.602294921875, 101305.86328125 ], [ 110887.49407958984375, 101304.37310791015625 ], [ 110878.24627685546875, 101304.49310302734375 ], [ 110876.07672119140625, 101303.5828857421875 ], [ 110847.8717041015625, 101302.78271484375 ], [ 110839.424072265625, 101301.18231201171875 ], [ 110820.01312255859375, 101301.29229736328125 ], [ 110797.97869873046875, 101311.6846923828125 ], [ 110788.95367431640625, 101310.31427001953125 ], [ 110782.67572021484375, 101308.944091796875 ], [ 110778.33648681640625, 101308.48388671875 ], [ 110775.944091796875, 101308.944091796875 ], [ 110772.97430419921875, 101310.4844970703125 ], [ 110770.8046875, 101314.885498046875 ], [ 110762.69549560546875, 101315.33551025390625 ], [ 110758.13348388671875, 101319.44647216796875 ], [ 110750.36248779296875, 101318.76629638671875 ], [ 110741.57672119140625, 101318.64630126953125 ], [ 110735.06768798828125, 101318.42633056640625 ], [ 110731.98248291015625, 101316.9359130859375 ], [ 110726.3892822265625, 101316.9359130859375 ], [ 110725.82012939453125, 101315.565673828125 ], [ 110725.93548583984375, 101312.48492431640625 ], [ 110723.3040771484375, 101303.92291259765625 ], [ 110721.0189208984375, 101302.2125244140625 ], [ 110716.34149169921875, 101300.49212646484375 ], [ 110711.7711181640625, 101300.382080078125 ], [ 110707.8939208984375, 101301.64251708984375 ], [ 110706.52447509765625, 101305.5233154296875 ], [ 110711.88671875, 101312.48492431640625 ], [ 110710.97088623046875, 101314.5352783203125 ], [ 110705.72430419921875, 101314.5352783203125 ], [ 110705.0396728515625, 101316.02569580078125 ], [ 110706.747314453125, 101318.99627685546875 ], [ 110705.2623291015625, 101318.76629638671875 ], [ 110703.10089111328125, 101317.1658935546875 ], [ 110702.0697021484375, 101315.115478515625 ], [ 110699.78472900390625, 101314.6552734375 ], [ 110696.4766845703125, 101317.1658935546875 ], [ 110691.568115234375, 101317.6260986328125 ], [ 110691.2216796875, 101316.13568115234375 ], [ 110692.47552490234375, 101313.96527099609375 ], [ 110695.90728759765625, 101311.9146728515625 ], [ 110698.07708740234375, 101308.8341064453125 ], [ 110699.66912841796875, 101305.63330078125 ], [ 110699.21551513671875, 101301.52227783203125 ], [ 110696.9302978515625, 101298.90191650390625 ], [ 110693.8037109375, 101297.87152099609375 ], [ 110682.20489501953125, 101302.8927001953125 ], [ 110679.99407958984375, 101302.98272705078125 ], [ 110671.587890625, 101306.093505859375 ], [ 110661.99371337890625, 101306.54351806640625 ], [ 110661.42449951171875, 101309.404296875 ], [ 110663.70947265625, 101312.48492431640625 ], [ 110657.88531494140625, 101311.794677734375 ], [ 110653.66168212890625, 101313.6251220703125 ], [ 110649.6605224609375, 101315.68572998046875 ], [ 110642.47528076171875, 101317.71612548828125 ], [ 110639.25787353515625, 101321.306884765625 ], [ 110627.74169921875, 101324.47772216796875 ], [ 110620.77911376953125, 101327.768310546875 ], [ 110617.2401123046875, 101331.4390869140625 ], [ 110610.61572265625, 101334.7498779296875 ], [ 110610.5496826171875, 101336.7003173828125 ], [ 110607.546875, 101338.62091064453125 ], [ 110600.138671875, 101342.32171630859375 ], [ 110591.938720703125, 101349.9932861328125 ], [ 110581.8826904296875, 101354.4945068359375 ], [ 110574.4744873046875, 101353.43408203125 ], [ 110563.8905029296875, 101356.084716796875 ], [ 110554.3704833984375, 101358.72528076171875 ], [ 110547.49029541015625, 101363.22650146484375 ], [ 110538.4901123046875, 101364.54669189453125 ], [ 110525.59613037109375, 101363.136474609375 ], [ 110522.61810302734375, 101364.28668212890625 ], [ 110514.94610595703125, 101364.81671142578125 ], [ 110506.48211669921875, 101362.6962890625 ], [ 110496.16192626953125, 101361.9061279296875 ], [ 110490.6016845703125, 101369.30767822265625 ], [ 110476.5775146484375, 101374.33892822265625 ], [ 110469.35107421875, 101368.35748291015625 ], [ 110461.48907470703125, 101359.67547607421875 ], [ 110428.92828369140625, 101350.99371337890625 ], [ 110414.27728271484375, 101343.93212890625 ], [ 110408.30450439453125, 101343.12188720703125 ], [ 110404.1962890625, 101338.59088134765625 ], [ 110396.09527587890625, 101337.42047119140625 ], [ 110392.84490966796875, 101335.52008056640625 ], [ 110386.60009765625, 101330.63909912109375 ], [ 110371.1405029296875, 101332.80950927734375 ], [ 110366.52911376953125, 101329.82891845703125 ], [ 110366.25689697265625, 101313.0048828125 ], [ 110363.64990234375, 101308.99407958984375 ], [ 110359.2034912109375, 101302.15252685546875 ], [ 110344.00787353515625, 101290.48992919921875 ], [ 110337.49908447265625, 101277.4669189453125 ], [ 110339.668701171875, 101261.9935302734375 ], [ 110335.59332275390625, 101245.7197265625 ], [ 110329.356689453125, 101235.40728759765625 ], [ 110316.4957275390625, 101225.455078125 ], [ 110358.38671875, 101229.43609619140625 ], [ 110377.3770751953125, 101216.96331787109375 ], [ 110386.60009765625, 101218.58367919921875 ], [ 110398.00091552734375, 101226.455322265625 ], [ 110409.66571044921875, 101220.484130859375 ], [ 110403.4208984375, 101204.2103271484375 ], [ 110398.809326171875, 101199.59930419921875 ], [ 110392.30047607421875, 101194.7081298828125 ], [ 110381.444091796875, 101191.18731689453125 ], [ 110380.09130859375, 101181.41510009765625 ], [ 110393.27392578125, 101173.2633056640625 ], [ 110393.65350341796875, 101164.86151123046875 ], [ 110367.88189697265625, 101158.07989501953125 ], [ 110359.73968505859375, 101171.923095703125 ], [ 110353.23089599609375, 101173.0032958984375 ], [ 110342.1104736328125, 101186.02630615234375 ], [ 110324.47308349609375, 101183.315673828125 ], [ 110327.73150634765625, 101174.9036865234375 ], [ 110340.74932861328125, 101168.66229248046875 ], [ 110343.7520751953125, 101164.12127685546875 ], [ 110354.28668212890625, 101151.1082763671875 ], [ 110356.761474609375, 101140.71588134765625 ], [ 110350.2445068359375, 101133.12432861328125 ], [ 110338.5797119140625, 101131.013671875 ], [ 110329.62890625, 101119.56109619140625 ], [ 110328.54010009765625, 101114.67010498046875 ], [ 110314.9779052734375, 101114.1298828125 ], [ 110287.3748779296875, 101099.68670654296875 ], [ 110279.45550537109375, 101098.926513671875 ], [ 110278.18487548828125, 101098.94647216796875 ], [ 110267.8319091796875, 101099.11651611328125 ], [ 110256.05987548828125, 101102.3472900390625 ], [ 110252.89190673828125, 101108.00848388671875 ], [ 110251.21728515625, 101115.10009765625 ], [ 110245.1539306640625, 101110.12908935546875 ], [ 110242.654296875, 101108.0784912109375 ], [ 110248.330078125, 101097.1561279296875 ], [ 110256.40631103515625, 101093.75531005859375 ], [ 110239.30511474609375, 101081.82269287109375 ], [ 110227.2689208984375, 101073.55072021484375 ], [ 110214.74627685546875, 101064.9287109375 ], [ 110187.539306640625, 101063.49847412109375 ], [ 110156.97491455078125, 101073.50067138671875 ], [ 110155.33331298828125, 101074.0408935546875 ], [ 110143.6270751953125, 101048.26507568359375 ], [ 110138.33087158203125, 101048.80511474609375 ], [ 110123.3084716796875, 101050.2454833984375 ], [ 110121.81549072265625, 101050.4854736328125 ], [ 110121.64227294921875, 101050.92547607421875 ], [ 110121.6339111328125, 101050.92547607421875 ], [ 110113.1204833984375, 101065.138671875 ], [ 110107.6593017578125, 101074.24090576171875 ], [ 110068.0286865234375, 101088.94427490234375 ], [ 110031.6812744140625, 101065.56890869140625 ], [ 110016.9888916015625, 101056.126708984375 ], [ 110000.88592529296875, 101082.47271728515625 ], [ 109919.207275390625, 101072.97052001953125 ], [ 109913.6636962890625, 101086.25347900390625 ], [ 109886.77032470703125, 101153.9788818359375 ], [ 109858.01251220703125, 101232.27667236328125 ], [ 109840.7626953125, 101285.11871337890625 ], [ 109818.66229248046875, 101256.59228515625 ], [ 109810.00030517578125, 101244.26947021484375 ], [ 109798.013671875, 101235.947509765625 ], [ 109787.6937255859375, 101222.62451171875 ], [ 109738.3450927734375, 101159.2100830078125 ], [ 109642.4857177734375, 101036.02227783203125 ], [ 109640.48931884765625, 101033.46148681640625 ], [ 109538.5831298828125, 100904.90252685546875 ], [ 109471.30828857421875, 100820.9835205078125 ], [ 109466.72149658203125, 100815.33209228515625 ], [ 109432.6759033203125, 100773.3626708984375 ], [ 109405.69989013671875, 100739.05487060546875 ], [ 109348.415283203125, 100666.45849609375 ], [ 109322.77569580078125, 100632.15069580078125 ], [ 109311.25128173828125, 100616.80712890625 ], [ 109299.6771240234375, 100601.273681640625 ], [ 109291.29571533203125, 100590.0311279296875 ], [ 109268.14752197265625, 100559.674072265625 ], [ 109233.0458984375, 100513.6436767578125 ], [ 109190.30511474609375, 100456.7908935546875 ], [ 109156.1602783203125, 100455.48052978515625 ], [ 109150.9136962890625, 100470.58392333984375 ], [ 109097.069091796875, 100501.44091796875 ], [ 108970.6370849609375, 100583.5994873046875 ], [ 108941.837890625, 100581.63909912109375 ], [ 108937.977294921875, 100598.63311767578125 ], [ 108937.22650146484375, 100613.0963134765625 ], [ 108917.1636962890625, 100856.00128173828125 ], [ 108905.977294921875, 100976.2786865234375 ], [ 108856.4224853515625, 101508.94952392578125 ], [ 108821.0321044921875, 101896.50732421875 ], [ 108832.8948974609375, 101897.67767333984375 ], [ 108868.78851318359375, 101895.787109375 ], [ 108976.16412353515625, 101903.18890380859375 ], [ 109111.29949951171875, 101912.450927734375 ], [ 109135.37152099609375, 101912.450927734375 ], [ 109146.47528076171875, 101936.5164794921875 ], [ 109170.539306640625, 101943.9180908203125 ], [ 109494.50592041015625, 101969.83392333984375 ], [ 109527.82568359375, 101971.684326171875 ], [ 109551.897705078125, 101967.9835205078125 ], [ 109588.92169189453125, 101977.2357177734375 ], [ 109583.36968994140625, 101997.60028076171875 ], [ 109587.06549072265625, 102032.7783203125 ], [ 109590.76947021484375, 102053.14288330078125 ], [ 109555.593505859375, 102154.95587158203125 ], [ 109390.83428955078125, 102730.6865234375 ], [ 109216.819091796875, 103328.632080078125 ], [ 109175.010498046875, 103466.47332763671875 ], [ 109169.19451904296875, 103489.70867919921875 ], [ 109155.772705078125, 103541.11029052734375 ], [ 109152.002685546875, 103554.623291015625 ], [ 109160.9368896484375, 103556.91387939453125 ], [ 109159.2291259765625, 103561.22491455078125 ], [ 109173.9957275390625, 103564.9957275390625 ], [ 109207.30731201171875, 103583.21990966796875 ], [ 109281.78387451171875, 103624.70928955078125 ], [ 109364.122314453125, 103669.95947265625 ], [ 109383.5828857421875, 103680.671875 ], [ 109426.340087890625, 103704.207275390625 ], [ 109464.99749755859375, 103725.58209228515625 ], [ 109544.8939208984375, 103769.73211669921875 ], [ 109611.17047119140625, 103776.35369873046875 ], [ 109676.910888671875, 103780.114501953125 ], [ 109688.4932861328125, 103780.77471923828125 ], [ 109721.9202880859375, 103786.4259033203125 ], [ 109722.019287109375, 103786.4359130859375 ], [ 109724.49407958984375, 103784.92547607421875 ] ], [ [ 108977.28607177734375, 101857.53851318359375 ], [ 108976.80767822265625, 101857.52850341796875 ], [ 108976.2467041015625, 101857.478515625 ], [ 108975.81768798828125, 101857.26849365234375 ], [ 108975.41351318359375, 101857.12847900390625 ], [ 108974.93511962890625, 101856.95831298828125 ], [ 108974.38232421875, 101856.6583251953125 ], [ 108973.912109375, 101856.2880859375 ], [ 108973.5242919921875, 101855.7880859375 ], [ 108973.12847900390625, 101855.26788330078125 ], [ 108972.86431884765625, 101854.80792236328125 ], [ 108972.69927978515625, 101854.33770751953125 ], [ 108972.6417236328125, 101853.82769775390625 ], [ 108972.58392333984375, 101853.39752197265625 ], [ 108972.57568359375, 101852.7874755859375 ], [ 108972.6746826171875, 101852.1273193359375 ], [ 108972.773681640625, 101851.4171142578125 ], [ 108972.93048095703125, 101850.4769287109375 ], [ 109000.1702880859375, 101559.09088134765625 ], [ 109006.1016845703125, 101499.2373046875 ], [ 109024.828125, 101297.86151123046875 ], [ 109025.1580810546875, 101295.5010986328125 ], [ 109025.1580810546875, 101294.1207275390625 ], [ 109025.347900390625, 101293.490478515625 ], [ 109025.51287841796875, 101292.96051025390625 ], [ 109025.98309326171875, 101292.330322265625 ], [ 109026.4945068359375, 101291.86029052734375 ], [ 109026.989501953125, 101291.4600830078125 ], [ 109027.58349609375, 101291.19012451171875 ], [ 109028.02069091796875, 101291.05010986328125 ], [ 109028.7301025390625, 101291.01007080078125 ], [ 109029.75311279296875, 101291.06011962890625 ], [ 109030.6934814453125, 101291.18011474609375 ], [ 109086.51788330078125, 101296.2213134765625 ], [ 109087.38409423828125, 101296.2410888671875 ], [ 109088.5308837890625, 101296.41131591796875 ], [ 109089.31451416015625, 101296.4813232421875 ], [ 109090.164306640625, 101296.39129638671875 ], [ 109090.848876953125, 101296.25128173828125 ], [ 109091.59967041015625, 101295.9910888671875 ], [ 109092.33392333984375, 101295.82110595703125 ], [ 109093.03509521484375, 101295.2310791015625 ], [ 109093.6536865234375, 101294.910888671875 ], [ 109094.28070068359375, 101294.16070556640625 ], [ 109094.75091552734375, 101293.5806884765625 ], [ 109095.089111328125, 101292.98052978515625 ], [ 109095.36151123046875, 101292.040283203125 ], [ 109098.2156982421875, 101261.643310546875 ], [ 109117.5938720703125, 101263.3037109375 ], [ 109114.99530029296875, 101291.6201171875 ], [ 109114.87969970703125, 101292.330322265625 ], [ 109114.813720703125, 101293.17047119140625 ], [ 109114.92108154296875, 101293.91070556640625 ], [ 109115.08587646484375, 101294.680908203125 ], [ 109115.27569580078125, 101295.39111328125 ], [ 109115.74591064453125, 101296.34130859375 ], [ 109116.26568603515625, 101297.12152099609375 ], [ 109116.76068115234375, 101297.6614990234375 ], [ 109117.2886962890625, 101298.08172607421875 ], [ 109117.84130859375, 101298.44171142578125 ], [ 109118.526123046875, 101298.76171875 ], [ 109119.33447265625, 101298.951904296875 ], [ 109120.20068359375, 101299.1019287109375 ], [ 109120.8607177734375, 101299.16192626953125 ], [ 109179.19287109375, 101304.153076171875 ], [ 109180.1580810546875, 101304.203125 ], [ 109180.89227294921875, 101304.24310302734375 ], [ 109181.52752685546875, 101304.50311279296875 ], [ 109182.13812255859375, 101304.7730712890625 ], [ 109182.61651611328125, 101305.08331298828125 ], [ 109183.08673095703125, 101305.45330810546875 ], [ 109183.58172607421875, 101306.2235107421875 ], [ 109183.87872314453125, 101306.8134765625 ], [ 109184.117919921875, 101307.53387451171875 ], [ 109184.07672119140625, 101308.5540771484375 ], [ 109183.97772216796875, 101309.5142822265625 ], [ 109183.87872314453125, 101310.7344970703125 ], [ 109166.4227294921875, 101499.207275390625 ], [ 109132.3438720703125, 101865.8604736328125 ], [ 109132.21209716796875, 101866.88067626953125 ], [ 109132.09649658203125, 101868.33087158203125 ], [ 109131.99749755859375, 101869.2711181640625 ], [ 109131.7501220703125, 101869.87127685546875 ], [ 109131.560302734375, 101870.48150634765625 ], [ 109131.2880859375, 101870.95147705078125 ], [ 109130.7930908203125, 101871.501708984375 ], [ 109130.1248779296875, 101871.8616943359375 ], [ 109129.48150634765625, 101872.181884765625 ], [ 109128.2523193359375, 101872.3519287109375 ], [ 109127.0806884765625, 101872.3218994140625 ], [ 109125.56292724609375, 101872.0718994140625 ], [ 109068.46807861328125, 101866.48052978515625 ], [ 109067.35430908203125, 101866.33050537109375 ], [ 109066.4468994140625, 101866.22052001953125 ], [ 109065.19287109375, 101866.3704833984375 ], [ 109064.34332275390625, 101866.80047607421875 ], [ 109063.5430908203125, 101867.14068603515625 ], [ 109063.048095703125, 101867.56072998046875 ], [ 109062.4541015625, 101868.10089111328125 ], [ 109062.0499267578125, 101868.80108642578125 ], [ 109061.6787109375, 101869.53131103515625 ], [ 109061.45587158203125, 101870.1912841796875 ], [ 109061.20849609375, 101871.051513671875 ], [ 109061.05169677734375, 101871.93170166015625 ], [ 109058.469482421875, 101901.04827880859375 ], [ 109039.2977294921875, 101899.04791259765625 ], [ 109041.78912353515625, 101872.3319091796875 ], [ 109041.91290283203125, 101871.57171630859375 ], [ 109042.044677734375, 101870.63153076171875 ], [ 109042.0364990234375, 101870.02130126953125 ], [ 109042.044677734375, 101869.51129150390625 ], [ 109042.02008056640625, 101868.67108154296875 ], [ 109041.90447998046875, 101868.180908203125 ], [ 109041.71490478515625, 101867.54071044921875 ], [ 109041.434326171875, 101866.6405029296875 ], [ 109041.02191162109375, 101865.97052001953125 ], [ 109040.60107421875, 101865.40032958984375 ], [ 109039.95770263671875, 101864.90008544921875 ], [ 109039.25653076171875, 101864.4700927734375 ], [ 109038.728515625, 101864.2000732421875 ], [ 109038.02728271484375, 101863.95989990234375 ], [ 109037.03729248046875, 101863.69989013671875 ], [ 109035.9979248046875, 101863.56988525390625 ], [ 108999.90631103515625, 101860.0791015625 ], [ 108977.28607177734375, 101857.53851318359375 ] ], [ [ 109082.42608642578125, 100649.6746826171875 ], [ 109082.5828857421875, 100648.71429443359375 ], [ 109082.6737060546875, 100647.72412109375 ], [ 109082.72308349609375, 100647.0640869140625 ], [ 109082.78912353515625, 100646.55389404296875 ], [ 109082.83868408203125, 100645.87371826171875 ], [ 109082.9788818359375, 100645.49371337890625 ], [ 109083.21807861328125, 100645.14349365234375 ], [ 109083.74609375, 100644.603515625 ], [ 109084.340087890625, 100644.55352783203125 ], [ 109084.76910400390625, 100644.51348876953125 ], [ 109085.280517578125, 100644.4534912109375 ], [ 109085.81671142578125, 100644.4534912109375 ], [ 109224.8704833984375, 100656.44610595703125 ], [ 109225.49749755859375, 100656.57611083984375 ], [ 109226.25653076171875, 100656.6260986328125 ], [ 109226.99072265625, 100656.70611572265625 ], [ 109227.75787353515625, 100656.686279296875 ], [ 109228.3682861328125, 100656.6060791015625 ], [ 109228.9622802734375, 100656.3961181640625 ], [ 109229.56451416015625, 100656.08612060546875 ], [ 109229.9769287109375, 100655.74591064453125 ], [ 109230.323486328125, 100655.4459228515625 ], [ 109288.29290771484375, 100609.405517578125 ], [ 109292.26910400390625, 100606.58489990234375 ], [ 109303.9503173828125, 100621.67828369140625 ], [ 109296.03912353515625, 100627.84967041015625 ], [ 109243.39068603515625, 100669.74908447265625 ], [ 109242.83807373046875, 100670.1593017578125 ], [ 109242.34307861328125, 100670.59930419921875 ], [ 109241.94708251953125, 100670.989501953125 ], [ 109241.64190673828125, 100671.6195068359375 ], [ 109241.33648681640625, 100672.26971435546875 ], [ 109241.05609130859375, 100673.06988525390625 ], [ 109240.98187255859375, 100673.68011474609375 ], [ 109211.844482421875, 100999.16387939453125 ], [ 109192.29327392578125, 101218.5634765625 ], [ 109192.25189208984375, 101219.3037109375 ], [ 109192.07867431640625, 101220.51409912109375 ], [ 109192.0374755859375, 101221.25408935546875 ], [ 109191.8394775390625, 101221.99432373046875 ], [ 109191.52587890625, 101222.56451416015625 ], [ 109191.17950439453125, 101223.1947021484375 ], [ 109190.69268798828125, 101223.5947265625 ], [ 109190.173095703125, 101223.94488525390625 ], [ 109189.56268310546875, 101224.18487548828125 ], [ 109188.82012939453125, 101224.32489013671875 ], [ 109187.89630126953125, 101224.4049072265625 ], [ 109186.782470703125, 101224.31488037109375 ], [ 109129.36590576171875, 101219.23370361328125 ], [ 109128.37591552734375, 101219.1837158203125 ], [ 109127.20452880859375, 101218.98370361328125 ], [ 109126.38787841796875, 101219.10369873046875 ], [ 109125.49688720703125, 101219.41387939453125 ], [ 109124.7708740234375, 101219.78387451171875 ], [ 109124.12750244140625, 101220.1038818359375 ], [ 109123.4014892578125, 101220.674072265625 ], [ 109122.98907470703125, 101220.99407958984375 ], [ 109122.5189208984375, 101221.69427490234375 ], [ 109121.99090576171875, 101222.57452392578125 ], [ 109121.59490966796875, 101223.4346923828125 ], [ 109121.49591064453125, 101224.60491943359375 ], [ 109118.69110107421875, 101252.84130859375 ], [ 109099.255126953125, 101251.08087158203125 ], [ 109101.74652099609375, 101224.58489990234375 ], [ 109101.76312255859375, 101223.8748779296875 ], [ 109101.936279296875, 101222.65447998046875 ], [ 109101.8538818359375, 101221.69427490234375 ], [ 109101.66412353515625, 101220.944091796875 ], [ 109101.32568359375, 101220.23388671875 ], [ 109101.15252685546875, 101219.6439208984375 ], [ 109100.88848876953125, 101219.10369873046875 ], [ 109100.61627197265625, 101218.61370849609375 ], [ 109100.01409912109375, 101217.863525390625 ], [ 109099.21392822265625, 101217.29327392578125 ], [ 109098.6116943359375, 101216.873291015625 ], [ 109098.1580810546875, 101216.68310546875 ], [ 109097.448486328125, 101216.4130859375 ], [ 109096.78851318359375, 101216.3031005859375 ], [ 109096.0543212890625, 101216.13311767578125 ], [ 109095.46868896484375, 101216.0430908203125 ], [ 109094.70147705078125, 101216.01312255859375 ], [ 109037.54888916015625, 101211.03192138671875 ], [ 109036.52587890625, 101210.94189453125 ], [ 109035.59368896484375, 101210.62188720703125 ], [ 109034.834716796875, 101210.2216796875 ], [ 109034.30670166015625, 101209.83148193359375 ], [ 109033.8861083984375, 101209.34149169921875 ], [ 109033.63031005859375, 101209.00152587890625 ], [ 109033.36627197265625, 101208.41131591796875 ], [ 109033.193115234375, 101207.901123046875 ], [ 109033.16009521484375, 101207.29107666015625 ], [ 109033.1270751953125, 101206.4208984375 ], [ 109033.24267578125, 101205.64068603515625 ], [ 109050.83868408203125, 100999.3538818359375 ], [ 109082.42608642578125, 100649.6746826171875 ] ] ] ] } },
{ "type": "Feature", "properties": { "ID": "004", "CIRCUITO_N": 4, "COMUNA": 1, "BARRIO": "PUERTO MADERO", "TOTAL": 489.0, "MASCULINO": 307.0, "FEMENINO": 182.0, "PERIMETRO": 8028.1154700699999, "AREA": 777372.455097 }, "geometry": { "type": "MultiPolygon", "coordinates": [ [ [ [ 108821.0321044921875, 101896.50732421875 ], [ 108775.56072998046875, 102394.4603271484375 ], [ 108772.61572265625, 102425.75732421875 ], [ 108767.73187255859375, 102477.4791259765625 ], [ 108765.653076171875, 102499.5841064453125 ], [ 108749.45928955078125, 102671.2930908203125 ], [ 108706.91650390625, 103128.4866943359375 ], [ 108603.880126953125, 103428.0947265625 ], [ 108731.5164794921875, 103415.7119140625 ], [ 108740.09613037109375, 103419.522705078125 ], [ 108761.0499267578125, 103431.905517578125 ], [ 108800.10308837890625, 103436.66668701171875 ], [ 108805.663330078125, 103436.10650634765625 ], [ 108876.30389404296875, 103429.044921875 ], [ 108929.64508056640625, 103430.9453125 ], [ 109122.04852294921875, 103449.04949951171875 ], [ 109133.5731201171875, 103453.57049560546875 ], [ 109177.39447021484375, 103456.9312744140625 ], [ 109175.010498046875, 103466.47332763671875 ], [ 109216.819091796875, 103328.632080078125 ], [ 109390.83428955078125, 102730.6865234375 ], [ 109555.593505859375, 102154.95587158203125 ], [ 109590.76947021484375, 102053.14288330078125 ], [ 109587.06549072265625, 102032.7783203125 ], [ 109583.36968994140625, 101997.60028076171875 ], [ 109588.92169189453125, 101977.2357177734375 ], [ 109551.897705078125, 101967.9835205078125 ], [ 109527.82568359375, 101971.684326171875 ], [ 109494.50592041015625, 101969.83392333984375 ], [ 109170.539306640625, 101943.9180908203125 ], [ 109146.47528076171875, 101936.5164794921875 ], [ 109135.37152099609375, 101912.450927734375 ], [ 109111.29949951171875, 101912.450927734375 ], [ 108976.16412353515625, 101903.18890380859375 ], [ 108868.78851318359375, 101895.787109375 ], [ 108832.8948974609375, 101897.67767333984375 ], [ 108821.0321044921875, 101896.50732421875 ] ], [ [ 108922.76507568359375, 103383.344482421875 ], [ 108909.64007568359375, 103384.27471923828125 ], [ 108897.8021240234375, 103383.31451416015625 ], [ 108902.04229736328125, 103338.3043212890625 ], [ 108901.25848388671875, 103338.164306640625 ], [ 108901.27508544921875, 103337.29412841796875 ], [ 108901.36590576171875, 103336.6138916015625 ], [ 108901.2999267578125, 103335.87371826171875 ], [ 108901.1348876953125, 103335.103515625 ], [ 108900.8212890625, 103334.41351318359375 ], [ 108900.49969482421875, 103333.7633056640625 ], [ 108900.07891845703125, 103333.12310791015625 ], [ 108899.451904296875, 103332.72308349609375 ], [ 108898.38787841796875, 103332.30291748046875 ], [ 108897.55450439453125, 103332.02288818359375 ], [ 108896.79571533203125, 103331.81292724609375 ], [ 108844.40289306640625, 103326.92169189453125 ], [ 108843.79248046875, 103326.8616943359375 ], [ 108842.984130859375, 103326.76171875 ], [ 108842.4478759765625, 103326.80169677734375 ], [ 108841.7301025390625, 103326.74169921875 ], [ 108841.02069091796875, 103326.6016845703125 ], [ 108840.33587646484375, 103326.53167724609375 ], [ 108839.34588623046875, 103326.21148681640625 ], [ 108838.58709716796875, 103325.8115234375 ], [ 108837.98492431640625, 103325.47149658203125 ], [ 108837.4569091796875, 103325.13128662109375 ], [ 108836.85467529296875, 103324.5111083984375 ], [ 108836.384521484375, 103323.71087646484375 ], [ 108836.0709228515625, 103323.0408935546875 ], [ 108835.83172607421875, 103322.3206787109375 ], [ 108835.58428955078125, 103321.58050537109375 ], [ 108835.501708984375, 103320.9403076171875 ], [ 108835.48529052734375, 103320.35028076171875 ], [ 108865.78570556640625, 102999.51751708984375 ], [ 108893.20709228515625, 102704.4005126953125 ], [ 108893.3472900390625, 102703.39031982421875 ], [ 108893.40509033203125, 102702.52008056640625 ], [ 108893.5618896484375, 102701.919921875 ], [ 108893.6361083984375, 102701.33990478515625 ], [ 108893.8341064453125, 102700.77972412109375 ], [ 108894.1063232421875, 102700.40972900390625 ], [ 108894.45269775390625, 102699.969482421875 ], [ 108894.72509765625, 102699.6195068359375 ], [ 108895.21990966796875, 102699.23931884765625 ], [ 108895.71490478515625, 102699.029296875 ], [ 108896.33367919921875, 102698.8992919921875 ], [ 108896.869873046875, 102698.79931640625 ], [ 108897.7855224609375, 102698.82928466796875 ], [ 108898.80029296875, 102699.029296875 ], [ 108954.99591064453125, 102704.3704833984375 ], [ 108955.88690185546875, 102704.4105224609375 ], [ 108956.6458740234375, 102704.4105224609375 ], [ 108957.66888427734375, 102704.43048095703125 ], [ 108958.51849365234375, 102704.260498046875 ], [ 108959.236083984375, 102704.1605224609375 ], [ 108959.8218994140625, 102704.010498046875 ], [ 108960.24267578125, 102703.72027587890625 ], [ 108960.8779296875, 102703.290283203125 ], [ 108961.51312255859375, 102702.60009765625 ], [ 108962.0740966796875, 102701.9901123046875 ], [ 108962.3297119140625, 102701.389892578125 ], [ 108962.717529296875, 102700.61968994140625 ], [ 108962.88250732421875, 102699.5994873046875 ], [ 108963.022705078125, 102698.81927490234375 ], [ 108963.0474853515625, 102698.0791015625 ], [ 108963.9136962890625, 102697.60888671875 ], [ 108966.05029296875, 102676.33428955078125 ], [ 108986.08831787109375, 102678.28472900390625 ], [ 108983.95172119140625, 102700.64971923828125 ], [ 108984.5045166015625, 102700.69970703125 ], [ 108984.44671630859375, 102701.60992431640625 ], [ 108984.38067626953125, 102702.4801025390625 ], [ 108984.39727783203125, 102703.37030029296875 ], [ 108984.5208740234375, 102704.08050537109375 ], [ 108984.7188720703125, 102704.88067626953125 ], [ 108984.94989013671875, 102705.50067138671875 ], [ 108985.2056884765625, 102706.00091552734375 ], [ 108985.5687255859375, 102706.5010986328125 ], [ 108985.956298828125, 102707.0211181640625 ], [ 108986.3604736328125, 102707.2410888671875 ], [ 108987.0286865234375, 102707.65130615234375 ], [ 108987.523681640625, 102707.92132568359375 ], [ 108988.406494140625, 102708.32147216796875 ], [ 108989.668701171875, 102708.521484375 ], [ 108990.76593017578125, 102708.54150390625 ], [ 108991.706298828125, 102708.58148193359375 ], [ 108992.53948974609375, 102708.72149658203125 ], [ 108999.82373046875, 102709.17169189453125 ], [ 109048.80950927734375, 102713.27252197265625 ], [ 109049.69207763671875, 102713.322509765625 ], [ 109050.42633056640625, 102713.522705078125 ], [ 109051.05328369140625, 102713.81268310546875 ], [ 109051.4822998046875, 102714.1527099609375 ], [ 109051.8040771484375, 102714.6229248046875 ], [ 109052.14227294921875, 102715.24310302734375 ], [ 109052.2576904296875, 102715.75311279296875 ], [ 109052.2742919921875, 102716.2833251953125 ], [ 109052.3319091796875, 102716.9534912109375 ], [ 109052.29071044921875, 102717.5634765625 ], [ 109052.3319091796875, 102718.1536865234375 ], [ 109025.67767333984375, 102999.49749755859375 ], [ 109000.0465087890625, 103280.14111328125 ], [ 108994.96490478515625, 103332.74310302734375 ], [ 108994.8162841796875, 103333.663330078125 ], [ 108994.72552490234375, 103334.65350341796875 ], [ 108994.65948486328125, 103335.28369140625 ], [ 108994.54412841796875, 103335.973876953125 ], [ 108994.3297119140625, 103336.58392333984375 ], [ 108994.08209228515625, 103337.3140869140625 ], [ 108993.818115234375, 103337.86407470703125 ], [ 108993.5540771484375, 103338.394287109375 ], [ 108993.13348388671875, 103338.92449951171875 ], [ 108992.6715087890625, 103339.27447509765625 ], [ 108992.2012939453125, 103339.77471923828125 ], [ 108991.632080078125, 103340.14471435546875 ], [ 108991.07110595703125, 103340.36468505859375 ], [ 108990.40289306640625, 103340.6348876953125 ], [ 108989.9656982421875, 103340.77490234375 ], [ 108989.42950439453125, 103340.73492431640625 ], [ 108988.63751220703125, 103340.744873046875 ], [ 108987.79608154296875, 103340.7548828125 ], [ 108987.0618896484375, 103340.69488525390625 ], [ 108933.382080078125, 103335.3936767578125 ], [ 108932.68927001953125, 103335.33367919921875 ], [ 108932.0045166015625, 103335.3936767578125 ], [ 108931.3363037109375, 103335.63372802734375 ], [ 108930.76708984375, 103335.95367431640625 ], [ 108930.098876953125, 103336.223876953125 ], [ 108929.55450439453125, 103336.67388916015625 ], [ 108929.13372802734375, 103337.25408935546875 ], [ 108928.79547119140625, 103337.904296875 ], [ 108928.46551513671875, 103338.79449462890625 ], [ 108928.19329833984375, 103339.73468017578125 ], [ 108928.0531005859375, 103340.46490478515625 ], [ 108926.98052978515625, 103340.52490234375 ], [ 108922.76507568359375, 103383.344482421875 ] ], [ [ 108998.63592529296875, 102634.314697265625 ], [ 108998.00067138671875, 102634.314697265625 ], [ 108997.3406982421875, 102634.2147216796875 ], [ 108996.4578857421875, 102634.02447509765625 ], [ 108995.66607666015625, 102633.99468994140625 ], [ 108994.69268798828125, 102634.07470703125 ], [ 108993.90069580078125, 102634.27471923828125 ], [ 108993.30670166015625, 102634.50469970703125 ], [ 108992.646728515625, 102634.85467529296875 ], [ 108992.0938720703125, 102635.34490966796875 ], [ 108991.59088134765625, 102635.8350830078125 ], [ 108991.1865234375, 102636.47509765625 ], [ 108990.58428955078125, 102637.47528076171875 ], [ 108990.3450927734375, 102638.17547607421875 ], [ 108990.24609375, 102638.90570068359375 ], [ 108990.08111572265625, 102640.32611083984375 ], [ 108989.544921875, 102640.3560791015625 ], [ 108987.07830810546875, 102667.7523193359375 ], [ 108966.66070556640625, 102665.921875 ], [ 108969.3253173828125, 102638.55572509765625 ], [ 108968.7479248046875, 102638.38568115234375 ], [ 108968.82208251953125, 102637.3153076171875 ], [ 108968.89630126953125, 102636.705078125 ], [ 108968.830322265625, 102635.8651123046875 ], [ 108968.7479248046875, 102635.35491943359375 ], [ 108968.64068603515625, 102634.8848876953125 ], [ 108968.52508544921875, 102634.50469970703125 ], [ 108968.34368896484375, 102633.98468017578125 ], [ 108968.03851318359375, 102633.41448974609375 ], [ 108967.82391357421875, 102632.97430419921875 ], [ 108967.5020751953125, 102632.67431640625 ], [ 108966.91650390625, 102632.0640869140625 ], [ 108966.4462890625, 102631.714111328125 ], [ 108965.9512939453125, 102631.464111328125 ], [ 108965.4481201171875, 102631.1138916015625 ], [ 108964.953125, 102630.8939208984375 ], [ 108964.36749267578125, 102630.8438720703125 ], [ 108963.344482421875, 102630.82391357421875 ], [ 108962.28851318359375, 102630.6539306640625 ], [ 108961.42230224609375, 102630.56390380859375 ], [ 108906.72808837890625, 102625.3927001953125 ], [ 108905.993896484375, 102625.20269775390625 ], [ 108905.33392333984375, 102625.1226806640625 ], [ 108904.82232666015625, 102625.2125244140625 ], [ 108904.1624755859375, 102625.032470703125 ], [ 108903.5355224609375, 102624.9525146484375 ], [ 108903.03228759765625, 102624.75250244140625 ], [ 108902.56207275390625, 102624.4224853515625 ], [ 108902.11651611328125, 102624.13232421875 ], [ 108901.81951904296875, 102623.78228759765625 ], [ 108901.5308837890625, 102623.4722900390625 ], [ 108901.15948486328125, 102622.61187744140625 ], [ 108900.9287109375, 102621.99188232421875 ], [ 108900.84613037109375, 102621.3817138671875 ], [ 108901.05230712890625, 102620.1915283203125 ], [ 108901.09368896484375, 102619.12127685546875 ], [ 108912.2222900390625, 102499.47412109375 ], [ 108959.09588623046875, 101999.45068359375 ], [ 108964.22711181640625, 101943.17791748046875 ], [ 108964.32611083984375, 101942.3876953125 ], [ 108964.34271240234375, 101941.80767822265625 ], [ 108964.44171142578125, 101941.197509765625 ], [ 108964.5819091796875, 101940.76727294921875 ], [ 108964.7056884765625, 101940.0872802734375 ], [ 108965.076904296875, 101939.58709716796875 ], [ 108965.3739013671875, 101939.11688232421875 ], [ 108965.79449462890625, 101938.56689453125 ], [ 108966.322509765625, 101938.20672607421875 ], [ 108966.91650390625, 101937.81671142578125 ], [ 108967.510498046875, 101937.58673095703125 ], [ 108968.302490234375, 101937.45672607421875 ], [ 108968.88812255859375, 101937.44671630859375 ], [ 108969.80389404296875, 101937.606689453125 ], [ 108970.793701171875, 101937.606689453125 ], [ 108971.7589111328125, 101937.7667236328125 ], [ 108999.9227294921875, 101940.53729248046875 ], [ 109028.58148193359375, 101943.2479248046875 ], [ 109029.8272705078125, 101943.327880859375 ], [ 109030.53668212890625, 101943.3779296875 ], [ 109031.19671630859375, 101943.337890625 ], [ 109031.947509765625, 101943.05792236328125 ], [ 109032.5330810546875, 101942.837890625 ], [ 109033.1270751953125, 101942.4976806640625 ], [ 109033.64691162109375, 101942.10772705078125 ], [ 109034.11712646484375, 101941.7677001953125 ], [ 109034.51287841796875, 101941.23748779296875 ], [ 109034.94207763671875, 101940.28729248046875 ], [ 109035.18951416015625, 101939.60711669921875 ], [ 109037.84588623046875, 101909.7802734375 ], [ 109057.65289306640625, 101911.5906982421875 ], [ 109055.0625, 101940.1373291015625 ], [ 109054.9801025390625, 101941.177490234375 ], [ 109055.01312255859375, 101941.96771240234375 ], [ 109055.14508056640625, 101942.60772705078125 ], [ 109055.2852783203125, 101943.27789306640625 ], [ 109055.62347412109375, 101943.8980712890625 ], [ 109055.99468994140625, 101944.3883056640625 ], [ 109056.56390380859375, 101944.96832275390625 ], [ 109057.18267822265625, 101945.38848876953125 ], [ 109057.90869140625, 101945.76849365234375 ], [ 109058.44488525390625, 101945.95849609375 ], [ 109059.1461181640625, 101946.1787109375 ], [ 109060.00408935546875, 101946.32867431640625 ], [ 109118.3529052734375, 101951.7498779296875 ], [ 109118.9302978515625, 101951.869873046875 ], [ 109120.02752685546875, 101951.92987060546875 ], [ 109120.75347900390625, 101952.09991455078125 ], [ 109121.52069091796875, 101952.139892578125 ], [ 109121.91668701171875, 101952.30987548828125 ], [ 109122.37030029296875, 101952.55010986328125 ], [ 109122.9478759765625, 101952.9500732421875 ], [ 109123.26947021484375, 101953.26031494140625 ], [ 109123.66552734375, 101953.73028564453125 ], [ 109123.95428466796875, 101954.20050048828125 ], [ 109124.2677001953125, 101954.84051513671875 ], [ 109124.3748779296875, 101955.66070556640625 ], [ 109124.38330078125, 101956.3209228515625 ], [ 109124.2843017578125, 101957.06109619140625 ], [ 109120.2830810546875, 101999.3707275390625 ], [ 109072.71649169921875, 102499.0938720703125 ], [ 109060.10308837890625, 102635.31488037109375 ], [ 109060.0452880859375, 102635.81488037109375 ], [ 109059.9462890625, 102636.73529052734375 ], [ 109059.80609130859375, 102637.3153076171875 ], [ 109059.64111328125, 102637.79547119140625 ], [ 109059.352294921875, 102638.32550048828125 ], [ 109058.956298828125, 102638.7257080078125 ], [ 109058.5684814453125, 102639.01568603515625 ], [ 109058.1890869140625, 102639.2156982421875 ], [ 109057.5950927734375, 102639.32568359375 ], [ 109056.98468017578125, 102639.4359130859375 ], [ 109056.48150634765625, 102639.4058837890625 ], [ 109055.61529541015625, 102639.35589599609375 ], [ 109054.44390869140625, 102639.2056884765625 ], [ 108999.8485107421875, 102634.044677734375 ], [ 108998.63592529296875, 102634.314697265625 ] ] ] ] } },
{ "type": "Feature", "properties": { "ID": "005", "CIRCUITO_N": 5, "COMUNA": 1, "BARRIO": "RETIRO", "TOTAL": 5275.0, "MASCULINO": 3131.0, "FEMENINO": 2144.0, "PERIMETRO": 16401.9814768, "AREA": 3262096.0504100001 }, "geometry": { "type": "MultiPolygon", "coordinates": [ [ [ [ 107316.08148193359375, 105658.6304931640625 ], [ 107342.21588134765625, 105651.62890625 ], [ 107346.117919921875, 105650.57867431640625 ], [ 107384.20587158203125, 105633.95489501953125 ], [ 107418.53228759765625, 105609.279296875 ], [ 107654.113525390625, 105448.0126953125 ], [ 107658.27947998046875, 105445.152099609375 ], [ 107996.18792724609375, 105467.68707275390625 ], [ 108089.968505859375, 105402.83251953125 ], [ 108195.710693359375, 105561.54852294921875 ], [ 108195.46307373046875, 105561.718505859375 ], [ 108207.2435302734375, 105578.9324951171875 ], [ 108167.53851318359375, 105605.88848876953125 ], [ 108168.53668212890625, 105605.8685302734375 ], [ 108169.32049560546875, 105605.99847412109375 ], [ 108170.77227783203125, 105606.04852294921875 ], [ 108172.6038818359375, 105606.21868896484375 ], [ 108743.280517578125, 105660.15087890625 ], [ 108746.25848388671875, 105660.38092041015625 ], [ 108747.6279296875, 105660.60089111328125 ], [ 108748.72509765625, 105660.62091064453125 ], [ 108749.77288818359375, 105660.48089599609375 ], [ 108750.6802978515625, 105660.10089111328125 ], [ 108751.4390869140625, 105659.6207275390625 ], [ 108752.4290771484375, 105659.02069091796875 ], [ 108753.74072265625, 105658.0703125 ], [ 108755.3328857421875, 105656.91009521484375 ], [ 108979.8682861328125, 105501.294921875 ], [ 108988.62908935546875, 105495.2135009765625 ], [ 108990.29571533203125, 105494.123291015625 ], [ 108991.4093017578125, 105493.1129150390625 ], [ 108992.34149169921875, 105491.8626708984375 ], [ 108992.646728515625, 105490.4923095703125 ], [ 108996.919921875, 105446.05230712890625 ], [ 108996.8538818359375, 105445.33209228515625 ], [ 108996.6395263671875, 105444.64190673828125 ], [ 108996.160888671875, 105443.98187255859375 ], [ 108995.55889892578125, 105443.481689453125 ], [ 108994.87408447265625, 105443.1217041015625 ], [ 108993.9171142578125, 105442.87152099609375 ], [ 108992.61370849609375, 105442.73150634765625 ], [ 108991.45050048828125, 105442.6614990234375 ], [ 108508.721923828125, 105397.2113037109375 ], [ 108507.1959228515625, 105397.081298828125 ], [ 108506.230712890625, 105396.94110107421875 ], [ 108505.422119140625, 105396.57110595703125 ], [ 108504.9437255859375, 105396.18109130859375 ], [ 108504.51470947265625, 105395.7708740234375 ], [ 108504.11871337890625, 105395.13067626953125 ], [ 108503.904296875, 105394.260498046875 ], [ 108503.78887939453125, 105393.14031982421875 ], [ 108503.8876953125, 105391.79010009765625 ], [ 108505.57891845703125, 105374.55609130859375 ], [ 108509.1427001953125, 105369.744873046875 ], [ 108583.65228271484375, 105318.20330810546875 ], [ 108649.4998779296875, 105272.653076171875 ], [ 108651.19927978515625, 105271.58270263671875 ], [ 108652.3046875, 105270.8125 ], [ 108653.12969970703125, 105270.342529296875 ], [ 108653.84747314453125, 105270.07232666015625 ], [ 108654.78790283203125, 105269.93231201171875 ], [ 108656.4954833984375, 105270.0123291015625 ], [ 108658.47528076171875, 105270.1925048828125 ], [ 108661.3463134765625, 105270.4625244140625 ], [ 108663.81292724609375, 105270.73248291015625 ], [ 109000.1373291015625, 105302.93988037109375 ], [ 109232.91387939453125, 105324.98492431640625 ], [ 109233.8046875, 105325.10491943359375 ], [ 109234.81951904296875, 105325.1549072265625 ], [ 109235.660888671875, 105325.10491943359375 ], [ 109236.3043212890625, 105324.98492431640625 ], [ 109237.1292724609375, 105324.57470703125 ], [ 109238.13568115234375, 105323.9644775390625 ], [ 109238.886474609375, 105323.42449951171875 ], [ 109427.70947265625, 105193.51507568359375 ], [ 109428.62530517578125, 105192.7548828125 ], [ 109429.47491455078125, 105192.11468505859375 ], [ 109430.126708984375, 105191.364501953125 ], [ 109430.6298828125, 105190.58447265625 ], [ 109430.95989990234375, 105189.78411865234375 ], [ 109431.13311767578125, 105188.77392578125 ], [ 109431.2899169921875, 105187.3037109375 ], [ 109434.93609619140625, 105146.09429931640625 ], [ 109434.87847900390625, 105145.25408935546875 ], [ 109434.705078125, 105144.18389892578125 ], [ 109434.3917236328125, 105143.38372802734375 ], [ 109433.9215087890625, 105142.613525390625 ], [ 109433.38531494140625, 105141.83331298828125 ], [ 109432.68408203125, 105141.2332763671875 ], [ 109431.83428955078125, 105140.5831298828125 ], [ 109430.8197021484375, 105140.15289306640625 ], [ 109429.6812744140625, 105139.992919921875 ], [ 109428.2623291015625, 105139.8328857421875 ], [ 109000.1702880859375, 105099.35369873046875 ], [ 108918.615478515625, 105091.61187744140625 ], [ 108917.55133056640625, 105091.49188232421875 ], [ 108916.53668212890625, 105091.201904296875 ], [ 108915.6044921875, 105090.731689453125 ], [ 108915.0023193359375, 105090.031494140625 ], [ 108914.30108642578125, 105089.13128662109375 ], [ 108914.09490966796875, 105088.08111572265625 ], [ 108914.0618896484375, 105086.53070068359375 ], [ 108913.83087158203125, 105068.77667236328125 ], [ 108913.89691162109375, 105067.70648193359375 ], [ 108913.962890625, 105066.6962890625 ], [ 108914.20208740234375, 105065.8560791015625 ], [ 108914.98590087890625, 105064.77587890625 ], [ 108916.668701171875, 105063.12548828125 ], [ 108920.438720703125, 105059.4146728515625 ], [ 109000.1373291015625, 104983.0772705078125 ], [ 109019.18548583984375, 104965.18328857421875 ], [ 109019.919677734375, 104964.5430908203125 ], [ 109021.0496826171875, 104963.54290771484375 ], [ 109021.726318359375, 104963.002685546875 ], [ 109022.45208740234375, 104962.6226806640625 ], [ 109023.3018798828125, 104962.34271240234375 ], [ 109024.143310546875, 104962.22247314453125 ], [ 109024.75390625, 104962.2125244140625 ], [ 109025.57049560546875, 104962.3726806640625 ], [ 109026.2222900390625, 104962.44268798828125 ], [ 109027.03887939453125, 104962.522705078125 ], [ 109429.36767578125, 104999.410888671875 ], [ 109482.1151123046875, 105004.78228759765625 ], [ 109483.15447998046875, 105004.78228759765625 ], [ 109484.0784912109375, 105004.70208740234375 ], [ 109484.7467041015625, 105004.412109375 ], [ 109485.3406982421875, 105004.0521240234375 ], [ 109486.0418701171875, 105003.3519287109375 ], [ 109486.4130859375, 105002.70172119140625 ], [ 109486.7100830078125, 105001.9415283203125 ], [ 109486.95770263671875, 105001.061279296875 ], [ 109487.0731201171875, 105000.4813232421875 ], [ 109487.1226806640625, 104999.39111328125 ], [ 109503.976318359375, 104809.9481201171875 ], [ 109504.00927734375, 104809.03790283203125 ], [ 109504.0919189453125, 104808.0277099609375 ], [ 109504.02587890625, 104807.02728271484375 ], [ 109503.7288818359375, 104805.9271240234375 ], [ 109503.21728515625, 104805.06689453125 ], [ 109502.68951416015625, 104804.2667236328125 ], [ 109501.8726806640625, 104803.5264892578125 ], [ 109500.9735107421875, 104802.886474609375 ], [ 109500.14849853515625, 104802.52630615234375 ], [ 109499.109130859375, 104802.39630126953125 ], [ 109497.55828857421875, 104802.21630859375 ], [ 109495.45452880859375, 104801.99627685546875 ], [ 109492.2291259765625, 104801.70611572265625 ], [ 109145.64227294921875, 104769.5089111328125 ], [ 109144.578125, 104769.39892578125 ], [ 109143.6953125, 104769.16888427734375 ], [ 109143.0352783203125, 104768.918701171875 ], [ 109142.6392822265625, 104768.59869384765625 ], [ 109142.3507080078125, 104768.15850830078125 ], [ 109142.0618896484375, 104767.5885009765625 ], [ 109141.83087158203125, 104766.978271484375 ], [ 109141.7567138671875, 104766.028076171875 ], [ 109141.8720703125, 104764.88787841796875 ], [ 109154.0155029296875, 104633.9281005859375 ], [ 109154.17230224609375, 104632.9678955078125 ], [ 109154.3040771484375, 104632.0076904296875 ], [ 109154.815673828125, 104631.1875 ], [ 109155.50030517578125, 104630.51727294921875 ], [ 109156.27587890625, 104630.21728515625 ], [ 109156.98529052734375, 104630.18731689453125 ], [ 109158.23931884765625, 104630.227294921875 ], [ 109159.6580810546875, 104630.42730712890625 ], [ 109161.35748291015625, 104630.55731201171875 ], [ 109509.10748291015625, 104663.83489990234375 ], [ 109510.93072509765625, 104664.05487060546875 ], [ 109512.465087890625, 104664.07489013671875 ], [ 109513.68609619140625, 104663.8848876953125 ], [ 109514.54388427734375, 104663.534912109375 ], [ 109515.294677734375, 104663.1746826171875 ], [ 109516.0537109375, 104662.564697265625 ], [ 109516.705322265625, 104661.90447998046875 ], [ 109517.13427734375, 104661.36431884765625 ], [ 109517.4312744140625, 104660.71429443359375 ], [ 109517.85211181640625, 104659.6038818359375 ], [ 109518.02532958984375, 104658.263671875 ], [ 109518.23968505859375, 104657.103271484375 ], [ 109526.9512939453125, 104564.52227783203125 ], [ 109526.6624755859375, 104564.4522705078125 ], [ 109526.365478515625, 104564.38232421875 ], [ 109526.0684814453125, 104564.32232666015625 ], [ 109525.7799072265625, 104564.2523193359375 ], [ 109525.48291015625, 104564.19232177734375 ], [ 109525.1859130859375, 104564.122314453125 ], [ 109524.888916015625, 104564.06231689453125 ], [ 109524.5919189453125, 104564.0023193359375 ], [ 109524.294921875, 104563.94232177734375 ], [ 109523.98968505859375, 104563.872314453125 ], [ 109523.69268798828125, 104563.81231689453125 ], [ 109523.39569091796875, 104563.7523193359375 ], [ 109523.09051513671875, 104563.69207763671875 ], [ 109522.79351806640625, 104563.632080078125 ], [ 109522.49652099609375, 104563.57208251953125 ], [ 109522.1912841796875, 104563.5020751953125 ], [ 109521.894287109375, 104563.44207763671875 ], [ 109521.589111328125, 104563.382080078125 ], [ 109521.2921142578125, 104563.32208251953125 ], [ 109520.98687744140625, 104563.2620849609375 ], [ 109520.68988037109375, 104563.20208740234375 ], [ 109520.39288330078125, 104563.14208984375 ], [ 109520.08770751953125, 104563.08209228515625 ], [ 109519.79071044921875, 104563.0220947265625 ], [ 109519.4854736328125, 104562.96209716796875 ], [ 109519.1884765625, 104562.902099609375 ], [ 109518.8914794921875, 104562.83209228515625 ], [ 109518.594482421875, 104562.7720947265625 ], [ 109518.289306640625, 104562.7119140625 ], [ 109517.9923095703125, 104562.65191650390625 ], [ 109517.6953125, 104562.5819091796875 ], [ 109517.3983154296875, 104562.52191162109375 ], [ 109517.101318359375, 104562.4619140625 ], [ 109516.8043212890625, 104562.39190673828125 ], [ 109516.50732421875, 104562.3319091796875 ], [ 109516.21868896484375, 104562.26190185546875 ], [ 109515.92169189453125, 104562.19189453125 ], [ 109515.63287353515625, 104562.13189697265625 ], [ 109515.33587646484375, 104562.0618896484375 ], [ 109515.047119140625, 104561.99188232421875 ], [ 109514.75848388671875, 104561.921875 ], [ 109514.4697265625, 104561.8516845703125 ], [ 109514.18109130859375, 104561.78167724609375 ], [ 109513.89227294921875, 104561.71173095703125 ], [ 109513.603515625, 104561.6417236328125 ], [ 109513.3231201171875, 104561.57171630859375 ], [ 109513.04248046875, 104561.49169921875 ], [ 109512.75390625, 104561.42169189453125 ], [ 109512.47332763671875, 104561.3416748046875 ], [ 109512.19287109375, 104561.26171875 ], [ 109511.92071533203125, 104561.19171142578125 ], [ 109511.64007568359375, 104561.1116943359375 ], [ 109511.367919921875, 104561.03167724609375 ], [ 109511.095703125, 104560.95147705078125 ], [ 109510.823486328125, 104560.86151123046875 ], [ 109510.55108642578125, 104560.781494140625 ], [ 109510.28729248046875, 104560.6915283203125 ], [ 109510.11407470703125, 104560.54150390625 ], [ 109510.09747314453125, 104560.261474609375 ], [ 109510.17987060546875, 104559.91131591796875 ], [ 109510.28729248046875, 104559.54132080078125 ], [ 109510.35308837890625, 104559.20111083984375 ], [ 109510.35308837890625, 104558.901123046875 ], [ 109510.34490966796875, 104558.60107421875 ], [ 109510.3284912109375, 104558.3009033203125 ], [ 109510.3203125, 104558.01092529296875 ], [ 109510.3037109375, 104557.71087646484375 ], [ 109510.29547119140625, 104557.41070556640625 ], [ 109510.2789306640625, 104557.1007080078125 ], [ 109510.27069091796875, 104556.80072021484375 ], [ 109510.26251220703125, 104556.50048828125 ], [ 109510.2376708984375, 104556.21051025390625 ], [ 109510.21307373046875, 104555.9105224609375 ], [ 109510.17987060546875, 104555.6104736328125 ], [ 109510.1304931640625, 104555.310302734375 ], [ 109510.07269287109375, 104555.02032470703125 ], [ 109510.01507568359375, 104554.7200927734375 ], [ 109509.957275390625, 104554.43011474609375 ], [ 109509.90771484375, 104554.130126953125 ], [ 109509.85009765625, 104553.83990478515625 ], [ 109509.8087158203125, 104553.5399169921875 ], [ 109509.76751708984375, 104553.23992919921875 ], [ 109509.71807861328125, 104552.94970703125 ], [ 109509.66851806640625, 104552.64971923828125 ], [ 109509.60247802734375, 104552.35968017578125 ], [ 109509.5283203125, 104552.06951904296875 ], [ 109509.4456787109375, 104551.77947998046875 ], [ 109509.3551025390625, 104551.49951171875 ], [ 109509.2642822265625, 104551.20947265625 ], [ 109509.17352294921875, 104550.9293212890625 ], [ 109509.07452392578125, 104550.6392822265625 ], [ 109508.97552490234375, 104550.359130859375 ], [ 109508.87652587890625, 104550.069091796875 ], [ 109508.77752685546875, 104549.78912353515625 ], [ 109508.67852783203125, 104549.5089111328125 ], [ 109508.5712890625, 104549.2288818359375 ], [ 109508.464111328125, 104548.94891357421875 ], [ 109508.35687255859375, 104548.66888427734375 ], [ 109508.24127197265625, 104548.388671875 ], [ 109508.11767578125, 104548.11871337890625 ], [ 109507.993896484375, 104547.83868408203125 ], [ 109507.8701171875, 104547.5684814453125 ], [ 109507.73809814453125, 104547.29852294921875 ], [ 109507.6060791015625, 104547.02850341796875 ], [ 109507.47412109375, 104546.75830078125 ], [ 109507.34210205078125, 104546.48828125 ], [ 109507.201904296875, 104546.228271484375 ], [ 109507.078125, 104545.9481201171875 ], [ 109506.94610595703125, 104545.6781005859375 ], [ 109506.8140869140625, 104545.4080810546875 ], [ 109506.68212890625, 104545.13787841796875 ], [ 109506.53369140625, 104544.8779296875 ], [ 109506.37689208984375, 104544.6279296875 ], [ 109506.2119140625, 104544.377685546875 ], [ 109506.0386962890625, 104544.1376953125 ], [ 109505.8572998046875, 104543.897705078125 ], [ 109505.66748046875, 104543.65771484375 ], [ 109505.47772216796875, 104543.42767333984375 ], [ 109505.2880859375, 104543.197509765625 ], [ 109505.09832763671875, 104542.95751953125 ], [ 109504.91668701171875, 104542.72747802734375 ], [ 109504.72711181640625, 104542.48748779296875 ], [ 109504.53729248046875, 104542.25732421875 ], [ 109504.34747314453125, 104542.02728271484375 ], [ 109504.14947509765625, 104541.79730224609375 ], [ 109503.95147705078125, 104541.57708740234375 ], [ 109503.74530029296875, 104541.35711669921875 ], [ 109503.5308837890625, 104541.1470947265625 ], [ 109503.3162841796875, 104540.93707275390625 ], [ 109503.09368896484375, 104540.73687744140625 ], [ 109502.87091064453125, 104540.53692626953125 ], [ 109502.639892578125, 104540.3369140625 ], [ 109502.4171142578125, 104540.14691162109375 ], [ 109502.186279296875, 104539.9468994140625 ], [ 109501.9635009765625, 104539.7467041015625 ], [ 109501.73248291015625, 104539.55670166015625 ], [ 109501.50152587890625, 104539.36669921875 ], [ 109501.2705078125, 104539.17669677734375 ], [ 109501.03131103515625, 104538.9866943359375 ], [ 109500.7921142578125, 104538.8165283203125 ], [ 109500.54449462890625, 104538.636474609375 ], [ 109500.297119140625, 104538.46649169921875 ], [ 109500.0496826171875, 104538.3065185546875 ], [ 109499.79388427734375, 104538.146484375 ], [ 109499.5299072265625, 104537.99627685546875 ], [ 109499.26593017578125, 104537.8563232421875 ], [ 109499.00189208984375, 104537.71630859375 ], [ 109498.72967529296875, 104537.5863037109375 ], [ 109498.45751953125, 104537.46630859375 ], [ 109498.18511962890625, 104537.3363037109375 ], [ 109497.91290283203125, 104537.21612548828125 ], [ 109497.63250732421875, 104537.09613037109375 ], [ 109497.36029052734375, 104536.97607421875 ], [ 109497.08807373046875, 104536.84613037109375 ], [ 109496.815673828125, 104536.72607421875 ], [ 109496.5352783203125, 104536.6060791015625 ], [ 109496.26312255859375, 104536.47607421875 ], [ 109495.99090576171875, 104536.3560791015625 ], [ 109495.71868896484375, 104536.23590087890625 ], [ 109495.4381103515625, 104536.11590576171875 ], [ 109495.15771484375, 104536.01593017578125 ], [ 109494.8770751953125, 104535.9158935546875 ], [ 109494.5885009765625, 104535.825927734375 ], [ 109494.2996826171875, 104535.75592041015625 ], [ 109494.01092529296875, 104535.6759033203125 ], [ 109493.71392822265625, 104535.60589599609375 ], [ 109493.42529296875, 104535.5458984375 ], [ 109493.1282958984375, 104535.48590087890625 ], [ 109492.8394775390625, 104535.4158935546875 ], [ 109492.54248046875, 104535.355712890625 ], [ 109492.17132568359375, 104535.26568603515625 ], [ 109400.6182861328125, 104512.25048828125 ], [ 109400.73370361328125, 104511.7705078125 ], [ 109399.5208740234375, 104511.38031005859375 ], [ 109402.325927734375, 104499.09747314453125 ], [ 109403.54669189453125, 104495.4666748046875 ], [ 109405.0399169921875, 104495.646728515625 ], [ 109405.1636962890625, 104494.50653076171875 ], [ 109403.8272705078125, 104493.6962890625 ], [ 109409.03271484375, 104469.660888671875 ], [ 109406.06292724609375, 104469.03070068359375 ], [ 109399.240478515625, 104499.0675048828125 ], [ 109396.592529296875, 104510.67010498046875 ], [ 109395.68487548828125, 104510.51007080078125 ], [ 109395.4622802734375, 104510.9603271484375 ], [ 109348.035888671875, 104499.2576904296875 ], [ 108999.8651123046875, 104413.748291015625 ], [ 108743.69287109375, 104351.36407470703125 ], [ 108749.13751220703125, 104303.0731201171875 ], [ 108786.12847900390625, 104279.0277099609375 ], [ 108787.6793212890625, 104279.47772216796875 ], [ 108789.18890380859375, 104279.78790283203125 ], [ 108790.698486328125, 104280.087890625 ], [ 108792.21649169921875, 104280.347900390625 ], [ 108793.74267578125, 104280.58807373046875 ], [ 108795.2689208984375, 104280.798095703125 ], [ 108796.79510498046875, 104280.98809814453125 ], [ 108798.32928466796875, 104281.1480712890625 ], [ 108799.8720703125, 104281.278076171875 ], [ 108801.406494140625, 104281.38812255859375 ], [ 108802.9490966796875, 104281.46807861328125 ], [ 108804.4835205078125, 104281.518310546875 ], [ 108806.02630615234375, 104281.5380859375 ], [ 108807.56890869140625, 104281.5380859375 ], [ 108809.11151123046875, 104281.50830078125 ], [ 108810.654296875, 104281.4581298828125 ], [ 108812.1884765625, 104281.37811279296875 ], [ 108813.7313232421875, 104281.26812744140625 ], [ 108815.26568603515625, 104281.12811279296875 ], [ 108816.80010986328125, 104280.96807861328125 ], [ 108818.3262939453125, 104280.778076171875 ], [ 108819.85247802734375, 104280.55792236328125 ], [ 108821.37847900390625, 104280.31787109375 ], [ 108822.896484375, 104280.04791259765625 ], [ 108824.4061279296875, 104279.7476806640625 ], [ 108825.9158935546875, 104279.42767333984375 ], [ 108827.41729736328125, 104279.07769775390625 ], [ 108828.9102783203125, 104278.70751953125 ], [ 108830.40350341796875, 104278.3074951171875 ], [ 108831.880126953125, 104277.8773193359375 ], [ 108833.35687255859375, 104277.42730712890625 ], [ 108834.81707763671875, 104276.94708251953125 ], [ 108836.27728271484375, 104276.44708251953125 ], [ 108837.7291259765625, 104275.9168701171875 ], [ 108839.16448974609375, 104275.356689453125 ], [ 108840.5916748046875, 104274.77667236328125 ], [ 108842.01068115234375, 104274.176513671875 ], [ 108843.42132568359375, 104273.5465087890625 ], [ 108844.81549072265625, 104272.89630126953125 ], [ 108846.2012939453125, 104272.21612548828125 ], [ 108847.5706787109375, 104271.51593017578125 ], [ 108848.931884765625, 104270.78570556640625 ], [ 108850.2764892578125, 104270.03570556640625 ], [ 108851.61309814453125, 104269.2655029296875 ], [ 108852.93292236328125, 104268.47528076171875 ], [ 108854.24468994140625, 104267.65509033203125 ], [ 108855.531494140625, 104266.81488037109375 ], [ 108856.810302734375, 104265.9447021484375 ], [ 108858.07232666015625, 104265.06451416015625 ], [ 108859.318115234375, 104264.154296875 ], [ 108860.54730224609375, 104263.22412109375 ], [ 108861.7598876953125, 104262.27392578125 ], [ 108862.95611572265625, 104261.3037109375 ], [ 108864.13568115234375, 104260.30328369140625 ], [ 108865.29888916015625, 104259.29327392578125 ], [ 108866.4456787109375, 104258.26287841796875 ], [ 108867.56768798828125, 104257.21270751953125 ], [ 108868.673095703125, 104256.13250732421875 ], [ 108869.76190185546875, 104255.04229736328125 ], [ 108870.83447265625, 104253.931884765625 ], [ 108871.882080078125, 104252.80169677734375 ], [ 108872.913330078125, 104251.6614990234375 ], [ 108873.919677734375, 104250.4910888671875 ], [ 108874.90972900390625, 104249.3109130859375 ], [ 108875.88311767578125, 104248.1107177734375 ], [ 108876.83172607421875, 104246.89031982421875 ], [ 108877.75567626953125, 104245.66009521484375 ], [ 108878.6549072265625, 104244.40972900390625 ], [ 108879.5377197265625, 104243.14947509765625 ], [ 108880.4039306640625, 104241.86932373046875 ], [ 108881.23712158203125, 104240.57891845703125 ], [ 108882.08673095703125, 104239.20867919921875 ], [ 109000.22808837890625, 104021.809326171875 ], [ 109013.38592529296875, 103999.2742919921875 ], [ 109074.54791259765625, 103886.5687255859375 ], [ 109074.6220703125, 103886.40869140625 ], [ 109074.663330078125, 103886.3184814453125 ], [ 109074.7047119140625, 103886.228515625 ], [ 109074.74591064453125, 103886.12847900390625 ], [ 109074.787109375, 103886.03851318359375 ], [ 109074.82830810546875, 103885.948486328125 ], [ 109074.86968994140625, 103885.8585205078125 ], [ 109074.910888671875, 103885.76849365234375 ], [ 109074.95208740234375, 103885.67852783203125 ], [ 109074.9932861328125, 103885.5885009765625 ], [ 109075.02630615234375, 103885.48828125 ], [ 109075.06768798828125, 103885.3983154296875 ], [ 109075.10888671875, 103885.30828857421875 ], [ 109075.14190673828125, 103885.21832275390625 ], [ 109075.18310546875, 103885.1182861328125 ], [ 109075.21612548828125, 103885.0283203125 ], [ 109075.25732421875, 103884.93829345703125 ], [ 109075.290283203125, 103884.83831787109375 ], [ 109075.32330322265625, 103884.748291015625 ], [ 109075.3563232421875, 103884.6580810546875 ], [ 109075.3892822265625, 103884.55828857421875 ], [ 109075.43048095703125, 103884.46807861328125 ], [ 109075.46368408203125, 103884.36810302734375 ], [ 109075.49652099609375, 103884.278076171875 ], [ 109075.52947998046875, 103884.1881103515625 ], [ 109075.5543212890625, 103884.08807373046875 ], [ 109075.5872802734375, 103883.99810791015625 ], [ 109075.62030029296875, 103883.8980712890625 ], [ 109075.6533203125, 103883.80810546875 ], [ 109075.6781005859375, 103883.7078857421875 ], [ 109075.71112060546875, 103883.60791015625 ], [ 109075.73590087890625, 103883.51788330078125 ], [ 109075.7689208984375, 103883.41790771484375 ], [ 109075.79351806640625, 103883.327880859375 ], [ 109075.82647705078125, 103883.2279052734375 ], [ 109075.851318359375, 103883.1279296875 ], [ 109075.8760986328125, 103883.03790283203125 ], [ 109075.90087890625, 103882.93792724609375 ], [ 109075.93389892578125, 103882.847900390625 ], [ 109075.95849609375, 103882.7476806640625 ], [ 109075.9832763671875, 103882.647705078125 ], [ 109076.00811767578125, 103882.55767822265625 ], [ 109076.03289794921875, 103882.45770263671875 ], [ 109076.04931640625, 103882.35772705078125 ], [ 109076.0740966796875, 103882.2576904296875 ], [ 109076.098876953125, 103882.167724609375 ], [ 109076.12347412109375, 103882.06768798828125 ], [ 109076.14007568359375, 103881.967529296875 ], [ 109076.1646728515625, 103881.86767578125 ], [ 109076.1812744140625, 103881.77752685546875 ], [ 109076.20611572265625, 103881.677490234375 ], [ 109076.22247314453125, 103881.5775146484375 ], [ 109076.247314453125, 103881.47747802734375 ], [ 109076.263671875, 103881.37750244140625 ], [ 109076.2802734375, 103881.27752685546875 ], [ 109076.296875, 103881.1875 ], [ 109076.31329345703125, 103881.0872802734375 ], [ 109076.32989501953125, 103880.9873046875 ], [ 109076.3463134765625, 103880.8873291015625 ], [ 109076.3626708984375, 103880.78729248046875 ], [ 109076.3792724609375, 103880.68731689453125 ], [ 109076.3958740234375, 103880.5872802734375 ], [ 109076.41229248046875, 103880.497314453125 ], [ 109076.42047119140625, 103880.39727783203125 ], [ 109076.43707275390625, 103880.29730224609375 ], [ 109076.4453125, 103880.19708251953125 ], [ 109076.46173095703125, 103880.09710693359375 ], [ 109076.4700927734375, 103879.9970703125 ], [ 109076.48651123046875, 103879.8970947265625 ], [ 109076.494873046875, 103879.797119140625 ], [ 109076.50311279296875, 103879.69708251953125 ], [ 109076.51947021484375, 103879.59710693359375 ], [ 109076.5277099609375, 103879.4970703125 ], [ 109076.53607177734375, 103879.3970947265625 ], [ 109076.5443115234375, 103879.296875 ], [ 109076.552490234375, 103879.1968994140625 ], [ 109076.56072998046875, 103879.096923828125 ], [ 109076.569091796875, 103878.99688720703125 ], [ 109076.569091796875, 103878.89691162109375 ], [ 109076.5772705078125, 103878.806884765625 ], [ 109076.58551025390625, 103878.7069091796875 ], [ 109076.58551025390625, 103878.60687255859375 ], [ 109076.59368896484375, 103878.50689697265625 ], [ 109076.60211181640625, 103878.40667724609375 ], [ 109076.60211181640625, 103878.30670166015625 ], [ 109076.60211181640625, 103878.20672607421875 ], [ 109076.61029052734375, 103878.106689453125 ], [ 109076.61029052734375, 103878.0067138671875 ], [ 109076.61029052734375, 103877.90667724609375 ], [ 109076.61029052734375, 103877.80670166015625 ], [ 109076.61029052734375, 103877.70672607421875 ], [ 109076.61029052734375, 103877.606689453125 ], [ 109076.61029052734375, 103877.50653076171875 ], [ 109076.61029052734375, 103877.406494140625 ], [ 109076.61029052734375, 103877.3065185546875 ], [ 109076.61029052734375, 103877.20648193359375 ], [ 109076.61029052734375, 103877.10650634765625 ], [ 109076.60211181640625, 103877.00653076171875 ], [ 109076.60211181640625, 103876.906494140625 ], [ 109076.60211181640625, 103876.8065185546875 ], [ 109076.59368896484375, 103876.70648193359375 ], [ 109076.58551025390625, 103876.6063232421875 ], [ 109076.58551025390625, 103876.50628662109375 ], [ 109076.5772705078125, 103876.40631103515625 ], [ 109076.569091796875, 103876.3062744140625 ], [ 109076.569091796875, 103876.206298828125 ], [ 109076.56072998046875, 103876.1063232421875 ], [ 109076.552490234375, 103876.00628662109375 ], [ 109076.5443115234375, 103875.90631103515625 ], [ 109076.53607177734375, 103875.8062744140625 ], [ 109076.5277099609375, 103875.70611572265625 ], [ 109076.51947021484375, 103875.6060791015625 ], [ 109076.50311279296875, 103875.506103515625 ], [ 109076.494873046875, 103875.4061279296875 ], [ 109076.48651123046875, 103875.30609130859375 ], [ 109076.4700927734375, 103875.20611572265625 ], [ 109076.46173095703125, 103875.1060791015625 ], [ 109076.4453125, 103875.006103515625 ], [ 109076.43707275390625, 103874.9058837890625 ], [ 109076.42047119140625, 103874.81591796875 ], [ 109076.41229248046875, 103874.71588134765625 ], [ 109076.3958740234375, 103874.61590576171875 ], [ 109076.3792724609375, 103874.51593017578125 ], [ 109076.3626708984375, 103874.4158935546875 ], [ 109076.3463134765625, 103874.31591796875 ], [ 109076.32989501953125, 103874.21588134765625 ], [ 109076.31329345703125, 103874.11590576171875 ], [ 109076.296875, 103874.02587890625 ], [ 109076.2802734375, 103873.92572021484375 ], [ 109076.263671875, 103873.82568359375 ], [ 109076.23907470703125, 103873.7257080078125 ], [ 109076.22247314453125, 103873.62567138671875 ], [ 109076.20611572265625, 103873.52569580078125 ], [ 109076.1812744140625, 103873.43572998046875 ], [ 109076.1646728515625, 103873.335693359375 ], [ 109076.14007568359375, 103873.2357177734375 ], [ 109076.11529541015625, 103873.13568115234375 ], [ 109076.098876953125, 103873.04547119140625 ], [ 109076.0740966796875, 103872.94549560546875 ], [ 109076.04931640625, 103872.84552001953125 ], [ 109076.02447509765625, 103872.7454833984375 ], [ 109076.00811767578125, 103872.655517578125 ], [ 109075.9832763671875, 103872.55548095703125 ], [ 109075.95849609375, 103872.45550537109375 ], [ 109075.93389892578125, 103872.365478515625 ], [ 109075.90087890625, 103872.2655029296875 ], [ 109075.8760986328125, 103872.165283203125 ], [ 109075.851318359375, 103872.0753173828125 ], [ 109075.82647705078125, 103871.97528076171875 ], [ 109075.79351806640625, 103871.88531494140625 ], [ 109075.7689208984375, 103871.7852783203125 ], [ 109075.73590087890625, 103871.685302734375 ], [ 109075.71112060546875, 103871.59527587890625 ], [ 109075.6781005859375, 103871.49530029296875 ], [ 109075.6533203125, 103871.4052734375 ], [ 109075.62030029296875, 103871.30511474609375 ], [ 109075.5872802734375, 103871.215087890625 ], [ 109075.5543212890625, 103871.1151123046875 ], [ 109075.52130126953125, 103871.02508544921875 ], [ 109075.48828125, 103870.92510986328125 ], [ 109075.455322265625, 103870.8350830078125 ], [ 109075.42230224609375, 103870.735107421875 ], [ 109075.3892822265625, 103870.64508056640625 ], [ 109075.3563232421875, 103870.55511474609375 ], [ 109075.32330322265625, 103870.455078125 ], [ 109075.290283203125, 103870.36492919921875 ], [ 109075.24908447265625, 103870.27490234375 ], [ 109075.21612548828125, 103870.1749267578125 ], [ 109075.1749267578125, 103870.08489990234375 ], [ 109075.14190673828125, 103869.994873046875 ], [ 109075.1007080078125, 103869.8948974609375 ], [ 109075.06768798828125, 103869.80487060546875 ], [ 109075.02630615234375, 103869.71490478515625 ], [ 109074.9932861328125, 103869.6248779296875 ], [ 109074.95208740234375, 103869.52471923828125 ], [ 109074.910888671875, 103869.4346923828125 ], [ 109074.86968994140625, 103869.3447265625 ], [ 109074.82830810546875, 103869.25469970703125 ], [ 109074.787109375, 103869.1646728515625 ], [ 109074.74591064453125, 103869.07470703125 ], [ 109074.7047119140625, 103868.98468017578125 ], [ 109074.663330078125, 103868.89471435546875 ], [ 109074.6220703125, 103868.8046875 ], [ 109074.57269287109375, 103868.7144775390625 ], [ 109074.531494140625, 103868.62451171875 ], [ 109074.4901123046875, 103868.53448486328125 ], [ 109074.440673828125, 103868.44451904296875 ], [ 109074.39947509765625, 103868.3544921875 ], [ 109074.34991455078125, 103868.2645263671875 ], [ 109074.3087158203125, 103868.17449951171875 ], [ 109074.25909423828125, 103868.08447265625 ], [ 109074.2178955078125, 103867.9945068359375 ], [ 109074.16851806640625, 103867.91448974609375 ], [ 109074.118896484375, 103867.82427978515625 ], [ 109074.06951904296875, 103867.73431396484375 ], [ 109074.0198974609375, 103867.644287109375 ], [ 109073.97052001953125, 103867.56427001953125 ], [ 109073.9208984375, 103867.47430419921875 ], [ 109073.87152099609375, 103867.38427734375 ], [ 109073.8218994140625, 103867.3043212890625 ], [ 109073.77252197265625, 103867.21429443359375 ], [ 109073.722900390625, 103867.12432861328125 ], [ 109073.67352294921875, 103867.0443115234375 ], [ 109073.61572265625, 103866.95428466796875 ], [ 109073.5662841796875, 103866.87408447265625 ], [ 109073.5167236328125, 103866.78411865234375 ], [ 109073.45892333984375, 103866.7041015625 ], [ 109073.40948486328125, 103866.61407470703125 ], [ 109073.3516845703125, 103866.53411865234375 ], [ 109073.29388427734375, 103866.444091796875 ], [ 109073.2445068359375, 103866.36407470703125 ], [ 109073.18670654296875, 103866.28411865234375 ], [ 109073.12890625, 103866.194091796875 ], [ 109073.07952880859375, 103866.11407470703125 ], [ 109073.021728515625, 103866.03387451171875 ], [ 109072.96392822265625, 103865.95391845703125 ], [ 109072.90631103515625, 103865.8739013671875 ], [ 109072.8485107421875, 103865.78387451171875 ], [ 109072.79071044921875, 103865.70391845703125 ], [ 109072.73309326171875, 103865.6239013671875 ], [ 109072.67529296875, 103865.54388427734375 ], [ 109072.60931396484375, 103865.46392822265625 ], [ 109072.551513671875, 103865.3839111328125 ], [ 109072.49371337890625, 103865.30389404296875 ], [ 109072.43609619140625, 103865.223876953125 ], [ 109072.3701171875, 103865.1436767578125 ], [ 109072.31231689453125, 103865.063720703125 ], [ 109072.24627685546875, 103864.98370361328125 ], [ 109072.1884765625, 103864.9036865234375 ], [ 109072.12249755859375, 103864.83367919921875 ], [ 109072.06488037109375, 103864.75372314453125 ], [ 109071.9989013671875, 103864.6737060546875 ], [ 109071.93267822265625, 103864.59368896484375 ], [ 109071.8751220703125, 103864.523681640625 ], [ 109071.80908203125, 103864.4437255859375 ], [ 109071.74310302734375, 103864.36370849609375 ], [ 109071.6771240234375, 103864.29351806640625 ], [ 109071.611083984375, 103864.2135009765625 ], [ 109071.54510498046875, 103864.14349365234375 ], [ 109071.4791259765625, 103864.0634765625 ], [ 109071.4130859375, 103863.9935302734375 ], [ 109071.34710693359375, 103863.91351318359375 ], [ 109071.2811279296875, 103863.843505859375 ], [ 109071.215087890625, 103863.76348876953125 ], [ 109071.14910888671875, 103863.6934814453125 ], [ 109071.07489013671875, 103863.62347412109375 ], [ 109071.0089111328125, 103863.55352783203125 ], [ 109070.94287109375, 103863.4735107421875 ], [ 109070.86871337890625, 103863.4033203125 ], [ 109070.80267333984375, 103863.33331298828125 ], [ 109070.728271484375, 103863.2633056640625 ], [ 109070.6624755859375, 103863.19329833984375 ], [ 109070.58807373046875, 103863.123291015625 ], [ 109070.5220947265625, 103863.05328369140625 ], [ 109070.4478759765625, 103862.9832763671875 ], [ 109070.37371826171875, 103862.913330078125 ], [ 109070.29949951171875, 103862.84332275390625 ], [ 109070.2332763671875, 103862.7733154296875 ], [ 109070.15911865234375, 103862.70330810546875 ], [ 109070.08489990234375, 103862.63330078125 ], [ 109070.01068115234375, 103862.56329345703125 ], [ 109069.9365234375, 103862.50311279296875 ], [ 109069.86212158203125, 103862.43310546875 ], [ 109069.78790283203125, 103862.36309814453125 ], [ 109069.71368408203125, 103862.3031005859375 ], [ 109069.6395263671875, 103862.23309326171875 ], [ 109069.56512451171875, 103862.1630859375 ], [ 109069.49090576171875, 103862.10308837890625 ], [ 109069.40850830078125, 103862.0330810546875 ], [ 109069.33428955078125, 103861.97308349609375 ], [ 109069.2598876953125, 103861.9130859375 ], [ 109069.177490234375, 103861.84307861328125 ], [ 109069.10308837890625, 103861.7830810546875 ], [ 109069.0289306640625, 103861.71307373046875 ], [ 109068.94647216796875, 103861.653076171875 ], [ 109068.872314453125, 103861.59307861328125 ], [ 109068.7896728515625, 103861.53289794921875 ], [ 109068.71551513671875, 103861.472900390625 ], [ 109068.63287353515625, 103861.41290283203125 ], [ 109068.55047607421875, 103861.3428955078125 ], [ 109068.476318359375, 103861.28289794921875 ], [ 109068.3936767578125, 103861.222900390625 ], [ 109068.311279296875, 103861.17291259765625 ], [ 109068.23712158203125, 103861.1129150390625 ], [ 109068.15447998046875, 103861.05291748046875 ], [ 109068.07208251953125, 103860.992919921875 ], [ 109067.989501953125, 103860.93292236328125 ], [ 109067.9071044921875, 103860.8726806640625 ], [ 109067.82452392578125, 103860.8228759765625 ], [ 109067.74212646484375, 103860.76287841796875 ], [ 109067.65948486328125, 103860.702880859375 ], [ 109067.57708740234375, 103860.6527099609375 ], [ 109067.4945068359375, 103860.59271240234375 ], [ 109067.412109375, 103860.542724609375 ], [ 109067.32952880859375, 103860.48272705078125 ], [ 109067.2470703125, 103860.43267822265625 ], [ 109067.15631103515625, 103860.3726806640625 ], [ 109067.07391357421875, 103860.32269287109375 ], [ 109066.99127197265625, 103860.272705078125 ], [ 109066.90887451171875, 103860.21270751953125 ], [ 109066.818115234375, 103860.1627197265625 ], [ 109066.7354736328125, 103860.1126708984375 ], [ 109066.653076171875, 103860.06268310546875 ], [ 109066.56231689453125, 103860.0126953125 ], [ 109066.47991943359375, 103859.96270751953125 ], [ 109066.38909912109375, 103859.9124755859375 ], [ 109066.30670166015625, 103859.86248779296875 ], [ 109066.21588134765625, 103859.8125 ], [ 109066.13348388671875, 103859.76251220703125 ], [ 109066.042724609375, 103859.7125244140625 ], [ 109065.951904296875, 103859.6624755859375 ], [ 109065.8695068359375, 103859.61248779296875 ], [ 109065.7786865234375, 103859.572509765625 ], [ 109065.68792724609375, 103859.52252197265625 ], [ 109065.60552978515625, 103859.47247314453125 ], [ 109065.51470947265625, 103859.4324951171875 ], [ 109065.42388916015625, 103859.38250732421875 ], [ 109065.3331298828125, 103859.342529296875 ], [ 109065.24249267578125, 103859.29248046875 ], [ 109065.15167236328125, 103859.25250244140625 ], [ 109065.06927490234375, 103859.2125244140625 ], [ 109064.978515625, 103859.1624755859375 ], [ 109064.8876953125, 103859.12249755859375 ], [ 109064.796875, 103859.082275390625 ], [ 109064.706298828125, 103859.04248046875 ], [ 109064.615478515625, 103858.99249267578125 ], [ 109064.52471923828125, 103858.9522705078125 ], [ 109064.42572021484375, 103858.9124755859375 ], [ 109064.3350830078125, 103858.872314453125 ], [ 109064.24432373046875, 103858.832275390625 ], [ 109064.15350341796875, 103858.79229736328125 ], [ 109064.06268310546875, 103858.7523193359375 ], [ 109063.97210693359375, 103858.7222900390625 ], [ 109063.87310791015625, 103858.68231201171875 ], [ 109063.78228759765625, 103858.64227294921875 ], [ 109063.6915283203125, 103858.602294921875 ], [ 109063.60089111328125, 103858.57232666015625 ], [ 109063.50189208984375, 103858.53228759765625 ], [ 109063.41107177734375, 103858.5023193359375 ], [ 109063.3203125, 103858.4622802734375 ], [ 109063.2213134765625, 103858.43231201171875 ], [ 109063.13067626953125, 103858.39227294921875 ], [ 109063.0399169921875, 103858.3623046875 ], [ 109062.94091796875, 103858.332275390625 ], [ 109062.85009765625, 103858.29229736328125 ], [ 109062.7510986328125, 103858.2623291015625 ], [ 109062.6602783203125, 103858.2322998046875 ], [ 109062.561279296875, 103858.20208740234375 ], [ 109054.73248291015625, 103854.2113037109375 ], [ 109054.60052490234375, 103854.12127685546875 ], [ 109054.51812744140625, 103854.061279296875 ], [ 109054.43548583984375, 103854.01129150390625 ], [ 109054.35308837890625, 103853.9512939453125 ], [ 109054.27069091796875, 103853.90130615234375 ], [ 109054.1881103515625, 103853.84130859375 ], [ 109054.0972900390625, 103853.79107666015625 ], [ 109054.014892578125, 103853.7310791015625 ], [ 109053.93231201171875, 103853.6812744140625 ], [ 109053.84991455078125, 103853.631103515625 ], [ 109053.75909423828125, 103853.58111572265625 ], [ 109053.67669677734375, 103853.5211181640625 ], [ 109053.58587646484375, 103853.47113037109375 ], [ 109053.50347900390625, 103853.42108154296875 ], [ 109053.4208984375, 103853.37109375 ], [ 109053.330078125, 103853.32110595703125 ], [ 109053.239501953125, 103853.2711181640625 ], [ 109053.15692138671875, 103853.2310791015625 ], [ 109053.06610107421875, 103853.18109130859375 ], [ 109052.97528076171875, 103853.131103515625 ], [ 109052.89288330078125, 103853.08111572265625 ], [ 109052.8021240234375, 103853.04107666015625 ], [ 109052.71148681640625, 103852.9910888671875 ], [ 109052.6207275390625, 103852.95111083984375 ], [ 109052.5380859375, 103852.90087890625 ], [ 109052.447509765625, 103852.861083984375 ], [ 109052.356689453125, 103852.8209228515625 ], [ 109052.26593017578125, 103852.7708740234375 ], [ 109052.17529296875, 103852.73089599609375 ], [ 109052.08447265625, 103852.69091796875 ], [ 109051.99371337890625, 103852.65087890625 ], [ 109051.903076171875, 103852.61090087890625 ], [ 109051.81231689453125, 103852.5709228515625 ], [ 109051.72149658203125, 103852.5308837890625 ], [ 109051.62249755859375, 103852.49090576171875 ], [ 109051.53167724609375, 103852.450927734375 ], [ 109051.44110107421875, 103852.410888671875 ], [ 109051.35028076171875, 103852.37091064453125 ], [ 109051.25128173828125, 103852.34088134765625 ], [ 109051.1605224609375, 103852.3009033203125 ], [ 109051.06988525390625, 103852.26092529296875 ], [ 109050.97088623046875, 103852.23089599609375 ], [ 109050.880126953125, 103852.19091796875 ], [ 109050.789306640625, 103852.160888671875 ], [ 109050.6903076171875, 103852.13092041015625 ], [ 109050.5994873046875, 103852.09088134765625 ], [ 109050.50048828125, 103852.0609130859375 ], [ 109050.409912109375, 103852.0308837890625 ], [ 109050.3109130859375, 103852.00067138671875 ], [ 109050.2200927734375, 103851.97088623046875 ], [ 109050.12109375, 103851.940673828125 ], [ 109050.0302734375, 103851.910888671875 ], [ 109049.9312744140625, 103851.88067626953125 ], [ 109049.832275390625, 103851.8507080078125 ], [ 109049.74169921875, 103851.8206787109375 ], [ 109049.6427001953125, 103851.80072021484375 ], [ 109049.5518798828125, 103851.77069091796875 ], [ 109049.452880859375, 103851.74072265625 ], [ 109049.3538818359375, 103851.720703125 ], [ 109049.2548828125, 103851.690673828125 ], [ 109049.16412353515625, 103851.67071533203125 ], [ 109049.06512451171875, 103851.65069580078125 ], [ 109048.96612548828125, 103851.6207275390625 ], [ 109048.86712646484375, 103851.6007080078125 ], [ 109048.76812744140625, 103851.5806884765625 ], [ 109048.66912841796875, 103851.56072998046875 ], [ 109048.5784912109375, 103851.54071044921875 ], [ 109048.4794921875, 103851.52069091796875 ], [ 109048.3804931640625, 103851.50067138671875 ], [ 109048.281494140625, 103851.480712890625 ], [ 109048.1824951171875, 103851.460693359375 ], [ 109048.08349609375, 103851.440673828125 ], [ 109047.9844970703125, 103851.43072509765625 ], [ 109047.885498046875, 103851.41070556640625 ], [ 109047.7864990234375, 103851.39068603515625 ], [ 109047.6875, 103851.38067626953125 ], [ 109047.5885009765625, 103851.3607177734375 ], [ 109047.489501953125, 103851.3507080078125 ], [ 109047.3905029296875, 103851.3406982421875 ], [ 109047.29150390625, 103851.3206787109375 ], [ 109047.1925048828125, 103851.31072998046875 ], [ 109047.093505859375, 103851.30072021484375 ], [ 109046.9945068359375, 103851.29071044921875 ], [ 109046.8955078125, 103851.28070068359375 ], [ 109046.7965087890625, 103851.27069091796875 ], [ 109046.697509765625, 103851.26068115234375 ], [ 109046.5985107421875, 103851.25067138671875 ], [ 109046.49951171875, 103851.24072265625 ], [ 109046.4005126953125, 103851.230712890625 ], [ 109046.301513671875, 103851.230712890625 ], [ 109046.19427490234375, 103851.220703125 ], [ 109046.09527587890625, 103851.220703125 ], [ 109045.99627685546875, 103851.210693359375 ], [ 109045.89727783203125, 103851.210693359375 ], [ 109045.79827880859375, 103851.20068359375 ], [ 109045.69927978515625, 103851.20068359375 ], [ 109045.60028076171875, 103851.20068359375 ], [ 109045.50128173828125, 103851.190673828125 ], [ 109045.40228271484375, 103851.190673828125 ], [ 109045.29510498046875, 103851.190673828125 ], [ 109045.19610595703125, 103851.190673828125 ], [ 109045.09710693359375, 103851.190673828125 ], [ 109044.99810791015625, 103851.190673828125 ], [ 109044.89910888671875, 103851.190673828125 ], [ 109044.80010986328125, 103851.20068359375 ], [ 109044.70111083984375, 103851.20068359375 ], [ 109044.60211181640625, 103851.20068359375 ], [ 109044.494873046875, 103851.210693359375 ], [ 109044.3958740234375, 103851.210693359375 ], [ 109044.296875, 103851.220703125 ], [ 109044.1978759765625, 103851.220703125 ], [ 109044.098876953125, 103851.230712890625 ], [ 109043.9998779296875, 103851.24072265625 ], [ 109043.90087890625, 103851.24072265625 ], [ 109043.8018798828125, 103851.25067138671875 ], [ 109043.702880859375, 103851.26068115234375 ], [ 109043.6038818359375, 103851.27069091796875 ], [ 109043.5048828125, 103851.28070068359375 ], [ 109043.4058837890625, 103851.29071044921875 ], [ 109043.2987060546875, 103851.30072021484375 ], [ 109043.2078857421875, 103851.31072998046875 ], [ 109043.1007080078125, 103851.3306884765625 ], [ 109043.0098876953125, 103851.3406982421875 ], [ 109042.9027099609375, 103851.3507080078125 ], [ 109042.8037109375, 103851.3707275390625 ], [ 109042.7047119140625, 103851.38067626953125 ], [ 109042.605712890625, 103851.40069580078125 ], [ 109042.5067138671875, 103851.41070556640625 ], [ 109042.41607666015625, 103851.43072509765625 ], [ 109042.31707763671875, 103851.45068359375 ], [ 109042.21807861328125, 103851.470703125 ], [ 109042.11907958984375, 103851.480712890625 ], [ 109042.02008056640625, 103851.50067138671875 ], [ 109041.92108154296875, 103851.52069091796875 ], [ 109041.82208251953125, 103851.54071044921875 ], [ 109041.72308349609375, 103851.56072998046875 ], [ 109041.62408447265625, 103851.5906982421875 ], [ 109041.5333251953125, 103851.6107177734375 ], [ 109041.434326171875, 103851.63067626953125 ], [ 109041.3353271484375, 103851.65069580078125 ], [ 109041.236328125, 103851.68072509765625 ], [ 109041.14569091796875, 103851.70068359375 ], [ 109041.04669189453125, 103851.730712890625 ], [ 109040.94769287109375, 103851.75067138671875 ], [ 109040.84869384765625, 103851.78070068359375 ], [ 109040.75787353515625, 103851.81072998046875 ], [ 109040.65887451171875, 103851.8306884765625 ], [ 109040.55987548828125, 103851.8607177734375 ], [ 109040.4691162109375, 103851.89068603515625 ], [ 109040.3701171875, 103851.92071533203125 ], [ 109040.27947998046875, 103851.95068359375 ], [ 109040.18048095703125, 103851.98089599609375 ], [ 109040.08148193359375, 103852.01068115234375 ], [ 109039.99072265625, 103852.0408935546875 ], [ 109039.8917236328125, 103852.0709228515625 ], [ 109039.8009033203125, 103852.10089111328125 ], [ 109039.7100830078125, 103852.14093017578125 ], [ 109039.611083984375, 103852.1708984375 ], [ 109039.5205078125, 103852.200927734375 ], [ 109039.4215087890625, 103852.24090576171875 ], [ 109039.3306884765625, 103852.2808837890625 ], [ 109039.23992919921875, 103852.3109130859375 ], [ 109039.14093017578125, 103852.35089111328125 ], [ 109039.05029296875, 103852.38092041015625 ], [ 109038.95947265625, 103852.4208984375 ], [ 109038.86871337890625, 103852.46087646484375 ], [ 109038.778076171875, 103852.50091552734375 ], [ 109038.6790771484375, 103852.5408935546875 ], [ 109038.58831787109375, 103852.58087158203125 ], [ 109038.49749755859375, 103852.62091064453125 ], [ 109038.40667724609375, 103852.660888671875 ], [ 109038.31610107421875, 103852.700927734375 ], [ 109038.22528076171875, 103852.74090576171875 ], [ 109038.134521484375, 103852.79107666015625 ], [ 109038.04388427734375, 103852.83087158203125 ], [ 109037.953125, 103852.87109375 ], [ 109037.8704833984375, 103852.92108154296875 ], [ 109037.7799072265625, 103852.96112060546875 ], [ 109037.6890869140625, 103853.0111083984375 ], [ 109037.59832763671875, 103853.05108642578125 ], [ 109037.50750732421875, 103853.10107421875 ], [ 109037.42510986328125, 103853.151123046875 ], [ 109037.33428955078125, 103853.19110107421875 ], [ 109037.2435302734375, 103853.2410888671875 ], [ 109037.16107177734375, 103853.29107666015625 ], [ 109037.0703125, 103853.34112548828125 ], [ 109036.9879150390625, 103853.39111328125 ], [ 109036.8970947265625, 103853.44110107421875 ], [ 109036.814697265625, 103853.4910888671875 ], [ 109036.723876953125, 103853.54107666015625 ], [ 109036.6414794921875, 103853.59112548828125 ], [ 109036.55889892578125, 103853.64111328125 ], [ 109036.46807861328125, 103853.7012939453125 ], [ 109036.38568115234375, 103853.75128173828125 ], [ 109036.3031005859375, 103853.80108642578125 ], [ 109036.220703125, 103853.861328125 ], [ 109036.1298828125, 103853.91131591796875 ], [ 109036.0474853515625, 103853.9713134765625 ], [ 109035.96490478515625, 103854.02130126953125 ], [ 109035.88250732421875, 103854.081298828125 ], [ 109035.7999267578125, 103854.14129638671875 ], [ 109035.717529296875, 103854.1912841796875 ], [ 109035.6348876953125, 103854.25128173828125 ], [ 109035.56072998046875, 103854.311279296875 ], [ 109035.47808837890625, 103854.37127685546875 ], [ 109035.39569091796875, 103854.4312744140625 ], [ 109035.31329345703125, 103854.49127197265625 ], [ 109035.2388916015625, 103854.55133056640625 ], [ 109035.156494140625, 103854.611328125 ], [ 109035.07391357421875, 103854.6715087890625 ], [ 109034.99969482421875, 103854.73150634765625 ], [ 109034.91729736328125, 103854.79150390625 ], [ 109034.84307861328125, 103854.86151123046875 ], [ 109034.760498046875, 103854.9215087890625 ], [ 109034.686279296875, 103854.98150634765625 ], [ 109034.61187744140625, 103855.051513671875 ], [ 109034.52947998046875, 103855.11151123046875 ], [ 109034.455322265625, 103855.1815185546875 ], [ 109034.381103515625, 103855.24151611328125 ], [ 109034.30670166015625, 103855.3115234375 ], [ 109034.23248291015625, 103855.37152099609375 ], [ 109034.1583251953125, 103855.4415283203125 ], [ 109034.0841064453125, 103855.511474609375 ], [ 109034.0098876953125, 103855.57171630859375 ], [ 109033.93548583984375, 103855.6417236328125 ], [ 109033.861328125, 103855.71173095703125 ], [ 109033.7952880859375, 103855.78167724609375 ], [ 109033.72113037109375, 103855.8516845703125 ], [ 109033.64691162109375, 103855.92169189453125 ], [ 109033.572509765625, 103855.99169921875 ], [ 109033.50653076171875, 103856.06170654296875 ], [ 109033.43231201171875, 103856.1317138671875 ], [ 109033.36627197265625, 103856.20172119140625 ], [ 109033.30029296875, 103856.28167724609375 ], [ 109033.22607421875, 103856.3516845703125 ], [ 109033.16009521484375, 103856.421875 ], [ 109033.0941162109375, 103856.49188232421875 ], [ 109033.0198974609375, 103856.5718994140625 ], [ 109032.95391845703125, 103856.64190673828125 ], [ 109032.88787841796875, 103856.721923828125 ], [ 109032.8218994140625, 103856.7918701171875 ], [ 109032.75592041015625, 103856.87188720703125 ], [ 109032.68988037109375, 103856.94189453125 ], [ 109032.6239013671875, 103857.02191162109375 ], [ 109032.56610107421875, 103857.0919189453125 ], [ 109032.5001220703125, 103857.171875 ], [ 109032.43408203125, 103857.2520751953125 ], [ 109032.36810302734375, 103857.33209228515625 ], [ 109032.31048583984375, 103857.402099609375 ], [ 109032.24432373046875, 103857.48211669921875 ], [ 109032.18670654296875, 103857.56207275390625 ], [ 109032.1207275390625, 103857.64208984375 ], [ 109032.06292724609375, 103857.72210693359375 ], [ 109032.005126953125, 103857.8021240234375 ], [ 109031.947509765625, 103857.882080078125 ], [ 109031.88128662109375, 103857.96209716796875 ], [ 109031.82373046875, 103858.0421142578125 ], [ 109031.76593017578125, 103858.1220703125 ], [ 109031.7081298828125, 103858.20208740234375 ], [ 109031.6505126953125, 103858.29229736328125 ], [ 109031.59271240234375, 103858.372314453125 ], [ 109031.534912109375, 103858.4522705078125 ], [ 109031.4854736328125, 103858.53228759765625 ], [ 109031.42767333984375, 103858.622314453125 ], [ 109031.369873046875, 103858.7022705078125 ], [ 109031.32049560546875, 103858.78228759765625 ], [ 109031.2626953125, 103858.872314453125 ], [ 109031.21307373046875, 103858.9522705078125 ], [ 109031.1636962890625, 103859.04248046875 ], [ 109031.10589599609375, 103859.12249755859375 ], [ 109031.0565185546875, 103859.2125244140625 ], [ 109031.00689697265625, 103859.29248046875 ], [ 109030.95751953125, 103859.38250732421875 ], [ 109030.90789794921875, 103859.47247314453125 ], [ 109030.85028076171875, 103859.552490234375 ], [ 109030.80889892578125, 103859.64251708984375 ], [ 109030.759521484375, 103859.73248291015625 ], [ 109030.7100830078125, 103859.822509765625 ], [ 109030.6605224609375, 103859.90252685546875 ], [ 109030.611083984375, 103859.99267578125 ], [ 109030.5697021484375, 103860.08270263671875 ], [ 109030.52032470703125, 103860.1727294921875 ], [ 109030.4788818359375, 103860.2626953125 ], [ 109030.42950439453125, 103860.35272216796875 ], [ 109030.3883056640625, 103860.44268798828125 ], [ 109030.34710693359375, 103860.53271484375 ], [ 109030.2974853515625, 103860.6226806640625 ], [ 109030.25628662109375, 103860.71270751953125 ], [ 109030.215087890625, 103860.80267333984375 ], [ 109030.1737060546875, 103860.89288330078125 ], [ 109030.13250732421875, 103860.98291015625 ], [ 109030.09130859375, 103861.0728759765625 ], [ 109030.05010986328125, 103861.16290283203125 ], [ 109030.01708984375, 103861.26287841796875 ], [ 109029.9757080078125, 103861.3529052734375 ], [ 109029.93450927734375, 103861.44287109375 ], [ 109029.9014892578125, 103861.53289794921875 ], [ 109029.86029052734375, 103861.63287353515625 ], [ 109029.8272705078125, 103861.72308349609375 ], [ 109029.78607177734375, 103861.8131103515625 ], [ 109029.75311279296875, 103861.9130859375 ], [ 109029.7200927734375, 103862.00311279296875 ], [ 109029.68707275390625, 103862.09307861328125 ], [ 109029.65411376953125, 103862.193115234375 ], [ 109029.62109375, 103862.2830810546875 ], [ 109029.58807373046875, 103862.38311767578125 ], [ 109029.55511474609375, 103862.47308349609375 ], [ 109029.5220947265625, 103862.57330322265625 ], [ 109029.48907470703125, 103862.6630859375 ], [ 109029.46429443359375, 103862.7633056640625 ], [ 109029.4312744140625, 103862.853271484375 ], [ 109029.406494140625, 103862.95330810546875 ], [ 109029.37347412109375, 103863.04327392578125 ], [ 109029.348876953125, 103863.143310546875 ], [ 109029.31591796875, 103863.2432861328125 ], [ 109029.29107666015625, 103863.33331298828125 ], [ 109029.26629638671875, 103863.43328857421875 ], [ 109029.24151611328125, 103863.53350830078125 ], [ 109029.2169189453125, 103863.62347412109375 ], [ 109029.2169189453125, 103863.75347900390625 ], [ 109000.1455078125, 103917.37567138671875 ], [ 108955.59808349609375, 103999.44427490234375 ], [ 108935.89007568359375, 104035.8125 ], [ 108935.60968017578125, 104036.49267578125 ], [ 108935.1063232421875, 104037.03271484375 ], [ 108934.58673095703125, 104037.53289794921875 ], [ 108934.190673828125, 104037.8729248046875 ], [ 108933.3905029296875, 104038.25311279296875 ], [ 108932.74688720703125, 104038.51312255859375 ], [ 108932.0540771484375, 104038.6630859375 ], [ 108931.10528564453125, 104038.76312255859375 ], [ 108930.0906982421875, 104038.673095703125 ], [ 108929.21630859375, 104038.39312744140625 ], [ 108928.39129638671875, 104037.96307373046875 ], [ 108927.434326171875, 104037.55291748046875 ], [ 108917.03167724609375, 104032.1217041015625 ], [ 108916.0499267578125, 104031.73150634765625 ], [ 108915.06829833984375, 104031.45147705078125 ], [ 108914.325927734375, 104031.63153076171875 ], [ 108913.62469482421875, 104031.88153076171875 ], [ 108912.81610107421875, 104032.521728515625 ], [ 108912.31292724609375, 104033.11187744140625 ], [ 108911.89227294921875, 104033.5518798828125 ], [ 108911.5540771484375, 104033.82208251953125 ], [ 108910.57232666015625, 104033.4619140625 ], [ 108908.38629150390625, 104037.38287353515625 ], [ 108891.210693359375, 104028.15069580078125 ], [ 108893.0916748046875, 104024.21990966796875 ], [ 108891.73870849609375, 104023.51971435546875 ], [ 108892.20068359375, 104022.719482421875 ], [ 108892.398681640625, 104022.0894775390625 ], [ 108892.4647216796875, 104021.57928466796875 ], [ 108892.50592041015625, 104021.09912109375 ], [ 108892.52227783203125, 104020.6990966796875 ], [ 108892.43170166015625, 104020.15887451171875 ], [ 108892.27490234375, 104019.7489013671875 ], [ 108892.076904296875, 104019.35870361328125 ], [ 108891.71392822265625, 104018.96868896484375 ], [ 108891.26007080078125, 104018.698486328125 ], [ 108890.61669921875, 104018.238525390625 ], [ 108889.965087890625, 104017.788330078125 ], [ 108854.69012451171875, 103999.58428955078125 ], [ 108844.8485107421875, 103994.48309326171875 ], [ 108844.0894775390625, 103994.18310546875 ], [ 108843.3798828125, 103993.97308349609375 ], [ 108842.4149169921875, 103993.97308349609375 ], [ 108841.705322265625, 103994.0631103515625 ], [ 108840.962890625, 103994.2730712890625 ], [ 108840.2864990234375, 103994.76312255859375 ], [ 108839.74188232421875, 103995.38330078125 ], [ 108839.42852783203125, 103995.76348876953125 ], [ 108838.9171142578125, 103996.6934814453125 ], [ 108838.05908203125, 103996.41351318359375 ], [ 108836.35968017578125, 103999.61431884765625 ], [ 108819.06048583984375, 103991.09228515625 ], [ 108820.85052490234375, 103987.24151611328125 ], [ 108820.174072265625, 103986.9014892578125 ], [ 108820.7598876953125, 103985.64111328125 ], [ 108820.87530517578125, 103984.88092041015625 ], [ 108820.86712646484375, 103984.3206787109375 ], [ 108820.77630615234375, 103983.730712890625 ], [ 108820.611328125, 103983.1204833984375 ], [ 108820.47113037109375, 103982.71051025390625 ], [ 108820.14111328125, 103982.40032958984375 ], [ 108819.90191650390625, 103981.98028564453125 ], [ 108819.472900390625, 103981.62030029296875 ], [ 108818.64788818359375, 103980.860107421875 ], [ 108817.9384765625, 103980.619873046875 ], [ 108816.84130859375, 103979.93988037109375 ], [ 108815.381103515625, 103979.11968994140625 ], [ 108813.7642822265625, 103978.3895263671875 ], [ 108649.40087890625, 103894.060302734375 ], [ 108648.4935302734375, 103893.60028076171875 ], [ 108647.78411865234375, 103893.31011962890625 ], [ 108647.239501953125, 103892.94012451171875 ], [ 108646.6787109375, 103892.67010498046875 ], [ 108646.12591552734375, 103892.2799072265625 ], [ 108645.8040771484375, 103891.93988037109375 ], [ 108645.23492431640625, 103891.2197265625 ], [ 108644.822509765625, 103890.469482421875 ], [ 108644.7069091796875, 103890.009521484375 ], [ 108644.66571044921875, 103889.54931640625 ], [ 108644.59967041015625, 103889.08929443359375 ], [ 108644.5584716796875, 103888.52911376953125 ], [ 108644.7235107421875, 103887.89892578125 ], [ 108644.9462890625, 103887.0386962890625 ], [ 108645.276123046875, 103886.1884765625 ], [ 108645.5731201171875, 103885.228271484375 ], [ 108645.73809814453125, 103884.54827880859375 ], [ 108750.9854736328125, 103521.73590087890625 ], [ 108751.1834716796875, 103520.77569580078125 ], [ 108751.430908203125, 103519.91552734375 ], [ 108751.67828369140625, 103519.185302734375 ], [ 108752.0167236328125, 103518.6552734375 ], [ 108752.47027587890625, 103517.955078125 ], [ 108752.95709228515625, 103517.58489990234375 ], [ 108753.394287109375, 103517.294921875 ], [ 108753.864501953125, 103516.994873046875 ], [ 108754.277099609375, 103516.77471923828125 ], [ 108755.143310546875, 103516.564697265625 ], [ 108755.55572509765625, 103516.544677734375 ], [ 108756.2899169921875, 103516.51470947265625 ], [ 108756.9744873046875, 103516.5546875 ], [ 108757.71710205078125, 103516.64471435546875 ], [ 108758.731689453125, 103516.64471435546875 ], [ 108760.07647705078125, 103516.7548828125 ], [ 108761.4788818359375, 103516.93487548828125 ], [ 108873.97747802734375, 103528.00732421875 ], [ 108875.165283203125, 103528.1373291015625 ], [ 108876.36151123046875, 103528.18731689453125 ], [ 108877.15350341796875, 103528.25732421875 ], [ 108878.04449462890625, 103528.19732666015625 ], [ 108878.93548583984375, 103528.03729248046875 ], [ 108879.7357177734375, 103527.77728271484375 ], [ 108880.4039306640625, 103527.3372802734375 ], [ 108881.2288818359375, 103526.84710693359375 ], [ 108881.74847412109375, 103526.296875 ], [ 108882.1693115234375, 103525.826904296875 ], [ 108882.7467041015625, 103525.126708984375 ], [ 108883.16748046875, 103524.24652099609375 ], [ 108883.5220947265625, 103523.46630859375 ], [ 108883.92633056640625, 103518.87530517578125 ], [ 108884.5120849609375, 103518.73529052734375 ], [ 108886.6239013671875, 103499.3209228515625 ], [ 108890.0640869140625, 103460.27191162109375 ], [ 108915.48907470703125, 103460.27191162109375 ], [ 108911.38067626953125, 103499.34088134765625 ], [ 108908.9224853515625, 103521.105712890625 ], [ 108909.45867919921875, 103521.16571044921875 ], [ 108909.22772216796875, 103522.526123046875 ], [ 108909.169921875, 103523.74627685546875 ], [ 108909.1947021484375, 103524.91668701171875 ], [ 108909.22772216796875, 103525.9168701171875 ], [ 108909.2852783203125, 103526.777099609375 ], [ 108909.5906982421875, 103527.69732666015625 ], [ 108909.92889404296875, 103528.59747314453125 ], [ 108910.52288818359375, 103529.42767333984375 ], [ 108911.4384765625, 103530.4879150390625 ], [ 108912.24688720703125, 103531.00787353515625 ], [ 108912.898681640625, 103531.4080810546875 ], [ 108913.88031005859375, 103531.73828125 ], [ 108914.64752197265625, 103531.84808349609375 ], [ 108916.11590576171875, 103532.00830078125 ], [ 108917.51849365234375, 103532.1182861328125 ], [ 109000.17852783203125, 103539.7100830078125 ], [ 109123.7645263671875, 103551.73272705078125 ], [ 109124.168701171875, 103551.792724609375 ], [ 109124.72967529296875, 103551.8726806640625 ], [ 109125.109130859375, 103552.0828857421875 ], [ 109125.48028564453125, 103552.39288330078125 ], [ 109126.05792236328125, 103553.01287841796875 ], [ 109126.28070068359375, 103553.403076171875 ], [ 109126.478515625, 103554.04327392578125 ], [ 109126.38787841796875, 103554.623291015625 ], [ 109126.27227783203125, 103555.4835205078125 ], [ 109126.00830078125, 103556.24371337890625 ], [ 109125.71148681640625, 103557.20391845703125 ], [ 109125.57928466796875, 103557.79412841796875 ], [ 109072.568115234375, 103739.0750732421875 ], [ 109072.54327392578125, 103739.165283203125 ], [ 109072.51849365234375, 103739.26531982421875 ], [ 109072.49371337890625, 103739.36529541015625 ], [ 109072.4691162109375, 103739.46527099609375 ], [ 109072.44427490234375, 103739.5552978515625 ], [ 109072.41949462890625, 103739.6552734375 ], [ 109072.403076171875, 103739.75531005859375 ], [ 109072.3782958984375, 103739.84527587890625 ], [ 109072.36187744140625, 103739.94549560546875 ], [ 109072.33709716796875, 103740.0452880859375 ], [ 109072.32049560546875, 103740.1455078125 ], [ 109072.29571533203125, 103740.2454833984375 ], [ 109072.279296875, 103740.33551025390625 ], [ 109072.26287841796875, 103740.43548583984375 ], [ 109072.24627685546875, 103740.5355224609375 ], [ 109072.22967529296875, 103740.635498046875 ], [ 109072.21331787109375, 103740.7354736328125 ], [ 109072.19671630859375, 103740.835693359375 ], [ 109072.1802978515625, 103740.93548583984375 ], [ 109072.172119140625, 103741.03570556640625 ], [ 109072.155517578125, 103741.12567138671875 ], [ 109072.14727783203125, 103741.2257080078125 ], [ 109072.13067626953125, 103741.32568359375 ], [ 109072.12249755859375, 103741.42572021484375 ], [ 109072.1060791015625, 103741.52569580078125 ], [ 109072.09771728515625, 103741.62567138671875 ], [ 109072.0894775390625, 103741.72589111328125 ], [ 109072.081298828125, 103741.82568359375 ], [ 109072.0731201171875, 103741.9259033203125 ], [ 109072.06488037109375, 103742.02587890625 ], [ 109072.0565185546875, 103742.12591552734375 ], [ 109072.04827880859375, 103742.22589111328125 ], [ 109072.04827880859375, 103742.325927734375 ], [ 109072.04010009765625, 103742.4259033203125 ], [ 109072.04010009765625, 103742.52587890625 ], [ 109072.03167724609375, 103742.6260986328125 ], [ 109072.03167724609375, 103742.72607421875 ], [ 109072.02349853515625, 103742.82611083984375 ], [ 109072.02349853515625, 103742.92608642578125 ], [ 109072.02349853515625, 103743.026123046875 ], [ 109072.02349853515625, 103743.1260986328125 ], [ 109072.02349853515625, 103743.22607421875 ], [ 109072.02349853515625, 103743.32611083984375 ], [ 109072.02349853515625, 103743.42608642578125 ], [ 109072.03167724609375, 103743.52630615234375 ], [ 109072.03167724609375, 103743.62628173828125 ], [ 109072.03167724609375, 103743.726318359375 ], [ 109072.04010009765625, 103743.8262939453125 ], [ 109072.04827880859375, 103743.92633056640625 ], [ 109072.04827880859375, 103744.02630615234375 ], [ 109072.0565185546875, 103744.12628173828125 ], [ 109072.06488037109375, 103744.226318359375 ], [ 109072.0731201171875, 103744.32647705078125 ], [ 109072.081298828125, 103744.426513671875 ], [ 109072.0894775390625, 103744.5264892578125 ], [ 109072.09771728515625, 103744.62652587890625 ], [ 109072.1060791015625, 103744.71649169921875 ], [ 109072.11431884765625, 103744.8165283203125 ], [ 109072.13067626953125, 103744.91650390625 ], [ 109072.13909912109375, 103745.0164794921875 ], [ 109072.155517578125, 103745.11651611328125 ], [ 109072.16387939453125, 103745.2166748046875 ], [ 109072.1802978515625, 103745.31671142578125 ], [ 109072.19671630859375, 103745.41668701171875 ], [ 109072.21331787109375, 103745.5167236328125 ], [ 109072.22149658203125, 103745.61669921875 ], [ 109072.23809814453125, 103745.7166748046875 ], [ 109072.26287841796875, 103745.80670166015625 ], [ 109072.279296875, 103745.90667724609375 ], [ 109072.29571533203125, 103746.0067138671875 ], [ 109072.31231689453125, 103746.106689453125 ], [ 109072.33709716796875, 103746.2069091796875 ], [ 109072.353515625, 103746.296875 ], [ 109072.3782958984375, 103746.39691162109375 ], [ 109072.39471435546875, 103746.49688720703125 ], [ 109072.41949462890625, 103746.596923828125 ], [ 109072.44427490234375, 103746.6868896484375 ], [ 109072.4691162109375, 103746.78692626953125 ], [ 109072.49371337890625, 103746.88690185546875 ], [ 109072.51849365234375, 103746.98687744140625 ], [ 109072.54327392578125, 103747.07708740234375 ], [ 109072.568115234375, 103747.1771240234375 ], [ 109072.59271240234375, 103747.277099609375 ], [ 109072.61749267578125, 103747.36712646484375 ], [ 109072.6505126953125, 103747.46710205078125 ], [ 109072.67529296875, 103747.55712890625 ], [ 109072.70831298828125, 103747.6571044921875 ], [ 109072.73309326171875, 103747.7470703125 ], [ 109072.76593017578125, 103747.8472900390625 ], [ 109072.79888916015625, 103747.93707275390625 ], [ 109072.83209228515625, 103748.03729248046875 ], [ 109072.856689453125, 103748.1273193359375 ], [ 109072.88970947265625, 103748.227294921875 ], [ 109072.9227294921875, 103748.31732177734375 ], [ 109072.96392822265625, 103748.41729736328125 ], [ 109072.99688720703125, 103748.50732421875 ], [ 109073.03009033203125, 103748.5972900390625 ], [ 109073.0712890625, 103748.69732666015625 ], [ 109073.10430908203125, 103748.7874755859375 ], [ 109073.1373291015625, 103748.87750244140625 ], [ 109073.17852783203125, 103748.97747802734375 ], [ 109073.2197265625, 103749.0675048828125 ], [ 109073.252685546875, 103749.157470703125 ], [ 109073.29388427734375, 103749.24749755859375 ], [ 109073.3350830078125, 103749.3375244140625 ], [ 109073.37652587890625, 103749.427490234375 ], [ 109073.417724609375, 103749.52752685546875 ], [ 109073.45892333984375, 103749.61767578125 ], [ 109073.50030517578125, 103749.70770263671875 ], [ 109073.54150390625, 103749.7977294921875 ], [ 109073.59088134765625, 103749.8876953125 ], [ 109073.632080078125, 103749.97772216796875 ], [ 109073.68170166015625, 103750.06768798828125 ], [ 109073.722900390625, 103750.15771484375 ], [ 109073.77252197265625, 103750.2376708984375 ], [ 109073.813720703125, 103750.32769775390625 ], [ 109073.86328125, 103750.417724609375 ], [ 109073.9127197265625, 103750.50787353515625 ], [ 109073.9622802734375, 103750.597900390625 ], [ 109074.01171875, 103750.67791748046875 ], [ 109074.061279296875, 103750.76788330078125 ], [ 109074.1107177734375, 103750.85791015625 ], [ 109074.16009521484375, 103750.93792724609375 ], [ 109074.209716796875, 103751.02789306640625 ], [ 109074.25909423828125, 103751.10791015625 ], [ 109074.31689453125, 103751.1978759765625 ], [ 109074.36627197265625, 103751.27789306640625 ], [ 109074.4158935546875, 103751.367919921875 ], [ 109074.47369384765625, 103751.4478759765625 ], [ 109074.531494140625, 103751.5380859375 ], [ 109074.58087158203125, 103751.61810302734375 ], [ 109074.638671875, 103751.6981201171875 ], [ 109074.6962890625, 103751.7880859375 ], [ 109074.75408935546875, 103751.86810302734375 ], [ 109074.8037109375, 103751.9481201171875 ], [ 109074.861328125, 103752.028076171875 ], [ 109074.92730712890625, 103752.10809326171875 ], [ 109074.985107421875, 103752.1881103515625 ], [ 109075.04290771484375, 103752.278076171875 ], [ 109075.1007080078125, 103752.3582763671875 ], [ 109075.1583251953125, 103752.43829345703125 ], [ 109075.22430419921875, 103752.50830078125 ], [ 109075.2821044921875, 103752.58831787109375 ], [ 109075.34808349609375, 103752.66827392578125 ], [ 109075.4058837890625, 103752.748291015625 ], [ 109075.471923828125, 103752.82830810546875 ], [ 109075.53790283203125, 103752.9083251953125 ], [ 109075.59552001953125, 103752.978271484375 ], [ 109075.66168212890625, 103753.05828857421875 ], [ 109075.72747802734375, 103753.12847900390625 ], [ 109075.79351806640625, 103753.20849609375 ], [ 109075.8594970703125, 103753.28851318359375 ], [ 109075.92547607421875, 103753.3585205078125 ], [ 109075.99151611328125, 103753.42852783203125 ], [ 109076.0574951171875, 103753.50848388671875 ], [ 109076.13189697265625, 103753.5784912109375 ], [ 109076.1978759765625, 103753.64849853515625 ], [ 109076.263671875, 103753.728515625 ], [ 109076.33807373046875, 103753.79852294921875 ], [ 109076.40411376953125, 103753.8685302734375 ], [ 109076.4700927734375, 103753.9384765625 ], [ 109076.5443115234375, 103754.00848388671875 ], [ 109076.6185302734375, 103754.07867431640625 ], [ 109076.68450927734375, 103754.148681640625 ], [ 109076.75872802734375, 103754.21868896484375 ], [ 109076.8328857421875, 103754.2886962890625 ], [ 109076.90728759765625, 103754.35870361328125 ], [ 109076.98150634765625, 103754.4287109375 ], [ 109077.05572509765625, 103754.49871826171875 ], [ 109077.1298828125, 103754.5587158203125 ], [ 109077.20428466796875, 103754.62872314453125 ], [ 109077.27850341796875, 103754.69873046875 ], [ 109077.35272216796875, 103754.75872802734375 ], [ 109077.4268798828125, 103754.82867431640625 ], [ 109077.50128173828125, 103754.888671875 ], [ 109077.58367919921875, 103754.94873046875 ], [ 109077.65789794921875, 103755.0186767578125 ], [ 109077.7322998046875, 103755.07891845703125 ], [ 109077.814697265625, 103755.138916015625 ], [ 109077.888916015625, 103755.20892333984375 ], [ 109077.97149658203125, 103755.2689208984375 ], [ 109078.05389404296875, 103755.32891845703125 ], [ 109078.12811279296875, 103755.388916015625 ], [ 109078.210693359375, 103755.44891357421875 ], [ 109078.29327392578125, 103755.5089111328125 ], [ 109078.36749267578125, 103755.56890869140625 ], [ 109078.44989013671875, 103755.62890625 ], [ 109078.53228759765625, 103755.67889404296875 ], [ 109078.61492919921875, 103755.73907470703125 ], [ 109078.69732666015625, 103755.79888916015625 ], [ 109078.7799072265625, 103755.848876953125 ], [ 109078.86248779296875, 103755.90911865234375 ], [ 109078.94488525390625, 103755.9591064453125 ], [ 109079.02728271484375, 103756.01910400390625 ], [ 109079.11810302734375, 103756.069091796875 ], [ 109079.20068359375, 103756.12908935546875 ], [ 109079.2830810546875, 103756.1790771484375 ], [ 109079.365478515625, 103756.2291259765625 ], [ 109079.456298828125, 103756.27911376953125 ], [ 109079.53887939453125, 103756.3291015625 ], [ 109079.62969970703125, 103756.38909912109375 ], [ 109079.71209716796875, 103756.4390869140625 ], [ 109079.80291748046875, 103756.48907470703125 ], [ 109079.88531494140625, 103756.52911376953125 ], [ 109079.97607421875, 103756.5791015625 ], [ 109080.0584716796875, 103756.62908935546875 ], [ 109080.1492919921875, 103756.6790771484375 ], [ 109080.2401123046875, 103756.71929931640625 ], [ 109080.3306884765625, 103756.769287109375 ], [ 109080.413330078125, 103756.81927490234375 ], [ 109080.50408935546875, 103756.85931396484375 ], [ 109080.5947265625, 103756.9093017578125 ], [ 109080.68548583984375, 103756.94927978515625 ], [ 109080.77630615234375, 103756.98931884765625 ], [ 109080.86712646484375, 103757.039306640625 ], [ 109080.95770263671875, 103757.07928466796875 ], [ 109081.04852294921875, 103757.11932373046875 ], [ 109081.1392822265625, 103757.1593017578125 ], [ 109081.2301025390625, 103757.19927978515625 ], [ 109081.3206787109375, 103757.23931884765625 ], [ 109081.4114990234375, 103757.279296875 ], [ 109081.5023193359375, 103757.31927490234375 ], [ 109081.601318359375, 103757.35931396484375 ], [ 109081.69207763671875, 103757.3892822265625 ], [ 109081.78271484375, 103757.4293212890625 ], [ 109081.8817138671875, 103757.46929931640625 ], [ 109081.980712890625, 103757.50927734375 ], [ 109096.72247314453125, 103761.87030029296875 ], [ 109096.82147216796875, 103761.9102783203125 ], [ 109096.91229248046875, 103761.9403076171875 ], [ 109097.01129150390625, 103761.97027587890625 ], [ 109097.10211181640625, 103762.00048828125 ], [ 109097.20111083984375, 103762.0302734375 ], [ 109097.29168701171875, 103762.06048583984375 ], [ 109097.39068603515625, 103762.09051513671875 ], [ 109097.48150634765625, 103762.1204833984375 ], [ 109097.58050537109375, 103762.1505126953125 ], [ 109097.67950439453125, 103762.18048095703125 ], [ 109097.77032470703125, 103762.21051025390625 ], [ 109097.86932373046875, 103762.23052978515625 ], [ 109097.96832275390625, 103762.260498046875 ], [ 109098.05908203125, 103762.29052734375 ], [ 109098.1580810546875, 103762.31048583984375 ], [ 109098.257080078125, 103762.34051513671875 ], [ 109098.3560791015625, 103762.3604736328125 ], [ 109098.44671630859375, 103762.3905029296875 ], [ 109098.54571533203125, 103762.4105224609375 ], [ 109098.64471435546875, 103762.44049072265625 ], [ 109098.74371337890625, 103762.46051025390625 ], [ 109098.83447265625, 103762.48052978515625 ], [ 109098.9334716796875, 103762.50048828125 ], [ 109099.032470703125, 103762.5205078125 ], [ 109099.13153076171875, 103762.55047607421875 ], [ 109099.23052978515625, 103762.57049560546875 ], [ 109099.32952880859375, 103762.59051513671875 ], [ 109099.42852783203125, 103762.6104736328125 ], [ 109099.52752685546875, 103762.6304931640625 ], [ 109099.61810302734375, 103762.6405029296875 ], [ 109099.71710205078125, 103762.6605224609375 ], [ 109099.81610107421875, 103762.68048095703125 ], [ 109099.91510009765625, 103762.70050048828125 ], [ 109100.01409912109375, 103762.71051025390625 ], [ 109100.11309814453125, 103762.73052978515625 ], [ 109100.21209716796875, 103762.75048828125 ], [ 109100.31109619140625, 103762.760498046875 ], [ 109100.41009521484375, 103762.780517578125 ], [ 109100.50909423828125, 103762.79052734375 ], [ 109100.60809326171875, 103762.80047607421875 ], [ 109100.70709228515625, 103762.8206787109375 ], [ 109100.80609130859375, 103762.8306884765625 ], [ 109100.90509033203125, 103762.84051513671875 ], [ 109101.00408935546875, 103762.85052490234375 ], [ 109101.10308837890625, 103762.8604736328125 ], [ 109101.20208740234375, 103762.88067626953125 ], [ 109101.30108642578125, 103762.89068603515625 ], [ 109101.40008544921875, 103762.90069580078125 ], [ 109101.49908447265625, 103762.90069580078125 ], [ 109101.6063232421875, 103762.91070556640625 ], [ 109101.705322265625, 103762.92047119140625 ], [ 109101.8043212890625, 103762.93048095703125 ], [ 109101.9033203125, 103762.940673828125 ], [ 109102.0023193359375, 103762.940673828125 ], [ 109102.101318359375, 103762.95068359375 ], [ 109102.2003173828125, 103762.960693359375 ], [ 109102.29931640625, 103762.960693359375 ], [ 109102.3983154296875, 103762.970703125 ], [ 109102.497314453125, 103762.970703125 ], [ 109102.6044921875, 103762.970703125 ], [ 109102.7034912109375, 103762.980712890625 ], [ 109102.802490234375, 103762.980712890625 ], [ 109102.9014892578125, 103762.980712890625 ], [ 109103.00048828125, 103762.980712890625 ], [ 109103.0994873046875, 103762.99072265625 ], [ 109103.198486328125, 103762.99072265625 ], [ 109103.2974853515625, 103762.99072265625 ], [ 109103.396484375, 103762.99072265625 ], [ 109103.50372314453125, 103762.99072265625 ], [ 109103.60272216796875, 103762.980712890625 ], [ 109103.70172119140625, 103762.980712890625 ], [ 109103.80072021484375, 103762.980712890625 ], [ 109103.89971923828125, 103762.980712890625 ], [ 109103.99871826171875, 103762.970703125 ], [ 109104.09771728515625, 103762.970703125 ], [ 109104.19671630859375, 103762.970703125 ], [ 109104.29571533203125, 103762.960693359375 ], [ 109104.40289306640625, 103762.960693359375 ], [ 109104.50189208984375, 103762.95068359375 ], [ 109104.60089111328125, 103762.940673828125 ], [ 109104.69989013671875, 103762.940673828125 ], [ 109104.79888916015625, 103762.93048095703125 ], [ 109104.89788818359375, 103762.92047119140625 ], [ 109104.99688720703125, 103762.91070556640625 ], [ 109105.09588623046875, 103762.91070556640625 ], [ 109105.19488525390625, 103762.90069580078125 ], [ 109105.29388427734375, 103762.89068603515625 ], [ 109105.39288330078125, 103762.88067626953125 ], [ 109105.49188232421875, 103762.8704833984375 ], [ 109105.59912109375, 103762.85052490234375 ], [ 109105.6981201171875, 103762.84051513671875 ], [ 109105.797119140625, 103762.8306884765625 ], [ 109105.8961181640625, 103762.8206787109375 ], [ 109105.9951171875, 103762.80047607421875 ], [ 109106.0941162109375, 103762.79052734375 ], [ 109106.193115234375, 103762.780517578125 ], [ 109106.2921142578125, 103762.760498046875 ], [ 109106.39111328125, 103762.75048828125 ], [ 109106.4901123046875, 103762.73052978515625 ], [ 109106.589111328125, 103762.72052001953125 ], [ 109106.6796875, 103762.70050048828125 ], [ 109106.7786865234375, 103762.68048095703125 ], [ 109106.877685546875, 103762.6605224609375 ], [ 109106.9766845703125, 103762.6505126953125 ], [ 109107.07568359375, 103762.6304931640625 ], [ 109107.1746826171875, 103762.6104736328125 ], [ 109107.273681640625, 103762.59051513671875 ], [ 109107.3726806640625, 103762.57049560546875 ], [ 109107.4716796875, 103762.55047607421875 ], [ 109107.5706787109375, 103762.530517578125 ], [ 109107.6614990234375, 103762.510498046875 ], [ 109107.760498046875, 103762.48052978515625 ], [ 109107.8594970703125, 103762.46051025390625 ], [ 109107.95849609375, 103762.44049072265625 ], [ 109108.0574951171875, 103762.4105224609375 ], [ 109108.1480712890625, 103762.3905029296875 ], [ 109108.2470703125, 103762.3704833984375 ], [ 109108.34613037109375, 103762.34051513671875 ], [ 109108.44512939453125, 103762.32049560546875 ], [ 109108.535888671875, 103762.29052734375 ], [ 109108.6348876953125, 103762.260498046875 ], [ 109108.73388671875, 103762.240478515625 ], [ 109108.82470703125, 103762.21051025390625 ], [ 109108.9237060546875, 103762.18048095703125 ], [ 109109.022705078125, 103762.1505126953125 ], [ 109109.11328125, 103762.1204833984375 ], [ 109109.2122802734375, 103762.09051513671875 ], [ 109109.3031005859375, 103762.06048583984375 ], [ 109109.402099609375, 103762.0302734375 ], [ 109109.492919921875, 103762.00048828125 ], [ 109109.5919189453125, 103761.97027587890625 ], [ 109109.68267822265625, 103761.9403076171875 ], [ 109109.78167724609375, 103761.9102783203125 ], [ 109109.872314453125, 103761.88031005859375 ], [ 109109.9713134765625, 103761.84027099609375 ], [ 109110.06207275390625, 103761.810302734375 ], [ 109110.16107177734375, 103761.7802734375 ], [ 109110.25189208984375, 103761.74029541015625 ], [ 109110.342529296875, 103761.7103271484375 ], [ 109110.4415283203125, 103761.6702880859375 ], [ 109110.53228759765625, 103761.64031982421875 ], [ 109110.62310791015625, 103761.60028076171875 ], [ 109110.72210693359375, 103761.560302734375 ], [ 109110.81268310546875, 103761.52032470703125 ], [ 109110.90350341796875, 103761.49029541015625 ], [ 109110.99432373046875, 103761.4503173828125 ], [ 109111.0850830078125, 103761.4102783203125 ], [ 109111.18408203125, 103761.37030029296875 ], [ 109111.27471923828125, 103761.330322265625 ], [ 109111.365478515625, 103761.290283203125 ], [ 109111.456298828125, 103761.25030517578125 ], [ 109111.546875, 103761.2100830078125 ], [ 109111.6376953125, 103761.1702880859375 ], [ 109111.728515625, 103761.130126953125 ], [ 109111.81927490234375, 103761.080078125 ], [ 109111.909912109375, 103761.040283203125 ], [ 109112.00067138671875, 103761.0001220703125 ], [ 109112.09149169921875, 103760.9500732421875 ], [ 109112.18212890625, 103760.91009521484375 ], [ 109112.27288818359375, 103760.8701171875 ], [ 109112.35528564453125, 103760.82012939453125 ], [ 109112.44610595703125, 103760.78009033203125 ], [ 109112.53692626953125, 103760.7301025390625 ], [ 109112.627685546875, 103760.68011474609375 ], [ 109112.7100830078125, 103760.64007568359375 ], [ 109112.8009033203125, 103760.590087890625 ], [ 109112.8917236328125, 103760.54010009765625 ], [ 109112.97412109375, 103760.4901123046875 ], [ 109113.06488037109375, 103760.44012451171875 ], [ 109113.15570068359375, 103760.40008544921875 ], [ 109113.23809814453125, 103760.35009765625 ], [ 109113.32891845703125, 103760.30010986328125 ], [ 109113.41131591796875, 103760.2498779296875 ], [ 109113.493896484375, 103760.2000732421875 ], [ 109113.58447265625, 103760.14007568359375 ], [ 109113.6671142578125, 103760.08990478515625 ], [ 109113.75787353515625, 103760.0399169921875 ], [ 109113.84027099609375, 103759.98992919921875 ], [ 109113.92291259765625, 103759.93988037109375 ], [ 109114.00531005859375, 103759.8798828125 ], [ 109114.09613037109375, 103759.82989501953125 ], [ 109114.17852783203125, 103759.7698974609375 ], [ 109114.2611083984375, 103759.71990966796875 ], [ 109114.343505859375, 103759.659912109375 ], [ 109114.42608642578125, 103759.60992431640625 ], [ 109114.50848388671875, 103759.5499267578125 ], [ 109114.59112548828125, 103759.4998779296875 ], [ 109114.67352294921875, 103759.43988037109375 ], [ 109114.756103515625, 103759.3798828125 ], [ 109114.8385009765625, 103759.32989501953125 ], [ 109114.92108154296875, 103759.26971435546875 ], [ 109115.00347900390625, 103759.209716796875 ], [ 109115.08587646484375, 103759.14971923828125 ], [ 109115.16851806640625, 103759.0897216796875 ], [ 109115.24267578125, 103759.02972412109375 ], [ 109115.3253173828125, 103758.9697265625 ], [ 109115.40771484375, 103758.90972900390625 ], [ 109115.48187255859375, 103758.84967041015625 ], [ 109115.56451416015625, 103758.7896728515625 ], [ 109115.64691162109375, 103758.72967529296875 ], [ 109115.7213134765625, 103758.669677734375 ], [ 109115.8037109375, 103758.60968017578125 ], [ 109115.8779296875, 103758.5396728515625 ], [ 109115.95208740234375, 103758.47967529296875 ], [ 109116.03472900390625, 103758.419677734375 ], [ 109116.10888671875, 103758.3494873046875 ], [ 109116.18328857421875, 103758.28948974609375 ], [ 109116.26568603515625, 103758.219482421875 ], [ 109116.33990478515625, 103758.15948486328125 ], [ 109116.41412353515625, 103758.0894775390625 ], [ 109116.488525390625, 103758.02947998046875 ], [ 109116.56268310546875, 103757.95947265625 ], [ 109116.63690185546875, 103757.89947509765625 ], [ 109116.71112060546875, 103757.82952880859375 ], [ 109116.7852783203125, 103757.759521484375 ], [ 109116.85968017578125, 103757.68951416015625 ], [ 109116.93389892578125, 103757.6292724609375 ], [ 109117.00811767578125, 103757.559326171875 ], [ 109117.082275390625, 103757.48931884765625 ], [ 109117.15667724609375, 103757.4193115234375 ], [ 109117.22271728515625, 103757.34930419921875 ], [ 109117.296875, 103757.279296875 ], [ 109117.37109375, 103757.20928955078125 ], [ 109117.43707275390625, 103757.1392822265625 ], [ 109117.51129150390625, 103757.06927490234375 ], [ 109117.5772705078125, 103756.99932861328125 ], [ 109117.6514892578125, 103756.9293212890625 ], [ 109117.717529296875, 103756.85931396484375 ], [ 109117.7918701171875, 103756.779296875 ], [ 109117.85791015625, 103756.70928955078125 ], [ 109117.92388916015625, 103756.6392822265625 ], [ 109117.98992919921875, 103756.55908203125 ], [ 109118.0640869140625, 103756.48907470703125 ], [ 109118.130126953125, 103756.41912841796875 ], [ 109118.19610595703125, 103756.339111328125 ], [ 109118.2620849609375, 103756.26910400390625 ], [ 109118.328125, 103756.1890869140625 ], [ 109118.39410400390625, 103756.11907958984375 ], [ 109118.4600830078125, 103756.03912353515625 ], [ 109118.526123046875, 103755.9691162109375 ], [ 109118.59210205078125, 103755.88909912109375 ], [ 109118.6580810546875, 103755.80908203125 ], [ 109118.71588134765625, 103755.73907470703125 ], [ 109118.78167724609375, 103755.65887451171875 ], [ 109118.84771728515625, 103755.57891845703125 ], [ 109118.905517578125, 103755.4989013671875 ], [ 109118.97149658203125, 103755.42889404296875 ], [ 109119.029296875, 103755.348876953125 ], [ 109119.09527587890625, 103755.2689208984375 ], [ 109119.153076171875, 103755.18890380859375 ], [ 109119.2191162109375, 103755.10888671875 ], [ 109119.27667236328125, 103755.0286865234375 ], [ 109119.33447265625, 103754.94873046875 ], [ 109119.39227294921875, 103754.86871337890625 ], [ 109119.45831298828125, 103754.7886962890625 ], [ 109119.51593017578125, 103754.70867919921875 ], [ 109119.57373046875, 103754.62872314453125 ], [ 109119.63153076171875, 103754.5487060546875 ], [ 109119.68927001953125, 103754.46868896484375 ], [ 109119.74688720703125, 103754.37872314453125 ], [ 109119.8046875, 103754.2987060546875 ], [ 109119.86248779296875, 103754.21868896484375 ], [ 109119.91192626953125, 103754.13848876953125 ], [ 109119.9697265625, 103754.04852294921875 ], [ 109120.02752685546875, 103753.968505859375 ], [ 109120.076904296875, 103753.88848876953125 ], [ 109120.13470458984375, 103753.79852294921875 ], [ 109120.18408203125, 103753.718505859375 ], [ 109120.24188232421875, 103753.62847900390625 ], [ 109120.29150390625, 103753.54852294921875 ], [ 109120.34930419921875, 103753.45849609375 ], [ 109120.398681640625, 103753.37847900390625 ], [ 109120.4481201171875, 103753.28851318359375 ], [ 109120.50592041015625, 103753.20849609375 ], [ 109120.55548095703125, 103753.1182861328125 ], [ 109120.60491943359375, 103753.0283203125 ], [ 109120.65447998046875, 103752.94830322265625 ], [ 109120.70391845703125, 103752.8582763671875 ], [ 109120.75347900390625, 103752.768310546875 ], [ 109120.80291748046875, 103752.68829345703125 ], [ 109120.85247802734375, 103752.59832763671875 ], [ 109120.8936767578125, 103752.50830078125 ], [ 109120.943115234375, 103752.41827392578125 ], [ 109120.99267578125, 103752.328125 ], [ 109121.0421142578125, 103752.24810791015625 ], [ 109121.08349609375, 103752.1580810546875 ], [ 109121.13287353515625, 103752.068115234375 ], [ 109121.174072265625, 103751.97808837890625 ], [ 109121.22369384765625, 103751.88812255859375 ], [ 109121.264892578125, 103751.798095703125 ], [ 109121.30609130859375, 103751.7081298828125 ], [ 109121.34747314453125, 103751.61810302734375 ], [ 109121.39691162109375, 103751.528076171875 ], [ 109121.4381103515625, 103751.43792724609375 ], [ 109121.47930908203125, 103751.34808349609375 ], [ 109121.52069091796875, 103751.25787353515625 ], [ 109121.57830810546875, 103751.13787841796875 ], [ 109160.77191162109375, 103619.9581298828125 ], [ 109162.71051025390625, 103613.13671875 ], [ 109181.75848388671875, 103614.98712158203125 ], [ 109200.01470947265625, 103617.36767578125 ], [ 109220.91912841796875, 103622.65887451171875 ], [ 109248.43927001953125, 103630.60052490234375 ], [ 109298.17572021484375, 103658.37689208984375 ], [ 109374.90447998046875, 103701.2366943359375 ], [ 109373.58447265625, 103705.47747802734375 ], [ 109391.0487060546875, 103714.99969482421875 ], [ 109392.6326904296875, 103711.8291015625 ], [ 109433.11309814453125, 103735.634521484375 ], [ 109441.3131103515625, 103739.60528564453125 ], [ 109447.3682861328125, 103747.01708984375 ], [ 109446.41949462890625, 103759.32989501953125 ], [ 109442.74029541015625, 103772.81292724609375 ], [ 109444.06011962890625, 103779.7545166015625 ], [ 109447.3682861328125, 103788.3563232421875 ], [ 109455.63427734375, 103794.9678955078125 ], [ 109464.5684814453125, 103795.29791259765625 ], [ 109471.18450927734375, 103797.6185302734375 ], [ 109489.37469482421875, 103797.6185302734375 ], [ 109521.118896484375, 103802.90972900390625 ], [ 109540.8350830078125, 103805.35028076171875 ], [ 109549.82708740234375, 103803.23968505859375 ], [ 109581.31549072265625, 103806.1505126953125 ], [ 109590.6292724609375, 103804.610107421875 ], [ 109597.71551513671875, 103800.3291015625 ], [ 109598.51568603515625, 103795.56787109375 ], [ 109614.1239013671875, 103803.4998779296875 ], [ 110000.0772705078125, 103830.8760986328125 ], [ 110002.74188232421875, 103830.93609619140625 ], [ 110289.00830078125, 103777.513916015625 ], [ 110289.148681640625, 103756.4691162109375 ], [ 110223.8040771484375, 103769.02191162109375 ], [ 110001.0509033203125, 103812.171875 ], [ 109742.08209228515625, 103787.976318359375 ], [ 109722.019287109375, 103786.4359130859375 ], [ 109721.9202880859375, 103786.4259033203125 ], [ 109688.4932861328125, 103780.77471923828125 ], [ 109676.910888671875, 103780.114501953125 ], [ 109611.17047119140625, 103776.35369873046875 ], [ 109544.8939208984375, 103769.73211669921875 ], [ 109464.99749755859375, 103725.58209228515625 ], [ 109426.340087890625, 103704.207275390625 ], [ 109383.5828857421875, 103680.671875 ], [ 109364.122314453125, 103669.95947265625 ], [ 109281.78387451171875, 103624.70928955078125 ], [ 109207.30731201171875, 103583.21990966796875 ], [ 109173.9957275390625, 103564.9957275390625 ], [ 109159.2291259765625, 103561.22491455078125 ], [ 109160.9368896484375, 103556.91387939453125 ], [ 109152.002685546875, 103554.623291015625 ], [ 109155.772705078125, 103541.11029052734375 ], [ 109169.19451904296875, 103489.70867919921875 ], [ 109175.010498046875, 103466.47332763671875 ], [ 109177.39447021484375, 103456.9312744140625 ], [ 109133.5731201171875, 103453.57049560546875 ], [ 109122.04852294921875, 103449.04949951171875 ], [ 108929.64508056640625, 103430.9453125 ], [ 108876.30389404296875, 103429.044921875 ], [ 108805.663330078125, 103436.10650634765625 ], [ 108800.10308837890625, 103436.66668701171875 ], [ 108761.0499267578125, 103431.905517578125 ], [ 108740.09613037109375, 103419.522705078125 ], [ 108731.5164794921875, 103415.7119140625 ], [ 108603.880126953125, 103428.0947265625 ], [ 108445.80291748046875, 103420.88311767578125 ], [ 108393.61651611328125, 103560.12469482421875 ], [ 108352.22869873046875, 103672.28009033203125 ], [ 108280.07012939453125, 103851.52069091796875 ], [ 108213.9503173828125, 103931.95892333984375 ], [ 108209.6771240234375, 103940.50091552734375 ], [ 108202.1865234375, 103946.2620849609375 ], [ 108200.41290283203125, 103948.4227294921875 ], [ 108081.3228759765625, 104039.2432861328125 ], [ 107945.39569091796875, 104148.278076171875 ], [ 107856.688720703125, 104219.444091796875 ], [ 107683.894287109375, 104350.273681640625 ], [ 107290.02130126953125, 104611.3228759765625 ], [ 107303.1627197265625, 104629.69708251953125 ], [ 107297.3551025390625, 104635.24847412109375 ], [ 107294.59149169921875, 104637.88909912109375 ], [ 107275.7908935546875, 104654.92291259765625 ], [ 107260.59527587890625, 104664.56512451171875 ], [ 107227.2589111328125, 104692.5615234375 ], [ 107204.58929443359375, 104747.9039306640625 ], [ 107201.00067138671875, 104756.93609619140625 ], [ 107186.58892822265625, 104793.23431396484375 ], [ 107175.92230224609375, 104816.56951904296875 ], [ 107157.25347900390625, 104859.9093017578125 ], [ 107140.581298828125, 104887.90570068359375 ], [ 107107.913330078125, 104935.91668701171875 ], [ 107076.58148193359375, 104977.24591064453125 ], [ 107044.8704833984375, 105019.7056884765625 ], [ 107035.2432861328125, 105032.5885009765625 ], [ 107005.23968505859375, 105069.25689697265625 ], [ 106999.085693359375, 105074.9581298828125 ], [ 106950.5703125, 105119.92828369140625 ], [ 106924.86468505859375, 105145.0941162109375 ], [ 106918.57049560546875, 105151.2655029296875 ], [ 106881.90130615234375, 105180.59210205078125 ], [ 106823.97332763671875, 105219.50091552734375 ], [ 106781.059326171875, 105247.93731689453125 ], [ 106718.676513671875, 105288.67669677734375 ], [ 106683.0302734375, 105309.6812744140625 ], [ 106632.74127197265625, 105342.148681640625 ], [ 106607.2833251953125, 105358.6925048828125 ], [ 106588.18572998046875, 105366.97430419921875 ], [ 106574.40887451171875, 105372.20550537109375 ], [ 106689.37408447265625, 105578.372314453125 ], [ 106733.0966796875, 105656.79010009765625 ], [ 106919.93988037109375, 105669.75311279296875 ], [ 106934.18670654296875, 105670.643310546875 ], [ 106949.57208251953125, 105672.02349853515625 ], [ 106976.09429931640625, 105674.40411376953125 ], [ 107022.95147705078125, 105679.06512451171875 ], [ 107032.0343017578125, 105675.17431640625 ], [ 107043.25347900390625, 105670.893310546875 ], [ 107049.135498046875, 105668.6527099609375 ], [ 107081.30029296875, 105661.7310791015625 ], [ 107094.1448974609375, 105661.41107177734375 ], [ 107113.465087890625, 105660.92108154296875 ], [ 107120.386474609375, 105660.92108154296875 ], [ 107149.144287109375, 105657.3203125 ], [ 107152.9556884765625, 105656.85009765625 ], [ 107179.42828369140625, 105657.6602783203125 ], [ 107240.029296875, 105663.301513671875 ], [ 107257.54290771484375, 105664.931884765625 ], [ 107287.66192626953125, 105663.45147705078125 ], [ 107316.08148193359375, 105658.6304931640625 ] ] ] ] } },
{ "type": "Feature", "properties": { "ID": "006", "CIRCUITO_N": 6, "COMUNA": 1, "BARRIO": "RETIRO", "TOTAL": 17159.0, "MASCULINO": 7661.0, "FEMENINO": 9498.0, "PERIMETRO": 2878.66943094, "AREA": 506278.29864599998 }, "geometry": { "type": "MultiPolygon", "coordinates": [ [ [ [ 106971.6890869140625, 103839.7880859375 ], [ 106947.9635009765625, 104039.643310546875 ], [ 106916.24407958984375, 104167.15228271484375 ], [ 106912.59771728515625, 104170.8031005859375 ], [ 106913.48052978515625, 104171.70330810546875 ], [ 107007.68170166015625, 104267.78509521484375 ], [ 107008.49847412109375, 104268.77532958984375 ], [ 107096.80950927734375, 104376.50970458984375 ], [ 107283.96612548828125, 104602.861083984375 ], [ 107290.02130126953125, 104611.3228759765625 ], [ 107683.894287109375, 104350.273681640625 ], [ 107856.688720703125, 104219.444091796875 ], [ 107945.39569091796875, 104148.278076171875 ], [ 107905.080322265625, 104022.059326171875 ], [ 107863.26348876953125, 103898.52130126953125 ], [ 107513.55828857421875, 103892.82012939453125 ], [ 107496.57269287109375, 103890.45947265625 ], [ 107363.40887451171875, 103871.915283203125 ], [ 107236.06951904296875, 103862.4130859375 ], [ 107106.83251953125, 103849.110107421875 ], [ 106971.6890869140625, 103839.7880859375 ] ] ] ] } },
{ "type": "Feature", "properties": { "ID": "007", "CIRCUITO_N": 7, "COMUNA": 1, "BARRIO": "RETIRO", "TOTAL": 9011.0, "MASCULINO": 4132.0, "FEMENINO": 4879.0, "PERIMETRO": 2103.3810586, "AREA": 274045.26228600001 }, "geometry": { "type": "MultiPolygon", "coordinates": [ [ [ [ 107527.92071533203125, 103351.1173095703125 ], [ 107525.75927734375, 103350.9970703125 ], [ 107011.740478515625, 103323.0308837890625 ], [ 107002.81451416015625, 103435.7965087890625 ], [ 106993.70709228515625, 103555.14349365234375 ], [ 106994.218505859375, 103571.32708740234375 ], [ 106986.26593017578125, 103717.02008056640625 ], [ 106971.6890869140625, 103839.7880859375 ], [ 107106.83251953125, 103849.110107421875 ], [ 107236.06951904296875, 103862.4130859375 ], [ 107363.40887451171875, 103871.915283203125 ], [ 107496.57269287109375, 103890.45947265625 ], [ 107509.75531005859375, 103714.15948486328125 ], [ 107511.6527099609375, 103607.7354736328125 ], [ 107519.25872802734375, 103487.998291015625 ], [ 107527.92071533203125, 103351.1173095703125 ] ] ] ] } },
{ "type": "Feature", "properties": { "ID": "008", "CIRCUITO_N": 8, "COMUNA": 1, "BARRIO": "RETIRO", "TOTAL": 9483.0, "MASCULINO": 4904.0, "FEMENINO": 4579.0, "PERIMETRO": 3002.23193403, "AREA": 486243.03696499998 }, "geometry": { "type": "MultiPolygon", "coordinates": [ [ [ [ 108213.9503173828125, 103931.95892333984375 ], [ 108280.07012939453125, 103851.52069091796875 ], [ 108352.22869873046875, 103672.28009033203125 ], [ 108393.61651611328125, 103560.12469482421875 ], [ 108445.80291748046875, 103420.88311767578125 ], [ 108420.36151123046875, 103418.62249755859375 ], [ 108301.939697265625, 103408.090087890625 ], [ 108062.0521240234375, 103387.1552734375 ], [ 107798.14190673828125, 103365.68048095703125 ], [ 107664.71429443359375, 103358.55889892578125 ], [ 107527.92071533203125, 103351.1173095703125 ], [ 107519.25872802734375, 103487.998291015625 ], [ 107511.6527099609375, 103607.7354736328125 ], [ 107509.75531005859375, 103714.15948486328125 ], [ 107496.57269287109375, 103890.45947265625 ], [ 107513.55828857421875, 103892.82012939453125 ], [ 107863.26348876953125, 103898.52130126953125 ], [ 107905.080322265625, 104022.059326171875 ], [ 107945.39569091796875, 104148.278076171875 ], [ 108081.3228759765625, 104039.2432861328125 ], [ 108200.41290283203125, 103948.4227294921875 ], [ 108202.1865234375, 103946.2620849609375 ], [ 108209.6771240234375, 103940.50091552734375 ], [ 108213.9503173828125, 103931.95892333984375 ] ] ] ] } },
{ "type": "Feature", "properties": { "ID": "009", "CIRCUITO_N": 9, "COMUNA": 1, "BARRIO": "SAN NICOLAS", "TOTAL": 12534.0, "MASCULINO": 7564.0, "FEMENINO": 4970.0, "PERIMETRO": 4418.8687371899996, "AREA": 1184441.82519 }, "geometry": { "type": "MultiPolygon", "coordinates": [ [ [ [ 107525.75927734375, 103350.9970703125 ], [ 107527.92071533203125, 103351.1173095703125 ], [ 107664.71429443359375, 103358.55889892578125 ], [ 107798.14190673828125, 103365.68048095703125 ], [ 108062.0521240234375, 103387.1552734375 ], [ 108301.939697265625, 103408.090087890625 ], [ 108420.36151123046875, 103418.62249755859375 ], [ 108445.80291748046875, 103420.88311767578125 ], [ 108603.880126953125, 103428.0947265625 ], [ 108706.91650390625, 103128.4866943359375 ], [ 108749.45928955078125, 102671.2930908203125 ], [ 108765.653076171875, 102499.5841064453125 ], [ 108767.73187255859375, 102477.4791259765625 ], [ 108740.10430908203125, 102475.03851318359375 ], [ 108729.15728759765625, 102476.65887451171875 ], [ 108713.837890625, 102479.28948974609375 ], [ 108697.14093017578125, 102481.40008544921875 ], [ 108667.50872802734375, 102485.14093017578125 ], [ 108634.95611572265625, 102490.81207275390625 ], [ 108622.82110595703125, 102496.47332763671875 ], [ 108626.8385009765625, 102512.10687255859375 ], [ 108615.61907958984375, 102519.7686767578125 ], [ 108609.9600830078125, 102521.40911865234375 ], [ 108608.796875, 102521.74908447265625 ], [ 108603.228515625, 102520.848876953125 ], [ 108572.2103271484375, 102516.35791015625 ], [ 108540.8538818359375, 102513.67730712890625 ], [ 108539.8638916015625, 102489.7918701171875 ], [ 108529.66748046875, 102445.3319091796875 ], [ 108529.60968017578125, 102445.29168701171875 ], [ 108498.40191650390625, 102422.11651611328125 ], [ 108487.11651611328125, 102409.08367919921875 ], [ 108472.65509033203125, 102389.4791259765625 ], [ 108473.18310546875, 102373.2554931640625 ], [ 108235.234130859375, 102353.12091064453125 ], [ 108235.12689208984375, 102363.0831298828125 ], [ 108102.3096923828125, 102352.70068359375 ], [ 107841.22088623046875, 102333.94647216796875 ], [ 107578.11090087890625, 102314.69207763671875 ], [ 107575.248291015625, 102314.5020751953125 ], [ 107561.86749267578125, 102619.59130859375 ], [ 107551.34112548828125, 102834.94012451171875 ], [ 107533.456298828125, 103200.943115234375 ], [ 107525.75927734375, 103350.9970703125 ] ] ] ] } },
{ "type": "Feature", "properties": { "ID": "010", "CIRCUITO_N": 10, "COMUNA": 1, "BARRIO": "SAN NICOLAS", "TOTAL": 14356.0, "MASCULINO": 7632.0, "FEMENINO": 6724.0, "PERIMETRO": 3178.4827704899999, "AREA": 552953.58188199997 }, "geometry": { "type": "MultiPolygon", "coordinates": [ [ [ [ 107011.740478515625, 103323.0308837890625 ], [ 107525.75927734375, 103350.9970703125 ], [ 107533.456298828125, 103200.943115234375 ], [ 107551.34112548828125, 102834.94012451171875 ], [ 107533.47271728515625, 102834.94012451171875 ], [ 107526.79888916015625, 102820.26690673828125 ], [ 107516.132080078125, 102820.26690673828125 ], [ 107480.11492919921875, 102818.9365234375 ], [ 107468.11187744140625, 102821.60711669921875 ], [ 107458.7733154296875, 102828.2686767578125 ], [ 107450.77130126953125, 102830.93927001953125 ], [ 107370.74267578125, 102824.2677001953125 ], [ 107300.04449462890625, 102818.9365234375 ], [ 107238.68450927734375, 102816.26593017578125 ], [ 107042.6019287109375, 102801.592529296875 ], [ 106962.57330322265625, 102794.92108154296875 ], [ 106774.49267578125, 102776.24688720703125 ], [ 106647.78009033203125, 102764.24407958984375 ], [ 106534.398681640625, 102754.912109375 ], [ 106512.83447265625, 102753.42169189453125 ], [ 106512.78509521484375, 102754.201904296875 ], [ 106504.05712890625, 102894.04351806640625 ], [ 106455.14569091796875, 103285.102294921875 ], [ 106455.98712158203125, 103285.16229248046875 ], [ 106749.01812744140625, 103305.07672119140625 ], [ 107011.740478515625, 103323.0308837890625 ] ] ] ] } },
{ "type": "Feature", "properties": { "ID": "011", "CIRCUITO_N": 11, "COMUNA": 1, "BARRIO": "SAN NICOLAS", "TOTAL": 15584.0, "MASCULINO": 8286.0, "FEMENINO": 7298.0, "PERIMETRO": 3151.3637035699999, "AREA": 551579.23760800005 }, "geometry": { "type": "MultiPolygon", "coordinates": [ [ [ [ 107551.34112548828125, 102834.94012451171875 ], [ 107561.86749267578125, 102619.59130859375 ], [ 107575.248291015625, 102314.5020751953125 ], [ 107458.9879150390625, 102306.50030517578125 ], [ 107323.110107421875, 102292.90728759765625 ], [ 106979.7322998046875, 102262.4202880859375 ], [ 106938.9879150390625, 102255.2886962890625 ], [ 106799.4556884765625, 102236.95452880859375 ], [ 106543.9268798828125, 102214.49951171875 ], [ 106543.1680908203125, 102227.98248291015625 ], [ 106521.23248291015625, 102618.67108154296875 ], [ 106512.83447265625, 102753.42169189453125 ], [ 106534.398681640625, 102754.912109375 ], [ 106647.78009033203125, 102764.24407958984375 ], [ 106774.49267578125, 102776.24688720703125 ], [ 106962.57330322265625, 102794.92108154296875 ], [ 107042.6019287109375, 102801.592529296875 ], [ 107238.68450927734375, 102816.26593017578125 ], [ 107300.04449462890625, 102818.9365234375 ], [ 107370.74267578125, 102824.2677001953125 ], [ 107450.77130126953125, 102830.93927001953125 ], [ 107458.7733154296875, 102828.2686767578125 ], [ 107468.11187744140625, 102821.60711669921875 ], [ 107480.11492919921875, 102818.9365234375 ], [ 107516.132080078125, 102820.26690673828125 ], [ 107526.79888916015625, 102820.26690673828125 ], [ 107533.47271728515625, 102834.94012451171875 ], [ 107551.34112548828125, 102834.94012451171875 ] ] ] ] } },
{ "type": "Feature", "properties": { "ID": "012", "CIRCUITO_N": 12, "COMUNA": 1, "BARRIO": "MONTSERRAT", "TOTAL": 14284.0, "MASCULINO": 7670.0, "FEMENINO": 6614.0, "PERIMETRO": 3086.3311005199998, "AREA": 528858.26216200006 }, "geometry": { "type": "MultiPolygon", "coordinates": [ [ [ [ 106565.34271240234375, 101712.68572998046875 ], [ 106561.1273193359375, 101838.71429443359375 ], [ 106543.9268798828125, 102214.49951171875 ], [ 106799.4556884765625, 102236.95452880859375 ], [ 106938.9879150390625, 102255.2886962890625 ], [ 106979.7322998046875, 102262.4202880859375 ], [ 107323.110107421875, 102292.90728759765625 ], [ 107458.9879150390625, 102306.50030517578125 ], [ 107575.248291015625, 102314.5020751953125 ], [ 107583.72052001953125, 102121.288330078125 ], [ 107594.576904296875, 101800.31549072265625 ], [ 107393.84967041015625, 101778.3604736328125 ], [ 107079.2874755859375, 101756.66571044921875 ], [ 106761.10369873046875, 101727.73907470703125 ], [ 106565.34271240234375, 101712.68572998046875 ] ] ] ] } },
{ "type": "Feature", "properties": { "ID": "013", "CIRCUITO_N": 13, "COMUNA": 1, "BARRIO": "MONTSERRAT", "TOTAL": 13733.0, "MASCULINO": 6741.0, "FEMENINO": 6992.0, "PERIMETRO": 3077.82099139, "AREA": 511682.79925899999 }, "geometry": { "type": "MultiPolygon", "coordinates": [ [ [ [ 107615.04388427734375, 101287.05908203125 ], [ 107614.46649169921875, 101287.03912353515625 ], [ 107450.8125, 101282.798095703125 ], [ 107362.8892822265625, 101276.9769287109375 ], [ 107244.43450927734375, 101268.80487060546875 ], [ 106955.4127197265625, 101257.842529296875 ], [ 106815.9547119140625, 101248.55047607421875 ], [ 106619.731689453125, 101234.297119140625 ], [ 106566.34912109375, 101232.16668701171875 ], [ 106572.3134765625, 101504.08831787109375 ], [ 106565.34271240234375, 101712.68572998046875 ], [ 106761.10369873046875, 101727.73907470703125 ], [ 107079.2874755859375, 101756.66571044921875 ], [ 107393.84967041015625, 101778.3604736328125 ], [ 107594.576904296875, 101800.31549072265625 ], [ 107599.01507568359375, 101668.88568115234375 ], [ 107609.9456787109375, 101502.7880859375 ], [ 107615.04388427734375, 101287.05908203125 ] ] ] ] } },
{ "type": "Feature", "properties": { "ID": "014", "CIRCUITO_N": 14, "COMUNA": 1, "BARRIO": "MONTSERRAT", "TOTAL": 5989.0, "MASCULINO": 3572.0, "FEMENINO": 2417.0, "PERIMETRO": 3657.8217424600002, "AREA": 647703.14746100002 }, "geometry": { "type": "MultiPolygon", "coordinates": [ [ [ [ 107594.576904296875, 101800.31549072265625 ], [ 107583.72052001953125, 102121.288330078125 ], [ 107575.248291015625, 102314.5020751953125 ], [ 107578.11090087890625, 102314.69207763671875 ], [ 107841.22088623046875, 102333.94647216796875 ], [ 108102.3096923828125, 102352.70068359375 ], [ 108235.12689208984375, 102363.0831298828125 ], [ 108235.234130859375, 102353.12091064453125 ], [ 108473.18310546875, 102373.2554931640625 ], [ 108472.65509033203125, 102389.4791259765625 ], [ 108487.11651611328125, 102409.08367919921875 ], [ 108498.40191650390625, 102422.11651611328125 ], [ 108529.60968017578125, 102445.29168701171875 ], [ 108529.66748046875, 102445.3319091796875 ], [ 108539.8638916015625, 102489.7918701171875 ], [ 108540.8538818359375, 102513.67730712890625 ], [ 108572.2103271484375, 102516.35791015625 ], [ 108603.228515625, 102520.848876953125 ], [ 108608.796875, 102521.74908447265625 ], [ 108609.9600830078125, 102521.40911865234375 ], [ 108615.61907958984375, 102519.7686767578125 ], [ 108626.8385009765625, 102512.10687255859375 ], [ 108622.82110595703125, 102496.47332763671875 ], [ 108634.95611572265625, 102490.81207275390625 ], [ 108667.50872802734375, 102485.14093017578125 ], [ 108697.14093017578125, 102481.40008544921875 ], [ 108713.837890625, 102479.28948974609375 ], [ 108729.15728759765625, 102476.65887451171875 ], [ 108740.10430908203125, 102475.03851318359375 ], [ 108767.73187255859375, 102477.4791259765625 ], [ 108772.61572265625, 102425.75732421875 ], [ 108775.56072998046875, 102394.4603271484375 ], [ 108821.0321044921875, 101896.50732421875 ], [ 108503.87127685546875, 101865.14031982421875 ], [ 108359.24072265625, 101857.90869140625 ], [ 107907.28289794921875, 101825.361083984375 ], [ 107625.2567138671875, 101803.67633056640625 ], [ 107594.576904296875, 101800.31549072265625 ] ] ] ] } },
{ "type": "Feature", "properties": { "ID": "015", "CIRCUITO_N": 15, "COMUNA": 1, "BARRIO": "MONTSERRAT", "TOTAL": 10212.0, "MASCULINO": 5416.0, "FEMENINO": 4796.0, "PERIMETRO": 3517.0854222200001, "AREA": 512380.42085599998 }, "geometry": { "type": "MultiPolygon", "coordinates": [ [ [ [ 107881.92388916015625, 101308.223876953125 ], [ 107652.06768798828125, 101288.6295166015625 ], [ 107615.04388427734375, 101287.05908203125 ], [ 107609.9456787109375, 101502.7880859375 ], [ 107599.01507568359375, 101668.88568115234375 ], [ 107594.576904296875, 101800.31549072265625 ], [ 107625.2567138671875, 101803.67633056640625 ], [ 107907.28289794921875, 101825.361083984375 ], [ 108359.24072265625, 101857.90869140625 ], [ 108503.87127685546875, 101865.14031982421875 ], [ 108821.0321044921875, 101896.50732421875 ], [ 108856.4224853515625, 101508.94952392578125 ], [ 108533.3551025390625, 101483.523681640625 ], [ 108503.6981201171875, 101479.292724609375 ], [ 108399.894287109375, 101470.28070068359375 ], [ 108398.830078125, 101466.0496826171875 ], [ 108270.3441162109375, 101465.4296875 ], [ 108143.29327392578125, 101460.0283203125 ], [ 108076.29071044921875, 101453.86688232421875 ], [ 108008.1248779296875, 101443.814697265625 ], [ 107875.6624755859375, 101437.0631103515625 ], [ 107881.92388916015625, 101308.223876953125 ] ] ] ] } },
{ "type": "Feature", "properties": { "ID": "016", "CIRCUITO_N": 16, "COMUNA": 1, "BARRIO": "CONSTITUCION", "TOTAL": 8563.0, "MASCULINO": 4349.0, "FEMENINO": 4214.0, "PERIMETRO": 2894.9273685200001, "AREA": 298077.37925 }, "geometry": { "type": "MultiPolygon", "coordinates": [ [ [ [ 107615.04388427734375, 101287.05908203125 ], [ 107652.06768798828125, 101288.6295166015625 ], [ 107881.92388916015625, 101308.223876953125 ], [ 107893.01129150390625, 100928.05767822265625 ], [ 107893.0772705078125, 100925.56707763671875 ], [ 107893.67950439453125, 100798.00830078125 ], [ 107906.6724853515625, 100638.01190185546875 ], [ 107936.8739013671875, 100456.7908935546875 ], [ 107984.985107421875, 100327.521484375 ], [ 108044.55487060546875, 100214.50592041015625 ], [ 107833.70550537109375, 100071.89349365234375 ], [ 107829.63848876953125, 100068.972900390625 ], [ 107809.3529052734375, 100113.88311767578125 ], [ 107780.421875, 100182.71868896484375 ], [ 107769.49127197265625, 100222.05767822265625 ], [ 107745.45208740234375, 100300.7354736328125 ], [ 107729.8936767578125, 100352.5972900390625 ], [ 107679.88507080078125, 100519.29510498046875 ], [ 107658.0321044921875, 100611.08587646484375 ], [ 107638.35711669921875, 100783.744873046875 ], [ 107638.2003173828125, 100787.52587890625 ], [ 107629.61248779296875, 100993.55267333984375 ], [ 107618.69012451171875, 101137.7952880859375 ], [ 107616.50408935546875, 101225.22509765625 ], [ 107615.04388427734375, 101287.05908203125 ] ] ] ] } },
{ "type": "Feature", "properties": { "ID": "017", "CIRCUITO_N": 17, "COMUNA": 1, "BARRIO": "CONSTITUCION", "TOTAL": 12756.0, "MASCULINO": 6229.0, "FEMENINO": 6527.0, "PERIMETRO": 3116.47990364, "AREA": 529690.40279199998 }, "geometry": { "type": "MultiPolygon", "coordinates": [ [ [ [ 106566.34912109375, 101232.16668701171875 ], [ 106619.731689453125, 101234.297119140625 ], [ 106815.9547119140625, 101248.55047607421875 ], [ 106955.4127197265625, 101257.842529296875 ], [ 107244.43450927734375, 101268.80487060546875 ], [ 107362.8892822265625, 101276.9769287109375 ], [ 107450.8125, 101282.798095703125 ], [ 107614.46649169921875, 101287.03912353515625 ], [ 107615.04388427734375, 101287.05908203125 ], [ 107616.50408935546875, 101225.22509765625 ], [ 107618.69012451171875, 101137.7952880859375 ], [ 107629.61248779296875, 100993.55267333984375 ], [ 107638.2003173828125, 100787.52587890625 ], [ 107514.72967529296875, 100785.1552734375 ], [ 107376.3770751953125, 100776.13330078125 ], [ 107194.40948486328125, 100767.111083984375 ], [ 106980.86248779296875, 100752.06768798828125 ], [ 106827.462890625, 100741.5452880859375 ], [ 106687.60870361328125, 100729.5126953125 ], [ 106584.89410400390625, 100722.0208740234375 ], [ 106579.68048095703125, 100851.47027587890625 ], [ 106566.34912109375, 101232.16668701171875 ] ] ] ] } },
{ "type": "Feature", "properties": { "ID": "018", "CIRCUITO_N": 18, "COMUNA": 1, "BARRIO": "CONSTITUCION", "TOTAL": 7886.0, "MASCULINO": 4131.0, "FEMENINO": 3755.0, "PERIMETRO": 3133.8468119200002, "AREA": 549094.117478 }, "geometry": { "type": "MultiPolygon", "coordinates": [ [ [ [ 107638.2003173828125, 100787.52587890625 ], [ 107638.35711669921875, 100783.744873046875 ], [ 107658.0321044921875, 100611.08587646484375 ], [ 107679.88507080078125, 100519.29510498046875 ], [ 107729.8936767578125, 100352.5972900390625 ], [ 107434.1239013671875, 100256.85552978515625 ], [ 107248.0477294921875, 100247.64349365234375 ], [ 107032.4879150390625, 100238.4312744140625 ], [ 106796.65911865234375, 100227.37890625 ], [ 106614.089111328125, 100222.20770263671875 ], [ 106590.3883056640625, 100585.7301025390625 ], [ 106584.89410400390625, 100722.0208740234375 ], [ 106687.60870361328125, 100729.5126953125 ], [ 106827.462890625, 100741.5452880859375 ], [ 106980.86248779296875, 100752.06768798828125 ], [ 107194.40948486328125, 100767.111083984375 ], [ 107376.3770751953125, 100776.13330078125 ], [ 107514.72967529296875, 100785.1552734375 ], [ 107638.2003173828125, 100787.52587890625 ] ] ] ] } },
{ "type": "Feature", "properties": { "ID": "019", "CIRCUITO_N": 19, "COMUNA": 1, "BARRIO": "CONSTITUCION", "TOTAL": 10799.0, "MASCULINO": 5784.0, "FEMENINO": 5015.0, "PERIMETRO": 4048.9079120400002, "AREA": 725811.68594500003 }, "geometry": { "type": "MultiPolygon", "coordinates": [ [ [ [ 107729.8936767578125, 100352.5972900390625 ], [ 107745.45208740234375, 100300.7354736328125 ], [ 107769.49127197265625, 100222.05767822265625 ], [ 107780.421875, 100182.71868896484375 ], [ 107809.3529052734375, 100113.88311767578125 ], [ 107829.63848876953125, 100068.972900390625 ], [ 107828.55767822265625, 100068.18267822265625 ], [ 107722.8651123046875, 99992.1455078125 ], [ 107765.08612060546875, 99861.1956787109375 ], [ 107681.856689453125, 99676.3939208984375 ], [ 107682.6981201171875, 99669.68231201171875 ], [ 107671.4622802734375, 99654.57891845703125 ], [ 107628.9691162109375, 99624.35211181640625 ], [ 107624.7783203125, 99579.87188720703125 ], [ 107523.2103271484375, 99575.67108154296875 ], [ 107516.618896484375, 99816.2855224609375 ], [ 107397.1082763671875, 99720.48388671875 ], [ 107326.57489013671875, 99670.98272705078125 ], [ 107278.15850830078125, 99652.228271484375 ], [ 106894.6962890625, 99517.4478759765625 ], [ 106688.22747802734375, 99458.7144775390625 ], [ 106624.1204833984375, 100115.26348876953125 ], [ 106614.163330078125, 100221.11749267578125 ], [ 106614.089111328125, 100222.20770263671875 ], [ 106796.65911865234375, 100227.37890625 ], [ 107032.4879150390625, 100238.4312744140625 ], [ 107248.0477294921875, 100247.64349365234375 ], [ 107434.1239013671875, 100256.85552978515625 ], [ 107729.8936767578125, 100352.5972900390625 ] ] ] ] } },
{ "type": "Feature", "properties": { "ID": "020", "CIRCUITO_N": 20, "COMUNA": 2, "BARRIO": "RECOLETA", "TOTAL": 7501.0, "MASCULINO": 3429.0, "FEMENINO": 4072.0, "PERIMETRO": 15655.5532578, "AREA": 2449809.67344 }, "geometry": { "type": "MultiPolygon", "coordinates": [ [ [ [ 105800.3074951171875, 106638.18267822265625 ], [ 105797.3873291015625, 106644.50408935546875 ], [ 105804.3992919921875, 106639.492919921875 ], [ 105811.2958984375, 106633.9716796875 ], [ 105868.58050537109375, 106588.05133056640625 ], [ 105933.63629150390625, 106547.46209716796875 ], [ 105969.8184814453125, 106522.5465087890625 ], [ 105983.7188720703125, 106512.97430419921875 ], [ 106046.20068359375, 106469.66448974609375 ], [ 106054.01312255859375, 106464.2532958984375 ], [ 106128.217529296875, 106412.8115234375 ], [ 106190.91387939453125, 106369.931884765625 ], [ 106253.19769287109375, 106327.34210205078125 ], [ 106267.77447509765625, 106322.10107421875 ], [ 106285.271728515625, 106317.07989501953125 ], [ 106326.931884765625, 106318.590087890625 ], [ 106366.16650390625, 106321.51092529296875 ], [ 106391.352294921875, 106324.4415283203125 ], [ 106432.0552978515625, 106327.3720703125 ], [ 106470.00311279296875, 106324.78167724609375 ], [ 107187.88409423828125, 105851.99432373046875 ], [ 107210.03387451171875, 105853.50469970703125 ], [ 107329.89947509765625, 105861.656494140625 ], [ 107376.64947509765625, 105934.61309814453125 ], [ 107378.38189697265625, 105940.21429443359375 ], [ 107379.0994873046875, 105945.29547119140625 ], [ 107378.5220947265625, 105952.64727783203125 ], [ 107375.898681640625, 105959.7388916015625 ], [ 107370.726318359375, 105967.8206787109375 ], [ 107363.01287841796875, 105974.36212158203125 ], [ 107353.2620849609375, 105980.12347412109375 ], [ 106606.697509765625, 106501.32171630859375 ], [ 106604.61871337890625, 106505.11248779296875 ], [ 106603.2987060546875, 106509.67352294921875 ], [ 106604.03289794921875, 106512.97430419921875 ], [ 106605.526123046875, 106516.79510498046875 ], [ 106630.30767822265625, 106564.76593017578125 ], [ 106636.3463134765625, 106571.23748779296875 ], [ 106643.25927734375, 106577.2789306640625 ], [ 106652.31732177734375, 106580.29949951171875 ], [ 106665.26910400390625, 106579.43927001953125 ], [ 106706.16192626953125, 106556.16412353515625 ], [ 106818.1326904296875, 106535.65948486328125 ], [ 106844.9434814453125, 106529.347900390625 ], [ 106879.6326904296875, 106502.5418701171875 ], [ 106931.67889404296875, 106467.8441162109375 ], [ 106989.6483154296875, 106469.9945068359375 ], [ 107057.73968505859375, 106476.37591552734375 ], [ 107065.18072509765625, 106469.9945068359375 ], [ 107080.65692138671875, 106478.5264892578125 ], [ 107510.035888671875, 106518.7655029296875 ], [ 107563.443115234375, 106524.20672607421875 ], [ 107564.7548828125, 106520.4158935546875 ], [ 107562.23870849609375, 106516.8350830078125 ], [ 107519.69610595703125, 106511.944091796875 ], [ 107519.29168701171875, 106499.2510986328125 ], [ 107574.2335205078125, 106462.3626708984375 ], [ 107591.11212158203125, 106484.31768798828125 ], [ 107587.82867431640625, 106517.2852783203125 ], [ 107587.3914794921875, 106526.01727294921875 ], [ 107597.81072998046875, 106527.0675048828125 ], [ 107687.2188720703125, 106535.50927734375 ], [ 107687.51593017578125, 106535.539306640625 ], [ 107687.82110595703125, 106535.56927490234375 ], [ 107688.11810302734375, 106535.5894775390625 ], [ 107688.41510009765625, 106535.61932373046875 ], [ 107688.71209716796875, 106535.64947509765625 ], [ 107689.00909423828125, 106535.66949462890625 ], [ 107689.31427001953125, 106535.69927978515625 ], [ 107689.611328125, 106535.7294921875 ], [ 107689.9083251953125, 106535.74951171875 ], [ 107690.205078125, 106535.77947998046875 ], [ 107690.5020751953125, 106535.80950927734375 ], [ 107690.8074951171875, 106535.82952880859375 ], [ 107691.1044921875, 106535.8594970703125 ], [ 107691.4014892578125, 106535.8895263671875 ], [ 107691.69830322265625, 106535.90948486328125 ], [ 107692.00347900390625, 106535.93951416015625 ], [ 107692.30047607421875, 106535.969482421875 ], [ 107692.59747314453125, 106535.989501953125 ], [ 107692.89447021484375, 106536.01947021484375 ], [ 107693.19970703125, 106536.04949951171875 ], [ 107693.4967041015625, 106536.06951904296875 ], [ 107693.793701171875, 106536.0994873046875 ], [ 107694.0906982421875, 106536.1295166015625 ], [ 107694.3876953125, 106536.14947509765625 ], [ 107694.69287109375, 106536.17950439453125 ], [ 107694.98992919921875, 106536.20947265625 ], [ 107695.28692626953125, 106536.2294921875 ], [ 107695.58392333984375, 106536.259521484375 ], [ 107695.88092041015625, 106536.28948974609375 ], [ 107696.18609619140625, 106536.30950927734375 ], [ 107696.48309326171875, 106536.3394775390625 ], [ 107696.78009033203125, 106536.3695068359375 ], [ 107697.07708740234375, 106536.3895263671875 ], [ 107697.38232421875, 106536.419677734375 ], [ 107697.6793212890625, 106536.44952392578125 ], [ 107697.976318359375, 106536.47967529296875 ], [ 107698.2733154296875, 106536.49969482421875 ], [ 107698.5703125, 106536.52947998046875 ], [ 107698.87548828125, 106536.5596923828125 ], [ 107699.1724853515625, 106536.5797119140625 ], [ 107699.469482421875, 106536.60968017578125 ], [ 107699.7664794921875, 106536.63970947265625 ], [ 107700.07171630859375, 106536.65972900390625 ], [ 107700.36871337890625, 106536.689697265625 ], [ 107700.66552734375, 106536.7197265625 ], [ 107700.9625244140625, 106536.73968505859375 ], [ 107701.259521484375, 106536.76971435546875 ], [ 107701.56488037109375, 106536.7996826171875 ], [ 107701.86187744140625, 106536.8197021484375 ], [ 107702.15869140625, 106536.84967041015625 ], [ 107702.4556884765625, 106536.87969970703125 ], [ 107702.76092529296875, 106536.89971923828125 ], [ 107703.05792236328125, 106536.9296875 ], [ 107703.35491943359375, 106536.959716796875 ], [ 107703.65191650390625, 106536.97967529296875 ], [ 107703.94891357421875, 106537.00970458984375 ], [ 107704.25408935546875, 106537.0396728515625 ], [ 107704.55108642578125, 106537.0596923828125 ], [ 107704.84808349609375, 106537.0897216796875 ], [ 107705.14508056640625, 106537.11968994140625 ], [ 107705.44207763671875, 106537.14971923828125 ], [ 107705.747314453125, 106537.169677734375 ], [ 107706.0443115234375, 106537.19970703125 ], [ 107706.34130859375, 106537.22967529296875 ], [ 107706.6383056640625, 106537.24969482421875 ], [ 107706.9434814453125, 106537.27972412109375 ], [ 107707.240478515625, 106537.30987548828125 ], [ 107707.5374755859375, 106537.3297119140625 ], [ 107707.83447265625, 106537.35968017578125 ], [ 107708.13128662109375, 106537.389892578125 ], [ 107708.43670654296875, 106537.419677734375 ], [ 107708.73370361328125, 106537.43988037109375 ], [ 107709.03070068359375, 106537.46990966796875 ], [ 107709.3275146484375, 106537.4998779296875 ], [ 107709.62451171875, 106537.5299072265625 ], [ 107709.9296875, 106537.5499267578125 ], [ 107710.2266845703125, 106537.57989501953125 ], [ 107710.523681640625, 106537.60992431640625 ], [ 107710.8206787109375, 106537.639892578125 ], [ 107711.12591552734375, 106537.659912109375 ], [ 107711.42291259765625, 106537.68988037109375 ], [ 107711.71990966796875, 106537.71990966796875 ], [ 107712.01690673828125, 106537.7498779296875 ], [ 107712.31390380859375, 106537.7698974609375 ], [ 107712.61907958984375, 106537.7999267578125 ], [ 107712.91607666015625, 106537.82989501953125 ], [ 107713.21307373046875, 106537.84991455078125 ], [ 107713.51007080078125, 106537.8798828125 ], [ 107713.8153076171875, 106537.909912109375 ], [ 107714.1123046875, 106537.93988037109375 ], [ 107714.4093017578125, 106537.95989990234375 ], [ 107714.706298828125, 106537.98992919921875 ], [ 107715.0032958984375, 106538.0198974609375 ], [ 107715.3084716796875, 106538.0499267578125 ], [ 107715.60552978515625, 106538.06988525390625 ], [ 107715.90252685546875, 106538.09991455078125 ], [ 107716.19952392578125, 106538.1298828125 ], [ 107716.49627685546875, 106538.14990234375 ], [ 107716.80169677734375, 106538.17987060546875 ], [ 107717.09869384765625, 106538.2100830078125 ], [ 107717.39569091796875, 106538.22991943359375 ], [ 107717.69268798828125, 106538.2598876953125 ], [ 107717.9979248046875, 106538.29010009765625 ], [ 107718.294677734375, 106538.30987548828125 ], [ 107718.5916748046875, 106538.340087890625 ], [ 107718.888671875, 106538.360107421875 ], [ 107719.18572998046875, 106538.39007568359375 ], [ 107719.4910888671875, 106538.41009521484375 ], [ 107719.78790283203125, 106538.44012451171875 ], [ 107720.08489990234375, 106538.4700927734375 ], [ 107720.38189697265625, 106538.5001220703125 ], [ 107720.68707275390625, 106538.52008056640625 ], [ 107720.984130859375, 106538.55010986328125 ], [ 107721.2811279296875, 106538.580078125 ], [ 107721.578125, 106538.610107421875 ], [ 107721.88330078125, 106538.64007568359375 ], [ 107722.1802978515625, 106538.67010498046875 ], [ 107722.477294921875, 106538.69012451171875 ], [ 107722.7742919921875, 106538.7200927734375 ], [ 107723.07952880859375, 106538.7501220703125 ], [ 107723.37652587890625, 106538.77008056640625 ], [ 107723.67352294921875, 106538.79010009765625 ], [ 107723.97052001953125, 106538.81011962890625 ], [ 107724.27569580078125, 106538.830078125 ], [ 107724.57269287109375, 106538.85009765625 ], [ 107724.86968994140625, 106538.8701171875 ], [ 107725.1749267578125, 106538.880126953125 ], [ 107725.471923828125, 106538.89007568359375 ], [ 107725.7689208984375, 106538.90008544921875 ], [ 107726.06591796875, 106538.91009521484375 ], [ 107726.37109375, 106538.91009521484375 ], [ 107726.6680908203125, 106538.91009521484375 ], [ 107726.965087890625, 106538.91009521484375 ], [ 107727.27032470703125, 106538.91009521484375 ], [ 107727.56732177734375, 106538.90008544921875 ], [ 107727.87249755859375, 106538.90008544921875 ], [ 107728.16949462890625, 106538.89007568359375 ], [ 107728.46649169921875, 106538.880126953125 ], [ 107728.771728515625, 106538.8701171875 ], [ 107729.0687255859375, 106538.85009765625 ], [ 107729.3739013671875, 106538.840087890625 ], [ 107729.6708984375, 106538.82012939453125 ], [ 107729.9678955078125, 106538.80010986328125 ], [ 107730.2730712890625, 106538.78009033203125 ], [ 107730.57012939453125, 106538.76007080078125 ], [ 107730.86712646484375, 106538.7301025390625 ], [ 107731.16412353515625, 106538.7100830078125 ], [ 107731.46929931640625, 106538.68011474609375 ], [ 107731.76629638671875, 106538.66009521484375 ], [ 107732.06329345703125, 106538.6201171875 ], [ 107732.36029052734375, 106538.590087890625 ], [ 107732.65728759765625, 106538.55010986328125 ], [ 107732.95428466796875, 106538.51007080078125 ], [ 107733.2510986328125, 106538.4600830078125 ], [ 107733.548095703125, 106538.42010498046875 ], [ 107733.8450927734375, 106538.3701171875 ], [ 107734.14208984375, 106538.31988525390625 ], [ 107734.430908203125, 106538.27008056640625 ], [ 107734.7279052734375, 106538.21990966796875 ], [ 107735.02490234375, 106538.159912109375 ], [ 107735.3218994140625, 106538.10992431640625 ], [ 107735.61871337890625, 106538.05987548828125 ], [ 107735.91571044921875, 106538.0198974609375 ], [ 107736.21270751953125, 106537.96990966796875 ], [ 107736.50970458984375, 106537.919921875 ], [ 107736.80670166015625, 106537.8798828125 ], [ 107737.10369873046875, 106537.83990478515625 ], [ 107737.40069580078125, 106537.7999267578125 ], [ 107737.69769287109375, 106537.7698974609375 ], [ 107737.99468994140625, 106537.72991943359375 ], [ 107738.29168701171875, 106537.68988037109375 ], [ 107738.58868408203125, 106537.64990234375 ], [ 107738.88568115234375, 106537.619873046875 ], [ 107739.18267822265625, 106537.57989501953125 ], [ 107739.4876708984375, 106537.5399169921875 ], [ 107739.7764892578125, 106537.48968505859375 ], [ 107740.073486328125, 106537.44989013671875 ], [ 107740.3704833984375, 106537.39971923828125 ], [ 107740.66748046875, 106537.3397216796875 ], [ 107740.9644775390625, 106537.2896728515625 ], [ 107741.2532958984375, 106537.22967529296875 ], [ 107741.55010986328125, 106537.1796875 ], [ 107741.84710693359375, 106537.11968994140625 ], [ 107742.13592529296875, 106537.0596923828125 ], [ 107742.43292236328125, 106536.99969482421875 ], [ 107742.72991943359375, 106536.939697265625 ], [ 107743.0186767578125, 106536.87969970703125 ], [ 107743.315673828125, 106536.8096923828125 ], [ 107743.60430908203125, 106536.74969482421875 ], [ 107743.90130615234375, 106536.6796875 ], [ 107744.19012451171875, 106536.61968994140625 ], [ 107744.48687744140625, 106536.5496826171875 ], [ 107744.77569580078125, 106536.48968505859375 ], [ 107745.07269287109375, 106536.419677734375 ], [ 107745.36151123046875, 106536.3494873046875 ], [ 107745.65850830078125, 106536.28948974609375 ], [ 107745.94708251953125, 106536.219482421875 ], [ 107746.24407958984375, 106536.14947509765625 ], [ 107746.53289794921875, 106536.07952880859375 ], [ 107746.82989501953125, 106536.009521484375 ], [ 107747.1185302734375, 106535.93951416015625 ], [ 107747.40728759765625, 106535.8795166015625 ], [ 107747.70428466796875, 106535.80950927734375 ], [ 107747.99310302734375, 106535.739501953125 ], [ 107748.28167724609375, 106535.66949462890625 ], [ 107748.57867431640625, 106535.5894775390625 ], [ 107748.86749267578125, 106535.519287109375 ], [ 107749.15631103515625, 106535.44927978515625 ], [ 107749.45330810546875, 106535.36932373046875 ], [ 107749.74188232421875, 106535.29931640625 ], [ 107750.03070068359375, 106535.21929931640625 ], [ 107750.31951904296875, 106535.1392822265625 ], [ 107750.60809326171875, 106535.059326171875 ], [ 107750.89691162109375, 106534.97930908203125 ], [ 107751.18548583984375, 106534.8992919921875 ], [ 107751.47430419921875, 106534.81927490234375 ], [ 107751.76312255859375, 106534.7291259765625 ], [ 107752.0518798828125, 106534.63909912109375 ], [ 107752.332275390625, 106534.549072265625 ], [ 107752.62109375, 106534.4591064453125 ], [ 107752.90972900390625, 106534.36907958984375 ], [ 107753.1903076171875, 106534.27911376953125 ], [ 107753.4788818359375, 106534.1790771484375 ], [ 107753.759521484375, 106534.089111328125 ], [ 107754.04827880859375, 106533.98907470703125 ], [ 107754.32867431640625, 106533.88909912109375 ], [ 107754.609130859375, 106533.78887939453125 ], [ 107754.89788818359375, 106533.68890380859375 ], [ 107755.17828369140625, 106533.58892822265625 ], [ 107755.45892333984375, 106533.4788818359375 ], [ 107755.73931884765625, 106533.37890625 ], [ 107756.0198974609375, 106533.2689208984375 ], [ 107756.30029296875, 106533.15887451171875 ], [ 107756.572509765625, 106533.04888916015625 ], [ 107756.85308837890625, 106532.938720703125 ], [ 107757.13348388671875, 106532.8187255859375 ], [ 107757.40570068359375, 106532.70867919921875 ], [ 107757.686279296875, 106532.58868408203125 ], [ 107757.95849609375, 106532.46868896484375 ], [ 107758.230712890625, 106532.34869384765625 ], [ 107758.5029296875, 106532.22869873046875 ], [ 107758.78350830078125, 106532.09869384765625 ], [ 107759.05572509765625, 106531.978515625 ], [ 107759.327880859375, 106531.8485107421875 ], [ 107759.60009765625, 106531.728515625 ], [ 107759.872314453125, 106531.5985107421875 ], [ 107760.14447021484375, 106531.478515625 ], [ 107760.41668701171875, 106531.3485107421875 ], [ 107760.6890869140625, 106531.228271484375 ], [ 107760.9613037109375, 106531.09832763671875 ], [ 107761.2335205078125, 106530.978271484375 ], [ 107761.51409912109375, 106530.8582763671875 ], [ 107761.78631591796875, 106530.728271484375 ], [ 107762.0584716796875, 106530.6082763671875 ], [ 107762.3306884765625, 106530.48828125 ], [ 107762.6029052734375, 106530.3682861328125 ], [ 107762.88348388671875, 106530.23809814453125 ], [ 107763.15570068359375, 106530.11810302734375 ], [ 107763.42791748046875, 106529.99810791015625 ], [ 107763.7000732421875, 106529.87811279296875 ], [ 107763.9722900390625, 106529.74810791015625 ], [ 107764.2529296875, 106529.62811279296875 ], [ 107764.52508544921875, 106529.50787353515625 ], [ 107764.79730224609375, 106529.3779296875 ], [ 107765.06951904296875, 106529.25787353515625 ], [ 107765.3416748046875, 106529.1279296875 ], [ 107765.61407470703125, 106528.9979248046875 ], [ 107765.88629150390625, 106528.8779296875 ], [ 107766.15850830078125, 106528.7479248046875 ], [ 107766.4224853515625, 106528.61767578125 ], [ 107766.6947021484375, 106528.4876708984375 ], [ 107766.9669189453125, 106528.35772705078125 ], [ 107767.23089599609375, 106528.21771240234375 ], [ 107767.50311279296875, 106528.08770751953125 ], [ 107767.76708984375, 106527.94769287109375 ], [ 107768.0311279296875, 106527.80767822265625 ], [ 107768.29510498046875, 106527.66748046875 ], [ 107768.55908203125, 106527.52752685546875 ], [ 107768.8231201171875, 106527.37750244140625 ], [ 107769.08709716796875, 106527.23748779296875 ], [ 107769.35107421875, 106527.0875244140625 ], [ 107769.606689453125, 106526.9375 ], [ 107769.8707275390625, 106526.7874755859375 ], [ 107770.12652587890625, 106526.6373291015625 ], [ 107770.3905029296875, 106526.4873046875 ], [ 107770.64630126953125, 106526.3372802734375 ], [ 107770.9102783203125, 106526.18731689453125 ], [ 107771.1658935546875, 106526.02728271484375 ], [ 107771.42169189453125, 106525.8770751953125 ], [ 107771.677490234375, 106525.71710205078125 ], [ 107771.93310546875, 106525.56707763671875 ], [ 107772.18890380859375, 106525.4071044921875 ], [ 107772.4447021484375, 106525.257080078125 ], [ 107772.7003173828125, 106525.09710693359375 ], [ 107772.95611572265625, 106524.93707275390625 ], [ 107773.2119140625, 106524.77691650390625 ], [ 107773.45928955078125, 106524.61688232421875 ], [ 107773.715087890625, 106524.4569091796875 ], [ 107773.970703125, 106524.28692626953125 ], [ 107774.21832275390625, 106524.126708984375 ], [ 107774.473876953125, 106523.9666748046875 ], [ 107774.72149658203125, 106523.79669189453125 ], [ 107774.977294921875, 106523.63671875 ], [ 107775.22467041015625, 106523.4766845703125 ], [ 107775.48052978515625, 106523.30670166015625 ], [ 107775.7279052734375, 106523.146484375 ], [ 107775.98370361328125, 106522.98651123046875 ], [ 107776.2310791015625, 106522.8165283203125 ], [ 107776.7178955078125, 106522.50628662109375 ], [ 108000.1395263671875, 106370.0919189453125 ], [ 108022.00067138671875, 106355.198486328125 ], [ 108024.77252197265625, 106353.13787841796875 ], [ 108027.3792724609375, 106351.0775146484375 ], [ 108031.12469482421875, 106348.0869140625 ], [ 108033.6903076171875, 106345.74627685546875 ], [ 108037.4766845703125, 106342.3955078125 ], [ 108039.3494873046875, 106340.485107421875 ], [ 108040.81768798828125, 106338.8447265625 ], [ 108042.10467529296875, 106337.2344970703125 ], [ 108044.2908935546875, 106334.48370361328125 ], [ 108046.138671875, 106331.95330810546875 ], [ 108047.65667724609375, 106329.6126708984375 ], [ 108049.10028076171875, 106327.44207763671875 ], [ 108050.62652587890625, 106324.71148681640625 ], [ 108052.27630615234375, 106321.62091064453125 ], [ 108054.04168701171875, 106317.7498779296875 ], [ 108055.79888916015625, 106313.2489013671875 ], [ 108057.5972900390625, 106308.0377197265625 ], [ 108058.95849609375, 106303.45672607421875 ], [ 108059.97308349609375, 106299.75592041015625 ], [ 108060.48468017578125, 106296.0850830078125 ], [ 108061.5819091796875, 106288.9835205078125 ], [ 108062.39849853515625, 106282.2918701171875 ], [ 108063.0418701171875, 106274.6802978515625 ], [ 108063.701904296875, 106267.70867919921875 ], [ 108064.92291259765625, 106250.28472900390625 ], [ 108065.00531005859375, 106249.62451171875 ], [ 108065.1868896484375, 106249.04449462890625 ], [ 108065.59930419921875, 106248.84429931640625 ], [ 108066.5396728515625, 106248.92431640625 ], [ 108067.5048828125, 106249.0042724609375 ], [ 108068.55267333984375, 106249.16448974609375 ], [ 108081.859130859375, 106250.334716796875 ], [ 108087.97210693359375, 106250.86468505859375 ], [ 108092.34429931640625, 106251.32489013671875 ], [ 108097.07952880859375, 106251.7451171875 ], [ 108103.472900390625, 106252.3450927734375 ], [ 108108.6123046875, 106252.76531982421875 ], [ 108114.74169921875, 106253.165283203125 ], [ 108118.69329833984375, 106253.27532958984375 ], [ 108122.9168701171875, 106253.25531005859375 ], [ 108128.7576904296875, 106252.915283203125 ], [ 108132.47808837890625, 106252.5352783203125 ], [ 108136.6029052734375, 106251.88507080078125 ], [ 108141.0740966796875, 106250.8948974609375 ], [ 108144.7451171875, 106249.9146728515625 ], [ 108148.70489501953125, 106248.87432861328125 ], [ 108153.16790771484375, 106247.18408203125 ], [ 108157.5897216796875, 106245.28350830078125 ], [ 108161.63189697265625, 106243.3131103515625 ], [ 108166.1527099609375, 106240.76251220703125 ], [ 108168.63568115234375, 106239.1220703125 ], [ 108173.04107666015625, 106236.34149169921875 ], [ 108176.4481201171875, 106233.96087646484375 ], [ 108180.89447021484375, 106230.9202880859375 ], [ 108185.34930419921875, 106227.87969970703125 ], [ 108192.72430419921875, 106222.8385009765625 ], [ 108196.64288330078125, 106220.2279052734375 ], [ 108411.30352783203125, 106072.2542724609375 ], [ 108416.98748779296875, 106068.103271484375 ], [ 108421.7802734375, 106064.74267578125 ], [ 108425.7730712890625, 106062.152099609375 ], [ 108430.326904296875, 106059.02130126953125 ], [ 108434.60009765625, 106056.16070556640625 ], [ 108439.07952880859375, 106052.96990966796875 ], [ 108442.81671142578125, 106050.309326171875 ], [ 108446.42987060546875, 106047.58868408203125 ], [ 108449.30072021484375, 106045.42828369140625 ], [ 108452.8397216796875, 106042.38751220703125 ], [ 108455.710693359375, 106039.63690185546875 ], [ 108457.97088623046875, 106037.37628173828125 ], [ 108459.950927734375, 106034.87591552734375 ], [ 108461.8729248046875, 106032.50531005859375 ], [ 108463.52288818359375, 106030.3848876953125 ], [ 108465.7091064453125, 106027.15411376953125 ], [ 108468.546875, 106022.15289306640625 ], [ 108470.9556884765625, 106016.69171142578125 ], [ 108472.25091552734375, 106013.2708740234375 ], [ 108473.760498046875, 106008.7698974609375 ], [ 108474.700927734375, 106005.6790771484375 ], [ 108475.4105224609375, 106002.91851806640625 ], [ 108476.06207275390625, 105999.32769775390625 ], [ 108476.51593017578125, 105997.27728271484375 ], [ 108477.134521484375, 105992.34613037109375 ], [ 108477.8275146484375, 105987.43511962890625 ], [ 108478.78448486328125, 105977.67291259765625 ], [ 108479.584716796875, 105969.69110107421875 ], [ 108480.9541015625, 105954.9876708984375 ], [ 108472.22607421875, 105954.5277099609375 ], [ 108470.840087890625, 105967.35052490234375 ], [ 108469.52850341796875, 105981.75372314453125 ], [ 108468.8272705078125, 105988.2852783203125 ], [ 108467.845703125, 105994.07647705078125 ], [ 108466.8062744140625, 105999.33770751953125 ], [ 108465.65130615234375, 106003.95892333984375 ], [ 108464.71087646484375, 106007.14947509765625 ], [ 108463.43212890625, 106010.8704833984375 ], [ 108462.16168212890625, 106014.06109619140625 ], [ 108460.89947509765625, 106016.5916748046875 ], [ 108459.71148681640625, 106018.68212890625 ], [ 108458.49072265625, 106021.1126708984375 ], [ 108457.31109619140625, 106022.903076171875 ], [ 108455.63629150390625, 106025.4337158203125 ], [ 108453.656494140625, 106027.904296875 ], [ 108451.75909423828125, 106029.99468994140625 ], [ 108449.82867431640625, 106032.06512451171875 ], [ 108446.85888671875, 106034.805908203125 ], [ 108444.57373046875, 106036.86627197265625 ], [ 108442.00811767578125, 106038.9766845703125 ], [ 108438.80731201171875, 106041.39727783203125 ], [ 108435.0703125, 106044.10791015625 ], [ 108431.3084716796875, 106046.79852294921875 ], [ 108426.39190673828125, 106049.97930908203125 ], [ 108419.709716796875, 106054.88031005859375 ], [ 108414.1082763671875, 106058.52130126953125 ], [ 108174.4268798828125, 106224.70892333984375 ], [ 108171.118896484375, 106226.95947265625 ], [ 108168.4873046875, 106228.7498779296875 ], [ 108165.9547119140625, 106230.2200927734375 ], [ 108162.6549072265625, 106232.23052978515625 ], [ 108159.99029541015625, 106233.910888671875 ], [ 108157.8701171875, 106234.88128662109375 ], [ 108155.2880859375, 106236.21148681640625 ], [ 108152.40069580078125, 106237.681884765625 ], [ 108149.18328857421875, 106239.0120849609375 ], [ 108146.78289794921875, 106239.88232421875 ], [ 108142.77349853515625, 106241.01251220703125 ], [ 108138.87152099609375, 106242.0728759765625 ], [ 108134.8870849609375, 106242.76287841796875 ], [ 108129.12890625, 106243.5230712890625 ], [ 108123.576904296875, 106243.893310546875 ], [ 108119.65008544921875, 106244.06329345703125 ], [ 108115.046875, 106243.85308837890625 ], [ 108110.30352783203125, 106243.71307373046875 ], [ 108106.36029052734375, 106243.3131103515625 ], [ 108101.97967529296875, 106242.97308349609375 ], [ 108096.71649169921875, 106242.55291748046875 ], [ 108091.95648193359375, 106242.212890625 ], [ 108087.29547119140625, 106241.72271728515625 ], [ 108081.49609375, 106241.292724609375 ], [ 108073.1229248046875, 106240.6724853515625 ], [ 108066.8037109375, 106240.07232666015625 ], [ 108062.761474609375, 106239.7122802734375 ], [ 108056.45068359375, 106239.0521240234375 ], [ 108055.87310791015625, 106248.08428955078125 ], [ 108055.551513671875, 106253.94549560546875 ], [ 108055.20489501953125, 106258.9666748046875 ], [ 108054.7843017578125, 106264.28790283203125 ], [ 108054.4788818359375, 106268.0186767578125 ], [ 108054.1737060546875, 106271.00927734375 ], [ 108053.876708984375, 106274.16009521484375 ], [ 108053.546875, 106277.450927734375 ], [ 108053.2169189453125, 106280.551513671875 ], [ 108052.86212158203125, 106283.2620849609375 ], [ 108052.540283203125, 106285.99267578125 ], [ 108052.28472900390625, 106288.89349365234375 ], [ 108051.962890625, 106291.39410400390625 ], [ 108051.43487548828125, 106293.7545166015625 ], [ 108050.82452392578125, 106297.25531005859375 ], [ 108050.271728515625, 106299.58587646484375 ], [ 108049.46331787109375, 106302.8466796875 ], [ 108048.70428466796875, 106304.94708251953125 ], [ 108047.796875, 106307.93768310546875 ], [ 108046.95550537109375, 106310.518310546875 ], [ 108045.71807861328125, 106313.2288818359375 ], [ 108044.5465087890625, 106316.0596923828125 ], [ 108042.9215087890625, 106319.27032470703125 ], [ 108041.57672119140625, 106321.7708740234375 ], [ 108039.54730224609375, 106324.83148193359375 ], [ 108037.9468994140625, 106327.07208251953125 ], [ 108036.148681640625, 106329.34271240234375 ], [ 108033.9954833984375, 106331.76312255859375 ], [ 108031.65252685546875, 106334.23370361328125 ], [ 108029.4500732421875, 106336.57427978515625 ], [ 108026.81011962890625, 106339.02490234375 ], [ 108024.038330078125, 106341.7655029296875 ], [ 108021.60467529296875, 106343.62591552734375 ], [ 108018.6348876953125, 106345.86627197265625 ], [ 108015.43408203125, 106348.296875 ], [ 108012.587890625, 106350.25732421875 ], [ 108009.54388427734375, 106352.4678955078125 ], [ 108005.7821044921875, 106354.8284912109375 ], [ 108003.2000732421875, 106356.5587158203125 ], [ 108001.0220947265625, 106357.839111328125 ], [ 108000.056884765625, 106358.12908935546875 ], [ 107777.13031005859375, 106511.263916015625 ], [ 107772.56011962890625, 106514.4644775390625 ], [ 107768.89727783203125, 106516.78509521484375 ], [ 107764.9541015625, 106519.085693359375 ], [ 107762.16571044921875, 106520.62591552734375 ], [ 107759.08050537109375, 106522.36627197265625 ], [ 107753.91607666015625, 106524.49688720703125 ], [ 107750.42669677734375, 106525.6470947265625 ], [ 107747.5311279296875, 106526.5772705078125 ], [ 107743.40631103515625, 106527.60748291015625 ], [ 107740.00750732421875, 106528.377685546875 ], [ 107736.5509033203125, 106529.01788330078125 ], [ 107730.68548583984375, 106529.72808837890625 ], [ 107727.0640869140625, 106529.83807373046875 ], [ 107722.75787353515625, 106529.84808349609375 ], [ 107718.56707763671875, 106529.578125 ], [ 107712.973876953125, 106529.087890625 ], [ 107596.4412841796875, 106518.0054931640625 ], [ 107596.3917236328125, 106485.51812744140625 ], [ 107578.61407470703125, 106458.8519287109375 ], [ 107796.10430908203125, 106318.75030517578125 ], [ 107797.16009521484375, 106318.110107421875 ], [ 107798.455322265625, 106317.0399169921875 ], [ 107799.263671875, 106316.13970947265625 ], [ 107799.79168701171875, 106315.18927001953125 ], [ 107800.18768310546875, 106314.539306640625 ], [ 107800.36090087890625, 106313.77911376953125 ], [ 107800.8394775390625, 106312.49871826171875 ], [ 107800.99627685546875, 106311.40850830078125 ], [ 107804.47747802734375, 106274.97027587890625 ], [ 107804.32891845703125, 106273.23992919921875 ], [ 107804.00732421875, 106271.85968017578125 ], [ 107803.5947265625, 106270.70928955078125 ], [ 107803.13287353515625, 106269.73907470703125 ], [ 107802.51409912109375, 106268.80889892578125 ], [ 107801.59832763671875, 106267.6787109375 ], [ 107800.74871826171875, 106266.968505859375 ], [ 107799.7423095703125, 106266.18829345703125 ], [ 107798.760498046875, 106265.47808837890625 ], [ 107797.54791259765625, 106264.99810791015625 ], [ 107796.26092529296875, 106264.68792724609375 ], [ 107794.305908203125, 106264.2479248046875 ], [ 107792.40008544921875, 106264.15789794921875 ], [ 107789.57891845703125, 106263.86767578125 ], [ 107785.33868408203125, 106263.377685546875 ], [ 107320.15667724609375, 106218.907470703125 ], [ 107318.0697021484375, 106218.85748291015625 ], [ 107316.37030029296875, 106218.52752685546875 ], [ 107315.4381103515625, 106218.01727294921875 ], [ 107314.6624755859375, 106217.44732666015625 ], [ 107314.09332275390625, 106216.84710693359375 ], [ 107313.57373046875, 106216.12689208984375 ], [ 107313.17767333984375, 106215.30670166015625 ], [ 107312.97149658203125, 106214.46649169921875 ], [ 107312.99627685546875, 106213.3262939453125 ], [ 107313.15289306640625, 106211.9058837890625 ], [ 107314.21710205078125, 106197.1627197265625 ], [ 107314.42327880859375, 106196.052490234375 ], [ 107314.5634765625, 106195.24212646484375 ], [ 107314.6790771484375, 106194.56207275390625 ], [ 107314.9512939453125, 106193.701904296875 ], [ 107315.7103271484375, 106192.82171630859375 ], [ 107316.64251708984375, 106192.0615234375 ], [ 107317.54168701171875, 106191.52130126953125 ], [ 107318.39971923828125, 106190.9312744140625 ], [ 107469.91851806640625, 106086.717529296875 ], [ 107470.8507080078125, 106085.7974853515625 ], [ 107472.013916015625, 106085.15728759765625 ], [ 107473.0697021484375, 106084.44708251953125 ], [ 107474.1834716796875, 106083.6768798828125 ], [ 107474.98370361328125, 106083.2166748046875 ], [ 107475.544677734375, 106083.07672119140625 ], [ 107476.212890625, 106082.93670654296875 ], [ 107477.1781005859375, 106082.79669189453125 ], [ 107478.827880859375, 106083.08673095703125 ], [ 107481.29449462890625, 106083.49688720703125 ], [ 108000.09808349609375, 106133.08807373046875 ], [ 108055.0728759765625, 106138.29931640625 ], [ 108062.01910400390625, 106136.118896484375 ], [ 108258.580322265625, 105999.43768310546875 ], [ 108490.9691162109375, 105839.24151611328125 ], [ 108491.40631103515625, 105838.95147705078125 ], [ 108492.0167236328125, 105838.41131591796875 ], [ 108492.38787841796875, 105838.00128173828125 ], [ 108492.66851806640625, 105837.34112548828125 ], [ 108492.89111328125, 105836.64093017578125 ], [ 108492.94891357421875, 105835.90069580078125 ], [ 108496.89227294921875, 105792.94091796875 ], [ 108496.9005126953125, 105792.00067138671875 ], [ 108496.7188720703125, 105791.23052978515625 ], [ 108496.5208740234375, 105790.490478515625 ], [ 108496.18267822265625, 105789.97027587890625 ], [ 108495.70428466796875, 105789.16009521484375 ], [ 108494.91229248046875, 105788.44989013671875 ], [ 108494.06268310546875, 105788.0299072265625 ], [ 108493.2047119140625, 105787.7498779296875 ], [ 108492.4375, 105787.7197265625 ], [ 108491.6536865234375, 105787.5897216796875 ], [ 108490.15228271484375, 105787.4697265625 ], [ 108009.69232177734375, 105741.94927978515625 ], [ 108008.65289306640625, 105741.809326171875 ], [ 108007.8115234375, 105741.72930908203125 ], [ 108006.87109375, 105741.59930419921875 ], [ 108006.40087890625, 105741.3792724609375 ], [ 108003.97552490234375, 105738.61871337890625 ], [ 108005.34490966796875, 105723.75531005859375 ], [ 108005.897705078125, 105718.36407470703125 ], [ 108006.1533203125, 105717.03369140625 ], [ 108006.4669189453125, 105716.2034912109375 ], [ 108006.8626708984375, 105715.603515625 ], [ 108007.6298828125, 105714.893310546875 ], [ 108008.67767333984375, 105714.0631103515625 ], [ 108105.79107666015625, 105647.4478759765625 ], [ 108164.06549072265625, 105607.4688720703125 ], [ 108164.77508544921875, 105606.85870361328125 ], [ 108165.6824951171875, 105606.37872314453125 ], [ 108166.771484375, 105605.95849609375 ], [ 108167.53851318359375, 105605.88848876953125 ], [ 108207.2435302734375, 105578.9324951171875 ], [ 108195.46307373046875, 105561.718505859375 ], [ 108195.710693359375, 105561.54852294921875 ], [ 108089.968505859375, 105402.83251953125 ], [ 107996.18792724609375, 105467.68707275390625 ], [ 107658.27947998046875, 105445.152099609375 ], [ 107654.113525390625, 105448.0126953125 ], [ 107418.53228759765625, 105609.279296875 ], [ 107384.20587158203125, 105633.95489501953125 ], [ 107346.117919921875, 105650.57867431640625 ], [ 107342.21588134765625, 105651.62890625 ], [ 107316.08148193359375, 105658.6304931640625 ], [ 107287.66192626953125, 105663.45147705078125 ], [ 107257.54290771484375, 105664.931884765625 ], [ 107240.029296875, 105663.301513671875 ], [ 107179.42828369140625, 105657.6602783203125 ], [ 107152.9556884765625, 105656.85009765625 ], [ 107149.144287109375, 105657.3203125 ], [ 107120.386474609375, 105660.92108154296875 ], [ 107113.465087890625, 105660.92108154296875 ], [ 107094.1448974609375, 105661.41107177734375 ], [ 107081.30029296875, 105661.7310791015625 ], [ 107049.135498046875, 105668.6527099609375 ], [ 107043.25347900390625, 105670.893310546875 ], [ 107032.0343017578125, 105675.17431640625 ], [ 107022.95147705078125, 105679.06512451171875 ], [ 106976.09429931640625, 105674.40411376953125 ], [ 106949.57208251953125, 105672.02349853515625 ], [ 106934.18670654296875, 105670.643310546875 ], [ 106919.93988037109375, 105669.75311279296875 ], [ 106733.0966796875, 105656.79010009765625 ], [ 106689.37408447265625, 105578.372314453125 ], [ 106574.40887451171875, 105372.20550537109375 ], [ 106588.18572998046875, 105366.97430419921875 ], [ 106607.2833251953125, 105358.6925048828125 ], [ 106632.74127197265625, 105342.148681640625 ], [ 106683.0302734375, 105309.6812744140625 ], [ 106718.676513671875, 105288.67669677734375 ], [ 106781.059326171875, 105247.93731689453125 ], [ 106823.97332763671875, 105219.50091552734375 ], [ 106881.90130615234375, 105180.59210205078125 ], [ 106918.57049560546875, 105151.2655029296875 ], [ 106924.86468505859375, 105145.0941162109375 ], [ 106886.27349853515625, 105077.5687255859375 ], [ 106780.4901123046875, 105135.921875 ], [ 106696.6007080078125, 104982.727294921875 ], [ 106671.0684814453125, 104997.32049560546875 ], [ 106413.9146728515625, 104844.11572265625 ], [ 106187.4490966796875, 104516.83148193359375 ], [ 106061.23968505859375, 104637.99908447265625 ], [ 106056.18267822265625, 104643.50030517578125 ], [ 105814.5133056640625, 104906.55987548828125 ], [ 105758.07012939453125, 104967.993896484375 ], [ 105873.5963134765625, 105160.217529296875 ], [ 105865.50347900390625, 105162.2379150390625 ], [ 105876.8961181640625, 105181.832275390625 ], [ 105981.31011962890625, 105384.74847412109375 ], [ 106106.455322265625, 105596.236328125 ], [ 106123.63067626953125, 105629.3538818359375 ], [ 106116.07427978515625, 105635.38531494140625 ], [ 106100.51568603515625, 105647.818115234375 ], [ 106008.31072998046875, 105721.48468017578125 ], [ 106001.28228759765625, 105727.09613037109375 ], [ 105938.18170166015625, 105777.5775146484375 ], [ 105935.5994873046875, 105779.2479248046875 ], [ 105895.5894775390625, 105805.1837158203125 ], [ 105819.6361083984375, 105849.73388671875 ], [ 105813.56451416015625, 105853.294677734375 ], [ 105761.50189208984375, 105890.36309814453125 ], [ 105747.8240966796875, 105901.2755126953125 ], [ 105703.136474609375, 105936.9036865234375 ], [ 105656.60107421875, 105983.43408203125 ], [ 105613.5054931640625, 106046.1182861328125 ], [ 105612.3507080078125, 106047.8087158203125 ], [ 105587.189697265625, 106084.3970947265625 ], [ 105568.05072021484375, 106111.7432861328125 ], [ 105564.9901123046875, 106114.48388671875 ], [ 105600.603271484375, 106156.9635009765625 ], [ 105618.62030029296875, 106179.13848876953125 ], [ 105621.1116943359375, 106182.19927978515625 ], [ 105647.138916015625, 106226.36932373046875 ], [ 105754.40728759765625, 106369.921875 ], [ 105762.689697265625, 106381.78448486328125 ], [ 105774.06591796875, 106401.15887451171875 ], [ 105818.29150390625, 106461.4124755859375 ], [ 105828.82611083984375, 106480.51690673828125 ], [ 105834.39447021484375, 106488.71868896484375 ], [ 105837.042724609375, 106504.822509765625 ], [ 105838.197509765625, 106511.8538818359375 ], [ 105839.66607666015625, 106521.8062744140625 ], [ 105839.2122802734375, 106545.82171630859375 ], [ 105837.11688232421875, 106552.603271484375 ], [ 105829.29632568359375, 106575.70849609375 ], [ 105815.27227783203125, 106605.4453125 ], [ 105800.3074951171875, 106638.18267822265625 ] ] ] ] } },
{ "type": "Feature", "properties": { "ID": "021", "CIRCUITO_N": 21, "COMUNA": 2, "BARRIO": "RECOLETA", "TOTAL": 14997.0, "MASCULINO": 6614.0, "FEMENINO": 8383.0, "PERIMETRO": 3384.3736509300002, "AREA": 636595.66411000001 }, "geometry": { "type": "MultiPolygon", "coordinates": [ [ [ [ 107107.913330078125, 104935.91668701171875 ], [ 107140.581298828125, 104887.90570068359375 ], [ 107157.25347900390625, 104859.9093017578125 ], [ 107175.92230224609375, 104816.56951904296875 ], [ 107186.58892822265625, 104793.23431396484375 ], [ 107201.00067138671875, 104756.93609619140625 ], [ 107204.58929443359375, 104747.9039306640625 ], [ 107227.2589111328125, 104692.5615234375 ], [ 107260.59527587890625, 104664.56512451171875 ], [ 107275.7908935546875, 104654.92291259765625 ], [ 107294.59149169921875, 104637.88909912109375 ], [ 107297.3551025390625, 104635.24847412109375 ], [ 107303.1627197265625, 104629.69708251953125 ], [ 107290.02130126953125, 104611.3228759765625 ], [ 107283.96612548828125, 104602.861083984375 ], [ 107096.80950927734375, 104376.50970458984375 ], [ 107008.49847412109375, 104268.77532958984375 ], [ 107007.68170166015625, 104267.78509521484375 ], [ 106913.48052978515625, 104171.70330810546875 ], [ 106822.6038818359375, 104261.37371826171875 ], [ 106729.24407958984375, 104352.404296875 ], [ 106550.21307373046875, 104157.81011962890625 ], [ 106550.0894775390625, 104157.93011474609375 ], [ 106526.78448486328125, 104181.2354736328125 ], [ 106273.243896484375, 104432.4425048828125 ], [ 106207.635498046875, 104497.457275390625 ], [ 106187.4490966796875, 104516.83148193359375 ], [ 106413.9146728515625, 104844.11572265625 ], [ 106671.0684814453125, 104997.32049560546875 ], [ 106696.6007080078125, 104982.727294921875 ], [ 106780.4901123046875, 105135.921875 ], [ 106886.27349853515625, 105077.5687255859375 ], [ 106924.86468505859375, 105145.0941162109375 ], [ 106950.5703125, 105119.92828369140625 ], [ 106999.085693359375, 105074.9581298828125 ], [ 107005.23968505859375, 105069.25689697265625 ], [ 107035.2432861328125, 105032.5885009765625 ], [ 107044.8704833984375, 105019.7056884765625 ], [ 107076.58148193359375, 104977.24591064453125 ], [ 107107.913330078125, 104935.91668701171875 ] ] ] ] } },
{ "type": "Feature", "properties": { "ID": "022", "CIRCUITO_N": 22, "COMUNA": 2, "BARRIO": "RECOLETA", "TOTAL": 17433.0, "MASCULINO": 7550.0, "FEMENINO": 9883.0, "PERIMETRO": 2626.1530186, "AREA": 380920.13159599999 }, "geometry": { "type": "MultiPolygon", "coordinates": [ [ [ [ 104880.8992919921875, 104457.84808349609375 ], [ 104881.6251220703125, 104458.87847900390625 ], [ 104883.38232421875, 104461.89910888671875 ], [ 105106.32550048828125, 104845.936279296875 ], [ 105220.62249755859375, 105039.4600830078125 ], [ 105241.98870849609375, 105080.31927490234375 ], [ 105242.2445068359375, 105080.31927490234375 ], [ 105315.3350830078125, 105080.989501953125 ], [ 105629.8560791015625, 105083.860107421875 ], [ 105697.61767578125, 105032.77850341796875 ], [ 105757.79791259765625, 104967.54388427734375 ], [ 105758.07012939453125, 104967.993896484375 ], [ 105814.5133056640625, 104906.55987548828125 ], [ 105619.85772705078125, 104736.24127197265625 ], [ 105316.18487548828125, 104469.8109130859375 ], [ 105078.9453125, 104258.93310546875 ], [ 105037.87091064453125, 104307.7041015625 ], [ 104880.8992919921875, 104457.84808349609375 ] ] ] ] } },
{ "type": "Feature", "properties": { "ID": "023", "CIRCUITO_N": 23, "COMUNA": 2, "BARRIO": "RECOLETA", "TOTAL": 20922.0, "MASCULINO": 9026.0, "FEMENINO": 11896.0, "PERIMETRO": 2935.7151121400002, "AREA": 443647.96949799999 }, "geometry": { "type": "MultiPolygon", "coordinates": [ [ [ [ 105078.9453125, 104258.93310546875 ], [ 105316.18487548828125, 104469.8109130859375 ], [ 105619.85772705078125, 104736.24127197265625 ], [ 105814.5133056640625, 104906.55987548828125 ], [ 106056.18267822265625, 104643.50030517578125 ], [ 105820.21368408203125, 104448.68609619140625 ], [ 105773.21612548828125, 104327.0584716796875 ], [ 105706.86529541015625, 104172.2435302734375 ], [ 105590.76171875, 103862.623291015625 ], [ 105590.27490234375, 103860.94287109375 ], [ 105477.4215087890625, 103898.561279296875 ], [ 105339.200927734375, 103981.5001220703125 ], [ 105289.43988037109375, 104031.261474609375 ], [ 105181.6270751953125, 104133.544677734375 ], [ 105082.10491943359375, 104255.18231201171875 ], [ 105078.9453125, 104258.93310546875 ] ] ] ] } },
{ "type": "Feature", "properties": { "ID": "024", "CIRCUITO_N": 24, "COMUNA": 2, "BARRIO": "RECOLETA", "TOTAL": 13832.0, "MASCULINO": 5954.0, "FEMENINO": 7878.0, "PERIMETRO": 2366.0716705700002, "AREA": 297623.81685599999 }, "geometry": { "type": "MultiPolygon", "coordinates": [ [ [ [ 105590.27490234375, 103860.94287109375 ], [ 105590.76171875, 103862.623291015625 ], [ 105706.86529541015625, 104172.2435302734375 ], [ 105773.21612548828125, 104327.0584716796875 ], [ 105820.21368408203125, 104448.68609619140625 ], [ 106056.18267822265625, 104643.50030517578125 ], [ 106061.23968505859375, 104637.99908447265625 ], [ 106187.4490966796875, 104516.83148193359375 ], [ 106207.635498046875, 104497.457275390625 ], [ 106273.243896484375, 104432.4425048828125 ], [ 106110.4810791015625, 104230.29669189453125 ], [ 106069.01068115234375, 104116.96087646484375 ], [ 106027.5487060546875, 104003.6151123046875 ], [ 105980.55108642578125, 103862.623291015625 ], [ 105942.710693359375, 103759.92987060546875 ], [ 105834.031494140625, 103782.455078125 ], [ 105717.92791748046875, 103818.39312744140625 ], [ 105590.27490234375, 103860.94287109375 ] ] ] ] } },
{ "type": "Feature", "properties": { "ID": "025", "CIRCUITO_N": 25, "COMUNA": 2, "BARRIO": "RECOLETA", "TOTAL": 13367.0, "MASCULINO": 5766.0, "FEMENINO": 7601.0, "PERIMETRO": 2120.9095631099999, "AREA": 261765.321077 }, "geometry": { "type": "MultiPolygon", "coordinates": [ [ [ [ 105942.710693359375, 103759.92987060546875 ], [ 105980.55108642578125, 103862.623291015625 ], [ 106027.5487060546875, 104003.6151123046875 ], [ 106069.01068115234375, 104116.96087646484375 ], [ 106110.4810791015625, 104230.29669189453125 ], [ 106273.243896484375, 104432.4425048828125 ], [ 106526.78448486328125, 104181.2354736328125 ], [ 106550.0894775390625, 104157.93011474609375 ], [ 106462.72711181640625, 104059.63787841796875 ], [ 106441.71551513671875, 103929.738525390625 ], [ 106419.07891845703125, 103705.25750732421875 ], [ 106418.79010009765625, 103702.4168701171875 ], [ 106335.88250732421875, 103707.39788818359375 ], [ 106186.77252197265625, 103716.360107421875 ], [ 106165.051513671875, 103718.20050048828125 ], [ 106060.71990966796875, 103735.4644775390625 ], [ 105942.710693359375, 103759.92987060546875 ] ] ] ] } },
{ "type": "Feature", "properties": { "ID": "026", "CIRCUITO_N": 26, "COMUNA": 2, "BARRIO": "RECOLETA", "TOTAL": 18623.0, "MASCULINO": 8314.0, "FEMENINO": 10309.0, "PERIMETRO": 2847.8338502800002, "AREA": 491630.31988999998 }, "geometry": { "type": "MultiPolygon", "coordinates": [ [ [ [ 106913.48052978515625, 104171.70330810546875 ], [ 106912.59771728515625, 104170.8031005859375 ], [ 106916.24407958984375, 104167.15228271484375 ], [ 106947.9635009765625, 104039.643310546875 ], [ 106971.6890869140625, 103839.7880859375 ], [ 106986.26593017578125, 103717.02008056640625 ], [ 106994.218505859375, 103571.32708740234375 ], [ 106993.70709228515625, 103555.14349365234375 ], [ 107002.81451416015625, 103435.7965087890625 ], [ 107011.740478515625, 103323.0308837890625 ], [ 106749.01812744140625, 103305.07672119140625 ], [ 106455.98712158203125, 103285.16229248046875 ], [ 106445.53509521484375, 103375.752685546875 ], [ 106418.79010009765625, 103702.4168701171875 ], [ 106419.07891845703125, 103705.25750732421875 ], [ 106441.71551513671875, 103929.738525390625 ], [ 106462.72711181640625, 104059.63787841796875 ], [ 106550.0894775390625, 104157.93011474609375 ], [ 106550.21307373046875, 104157.81011962890625 ], [ 106729.24407958984375, 104352.404296875 ], [ 106822.6038818359375, 104261.37371826171875 ], [ 106913.48052978515625, 104171.70330810546875 ] ] ] ] } },
{ "type": "Feature", "properties": { "ID": "027", "CIRCUITO_N": 27, "COMUNA": 2, "BARRIO": "RECOLETA", "TOTAL": 14044.0, "MASCULINO": 6303.0, "FEMENINO": 7741.0, "PERIMETRO": 2753.9911631700002, "AREA": 432441.57953799999 }, "geometry": { "type": "MultiPolygon", "coordinates": [ [ [ [ 105917.52490234375, 103273.2294921875 ], [ 105705.60308837890625, 103301.776123046875 ], [ 105622.72027587890625, 103314.2589111328125 ], [ 105465.872314453125, 103416.7520751953125 ], [ 105462.9437255859375, 103418.62249755859375 ], [ 105590.27490234375, 103860.94287109375 ], [ 105717.92791748046875, 103818.39312744140625 ], [ 105834.031494140625, 103782.455078125 ], [ 105942.710693359375, 103759.92987060546875 ], [ 106060.71990966796875, 103735.4644775390625 ], [ 106165.051513671875, 103718.20050048828125 ], [ 106186.77252197265625, 103716.360107421875 ], [ 106335.88250732421875, 103707.39788818359375 ], [ 106418.79010009765625, 103702.4168701171875 ], [ 106445.53509521484375, 103375.752685546875 ], [ 106455.98712158203125, 103285.16229248046875 ], [ 106455.14569091796875, 103285.102294921875 ], [ 106064.0775146484375, 103275.7200927734375 ], [ 105923.943115234375, 103272.35931396484375 ], [ 105917.52490234375, 103273.2294921875 ] ] ] ] } },
{ "type": "Feature", "properties": { "ID": "028", "CIRCUITO_N": 28, "COMUNA": 2, "BARRIO": "RECOLETA", "TOTAL": 18854.0, "MASCULINO": 8305.0, "FEMENINO": 10549.0, "PERIMETRO": 2776.6810326999998, "AREA": 448431.69041099999 }, "geometry": { "type": "MultiPolygon", "coordinates": [ [ [ [ 105462.9437255859375, 103418.62249755859375 ], [ 105462.028076171875, 103419.20269775390625 ], [ 105393.18572998046875, 103463.10247802734375 ], [ 105198.497314453125, 103462.60247802734375 ], [ 104860.69610595703125, 103457.54132080078125 ], [ 104714.5972900390625, 103466.6934814453125 ], [ 104713.19488525390625, 103466.76348876953125 ], [ 104743.22308349609375, 103661.92767333984375 ], [ 104969.540283203125, 104160.41070556640625 ], [ 105058.3544921875, 104240.618896484375 ], [ 105078.9453125, 104258.93310546875 ], [ 105082.10491943359375, 104255.18231201171875 ], [ 105181.6270751953125, 104133.544677734375 ], [ 105289.43988037109375, 104031.261474609375 ], [ 105339.200927734375, 103981.5001220703125 ], [ 105477.4215087890625, 103898.561279296875 ], [ 105590.27490234375, 103860.94287109375 ], [ 105462.9437255859375, 103418.62249755859375 ] ] ] ] } },
{ "type": "Feature", "properties": { "ID": "029", "CIRCUITO_N": 29, "COMUNA": 2, "BARRIO": "RECOLETA", "TOTAL": 12569.0, "MASCULINO": 5558.0, "FEMENINO": 7011.0, "PERIMETRO": 2673.26420878, "AREA": 303957.31659300003 }, "geometry": { "type": "MultiPolygon", "coordinates": [ [ [ [ 104713.19488525390625, 103466.76348876953125 ], [ 104465.74249267578125, 103478.78607177734375 ], [ 104338.77410888671875, 103483.957275390625 ], [ 104382.867919921875, 103610.72607421875 ], [ 104485.47528076171875, 103902.9622802734375 ], [ 104486.7786865234375, 103904.772705078125 ], [ 104673.2589111328125, 104162.7313232421875 ], [ 104880.8992919921875, 104457.84808349609375 ], [ 105037.87091064453125, 104307.7041015625 ], [ 105078.9453125, 104258.93310546875 ], [ 105058.3544921875, 104240.618896484375 ], [ 104969.540283203125, 104160.41070556640625 ], [ 104743.22308349609375, 103661.92767333984375 ], [ 104713.19488525390625, 103466.76348876953125 ] ] ] ] } },
{ "type": "Feature", "properties": { "ID": "030", "CIRCUITO_N": 30, "COMUNA": 3, "BARRIO": "BALVANERA", "TOTAL": 11737.0, "MASCULINO": 5594.0, "FEMENINO": 6143.0, "PERIMETRO": 2435.4498878499999, "AREA": 372621.67427900003 }, "geometry": { "type": "MultiPolygon", "coordinates": [ [ [ [ 104652.76727294921875, 103068.2930908203125 ], [ 104694.2952880859375, 103322.99090576171875 ], [ 104714.5972900390625, 103466.6934814453125 ], [ 104860.69610595703125, 103457.54132080078125 ], [ 105198.497314453125, 103462.60247802734375 ], [ 105393.18572998046875, 103463.10247802734375 ], [ 105462.028076171875, 103419.20269775390625 ], [ 105391.77508544921875, 103138.19891357421875 ], [ 105366.80389404296875, 103038.3262939453125 ], [ 105333.44268798828125, 102875.6793212890625 ], [ 105129.514892578125, 102910.927490234375 ], [ 105032.319091796875, 102916.648681640625 ], [ 104912.25567626953125, 102962.37908935546875 ], [ 104652.76727294921875, 103068.2930908203125 ] ] ] ] } },
{ "type": "Feature", "properties": { "ID": "031", "CIRCUITO_N": 31, "COMUNA": 3, "BARRIO": "BALVANERA", "TOTAL": 14387.0, "MASCULINO": 6840.0, "FEMENINO": 7547.0, "PERIMETRO": 2667.6287184299999, "AREA": 415581.46001400001 }, "geometry": { "type": "MultiPolygon", "coordinates": [ [ [ [ 105305.65008544921875, 102740.19873046875 ], [ 105333.44268798828125, 102875.6793212890625 ], [ 105366.80389404296875, 103038.3262939453125 ], [ 105391.77508544921875, 103138.19891357421875 ], [ 105462.028076171875, 103419.20269775390625 ], [ 105462.9437255859375, 103418.62249755859375 ], [ 105465.872314453125, 103416.7520751953125 ], [ 105622.72027587890625, 103314.2589111328125 ], [ 105705.60308837890625, 103301.776123046875 ], [ 105917.52490234375, 103273.2294921875 ], [ 105923.943115234375, 103272.35931396484375 ], [ 106064.0775146484375, 103275.7200927734375 ], [ 106088.1990966796875, 102882.7808837890625 ], [ 106102.30572509765625, 102743.489501953125 ], [ 106102.5120849609375, 102741.39892578125 ], [ 106038.56170654296875, 102739.40850830078125 ], [ 105737.45452880859375, 102726.06549072265625 ], [ 105476.36572265625, 102718.4437255859375 ], [ 105305.65008544921875, 102740.19873046875 ] ] ] ] } },
{ "type": "Feature", "properties": { "ID": "032", "CIRCUITO_N": 32, "COMUNA": 3, "BARRIO": "BALVANERA", "TOTAL": 13128.0, "MASCULINO": 6447.0, "FEMENINO": 6681.0, "PERIMETRO": 2937.0352415699999, "AREA": 433560.75511700002 }, "geometry": { "type": "MultiPolygon", "coordinates": [ [ [ [ 106455.14569091796875, 103285.102294921875 ], [ 106504.05712890625, 102894.04351806640625 ], [ 106512.78509521484375, 102754.201904296875 ], [ 106512.83447265625, 102753.42169189453125 ], [ 106521.23248291015625, 102618.67108154296875 ], [ 106543.1680908203125, 102227.98248291015625 ], [ 106414.9541015625, 102215.3197021484375 ], [ 106163.39349365234375, 102194.35491943359375 ], [ 106146.4158935546875, 102192.80450439453125 ], [ 106146.39111328125, 102193.37469482421875 ], [ 106130.51910400390625, 102452.5634765625 ], [ 106118.17791748046875, 102579.5123291015625 ], [ 106102.5120849609375, 102741.39892578125 ], [ 106102.30572509765625, 102743.489501953125 ], [ 106088.1990966796875, 102882.7808837890625 ], [ 106064.0775146484375, 103275.7200927734375 ], [ 106455.14569091796875, 103285.102294921875 ] ] ] ] } },
{ "type": "Feature", "properties": { "ID": "033", "CIRCUITO_N": 33, "COMUNA": 3, "BARRIO": "BALVANERA", "TOTAL": 10331.0, "MASCULINO": 5115.0, "FEMENINO": 5216.0, "PERIMETRO": 3022.7255016600002, "AREA": 526528.61724499997 }, "geometry": { "type": "MultiPolygon", "coordinates": [ [ [ [ 104469.0916748046875, 102207.25787353515625 ], [ 104460.55352783203125, 102335.77691650390625 ], [ 104484.3616943359375, 102350.4302978515625 ], [ 104513.886474609375, 102368.614501953125 ], [ 104527.3992919921875, 102428.4578857421875 ], [ 104576.55810546875, 102679.2548828125 ], [ 104596.72808837890625, 102785.618896484375 ], [ 104616.17230224609375, 102888.082275390625 ], [ 104652.189697265625, 103064.7623291015625 ], [ 104652.76727294921875, 103068.2930908203125 ], [ 104912.25567626953125, 102962.37908935546875 ], [ 105032.319091796875, 102916.648681640625 ], [ 105129.514892578125, 102910.927490234375 ], [ 105333.44268798828125, 102875.6793212890625 ], [ 105305.65008544921875, 102740.19873046875 ], [ 105305.34490966796875, 102738.69830322265625 ], [ 105280.37371826171875, 102617.700927734375 ], [ 105261.16888427734375, 102512.06689453125 ], [ 105243.8861083984375, 102400.67169189453125 ], [ 105250.55987548828125, 102263.30047607421875 ], [ 104997.06072998046875, 102234.3839111328125 ], [ 104861.7520751953125, 102230.5731201171875 ], [ 104469.0916748046875, 102207.25787353515625 ] ] ] ] } },
{ "type": "Feature", "properties": { "ID": "034", "CIRCUITO_N": 34, "COMUNA": 3, "BARRIO": "BALVANERA", "TOTAL": 15739.0, "MASCULINO": 7459.0, "FEMENINO": 8280.0, "PERIMETRO": 2863.3136899699998, "AREA": 496974.35101699998 }, "geometry": { "type": "MultiPolygon", "coordinates": [ [ [ [ 105258.03387451171875, 102123.168701171875 ], [ 105250.6094970703125, 102262.38031005859375 ], [ 105250.55987548828125, 102263.30047607421875 ], [ 105243.8861083984375, 102400.67169189453125 ], [ 105261.16888427734375, 102512.06689453125 ], [ 105280.37371826171875, 102617.700927734375 ], [ 105305.34490966796875, 102738.69830322265625 ], [ 105305.65008544921875, 102740.19873046875 ], [ 105476.36572265625, 102718.4437255859375 ], [ 105737.45452880859375, 102726.06549072265625 ], [ 106038.56170654296875, 102739.40850830078125 ], [ 106102.5120849609375, 102741.39892578125 ], [ 106118.17791748046875, 102579.5123291015625 ], [ 106130.51910400390625, 102452.5634765625 ], [ 106146.39111328125, 102193.37469482421875 ], [ 106146.4158935546875, 102192.80450439453125 ], [ 105766.99609375, 102158.146728515625 ], [ 105763.73748779296875, 102157.92669677734375 ], [ 105258.03387451171875, 102123.168701171875 ] ] ] ] } },
{ "type": "Feature", "properties": { "ID": "035", "CIRCUITO_N": 35, "COMUNA": 3, "BARRIO": "BALVANERA", "TOTAL": 12141.0, "MASCULINO": 5332.0, "FEMENINO": 6809.0, "PERIMETRO": 2871.0157970499999, "AREA": 494962.91638499999 }, "geometry": { "type": "MultiPolygon", "coordinates": [ [ [ [ 104631.02972412109375, 101533.80511474609375 ], [ 104630.9967041015625, 101534.35528564453125 ], [ 104623.6217041015625, 101680.73828125 ], [ 104583.9578857421875, 101822.56048583984375 ], [ 104479.255126953125, 102054.153076171875 ], [ 104469.0916748046875, 102207.25787353515625 ], [ 104861.7520751953125, 102230.5731201171875 ], [ 104997.06072998046875, 102234.3839111328125 ], [ 105250.55987548828125, 102263.30047607421875 ], [ 105250.6094970703125, 102262.38031005859375 ], [ 105258.03387451171875, 102123.168701171875 ], [ 105258.2896728515625, 102118.32769775390625 ], [ 105262.13409423828125, 102043.42071533203125 ], [ 105271.73651123046875, 101991.56890869140625 ], [ 105296.69952392578125, 101862.87969970703125 ], [ 105325.51507568359375, 101749.5640869140625 ], [ 105356.54150390625, 101620.2047119140625 ], [ 105146.07147216796875, 101589.40771484375 ], [ 104922.3118896484375, 101554.23968505859375 ], [ 104631.02972412109375, 101533.80511474609375 ] ] ] ] } },
{ "type": "Feature", "properties": { "ID": "036", "CIRCUITO_N": 36, "COMUNA": 3, "BARRIO": "BALVANERA", "TOTAL": 8632.0, "MASCULINO": 4289.0, "FEMENINO": 4343.0, "PERIMETRO": 2644.2204768500001, "AREA": 411907.17565500003 }, "geometry": { "type": "MultiPolygon", "coordinates": [ [ [ [ 105483.955078125, 101156.02947998046875 ], [ 105480.92767333984375, 101155.779296875 ], [ 105093.2498779296875, 101058.65728759765625 ], [ 105091.51751708984375, 101058.227294921875 ], [ 104813.49249267578125, 100989.80169677734375 ], [ 104654.50787353515625, 100956.13409423828125 ], [ 104645.8704833984375, 101094.32550048828125 ], [ 104637.8685302734375, 101398.22430419921875 ], [ 104631.02972412109375, 101533.80511474609375 ], [ 104922.3118896484375, 101554.23968505859375 ], [ 105146.07147216796875, 101589.40771484375 ], [ 105356.54150390625, 101620.2047119140625 ], [ 105393.69732666015625, 101465.30950927734375 ], [ 105428.2708740234375, 101344.3021240234375 ], [ 105483.955078125, 101156.02947998046875 ] ] ] ] } },
{ "type": "Feature", "properties": { "ID": "037", "CIRCUITO_N": 37, "COMUNA": 3, "BARRIO": "BALVANERA", "TOTAL": 11589.0, "MASCULINO": 5614.0, "FEMENINO": 5975.0, "PERIMETRO": 2825.2405043, "AREA": 362664.09105400002 }, "geometry": { "type": "MultiPolygon", "coordinates": [ [ [ [ 105715.882080078125, 101174.63372802734375 ], [ 105483.955078125, 101156.02947998046875 ], [ 105428.2708740234375, 101344.3021240234375 ], [ 105393.69732666015625, 101465.30950927734375 ], [ 105356.54150390625, 101620.2047119140625 ], [ 105325.51507568359375, 101749.5640869140625 ], [ 105296.69952392578125, 101862.87969970703125 ], [ 105271.73651123046875, 101991.56890869140625 ], [ 105262.13409423828125, 102043.42071533203125 ], [ 105258.2896728515625, 102118.32769775390625 ], [ 105258.03387451171875, 102123.168701171875 ], [ 105763.73748779296875, 102157.92669677734375 ], [ 105779.00732421875, 101931.4453125 ], [ 105785.169677734375, 101781.30108642578125 ], [ 105672.23388671875, 101773.11932373046875 ], [ 105690.24249267578125, 101525.9832763671875 ], [ 105699.24267578125, 101404.86590576171875 ], [ 105715.882080078125, 101174.63372802734375 ] ] ] ] } },
{ "type": "Feature", "properties": { "ID": "038", "CIRCUITO_N": 38, "COMUNA": 3, "BARRIO": "BALVANERA", "TOTAL": 13108.0, "MASCULINO": 6414.0, "FEMENINO": 6694.0, "PERIMETRO": 2922.2758459199999, "AREA": 428339.60078699997 }, "geometry": { "type": "MultiPolygon", "coordinates": [ [ [ [ 106174.6539306640625, 101205.81072998046875 ], [ 106036.48291015625, 101196.50848388671875 ], [ 106032.5067138671875, 101196.25848388671875 ], [ 105901.14129638671875, 101187.876708984375 ], [ 105801.94927978515625, 101181.5452880859375 ], [ 105715.882080078125, 101174.63372802734375 ], [ 105699.24267578125, 101404.86590576171875 ], [ 105690.24249267578125, 101525.9832763671875 ], [ 105672.23388671875, 101773.11932373046875 ], [ 105785.169677734375, 101781.30108642578125 ], [ 105779.00732421875, 101931.4453125 ], [ 105763.73748779296875, 102157.92669677734375 ], [ 105766.99609375, 102158.146728515625 ], [ 106146.4158935546875, 102192.80450439453125 ], [ 106159.6151123046875, 101939.47711181640625 ], [ 106159.6151123046875, 101678.52789306640625 ], [ 106164.02032470703125, 101468.7103271484375 ], [ 106174.6539306640625, 101205.81072998046875 ] ] ] ] } },
{ "type": "Feature", "properties": { "ID": "039", "CIRCUITO_N": 39, "COMUNA": 3, "BARRIO": "BALVANERA", "TOTAL": 14296.0, "MASCULINO": 6835.0, "FEMENINO": 7461.0, "PERIMETRO": 2774.98110688, "AREA": 397924.14004099998 }, "geometry": { "type": "MultiPolygon", "coordinates": [ [ [ [ 106543.1680908203125, 102227.98248291015625 ], [ 106543.9268798828125, 102214.49951171875 ], [ 106561.1273193359375, 101838.71429443359375 ], [ 106565.34271240234375, 101712.68572998046875 ], [ 106572.3134765625, 101504.08831787109375 ], [ 106566.34912109375, 101232.16668701171875 ], [ 106174.6539306640625, 101205.81072998046875 ], [ 106164.02032470703125, 101468.7103271484375 ], [ 106159.6151123046875, 101678.52789306640625 ], [ 106159.6151123046875, 101939.47711181640625 ], [ 106146.4158935546875, 102192.80450439453125 ], [ 106163.39349365234375, 102194.35491943359375 ], [ 106414.9541015625, 102215.3197021484375 ], [ 106543.1680908203125, 102227.98248291015625 ] ] ] ] } },
{ "type": "Feature", "properties": { "ID": "040", "CIRCUITO_N": 40, "COMUNA": 3, "BARRIO": "SAN CRISTOBAL", "TOTAL": 8356.0, "MASCULINO": 4018.0, "FEMENINO": 4338.0, "PERIMETRO": 3128.5889555899998, "AREA": 495956.04127500003 }, "geometry": { "type": "MultiPolygon", "coordinates": [ [ [ [ 105207.00250244140625, 99995.06610107421875 ], [ 105204.337890625, 99994.70611572265625 ], [ 105036.4766845703125, 99971.62091064453125 ], [ 104724.29052734375, 99878.48968505859375 ], [ 104717.93829345703125, 100006.11871337890625 ], [ 104710.86029052734375, 100186.03948974609375 ], [ 104697.9744873046875, 100460.78167724609375 ], [ 104696.26690673828125, 100476.60528564453125 ], [ 104673.06927490234375, 100690.80389404296875 ], [ 104700.83709716796875, 100697.59552001953125 ], [ 104671.08929443359375, 100819.423095703125 ], [ 104664.2257080078125, 100819.423095703125 ], [ 104654.50787353515625, 100956.13409423828125 ], [ 104813.49249267578125, 100989.80169677734375 ], [ 105091.51751708984375, 101058.227294921875 ], [ 105130.4716796875, 100793.6273193359375 ], [ 105172.6514892578125, 100365.090087890625 ], [ 105207.00250244140625, 99995.06610107421875 ] ] ] ] } },
{ "type": "Feature", "properties": { "ID": "041", "CIRCUITO_N": 41, "COMUNA": 3, "BARRIO": "SAN CRISTOBAL", "TOTAL": 17901.0, "MASCULINO": 8787.0, "FEMENINO": 9114.0, "PERIMETRO": 3865.34062421, "AREA": 936340.63894199999 }, "geometry": { "type": "MultiPolygon", "coordinates": [ [ [ [ 106091.25970458984375, 100128.45648193359375 ], [ 105932.75347900390625, 100093.23828125 ], [ 105703.54888916015625, 100062.101318359375 ], [ 105291.38671875, 100006.45867919921875 ], [ 105207.00250244140625, 99995.06610107421875 ], [ 105172.6514892578125, 100365.090087890625 ], [ 105130.4716796875, 100793.6273193359375 ], [ 105091.51751708984375, 101058.227294921875 ], [ 105093.2498779296875, 101058.65728759765625 ], [ 105480.92767333984375, 101155.779296875 ], [ 105483.955078125, 101156.02947998046875 ], [ 105715.882080078125, 101174.63372802734375 ], [ 105801.94927978515625, 101181.5452880859375 ], [ 105901.14129638671875, 101187.876708984375 ], [ 105908.24407958984375, 101077.0615234375 ], [ 105948.73291015625, 100918.47552490234375 ], [ 105990.9124755859375, 100719.3905029296875 ], [ 106016.22210693359375, 100613.1063232421875 ], [ 106036.46649169921875, 100513.563720703125 ], [ 106091.25970458984375, 100128.45648193359375 ] ] ] ] } },
{ "type": "Feature", "properties": { "ID": "042", "CIRCUITO_N": 42, "COMUNA": 3, "BARRIO": "SAN CRISTOBAL", "TOTAL": 16848.0, "MASCULINO": 8148.0, "FEMENINO": 8700.0, "PERIMETRO": 3289.6018442899999, "AREA": 611654.59397499997 }, "geometry": { "type": "MultiPolygon", "coordinates": [ [ [ [ 106566.34912109375, 101232.16668701171875 ], [ 106579.68048095703125, 100851.47027587890625 ], [ 106584.89410400390625, 100722.0208740234375 ], [ 106590.3883056640625, 100585.7301025390625 ], [ 106614.089111328125, 100222.20770263671875 ], [ 106614.163330078125, 100221.11749267578125 ], [ 106522.247314453125, 100220.40728759765625 ], [ 106092.14227294921875, 100128.646484375 ], [ 106091.25970458984375, 100128.45648193359375 ], [ 106036.46649169921875, 100513.563720703125 ], [ 106016.22210693359375, 100613.1063232421875 ], [ 105990.9124755859375, 100719.3905029296875 ], [ 105948.73291015625, 100918.47552490234375 ], [ 105908.24407958984375, 101077.0615234375 ], [ 105901.14129638671875, 101187.876708984375 ], [ 106032.5067138671875, 101196.25848388671875 ], [ 106036.48291015625, 101196.50848388671875 ], [ 106174.6539306640625, 101205.81072998046875 ], [ 106566.34912109375, 101232.16668701171875 ] ] ] ] } },
{ "type": "Feature", "properties": { "ID": "043", "CIRCUITO_N": 43, "COMUNA": 4, "BARRIO": "PARQUE PATRICIOS", "TOTAL": 12645.0, "MASCULINO": 6221.0, "FEMENINO": 6424.0, "PERIMETRO": 4240.1185346100001, "AREA": 1048153.78007 }, "geometry": { "type": "MultiPolygon", "coordinates": [ [ [ [ 106614.163330078125, 100221.11749267578125 ], [ 106624.1204833984375, 100115.26348876953125 ], [ 106688.22747802734375, 99458.7144775390625 ], [ 106688.2523193359375, 99458.39447021484375 ], [ 106176.99688720703125, 99321.92352294921875 ], [ 106039.27130126953125, 99290.14630126953125 ], [ 105644.64752197265625, 99205.3970947265625 ], [ 105457.0123291015625, 99163.69769287109375 ], [ 105388.29388427734375, 99561.2877197265625 ], [ 105371.96807861328125, 99675.543701171875 ], [ 105352.38372802734375, 99855.08447265625 ], [ 105352.38372802734375, 99884.47113037109375 ], [ 105291.38671875, 100006.45867919921875 ], [ 105703.54888916015625, 100062.101318359375 ], [ 105932.75347900390625, 100093.23828125 ], [ 106091.25970458984375, 100128.45648193359375 ], [ 106092.14227294921875, 100128.646484375 ], [ 106522.247314453125, 100220.40728759765625 ], [ 106614.163330078125, 100221.11749267578125 ] ] ] ] } },
{ "type": "Feature", "properties": { "ID": "044", "CIRCUITO_N": 44, "COMUNA": 4, "BARRIO": "PARQUE PATRICIOS", "TOTAL": 9017.0, "MASCULINO": 4308.0, "FEMENINO": 4709.0, "PERIMETRO": 3034.3801898299998, "AREA": 536442.18501400005 }, "geometry": { "type": "MultiPolygon", "coordinates": [ [ [ [ 105457.0123291015625, 99163.69769287109375 ], [ 105310.9462890625, 99131.24029541015625 ], [ 104772.0634765625, 99019.3948974609375 ], [ 104842.74530029296875, 99288.58587646484375 ], [ 104842.2667236328125, 99337.96710205078125 ], [ 104805.87811279296875, 99419.845703125 ], [ 104797.290283203125, 99446.29168701171875 ], [ 104750.78790283203125, 99589.4541015625 ], [ 104747.727294921875, 99601.40692138671875 ], [ 104724.33172607421875, 99877.97967529296875 ], [ 104724.29052734375, 99878.48968505859375 ], [ 105036.4766845703125, 99971.62091064453125 ], [ 105204.337890625, 99994.70611572265625 ], [ 105207.00250244140625, 99995.06610107421875 ], [ 105291.38671875, 100006.45867919921875 ], [ 105352.38372802734375, 99884.47113037109375 ], [ 105352.38372802734375, 99855.08447265625 ], [ 105371.96807861328125, 99675.543701171875 ], [ 105388.29388427734375, 99561.2877197265625 ], [ 105457.0123291015625, 99163.69769287109375 ] ] ] ] } },
{ "type": "Feature", "properties": { "ID": "045", "CIRCUITO_N": 45, "COMUNA": 4, "BARRIO": "PARQUE PATRICIOS", "TOTAL": 6626.0, "MASCULINO": 3338.0, "FEMENINO": 3288.0, "PERIMETRO": 4035.9480396700001, "AREA": 1041288.67692 }, "geometry": { "type": "MultiPolygon", "coordinates": [ [ [ [ 105661.3939208984375, 98046.7642822265625 ], [ 105551.7166748046875, 98024.82928466796875 ], [ 105346.75750732421875, 97983.85009765625 ], [ 104693.676513671875, 97856.2510986328125 ], [ 104692.85968017578125, 97860.57208251953125 ], [ 104653.76531982421875, 98066.57867431640625 ], [ 104581.45831298828125, 98421.4093017578125 ], [ 104571.20428466796875, 98425.6903076171875 ], [ 104720.00067138671875, 98850.5164794921875 ], [ 104772.0634765625, 99019.3948974609375 ], [ 105310.9462890625, 99131.24029541015625 ], [ 105457.0123291015625, 99163.69769287109375 ], [ 105479.698486328125, 99032.4578857421875 ], [ 105597.21270751953125, 98402.43487548828125 ], [ 105661.3939208984375, 98046.7642822265625 ] ] ] ] } },
{ "type": "Feature", "properties": { "ID": "046", "CIRCUITO_N": 46, "COMUNA": 4, "BARRIO": "PARQUE PATRICIOS", "TOTAL": 6122.0, "MASCULINO": 3165.0, "FEMENINO": 2957.0, "PERIMETRO": 4504.2425565900003, "AREA": 1117390.8334600001 }, "geometry": { "type": "MultiPolygon", "coordinates": [ [ [ [ 106688.2523193359375, 99458.39447021484375 ], [ 106700.2965087890625, 99291.88671875 ], [ 106729.3760986328125, 98826.9613037109375 ], [ 106732.03228759765625, 98784.3914794921875 ], [ 106584.481689453125, 98716.71630859375 ], [ 106591.99688720703125, 98575.97430419921875 ], [ 105768.35711669921875, 98153.02850341796875 ], [ 105758.2598876953125, 98151.98809814453125 ], [ 105771.59930419921875, 98107.49810791015625 ], [ 105772.79547119140625, 98102.51690673828125 ], [ 105762.44232177734375, 98097.1956787109375 ], [ 105763.3084716796875, 98095.01531982421875 ], [ 105754.88568115234375, 98088.993896484375 ], [ 105744.2520751953125, 98081.382080078125 ], [ 105740.31707763671875, 98078.57147216796875 ], [ 105703.9036865234375, 98061.2476806640625 ], [ 105661.9302978515625, 98055.50628662109375 ], [ 105664.0255126953125, 98047.28448486328125 ], [ 105661.3939208984375, 98046.7642822265625 ], [ 105597.21270751953125, 98402.43487548828125 ], [ 105479.698486328125, 99032.4578857421875 ], [ 105457.0123291015625, 99163.69769287109375 ], [ 105644.64752197265625, 99205.3970947265625 ], [ 106039.27130126953125, 99290.14630126953125 ], [ 106176.99688720703125, 99321.92352294921875 ], [ 106688.2523193359375, 99458.39447021484375 ] ] ] ] } },
{ "type": "Feature", "properties": { "ID": "047", "CIRCUITO_N": 47, "COMUNA": 4, "BARRIO": "BARRACAS", "TOTAL": 10233.0, "MASCULINO": 5294.0, "FEMENINO": 4939.0, "PERIMETRO": 6758.3292852200002, "AREA": 2495450.5872 }, "geometry": { "type": "MultiPolygon", "coordinates": [ [ [ [ 105780.52508544921875, 96492.64190673828125 ], [ 105764.364501953125, 96501.67388916015625 ], [ 105763.88592529296875, 96525.77947998046875 ], [ 105753.60711669921875, 96528.169921875 ], [ 105745.580322265625, 96537.5120849609375 ], [ 105740.6470947265625, 96545.50390625 ], [ 105736.852294921875, 96551.6552734375 ], [ 105733.04931640625, 96563.6978759765625 ], [ 105725.91351318359375, 96567.348876953125 ], [ 105698.236328125, 96635.38427734375 ], [ 105691.40570068359375, 96644.436279296875 ], [ 105616.9456787109375, 96859.38507080078125 ], [ 105551.70849609375, 97045.3572998046875 ], [ 105506.022705078125, 97208.96429443359375 ], [ 105490.62908935546875, 97271.0784912109375 ], [ 105443.35107421875, 97461.80169677734375 ], [ 105439.26751708984375, 97475.784912109375 ], [ 105435.91009521484375, 97487.2974853515625 ], [ 105396.60931396484375, 97606.27447509765625 ], [ 105389.31671142578125, 97620.68768310546875 ], [ 105353.01068115234375, 97696.43487548828125 ], [ 105341.4036865234375, 97722.38067626953125 ], [ 105379.60711669921875, 97761.3795166015625 ], [ 105389.08587646484375, 97771.5618896484375 ], [ 105392.83111572265625, 97775.5828857421875 ], [ 105398.4324951171875, 97781.6041259765625 ], [ 105484.8626708984375, 97919.4854736328125 ], [ 105511.343505859375, 97961.21490478515625 ], [ 105551.7166748046875, 98024.82928466796875 ], [ 105661.3939208984375, 98046.7642822265625 ], [ 105664.0255126953125, 98047.28448486328125 ], [ 105661.9302978515625, 98055.50628662109375 ], [ 105703.9036865234375, 98061.2476806640625 ], [ 105740.31707763671875, 98078.57147216796875 ], [ 105744.2520751953125, 98081.382080078125 ], [ 105754.88568115234375, 98088.993896484375 ], [ 105763.3084716796875, 98095.01531982421875 ], [ 105762.44232177734375, 98097.1956787109375 ], [ 105772.79547119140625, 98102.51690673828125 ], [ 105771.59930419921875, 98107.49810791015625 ], [ 105758.2598876953125, 98151.98809814453125 ], [ 105768.35711669921875, 98153.02850341796875 ], [ 106591.99688720703125, 98575.97430419921875 ], [ 106584.481689453125, 98716.71630859375 ], [ 106732.03228759765625, 98784.3914794921875 ], [ 106780.26727294921875, 98051.39532470703125 ], [ 106782.66790771484375, 98014.95709228515625 ], [ 106876.8031005859375, 96545.00372314453125 ], [ 106871.0863037109375, 96544.28350830078125 ], [ 106850.33050537109375, 96522.28851318359375 ], [ 106834.0458984375, 96515.82708740234375 ], [ 106816.631103515625, 96511.8563232421875 ], [ 106803.29168701171875, 96501.95391845703125 ], [ 106785.6376953125, 96510.1558837890625 ], [ 106766.47412109375, 96505.61468505859375 ], [ 106757.61407470703125, 96491.82171630859375 ], [ 106735.55487060546875, 96483.34967041015625 ], [ 106712.90167236328125, 96476.8983154296875 ], [ 106689.1019287109375, 96473.447509765625 ], [ 106671.91827392578125, 96464.1552734375 ], [ 106660.32769775390625, 96454.82330322265625 ], [ 106611.54010009765625, 96425.0164794921875 ], [ 106598.25830078125, 96417.11468505859375 ], [ 106595.03271484375, 96413.52392578125 ], [ 106588.9281005859375, 96406.7022705078125 ], [ 106574.9287109375, 96390.72869873046875 ], [ 106561.531494140625, 96373.83489990234375 ], [ 106551.797119140625, 96362.802490234375 ], [ 106539.373291015625, 96355.470703125 ], [ 106524.37567138671875, 96348.53912353515625 ], [ 106510.169921875, 96334.79608154296875 ], [ 106486.04827880859375, 96320.66290283203125 ], [ 106468.3118896484375, 96318.4622802734375 ], [ 106442.81268310546875, 96319.26251220703125 ], [ 106413.8651123046875, 96311.04071044921875 ], [ 106397.2918701171875, 96311.6708984375 ], [ 106379.21728515625, 96311.480712890625 ], [ 106366.6614990234375, 96319.6326904296875 ], [ 106345.13031005859375, 96323.12347412109375 ], [ 106324.15167236328125, 96331.71527099609375 ], [ 106301.135498046875, 96334.13592529296875 ], [ 106282.202880859375, 96336.1962890625 ], [ 106259.01348876953125, 96342.92791748046875 ], [ 106244.7830810546875, 96348.4691162109375 ], [ 106234.68572998046875, 96358.75152587890625 ], [ 106221.09869384765625, 96373.46490478515625 ], [ 106199.3861083984375, 96381.2664794921875 ], [ 106179.1583251953125, 96384.03729248046875 ], [ 106154.26129150390625, 96382.86688232421875 ], [ 106151.52227783203125, 96369.86407470703125 ], [ 106130.9810791015625, 96361.64208984375 ], [ 106104.96209716796875, 96360.96209716796875 ], [ 106078.25848388671875, 96360.27191162109375 ], [ 106050.185302734375, 96367.80352783203125 ], [ 106032.38287353515625, 96376.0255126953125 ], [ 106024.9005126953125, 96382.346923828125 ], [ 106015.25689697265625, 96393.67950439453125 ], [ 106005.85247802734375, 96418.9951171875 ], [ 106005.3739013671875, 96422.36590576171875 ], [ 106004.40887451171875, 96449.61212158203125 ], [ 105871.75653076171875, 96492.24169921875 ], [ 105866.1881103515625, 96487.910888671875 ], [ 105856.91571044921875, 96483.57989501953125 ], [ 105843.93109130859375, 96478.638671875 ], [ 105832.802490234375, 96476.1580810546875 ], [ 105817.96148681640625, 96478.638671875 ], [ 105810.5452880859375, 96478.638671875 ], [ 105806.8328857421875, 96484.82012939453125 ], [ 105795.70428466796875, 96491.00152587890625 ], [ 105780.52508544921875, 96492.64190673828125 ] ] ] ] } },
{ "type": "Feature", "properties": { "ID": "048", "CIRCUITO_N": 48, "COMUNA": 4, "BARRIO": "BARRACAS", "TOTAL": 14267.0, "MASCULINO": 7271.0, "FEMENINO": 6996.0, "PERIMETRO": 6466.6734628000004, "AREA": 2072727.1926599999 }, "geometry": { "type": "MultiPolygon", "coordinates": [ [ [ [ 106732.03228759765625, 98784.3914794921875 ], [ 106729.3760986328125, 98826.9613037109375 ], [ 106700.2965087890625, 99291.88671875 ], [ 106688.2523193359375, 99458.39447021484375 ], [ 106688.22747802734375, 99458.7144775390625 ], [ 106894.6962890625, 99517.4478759765625 ], [ 107278.15850830078125, 99652.228271484375 ], [ 107326.57489013671875, 99670.98272705078125 ], [ 107397.1082763671875, 99720.48388671875 ], [ 107516.618896484375, 99816.2855224609375 ], [ 107523.2103271484375, 99575.67108154296875 ], [ 107624.7783203125, 99579.87188720703125 ], [ 107628.9691162109375, 99624.35211181640625 ], [ 107671.4622802734375, 99654.57891845703125 ], [ 107682.6981201171875, 99669.68231201171875 ], [ 107681.856689453125, 99676.3939208984375 ], [ 107765.08612060546875, 99861.1956787109375 ], [ 107722.8651123046875, 99992.1455078125 ], [ 107828.55767822265625, 100068.18267822265625 ], [ 107829.63848876953125, 100068.972900390625 ], [ 107844.7598876953125, 100035.12530517578125 ], [ 107905.14630126953125, 99919.39892578125 ], [ 107997.40069580078125, 99652.698486328125 ], [ 108061.13629150390625, 99426.26708984375 ], [ 108109.511474609375, 99118.28729248046875 ], [ 108111.4500732421875, 99105.89447021484375 ], [ 108120.40911865234375, 99045.69091796875 ], [ 108150.87451171875, 98840.88427734375 ], [ 108218.78448486328125, 98402.07489013671875 ], [ 108087.0562744140625, 98363.90631103515625 ], [ 107933.5164794921875, 98318.1759033203125 ], [ 107528.42388916015625, 98203.82989501953125 ], [ 107048.19512939453125, 98066.618896484375 ], [ 106780.26727294921875, 98051.39532470703125 ], [ 106732.03228759765625, 98784.3914794921875 ] ] ] ] } },
{ "type": "Feature", "properties": { "ID": "049", "CIRCUITO_N": 49, "COMUNA": 4, "BARRIO": "BARRACAS", "TOTAL": 12432.0, "MASCULINO": 6402.0, "FEMENINO": 6030.0, "PERIMETRO": 6264.0053551700003, "AREA": 2063380.77761 }, "geometry": { "type": "MultiPolygon", "coordinates": [ [ [ [ 108218.78448486328125, 98402.07489013671875 ], [ 108270.7977294921875, 98065.96868896484375 ], [ 108295.1173095703125, 97899.910888671875 ], [ 108308.539306640625, 97824.43389892578125 ], [ 108363.89349365234375, 97660.05670166015625 ], [ 108407.50048828125, 97549.35150146484375 ], [ 108425.11309814453125, 97475.5546875 ], [ 108498.278076171875, 97239.37127685546875 ], [ 108320.36090087890625, 97142.9093017578125 ], [ 108228.3538818359375, 96999.5869140625 ], [ 108193.202880859375, 96945.7144775390625 ], [ 108180.5562744140625, 96932.68170166015625 ], [ 108073.997314453125, 96908.986328125 ], [ 107999.94970703125, 96929.0709228515625 ], [ 107997.2191162109375, 96928.00048828125 ], [ 107995.65167236328125, 96927.3905029296875 ], [ 107994.39788818359375, 96926.62030029296875 ], [ 107993.59747314453125, 96926.05010986328125 ], [ 107992.7313232421875, 96925.830078125 ], [ 107992.0712890625, 96925.92010498046875 ], [ 107991.3043212890625, 96926.1602783203125 ], [ 107990.4462890625, 96926.30029296875 ], [ 107989.83587646484375, 96926.310302734375 ], [ 107989.2996826171875, 96926.14007568359375 ], [ 107988.8870849609375, 96925.79010009765625 ], [ 107988.74688720703125, 96925.2899169921875 ], [ 107989.2996826171875, 96924.73992919921875 ], [ 107989.852294921875, 96924.37969970703125 ], [ 107990.18231201171875, 96924.01971435546875 ], [ 107989.91009521484375, 96923.27947998046875 ], [ 107989.09332275390625, 96922.80950927734375 ], [ 107988.07049560546875, 96922.69927978515625 ], [ 107987.022705078125, 96922.519287109375 ], [ 107985.0098876953125, 96922.059326171875 ], [ 107983.5496826171875, 96921.52911376953125 ], [ 107982.369873046875, 96921.05908203125 ], [ 107981.37188720703125, 96920.9290771484375 ], [ 107980.0684814453125, 96920.58892822265625 ], [ 107978.74029541015625, 96919.898681640625 ], [ 107977.684326171875, 96919.0985107421875 ], [ 107976.801513671875, 96918.24847412109375 ], [ 107976.14990234375, 96917.1881103515625 ], [ 107975.60528564453125, 96916.63812255859375 ], [ 107974.8629150390625, 96916.06787109375 ], [ 107973.98028564453125, 96915.44769287109375 ], [ 107973.2708740234375, 96915.147705078125 ], [ 107972.6768798828125, 96915.0076904296875 ], [ 107972.09112548828125, 96914.8876953125 ], [ 107971.60430908203125, 96914.717529296875 ], [ 107981.9656982421875, 96913.30731201171875 ], [ 107981.53668212890625, 96908.986328125 ], [ 107957.44830322265625, 96911.07672119140625 ], [ 107955.19610595703125, 96911.9268798828125 ], [ 107952.21807861328125, 96913.27728271484375 ], [ 107950.72491455078125, 96913.85748291015625 ], [ 107949.35552978515625, 96914.0574951171875 ], [ 107948.3406982421875, 96914.3275146484375 ], [ 107946.52587890625, 96915.44769287109375 ], [ 107945.8162841796875, 96915.76788330078125 ], [ 107945.19769287109375, 96915.36767578125 ], [ 107944.3563232421875, 96915.0277099609375 ], [ 107943.71270751953125, 96914.93768310546875 ], [ 107940.25628662109375, 96914.8876953125 ], [ 107938.21868896484375, 96914.697509765625 ], [ 107936.8739013671875, 96915.0477294921875 ], [ 107935.636474609375, 96915.7279052734375 ], [ 107935.0343017578125, 96916.31787109375 ], [ 107934.555908203125, 96916.7880859375 ], [ 107933.8958740234375, 96916.828125 ], [ 107933.32672119140625, 96916.14788818359375 ], [ 107933.16168212890625, 96915.40771484375 ], [ 107932.46868896484375, 96915.0177001953125 ], [ 107931.67669677734375, 96914.97772216796875 ], [ 107930.81048583984375, 96914.93768310546875 ], [ 107928.47589111328125, 96914.9976806640625 ], [ 107927.13128662109375, 96915.17767333984375 ], [ 107926.388671875, 96915.3876953125 ], [ 107925.55548095703125, 96915.42767333984375 ], [ 107924.8131103515625, 96915.43768310546875 ], [ 107923.63348388671875, 96916.327880859375 ], [ 107922.53631591796875, 96917.518310546875 ], [ 107921.6204833984375, 96917.9083251953125 ], [ 107920.6636962890625, 96918.17828369140625 ], [ 107919.31890869140625, 96918.6085205078125 ], [ 107918.023681640625, 96918.5784912109375 ], [ 107917.19891357421875, 96917.95831298828125 ], [ 107916.31610107421875, 96917.12811279296875 ], [ 107915.8707275390625, 96916.2178955078125 ], [ 107915.49951171875, 96915.46771240234375 ], [ 107915.210693359375, 96914.93768310546875 ], [ 107914.4434814453125, 96914.6875 ], [ 107913.5772705078125, 96914.39752197265625 ], [ 107912.7523193359375, 96913.957275390625 ], [ 107911.985107421875, 96913.66729736328125 ], [ 107910.58270263671875, 96913.227294921875 ], [ 107908.43792724609375, 96912.97711181640625 ], [ 107907.31591796875, 96912.797119140625 ], [ 107906.08673095703125, 96912.3870849609375 ], [ 107905.2122802734375, 96911.8369140625 ], [ 107904.72552490234375, 96911.6668701171875 ], [ 107903.042724609375, 96911.56689453125 ], [ 107901.3184814453125, 96911.74688720703125 ], [ 107900.0728759765625, 96911.76690673828125 ], [ 107899.05810546875, 96912.03692626953125 ], [ 107898.16729736328125, 96912.10687255859375 ], [ 107897.8206787109375, 96912.8970947265625 ], [ 107897.7135009765625, 96914.0675048828125 ], [ 107897.44952392578125, 96915.11767578125 ], [ 107896.30291748046875, 96916.6580810546875 ], [ 107895.69232177734375, 96917.81829833984375 ], [ 107895.23870849609375, 96918.45849609375 ], [ 107894.99932861328125, 96919.34869384765625 ], [ 107894.90869140625, 96919.7886962890625 ], [ 107891.35308837890625, 96920.44891357421875 ], [ 107889.5546875, 96921.11907958984375 ], [ 107887.9130859375, 96921.52911376953125 ], [ 107885.85888671875, 96922.11932373046875 ], [ 107884.2996826171875, 96921.96929931640625 ], [ 107883.532470703125, 96921.6990966796875 ], [ 107882.79010009765625, 96921.01910400390625 ], [ 107882.0640869140625, 96920.368896484375 ], [ 107881.34649658203125, 96919.898681640625 ], [ 107880.521484375, 96919.50872802734375 ], [ 107879.68011474609375, 96919.36871337890625 ], [ 107878.4591064453125, 96919.33868408203125 ], [ 107876.68548583984375, 96919.74871826171875 ], [ 107875.49749755859375, 96920.2789306640625 ], [ 107874.2764892578125, 96920.44891357421875 ], [ 107873.4434814453125, 96920.58892822265625 ], [ 107871.31512451171875, 96919.6787109375 ], [ 107869.45068359375, 96919.37872314453125 ], [ 107867.668701171875, 96919.3087158203125 ], [ 107866.513916015625, 96918.70849609375 ], [ 107865.40008544921875, 96917.788330078125 ], [ 107864.8062744140625, 96917.1580810546875 ], [ 107864.294677734375, 96917.048095703125 ], [ 107863.90692138671875, 96916.58807373046875 ], [ 107863.667724609375, 96916.087890625 ], [ 107863.45330810546875, 96915.17767333984375 ], [ 107863.34588623046875, 96914.5675048828125 ], [ 107863.33770751953125, 96914.0875244140625 ], [ 107863.1727294921875, 96913.5972900390625 ], [ 107862.78509521484375, 96913.30731201171875 ], [ 107862.3231201171875, 96912.97711181640625 ], [ 107861.75390625, 96912.1270751953125 ], [ 107861.539306640625, 96911.48687744140625 ], [ 107861.32489013671875, 96911.08673095703125 ], [ 107860.35150146484375, 96910.77667236328125 ], [ 107859.64190673828125, 96910.57672119140625 ], [ 107859.3037109375, 96910.12652587890625 ], [ 107858.9324951171875, 96909.59649658203125 ], [ 107858.47052001953125, 96909.1962890625 ], [ 107858.4622802734375, 96908.58612060546875 ], [ 107858.7510986328125, 96907.36590576171875 ], [ 107858.89129638671875, 96906.80572509765625 ], [ 107858.7510986328125, 96906.065673828125 ], [ 107858.69329833984375, 96905.405517578125 ], [ 107858.635498046875, 96904.97528076171875 ], [ 107858.6768798828125, 96904.36529541015625 ], [ 107859.410888671875, 96902.95489501953125 ], [ 107859.73272705078125, 96902.334716796875 ], [ 107860.26068115234375, 96901.6947021484375 ], [ 107860.83807373046875, 96901.17449951171875 ], [ 107861.99310302734375, 96900.5142822265625 ], [ 107862.11688232421875, 96899.95428466796875 ], [ 107862.00128173828125, 96899.174072265625 ], [ 107811.85247802734375, 96887.45147705078125 ], [ 107809.4600830078125, 96887.13128662109375 ], [ 107807.08428955078125, 96886.79132080078125 ], [ 107805.9954833984375, 96886.78131103515625 ], [ 107805.0054931640625, 96887.13128662109375 ], [ 107804.9888916015625, 96887.74151611328125 ], [ 107805.46728515625, 96889.1016845703125 ], [ 107805.7642822265625, 96890.02191162109375 ], [ 107805.698486328125, 96890.68212890625 ], [ 107805.29412841796875, 96891.14227294921875 ], [ 107804.584716796875, 96891.332275390625 ], [ 107803.87530517578125, 96891.2222900390625 ], [ 107803.231689453125, 96890.672119140625 ], [ 107802.3572998046875, 96890.02191162109375 ], [ 107801.9613037109375, 96889.5718994140625 ], [ 107801.0208740234375, 96889.431884765625 ], [ 107800.26190185546875, 96889.65191650390625 ], [ 107789.18292236328125, 96887.761474609375 ], [ 107788.39910888671875, 96888.031494140625 ], [ 107785.39630126953125, 96887.6715087890625 ], [ 107782.21209716796875, 96887.801513671875 ], [ 107781.1890869140625, 96887.1812744140625 ], [ 107780.24871826171875, 96887.6514892578125 ], [ 107778.54931640625, 96887.6514892578125 ], [ 107777.014892578125, 96887.42132568359375 ], [ 107775.38970947265625, 96886.2510986328125 ], [ 107774.10272216796875, 96885.10089111328125 ], [ 107773.07989501953125, 96884.66070556640625 ], [ 107771.825927734375, 96884.45068359375 ], [ 107770.80291748046875, 96883.960693359375 ], [ 107770.0853271484375, 96883.510498046875 ], [ 107769.44189453125, 96883.32049560546875 ], [ 107767.99810791015625, 96883.60052490234375 ], [ 107766.14208984375, 96884.0906982421875 ], [ 107764.57452392578125, 96884.3406982421875 ], [ 107763.52691650390625, 96884.38067626953125 ], [ 107762.4049072265625, 96883.84051513671875 ], [ 107761.580078125, 96883.60052490234375 ], [ 107760.40850830078125, 96883.31048583984375 ], [ 107759.492919921875, 96883.530517578125 ], [ 107758.4039306640625, 96883.6204833984375 ], [ 107757.3892822265625, 96883.79052734375 ], [ 107756.5477294921875, 96883.980712890625 ], [ 107755.632080078125, 96884.02069091796875 ], [ 107754.42767333984375, 96883.56048583984375 ], [ 107752.7200927734375, 96882.9503173828125 ], [ 107751.46612548828125, 96882.8203125 ], [ 107750.278076171875, 96883.040283203125 ], [ 107748.81787109375, 96882.84027099609375 ], [ 107746.796875, 96882.05010986328125 ], [ 107745.2294921875, 96881.31988525390625 ], [ 107744.256103515625, 96880.81988525390625 ], [ 107743.315673828125, 96880.98992919921875 ], [ 107742.276123046875, 96880.92987060546875 ], [ 107740.82427978515625, 96880.7799072265625 ], [ 107739.58673095703125, 96880.15972900390625 ], [ 107738.74530029296875, 96879.60968017578125 ], [ 107737.02947998046875, 96879.1295166015625 ], [ 107735.09088134765625, 96878.67950439453125 ], [ 107722.62567138671875, 96877.55908203125 ], [ 107721.10791015625, 96877.98931884765625 ], [ 107719.2022705078125, 96878.54931640625 ], [ 107717.5029296875, 96878.5994873046875 ], [ 107716.68609619140625, 96878.5894775390625 ], [ 107715.7952880859375, 96878.57928466796875 ], [ 107714.7144775390625, 96877.7291259765625 ], [ 107713.96368408203125, 96876.87908935546875 ], [ 107713.31207275390625, 96875.9989013671875 ], [ 107712.4788818359375, 96875.1185302734375 ], [ 107711.19207763671875, 96874.198486328125 ], [ 107710.49908447265625, 96873.67828369140625 ], [ 107709.59991455078125, 96873.2880859375 ], [ 107709.261474609375, 96872.85809326171875 ], [ 107708.667724609375, 96872.17791748046875 ], [ 107708.0985107421875, 96871.577880859375 ], [ 107707.223876953125, 96871.0076904296875 ], [ 107706.431884765625, 96870.5875244140625 ], [ 107705.5574951171875, 96870.427490234375 ], [ 107704.7821044921875, 96870.9976806640625 ], [ 107704.64190673828125, 96871.587890625 ], [ 107704.72430419921875, 96872.2479248046875 ], [ 107705.19451904296875, 96872.6981201171875 ], [ 107705.63189697265625, 96873.048095703125 ], [ 107706.2423095703125, 96873.1580810546875 ], [ 107706.9434814453125, 96873.98828125 ], [ 107707.13330078125, 96874.698486328125 ], [ 107707.2156982421875, 96875.32867431640625 ], [ 107706.86932373046875, 96875.84869384765625 ], [ 107706.34130859375, 96875.95867919921875 ], [ 107705.6978759765625, 96875.8187255859375 ], [ 107704.394287109375, 96875.47869873046875 ], [ 107702.85992431640625, 96875.148681640625 ], [ 107701.91949462890625, 96875.23870849609375 ], [ 107700.5994873046875, 96875.438720703125 ], [ 107698.8507080078125, 96875.7686767578125 ], [ 107696.8212890625, 96876.138916015625 ], [ 107694.9569091796875, 96875.85870361328125 ], [ 107693.19970703125, 96875.5587158203125 ], [ 107691.9459228515625, 96875.148681640625 ], [ 107690.25469970703125, 96874.5885009765625 ], [ 107687.8704833984375, 96873.50830078125 ], [ 107685.95672607421875, 96872.87811279296875 ], [ 107684.16650390625, 96872.33807373046875 ], [ 107681.8485107421875, 96872.4578857421875 ], [ 107679.7943115234375, 96872.63812255859375 ], [ 107677.43487548828125, 96873.05810546875 ], [ 107675.04248046875, 96873.24810791015625 ], [ 107673.8629150390625, 96872.88812255859375 ], [ 107673.0709228515625, 96872.74810791015625 ], [ 107671.56951904296875, 96872.38787841796875 ], [ 107670.15887451171875, 96871.64788818359375 ], [ 107668.17071533203125, 96871.45770263671875 ], [ 107666.5950927734375, 96871.9879150390625 ], [ 107665.27508544921875, 96871.9578857421875 ], [ 107664.12030029296875, 96871.20770263671875 ], [ 107662.89111328125, 96870.72747802734375 ], [ 107662.0167236328125, 96870.5374755859375 ], [ 107660.779296875, 96870.83770751953125 ], [ 107658.5352783203125, 96870.5675048828125 ], [ 107656.6875, 96869.8074951171875 ], [ 107652.90087890625, 96870.0675048828125 ], [ 107651.30047607421875, 96870.447509765625 ], [ 107649.62591552734375, 96870.5574951171875 ], [ 107648.4049072265625, 96870.49749755859375 ], [ 107647.48931884765625, 96870.66748046875 ], [ 107646.46630859375, 96870.34747314453125 ], [ 107645.8062744140625, 96870.20751953125 ], [ 107644.96490478515625, 96870.26751708984375 ], [ 107644.28009033203125, 96870.50750732421875 ], [ 107643.364501953125, 96870.72747802734375 ], [ 107642.83648681640625, 96870.9876708984375 ], [ 107641.978515625, 96871.10772705078125 ], [ 107641.236083984375, 96871.11767578125 ], [ 107639.55328369140625, 96870.7877197265625 ], [ 107638.24151611328125, 96870.24749755859375 ], [ 107637.07012939453125, 96870.0875244140625 ], [ 107636.0966796875, 96869.5972900390625 ], [ 107634.9168701171875, 96869.15728759765625 ], [ 107633.6630859375, 96868.6671142578125 ], [ 107632.4832763671875, 96868.1771240234375 ], [ 107631.3779296875, 96868.70709228515625 ], [ 107630.65191650390625, 96869.40728759765625 ], [ 107629.7611083984375, 96869.7974853515625 ], [ 107629.051513671875, 96869.86749267578125 ], [ 107628.00390625, 96869.31732177734375 ], [ 107626.090087890625, 96869.227294921875 ], [ 107624.48968505859375, 96869.457275390625 ], [ 107623.30169677734375, 96869.747314453125 ], [ 107621.8084716796875, 96870.3375244140625 ], [ 107620.69488525390625, 96870.80767822265625 ], [ 107619.78729248046875, 96871.30767822265625 ], [ 107618.29412841796875, 96871.78790283203125 ], [ 107617.2301025390625, 96872.38787841796875 ], [ 107615.61309814453125, 96872.9281005859375 ], [ 107614.47467041015625, 96873.1781005859375 ], [ 107613.30328369140625, 96873.44830322265625 ], [ 107611.34808349609375, 96873.45831298828125 ], [ 107609.20330810546875, 96873.2880859375 ], [ 107607.82550048828125, 96873.028076171875 ], [ 107606.1427001953125, 96872.97808837890625 ], [ 107604.31951904296875, 96873.05810546875 ], [ 107603.32952880859375, 96873.278076171875 ], [ 107602.30670166015625, 96873.3682861328125 ], [ 107601.41571044921875, 96873.30828857421875 ], [ 107599.20489501953125, 96873.13812255859375 ], [ 107597.9757080078125, 96872.9080810546875 ], [ 107595.5750732421875, 96872.5380859375 ], [ 107592.431884765625, 96873.1680908203125 ], [ 107589.2310791015625, 96873.59832763671875 ], [ 107586.26129150390625, 96873.79827880859375 ], [ 107583.4976806640625, 96874.42852783203125 ], [ 107580.92388916015625, 96875.7987060546875 ], [ 107579.38128662109375, 96876.60888671875 ], [ 107577.9622802734375, 96877.2191162109375 ], [ 107576.82391357421875, 96877.4691162109375 ], [ 107575.4462890625, 96877.359130859375 ], [ 107574.01910400390625, 96877.14910888671875 ], [ 107572.798095703125, 96877.09912109375 ], [ 107570.95849609375, 96876.40887451171875 ], [ 107569.08587646484375, 96875.82867431640625 ], [ 107567.9227294921875, 96876.17889404296875 ], [ 107565.513671875, 96876.598876953125 ], [ 107563.59991455078125, 96876.60888671875 ], [ 107562.18109130859375, 96876.62890625 ], [ 107560.77032470703125, 96876.16888427734375 ], [ 107559.13690185546875, 96875.75872802734375 ], [ 107557.635498046875, 96875.65869140625 ], [ 107556.10107421875, 96875.57867431640625 ], [ 107555.2100830078125, 96875.59869384765625 ], [ 107554.3438720703125, 96875.5286865234375 ], [ 107552.14947509765625, 96874.8084716796875 ], [ 107550.6812744140625, 96873.98828125 ], [ 107549.57568359375, 96873.29827880859375 ], [ 107548.35491943359375, 96872.9581298828125 ], [ 107546.79571533203125, 96872.778076171875 ], [ 107545.2529296875, 96873.41827392578125 ], [ 107543.50408935546875, 96873.92828369140625 ], [ 107541.07867431640625, 96875.00848388671875 ], [ 107539.8165283203125, 96875.5587158203125 ], [ 107538.26568603515625, 96875.888671875 ], [ 107537.0283203125, 96876.118896484375 ], [ 107535.74127197265625, 96876.7188720703125 ], [ 107535.11431884765625, 96877.41912841796875 ], [ 107534.215087890625, 96878.54931640625 ], [ 107533.060302734375, 96879.7197265625 ], [ 107532.08673095703125, 96880.5198974609375 ], [ 107530.931884765625, 96881.76007080078125 ], [ 107529.5458984375, 96882.4202880859375 ], [ 107528.44873046875, 96882.51031494140625 ], [ 107527.52471923828125, 96882.1201171875 ], [ 107526.60089111328125, 96881.67010498046875 ], [ 107525.7510986328125, 96880.7999267578125 ], [ 107525.02508544921875, 96879.7896728515625 ], [ 107524.24151611328125, 96878.6292724609375 ], [ 107523.38348388671875, 96877.6790771484375 ], [ 107522.48431396484375, 96877.13909912109375 ], [ 107523.2266845703125, 96875.5386962890625 ], [ 107525.52008056640625, 96869.50732421875 ], [ 107508.18792724609375, 96868.76708984375 ], [ 107503.70849609375, 96868.537109375 ], [ 107499.28668212890625, 96868.36712646484375 ], [ 107496.9932861328125, 96868.2470703125 ], [ 107492.22509765625, 96868.01708984375 ], [ 107487.69610595703125, 96867.9669189453125 ], [ 107480.7501220703125, 96867.6768798828125 ], [ 107476.6746826171875, 96867.4468994140625 ], [ 107473.6884765625, 96867.38690185546875 ], [ 107468.46649169921875, 96867.15667724609375 ], [ 107463.87152099609375, 96867.046875 ], [ 107460.5386962890625, 96866.92669677734375 ], [ 107457.27191162109375, 96866.69671630859375 ], [ 107452.73468017578125, 96866.58673095703125 ], [ 107450.2103271484375, 96866.4666748046875 ], [ 107440.73992919921875, 96866.1865234375 ], [ 107437.17608642578125, 96865.95648193359375 ], [ 107433.56292724609375, 96865.83648681640625 ], [ 107429.76812744140625, 96865.66650390625 ], [ 107426.15472412109375, 96865.5465087890625 ], [ 107393.93212890625, 96864.3660888671875 ], [ 107356.60308837890625, 96863.13592529296875 ], [ 107329.4456787109375, 96863.35589599609375 ], [ 107311.56072998046875, 96865.8165283203125 ], [ 107306.52850341796875, 96866.5966796875 ], [ 107300.49810791015625, 96867.60687255859375 ], [ 107294.12127685546875, 96868.277099609375 ], [ 107286.41632080078125, 96869.50732421875 ], [ 107280.9384765625, 96870.0675048828125 ], [ 107272.32611083984375, 96869.05731201171875 ], [ 107266.856689453125, 96868.1671142578125 ], [ 107261.6016845703125, 96867.7169189453125 ], [ 107256.4622802734375, 96867.046875 ], [ 107247.404296875, 96865.8165283203125 ], [ 107206.98992919921875, 96856.0343017578125 ], [ 107205.38128662109375, 96865.7864990234375 ], [ 107204.5399169921875, 96865.396484375 ], [ 107203.3353271484375, 96865.186279296875 ], [ 107202.74969482421875, 96864.96630859375 ], [ 107201.94952392578125, 96864.08612060546875 ], [ 107200.61309814453125, 96863.31591796875 ], [ 107199.0208740234375, 96862.65570068359375 ], [ 107197.69268798828125, 96862.11572265625 ], [ 107196.5625, 96861.60552978515625 ], [ 107195.35809326171875, 96861.31549072265625 ], [ 107193.856689453125, 96861.2354736328125 ], [ 107193.369873046875, 96861.1455078125 ], [ 107192.594482421875, 96860.39532470703125 ], [ 107192.00048828125, 96859.79510498046875 ], [ 107191.332275390625, 96859.47509765625 ], [ 107190.41668701171875, 96859.205078125 ], [ 107189.24530029296875, 96859.22509765625 ], [ 107188.3046875, 96859.41510009765625 ], [ 107187.3394775390625, 96859.485107421875 ], [ 107186.60528564453125, 96859.69512939453125 ], [ 107184.93072509765625, 96859.8551025390625 ], [ 107183.6768798828125, 96859.465087890625 ], [ 107182.6539306640625, 96859.1248779296875 ], [ 107181.523681640625, 96858.6649169921875 ], [ 107180.09649658203125, 96858.3748779296875 ], [ 107179.12310791015625, 96858.11468505859375 ], [ 107177.76190185546875, 96857.344482421875 ], [ 107176.334716796875, 96856.864501953125 ], [ 107175.42730712890625, 96856.2943115234375 ], [ 107174.35491943359375, 96856.07427978515625 ], [ 107173.28228759765625, 96855.71429443359375 ], [ 107172.4656982421875, 96855.5740966796875 ], [ 107171.4180908203125, 96854.984130859375 ], [ 107170.01568603515625, 96853.24371337890625 ], [ 107169.0587158203125, 96852.27349853515625 ], [ 107168.15130615234375, 96851.42327880859375 ], [ 107166.99627685546875, 96850.8231201171875 ], [ 107165.76708984375, 96850.46307373046875 ], [ 107164.8184814453125, 96850.15289306640625 ], [ 107163.86968994140625, 96849.63287353515625 ], [ 107163.226318359375, 96849.03271484375 ], [ 107162.63232421875, 96848.532470703125 ], [ 107162.087890625, 96848.13250732421875 ], [ 107160.75970458984375, 96847.77227783203125 ], [ 107159.5552978515625, 96847.2623291015625 ], [ 107158.8704833984375, 96847.09228515625 ], [ 107158.194091796875, 96846.2921142578125 ], [ 107157.418701171875, 96845.431884765625 ], [ 107156.412109375, 96844.69171142578125 ], [ 107155.51287841796875, 96844.1414794921875 ], [ 107154.71270751953125, 96843.6715087890625 ], [ 107153.8218994140625, 96843.511474609375 ], [ 107153.45892333984375, 96843.101318359375 ], [ 107152.76593017578125, 96842.611328125 ], [ 107151.81707763671875, 96842.22113037109375 ], [ 107151.01690673828125, 96841.54107666015625 ], [ 107150.67047119140625, 96840.7808837890625 ], [ 107150.27447509765625, 96839.8206787109375 ], [ 107149.77947998046875, 96839.040283203125 ], [ 107149.84552001953125, 96836.6298828125 ], [ 107126.37567138671875, 96820.20611572265625 ], [ 107124.06591796875, 96820.986328125 ], [ 107123.2987060546875, 96820.8162841796875 ], [ 107122.3087158203125, 96820.6063232421875 ], [ 107121.48370361328125, 96820.33612060546875 ], [ 107116.33612060546875, 96816.39532470703125 ], [ 107116.006103515625, 96814.72491455078125 ], [ 107115.32952880859375, 96812.6044921875 ], [ 107114.70269775390625, 96811.26409912109375 ], [ 107114.14990234375, 96810.48388671875 ], [ 107113.37451171875, 96809.70367431640625 ], [ 107112.6649169921875, 96809.6436767578125 ], [ 107111.56768798828125, 96809.70367431640625 ], [ 107110.4459228515625, 96809.47369384765625 ], [ 107109.6539306640625, 96809.20367431640625 ], [ 107108.72991943359375, 96808.8134765625 ], [ 107107.731689453125, 96808.1934814453125 ], [ 107106.7501220703125, 96807.57330322265625 ], [ 107105.7022705078125, 96807.153076171875 ], [ 107104.9105224609375, 96807.01312255859375 ], [ 107052.5343017578125, 96763.913330078125 ], [ 107051.494873046875, 96762.60308837890625 ], [ 107051.1978759765625, 96761.64288330078125 ], [ 107050.90087890625, 96760.58270263671875 ], [ 107050.81011962890625, 96759.77252197265625 ], [ 107050.6781005859375, 96759.2423095703125 ], [ 107050.290283203125, 96758.9622802734375 ], [ 107049.67987060546875, 96758.79229736328125 ], [ 107049.1602783203125, 96758.3720703125 ], [ 107048.5662841796875, 96757.74188232421875 ], [ 107048.0465087890625, 96756.94189453125 ], [ 107047.5762939453125, 96756.18170166015625 ], [ 107047.2545166015625, 96755.32147216796875 ], [ 107047.3206787109375, 96754.76129150390625 ], [ 107047.3040771484375, 96753.95111083984375 ], [ 107046.93292236328125, 96752.76092529296875 ], [ 107046.231689453125, 96751.88067626953125 ], [ 107045.6295166015625, 96751.05047607421875 ], [ 107044.70550537109375, 96750.15032958984375 ], [ 107044.37548828125, 96748.8798828125 ], [ 107044.12811279296875, 96747.76971435546875 ], [ 107044.22711181640625, 96747.35968017578125 ], [ 107044.342529296875, 96746.6195068359375 ], [ 107044.28472900390625, 96746.10931396484375 ], [ 107043.93829345703125, 96745.3291015625 ], [ 107043.49267578125, 96744.598876953125 ], [ 107043.12152099609375, 96743.7388916015625 ], [ 107043.0308837890625, 96742.99871826171875 ], [ 107043.04730224609375, 96742.1085205078125 ], [ 107042.95648193359375, 96741.44830322265625 ], [ 107042.3873291015625, 96740.61810302734375 ], [ 107042.049072265625, 96740.117919921875 ], [ 107041.6448974609375, 96739.05767822265625 ], [ 107041.14990234375, 96738.0675048828125 ], [ 107040.6796875, 96737.2373046875 ], [ 107040.25909423828125, 96736.7373046875 ], [ 107039.66510009765625, 96735.806884765625 ], [ 107039.16168212890625, 96734.7467041015625 ], [ 107038.5596923828125, 96733.70648193359375 ], [ 107037.8914794921875, 96731.6561279296875 ], [ 107037.5697021484375, 96730.4456787109375 ], [ 107037.51190185546875, 96728.7655029296875 ], [ 107037.0828857421875, 96727.29510498046875 ], [ 107036.497314453125, 96725.90472412109375 ], [ 107036.2166748046875, 96725.52471923828125 ], [ 107035.56512451171875, 96724.70452880859375 ], [ 107035.16912841796875, 96724.07427978515625 ], [ 107034.62451171875, 96723.41412353515625 ], [ 107035.67230224609375, 96717.042724609375 ], [ 107037.75927734375, 96715.4522705078125 ], [ 107023.1082763671875, 96697.16827392578125 ], [ 107021.37591552734375, 96698.38848876953125 ], [ 107020.0477294921875, 96697.95849609375 ], [ 107019.14031982421875, 96697.30828857421875 ], [ 107018.48028564453125, 96696.98828125 ], [ 107017.622314453125, 96695.92791748046875 ], [ 107016.82208251953125, 96695.10772705078125 ], [ 107016.013671875, 96694.27752685546875 ], [ 107015.419677734375, 96693.39727783203125 ], [ 107013.6790771484375, 96691.2169189453125 ], [ 107012.73028564453125, 96690.89691162109375 ], [ 107012.05389404296875, 96689.9666748046875 ], [ 107011.53411865234375, 96689.156494140625 ], [ 107010.230712890625, 96687.6060791015625 ], [ 107009.5872802734375, 96687.055908203125 ], [ 107008.48187255859375, 96684.6552734375 ], [ 107008.028076171875, 96683.28509521484375 ], [ 107006.73291015625, 96681.7047119140625 ], [ 107005.990478515625, 96681.61468505859375 ], [ 107005.4791259765625, 96681.314697265625 ], [ 107005.0665283203125, 96680.9644775390625 ], [ 107004.6458740234375, 96680.594482421875 ], [ 107003.77972412109375, 96680.17431640625 ], [ 107003.21868896484375, 96680.0042724609375 ], [ 107002.44329833984375, 96679.684326171875 ], [ 107001.84930419921875, 96679.16412353515625 ], [ 107001.535888671875, 96678.4541015625 ], [ 107001.2222900390625, 96677.9039306640625 ], [ 107000.3726806640625, 96677.28369140625 ], [ 106999.96832275390625, 96677.23370361328125 ], [ 106998.22772216796875, 96677.023681640625 ], [ 106997.444091796875, 96676.6934814453125 ], [ 106996.99847412109375, 96676.323486328125 ], [ 106996.39630126953125, 96676.073486328125 ], [ 106995.35687255859375, 96676.113525390625 ], [ 106993.36871337890625, 96676.02349853515625 ], [ 106991.9910888671875, 96676.103515625 ], [ 106990.596923828125, 96676.073486328125 ], [ 106989.21087646484375, 96675.57330322265625 ], [ 106988.13848876953125, 96674.8231201171875 ], [ 106987.37127685546875, 96673.42291259765625 ], [ 106987.2310791015625, 96672.32269287109375 ], [ 106987.0330810546875, 96670.84228515625 ], [ 106986.78570556640625, 96669.8720703125 ], [ 106986.49688720703125, 96669.37188720703125 ], [ 106986.430908203125, 96668.33172607421875 ], [ 106986.0762939453125, 96667.4014892578125 ], [ 106985.490478515625, 96666.75128173828125 ], [ 106984.80572509765625, 96665.9910888671875 ], [ 106984.03851318359375, 96665.30108642578125 ], [ 106983.31268310546875, 96664.16070556640625 ], [ 106982.42987060546875, 96663.1304931640625 ], [ 106981.4976806640625, 96662.0302734375 ], [ 106981.01092529296875, 96660.7498779296875 ], [ 106980.68927001953125, 96659.8197021484375 ], [ 106980.4500732421875, 96658.51947021484375 ], [ 106980.3262939453125, 96657.69927978515625 ], [ 106979.79010009765625, 96656.9691162109375 ], [ 106979.3115234375, 96656.10888671875 ], [ 106978.65167236328125, 96655.19873046875 ], [ 106978.189697265625, 96654.62847900390625 ], [ 106978.00811767578125, 96653.92852783203125 ], [ 106977.8927001953125, 96652.95831298828125 ], [ 106977.595703125, 96651.9080810546875 ], [ 106977.35650634765625, 96650.70770263671875 ], [ 106977.15850830078125, 96649.657470703125 ], [ 106979.46832275390625, 96647.80712890625 ], [ 106956.16351318359375, 96616.08990478515625 ], [ 106954.3651123046875, 96617.14007568359375 ], [ 106953.276123046875, 96615.44970703125 ], [ 106952.47589111328125, 96614.30950927734375 ], [ 106951.72528076171875, 96613.8992919921875 ], [ 106950.92510986328125, 96613.61932373046875 ], [ 106950.11651611328125, 96613.48931884765625 ], [ 106949.19268798828125, 96613.60931396484375 ], [ 106948.32647705078125, 96613.72930908203125 ], [ 106947.61688232421875, 96613.47930908203125 ], [ 106947.02288818359375, 96612.9490966796875 ], [ 106946.2144775390625, 96612.23907470703125 ], [ 106945.59588623046875, 96611.4989013671875 ], [ 106944.5562744140625, 96610.72869873046875 ], [ 106943.60772705078125, 96610.0885009765625 ], [ 106942.39508056640625, 96609.2783203125 ], [ 106941.5618896484375, 96608.1580810546875 ], [ 106940.20892333984375, 96606.7877197265625 ], [ 106939.31787109375, 96605.4375 ], [ 106938.79827880859375, 96604.1270751953125 ], [ 106938.37750244140625, 96603.01690673828125 ], [ 106937.89068603515625, 96602.36669921875 ], [ 106937.31329345703125, 96602.06671142578125 ], [ 106936.52130126953125, 96602.16668701171875 ], [ 106935.9027099609375, 96602.42669677734375 ], [ 106934.99530029296875, 96602.2667236328125 ], [ 106934.47552490234375, 96601.78668212890625 ], [ 106934.2197265625, 96601.0465087890625 ], [ 106934.3682861328125, 96600.3363037109375 ], [ 106934.343505859375, 96599.59613037109375 ], [ 106934.26092529296875, 96599.035888671875 ], [ 106933.54327392578125, 96597.66571044921875 ], [ 106932.66888427734375, 96597.20550537109375 ], [ 106931.909912109375, 96597.155517578125 ], [ 106931.15087890625, 96596.8955078125 ], [ 106930.9365234375, 96596.4854736328125 ], [ 106930.88690185546875, 96595.7952880859375 ], [ 106931.0684814453125, 96595.03509521484375 ], [ 106932.12432861328125, 96594.48492431640625 ], [ 106933.1060791015625, 96594.034912109375 ], [ 106933.44427490234375, 96593.28472900390625 ], [ 106933.3782958984375, 96592.114501953125 ], [ 106933.081298828125, 96591.03411865234375 ], [ 106932.93292236328125, 96590.37408447265625 ], [ 106932.25628662109375, 96589.91387939453125 ], [ 106931.6129150390625, 96589.513916015625 ], [ 106930.9365234375, 96589.03369140625 ], [ 106930.50750732421875, 96588.28350830078125 ], [ 106929.8970947265625, 96587.54327392578125 ], [ 106929.14630126953125, 96587.163330078125 ], [ 106928.17291259765625, 96587.21331787109375 ], [ 106927.14990234375, 96587.32330322265625 ], [ 106926.0609130859375, 96587.2633056640625 ], [ 106925.50830078125, 96587.09332275390625 ], [ 106925.14532470703125, 96586.423095703125 ], [ 106925.05450439453125, 96585.52288818359375 ], [ 106925.09588623046875, 96585.02288818359375 ], [ 106925.07110595703125, 96584.18267822265625 ], [ 106924.65032958984375, 96583.07232666015625 ], [ 106924.3369140625, 96582.52227783203125 ], [ 106923.7677001953125, 96582.0220947265625 ], [ 106923.28912353515625, 96581.27191162109375 ], [ 106922.950927734375, 96580.701904296875 ], [ 106922.4970703125, 96579.11151123046875 ], [ 106922.43951416015625, 96577.631103515625 ], [ 106921.96087646484375, 96576.06072998046875 ], [ 106921.38348388671875, 96574.47052001953125 ], [ 106920.8720703125, 96573.6602783203125 ], [ 106920.3770751953125, 96573.26007080078125 ], [ 106919.4613037109375, 96573.130126953125 ], [ 106918.96649169921875, 96572.93011474609375 ], [ 106918.55389404296875, 96572.30987548828125 ], [ 106918.16607666015625, 96571.68988037109375 ], [ 106917.87750244140625, 96571.23968505859375 ], [ 106917.4237060546875, 96570.99969482421875 ], [ 106916.747314453125, 96570.7996826171875 ], [ 106916.2686767578125, 96570.57952880859375 ], [ 106916.1781005859375, 96569.529296875 ], [ 106916.29351806640625, 96568.339111328125 ], [ 106916.186279296875, 96567.64892578125 ], [ 106915.83148193359375, 96567.0587158203125 ], [ 106915.03131103515625, 96566.59869384765625 ], [ 106913.9425048828125, 96566.32867431640625 ], [ 106912.869873046875, 96565.78851318359375 ], [ 106912.29248046875, 96565.4384765625 ], [ 106912.185302734375, 96564.84832763671875 ], [ 106911.51708984375, 96564.36810302734375 ], [ 106910.59307861328125, 96563.72808837890625 ], [ 106909.4876708984375, 96562.69769287109375 ], [ 106908.77008056640625, 96562.05767822265625 ], [ 106908.55548095703125, 96560.90728759765625 ], [ 106908.12652587890625, 96560.027099609375 ], [ 106907.3262939453125, 96559.6470947265625 ], [ 106906.377685546875, 96559.056884765625 ], [ 106906.08892822265625, 96558.4368896484375 ], [ 106905.81671142578125, 96557.636474609375 ], [ 106904.736083984375, 96557.24652099609375 ], [ 106903.39947509765625, 96557.44647216796875 ], [ 106902.3848876953125, 96557.49652099609375 ], [ 106900.97430419921875, 96557.08648681640625 ], [ 106900.00067138671875, 96556.4462890625 ], [ 106899.31610107421875, 96555.526123046875 ], [ 106898.72210693359375, 96554.46588134765625 ], [ 106898.103271484375, 96553.93572998046875 ], [ 106897.5177001953125, 96553.05548095703125 ], [ 106896.84112548828125, 96551.935302734375 ], [ 106896.1317138671875, 96551.17510986328125 ], [ 106895.5377197265625, 96550.67510986328125 ], [ 106894.861328125, 96550.4149169921875 ], [ 106894.424072265625, 96550.455078125 ], [ 106893.1370849609375, 96549.47467041015625 ], [ 106891.81732177734375, 96548.614501953125 ], [ 106890.8685302734375, 96547.9644775390625 ], [ 106889.76312255859375, 96547.57427978515625 ], [ 106888.7896728515625, 96546.93408203125 ], [ 106888.02252197265625, 96546.424072265625 ], [ 106876.8031005859375, 96545.00372314453125 ], [ 106782.66790771484375, 98014.95709228515625 ], [ 106780.26727294921875, 98051.39532470703125 ], [ 107048.19512939453125, 98066.618896484375 ], [ 107528.42388916015625, 98203.82989501953125 ], [ 107933.5164794921875, 98318.1759033203125 ], [ 108087.0562744140625, 98363.90631103515625 ], [ 108218.78448486328125, 98402.07489013671875 ] ] ] ] } },
{ "type": "Feature", "properties": { "ID": "050", "CIRCUITO_N": 50, "COMUNA": 4, "BARRIO": "BARRACAS", "TOTAL": 14660.0, "MASCULINO": 7071.0, "FEMENINO": 7589.0, "PERIMETRO": 3266.1975907800002, "AREA": 587880.98911299999 }, "geometry": { "type": "MultiPolygon", "coordinates": [ [ [ [ 107829.63848876953125, 100068.972900390625 ], [ 107833.70550537109375, 100071.89349365234375 ], [ 108044.55487060546875, 100214.50592041015625 ], [ 108137.13092041015625, 100270.3184814453125 ], [ 108321.63128662109375, 100276.22991943359375 ], [ 108435.87872314453125, 100285.421875 ], [ 108467.40008544921875, 100286.7322998046875 ], [ 108495.10211181640625, 99970.68048095703125 ], [ 108530.27789306640625, 99513.046875 ], [ 108545.03631591796875, 99410.25347900390625 ], [ 108575.0728759765625, 99201.026123046875 ], [ 108575.9390869140625, 99194.114501953125 ], [ 108109.511474609375, 99118.28729248046875 ], [ 108061.13629150390625, 99426.26708984375 ], [ 107997.40069580078125, 99652.698486328125 ], [ 107905.14630126953125, 99919.39892578125 ], [ 107844.7598876953125, 100035.12530517578125 ], [ 107829.63848876953125, 100068.972900390625 ] ] ] ] } },
{ "type": "Feature", "properties": { "ID": "051", "CIRCUITO_N": 51, "COMUNA": 4, "BARRIO": "BARRACAS", "TOTAL": 10026.0, "MASCULINO": 4941.0, "FEMENINO": 5085.0, "PERIMETRO": 4506.2716133100002, "AREA": 743971.45370499999 }, "geometry": { "type": "MultiPolygon", "coordinates": [ [ [ [ 108587.95849609375, 99097.9127197265625 ], [ 108626.2611083984375, 98791.39312744140625 ], [ 108731.830078125, 97927.32708740234375 ], [ 108768.8209228515625, 97681.08148193359375 ], [ 108678.11749267578125, 97622.01788330078125 ], [ 108584.62567138671875, 97548.39129638671875 ], [ 108565.940673828125, 97499.80029296875 ], [ 108551.97412109375, 97463.16192626953125 ], [ 108583.12432861328125, 97337.863525390625 ], [ 108572.45770263671875, 97299.4149169921875 ], [ 108525.146728515625, 97253.94451904296875 ], [ 108498.278076171875, 97239.37127685546875 ], [ 108425.11309814453125, 97475.5546875 ], [ 108407.50048828125, 97549.35150146484375 ], [ 108363.89349365234375, 97660.05670166015625 ], [ 108308.539306640625, 97824.43389892578125 ], [ 108295.1173095703125, 97899.910888671875 ], [ 108270.7977294921875, 98065.96868896484375 ], [ 108218.78448486328125, 98402.07489013671875 ], [ 108150.87451171875, 98840.88427734375 ], [ 108120.40911865234375, 99045.69091796875 ], [ 108111.4500732421875, 99105.89447021484375 ], [ 108109.511474609375, 99118.28729248046875 ], [ 108575.9390869140625, 99194.114501953125 ], [ 108587.95849609375, 99097.9127197265625 ] ] ] ] } },
{ "type": "Feature", "properties": { "ID": "052", "CIRCUITO_N": 52, "COMUNA": 4, "BARRIO": "BOCA", "TOTAL": 12484.0, "MASCULINO": 6524.0, "FEMENINO": 5960.0, "PERIMETRO": 4870.1962671299998, "AREA": 1204670.0536700001 }, "geometry": { "type": "MultiPolygon", "coordinates": [ [ [ [ 109343.671875, 98811.22772216796875 ], [ 109388.318115234375, 98724.778076171875 ], [ 109610.26312255859375, 98632.277099609375 ], [ 109642.84051513671875, 98597.38909912109375 ], [ 109675.69830322265625, 98499.6270751953125 ], [ 109702.33587646484375, 98420.74908447265625 ], [ 109716.67352294921875, 98355.9844970703125 ], [ 109691.5042724609375, 98251.930908203125 ], [ 109585.539306640625, 98207.20068359375 ], [ 109489.1436767578125, 98141.16571044921875 ], [ 109479.203125, 98131.00347900390625 ], [ 109389.38232421875, 98039.97271728515625 ], [ 109356.71429443359375, 97999.6436767578125 ], [ 109321.7445068359375, 97949.84228515625 ], [ 109330.92633056640625, 97941.47052001953125 ], [ 109313.6270751953125, 97923.6962890625 ], [ 109308.12469482421875, 97930.2479248046875 ], [ 109253.6201171875, 97894.55987548828125 ], [ 109200.41888427734375, 97892.25927734375 ], [ 109143.101318359375, 97894.5496826171875 ], [ 109109.45147705078125, 97898.210693359375 ], [ 109071.611083984375, 97882.296875 ], [ 109043.9093017578125, 97855.0208740234375 ], [ 108999.61749267578125, 97818.39251708984375 ], [ 108779.99908447265625, 97687.42291259765625 ], [ 108768.8209228515625, 97681.08148193359375 ], [ 108731.830078125, 97927.32708740234375 ], [ 108626.2611083984375, 98791.39312744140625 ], [ 108587.95849609375, 99097.9127197265625 ], [ 108575.9390869140625, 99194.114501953125 ], [ 108575.0728759765625, 99201.026123046875 ], [ 108545.03631591796875, 99410.25347900390625 ], [ 108904.409912109375, 99451.09271240234375 ], [ 108990.67510986328125, 99495.27288818359375 ], [ 108992.646728515625, 99496.22308349609375 ], [ 109051.69671630859375, 99387.968505859375 ], [ 109335.74407958984375, 98813.55828857421875 ], [ 109343.671875, 98811.22772216796875 ] ] ] ] } },
{ "type": "Feature", "properties": { "ID": "053", "CIRCUITO_N": 53, "COMUNA": 4, "BARRIO": "BOCA", "TOTAL": 14884.0, "MASCULINO": 7563.0, "FEMENINO": 7321.0, "PERIMETRO": 3552.4995645399999, "AREA": 772617.40871300001 }, "geometry": { "type": "MultiPolygon", "coordinates": [ [ [ [ 109975.386474609375, 99978.4822998046875 ], [ 109975.44427490234375, 99978.39227294921875 ], [ 109975.5020751953125, 99978.31231689453125 ], [ 109975.55987548828125, 99978.2322998046875 ], [ 109975.61749267578125, 99978.15228271484375 ], [ 109975.67529296875, 99978.07232666015625 ], [ 109975.73309326171875, 99977.9822998046875 ], [ 109975.782470703125, 99977.90228271484375 ], [ 109975.84027099609375, 99977.82232666015625 ], [ 109975.8980712890625, 99977.7423095703125 ], [ 109975.9556884765625, 99977.65228271484375 ], [ 109976.01348876953125, 99977.57208251953125 ], [ 109976.0712890625, 99977.49212646484375 ], [ 109976.1207275390625, 99977.412109375 ], [ 109976.17852783203125, 99977.32208251953125 ], [ 109976.236328125, 99977.24212646484375 ], [ 109976.29388427734375, 99977.162109375 ], [ 109976.3516845703125, 99977.08209228515625 ], [ 109976.40948486328125, 99976.99212646484375 ], [ 109976.46728515625, 99976.912109375 ], [ 109976.52508544921875, 99976.83209228515625 ], [ 109976.57452392578125, 99976.7520751953125 ], [ 109976.63232421875, 99976.66192626953125 ], [ 109976.68988037109375, 99976.5819091796875 ], [ 109976.7476806640625, 99976.50189208984375 ], [ 109976.80548095703125, 99976.421875 ], [ 109976.86328125, 99976.3319091796875 ], [ 109976.92108154296875, 99976.25189208984375 ], [ 109976.97052001953125, 99976.171875 ], [ 109977.0283203125, 99976.0919189453125 ], [ 109977.08587646484375, 99976.00189208984375 ], [ 109977.1436767578125, 99975.921875 ], [ 109977.20147705078125, 99975.8416748046875 ], [ 109977.25927734375, 99975.76171875 ], [ 109977.31689453125, 99975.67169189453125 ], [ 109977.36651611328125, 99975.5916748046875 ], [ 109977.424072265625, 99975.51171875 ], [ 109977.48187255859375, 99975.43170166015625 ], [ 109977.5396728515625, 99975.3416748046875 ], [ 109977.59747314453125, 99975.26171875 ], [ 109977.6552734375, 99975.18170166015625 ], [ 109977.712890625, 99975.1016845703125 ], [ 109977.76251220703125, 99975.021484375 ], [ 109977.82012939453125, 99974.9315185546875 ], [ 109977.8779296875, 99974.85150146484375 ], [ 109977.93572998046875, 99974.771484375 ], [ 109977.9932861328125, 99974.6915283203125 ], [ 109978.05108642578125, 99974.60150146484375 ], [ 109978.10888671875, 99974.521484375 ], [ 109978.15850830078125, 99974.4415283203125 ], [ 109978.21612548828125, 99974.36151123046875 ], [ 109978.27392578125, 99974.271484375 ], [ 109978.33172607421875, 99974.1912841796875 ], [ 109978.3892822265625, 99974.111328125 ], [ 109978.44708251953125, 99974.03131103515625 ], [ 109978.5048828125, 99973.9412841796875 ], [ 109978.5543212890625, 99973.861328125 ], [ 109978.61212158203125, 99973.78131103515625 ], [ 109978.669921875, 99973.7012939453125 ], [ 109978.72772216796875, 99973.611328125 ], [ 109978.7852783203125, 99973.53131103515625 ], [ 109978.84307861328125, 99973.4512939453125 ], [ 109978.90087890625, 99973.37127685546875 ], [ 109978.95867919921875, 99973.2811279296875 ], [ 109979.00811767578125, 99973.20111083984375 ], [ 109979.06591796875, 99973.12109375 ], [ 109979.12347412109375, 99973.04107666015625 ], [ 109979.1812744140625, 99972.95111083984375 ], [ 109979.23907470703125, 99972.87109375 ], [ 109979.296875, 99972.79107666015625 ], [ 109979.3463134765625, 99972.71112060546875 ], [ 109979.40411376953125, 99972.62109375 ], [ 109979.4619140625, 99972.54107666015625 ], [ 109979.51947021484375, 99972.46087646484375 ], [ 109979.5772705078125, 99972.38092041015625 ], [ 109979.63507080078125, 99972.29107666015625 ], [ 109979.69268798828125, 99972.21087646484375 ], [ 109979.75048828125, 99972.13092041015625 ], [ 109979.80010986328125, 99972.0509033203125 ], [ 109979.85791015625, 99971.97088623046875 ], [ 109979.91552734375, 99971.88092041015625 ], [ 109979.97332763671875, 99971.8009033203125 ], [ 109980.0311279296875, 99971.72088623046875 ], [ 109980.08868408203125, 99971.64093017578125 ], [ 109980.146484375, 99971.5509033203125 ], [ 109980.19610595703125, 99971.47088623046875 ], [ 109980.25372314453125, 99971.39068603515625 ], [ 109980.3115234375, 99971.31072998046875 ], [ 109980.36932373046875, 99971.220703125 ], [ 109980.4271240234375, 99971.14068603515625 ], [ 109980.48468017578125, 99971.06072998046875 ], [ 109980.54248046875, 99970.980712890625 ], [ 109980.59210205078125, 99970.89068603515625 ], [ 109980.64971923828125, 99970.81072998046875 ], [ 109980.70751953125, 99970.730712890625 ], [ 109980.76531982421875, 99970.65069580078125 ], [ 109980.8228759765625, 99970.56048583984375 ], [ 109980.88067626953125, 99970.48052978515625 ], [ 109980.9384765625, 99970.4005126953125 ], [ 109980.98809814453125, 99970.32049560546875 ], [ 109981.04571533203125, 99970.23052978515625 ], [ 109981.103515625, 99970.1505126953125 ], [ 109981.1859130859375, 99970.04052734375 ], [ 109981.2354736328125, 99969.95050048828125 ], [ 109981.284912109375, 99969.8704833984375 ], [ 109981.33447265625, 99969.7802734375 ], [ 109981.3839111328125, 99969.6903076171875 ], [ 109981.4334716796875, 99969.61029052734375 ], [ 109981.4910888671875, 99969.52032470703125 ], [ 109981.54071044921875, 99969.4302978515625 ], [ 109981.590087890625, 99969.35028076171875 ], [ 109981.63970947265625, 99969.26031494140625 ], [ 109981.6890869140625, 99969.1802978515625 ], [ 109981.73870849609375, 99969.09027099609375 ], [ 109981.7965087890625, 99969.00030517578125 ], [ 109981.84588623046875, 99968.9202880859375 ], [ 109981.8955078125, 99968.830078125 ], [ 109981.94488525390625, 99968.7501220703125 ], [ 109981.9945068359375, 99968.66009521484375 ], [ 109982.04388427734375, 99968.57012939453125 ], [ 109982.1016845703125, 99968.4901123046875 ], [ 109982.151123046875, 99968.40008544921875 ], [ 109982.20068359375, 99968.32012939453125 ], [ 109982.2501220703125, 99968.2301025390625 ], [ 109982.2996826171875, 99968.14007568359375 ], [ 109982.34912109375, 99968.05987548828125 ], [ 109982.40692138671875, 99967.9700927734375 ], [ 109982.45648193359375, 99967.89007568359375 ], [ 109982.50592041015625, 99967.7999267578125 ], [ 109982.55548095703125, 99967.70989990234375 ], [ 109982.60491943359375, 99967.6298828125 ], [ 109982.65447998046875, 99967.5399169921875 ], [ 109982.71209716796875, 99967.44989013671875 ], [ 109982.76171875, 99967.369873046875 ], [ 109982.81109619140625, 99967.2799072265625 ], [ 109982.8607177734375, 99967.19989013671875 ], [ 109982.91009521484375, 99967.10968017578125 ], [ 109982.959716796875, 99967.01971435546875 ], [ 109983.01727294921875, 99966.939697265625 ], [ 109983.06689453125, 99966.84967041015625 ], [ 109983.11627197265625, 99966.76971435546875 ], [ 109983.1658935546875, 99966.6796875 ], [ 109983.21527099609375, 99966.5897216796875 ], [ 109983.264892578125, 99966.50970458984375 ], [ 109983.31427001953125, 99966.419677734375 ], [ 109983.3720703125, 99966.3397216796875 ], [ 109983.42169189453125, 99966.24969482421875 ], [ 109983.47113037109375, 99966.15948486328125 ], [ 109983.52069091796875, 99966.07952880859375 ], [ 109983.57012939453125, 99965.989501953125 ], [ 109983.61968994140625, 99965.90948486328125 ], [ 109983.67730712890625, 99965.81951904296875 ], [ 109983.7269287109375, 99965.7294921875 ], [ 109983.77630615234375, 99965.64947509765625 ], [ 109983.825927734375, 99965.55950927734375 ], [ 109983.87530517578125, 99965.469482421875 ], [ 109983.9246826171875, 99965.3892822265625 ], [ 109983.98248291015625, 99965.29931640625 ], [ 109984.0321044921875, 99965.21929931640625 ], [ 109984.08148193359375, 99965.1292724609375 ], [ 109984.131103515625, 99965.039306640625 ], [ 109984.18048095703125, 99964.95928955078125 ], [ 109984.2301025390625, 99964.86932373046875 ], [ 109984.28790283203125, 99964.789306640625 ], [ 109984.3372802734375, 99964.69927978515625 ], [ 109984.38671875, 99964.60931396484375 ], [ 109984.436279296875, 99964.529296875 ], [ 109984.4857177734375, 99964.4390869140625 ], [ 109984.5352783203125, 99964.359130859375 ], [ 109984.59307861328125, 99964.26910400390625 ], [ 109984.64251708984375, 99964.1790771484375 ], [ 109984.69207763671875, 99964.09912109375 ], [ 109984.74151611328125, 99964.00909423828125 ], [ 109984.79107666015625, 99963.9290771484375 ], [ 109984.84051513671875, 99963.839111328125 ], [ 109984.8983154296875, 99963.74908447265625 ], [ 109984.94769287109375, 99963.66888427734375 ], [ 109984.997314453125, 99963.5791015625 ], [ 109985.04669189453125, 99963.48907470703125 ], [ 109985.0963134765625, 99963.40887451171875 ], [ 109985.14569091796875, 99963.31890869140625 ], [ 109985.2034912109375, 99963.2388916015625 ], [ 109985.2529296875, 99963.14892578125 ], [ 109985.302490234375, 99963.05889892578125 ], [ 109985.3519287109375, 99962.9788818359375 ], [ 109985.4014892578125, 99962.888916015625 ], [ 109985.450927734375, 99962.80889892578125 ], [ 109985.50872802734375, 99962.71868896484375 ], [ 109985.55828857421875, 99962.62872314453125 ], [ 109985.60772705078125, 99962.5487060546875 ], [ 109985.65728759765625, 99962.45867919921875 ], [ 109985.70672607421875, 99962.37872314453125 ], [ 109985.75628662109375, 99962.2886962890625 ], [ 109985.80572509765625, 99962.19873046875 ], [ 109985.863525390625, 99962.11871337890625 ], [ 109985.91290283203125, 99962.0286865234375 ], [ 109985.9625244140625, 99961.94873046875 ], [ 109986.01190185546875, 99961.85870361328125 ], [ 109986.0615234375, 99961.7686767578125 ], [ 109986.11090087890625, 99961.6884765625 ], [ 109986.168701171875, 99961.5985107421875 ], [ 109986.21807861328125, 99961.50848388671875 ], [ 109986.2677001953125, 99961.42852783203125 ], [ 109986.31707763671875, 99961.3385009765625 ], [ 109986.36669921875, 99961.25848388671875 ], [ 109986.41607666015625, 99961.16851806640625 ], [ 109986.473876953125, 99961.0784912109375 ], [ 109986.52349853515625, 99960.99847412109375 ], [ 109986.5728759765625, 99960.9083251953125 ], [ 109986.62249755859375, 99960.82830810546875 ], [ 109986.671875, 99960.73828125 ], [ 109986.72149658203125, 99960.6483154296875 ], [ 109986.77911376953125, 99960.56829833984375 ], [ 109986.82867431640625, 99960.478271484375 ], [ 109986.87811279296875, 99960.3983154296875 ], [ 109986.92767333984375, 99960.30828857421875 ], [ 109986.97711181640625, 99960.21832275390625 ], [ 109987.02667236328125, 99960.1383056640625 ], [ 109987.08447265625, 99960.04827880859375 ], [ 109987.1339111328125, 99959.96807861328125 ], [ 109987.18328857421875, 99959.87811279296875 ], [ 109987.23291015625, 99959.7880859375 ], [ 109987.28228759765625, 99959.7081298828125 ], [ 109987.3319091796875, 99959.61810302734375 ], [ 109987.38970947265625, 99959.528076171875 ], [ 109987.4390869140625, 99959.4481201171875 ], [ 109987.48870849609375, 99959.35809326171875 ], [ 109987.5380859375, 99959.278076171875 ], [ 109987.58770751953125, 99959.18792724609375 ], [ 109987.6370849609375, 99959.09808349609375 ], [ 109987.69488525390625, 99959.01788330078125 ], [ 109987.74432373046875, 99958.92791748046875 ], [ 109987.79388427734375, 99958.847900390625 ], [ 109987.84332275390625, 99958.75787353515625 ], [ 109987.89288330078125, 99958.66790771484375 ], [ 109987.94232177734375, 99958.587890625 ], [ 109988.0001220703125, 99958.4979248046875 ], [ 109988.04949951171875, 99958.41790771484375 ], [ 109988.09912109375, 99958.327880859375 ], [ 109988.14849853515625, 99958.2376708984375 ], [ 109988.1981201171875, 99958.15771484375 ], [ 109988.24749755859375, 99958.06768798828125 ], [ 109988.3052978515625, 99957.9876708984375 ], [ 109988.35467529296875, 99957.897705078125 ], [ 109988.404296875, 99957.80767822265625 ], [ 109988.45367431640625, 99957.72772216796875 ], [ 109988.5032958984375, 99957.6376953125 ], [ 109988.55267333984375, 99957.5477294921875 ], [ 109988.602294921875, 99957.46771240234375 ], [ 109988.66009521484375, 99957.377685546875 ], [ 109988.70947265625, 99957.2974853515625 ], [ 109988.75909423828125, 99957.20751953125 ], [ 109988.8084716796875, 99957.11749267578125 ], [ 109988.85809326171875, 99957.0374755859375 ], [ 109988.91571044921875, 99956.947509765625 ], [ 109988.96527099609375, 99956.86749267578125 ], [ 109989.01470947265625, 99956.77752685546875 ], [ 109989.06427001953125, 99956.6875 ], [ 109989.11370849609375, 99956.60748291015625 ], [ 109989.163330078125, 99956.51727294921875 ], [ 109989.21270751953125, 99956.43731689453125 ], [ 109989.2705078125, 99956.3472900390625 ], [ 109989.31988525390625, 99956.25732421875 ], [ 109989.3695068359375, 99956.17730712890625 ], [ 109989.41888427734375, 99956.0872802734375 ], [ 109989.468505859375, 99956.00732421875 ], [ 109989.51788330078125, 99955.91729736328125 ], [ 109989.57568359375, 99955.8272705078125 ], [ 109989.62530517578125, 99955.747314453125 ], [ 109989.6746826171875, 99955.65728759765625 ], [ 109989.72430419921875, 99955.56707763671875 ], [ 109989.773681640625, 99955.48712158203125 ], [ 109989.82330322265625, 99955.3970947265625 ], [ 109989.88092041015625, 99955.31707763671875 ], [ 109989.93048095703125, 99955.22711181640625 ], [ 109989.97991943359375, 99955.1370849609375 ], [ 109990.02947998046875, 99955.05712890625 ], [ 109990.07891845703125, 99954.96710205078125 ], [ 109990.12847900390625, 99954.8870849609375 ], [ 109990.186279296875, 99954.796875 ], [ 109990.2357177734375, 99954.7069091796875 ], [ 109990.2852783203125, 99954.62689208984375 ], [ 109990.334716796875, 99954.53692626953125 ], [ 109990.38427734375, 99954.4569091796875 ], [ 109990.4337158203125, 99954.36688232421875 ], [ 109990.49151611328125, 99954.27691650390625 ], [ 109990.5408935546875, 99954.1968994140625 ], [ 109990.59051513671875, 99954.10687255859375 ], [ 109990.639892578125, 99954.02691650390625 ], [ 109990.68951416015625, 99953.9368896484375 ], [ 109990.7388916015625, 99953.8466796875 ], [ 109990.78851318359375, 99953.7667236328125 ], [ 109990.84613037109375, 99953.67669677734375 ], [ 109990.89569091796875, 99953.58673095703125 ], [ 109990.94512939453125, 99953.5067138671875 ], [ 109990.99468994140625, 99953.41668701171875 ], [ 109991.04412841796875, 99953.33673095703125 ], [ 109991.1019287109375, 99953.2467041015625 ], [ 109991.1514892578125, 99953.15667724609375 ], [ 109991.200927734375, 99953.07672119140625 ], [ 109991.25048828125, 99952.9866943359375 ], [ 109991.2999267578125, 99952.90667724609375 ], [ 109991.3494873046875, 99952.8165283203125 ], [ 109991.39892578125, 99952.72650146484375 ], [ 109991.45672607421875, 99952.646484375 ], [ 109991.506103515625, 99952.5565185546875 ], [ 109991.55572509765625, 99952.47650146484375 ], [ 109991.6051025390625, 99952.386474609375 ], [ 109991.65447998046875, 99952.2965087890625 ], [ 109991.7122802734375, 99952.21649169921875 ], [ 109991.76190185546875, 99952.12628173828125 ], [ 109991.811279296875, 99952.04632568359375 ], [ 109991.86090087890625, 99951.956298828125 ], [ 109991.9102783203125, 99951.86627197265625 ], [ 109991.95989990234375, 99951.78631591796875 ], [ 109992.00927734375, 99951.6962890625 ], [ 109992.06707763671875, 99951.6063232421875 ], [ 109992.11651611328125, 99951.52630615234375 ], [ 109992.16607666015625, 99951.436279296875 ], [ 109992.21551513671875, 99951.3563232421875 ], [ 109992.26507568359375, 99951.26629638671875 ], [ 109992.31451416015625, 99951.17608642578125 ], [ 109992.372314453125, 99951.09613037109375 ], [ 109992.421875, 99951.006103515625 ], [ 109992.4713134765625, 99950.92608642578125 ], [ 109992.5208740234375, 99950.83612060546875 ], [ 109992.5703125, 99950.74609375 ], [ 109992.619873046875, 99950.66607666015625 ], [ 109992.677490234375, 99950.57611083984375 ], [ 109992.72711181640625, 99950.49609375 ], [ 109992.7764892578125, 99950.4058837890625 ], [ 109992.82611083984375, 99950.31591796875 ], [ 109992.87548828125, 99950.23590087890625 ], [ 109992.92510986328125, 99950.1458740234375 ], [ 109992.98272705078125, 99950.06591796875 ], [ 109993.03228759765625, 99949.97589111328125 ], [ 109993.08172607421875, 99949.88592529296875 ], [ 109993.13128662109375, 99949.805908203125 ], [ 109993.18072509765625, 99949.71588134765625 ], [ 109993.23028564453125, 99949.62591552734375 ], [ 109993.2880859375, 99949.5458984375 ], [ 109993.3375244140625, 99949.4556884765625 ], [ 109993.3870849609375, 99949.37567138671875 ], [ 109993.4365234375, 99949.28570556640625 ], [ 109993.486083984375, 99949.1956787109375 ], [ 109993.5355224609375, 99949.11572265625 ], [ 109993.5850830078125, 99949.02569580078125 ], [ 109993.6427001953125, 99948.9456787109375 ], [ 109993.69232177734375, 99948.855712890625 ], [ 109993.74169921875, 99948.76568603515625 ], [ 109993.79132080078125, 99948.68548583984375 ], [ 109993.8406982421875, 99948.595703125 ], [ 109993.89849853515625, 99948.51568603515625 ], [ 109993.9478759765625, 99948.42547607421875 ], [ 109993.99749755859375, 99948.33551025390625 ], [ 109994.046875, 99948.2554931640625 ], [ 109994.09649658203125, 99948.16552734375 ], [ 109994.1458740234375, 99948.08551025390625 ], [ 109994.19549560546875, 99947.9954833984375 ], [ 109994.2532958984375, 99947.905517578125 ], [ 109994.30267333984375, 99947.82550048828125 ], [ 109994.352294921875, 99947.7354736328125 ], [ 109994.40167236328125, 99947.64532470703125 ], [ 109994.4512939453125, 99947.5653076171875 ], [ 109994.5089111328125, 99947.47528076171875 ], [ 109994.5584716796875, 99947.39532470703125 ], [ 109994.60791015625, 99947.3052978515625 ], [ 109994.657470703125, 99947.21527099609375 ], [ 109994.7069091796875, 99947.13531494140625 ], [ 109994.75653076171875, 99947.0452880859375 ], [ 109994.805908203125, 99946.96527099609375 ], [ 109994.86370849609375, 99946.87530517578125 ], [ 109994.9130859375, 99946.7852783203125 ], [ 109994.96270751953125, 99946.705078125 ], [ 109995.0120849609375, 99946.6151123046875 ], [ 109995.06170654296875, 99946.53509521484375 ], [ 109995.111083984375, 99946.44512939453125 ], [ 109995.16888427734375, 99946.3551025390625 ], [ 109995.218505859375, 99946.27508544921875 ], [ 109995.26788330078125, 99946.18511962890625 ], [ 109995.31732177734375, 99946.1051025390625 ], [ 109995.36688232421875, 99946.01507568359375 ], [ 109995.41632080078125, 99945.9249267578125 ], [ 109995.47412109375, 99945.84490966796875 ], [ 109995.523681640625, 99945.7548828125 ], [ 109995.5731201171875, 99945.6649169921875 ], [ 109995.6226806640625, 99945.58489990234375 ], [ 109995.672119140625, 99945.494873046875 ], [ 109995.7216796875, 99945.4149169921875 ], [ 109995.779296875, 99945.32489013671875 ], [ 109995.82891845703125, 99945.23492431640625 ], [ 109995.8782958984375, 99945.1549072265625 ], [ 109995.92791748046875, 99945.06488037109375 ], [ 109995.977294921875, 99944.98468017578125 ], [ 109996.02691650390625, 99944.89471435546875 ], [ 109996.08447265625, 99944.8046875 ], [ 109996.13409423828125, 99944.72467041015625 ], [ 109996.1834716796875, 99944.63470458984375 ], [ 109996.23309326171875, 99944.5546875 ], [ 109996.282470703125, 99944.4647216796875 ], [ 109996.33209228515625, 99944.37469482421875 ], [ 109996.38153076171875, 99944.294677734375 ], [ 109996.43927001953125, 99944.20452880859375 ], [ 109996.4888916015625, 99944.12451171875 ], [ 109996.538330078125, 99944.03448486328125 ], [ 109996.587890625, 99943.94451904296875 ], [ 109996.6373291015625, 99943.864501953125 ], [ 109996.69512939453125, 99943.77447509765625 ], [ 109996.7445068359375, 99943.68450927734375 ], [ 109996.79412841796875, 99943.6044921875 ], [ 109996.843505859375, 99943.5145263671875 ], [ 109996.89312744140625, 99943.43450927734375 ], [ 109996.9425048828125, 99943.344482421875 ], [ 109996.99212646484375, 99943.2542724609375 ], [ 109997.0496826171875, 99943.17431640625 ], [ 109997.09930419921875, 99943.08428955078125 ], [ 109997.148681640625, 99943.0042724609375 ], [ 109997.19830322265625, 99942.914306640625 ], [ 109997.2476806640625, 99942.82427978515625 ], [ 109997.30548095703125, 99942.74432373046875 ], [ 109997.3551025390625, 99942.654296875 ], [ 109997.40447998046875, 99942.57427978515625 ], [ 109997.4541015625, 99942.48431396484375 ], [ 109997.50347900390625, 99942.394287109375 ], [ 109997.5531005859375, 99942.3140869140625 ], [ 109997.60247802734375, 99942.22412109375 ], [ 109997.6602783203125, 99942.14410400390625 ], [ 109997.709716796875, 99942.0540771484375 ], [ 109997.75927734375, 99941.964111328125 ], [ 109997.8087158203125, 99941.88409423828125 ], [ 109997.8582763671875, 99941.79412841796875 ], [ 109997.90771484375, 99941.7041015625 ], [ 109997.96551513671875, 99941.62408447265625 ], [ 109998.01507568359375, 99941.53387451171875 ], [ 109998.06451416015625, 99941.45391845703125 ], [ 109998.11407470703125, 99941.3638916015625 ], [ 109998.16351318359375, 99941.27392578125 ], [ 109998.21307373046875, 99941.19390869140625 ], [ 109998.27069091796875, 99941.1038818359375 ], [ 109998.3203125, 99941.02392578125 ], [ 109998.36968994140625, 99940.93389892578125 ], [ 109998.4193115234375, 99940.8438720703125 ], [ 109998.46868896484375, 99940.763916015625 ], [ 109998.518310546875, 99940.67388916015625 ], [ 109998.575927734375, 99940.59368896484375 ], [ 109998.62548828125, 99940.50372314453125 ], [ 109998.6749267578125, 99940.4136962890625 ], [ 109998.7244873046875, 99940.33367919921875 ], [ 109998.77392578125, 99940.24371337890625 ], [ 109998.823486328125, 99940.1636962890625 ], [ 109998.88128662109375, 99940.07373046875 ], [ 109998.93072509765625, 99939.98370361328125 ], [ 109998.98028564453125, 99939.9036865234375 ], [ 109999.02972412109375, 99939.8134765625 ], [ 109999.0791015625, 99939.7235107421875 ], [ 109999.12872314453125, 99939.64349365234375 ], [ 109999.1781005859375, 99939.55352783203125 ], [ 109999.23590087890625, 99939.4735107421875 ], [ 109999.2852783203125, 99939.38348388671875 ], [ 109999.33489990234375, 99939.29351806640625 ], [ 109999.38427734375, 99939.2135009765625 ], [ 109999.43389892578125, 99939.12347412109375 ], [ 109999.49169921875, 99939.04351806640625 ], [ 109999.54107666015625, 99938.9534912109375 ], [ 109999.5906982421875, 99938.86328125 ], [ 109999.64007568359375, 99938.7833251953125 ], [ 109999.689697265625, 99938.69329833984375 ], [ 109999.73907470703125, 99938.61328125 ], [ 109999.7886962890625, 99938.5233154296875 ], [ 109999.8463134765625, 99938.43328857421875 ], [ 109999.8958740234375, 99938.353271484375 ], [ 109999.9453125, 99938.2633056640625 ], [ 109999.994873046875, 99938.18328857421875 ], [ 110000.0443115234375, 99938.09332275390625 ], [ 110000.10211181640625, 99937.9932861328125 ], [ 110001.74371337890625, 99935.25250244140625 ], [ 110003.22869873046875, 99932.44189453125 ], [ 110004.29290771484375, 99930.301513671875 ], [ 110005.62109375, 99928.09088134765625 ], [ 110006.92449951171875, 99925.52032470703125 ], [ 110008.2279052734375, 99922.8297119140625 ], [ 110009.6881103515625, 99920.1890869140625 ], [ 110011.1317138671875, 99917.0885009765625 ], [ 110012.74871826171875, 99913.8876953125 ], [ 110014.16748046875, 99910.9970703125 ], [ 110015.5286865234375, 99907.99627685546875 ], [ 110017.05487060546875, 99904.61572265625 ], [ 110018.4490966796875, 99901.46490478515625 ], [ 110020.23907470703125, 99897.48388671875 ], [ 110021.96331787109375, 99893.3231201171875 ], [ 110023.885498046875, 99889.172119140625 ], [ 110025.75811767578125, 99884.861083984375 ], [ 110027.7545166015625, 99880.04010009765625 ], [ 110029.07427978515625, 99876.60931396484375 ], [ 110030.71612548828125, 99872.74847412109375 ], [ 110032.16790771484375, 99869.14752197265625 ], [ 110033.7354736328125, 99864.79669189453125 ], [ 110035.38531494140625, 99860.40570068359375 ], [ 110037.8848876953125, 99854.45428466796875 ], [ 110039.93072509765625, 99848.54290771484375 ], [ 110042.19110107421875, 99842.8416748046875 ], [ 110044.080322265625, 99836.98028564453125 ], [ 110045.71368408203125, 99832.25927734375 ], [ 110047.578125, 99826.2178955078125 ], [ 110049.21148681640625, 99821.36669921875 ], [ 110050.7376708984375, 99816.63568115234375 ], [ 110051.9832763671875, 99812.36468505859375 ], [ 110053.5177001953125, 99807.2034912109375 ], [ 110055.20892333984375, 99801.2122802734375 ], [ 110056.4957275390625, 99797.061279296875 ], [ 110058.19512939453125, 99790.40972900390625 ], [ 110059.5233154296875, 99785.59869384765625 ], [ 110061.15667724609375, 99779.80731201171875 ], [ 110062.79010009765625, 99774.88629150390625 ], [ 110064.5142822265625, 99768.3046875 ], [ 110113.16168212890625, 99597.36590576171875 ], [ 110115.66131591796875, 99598.006103515625 ], [ 110117.8062744140625, 99589.95428466796875 ], [ 110115.4302978515625, 99589.01409912109375 ], [ 110117.674072265625, 99581.04229736328125 ], [ 110120.2811279296875, 99581.64227294921875 ], [ 110122.401123046875, 99574.15069580078125 ], [ 110119.95928955078125, 99573.25048828125 ], [ 110121.62567138671875, 99567.0791015625 ], [ 110124.2821044921875, 99567.74932861328125 ], [ 110126.492919921875, 99559.55731201171875 ], [ 110124.10052490234375, 99558.6370849609375 ], [ 110136.318115234375, 99516.16748046875 ], [ 110131.8717041015625, 99499.313720703125 ], [ 110091.21807861328125, 99339.87750244140625 ], [ 110090.88812255859375, 99339.447509765625 ], [ 110067.94610595703125, 99278.6737060546875 ], [ 110009.6881103515625, 99189.26348876953125 ], [ 109999.92071533203125, 99182.87188720703125 ], [ 109837.0587158203125, 99077.55810546875 ], [ 109780.25250244140625, 98999.72052001953125 ], [ 109752.0308837890625, 98961.24169921875 ], [ 109652.5665283203125, 98890.4556884765625 ], [ 109439.30828857421875, 98892.30609130859375 ], [ 109369.41851806640625, 98869.410888671875 ], [ 109340.75152587890625, 98816.87890625 ], [ 109343.671875, 98811.22772216796875 ], [ 109335.74407958984375, 98813.55828857421875 ], [ 109051.69671630859375, 99387.968505859375 ], [ 108992.646728515625, 99496.22308349609375 ], [ 109398.86932373046875, 99690.957275390625 ], [ 109975.386474609375, 99978.4822998046875 ] ] ] ] } },
{ "type": "Feature", "properties": { "ID": "054", "CIRCUITO_N": 54, "COMUNA": 4, "BARRIO": "BOCA", "TOTAL": 13241.0, "MASCULINO": 6416.0, "FEMENINO": 6825.0, "PERIMETRO": 16837.660547899999, "AREA": 3047342.03682 }, "geometry": { "type": "MultiPolygon", "coordinates": [ [ [ [ 109302.08587646484375, 100599.44329833984375 ], [ 109377.56072998046875, 100538.4193115234375 ], [ 109378.1383056640625, 100538.00927734375 ], [ 109378.58367919921875, 100537.589111328125 ], [ 109379.0126953125, 100537.03912353515625 ], [ 109379.52410888671875, 100536.2489013671875 ], [ 109379.74688720703125, 100535.638671875 ], [ 109379.8955078125, 100534.988525390625 ], [ 109379.94488525390625, 100534.478515625 ], [ 109379.92010498046875, 100533.6383056640625 ], [ 109379.697509765625, 100532.86810302734375 ], [ 109379.532470703125, 100532.3779296875 ], [ 109379.25189208984375, 100531.7279052734375 ], [ 109357.1514892578125, 100503.99151611328125 ], [ 109362.89312744140625, 100499.240478515625 ], [ 109402.52392578125, 100468.3134765625 ], [ 109855.05908203125, 100115.21331787109375 ], [ 109856.032470703125, 100114.3231201171875 ], [ 109857.311279296875, 100113.18292236328125 ], [ 109859.9180908203125, 100111.01251220703125 ], [ 109862.343505859375, 100109.01190185546875 ], [ 109864.595703125, 100106.96148681640625 ], [ 109867.2025146484375, 100104.63092041015625 ], [ 109870.17230224609375, 100102.10028076171875 ], [ 109872.29248046875, 100100.06988525390625 ], [ 109874.65167236328125, 100098.0994873046875 ], [ 109877.6959228515625, 100095.15887451171875 ], [ 109880.27789306640625, 100092.728271484375 ], [ 109882.2000732421875, 100090.827880859375 ], [ 109884.6007080078125, 100088.67730712890625 ], [ 109886.52288818359375, 100086.7169189453125 ], [ 109888.31292724609375, 100084.99652099609375 ], [ 109889.8472900390625, 100083.50628662109375 ], [ 109892.07470703125, 100081.2457275390625 ], [ 109894.73931884765625, 100078.6151123046875 ], [ 109896.760498046875, 100076.584716796875 ], [ 109898.85589599609375, 100074.4541015625 ], [ 109900.31610107421875, 100073.013916015625 ], [ 109902.26287841796875, 100071.0133056640625 ], [ 109904.49029541015625, 100068.73291015625 ], [ 109907.328125, 100065.61212158203125 ], [ 109909.22552490234375, 100063.6116943359375 ], [ 109911.65911865234375, 100061.20111083984375 ], [ 109914.21649169921875, 100058.70050048828125 ], [ 109916.00653076171875, 100056.41009521484375 ], [ 109918.4979248046875, 100053.29931640625 ], [ 109920.0819091796875, 100051.4688720703125 ], [ 109921.46771240234375, 100049.8485107421875 ], [ 109923.464111328125, 100047.6680908203125 ], [ 109925.43572998046875, 100045.3074951171875 ], [ 109927.79510498046875, 100042.6768798828125 ], [ 109931.61468505859375, 100038.23590087890625 ], [ 109933.685302734375, 100035.67529296875 ], [ 109935.60748291015625, 100033.3948974609375 ], [ 109936.91912841796875, 100031.594482421875 ], [ 109938.247314453125, 100029.86407470703125 ], [ 109939.7899169921875, 100028.043701171875 ], [ 109942.11627197265625, 100024.94287109375 ], [ 109944.19512939453125, 100022.4822998046875 ], [ 109946.55450439453125, 100019.3917236328125 ], [ 109948.2705078125, 100017.05108642578125 ], [ 109949.8873291015625, 100014.8507080078125 ], [ 109951.90850830078125, 100012.31011962890625 ], [ 109953.319091796875, 100010.22967529296875 ], [ 109955.21649169921875, 100007.56890869140625 ], [ 109957.0396728515625, 100005.15850830078125 ], [ 109958.81329345703125, 100002.7479248046875 ], [ 109960.529296875, 100000.0772705078125 ], [ 109961.01593017578125, 99999.4171142578125 ], [ 109961.07373046875, 99999.33709716796875 ], [ 109961.13128662109375, 99999.257080078125 ], [ 109961.1890869140625, 99999.1771240234375 ], [ 109961.24688720703125, 99999.08709716796875 ], [ 109961.3046875, 99999.007080078125 ], [ 109961.3541259765625, 99998.9268798828125 ], [ 109961.41192626953125, 99998.846923828125 ], [ 109961.4697265625, 99998.76690673828125 ], [ 109961.52728271484375, 99998.6768798828125 ], [ 109961.5850830078125, 99998.596923828125 ], [ 109961.64288330078125, 99998.51690673828125 ], [ 109961.69232177734375, 99998.4368896484375 ], [ 109961.7501220703125, 99998.346923828125 ], [ 109961.80792236328125, 99998.26690673828125 ], [ 109961.86572265625, 99998.1868896484375 ], [ 109961.92327880859375, 99998.106689453125 ], [ 109961.9810791015625, 99998.01690673828125 ], [ 109962.03887939453125, 99997.9368896484375 ], [ 109962.0966796875, 99997.856689453125 ], [ 109962.1461181640625, 99997.77667236328125 ], [ 109962.20391845703125, 99997.68670654296875 ], [ 109962.261474609375, 99997.606689453125 ], [ 109962.31927490234375, 99997.52667236328125 ], [ 109962.3770751953125, 99997.44671630859375 ], [ 109962.43487548828125, 99997.356689453125 ], [ 109962.49267578125, 99997.27667236328125 ], [ 109962.5421142578125, 99997.19671630859375 ], [ 109962.59991455078125, 99997.11669921875 ], [ 109962.657470703125, 99997.0264892578125 ], [ 109962.71527099609375, 99996.94647216796875 ], [ 109962.7730712890625, 99996.86651611328125 ], [ 109962.8306884765625, 99996.7864990234375 ], [ 109962.88848876953125, 99996.69647216796875 ], [ 109962.9381103515625, 99996.61651611328125 ], [ 109962.9957275390625, 99996.5364990234375 ], [ 109963.05352783203125, 99996.45648193359375 ], [ 109963.111328125, 99996.36651611328125 ], [ 109963.16912841796875, 99996.2864990234375 ], [ 109963.2266845703125, 99996.20648193359375 ], [ 109963.28448486328125, 99996.12628173828125 ], [ 109963.3341064453125, 99996.03631591796875 ], [ 109963.3917236328125, 99995.956298828125 ], [ 109963.44952392578125, 99995.87628173828125 ], [ 109963.50732421875, 99995.79632568359375 ], [ 109963.56512451171875, 99995.71630859375 ], [ 109963.6226806640625, 99995.62628173828125 ], [ 109963.68048095703125, 99995.54632568359375 ], [ 109963.7301025390625, 99995.46630859375 ], [ 109963.7877197265625, 99995.38629150390625 ], [ 109963.84552001953125, 99995.29608154296875 ], [ 109963.9033203125, 99995.21612548828125 ], [ 109963.96087646484375, 99995.1361083984375 ], [ 109964.0186767578125, 99995.05609130859375 ], [ 109964.07647705078125, 99994.96612548828125 ], [ 109964.12591552734375, 99994.8861083984375 ], [ 109964.1837158203125, 99994.80609130859375 ], [ 109964.24151611328125, 99994.72607421875 ], [ 109964.29931640625, 99994.6361083984375 ], [ 109964.35687255859375, 99994.55609130859375 ], [ 109964.4146728515625, 99994.47607421875 ], [ 109964.47247314453125, 99994.3958740234375 ], [ 109964.5302734375, 99994.305908203125 ], [ 109964.5797119140625, 99994.22589111328125 ], [ 109964.63751220703125, 99994.1458740234375 ], [ 109964.69512939453125, 99994.06591796875 ], [ 109964.7529296875, 99993.97589111328125 ], [ 109964.81072998046875, 99993.8958740234375 ], [ 109964.8685302734375, 99993.81591796875 ], [ 109964.91790771484375, 99993.73590087890625 ], [ 109964.9757080078125, 99993.6458740234375 ], [ 109965.03350830078125, 99993.565673828125 ], [ 109965.09112548828125, 99993.4857177734375 ], [ 109965.14892578125, 99993.40570068359375 ], [ 109965.20672607421875, 99993.315673828125 ], [ 109965.2642822265625, 99993.2357177734375 ], [ 109965.31390380859375, 99993.15570068359375 ], [ 109965.3717041015625, 99993.07568359375 ], [ 109965.42950439453125, 99992.9957275390625 ], [ 109965.48712158203125, 99992.90570068359375 ], [ 109965.544921875, 99992.82568359375 ], [ 109965.60272216796875, 99992.7454833984375 ], [ 109965.6602783203125, 99992.66552734375 ], [ 109965.70989990234375, 99992.57550048828125 ], [ 109965.7677001953125, 99992.4954833984375 ], [ 109965.8253173828125, 99992.41552734375 ], [ 109965.88311767578125, 99992.33551025390625 ], [ 109965.94091796875, 99992.2454833984375 ], [ 109965.99871826171875, 99992.16552734375 ], [ 109966.0562744140625, 99992.08551025390625 ], [ 109966.10589599609375, 99992.0054931640625 ], [ 109966.1636962890625, 99991.91552734375 ], [ 109966.2213134765625, 99991.83551025390625 ], [ 109966.27911376953125, 99991.75531005859375 ], [ 109966.3369140625, 99991.67529296875 ], [ 109966.39447021484375, 99991.5853271484375 ], [ 109966.4522705078125, 99991.50531005859375 ], [ 109966.51007080078125, 99991.42529296875 ], [ 109966.5596923828125, 99991.34527587890625 ], [ 109966.6173095703125, 99991.25531005859375 ], [ 109966.67510986328125, 99991.17529296875 ], [ 109966.73291015625, 99991.09527587890625 ], [ 109966.79052734375, 99991.01531982421875 ], [ 109966.84832763671875, 99990.92529296875 ], [ 109966.89788818359375, 99990.84527587890625 ], [ 109966.95550537109375, 99990.76507568359375 ], [ 109967.0133056640625, 99990.68511962890625 ], [ 109967.07110595703125, 99990.5950927734375 ], [ 109967.12890625, 99990.51507568359375 ], [ 109967.1865234375, 99990.43511962890625 ], [ 109967.24432373046875, 99990.3551025390625 ], [ 109967.3021240234375, 99990.26507568359375 ], [ 109967.35150146484375, 99990.18511962890625 ], [ 109967.4093017578125, 99990.1051025390625 ], [ 109967.46710205078125, 99990.02508544921875 ], [ 109967.52471923828125, 99989.94488525390625 ], [ 109967.58251953125, 99989.85491943359375 ], [ 109967.64031982421875, 99989.77490234375 ], [ 109967.6981201171875, 99989.69488525390625 ], [ 109967.74749755859375, 99989.61492919921875 ], [ 109967.8052978515625, 99989.52490234375 ], [ 109967.86309814453125, 99989.44488525390625 ], [ 109967.92071533203125, 99989.36492919921875 ], [ 109967.978515625, 99989.284912109375 ], [ 109968.03631591796875, 99989.19488525390625 ], [ 109968.0938720703125, 99989.11468505859375 ], [ 109968.14349365234375, 99989.03472900390625 ], [ 109968.2012939453125, 99988.9547119140625 ], [ 109968.25909423828125, 99988.86468505859375 ], [ 109968.31671142578125, 99988.78472900390625 ], [ 109968.37451171875, 99988.7047119140625 ], [ 109968.43231201171875, 99988.62469482421875 ], [ 109968.48992919921875, 99988.53472900390625 ], [ 109968.53948974609375, 99988.4547119140625 ], [ 109968.5972900390625, 99988.37469482421875 ], [ 109968.6549072265625, 99988.294677734375 ], [ 109968.71270751953125, 99988.20452880859375 ], [ 109968.7705078125, 99988.12451171875 ], [ 109968.82830810546875, 99988.04449462890625 ], [ 109968.88592529296875, 99987.9644775390625 ], [ 109968.93548583984375, 99987.87451171875 ], [ 109968.9932861328125, 99987.79449462890625 ], [ 109969.0509033203125, 99987.7144775390625 ], [ 109969.10870361328125, 99987.634521484375 ], [ 109969.16650390625, 99987.54449462890625 ], [ 109969.22412109375, 99987.4644775390625 ], [ 109969.28192138671875, 99987.38427734375 ], [ 109969.33148193359375, 99987.3043212890625 ], [ 109969.38909912109375, 99987.21429443359375 ], [ 109969.4468994140625, 99987.13427734375 ], [ 109969.50469970703125, 99987.0543212890625 ], [ 109969.5625, 99986.97430419921875 ], [ 109969.6201171875, 99986.894287109375 ], [ 109969.67791748046875, 99986.8043212890625 ], [ 109969.7357177734375, 99986.72430419921875 ], [ 109969.78509521484375, 99986.644287109375 ], [ 109969.8428955078125, 99986.5640869140625 ], [ 109969.90069580078125, 99986.47412109375 ], [ 109969.95849609375, 99986.39410400390625 ], [ 109970.01611328125, 99986.3140869140625 ], [ 109970.07391357421875, 99986.234130859375 ], [ 109970.12347412109375, 99986.14410400390625 ], [ 109970.18109130859375, 99986.0640869140625 ], [ 109970.2388916015625, 99985.984130859375 ], [ 109970.29669189453125, 99985.90411376953125 ], [ 109970.35430908203125, 99985.8140869140625 ], [ 109970.412109375, 99985.73388671875 ], [ 109970.46990966796875, 99985.6539306640625 ], [ 109970.5277099609375, 99985.57391357421875 ], [ 109970.57708740234375, 99985.48388671875 ], [ 109970.6348876953125, 99985.4039306640625 ], [ 109970.69268798828125, 99985.32391357421875 ], [ 109970.75030517578125, 99985.243896484375 ], [ 109970.80810546875, 99985.1539306640625 ], [ 109970.86590576171875, 99985.07391357421875 ], [ 109970.915283203125, 99984.993896484375 ], [ 109970.97308349609375, 99984.91387939453125 ], [ 109971.0308837890625, 99984.82391357421875 ], [ 109971.0885009765625, 99984.743896484375 ], [ 109971.14630126953125, 99984.66387939453125 ], [ 109971.2041015625, 99984.58367919921875 ], [ 109971.26190185546875, 99984.49371337890625 ], [ 109971.31951904296875, 99984.4136962890625 ], [ 109971.36907958984375, 99984.33367919921875 ], [ 109971.4268798828125, 99984.25372314453125 ], [ 109971.4844970703125, 99984.1636962890625 ], [ 109971.54229736328125, 99984.08367919921875 ], [ 109971.60009765625, 99984.00372314453125 ], [ 109971.65789794921875, 99983.9237060546875 ], [ 109971.71551513671875, 99983.84368896484375 ], [ 109971.76507568359375, 99983.75347900390625 ], [ 109971.8228759765625, 99983.67352294921875 ], [ 109971.8804931640625, 99983.593505859375 ], [ 109971.93829345703125, 99983.51348876953125 ], [ 109971.99609375, 99983.42352294921875 ], [ 109972.0537109375, 99983.343505859375 ], [ 109972.11151123046875, 99983.26348876953125 ], [ 109972.160888671875, 99983.1834716796875 ], [ 109972.21868896484375, 99983.093505859375 ], [ 109972.2764892578125, 99983.01348876953125 ], [ 109972.33428955078125, 99982.93328857421875 ], [ 109972.39208984375, 99982.853271484375 ], [ 109972.44970703125, 99982.7633056640625 ], [ 109972.50750732421875, 99982.68328857421875 ], [ 109972.556884765625, 99982.603271484375 ], [ 109972.61468505859375, 99982.5233154296875 ], [ 109972.6724853515625, 99982.43328857421875 ], [ 109972.73028564453125, 99982.353271484375 ], [ 109972.78790283203125, 99982.2733154296875 ], [ 109972.845703125, 99982.19329833984375 ], [ 109972.90350341796875, 99982.10308837890625 ], [ 109972.952880859375, 99982.0230712890625 ], [ 109973.01068115234375, 99981.943115234375 ], [ 109973.0684814453125, 99981.86309814453125 ], [ 109973.12628173828125, 99981.7730712890625 ], [ 109973.18389892578125, 99981.693115234375 ], [ 109973.24169921875, 99981.61309814453125 ], [ 109973.29949951171875, 99981.5330810546875 ], [ 109973.348876953125, 99981.443115234375 ], [ 109973.40667724609375, 99981.36309814453125 ], [ 109973.4644775390625, 99981.2830810546875 ], [ 109973.52227783203125, 99981.202880859375 ], [ 109973.57989501953125, 99981.1129150390625 ], [ 109973.6376953125, 99981.03289794921875 ], [ 109973.69549560546875, 99980.952880859375 ], [ 109973.744873046875, 99980.8729248046875 ], [ 109973.80267333984375, 99980.79290771484375 ], [ 109973.8604736328125, 99980.702880859375 ], [ 109973.9180908203125, 99980.6229248046875 ], [ 109973.97589111328125, 99980.54290771484375 ], [ 109974.03369140625, 99980.462890625 ], [ 109974.09149169921875, 99980.3726806640625 ], [ 109974.14093017578125, 99980.292724609375 ], [ 109974.19873046875, 99980.21270751953125 ], [ 109974.25628662109375, 99980.1326904296875 ], [ 109974.3140869140625, 99980.042724609375 ], [ 109974.37188720703125, 99979.96270751953125 ], [ 109974.4296875, 99979.8826904296875 ], [ 109974.4873046875, 99979.80267333984375 ], [ 109974.53692626953125, 99979.71270751953125 ], [ 109974.594482421875, 99979.6326904296875 ], [ 109974.65228271484375, 99979.55267333984375 ], [ 109974.7100830078125, 99979.47247314453125 ], [ 109974.76788330078125, 99979.38250732421875 ], [ 109974.82568359375, 99979.302490234375 ], [ 109974.88330078125, 99979.22247314453125 ], [ 109974.94110107421875, 99979.14251708984375 ], [ 109974.990478515625, 99979.052490234375 ], [ 109975.04827880859375, 99978.97247314453125 ], [ 109975.1060791015625, 99978.89251708984375 ], [ 109975.16387939453125, 99978.8125 ], [ 109975.2216796875, 99978.72247314453125 ], [ 109975.279296875, 99978.64251708984375 ], [ 109975.32891845703125, 99978.5625 ], [ 109975.386474609375, 99978.4822998046875 ], [ 109398.86932373046875, 99690.957275390625 ], [ 108992.646728515625, 99496.22308349609375 ], [ 108990.67510986328125, 99495.27288818359375 ], [ 108904.409912109375, 99451.09271240234375 ], [ 108545.03631591796875, 99410.25347900390625 ], [ 108530.27789306640625, 99513.046875 ], [ 108495.10211181640625, 99970.68048095703125 ], [ 108607.25408935546875, 100101.580322265625 ], [ 108682.522705078125, 100177.3175048828125 ], [ 108715.90032958984375, 100212.45550537109375 ], [ 108730.03167724609375, 100226.32867431640625 ], [ 108743.14849853515625, 100231.909912109375 ], [ 108741.20147705078125, 100447.59869384765625 ], [ 108878.42388916015625, 100448.2589111328125 ], [ 109156.1602783203125, 100455.48052978515625 ], [ 109190.30511474609375, 100456.7908935546875 ], [ 109233.0458984375, 100513.6436767578125 ], [ 109268.14752197265625, 100559.674072265625 ], [ 109291.29571533203125, 100590.0311279296875 ], [ 109299.6771240234375, 100601.273681640625 ], [ 109311.25128173828125, 100616.80712890625 ], [ 109322.77569580078125, 100632.15069580078125 ], [ 109348.415283203125, 100666.45849609375 ], [ 109405.69989013671875, 100739.05487060546875 ], [ 109432.6759033203125, 100773.3626708984375 ], [ 109466.72149658203125, 100815.33209228515625 ], [ 109471.30828857421875, 100820.9835205078125 ], [ 109538.5831298828125, 100904.90252685546875 ], [ 109640.48931884765625, 101033.46148681640625 ], [ 109642.4857177734375, 101036.02227783203125 ], [ 109738.3450927734375, 101159.2100830078125 ], [ 109787.6937255859375, 101222.62451171875 ], [ 109798.013671875, 101235.947509765625 ], [ 109810.00030517578125, 101244.26947021484375 ], [ 109818.66229248046875, 101256.59228515625 ], [ 109840.7626953125, 101285.11871337890625 ], [ 109858.01251220703125, 101232.27667236328125 ], [ 109886.77032470703125, 101153.9788818359375 ], [ 109913.6636962890625, 101086.25347900390625 ], [ 109919.207275390625, 101072.97052001953125 ], [ 110000.88592529296875, 101082.47271728515625 ], [ 110016.9888916015625, 101056.126708984375 ], [ 110031.6812744140625, 101065.56890869140625 ], [ 110068.0286865234375, 101088.94427490234375 ], [ 110107.6593017578125, 101074.24090576171875 ], [ 110113.1204833984375, 101065.138671875 ], [ 110121.6339111328125, 101050.92547607421875 ], [ 110121.64227294921875, 101050.92547607421875 ], [ 110121.81549072265625, 101050.4854736328125 ], [ 110123.3084716796875, 101050.2454833984375 ], [ 110138.33087158203125, 101048.80511474609375 ], [ 110143.6270751953125, 101048.26507568359375 ], [ 110155.33331298828125, 101074.0408935546875 ], [ 110156.97491455078125, 101073.50067138671875 ], [ 110187.539306640625, 101063.49847412109375 ], [ 110214.74627685546875, 101064.9287109375 ], [ 110227.2689208984375, 101073.55072021484375 ], [ 110239.30511474609375, 101081.82269287109375 ], [ 110256.40631103515625, 101093.75531005859375 ], [ 110248.330078125, 101097.1561279296875 ], [ 110242.654296875, 101108.0784912109375 ], [ 110245.1539306640625, 101110.12908935546875 ], [ 110251.21728515625, 101115.10009765625 ], [ 110252.89190673828125, 101108.00848388671875 ], [ 110256.05987548828125, 101102.3472900390625 ], [ 110267.8319091796875, 101099.11651611328125 ], [ 110278.18487548828125, 101098.94647216796875 ], [ 110279.45550537109375, 101098.926513671875 ], [ 110278.57269287109375, 101098.84649658203125 ], [ 110311.03448486328125, 101081.40252685546875 ], [ 110310.37451171875, 101065.4989013671875 ], [ 110319.869873046875, 101059.0875244140625 ], [ 110328.03668212890625, 101072.1204833984375 ], [ 110375.96649169921875, 101051.80572509765625 ], [ 110429.78631591796875, 101045.79449462890625 ], [ 110476.115478515625, 101062.0380859375 ], [ 110545.14752197265625, 101127.3629150390625 ], [ 110588.01190185546875, 101137.14508056640625 ], [ 110639.25787353515625, 101140.4158935546875 ], [ 110705.8726806640625, 101121.771728515625 ], [ 110723.11431884765625, 101128.7633056640625 ], [ 110760.385498046875, 101149.26788330078125 ], [ 110831.19927978515625, 101153.45892333984375 ], [ 110886.6361083984375, 101132.95428466796875 ], [ 110892.22930908203125, 101126.43267822265625 ], [ 110888.9625244140625, 101095.2257080078125 ], [ 110879.648681640625, 101063.07830810546875 ], [ 110832.13153076171875, 101040.24310302734375 ], [ 110809.296875, 101034.19171142578125 ], [ 110765.038330078125, 101070.53009033203125 ], [ 110735.6947021484375, 101094.7554931640625 ], [ 110727.77532958984375, 101109.65887451171875 ], [ 110706.80487060546875, 101101.7470703125 ], [ 110675.12689208984375, 101063.53851318359375 ], [ 110651.830322265625, 101023.47930908203125 ], [ 110656.4910888671875, 100961.51531982421875 ], [ 110668.60150146484375, 100912.59429931640625 ], [ 110704.00848388671875, 100859.0220947265625 ], [ 110715.64007568359375, 100842.538330078125 ], [ 110710.18731689453125, 100801.41888427734375 ], [ 110714.66668701171875, 100792.25689697265625 ], [ 110722.65228271484375, 100775.50311279296875 ], [ 110728.113525390625, 100764.00048828125 ], [ 110731.6195068359375, 100755.8187255859375 ], [ 110739.02752685546875, 100740.61529541015625 ], [ 110740.58673095703125, 100737.4945068359375 ], [ 110748.7125244140625, 100728.0123291015625 ], [ 110751.3770751953125, 100724.8917236328125 ], [ 110755.064697265625, 100710.1383056640625 ], [ 110753.58807373046875, 100700.18609619140625 ], [ 110763.17388916015625, 100694.28472900390625 ], [ 110764.34527587890625, 100699.7958984375 ], [ 110762.80267333984375, 100710.87847900390625 ], [ 110760.96307373046875, 100716.7799072265625 ], [ 110760.67431640625, 100722.46112060546875 ], [ 110761.9365234375, 100726.672119140625 ], [ 110761.952880859375, 100729.49267578125 ], [ 110763.231689453125, 100731.88330078125 ], [ 110763.07489013671875, 100736.35430908203125 ], [ 110762.4315185546875, 100738.9049072265625 ], [ 110763.231689453125, 100741.10528564453125 ], [ 110763.55328369140625, 100743.6959228515625 ], [ 110764.74127197265625, 100746.86669921875 ], [ 110764.03192138671875, 100748.326904296875 ], [ 110762.4315185546875, 100749.1270751953125 ], [ 110762.59649658203125, 100755.82867431640625 ], [ 110759.46173095703125, 100761.2999267578125 ], [ 110759.263671875, 100766.17108154296875 ], [ 110760.33612060546875, 100766.97113037109375 ], [ 110761.49932861328125, 100767.01129150390625 ], [ 110762.728515625, 100767.6812744140625 ], [ 110763.93292236328125, 100767.88128662109375 ], [ 110765.52508544921875, 100769.76190185546875 ], [ 110769.29510498046875, 100769.7216796875 ], [ 110768.659912109375, 100771.162109375 ], [ 110766.89447021484375, 100771.07208251953125 ], [ 110765.9293212890625, 100771.35211181640625 ], [ 110763.7100830078125, 100770.13189697265625 ], [ 110763.09149169921875, 100770.13189697265625 ], [ 110762.2169189453125, 100770.69207763671875 ], [ 110761.1527099609375, 100770.94207763671875 ], [ 110759.97308349609375, 100770.44207763671875 ], [ 110759.156494140625, 100769.20172119140625 ], [ 110758.78509521484375, 100768.511474609375 ], [ 110757.9766845703125, 100768.07147216796875 ], [ 110756.66510009765625, 100767.8914794921875 ], [ 110755.73291015625, 100767.95147705078125 ], [ 110754.73468017578125, 100768.63153076171875 ], [ 110753.91790771484375, 100769.69189453125 ], [ 110753.04351806640625, 100770.19189453125 ], [ 110751.79791259765625, 100770.19189453125 ], [ 110751.30291748046875, 100770.632080078125 ], [ 110751.1790771484375, 100771.382080078125 ], [ 110751.1790771484375, 100773.00250244140625 ], [ 110750.98931884765625, 100773.93267822265625 ], [ 110751.1790771484375, 100774.492919921875 ], [ 110751.61627197265625, 100774.93292236328125 ], [ 110753.04351806640625, 100775.12310791015625 ], [ 110754.42108154296875, 100776.373291015625 ], [ 110753.1094970703125, 100778.42388916015625 ], [ 110751.98748779296875, 100778.55389404296875 ], [ 110750.42828369140625, 100777.613525390625 ], [ 110749.74371337890625, 100778.493896484375 ], [ 110750.05712890625, 100779.86407470703125 ], [ 110751.748291015625, 100781.114501953125 ], [ 110753.04351806640625, 100782.85467529296875 ], [ 110753.1094970703125, 100783.60491943359375 ], [ 110752.614501953125, 100784.915283203125 ], [ 110753.54669189453125, 100786.09552001953125 ], [ 110754.7677001953125, 100785.0452880859375 ], [ 110756.36810302734375, 100785.205322265625 ], [ 110758.5377197265625, 100787.59588623046875 ], [ 110757.9766845703125, 100788.71612548828125 ], [ 110755.914306640625, 100789.27630615234375 ], [ 110754.8582763671875, 100787.77587890625 ], [ 110753.86029052734375, 100787.6558837890625 ], [ 110752.79608154296875, 100788.21588134765625 ], [ 110752.54852294921875, 100790.146484375 ], [ 110753.91790771484375, 100791.646728515625 ], [ 110753.2332763671875, 100793.07708740234375 ], [ 110751.674072265625, 100793.64727783203125 ], [ 110751.3604736328125, 100796.077880859375 ], [ 110749.38067626953125, 100797.59808349609375 ], [ 110748.6630859375, 100799.37847900390625 ], [ 110750.3870849609375, 100800.0487060546875 ], [ 110751.9215087890625, 100800.95892333984375 ], [ 110755.65869140625, 100805.89007568359375 ], [ 110759.535888671875, 100806.43011474609375 ], [ 110762.89349365234375, 100808.39068603515625 ], [ 110764.61767578125, 100808.8607177734375 ], [ 110765.77252197265625, 100808.29052734375 ], [ 110766.58929443359375, 100806.90032958984375 ], [ 110768.12371826171875, 100806.42010498046875 ], [ 110770.136474609375, 100807.1903076171875 ], [ 110772.2896728515625, 100809.44091796875 ], [ 110772.5289306640625, 100811.50128173828125 ], [ 110773.77447509765625, 100813.271728515625 ], [ 110774.8798828125, 100813.8516845703125 ], [ 110776.3153076171875, 100813.08172607421875 ], [ 110777.132080078125, 100812.0712890625 ], [ 110776.414306640625, 100808.8607177734375 ], [ 110774.7808837890625, 100807.9105224609375 ], [ 110773.48590087890625, 100805.60992431640625 ], [ 110773.5352783203125, 100804.11968994140625 ], [ 110775.11907958984375, 100802.96929931640625 ], [ 110775.44927978515625, 100805.17987060546875 ], [ 110776.84332275390625, 100806.56011962890625 ], [ 110777.80029296875, 100805.85009765625 ], [ 110778.53448486328125, 100802.72930908203125 ], [ 110776.76092529296875, 100801.29888916015625 ], [ 110776.54632568359375, 100799.96868896484375 ], [ 110775.7379150390625, 100798.66827392578125 ], [ 110774.51708984375, 100797.58807373046875 ], [ 110774.40972900390625, 100797.0380859375 ], [ 110775.29248046875, 100795.95770263671875 ], [ 110775.90289306640625, 100794.63751220703125 ], [ 110776.9835205078125, 100794.247314453125 ], [ 110777.37127685546875, 100793.19708251953125 ], [ 110777.222900390625, 100789.6962890625 ], [ 110778.70770263671875, 100788.256103515625 ], [ 110779.98651123046875, 100788.02587890625 ], [ 110780.5308837890625, 100804.72967529296875 ], [ 110783.6492919921875, 100818.96307373046875 ], [ 110792.61651611328125, 100838.05731201171875 ], [ 110804.701904296875, 100853.65087890625 ], [ 110822.29827880859375, 100864.913330078125 ], [ 110845.70208740234375, 100874.10552978515625 ], [ 110854.33111572265625, 100874.385498046875 ], [ 110867.4312744140625, 100874.10552978515625 ], [ 110876.060302734375, 100873.26531982421875 ], [ 110892.7821044921875, 100867.694091796875 ], [ 110909.7677001953125, 100859.06207275390625 ], [ 110917.151123046875, 100852.19049072265625 ], [ 110922.9998779296875, 100846.339111328125 ], [ 110930.36688232421875, 100834.41650390625 ], [ 110935.29168701171875, 100826.86468505859375 ], [ 110935.8197021484375, 100836.9171142578125 ], [ 110933.1881103515625, 100844.60888671875 ], [ 110933.34490966796875, 100852.81072998046875 ], [ 110930.34210205078125, 100855.28131103515625 ], [ 110925.58209228515625, 100856.6915283203125 ], [ 110921.5233154296875, 100865.87371826171875 ], [ 110916.27667236328125, 100887.40850830078125 ], [ 110920.087890625, 100914.9447021484375 ], [ 110919.24652099609375, 100920.4459228515625 ], [ 110920.6571044921875, 100928.4979248046875 ], [ 110916.4168701171875, 100936.689697265625 ], [ 110913.4801025390625, 100940.77069091796875 ], [ 110910.5596923828125, 100961.205322265625 ], [ 110909.9822998046875, 100974.6383056640625 ], [ 110912.90252685546875, 100990.69189453125 ], [ 110915.8228759765625, 101008.50592041015625 ], [ 110922.82672119140625, 101016.09771728515625 ], [ 110923.115478515625, 101027.7802734375 ], [ 110928.95611572265625, 101043.83392333984375 ], [ 110931.87652587890625, 101059.8876953125 ], [ 110936.54571533203125, 101078.5819091796875 ], [ 110940.34051513671875, 101085.58349609375 ], [ 110948.35888671875, 101094.54547119140625 ], [ 110954.94207763671875, 101107.18829345703125 ], [ 110968.08367919921875, 101116.82049560546875 ], [ 110976.98468017578125, 101124.34228515625 ], [ 110989.13629150390625, 101135.994873046875 ], [ 111000.31451416015625, 101140.8560791015625 ], [ 111013.8519287109375, 101144.52667236328125 ], [ 111025.57452392578125, 101151.54827880859375 ], [ 111032.86688232421875, 101170.49267578125 ], [ 111045.98370361328125, 101180.705078125 ], [ 111064.44610595703125, 101184.105712890625 ], [ 111080.96990966796875, 101186.04632568359375 ], [ 111112.549072265625, 101187.50653076171875 ], [ 111140.24267578125, 101188.9569091796875 ], [ 111165.0242919921875, 101190.41729736328125 ], [ 111178.1492919921875, 101188.9569091796875 ], [ 111207.781494140625, 101183.61572265625 ], [ 111257.831298828125, 101172.443115234375 ], [ 111273.8682861328125, 101168.06207275390625 ], [ 111291.3572998046875, 101178.7545166015625 ], [ 111317.1123046875, 101188.4766845703125 ], [ 111347.7178955078125, 101187.9866943359375 ], [ 111380.2705078125, 101182.1552734375 ], [ 111411.85791015625, 101169.52252197265625 ], [ 111434.69268798828125, 101153.9788818359375 ], [ 111454.6151123046875, 101138.91552734375 ], [ 111462.38629150390625, 101134.05450439453125 ], [ 111473.0775146484375, 101118.51092529296875 ], [ 111479.396728515625, 101096.6458740234375 ], [ 111479.88348388671875, 101075.75128173828125 ], [ 111478.909912109375, 101060.68768310546875 ], [ 111484.25567626953125, 101044.16412353515625 ], [ 111488.6279296875, 101040.7633056640625 ], [ 111493.48687744140625, 101030.0709228515625 ], [ 111502.2313232421875, 101015.49749755859375 ], [ 111507.09027099609375, 100998.00347900390625 ], [ 111511.4625244140625, 100971.2874755859375 ], [ 111524.092529296875, 100923.66668701171875 ], [ 111524.092529296875, 100914.9246826171875 ], [ 111529.43829345703125, 100902.77191162109375 ], [ 111536.24407958984375, 100897.43072509765625 ], [ 111549.1959228515625, 100876.756103515625 ], [ 111560.33270263671875, 100858.27191162109375 ], [ 111567.68310546875, 100839.7877197265625 ], [ 111567.90570068359375, 100833.5562744140625 ], [ 111570.57867431640625, 100828.42510986328125 ], [ 111571.01568603515625, 100816.18231201171875 ], [ 111576.36151123046875, 100801.03887939453125 ], [ 111578.58892822265625, 100773.4127197265625 ], [ 111571.4613037109375, 100754.268310546875 ], [ 111569.68768310546875, 100741.79547119140625 ], [ 111563.6737060546875, 100728.2022705078125 ], [ 111552.53692626953125, 100714.61932373046875 ], [ 111541.17730712890625, 100706.37750244140625 ], [ 111530.70867919921875, 100705.26727294921875 ], [ 111509.10308837890625, 100701.03631591796875 ], [ 111489.72509765625, 100699.91607666015625 ], [ 111466.972900390625, 100707.09747314453125 ], [ 111440.7313232421875, 100712.388916015625 ], [ 111425.36248779296875, 100716.84991455078125 ], [ 111417.789306640625, 100717.5198974609375 ], [ 111409.3253173828125, 100720.8607177734375 ], [ 111397.73468017578125, 100722.84112548828125 ], [ 111391.35791015625, 100723.16131591796875 ], [ 111381.260498046875, 100724.8616943359375 ], [ 111371.60028076171875, 100727.91229248046875 ], [ 111358.9951171875, 100728.87249755859375 ], [ 111340.95330810546875, 100729.092529296875 ], [ 111311.5521240234375, 100722.19110107421875 ], [ 111303.53350830078125, 100722.41107177734375 ], [ 111280.5916748046875, 100719.96051025390625 ], [ 111252.0894775390625, 100719.96051025390625 ], [ 111246.29852294921875, 100721.3009033203125 ], [ 111240.7301025390625, 100722.64111328125 ], [ 111235.38427734375, 100722.861083984375 ], [ 111221.7974853515625, 100724.6414794921875 ], [ 111214.89251708984375, 100725.53167724609375 ], [ 111209.76947021484375, 100724.8616943359375 ], [ 111196.4052734375, 100718.18011474609375 ], [ 111182.595703125, 100709.278076171875 ], [ 111166.78131103515625, 100705.93731689453125 ], [ 111153.87091064453125, 100705.26727294921875 ], [ 111144.51593017578125, 100707.2677001953125 ], [ 111134.71551513671875, 100711.27850341796875 ], [ 111129.369873046875, 100715.509521484375 ], [ 111123.801513671875, 100726.421875 ], [ 111122.2423095703125, 100735.1138916015625 ], [ 111122.01947021484375, 100738.6746826171875 ], [ 111133.6019287109375, 100746.24652099609375 ], [ 111135.60650634765625, 100753.1480712890625 ], [ 111132.042724609375, 100762.06011962890625 ], [ 111129.1470947265625, 100766.0709228515625 ], [ 111125.3604736328125, 100769.18170166015625 ], [ 111122.01947021484375, 100771.63232421875 ], [ 111116.67388916015625, 100773.4127197265625 ], [ 111111.99627685546875, 100772.97247314453125 ], [ 111102.1959228515625, 100771.41229248046875 ], [ 111094.845703125, 100768.07147216796875 ], [ 111085.49072265625, 100762.5001220703125 ], [ 111079.25408935546875, 100760.27972412109375 ], [ 111073.68548583984375, 100757.37908935546875 ], [ 111062.03729248046875, 100748.70709228515625 ], [ 111059.87591552734375, 100742.2354736328125 ], [ 111048.3018798828125, 100736.894287109375 ], [ 111038.72412109375, 100734.44390869140625 ], [ 111033.3372802734375, 100729.33270263671875 ], [ 111026.2178955078125, 100724.4415283203125 ], [ 111088.0562744140625, 100650.13470458984375 ], [ 111103.1859130859375, 100626.10931396484375 ], [ 111101.04931640625, 100606.86492919921875 ], [ 111134.9052734375, 100607.18487548828125 ], [ 111134.58349609375, 100672.98992919921875 ], [ 111245.9600830078125, 100673.6298828125 ], [ 111300.0687255859375, 100650.52471923828125 ], [ 111410.5380859375, 100539.52947998046875 ], [ 111445.6890869140625, 100504.051513671875 ], [ 111469.0189208984375, 100497.57012939453125 ], [ 111470.14910888671875, 100499.68048095703125 ], [ 111508.86407470703125, 100488.6680908203125 ], [ 111510.6458740234375, 100495.14947509765625 ], [ 111512.59271240234375, 100496.43988037109375 ], [ 111535.27069091796875, 100490.6085205078125 ], [ 111559.57373046875, 100490.76849365234375 ], [ 111566.7012939453125, 100489.79827880859375 ], [ 111578.3660888671875, 100483.4769287109375 ], [ 111581.12152099609375, 100477.9757080078125 ], [ 111621.29669189453125, 100438.11669921875 ], [ 111668.269287109375, 100391.78607177734375 ], [ 111671.02471923828125, 100391.78607177734375 ], [ 111678.4822998046875, 100390.6558837890625 ], [ 111681.881103515625, 100388.22528076171875 ], [ 111691.1123046875, 100381.9039306640625 ], [ 111697.4312744140625, 100370.5712890625 ], [ 111701.48187255859375, 100366.84051513671875 ], [ 111701.16009521484375, 100357.92852783203125 ], [ 111752.02667236328125, 100305.11651611328125 ], [ 111752.02667236328125, 100230.759521484375 ], [ 111691.26068115234375, 100169.595703125 ], [ 111650.62371826171875, 100129.42669677734375 ], [ 111655.97747802734375, 100112.952880859375 ], [ 111655.614501953125, 100111.7626953125 ], [ 111642.77008056640625, 100107.57171630859375 ], [ 111641.8131103515625, 100108.21173095703125 ], [ 111636.3519287109375, 100124.29547119140625 ], [ 111584.23150634765625, 100107.23150634765625 ], [ 111589.39569091796875, 100090.847900390625 ], [ 111588.84307861328125, 100089.8876953125 ], [ 111475.96490478515625, 100052.82928466796875 ], [ 111470.181884765625, 100070.96331787109375 ], [ 111419.04327392578125, 100053.969482421875 ], [ 111423.26708984375, 100035.6552734375 ], [ 111410.5875244140625, 100031.70452880859375 ], [ 111404.103271484375, 100048.8983154296875 ], [ 111389.171875, 100044.3873291015625 ], [ 111382.68768310546875, 100048.32830810546875 ], [ 111378.4556884765625, 100061.581298828125 ], [ 111367.01348876953125, 100058.8507080078125 ], [ 111362.61651611328125, 100060.58087158203125 ], [ 111357.369873046875, 100066.17230224609375 ], [ 111352.62652587890625, 100081.84588623046875 ], [ 111331.1116943359375, 100151.481689453125 ], [ 111283.20672607421875, 100135.97808837890625 ], [ 111257.55908203125, 100162.464111328125 ], [ 111247.412109375, 100153.171875 ], [ 111236.4237060546875, 100165.00469970703125 ], [ 111245.44049072265625, 100174.5869140625 ], [ 111209.37371826171875, 100210.3748779296875 ], [ 111199.2266845703125, 100201.3629150390625 ], [ 111187.94970703125, 100212.635498046875 ], [ 111197.5355224609375, 100222.4976806640625 ], [ 111160.89947509765625, 100259.41607666015625 ], [ 111151.0330810546875, 100249.83392333984375 ], [ 111144.26849365234375, 100253.2147216796875 ], [ 111141.73590087890625, 100259.1260986328125 ], [ 111141.73590087890625, 100263.076904296875 ], [ 111148.7808837890625, 100270.688720703125 ], [ 111131.3084716796875, 100287.03228759765625 ], [ 111112.7056884765625, 100307.60711669921875 ], [ 111102.84771728515625, 100297.4547119140625 ], [ 111093.82269287109375, 100303.936279296875 ], [ 111090.4403076171875, 100308.44708251953125 ], [ 111101.156494140625, 100319.15972900390625 ], [ 111083.68408203125, 100335.78350830078125 ], [ 111056.62548828125, 100332.96270751953125 ], [ 111057.75567626953125, 100320.2799072265625 ], [ 111041.9744873046875, 100319.15972900390625 ], [ 111039.714111328125, 100329.86212158203125 ], [ 111003.078125, 100325.361083984375 ], [ 111004.20831298828125, 100314.3685302734375 ], [ 110988.707275390625, 100307.8870849609375 ], [ 110987.01629638671875, 100322.540283203125 ], [ 110914.87408447265625, 100312.95831298828125 ], [ 110906.41851806640625, 100303.936279296875 ], [ 110956.30328369140625, 100254.90509033203125 ], [ 110967.29168701171875, 100265.3275146484375 ], [ 110978.84930419921875, 100253.49468994140625 ], [ 110968.7022705078125, 100242.78228759765625 ], [ 111001.95611572265625, 100209.53472900390625 ], [ 111012.66387939453125, 100219.95709228515625 ], [ 111024.22149658203125, 100208.68450927734375 ], [ 111014.07470703125, 100197.97210693359375 ], [ 111049.01947021484375, 100163.0343017578125 ], [ 111059.16650390625, 100172.61627197265625 ], [ 111069.87432861328125, 100161.3438720703125 ], [ 111060.84930419921875, 100151.1915283203125 ], [ 111093.82269287109375, 100117.3739013671875 ], [ 111105.09967041015625, 100128.36627197265625 ], [ 111115.80767822265625, 100116.25372314453125 ], [ 111106.2216796875, 100105.8212890625 ], [ 111141.1749267578125, 100071.4434814453125 ], [ 111150.75250244140625, 100080.45550537109375 ], [ 111154.976318359375, 100078.205078125 ], [ 111162.87109375, 100069.75311279296875 ], [ 111153.57391357421875, 100059.04071044921875 ], [ 111178.65252685546875, 100033.3948974609375 ], [ 111178.93292236328125, 100027.76348876953125 ], [ 111164.28167724609375, 100013.11029052734375 ], [ 111136.6624755859375, 100004.08807373046875 ], [ 111139.7642822265625, 99993.095703125 ], [ 111125.38531494140625, 99986.61431884765625 ], [ 111120.881103515625, 99998.73687744140625 ], [ 111089.03790283203125, 99988.584716796875 ], [ 111092.70068359375, 99976.7520751953125 ], [ 111091.57049560546875, 99973.09112548828125 ], [ 111078.330078125, 99969.14031982421875 ], [ 111073.537109375, 99982.9534912109375 ], [ 111046.19830322265625, 99974.781494140625 ], [ 111015.19647216796875, 100005.77850341796875 ], [ 111006.92230224609375, 99999.61712646484375 ], [ 111003.078125, 99996.75653076171875 ], [ 110994.6304931640625, 100005.218505859375 ], [ 110994.3416748046875, 100008.319091796875 ], [ 111002.7974853515625, 100017.611328125 ], [ 110969.2633056640625, 100050.58868408203125 ], [ 110959.11627197265625, 100040.72650146484375 ], [ 110947.56707763671875, 100052.27911376953125 ], [ 110957.7056884765625, 100062.70147705078125 ], [ 110922.76068115234375, 100097.64947509765625 ], [ 110911.21148681640625, 100086.93707275390625 ], [ 110903.31671142578125, 100094.5487060546875 ], [ 110901.3450927734375, 100100.18988037109375 ], [ 110910.930908203125, 100110.05230712890625 ], [ 110887.2548828125, 100132.8773193359375 ], [ 110847.51690673828125, 100093.1383056640625 ], [ 110826.9757080078125, 100112.6226806640625 ], [ 110715.236083984375, 100224.35809326171875 ], [ 110692.12091064453125, 100200.69268798828125 ], [ 110823.6759033203125, 100069.14288330078125 ], [ 110814.31268310546875, 100060.33087158203125 ], [ 110721.8438720703125, 100151.70172119140625 ], [ 110660.1953125, 100214.4459228515625 ], [ 110640.3798828125, 100195.1815185546875 ], [ 110592.49969482421875, 100148.40087890625 ], [ 110509.38592529296875, 100064.73187255859375 ], [ 110503.305908203125, 100058.970703125 ], [ 110502.3572998046875, 100051.35888671875 ], [ 110533.77972412109375, 100047.548095703125 ], [ 110532.82269287109375, 100028.03369140625 ], [ 110501.40850830078125, 100030.88427734375 ], [ 110501.2022705078125, 100022.122314453125 ], [ 110500.921875, 100014.75048828125 ], [ 110502.86871337890625, 100007.65887451171875 ], [ 110504.82391357421875, 99999.8673095703125 ], [ 110508.06591796875, 99990.89508056640625 ], [ 110509.50128173828125, 99986.61431884765625 ], [ 110510.93670654296875, 99983.593505859375 ], [ 110517.8992919921875, 99981.923095703125 ], [ 110528.8876953125, 99978.86248779296875 ], [ 110530.10028076171875, 99936.26287841796875 ], [ 110533.49908447265625, 99927.1007080078125 ], [ 110547.41607666015625, 99924.04010009765625 ], [ 110576.2811279296875, 99919.9691162109375 ], [ 110583.5985107421875, 99897.20391845703125 ], [ 110549.7755126953125, 99901.35491943359375 ], [ 110545.3043212890625, 99881.25030517578125 ], [ 110549.45367431640625, 99875.18890380859375 ], [ 110560.3018798828125, 99866.57708740234375 ], [ 110565.4083251953125, 99826.68792724609375 ], [ 110573.707275390625, 99804.67291259765625 ], [ 110579.76251220703125, 99783.6182861328125 ], [ 110587.73968505859375, 99781.377685546875 ], [ 110596.9957275390625, 99815.205322265625 ], [ 110604.01611328125, 99812.96490478515625 ], [ 110595.0819091796875, 99779.78729248046875 ], [ 110600.823486328125, 99766.0640869140625 ], [ 110611.9932861328125, 99758.4124755859375 ], [ 110627.9478759765625, 99753.62127685546875 ], [ 110640.70989990234375, 99749.48052978515625 ], [ 110652.19329833984375, 99749.48052978515625 ], [ 110666.54730224609375, 99746.60968017578125 ], [ 110673.56768798828125, 99747.23992919921875 ], [ 110678.03887939453125, 99745.64947509765625 ], [ 110686.3297119140625, 99748.2000732421875 ], [ 110688.5653076171875, 99754.90167236328125 ], [ 110742.484130859375, 99742.138671875 ], [ 110746.955322265625, 99728.7357177734375 ], [ 110650.60107421875, 99697.148681640625 ], [ 110604.593505859375, 99680.98492431640625 ], [ 110595.70050048828125, 99678.0142822265625 ], [ 110599.30548095703125, 99677.0941162109375 ], [ 110601.94549560546875, 99673.34307861328125 ], [ 110601.16168212890625, 99667.5718994140625 ], [ 110598.6702880859375, 99663.35089111328125 ], [ 110594.298095703125, 99658.98992919921875 ], [ 110592.02130126953125, 99655.53912353515625 ], [ 110597.63092041015625, 99634.9644775390625 ], [ 110599.2642822265625, 99635.52447509765625 ], [ 110601.05450439453125, 99628.68310546875 ], [ 110600.18829345703125, 99622.8516845703125 ], [ 110599.00848388671875, 99622.44171142578125 ], [ 110595.27972412109375, 99627.81292724609375 ], [ 110593.48968505859375, 99633.7943115234375 ], [ 110595.02410888671875, 99634.144287109375 ], [ 110589.32373046875, 99650.28790283203125 ], [ 110586.221923828125, 99652.038330078125 ], [ 110572.46990966796875, 99651.22808837890625 ], [ 110549.478515625, 99644.7266845703125 ], [ 110523.60809326171875, 99634.93450927734375 ], [ 110502.91827392578125, 99635.2545166015625 ], [ 110480.25689697265625, 99635.1044921875 ], [ 110477.1796875, 99627.66290283203125 ], [ 110378.34228515625, 99652.718505859375 ], [ 110305.11968994140625, 99738.16790771484375 ], [ 110284.7269287109375, 99762.9635009765625 ], [ 110274.4149169921875, 99783.21807861328125 ], [ 110266.6602783203125, 99804.56292724609375 ], [ 110235.22967529296875, 99895.04351806640625 ], [ 110210.6708984375, 99966.0894775390625 ], [ 110219.844482421875, 99969.22027587890625 ], [ 110218.38427734375, 99973.581298828125 ], [ 110225.0828857421875, 99975.91168212890625 ], [ 110219.63812255859375, 99993.095703125 ], [ 110214.91131591796875, 99991.415283203125 ], [ 110206.8184814453125, 99995.09613037109375 ], [ 110197.20770263671875, 99999.45709228515625 ], [ 110188.3231201171875, 100002.75787353515625 ], [ 110178.19268798828125, 100015.5706787109375 ], [ 110170.99072265625, 100023.22247314453125 ], [ 110154.0380859375, 100016.2908935546875 ], [ 110125.56072998046875, 100006.57867431640625 ], [ 110115.3726806640625, 100006.5386962890625 ], [ 110075.651123046875, 100055.13970947265625 ], [ 110032.1019287109375, 100112.002685546875 ], [ 110018.9522705078125, 100125.32568359375 ], [ 109993.560302734375, 100147.18072509765625 ], [ 109859.909912109375, 100251.18408203125 ], [ 109720.5343017578125, 100358.82867431640625 ], [ 109620.01409912109375, 100437.656494140625 ], [ 109429.7554931640625, 100586.4403076171875 ], [ 109425.91107177734375, 100589.48089599609375 ], [ 109397.91229248046875, 100554.63311767578125 ], [ 109397.186279296875, 100553.68292236328125 ], [ 109396.36968994140625, 100552.8726806640625 ], [ 109395.5283203125, 100552.22247314453125 ], [ 109394.5712890625, 100551.9625244140625 ], [ 109393.919677734375, 100551.68231201171875 ], [ 109393.24310302734375, 100551.582275390625 ], [ 109392.5255126953125, 100551.53228759765625 ], [ 109391.8406982421875, 100551.66229248046875 ], [ 109391.147705078125, 100551.7623291015625 ], [ 109390.619873046875, 100552.2025146484375 ], [ 109317.46307373046875, 100611.75592041015625 ], [ 109314.00653076171875, 100614.5164794921875 ], [ 109302.08587646484375, 100599.44329833984375 ] ] ] ] } },
{ "type": "Feature", "properties": { "ID": "055", "CIRCUITO_N": 55, "COMUNA": 4, "BARRIO": "NUEVA POMPEYA", "TOTAL": 9973.0, "MASCULINO": 5150.0, "FEMENINO": 4823.0, "PERIMETRO": 5612.3823864599999, "AREA": 1485052.8213200001 }, "geometry": { "type": "MultiPolygon", "coordinates": [ [ [ [ 105725.91351318359375, 96567.348876953125 ], [ 105718.52191162109375, 96572.23992919921875 ], [ 105713.918701171875, 96580.5819091796875 ], [ 105705.99090576171875, 96581.8720703125 ], [ 105701.87432861328125, 96585.0928955078125 ], [ 105696.26470947265625, 96591.48431396484375 ], [ 105691.9666748046875, 96596.905517578125 ], [ 105679.65008544921875, 96599.22607421875 ], [ 105664.4296875, 96603.96710205078125 ], [ 105652.311279296875, 96607.56787109375 ], [ 105638.287109375, 96626.832275390625 ], [ 105633.19708251953125, 96639.0850830078125 ], [ 105628.70111083984375, 96637.5546875 ], [ 105619.95672607421875, 96638.034912109375 ], [ 105612.177490234375, 96640.95550537109375 ], [ 105603.43292236328125, 96645.32647705078125 ], [ 105596.63531494140625, 96649.21728515625 ], [ 105583.9970703125, 96651.15789794921875 ], [ 105573.30572509765625, 96651.64788818359375 ], [ 105560.01568603515625, 96654.04852294921875 ], [ 105550.36370849609375, 96653.41827392578125 ], [ 105534.367919921875, 96652.298095703125 ], [ 105529.9215087890625, 96655.168701171875 ], [ 105527.75189208984375, 96645.94671630859375 ], [ 105503.03631591796875, 96646.2667236328125 ], [ 105499.6044921875, 96655.5286865234375 ], [ 105491.39630126953125, 96656.99908447265625 ], [ 105479.06329345703125, 96653.478271484375 ], [ 105467.39849853515625, 96652.26812744140625 ], [ 105454.38067626953125, 96653.038330078125 ], [ 105438.8798828125, 96652.1881103515625 ], [ 105425.11968994140625, 96648.2470703125 ], [ 105408.77728271484375, 96644.97650146484375 ], [ 105400.82489013671875, 96642.59588623046875 ], [ 105389.20947265625, 96640.12530517578125 ], [ 105373.29608154296875, 96636.9744873046875 ], [ 105364.06488037109375, 96632.30352783203125 ], [ 105360.096923828125, 96623.521484375 ], [ 105348.88592529296875, 96617.5001220703125 ], [ 105319.11328125, 96610.7686767578125 ], [ 105300.13128662109375, 96608.00811767578125 ], [ 105290.22369384765625, 96607.3779296875 ], [ 105278.64947509765625, 96603.8870849609375 ], [ 105268.89031982421875, 96606.0474853515625 ], [ 105258.5289306640625, 96597.77569580078125 ], [ 105255.68292236328125, 96586.50311279296875 ], [ 105218.56011962890625, 96578.98150634765625 ], [ 105216.2830810546875, 96584.73272705078125 ], [ 105208.0255126953125, 96587.46331787109375 ], [ 105199.70989990234375, 96585.3629150390625 ], [ 105190.4456787109375, 96587.80352783203125 ], [ 105176.627685546875, 96589.3037109375 ], [ 105167.4625244140625, 96589.20367431640625 ], [ 105161.3826904296875, 96588.46368408203125 ], [ 105147.6060791015625, 96588.4434814453125 ], [ 105140.27227783203125, 96588.86370849609375 ], [ 105130.43048095703125, 96591.164306640625 ], [ 105116.61248779296875, 96595.3551025390625 ], [ 105073.65728759765625, 96604.1370849609375 ], [ 105060.0208740234375, 96601.32647705078125 ], [ 105045.62548828125, 96602.6868896484375 ], [ 105030.5452880859375, 96607.28790283203125 ], [ 105014.2279052734375, 96618.8704833984375 ], [ 104994.17327880859375, 96623.6815185546875 ], [ 104975.03448486328125, 96630.82330322265625 ], [ 104964.87109375, 96636.52447509765625 ], [ 104950.2529296875, 96645.35650634765625 ], [ 104935.09027099609375, 96648.5872802734375 ], [ 104918.3272705078125, 96653.77850341796875 ], [ 104909.417724609375, 96672.48272705078125 ], [ 104905.51568603515625, 96680.7144775390625 ], [ 104900.39288330078125, 96675.18328857421875 ], [ 104894.34588623046875, 96679.7742919921875 ], [ 104894.453125, 96690.7266845703125 ], [ 104885.4613037109375, 96698.898681640625 ], [ 104874.02728271484375, 96707.48052978515625 ], [ 104868.7147216796875, 96707.48052978515625 ], [ 104863.43487548828125, 96707.030517578125 ], [ 104855.08648681640625, 96705.69012451171875 ], [ 104849.3118896484375, 96710.04107666015625 ], [ 104841.103515625, 96711.50152587890625 ], [ 104835.36187744140625, 96714.832275390625 ], [ 104830.57708740234375, 96713.64190673828125 ], [ 104827.52490234375, 96719.61328125 ], [ 104823.51568603515625, 96718.193115234375 ], [ 104821.06549072265625, 96715.8125 ], [ 104806.95068359375, 96724.66448974609375 ], [ 104795.5662841796875, 96729.05548095703125 ], [ 104789.2470703125, 96727.7952880859375 ], [ 104791.61468505859375, 96719.7633056640625 ], [ 104793.05010986328125, 96715.75250244140625 ], [ 104786.384521484375, 96717.022705078125 ], [ 104774.8682861328125, 96718.35308837890625 ], [ 104761.70208740234375, 96722.674072265625 ], [ 104756.63690185546875, 96728.3153076171875 ], [ 104740.31927490234375, 96735.056884765625 ], [ 104733.08447265625, 96737.5675048828125 ], [ 104720.23992919921875, 96740.37811279296875 ], [ 104707.62652587890625, 96749.80010986328125 ], [ 104687.1759033203125, 96751.80072021484375 ], [ 104668.20208740234375, 96754.88128662109375 ], [ 104657.79107666015625, 96754.2310791015625 ], [ 104651.97528076171875, 96753.25091552734375 ], [ 104642.5706787109375, 96752.88092041015625 ], [ 104625.68408203125, 96754.77130126953125 ], [ 104614.22552490234375, 96754.84130859375 ], [ 104602.3873291015625, 96751.60052490234375 ], [ 104595.35888671875, 96749.04010009765625 ], [ 104578.26568603515625, 96749.9102783203125 ], [ 104562.66607666015625, 96745.24908447265625 ], [ 104531.94488525390625, 96743.0487060546875 ], [ 104522.16912841796875, 96739.377685546875 ], [ 104514.42291259765625, 96735.777099609375 ], [ 104505.97528076171875, 96736.727294921875 ], [ 104489.311279296875, 96733.2864990234375 ], [ 104472.47412109375, 96727.81512451171875 ], [ 104443.122314453125, 96717.042724609375 ], [ 104427.1925048828125, 96708.05072021484375 ], [ 104415.7999267578125, 96706.60028076171875 ], [ 104411.13067626953125, 96702.3594970703125 ], [ 104394.55731201171875, 96702.989501953125 ], [ 104377.5220947265625, 96695.9879150390625 ], [ 104365.23028564453125, 96691.4569091796875 ], [ 104356.37872314453125, 96683.75531005859375 ], [ 104341.01812744140625, 96679.60430908203125 ], [ 104324.3704833984375, 96675.663330078125 ], [ 104291.0177001953125, 96671.572509765625 ], [ 104291.0177001953125, 96960.097900390625 ], [ 104295.64569091796875, 97011.03948974609375 ], [ 104300.273681640625, 97464.872314453125 ], [ 104304.70367431640625, 97801.07867431640625 ], [ 104369.6768798828125, 97803.8992919921875 ], [ 104442.256103515625, 97809.95068359375 ], [ 104569.26568603515625, 97834.1461181640625 ], [ 104692.85968017578125, 97860.57208251953125 ], [ 104693.676513671875, 97856.2510986328125 ], [ 105346.75750732421875, 97983.85009765625 ], [ 105551.7166748046875, 98024.82928466796875 ], [ 105511.343505859375, 97961.21490478515625 ], [ 105484.8626708984375, 97919.4854736328125 ], [ 105398.4324951171875, 97781.6041259765625 ], [ 105392.83111572265625, 97775.5828857421875 ], [ 105389.08587646484375, 97771.5618896484375 ], [ 105379.60711669921875, 97761.3795166015625 ], [ 105341.4036865234375, 97722.38067626953125 ], [ 105353.01068115234375, 97696.43487548828125 ], [ 105389.31671142578125, 97620.68768310546875 ], [ 105396.60931396484375, 97606.27447509765625 ], [ 105435.91009521484375, 97487.2974853515625 ], [ 105439.26751708984375, 97475.784912109375 ], [ 105443.35107421875, 97461.80169677734375 ], [ 105490.62908935546875, 97271.0784912109375 ], [ 105506.022705078125, 97208.96429443359375 ], [ 105551.70849609375, 97045.3572998046875 ], [ 105616.9456787109375, 96859.38507080078125 ], [ 105691.40570068359375, 96644.436279296875 ], [ 105698.236328125, 96635.38427734375 ], [ 105725.91351318359375, 96567.348876953125 ] ] ] ] } },
{ "type": "Feature", "properties": { "ID": "058", "CIRCUITO_N": 58, "COMUNA": 5, "BARRIO": "BOEDO", "TOTAL": 13294.0, "MASCULINO": 6609.0, "FEMENINO": 6685.0, "PERIMETRO": 4205.28218982, "AREA": 1051550.1928099999 }, "geometry": { "type": "MultiPolygon", "coordinates": [ [ [ [ 104724.33172607421875, 99877.97967529296875 ], [ 104747.727294921875, 99601.40692138671875 ], [ 104750.78790283203125, 99589.4541015625 ], [ 104797.290283203125, 99446.29168701171875 ], [ 104805.87811279296875, 99419.845703125 ], [ 104842.2667236328125, 99337.96710205078125 ], [ 104842.74530029296875, 99288.58587646484375 ], [ 104772.0634765625, 99019.3948974609375 ], [ 104596.76947021484375, 98983.7266845703125 ], [ 104015.03851318359375, 98864.909912109375 ], [ 103650.8472900390625, 98786.47210693359375 ], [ 103463.31109619140625, 99656.68927001953125 ], [ 103463.26971435546875, 99656.8795166015625 ], [ 103822.72589111328125, 99695.788330078125 ], [ 104046.45269775390625, 99724.22467041015625 ], [ 104340.3250732421875, 99764.043701171875 ], [ 104724.33172607421875, 99877.97967529296875 ] ] ] ] } },
{ "type": "Feature", "properties": { "ID": "059", "CIRCUITO_N": 59, "COMUNA": 5, "BARRIO": "BOEDO", "TOTAL": 12152.0, "MASCULINO": 5906.0, "FEMENINO": 6246.0, "PERIMETRO": 3853.1568743799999, "AREA": 831900.92881700001 }, "geometry": { "type": "MultiPolygon", "coordinates": [ [ [ [ 104696.26690673828125, 100476.60528564453125 ], [ 104697.9744873046875, 100460.78167724609375 ], [ 104710.86029052734375, 100186.03948974609375 ], [ 104717.93829345703125, 100006.11871337890625 ], [ 104724.29052734375, 99878.48968505859375 ], [ 104724.33172607421875, 99877.97967529296875 ], [ 104340.3250732421875, 99764.043701171875 ], [ 104046.45269775390625, 99724.22467041015625 ], [ 103822.72589111328125, 99695.788330078125 ], [ 103463.26971435546875, 99656.8795166015625 ], [ 103462.956298828125, 99658.56988525390625 ], [ 103350.919677734375, 100251.2742919921875 ], [ 103350.84527587890625, 100251.72430419921875 ], [ 103948.8939208984375, 100357.04827880859375 ], [ 104327.08447265625, 100424.97369384765625 ], [ 104696.26690673828125, 100476.60528564453125 ] ] ] ] } },
{ "type": "Feature", "properties": { "ID": "060", "CIRCUITO_N": 60, "COMUNA": 5, "BARRIO": "BOEDO", "TOTAL": 14712.0, "MASCULINO": 7016.0, "FEMENINO": 7696.0, "PERIMETRO": 3839.8068269199998, "AREA": 724382.04137200001 }, "geometry": { "type": "MultiPolygon", "coordinates": [ [ [ [ 103256.5205078125, 100798.09832763671875 ], [ 103614.33489990234375, 100859.48211669921875 ], [ 103768.518310546875, 100873.0753173828125 ], [ 104295.010498046875, 100919.50567626953125 ], [ 104654.50787353515625, 100956.13409423828125 ], [ 104664.2257080078125, 100819.423095703125 ], [ 104671.08929443359375, 100819.423095703125 ], [ 104700.83709716796875, 100697.59552001953125 ], [ 104673.06927490234375, 100690.80389404296875 ], [ 104696.26690673828125, 100476.60528564453125 ], [ 104327.08447265625, 100424.97369384765625 ], [ 103948.8939208984375, 100357.04827880859375 ], [ 103350.84527587890625, 100251.72430419921875 ], [ 103256.5205078125, 100798.09832763671875 ] ] ] ] } },
{ "type": "Feature", "properties": { "ID": "061", "CIRCUITO_N": 61, "COMUNA": 5, "BARRIO": "ALMAGRO", "TOTAL": 14863.0, "MASCULINO": 6813.0, "FEMENINO": 8050.0, "PERIMETRO": 3259.3195594499998, "AREA": 570379.41064300004 }, "geometry": { "type": "MultiPolygon", "coordinates": [ [ [ [ 103582.978515625, 101966.4932861328125 ], [ 103647.21728515625, 101841.07470703125 ], [ 103690.8572998046875, 101605.62127685546875 ], [ 103721.25689697265625, 101380.38031005859375 ], [ 103735.51190185546875, 101274.77630615234375 ], [ 103768.518310546875, 100873.0753173828125 ], [ 103614.33489990234375, 100859.48211669921875 ], [ 103256.5205078125, 100798.09832763671875 ], [ 103123.17529296875, 101570.2332763671875 ], [ 103051.2313232421875, 101533.244873046875 ], [ 103048.484130859375, 101692.20111083984375 ], [ 103209.91070556640625, 101772.9193115234375 ], [ 103582.978515625, 101966.4932861328125 ] ] ] ] } },
{ "type": "Feature", "properties": { "ID": "062", "CIRCUITO_N": 62, "COMUNA": 5, "BARRIO": "ALMAGRO", "TOTAL": 9659.0, "MASCULINO": 4643.0, "FEMENINO": 5016.0, "PERIMETRO": 3007.32911887, "AREA": 480974.06486500002 }, "geometry": { "type": "MultiPolygon", "coordinates": [ [ [ [ 104630.9967041015625, 101534.35528564453125 ], [ 104631.02972412109375, 101533.80511474609375 ], [ 104637.8685302734375, 101398.22430419921875 ], [ 104645.8704833984375, 101094.32550048828125 ], [ 104654.50787353515625, 100956.13409423828125 ], [ 104295.010498046875, 100919.50567626953125 ], [ 103768.518310546875, 100873.0753173828125 ], [ 103735.51190185546875, 101274.77630615234375 ], [ 103721.25689697265625, 101380.38031005859375 ], [ 103981.13287353515625, 101396.91412353515625 ], [ 104254.068115234375, 101398.594482421875 ], [ 104244.02032470703125, 101505.75872802734375 ], [ 104485.1370849609375, 101520.82208251953125 ], [ 104630.9967041015625, 101534.35528564453125 ] ] ] ] } },
{ "type": "Feature", "properties": { "ID": "063", "CIRCUITO_N": 63, "COMUNA": 5, "BARRIO": "ALMAGRO", "TOTAL": 19705.0, "MASCULINO": 8993.0, "FEMENINO": 10712.0, "PERIMETRO": 3638.9255048800001, "AREA": 686610.78500100004 }, "geometry": { "type": "MultiPolygon", "coordinates": [ [ [ [ 104484.3616943359375, 102350.4302978515625 ], [ 104460.55352783203125, 102335.77691650390625 ], [ 104469.0916748046875, 102207.25787353515625 ], [ 104479.255126953125, 102054.153076171875 ], [ 104583.9578857421875, 101822.56048583984375 ], [ 104623.6217041015625, 101680.73828125 ], [ 104630.9967041015625, 101534.35528564453125 ], [ 104485.1370849609375, 101520.82208251953125 ], [ 104244.02032470703125, 101505.75872802734375 ], [ 104254.068115234375, 101398.594482421875 ], [ 103981.13287353515625, 101396.91412353515625 ], [ 103721.25689697265625, 101380.38031005859375 ], [ 103690.8572998046875, 101605.62127685546875 ], [ 103647.21728515625, 101841.07470703125 ], [ 103582.978515625, 101966.4932861328125 ], [ 103569.59771728515625, 101992.61907958984375 ], [ 103677.8560791015625, 102012.36370849609375 ], [ 103855.16290283203125, 102131.45068359375 ], [ 103854.5029296875, 102141.3729248046875 ], [ 103910.07989501953125, 102160.55731201171875 ], [ 103979.549072265625, 102168.49908447265625 ], [ 104095.0010986328125, 102177.10107421875 ], [ 104082.4287109375, 102299.49871826171875 ], [ 104200.19891357421875, 102298.83868408203125 ], [ 104331.52288818359375, 102298.83868408203125 ], [ 104347.403076171875, 102299.49871826171875 ], [ 104389.087890625, 102304.1298828125 ], [ 104424.1483154296875, 102314.7122802734375 ], [ 104484.3616943359375, 102350.4302978515625 ] ] ] ] } },
{ "type": "Feature", "properties": { "ID": "064", "CIRCUITO_N": 64, "COMUNA": 5, "BARRIO": "ALMAGRO", "TOTAL": 21668.0, "MASCULINO": 10036.0, "FEMENINO": 11632.0, "PERIMETRO": 3528.0686466900002, "AREA": 666785.02508499997 }, "geometry": { "type": "MultiPolygon", "coordinates": [ [ [ [ 103595.70751953125, 102928.28131103515625 ], [ 103760.40887451171875, 102908.2667236328125 ], [ 103884.02789306640625, 102893.0233154296875 ], [ 103888.11151123046875, 102892.5233154296875 ], [ 104017.00189208984375, 102876.61968994140625 ], [ 104157.51593017578125, 102859.28570556640625 ], [ 104272.97607421875, 102845.29248046875 ], [ 104478.5208740234375, 102798.0618896484375 ], [ 104596.72808837890625, 102785.618896484375 ], [ 104576.55810546875, 102679.2548828125 ], [ 104527.3992919921875, 102428.4578857421875 ], [ 104513.886474609375, 102368.614501953125 ], [ 104484.3616943359375, 102350.4302978515625 ], [ 104424.1483154296875, 102314.7122802734375 ], [ 104389.087890625, 102304.1298828125 ], [ 104347.403076171875, 102299.49871826171875 ], [ 104331.52288818359375, 102298.83868408203125 ], [ 104200.19891357421875, 102298.83868408203125 ], [ 104082.4287109375, 102299.49871826171875 ], [ 104095.0010986328125, 102177.10107421875 ], [ 103979.549072265625, 102168.49908447265625 ], [ 103910.07989501953125, 102160.55731201171875 ], [ 103854.5029296875, 102141.3729248046875 ], [ 103855.16290283203125, 102131.45068359375 ], [ 103677.8560791015625, 102012.36370849609375 ], [ 103569.59771728515625, 101992.61907958984375 ], [ 103561.9669189453125, 102007.50250244140625 ], [ 103545.73187255859375, 102253.09808349609375 ], [ 103539.6436767578125, 102287.6060791015625 ], [ 103553.8494873046875, 102583.94329833984375 ], [ 103595.70751953125, 102928.28131103515625 ] ] ] ] } },
{ "type": "Feature", "properties": { "ID": "065", "CIRCUITO_N": 65, "COMUNA": 5, "BARRIO": "ALMAGRO", "TOTAL": 13353.0, "MASCULINO": 6262.0, "FEMENINO": 7091.0, "PERIMETRO": 2777.3051819000002, "AREA": 480005.770135 }, "geometry": { "type": "MultiPolygon", "coordinates": [ [ [ [ 104068.4622802734375, 103491.08892822265625 ], [ 104338.77410888671875, 103483.957275390625 ], [ 104465.74249267578125, 103478.78607177734375 ], [ 104713.19488525390625, 103466.76348876953125 ], [ 104714.5972900390625, 103466.6934814453125 ], [ 104694.2952880859375, 103322.99090576171875 ], [ 104652.76727294921875, 103068.2930908203125 ], [ 104652.189697265625, 103064.7623291015625 ], [ 104616.17230224609375, 102888.082275390625 ], [ 104596.72808837890625, 102785.618896484375 ], [ 104478.5208740234375, 102798.0618896484375 ], [ 104272.97607421875, 102845.29248046875 ], [ 104157.51593017578125, 102859.28570556640625 ], [ 104017.00189208984375, 102876.61968994140625 ], [ 103888.11151123046875, 102892.5233154296875 ], [ 103884.02789306640625, 102893.0233154296875 ], [ 103899.25653076171875, 103031.2147216796875 ], [ 103916.11029052734375, 103166.0352783203125 ], [ 103925.7457275390625, 103243.08270263671875 ], [ 103931.75970458984375, 103296.044677734375 ], [ 103941.39508056640625, 103363.4600830078125 ], [ 103952.2266845703125, 103450.12969970703125 ], [ 103956.219482421875, 103494.0496826171875 ], [ 104068.4622802734375, 103491.08892822265625 ] ] ] ] } },
{ "type": "Feature", "properties": { "ID": "066", "CIRCUITO_N": 66, "COMUNA": 5, "BARRIO": "ALMAGRO", "TOTAL": 12664.0, "MASCULINO": 5865.0, "FEMENINO": 6799.0, "PERIMETRO": 2939.27732625, "AREA": 477214.40680900001 }, "geometry": { "type": "MultiPolygon", "coordinates": [ [ [ [ 102854.67010498046875, 103018.87188720703125 ], [ 103026.52392578125, 103257.035888671875 ], [ 103028.701904296875, 103259.24627685546875 ], [ 103107.18768310546875, 103344.82568359375 ], [ 103131.3341064453125, 103362.38970947265625 ], [ 103250.95208740234375, 103428.23468017578125 ], [ 103348.073486328125, 103473.77508544921875 ], [ 103368.92010498046875, 103478.16607666015625 ], [ 103380.9478759765625, 103478.6561279296875 ], [ 103393.0662841796875, 103481.45672607421875 ], [ 103627.81451416015625, 103487.38812255859375 ], [ 103663.4359130859375, 103495.56988525390625 ], [ 103703.5286865234375, 103500.18109130859375 ], [ 103809.0894775390625, 103497.93048095703125 ], [ 103956.219482421875, 103494.0496826171875 ], [ 103952.2266845703125, 103450.12969970703125 ], [ 103941.39508056640625, 103363.4600830078125 ], [ 103931.75970458984375, 103296.044677734375 ], [ 103925.7457275390625, 103243.08270263671875 ], [ 103916.11029052734375, 103166.0352783203125 ], [ 103899.25653076171875, 103031.2147216796875 ], [ 103884.02789306640625, 102893.0233154296875 ], [ 103760.40887451171875, 102908.2667236328125 ], [ 103595.70751953125, 102928.28131103515625 ], [ 103386.04608154296875, 102953.7470703125 ], [ 102999.43267822265625, 103000.9879150390625 ], [ 102854.67010498046875, 103018.87188720703125 ] ] ] ] } },
{ "type": "Feature", "properties": { "ID": "067", "CIRCUITO_N": 67, "COMUNA": 5, "BARRIO": "ALMAGRO", "TOTAL": 20182.0, "MASCULINO": 9099.0, "FEMENINO": 11083.0, "PERIMETRO": 3780.3987023200002, "AREA": 689254.51882300002 }, "geometry": { "type": "MultiPolygon", "coordinates": [ [ [ [ 102748.32568359375, 102949.75628662109375 ], [ 102848.74688720703125, 103010.66009521484375 ], [ 102854.26593017578125, 103018.32171630859375 ], [ 102854.67010498046875, 103018.87188720703125 ], [ 102999.43267822265625, 103000.9879150390625 ], [ 103386.04608154296875, 102953.7470703125 ], [ 103595.70751953125, 102928.28131103515625 ], [ 103553.8494873046875, 102583.94329833984375 ], [ 103539.6436767578125, 102287.6060791015625 ], [ 103545.73187255859375, 102253.09808349609375 ], [ 103561.9669189453125, 102007.50250244140625 ], [ 103569.59771728515625, 101992.61907958984375 ], [ 103582.978515625, 101966.4932861328125 ], [ 103209.91070556640625, 101772.9193115234375 ], [ 103048.484130859375, 101692.20111083984375 ], [ 103048.44287109375, 101694.49151611328125 ], [ 103044.12030029296875, 101756.7056884765625 ], [ 103024.79168701171875, 102035.0186767578125 ], [ 103013.143310546875, 102265.23089599609375 ], [ 103009.20831298828125, 102278.90411376953125 ], [ 102993.6414794921875, 102579.09210205078125 ], [ 102993.25372314453125, 102587.20391845703125 ], [ 102983.1151123046875, 102601.497314453125 ], [ 102914.47088623046875, 102697.2489013671875 ], [ 102849.7864990234375, 102796.061279296875 ], [ 102840.4478759765625, 102810.20452880859375 ], [ 102748.32568359375, 102949.75628662109375 ] ] ] ] } },
{ "type": "Feature", "properties": { "ID": "068", "CIRCUITO_N": 68, "COMUNA": 6, "BARRIO": "CABALLITO", "TOTAL": 19160.0, "MASCULINO": 8771.0, "FEMENINO": 10389.0, "PERIMETRO": 3960.7834596399998, "AREA": 973593.823355 }, "geometry": { "type": "MultiPolygon", "coordinates": [ [ [ [ 102124.76129150390625, 102599.2567138671875 ], [ 102207.75970458984375, 102626.0828857421875 ], [ 102396.05487060546875, 102741.799072265625 ], [ 102396.846923828125, 102742.24908447265625 ], [ 102564.5098876953125, 102838.37091064453125 ], [ 102581.91650390625, 102849.26348876953125 ], [ 102748.32568359375, 102949.75628662109375 ], [ 102840.4478759765625, 102810.20452880859375 ], [ 102849.7864990234375, 102796.061279296875 ], [ 102914.47088623046875, 102697.2489013671875 ], [ 102983.1151123046875, 102601.497314453125 ], [ 102993.25372314453125, 102587.20391845703125 ], [ 102993.6414794921875, 102579.09210205078125 ], [ 103009.20831298828125, 102278.90411376953125 ], [ 103013.143310546875, 102265.23089599609375 ], [ 103024.79168701171875, 102035.0186767578125 ], [ 103044.12030029296875, 101756.7056884765625 ], [ 102380.57867431640625, 101414.62811279296875 ], [ 102359.96331787109375, 101465.47967529296875 ], [ 102338.6383056640625, 101680.1282958984375 ], [ 102288.17608642578125, 101818.009521484375 ], [ 102204.3031005859375, 102041.19012451171875 ], [ 102126.12249755859375, 102270.0521240234375 ], [ 102126.12249755859375, 102376.66632080078125 ], [ 102124.76129150390625, 102599.2567138671875 ] ] ] ] } },
{ "type": "Feature", "properties": { "ID": "069", "CIRCUITO_N": 69, "COMUNA": 6, "BARRIO": "CABALLITO", "TOTAL": 28315.0, "MASCULINO": 12610.0, "FEMENINO": 15705.0, "PERIMETRO": 4370.53328461, "AREA": 958089.28743699996 }, "geometry": { "type": "MultiPolygon", "coordinates": [ [ [ [ 103044.12030029296875, 101756.7056884765625 ], [ 103048.44287109375, 101694.49151611328125 ], [ 103048.484130859375, 101692.20111083984375 ], [ 103051.2313232421875, 101533.244873046875 ], [ 103123.17529296875, 101570.2332763671875 ], [ 103256.5205078125, 100798.09832763671875 ], [ 103350.84527587890625, 100251.72430419921875 ], [ 103350.919677734375, 100251.2742919921875 ], [ 102840.909912109375, 100163.9644775390625 ], [ 102703.811279296875, 100139.2188720703125 ], [ 102676.24969482421875, 100275.669677734375 ], [ 102663.4547119140625, 100360.9591064453125 ], [ 102654.9246826171875, 100403.60888671875 ], [ 102644.26629638671875, 100532.96807861328125 ], [ 102628.6251220703125, 100690.75390625 ], [ 102624.360107421875, 100713.49908447265625 ], [ 102582.42791748046875, 100879.81671142578125 ], [ 102514.19610595703125, 101093.04510498046875 ], [ 102475.811279296875, 101184.01568603515625 ], [ 102413.9810791015625, 101329.00872802734375 ], [ 102403.76812744140625, 101352.42388916015625 ], [ 102389.80987548828125, 101384.4512939453125 ], [ 102381.28009033203125, 101412.877685546875 ], [ 102380.57867431640625, 101414.62811279296875 ], [ 103044.12030029296875, 101756.7056884765625 ] ] ] ] } },
{ "type": "Feature", "properties": { "ID": "070", "CIRCUITO_N": 70, "COMUNA": 6, "BARRIO": "CABALLITO", "TOTAL": 24308.0, "MASCULINO": 11102.0, "FEMENINO": 13206.0, "PERIMETRO": 4288.63226493, "AREA": 1012942.90691 }, "geometry": { "type": "MultiPolygon", "coordinates": [ [ [ [ 101564.8751220703125, 102402.35211181640625 ], [ 101617.43267822265625, 102430.67852783203125 ], [ 101654.39892578125, 102447.2423095703125 ], [ 102124.76129150390625, 102599.2567138671875 ], [ 102126.12249755859375, 102376.66632080078125 ], [ 102126.12249755859375, 102270.0521240234375 ], [ 102204.3031005859375, 102041.19012451171875 ], [ 102288.17608642578125, 101818.009521484375 ], [ 102338.6383056640625, 101680.1282958984375 ], [ 102359.96331787109375, 101465.47967529296875 ], [ 102380.57867431640625, 101414.62811279296875 ], [ 102381.28009033203125, 101412.877685546875 ], [ 102389.80987548828125, 101384.4512939453125 ], [ 102403.76812744140625, 101352.42388916015625 ], [ 102272.2379150390625, 101278.32708740234375 ], [ 102205.49932861328125, 101242.08892822265625 ], [ 102177.21173095703125, 101228.105712890625 ], [ 102083.14251708984375, 101175.3538818359375 ], [ 102052.63592529296875, 101160.73052978515625 ], [ 101871.1630859375, 101060.93792724609375 ], [ 101785.67327880859375, 101013.26708984375 ], [ 101687.14947509765625, 100967.5067138671875 ], [ 101611.831298828125, 100928.7379150390625 ], [ 101611.20428466796875, 100928.31768798828125 ], [ 101579.42730712890625, 101019.09832763671875 ], [ 101562.99407958984375, 101097.6060791015625 ], [ 101541.99908447265625, 101207.160888671875 ], [ 101532.86688232421875, 101298.45172119140625 ], [ 101521.91168212890625, 101437.21307373046875 ], [ 101521.91168212890625, 101473.73150634765625 ], [ 101540.16790771484375, 101663.614501953125 ], [ 101545.6455078125, 101751.2542724609375 ], [ 101531.04388427734375, 101857.15850830078125 ], [ 101529.2125244140625, 101904.62908935546875 ], [ 101529.2125244140625, 101988.6182861328125 ], [ 101534.69012451171875, 102145.6339111328125 ], [ 101539.95330810546875, 102389.41912841796875 ], [ 101564.53692626953125, 102402.45208740234375 ], [ 101564.8751220703125, 102402.35211181640625 ] ] ] ] } },
{ "type": "Feature", "properties": { "ID": "071", "CIRCUITO_N": 71, "COMUNA": 6, "BARRIO": "CABALLITO", "TOTAL": 29245.0, "MASCULINO": 13013.0, "FEMENINO": 16232.0, "PERIMETRO": 4087.6742776599999, "AREA": 936260.88861999998 }, "geometry": { "type": "MultiPolygon", "coordinates": [ [ [ [ 102403.76812744140625, 101352.42388916015625 ], [ 102413.9810791015625, 101329.00872802734375 ], [ 102475.811279296875, 101184.01568603515625 ], [ 102514.19610595703125, 101093.04510498046875 ], [ 102582.42791748046875, 100879.81671142578125 ], [ 102624.360107421875, 100713.49908447265625 ], [ 102628.6251220703125, 100690.75390625 ], [ 102644.26629638671875, 100532.96807861328125 ], [ 102654.9246826171875, 100403.60888671875 ], [ 102663.4547119140625, 100360.9591064453125 ], [ 102676.24969482421875, 100275.669677734375 ], [ 102703.811279296875, 100139.2188720703125 ], [ 102395.9146728515625, 100083.64630126953125 ], [ 101869.001708984375, 99991.82550048828125 ], [ 101867.5333251953125, 99991.5552978515625 ], [ 101846.90948486328125, 100128.0963134765625 ], [ 101839.60870361328125, 100254.07489013671875 ], [ 101835.9541015625, 100352.66729736328125 ], [ 101832.2996826171875, 100444.73809814453125 ], [ 101814.7529296875, 100655.25592041015625 ], [ 101809.811279296875, 100681.3917236328125 ], [ 101809.48150634765625, 100683.14227294921875 ], [ 101730.97088623046875, 100821.9136962890625 ], [ 101662.71429443359375, 100786.82568359375 ], [ 101617.7708740234375, 100909.55352783203125 ], [ 101611.20428466796875, 100928.31768798828125 ], [ 101611.831298828125, 100928.7379150390625 ], [ 101687.14947509765625, 100967.5067138671875 ], [ 101785.67327880859375, 101013.26708984375 ], [ 101871.1630859375, 101060.93792724609375 ], [ 102052.63592529296875, 101160.73052978515625 ], [ 102083.14251708984375, 101175.3538818359375 ], [ 102177.21173095703125, 101228.105712890625 ], [ 102205.49932861328125, 101242.08892822265625 ], [ 102272.2379150390625, 101278.32708740234375 ], [ 102403.76812744140625, 101352.42388916015625 ] ] ] ] } },
{ "type": "Feature", "properties": { "ID": "072", "CIRCUITO_N": 72, "COMUNA": 6, "BARRIO": "CABALLITO", "TOTAL": 12639.0, "MASCULINO": 5968.0, "FEMENINO": 6671.0, "PERIMETRO": 3856.9224549599999, "AREA": 803621.81841399998 }, "geometry": { "type": "MultiPolygon", "coordinates": [ [ [ [ 100353.0875244140625, 101706.88427734375 ], [ 100342.85809326171875, 101725.94873046875 ], [ 100054.9171142578125, 102427.61767578125 ], [ 100442.718505859375, 102748.68048095703125 ], [ 101151.0299072265625, 102526.7003173828125 ], [ 101564.53692626953125, 102402.45208740234375 ], [ 101539.95330810546875, 102389.41912841796875 ], [ 101442.0728759765625, 102337.52728271484375 ], [ 101400.8416748046875, 102316.052490234375 ], [ 101312.36572265625, 102259.35968017578125 ], [ 101128.9791259765625, 102139.9625244140625 ], [ 100896.623291015625, 101987.9180908203125 ], [ 100840.36151123046875, 101948.40911865234375 ], [ 100669.42327880859375, 101860.789306640625 ], [ 100405.290283203125, 101731.08990478515625 ], [ 100353.0875244140625, 101706.88427734375 ] ] ] ] } },
{ "type": "Feature", "properties": { "ID": "073", "CIRCUITO_N": 73, "COMUNA": 6, "BARRIO": "CABALLITO", "TOTAL": 16146.0, "MASCULINO": 7616.0, "FEMENINO": 8530.0, "PERIMETRO": 5005.6422536199998, "AREA": 1390149.3888099999 }, "geometry": { "type": "MultiPolygon", "coordinates": [ [ [ [ 101611.20428466796875, 100928.31768798828125 ], [ 101600.3892822265625, 100921.1060791015625 ], [ 101533.65069580078125, 100888.688720703125 ], [ 101324.8472900390625, 100781.2645263671875 ], [ 101131.30548095703125, 100689.103515625 ], [ 100932.038330078125, 100593.76190185546875 ], [ 100799.93072509765625, 100531.47772216796875 ], [ 100799.5098876953125, 100532.58807373046875 ], [ 100664.20147705078125, 100891.989501953125 ], [ 100612.74908447265625, 101027.6602783203125 ], [ 100553.95489501953125, 101182.68548583984375 ], [ 100353.64849853515625, 101705.8341064453125 ], [ 100353.0875244140625, 101706.88427734375 ], [ 100405.290283203125, 101731.08990478515625 ], [ 100669.42327880859375, 101860.789306640625 ], [ 100840.36151123046875, 101948.40911865234375 ], [ 100896.623291015625, 101987.9180908203125 ], [ 101128.9791259765625, 102139.9625244140625 ], [ 101312.36572265625, 102259.35968017578125 ], [ 101400.8416748046875, 102316.052490234375 ], [ 101442.0728759765625, 102337.52728271484375 ], [ 101539.95330810546875, 102389.41912841796875 ], [ 101534.69012451171875, 102145.6339111328125 ], [ 101529.2125244140625, 101988.6182861328125 ], [ 101529.2125244140625, 101904.62908935546875 ], [ 101531.04388427734375, 101857.15850830078125 ], [ 101545.6455078125, 101751.2542724609375 ], [ 101540.16790771484375, 101663.614501953125 ], [ 101521.91168212890625, 101473.73150634765625 ], [ 101521.91168212890625, 101437.21307373046875 ], [ 101532.86688232421875, 101298.45172119140625 ], [ 101541.99908447265625, 101207.160888671875 ], [ 101562.99407958984375, 101097.6060791015625 ], [ 101579.42730712890625, 101019.09832763671875 ], [ 101611.20428466796875, 100928.31768798828125 ] ] ] ] } },
{ "type": "Feature", "properties": { "ID": "074", "CIRCUITO_N": 74, "COMUNA": 6, "BARRIO": "CABALLITO", "TOTAL": 21587.0, "MASCULINO": 9883.0, "FEMENINO": 11704.0, "PERIMETRO": 3526.64909898, "AREA": 776421.94805699994 }, "geometry": { "type": "MultiPolygon", "coordinates": [ [ [ [ 101867.5333251953125, 99991.5552978515625 ], [ 101076.14093017578125, 99847.8626708984375 ], [ 100983.44110107421875, 100081.335693359375 ], [ 100857.87530517578125, 100389.855712890625 ], [ 100848.61932373046875, 100405.83929443359375 ], [ 100800.1947021484375, 100530.81768798828125 ], [ 100799.93072509765625, 100531.47772216796875 ], [ 100932.038330078125, 100593.76190185546875 ], [ 101131.30548095703125, 100689.103515625 ], [ 101324.8472900390625, 100781.2645263671875 ], [ 101533.65069580078125, 100888.688720703125 ], [ 101600.3892822265625, 100921.1060791015625 ], [ 101611.20428466796875, 100928.31768798828125 ], [ 101617.7708740234375, 100909.55352783203125 ], [ 101662.71429443359375, 100786.82568359375 ], [ 101730.97088623046875, 100821.9136962890625 ], [ 101809.48150634765625, 100683.14227294921875 ], [ 101809.811279296875, 100681.3917236328125 ], [ 101814.7529296875, 100655.25592041015625 ], [ 101832.2996826171875, 100444.73809814453125 ], [ 101835.9541015625, 100352.66729736328125 ], [ 101839.60870361328125, 100254.07489013671875 ], [ 101846.90948486328125, 100128.0963134765625 ], [ 101867.5333251953125, 99991.5552978515625 ] ] ] ] } },
{ "type": "Feature", "properties": { "ID": "075", "CIRCUITO_N": 75, "COMUNA": 7, "BARRIO": "PARQUE CHACABUCO", "TOTAL": 9742.0, "MASCULINO": 4565.0, "FEMENINO": 5177.0, "PERIMETRO": 3862.8124013299998, "AREA": 861842.52480400004 }, "geometry": { "type": "MultiPolygon", "coordinates": [ [ [ [ 102241.63232421875, 99337.1868896484375 ], [ 102237.9447021484375, 99336.32672119140625 ], [ 101765.0001220703125, 99218.07989501953125 ], [ 101599.9603271484375, 99181.13153076171875 ], [ 101361.02130126953125, 99035.79852294921875 ], [ 101273.1392822265625, 98942.34747314453125 ], [ 101253.4312744140625, 98959.30133056640625 ], [ 101191.05670166015625, 99010.742919921875 ], [ 101091.1796875, 99087.60028076171875 ], [ 101088.41607666015625, 99090.97113037109375 ], [ 101085.52069091796875, 99094.51190185546875 ], [ 101078.038330078125, 99115.0966796875 ], [ 100866.6279296875, 99637.02490234375 ], [ 100818.2529296875, 99750.64068603515625 ], [ 100817.16387939453125, 99753.1912841796875 ], [ 100841.202880859375, 99761.5330810546875 ], [ 101076.14093017578125, 99847.8626708984375 ], [ 101867.5333251953125, 99991.5552978515625 ], [ 101869.001708984375, 99991.82550048828125 ], [ 101883.372314453125, 99903.165283203125 ], [ 101940.12908935546875, 99805.3131103515625 ], [ 102120.1746826171875, 99521.5487060546875 ], [ 102241.5167236328125, 99337.58709716796875 ], [ 102241.63232421875, 99337.1868896484375 ] ] ] ] } },
{ "type": "Feature", "properties": { "ID": "076", "CIRCUITO_N": 76, "COMUNA": 7, "BARRIO": "PARQUE CHACABUCO", "TOTAL": 14937.0, "MASCULINO": 6978.0, "FEMENINO": 7959.0, "PERIMETRO": 4141.2402335799998, "AREA": 923261.26660800003 }, "geometry": { "type": "MultiPolygon", "coordinates": [ [ [ [ 101869.001708984375, 99991.82550048828125 ], [ 102395.9146728515625, 100083.64630126953125 ], [ 102703.811279296875, 100139.2188720703125 ], [ 102840.909912109375, 100163.9644775390625 ], [ 103350.919677734375, 100251.2742919921875 ], [ 103462.956298828125, 99658.56988525390625 ], [ 103331.6405029296875, 99626.99267578125 ], [ 102888.25390625, 99540.7730712890625 ], [ 102803.26727294921875, 99471.7974853515625 ], [ 102680.1104736328125, 99439.7802734375 ], [ 102241.63232421875, 99337.1868896484375 ], [ 102241.5167236328125, 99337.58709716796875 ], [ 102120.1746826171875, 99521.5487060546875 ], [ 101940.12908935546875, 99805.3131103515625 ], [ 101883.372314453125, 99903.165283203125 ], [ 101869.001708984375, 99991.82550048828125 ] ] ] ] } },
{ "type": "Feature", "properties": { "ID": "077", "CIRCUITO_N": 77, "COMUNA": 7, "BARRIO": "PARQUE CHACABUCO", "TOTAL": 12762.0, "MASCULINO": 6325.0, "FEMENINO": 6437.0, "PERIMETRO": 4934.9423421399997, "AREA": 1191250.8554 }, "geometry": { "type": "MultiPolygon", "coordinates": [ [ [ [ 103462.956298828125, 99658.56988525390625 ], [ 103463.26971435546875, 99656.8795166015625 ], [ 103463.31109619140625, 99656.68927001953125 ], [ 103650.8472900390625, 98786.47210693359375 ], [ 103078.60308837890625, 98670.095703125 ], [ 103060.85028076171875, 98666.93487548828125 ], [ 103024.49468994140625, 98660.4534912109375 ], [ 102961.4434814453125, 98647.93072509765625 ], [ 102953.119873046875, 98645.77008056640625 ], [ 102838.44329833984375, 98615.9832763671875 ], [ 102859.93328857421875, 98236.46728515625 ], [ 102817.74530029296875, 98232.95648193359375 ], [ 102601.33587646484375, 98118.31048583984375 ], [ 102600.91510009765625, 98118.09051513671875 ], [ 102600.32110595703125, 98120.12091064453125 ], [ 102521.36492919921875, 98390.38232421875 ], [ 102371.65289306640625, 98897.2470703125 ], [ 102298.26507568359375, 99147.75408935546875 ], [ 102241.63232421875, 99337.1868896484375 ], [ 102680.1104736328125, 99439.7802734375 ], [ 102803.26727294921875, 99471.7974853515625 ], [ 102888.25390625, 99540.7730712890625 ], [ 103331.6405029296875, 99626.99267578125 ], [ 103462.956298828125, 99658.56988525390625 ] ] ] ] } },
{ "type": "Feature", "properties": { "ID": "078", "CIRCUITO_N": 78, "COMUNA": 7, "BARRIO": "PARQUE CHACABUCO", "TOTAL": 10464.0, "MASCULINO": 5121.0, "FEMENINO": 5343.0, "PERIMETRO": 4213.9545848500002, "AREA": 856730.29323800001 }, "geometry": { "type": "MultiPolygon", "coordinates": [ [ [ [ 102600.91510009765625, 98118.09051513671875 ], [ 102596.1962890625, 98115.58990478515625 ], [ 102372.40350341796875, 97993.54229736328125 ], [ 102329.489501953125, 98040.29290771484375 ], [ 101912.56732177734375, 98513.9202880859375 ], [ 101853.5584716796875, 98612.02252197265625 ], [ 101746.1746826171875, 98499.326904296875 ], [ 101707.11328125, 98535.18511962890625 ], [ 101654.29150390625, 98583.66607666015625 ], [ 101649.622314453125, 98597.069091796875 ], [ 101566.60748291015625, 98670.02569580078125 ], [ 101481.71173095703125, 98751.14410400390625 ], [ 101390.521484375, 98835.4130859375 ], [ 101297.34332275390625, 98920.302490234375 ], [ 101273.1392822265625, 98942.34747314453125 ], [ 101361.02130126953125, 99035.79852294921875 ], [ 101599.9603271484375, 99181.13153076171875 ], [ 101765.0001220703125, 99218.07989501953125 ], [ 102237.9447021484375, 99336.32672119140625 ], [ 102241.63232421875, 99337.1868896484375 ], [ 102298.26507568359375, 99147.75408935546875 ], [ 102371.65289306640625, 98897.2470703125 ], [ 102521.36492919921875, 98390.38232421875 ], [ 102600.32110595703125, 98120.12091064453125 ], [ 102600.91510009765625, 98118.09051513671875 ] ] ] ] } },
{ "type": "Feature", "properties": { "ID": "079", "CIRCUITO_N": 79, "COMUNA": 7, "BARRIO": "FLORES", "TOTAL": 16108.0, "MASCULINO": 7607.0, "FEMENINO": 8501.0, "PERIMETRO": 4010.2345924800002, "AREA": 986231.13037399994 }, "geometry": { "type": "MultiPolygon", "coordinates": [ [ [ [ 98669.56787109375, 100763.25030517578125 ], [ 99236.62310791015625, 101122.28167724609375 ], [ 99465.95947265625, 101270.4052734375 ], [ 99540.14727783203125, 101065.7288818359375 ], [ 99694.12451171875, 100642.72308349609375 ], [ 99784.613525390625, 100394.126708984375 ], [ 99876.10888671875, 100137.4384765625 ], [ 99366.87469482421875, 99980.42291259765625 ], [ 99010.00048828125, 99871.01788330078125 ], [ 99004.88592529296875, 99884.59112548828125 ], [ 98884.261474609375, 100204.60369873046875 ], [ 98669.56787109375, 100763.25030517578125 ] ] ] ] } },
{ "type": "Feature", "properties": { "ID": "080", "CIRCUITO_N": 80, "COMUNA": 7, "BARRIO": "FLORES", "TOTAL": 12312.0, "MASCULINO": 5840.0, "FEMENINO": 6472.0, "PERIMETRO": 3380.4700031299999, "AREA": 702946.13536399999 }, "geometry": { "type": "MultiPolygon", "coordinates": [ [ [ [ 99465.95947265625, 101270.4052734375 ], [ 99468.87152099609375, 101272.285888671875 ], [ 99510.2510986328125, 101299.181884765625 ], [ 99570.76947021484375, 101330.73907470703125 ], [ 99782.4932861328125, 101440.5938720703125 ], [ 99892.1624755859375, 101497.50689697265625 ], [ 100353.64849853515625, 101705.8341064453125 ], [ 100553.95489501953125, 101182.68548583984375 ], [ 100612.74908447265625, 101027.6602783203125 ], [ 100390.0286865234375, 100934.70928955078125 ], [ 100271.39251708984375, 100888.10870361328125 ], [ 99959.9735107421875, 100741.93548583984375 ], [ 99826.5045166015625, 100682.61212158203125 ], [ 99694.12451171875, 100642.72308349609375 ], [ 99540.14727783203125, 101065.7288818359375 ], [ 99465.95947265625, 101270.4052734375 ] ] ] ] } },
{ "type": "Feature", "properties": { "ID": "081", "CIRCUITO_N": 81, "COMUNA": 7, "BARRIO": "FLORES", "TOTAL": 11764.0, "MASCULINO": 5389.0, "FEMENINO": 6375.0, "PERIMETRO": 3071.0482797, "AREA": 543212.16976700001 }, "geometry": { "type": "MultiPolygon", "coordinates": [ [ [ [ 100612.74908447265625, 101027.6602783203125 ], [ 100664.20147705078125, 100891.989501953125 ], [ 100799.5098876953125, 100532.58807373046875 ], [ 100799.93072509765625, 100531.47772216796875 ], [ 100800.1947021484375, 100530.81768798828125 ], [ 100548.89788818359375, 100410.25030517578125 ], [ 100258.76251220703125, 100273.23931884765625 ], [ 100170.11328125, 100241.00189208984375 ], [ 100011.61529541015625, 100179.2178955078125 ], [ 99876.10888671875, 100137.4384765625 ], [ 99784.613525390625, 100394.126708984375 ], [ 99694.12451171875, 100642.72308349609375 ], [ 99826.5045166015625, 100682.61212158203125 ], [ 99959.9735107421875, 100741.93548583984375 ], [ 100271.39251708984375, 100888.10870361328125 ], [ 100390.0286865234375, 100934.70928955078125 ], [ 100612.74908447265625, 101027.6602783203125 ] ] ] ] } },
{ "type": "Feature", "properties": { "ID": "082", "CIRCUITO_N": 82, "COMUNA": 7, "BARRIO": "FLORES", "TOTAL": 14727.0, "MASCULINO": 6892.0, "FEMENINO": 7835.0, "PERIMETRO": 3224.8908891000001, "AREA": 642299.55322100001 }, "geometry": { "type": "MultiPolygon", "coordinates": [ [ [ [ 100103.6220703125, 99482.91009521484375 ], [ 99922.24847412109375, 99415.044677734375 ], [ 99265.1251220703125, 99181.8717041015625 ], [ 99176.53350830078125, 99422.09613037109375 ], [ 99065.2310791015625, 99724.51470947265625 ], [ 99010.00048828125, 99871.01788330078125 ], [ 99366.87469482421875, 99980.42291259765625 ], [ 99876.10888671875, 100137.4384765625 ], [ 99881.322509765625, 100122.80511474609375 ], [ 99932.3623046875, 99980.42291259765625 ], [ 100103.6220703125, 99482.91009521484375 ] ] ] ] } },
{ "type": "Feature", "properties": { "ID": "083", "CIRCUITO_N": 83, "COMUNA": 7, "BARRIO": "FLORES", "TOTAL": 21422.0, "MASCULINO": 9674.0, "FEMENINO": 11748.0, "PERIMETRO": 3477.2296980599999, "AREA": 715615.63518099999 }, "geometry": { "type": "MultiPolygon", "coordinates": [ [ [ [ 100800.1947021484375, 100530.81768798828125 ], [ 100848.61932373046875, 100405.83929443359375 ], [ 100857.87530517578125, 100389.855712890625 ], [ 100983.44110107421875, 100081.335693359375 ], [ 101076.14093017578125, 99847.8626708984375 ], [ 100841.202880859375, 99761.5330810546875 ], [ 100817.16387939453125, 99753.1912841796875 ], [ 100818.2529296875, 99750.64068603515625 ], [ 100396.99127197265625, 99592.6649169921875 ], [ 100103.6220703125, 99482.91009521484375 ], [ 99932.3623046875, 99980.42291259765625 ], [ 99881.322509765625, 100122.80511474609375 ], [ 99876.10888671875, 100137.4384765625 ], [ 100011.61529541015625, 100179.2178955078125 ], [ 100170.11328125, 100241.00189208984375 ], [ 100258.76251220703125, 100273.23931884765625 ], [ 100548.89788818359375, 100410.25030517578125 ], [ 100800.1947021484375, 100530.81768798828125 ] ] ] ] } },
{ "type": "Feature", "properties": { "ID": "084", "CIRCUITO_N": 84, "COMUNA": 7, "BARRIO": "FLORES", "TOTAL": 11472.0, "MASCULINO": 5544.0, "FEMENINO": 5928.0, "PERIMETRO": 3931.5842782899999, "AREA": 953951.59659500001 }, "geometry": { "type": "MultiPolygon", "coordinates": [ [ [ [ 100694.0728759765625, 98753.9647216796875 ], [ 100644.75732421875, 98721.55731201171875 ], [ 100589.9722900390625, 98684.388916015625 ], [ 100255.38031005859375, 98494.58587646484375 ], [ 100018.61907958984375, 98361.53570556640625 ], [ 99856.54107666015625, 98271.87530517578125 ], [ 99837.8228759765625, 98285.23828125 ], [ 99834.011474609375, 98288.9293212890625 ], [ 99451.5806884765625, 98658.68310546875 ], [ 99265.240478515625, 99181.55169677734375 ], [ 99265.1251220703125, 99181.8717041015625 ], [ 99922.24847412109375, 99415.044677734375 ], [ 100103.6220703125, 99482.91009521484375 ], [ 100116.38427734375, 99445.83148193359375 ], [ 100195.6373291015625, 99230.91290283203125 ], [ 100472.33428955078125, 98975.70489501953125 ], [ 100694.0728759765625, 98753.9647216796875 ] ] ] ] } },
{ "type": "Feature", "properties": { "ID": "085", "CIRCUITO_N": 85, "COMUNA": 7, "BARRIO": "FLORES", "TOTAL": 8163.0, "MASCULINO": 3844.0, "FEMENINO": 4319.0, "PERIMETRO": 2958.3839340499999, "AREA": 548571.69921300001 }, "geometry": { "type": "MultiPolygon", "coordinates": [ [ [ [ 100818.2529296875, 99750.64068603515625 ], [ 100866.6279296875, 99637.02490234375 ], [ 101078.038330078125, 99115.0966796875 ], [ 101085.52069091796875, 99094.51190185546875 ], [ 101088.41607666015625, 99090.97113037109375 ], [ 100991.47607421875, 99027.58673095703125 ], [ 100899.1229248046875, 98966.53289794921875 ], [ 100883.4735107421875, 98952.44970703125 ], [ 100864.68927001953125, 98930.53472900390625 ], [ 100827.12109375, 98882.013671875 ], [ 100769.98492431640625, 98811.56768798828125 ], [ 100713.23651123046875, 98766.5675048828125 ], [ 100694.0728759765625, 98753.9647216796875 ], [ 100472.33428955078125, 98975.70489501953125 ], [ 100195.6373291015625, 99230.91290283203125 ], [ 100116.38427734375, 99445.83148193359375 ], [ 100103.6220703125, 99482.91009521484375 ], [ 100396.99127197265625, 99592.6649169921875 ], [ 100818.2529296875, 99750.64068603515625 ] ] ] ] } },
{ "type": "Feature", "properties": { "ID": "086", "CIRCUITO_N": 86, "COMUNA": 7, "BARRIO": "FLORES", "TOTAL": 25453.0, "MASCULINO": 12664.0, "FEMENINO": 12789.0, "PERIMETRO": 9545.3612694599997, "AREA": 3501722.4199199998 }, "geometry": { "type": "MultiPolygon", "coordinates": [ [ [ [ 101088.41607666015625, 99090.97113037109375 ], [ 101091.1796875, 99087.60028076171875 ], [ 101191.05670166015625, 99010.742919921875 ], [ 101253.4312744140625, 98959.30133056640625 ], [ 101273.1392822265625, 98942.34747314453125 ], [ 101297.34332275390625, 98920.302490234375 ], [ 101390.521484375, 98835.4130859375 ], [ 101481.71173095703125, 98751.14410400390625 ], [ 101566.60748291015625, 98670.02569580078125 ], [ 101649.622314453125, 98597.069091796875 ], [ 101654.29150390625, 98583.66607666015625 ], [ 101707.11328125, 98535.18511962890625 ], [ 101746.1746826171875, 98499.326904296875 ], [ 101853.5584716796875, 98612.02252197265625 ], [ 101912.56732177734375, 98513.9202880859375 ], [ 102329.489501953125, 98040.29290771484375 ], [ 102372.40350341796875, 97993.54229736328125 ], [ 102596.1962890625, 98115.58990478515625 ], [ 102600.91510009765625, 98118.09051513671875 ], [ 102601.68231201171875, 98117.12030029296875 ], [ 102635.49688720703125, 98074.5906982421875 ], [ 102640.3065185546875, 98068.54931640625 ], [ 102707.6884765625, 98002.88427734375 ], [ 102741.5775146484375, 97974.367919921875 ], [ 102782.66827392578125, 97933.26849365234375 ], [ 102874.13067626953125, 97845.648681640625 ], [ 103012.8792724609375, 97714.32891845703125 ], [ 103013.7620849609375, 97713.48870849609375 ], [ 102966.7974853515625, 97663.717529296875 ], [ 102963.73687744140625, 97660.4666748046875 ], [ 102921.1859130859375, 97619.48748779296875 ], [ 102890.57208251953125, 97589.99072265625 ], [ 102863.61248779296875, 97565.5750732421875 ], [ 102857.565673828125, 97559.3936767578125 ], [ 102778.29608154296875, 97478.27532958984375 ], [ 102646.58447265625, 97351.56671142578125 ], [ 102504.247314453125, 97217.976318359375 ], [ 102501.1207275390625, 97215.04571533203125 ], [ 102401.94512939453125, 97133.5872802734375 ], [ 102321.57830810546875, 97059.060302734375 ], [ 102318.45989990234375, 97055.65948486328125 ], [ 102280.5120849609375, 97092.087890625 ], [ 102266.34771728515625, 97107.78131103515625 ], [ 102237.8209228515625, 97137.818115234375 ], [ 102097.83489990234375, 97269.087890625 ], [ 102095.31890869140625, 97271.5684814453125 ], [ 101994.75732421875, 97367.64031982421875 ], [ 101985.37750244140625, 97376.602294921875 ], [ 101861.22247314453125, 97492.3184814453125 ], [ 101842.0587158203125, 97526.8062744140625 ], [ 101839.69110107421875, 97533.7178955078125 ], [ 101833.627685546875, 97551.3319091796875 ], [ 101832.8604736328125, 97566.66552734375 ], [ 101815.47052001953125, 97572.45672607421875 ], [ 101803.47589111328125, 97573.546875 ], [ 101774.70147705078125, 97576.16748046875 ], [ 101732.70330810546875, 97581.10870361328125 ], [ 101713.3084716796875, 97595.02191162109375 ], [ 101678.8917236328125, 97588.5302734375 ], [ 101498.49127197265625, 97580.16851806640625 ], [ 101344.8441162109375, 97570.8563232421875 ], [ 101340.00152587890625, 97570.5662841796875 ], [ 101211.597900390625, 97570.97650146484375 ], [ 101037.0380859375, 97581.34869384765625 ], [ 101033.61468505859375, 97581.7188720703125 ], [ 100946.0625, 97591.2510986328125 ], [ 100916.09210205078125, 97594.51171875 ], [ 100792.75347900390625, 97608.8848876953125 ], [ 100786.7645263671875, 97566.97552490234375 ], [ 100778.8118896484375, 97499.97027587890625 ], [ 100778.38287353515625, 97496.31951904296875 ], [ 100767.29547119140625, 97459.87127685546875 ], [ 100756.4722900390625, 97445.71807861328125 ], [ 100738.0098876953125, 97426.6636962890625 ], [ 100717.3118896484375, 97405.30889892578125 ], [ 100663.97052001953125, 97350.83648681640625 ], [ 100579.90789794921875, 97264.98687744140625 ], [ 100567.409912109375, 97250.82373046875 ], [ 100521.6085205078125, 97202.51287841796875 ], [ 100400.8438720703125, 97082.585693359375 ], [ 100396.63671875, 97076.7843017578125 ], [ 100382.282470703125, 97056.93988037109375 ], [ 100379.617919921875, 97053.24908447265625 ], [ 100269.4456787109375, 96943.0841064453125 ], [ 100175.01348876953125, 97026.54290771484375 ], [ 100170.9713134765625, 97030.11370849609375 ], [ 100078.5189208984375, 97132.556884765625 ], [ 99966.0863037109375, 97237.50067138671875 ], [ 99936.9324951171875, 97264.98687744140625 ], [ 99881.96588134765625, 97307.45672607421875 ], [ 99782.0230712890625, 97402.4080810546875 ], [ 99767.0584716796875, 97418.3018798828125 ], [ 99728.72308349609375, 97459.04107666015625 ], [ 99699.7012939453125, 97494.27911376953125 ], [ 99693.73687744140625, 97501.51068115234375 ], [ 99675.04351806640625, 97519.7548828125 ], [ 99659.59210205078125, 97534.82830810546875 ], [ 99754.28009033203125, 97695.87469482421875 ], [ 99758.470703125, 97702.1160888671875 ], [ 99892.8306884765625, 97902.6016845703125 ], [ 99946.09771728515625, 97970.4168701171875 ], [ 99991.90728759765625, 98049.534912109375 ], [ 100028.55169677734375, 98124.49188232421875 ], [ 99988.57452392578125, 98153.64849853515625 ], [ 99925.72149658203125, 98211.93170166015625 ], [ 99866.9766845703125, 98264.4136962890625 ], [ 99856.54107666015625, 98271.87530517578125 ], [ 100018.61907958984375, 98361.53570556640625 ], [ 100255.38031005859375, 98494.58587646484375 ], [ 100589.9722900390625, 98684.388916015625 ], [ 100644.75732421875, 98721.55731201171875 ], [ 100694.0728759765625, 98753.9647216796875 ], [ 100713.23651123046875, 98766.5675048828125 ], [ 100769.98492431640625, 98811.56768798828125 ], [ 100827.12109375, 98882.013671875 ], [ 100864.68927001953125, 98930.53472900390625 ], [ 100883.4735107421875, 98952.44970703125 ], [ 100899.1229248046875, 98966.53289794921875 ], [ 100991.47607421875, 99027.58673095703125 ], [ 101088.41607666015625, 99090.97113037109375 ] ] ] ] } },
{ "type": "Feature", "properties": { "ID": "087", "CIRCUITO_N": 87, "COMUNA": 8, "BARRIO": "VILLA SOLDATI", "TOTAL": 28726.0, "MASCULINO": 14869.0, "FEMENINO": 13857.0, "PERIMETRO": 12542.995061600001, "AREA": 8660350.1431799997 }, "geometry": { "type": "MultiPolygon", "coordinates": [ [ [ [ 101211.597900390625, 97570.97650146484375 ], [ 101340.00152587890625, 97570.5662841796875 ], [ 101344.8441162109375, 97570.8563232421875 ], [ 101498.49127197265625, 97580.16851806640625 ], [ 101678.8917236328125, 97588.5302734375 ], [ 101713.3084716796875, 97595.02191162109375 ], [ 101732.70330810546875, 97581.10870361328125 ], [ 101774.70147705078125, 97576.16748046875 ], [ 101803.47589111328125, 97573.546875 ], [ 101815.47052001953125, 97572.45672607421875 ], [ 101832.8604736328125, 97566.66552734375 ], [ 101833.627685546875, 97551.3319091796875 ], [ 101839.69110107421875, 97533.7178955078125 ], [ 101842.0587158203125, 97526.8062744140625 ], [ 101861.22247314453125, 97492.3184814453125 ], [ 101985.37750244140625, 97376.602294921875 ], [ 101994.75732421875, 97367.64031982421875 ], [ 102095.31890869140625, 97271.5684814453125 ], [ 102097.83489990234375, 97269.087890625 ], [ 102237.8209228515625, 97137.818115234375 ], [ 102266.34771728515625, 97107.78131103515625 ], [ 102280.5120849609375, 97092.087890625 ], [ 102318.45989990234375, 97055.65948486328125 ], [ 102321.57830810546875, 97059.060302734375 ], [ 102401.94512939453125, 97133.5872802734375 ], [ 102501.1207275390625, 97215.04571533203125 ], [ 102504.247314453125, 97217.976318359375 ], [ 102646.58447265625, 97351.56671142578125 ], [ 102664.65087890625, 97337.62347412109375 ], [ 102763.7852783203125, 97250.9036865234375 ], [ 102863.282470703125, 97162.6436767578125 ], [ 102937.68487548828125, 97097.07891845703125 ], [ 103085.9453125, 96968.12969970703125 ], [ 103156.618896484375, 96906.585693359375 ], [ 103232.38232421875, 96840.71087646484375 ], [ 103308.335693359375, 96774.6558837890625 ], [ 103338.61968994140625, 96748.159912109375 ], [ 103347.49609375, 96736.1370849609375 ], [ 103363.401123046875, 96714.6123046875 ], [ 103378.5966796875, 96693.247314453125 ], [ 103387.01947021484375, 96681.4146728515625 ], [ 103440.34429931640625, 96601.7366943359375 ], [ 103503.46148681640625, 96507.39508056640625 ], [ 103599.08148193359375, 96362.31231689453125 ], [ 103523.73052978515625, 96303.9290771484375 ], [ 103434.42108154296875, 96221.2802734375 ], [ 103386.656494140625, 96168.91851806640625 ], [ 103332.5067138671875, 96104.6239013671875 ], [ 103290.97869873046875, 96049.2012939453125 ], [ 103244.674072265625, 95985.9769287109375 ], [ 103182.40667724609375, 95895.98651123046875 ], [ 103121.319091796875, 95808.32672119140625 ], [ 103045.110107421875, 95698.251708984375 ], [ 102983.139892578125, 95613.35247802734375 ], [ 102915.1060791015625, 95515.02008056640625 ], [ 102839.58172607421875, 95406.7454833984375 ], [ 102757.7301025390625, 95285.278076171875 ], [ 102730.6220703125, 95250.72027587890625 ], [ 102723.56048583984375, 95255.27130126953125 ], [ 102714.1727294921875, 95241.96832275390625 ], [ 102720.77227783203125, 95236.3770751953125 ], [ 102626.488525390625, 95101.226318359375 ], [ 102509.34552001953125, 94933.46832275390625 ], [ 102196.49090576171875, 94483.456298828125 ], [ 102138.2081298828125, 94400.01727294921875 ], [ 102077.16168212890625, 94384.6439208984375 ], [ 102068.94512939453125, 94386.92431640625 ], [ 102010.65411376953125, 94372.901123046875 ], [ 102011.6934814453125, 94364.79931640625 ], [ 101984.6680908203125, 94359.12811279296875 ], [ 101926.80609130859375, 94273.47869873046875 ], [ 101947.322509765625, 94114.08251953125 ], [ 101741.299072265625, 93825.14691162109375 ], [ 101350.16510009765625, 94198.66168212890625 ], [ 101242.5831298828125, 94301.56488037109375 ], [ 101241.29608154296875, 94302.7952880859375 ], [ 101236.84967041015625, 94307.0562744140625 ], [ 101226.5625, 94315.578125 ], [ 101218.80792236328125, 94320.74932861328125 ], [ 101207.25872802734375, 94324.4600830078125 ], [ 101190.97412109375, 94324.62030029296875 ], [ 101158.644287109375, 94289.06207275390625 ], [ 101146.51751708984375, 94279.9600830078125 ], [ 101137.9296875, 94276.9293212890625 ], [ 101130.3485107421875, 94276.4293212890625 ], [ 101122.76708984375, 94278.44970703125 ], [ 101118.2216796875, 94281.48028564453125 ], [ 101113.17291259765625, 94287.54168701171875 ], [ 101110.1370849609375, 94295.12347412109375 ], [ 101110.64031982421875, 94303.71551513671875 ], [ 101117.06671142578125, 94315.1580810546875 ], [ 101119.81390380859375, 94318.22869873046875 ], [ 101140.23968505859375, 94340.993896484375 ], [ 101148.62109375, 94352.75653076171875 ], [ 101160.4757080078125, 94369.40032958984375 ], [ 101154.09051513671875, 94380.42291259765625 ], [ 101148.29107666015625, 94390.455078125 ], [ 100811.4635009765625, 94710.65771484375 ], [ 100455.8021240234375, 95046.3739013671875 ], [ 100422.56488037109375, 95061.8873291015625 ], [ 100387.1085205078125, 95066.3184814453125 ], [ 100371.5994873046875, 95069.63909912109375 ], [ 100360.52032470703125, 95075.18048095703125 ], [ 100356.08209228515625, 95077.39093017578125 ], [ 100343.66650390625, 95090.473876953125 ], [ 100339.9873046875, 95098.12548828125 ], [ 100335.0374755859375, 95108.41790771484375 ], [ 100332.8184814453125, 95125.04168701171875 ], [ 100325.06390380859375, 95149.41729736328125 ], [ 100320.10589599609375, 95165.11090087890625 ], [ 100318.4146728515625, 95170.46209716796875 ], [ 100302.90570068359375, 95194.8375244140625 ], [ 100189.97808837890625, 95311.08392333984375 ], [ 100187.15667724609375, 95314.03448486328125 ], [ 100171.04547119140625, 95330.83831787109375 ], [ 100135.18487548828125, 95367.78668212890625 ], [ 100111.863525390625, 95394.41290283203125 ], [ 100095.5625, 95413.027099609375 ], [ 100092.8895263671875, 95417.03790283203125 ], [ 100076.04412841796875, 95442.3037109375 ], [ 100064.59368896484375, 95459.47747802734375 ], [ 100058.08489990234375, 95470.68011474609375 ], [ 100044.38250732421875, 95494.2454833984375 ], [ 100036.94970703125, 95507.038330078125 ], [ 100007.0863037109375, 95550.1680908203125 ], [ 99966.16888427734375, 95575.6038818359375 ], [ 99921.959716796875, 95588.87689208984375 ], [ 99865.25250244140625, 95605.90069580078125 ], [ 99573.85491943359375, 95882.8936767578125 ], [ 99508.6094970703125, 95942.86712646484375 ], [ 99391.969482421875, 96052.98211669921875 ], [ 99371.090087890625, 96072.69671630859375 ], [ 99352.33892822265625, 96098.572509765625 ], [ 99348.139892578125, 96106.19427490234375 ], [ 99345.5164794921875, 96116.4365234375 ], [ 99345.50848388671875, 96116.4766845703125 ], [ 99343.94091796875, 96124.5684814453125 ], [ 99343.62750244140625, 96133.4102783203125 ], [ 99344.856689453125, 96147.04351806640625 ], [ 99346.34967041015625, 96159.936279296875 ], [ 99350.02911376953125, 96172.8892822265625 ], [ 99359.49127197265625, 96182.99169921875 ], [ 99366.25592041015625, 96187.99267578125 ], [ 99369.37408447265625, 96190.30328369140625 ], [ 99381.3031005859375, 96192.41387939453125 ], [ 99391.2188720703125, 96192.1636962890625 ], [ 99404.85528564453125, 96190.68328857421875 ], [ 99417.73291015625, 96186.4324951171875 ], [ 99426.172119140625, 96180.5111083984375 ], [ 99433.1182861328125, 96174.5697021484375 ], [ 99443.7764892578125, 96166.13787841796875 ], [ 99453.197509765625, 96163.1671142578125 ], [ 99462.37091064453125, 96163.40728759765625 ], [ 99477.4923095703125, 96164.89752197265625 ], [ 99491.1204833984375, 96167.62811279296875 ], [ 99504.0145263671875, 96170.848876953125 ], [ 99516.41351318359375, 96176.55010986328125 ], [ 99530.89971923828125, 96187.4027099609375 ], [ 99566.41387939453125, 96224.30108642578125 ], [ 99704.03228759765625, 96367.30352783203125 ], [ 99803.6533203125, 96472.727294921875 ], [ 99806.24371337890625, 96475.88812255859375 ], [ 99886.83331298828125, 96574.290283203125 ], [ 99892.15411376953125, 96579.6016845703125 ], [ 99897.21112060546875, 96584.65887451171875 ], [ 99929.9534912109375, 96617.4061279296875 ], [ 99930.35772705078125, 96617.810302734375 ], [ 100152.70672607421875, 96822.9766845703125 ], [ 100155.7178955078125, 96825.75750732421875 ], [ 100269.4456787109375, 96943.0841064453125 ], [ 100379.617919921875, 97053.24908447265625 ], [ 100382.282470703125, 97056.93988037109375 ], [ 100396.63671875, 97076.7843017578125 ], [ 100400.8438720703125, 97082.585693359375 ], [ 100521.6085205078125, 97202.51287841796875 ], [ 100567.409912109375, 97250.82373046875 ], [ 100579.90789794921875, 97264.98687744140625 ], [ 100663.97052001953125, 97350.83648681640625 ], [ 100717.3118896484375, 97405.30889892578125 ], [ 100738.0098876953125, 97426.6636962890625 ], [ 100756.4722900390625, 97445.71807861328125 ], [ 100767.29547119140625, 97459.87127685546875 ], [ 100778.38287353515625, 97496.31951904296875 ], [ 100778.8118896484375, 97499.97027587890625 ], [ 100786.7645263671875, 97566.97552490234375 ], [ 100792.75347900390625, 97608.8848876953125 ], [ 100916.09210205078125, 97594.51171875 ], [ 100946.0625, 97591.2510986328125 ], [ 101033.61468505859375, 97581.7188720703125 ], [ 101037.0380859375, 97581.34869384765625 ], [ 101211.597900390625, 97570.97650146484375 ] ] ] ] } },
{ "type": "Feature", "properties": { "ID": "088", "CIRCUITO_N": 88, "COMUNA": 8, "BARRIO": "VILLA RIACHUELO", "TOTAL": 15703.0, "MASCULINO": 8274.0, "FEMENINO": 7429.0, "PERIMETRO": 10602.867545, "AREA": 4224142.2800899995 }, "geometry": { "type": "MultiPolygon", "coordinates": [ [ [ [ 98854.90972900390625, 94134.9970703125 ], [ 98860.6019287109375, 94129.68609619140625 ], [ 98873.22369384765625, 94117.9033203125 ], [ 98878.77569580078125, 94112.72210693359375 ], [ 98956.47772216796875, 94040.26568603515625 ], [ 98962.73089599609375, 94034.42449951171875 ], [ 99070.42010498046875, 93933.75152587890625 ], [ 99085.3021240234375, 93919.788330078125 ], [ 99163.0703125, 93846.69189453125 ], [ 99175.29608154296875, 93836.69952392578125 ], [ 99185.78131103515625, 93828.1376953125 ], [ 99280.67547607421875, 93739.48748779296875 ], [ 99392.365478515625, 93631.28289794921875 ], [ 99500.1536865234375, 93529.89007568359375 ], [ 99599.7996826171875, 93433.568115234375 ], [ 99707.24951171875, 93333.2454833984375 ], [ 99811.81207275390625, 93233.6226806640625 ], [ 99927.0330810546875, 93124.98809814453125 ], [ 99991.56072998046875, 93065.4246826171875 ], [ 100114.54449462890625, 93203.80609130859375 ], [ 100244.177490234375, 93345.6282958984375 ], [ 100412.59130859375, 93531.7705078125 ], [ 100414.2081298828125, 93534.361083984375 ], [ 100451.3720703125, 93593.81451416015625 ], [ 100578.09307861328125, 93734.15631103515625 ], [ 100585.43511962890625, 93742.2880859375 ], [ 100654.384521484375, 93800.601318359375 ], [ 100657.45330810546875, 93804.332275390625 ], [ 100918.7730712890625, 94093.81787109375 ], [ 100922.2626953125, 94097.94873046875 ], [ 101117.06671142578125, 94315.1580810546875 ], [ 101110.64031982421875, 94303.71551513671875 ], [ 101110.1370849609375, 94295.12347412109375 ], [ 101113.17291259765625, 94287.54168701171875 ], [ 101118.2216796875, 94281.48028564453125 ], [ 101122.76708984375, 94278.44970703125 ], [ 101130.3485107421875, 94276.4293212890625 ], [ 101137.9296875, 94276.9293212890625 ], [ 101146.51751708984375, 94279.9600830078125 ], [ 101158.644287109375, 94289.06207275390625 ], [ 101190.97412109375, 94324.62030029296875 ], [ 101207.25872802734375, 94324.4600830078125 ], [ 101218.80792236328125, 94320.74932861328125 ], [ 101226.5625, 94315.578125 ], [ 101236.84967041015625, 94307.0562744140625 ], [ 101241.29608154296875, 94302.7952880859375 ], [ 101242.5831298828125, 94301.56488037109375 ], [ 101350.16510009765625, 94198.66168212890625 ], [ 101741.299072265625, 93825.14691162109375 ], [ 100228.4456787109375, 91669.6781005859375 ], [ 100216.97869873046875, 91651.53387451171875 ], [ 100203.0289306640625, 91639.41131591796875 ], [ 100189.50787353515625, 91625.778076171875 ], [ 100185.10272216796875, 91619.89691162109375 ], [ 100145.19970703125, 91566.4146728515625 ], [ 100141.83392333984375, 91569.42547607421875 ], [ 98271.52069091796875, 93278.923095703125 ], [ 98162.3134765625, 93378.7357177734375 ], [ 98289.240478515625, 93516.096923828125 ], [ 98295.14727783203125, 93522.68829345703125 ], [ 98301.05389404296875, 93529.2799072265625 ], [ 98358.98187255859375, 93592.94427490234375 ], [ 98364.8638916015625, 93599.40570068359375 ], [ 98370.73748779296875, 93605.8572998046875 ], [ 98428.77288818359375, 93669.24151611328125 ], [ 98434.49810791015625, 93675.5531005859375 ], [ 98440.23150634765625, 93681.864501953125 ], [ 98498.7122802734375, 93745.7288818359375 ], [ 98504.4375, 93752.15032958984375 ], [ 98510.1708984375, 93758.5718994140625 ], [ 98568.2802734375, 93822.02630615234375 ], [ 98574.03851318359375, 93828.2777099609375 ], [ 98579.79669189453125, 93834.53912353515625 ], [ 98638.269287109375, 93897.9534912109375 ], [ 98643.9945068359375, 93904.35491943359375 ], [ 98649.719482421875, 93910.74627685546875 ], [ 98707.4415283203125, 93974.3406982421875 ], [ 98713.34808349609375, 93980.65228271484375 ], [ 98719.24652099609375, 93986.95367431640625 ], [ 98777.455078125, 94050.38787841796875 ], [ 98783.403076171875, 94056.8895263671875 ], [ 98789.359130859375, 94063.39093017578125 ], [ 98854.90972900390625, 94134.9970703125 ] ] ] ] } },
{ "type": "Feature", "properties": { "ID": "091", "CIRCUITO_N": 91, "COMUNA": 9, "BARRIO": "PARQUE AVELLANEDA", "TOTAL": 7415.0, "MASCULINO": 3822.0, "FEMENINO": 3593.0, "PERIMETRO": 5050.8016072600003, "AREA": 1115988.6732099999 }, "geometry": { "type": "MultiPolygon", "coordinates": [ [ [ [ 99345.50848388671875, 96116.4766845703125 ], [ 99345.5164794921875, 96116.4365234375 ], [ 99345.50830078125, 96116.46649169921875 ], [ 99345.50848388671875, 96116.4766845703125 ] ] ], [ [ [ 100269.4456787109375, 96943.0841064453125 ], [ 100155.7178955078125, 96825.75750732421875 ], [ 100152.70672607421875, 96822.9766845703125 ], [ 99930.35772705078125, 96617.810302734375 ], [ 99929.9534912109375, 96617.4061279296875 ], [ 99897.21112060546875, 96584.65887451171875 ], [ 99862.47247314453125, 96619.3306884765625 ], [ 99845.76708984375, 96636.02447509765625 ], [ 99826.422119140625, 96654.75872802734375 ], [ 99778.77288818359375, 96699.15869140625 ], [ 99739.87628173828125, 96734.58673095703125 ], [ 99720.72930908203125, 96753.33087158203125 ], [ 99675.11767578125, 96795.280517578125 ], [ 99643.348876953125, 96824.19708251953125 ], [ 99600.75653076171875, 96866.646728515625 ], [ 99426.5928955078125, 96690.2467041015625 ], [ 99415.22509765625, 96699.78887939453125 ], [ 99397.8021240234375, 96714.65228271484375 ], [ 99375.70989990234375, 96732.736328125 ], [ 99337.9434814453125, 96778.7667236328125 ], [ 99217.97088623046875, 96453.38287353515625 ], [ 99155.29107666015625, 96283.31427001953125 ], [ 99040.15252685546875, 96386.67791748046875 ], [ 98984.21270751953125, 96443.14068603515625 ], [ 98913.827880859375, 96509.7457275390625 ], [ 98841.62811279296875, 96578.42132568359375 ], [ 98734.75567626953125, 96680.13427734375 ], [ 98662.1846923828125, 96749.18011474609375 ], [ 98627.36328125, 96782.2974853515625 ], [ 98579.334716796875, 96828.528076171875 ], [ 98584.0452880859375, 96833.3291015625 ], [ 98633.58349609375, 96883.8604736328125 ], [ 98786.84307861328125, 97054.1492919921875 ], [ 99201.21612548828125, 97511.1029052734375 ], [ 99424.926513671875, 97756.63848876953125 ], [ 99470.84332275390625, 97712.6085205078125 ], [ 99675.04351806640625, 97519.7548828125 ], [ 99693.73687744140625, 97501.51068115234375 ], [ 99699.7012939453125, 97494.27911376953125 ], [ 99728.72308349609375, 97459.04107666015625 ], [ 99767.0584716796875, 97418.3018798828125 ], [ 99782.0230712890625, 97402.4080810546875 ], [ 99881.96588134765625, 97307.45672607421875 ], [ 99936.9324951171875, 97264.98687744140625 ], [ 99966.0863037109375, 97237.50067138671875 ], [ 100078.5189208984375, 97132.556884765625 ], [ 100170.9713134765625, 97030.11370849609375 ], [ 100175.01348876953125, 97026.54290771484375 ], [ 100269.4456787109375, 96943.0841064453125 ] ] ] ] } },
{ "type": "Feature", "properties": { "ID": "092", "CIRCUITO_N": 92, "COMUNA": 9, "BARRIO": "PARQUE AVELLANEDA", "TOTAL": 13283.0, "MASCULINO": 6587.0, "FEMENINO": 6696.0, "PERIMETRO": 5369.9715157700002, "AREA": 1238087.62686 }, "geometry": { "type": "MultiPolygon", "coordinates": [ [ [ [ 98602.359130859375, 99142.89288330078125 ], [ 98764.0001220703125, 98989.578125 ], [ 98828.965087890625, 98927.24407958984375 ], [ 99066.74908447265625, 99107.8948974609375 ], [ 99265.240478515625, 99181.55169677734375 ], [ 99451.5806884765625, 98658.68310546875 ], [ 99834.011474609375, 98288.9293212890625 ], [ 99837.8228759765625, 98285.23828125 ], [ 99856.54107666015625, 98271.87530517578125 ], [ 99866.9766845703125, 98264.4136962890625 ], [ 99925.72149658203125, 98211.93170166015625 ], [ 99988.57452392578125, 98153.64849853515625 ], [ 100028.55169677734375, 98124.49188232421875 ], [ 99991.90728759765625, 98049.534912109375 ], [ 99946.09771728515625, 97970.4168701171875 ], [ 99892.8306884765625, 97902.6016845703125 ], [ 99758.470703125, 97702.1160888671875 ], [ 99754.28009033203125, 97695.87469482421875 ], [ 99659.59210205078125, 97534.82830810546875 ], [ 99675.04351806640625, 97519.7548828125 ], [ 99470.84332275390625, 97712.6085205078125 ], [ 99424.926513671875, 97756.63848876953125 ], [ 99056.4700927734375, 98109.95867919921875 ], [ 98744.26727294921875, 98407.96630859375 ], [ 98476.5045166015625, 98667.6151123046875 ], [ 98463.28887939453125, 98680.4281005859375 ], [ 98205.3594970703125, 98925.2034912109375 ], [ 98602.359130859375, 99142.89288330078125 ] ] ] ] } },
{ "type": "Feature", "properties": { "ID": "093", "CIRCUITO_N": 93, "COMUNA": 9, "BARRIO": "PARQUE AVELLANEDA", "TOTAL": 8100.0, "MASCULINO": 4015.0, "FEMENINO": 4085.0, "PERIMETRO": 5174.7323855300001, "AREA": 1415925.5307700001 }, "geometry": { "type": "MultiPolygon", "coordinates": [ [ [ [ 98577.940673828125, 96829.8582763671875 ], [ 98112.22247314453125, 97276.04949951171875 ], [ 97893.17327880859375, 97481.55609130859375 ], [ 98338.40771484375, 97945.34130859375 ], [ 98051.75347900390625, 98226.3250732421875 ], [ 98476.5045166015625, 98667.6151123046875 ], [ 98744.26727294921875, 98407.96630859375 ], [ 99056.4700927734375, 98109.95867919921875 ], [ 99424.926513671875, 97756.63848876953125 ], [ 99201.21612548828125, 97511.1029052734375 ], [ 98786.84307861328125, 97054.1492919921875 ], [ 98633.58349609375, 96883.8604736328125 ], [ 98584.0452880859375, 96833.3291015625 ], [ 98579.334716796875, 96828.528076171875 ], [ 98577.940673828125, 96829.8582763671875 ] ] ] ] } },
{ "type": "Feature", "properties": { "ID": "094", "CIRCUITO_N": 94, "COMUNA": 9, "BARRIO": "PARQUE AVELLANEDA", "TOTAL": 10740.0, "MASCULINO": 5222.0, "FEMENINO": 5518.0, "PERIMETRO": 4489.6286307399996, "AREA": 960440.574822 }, "geometry": { "type": "MultiPolygon", "coordinates": [ [ [ [ 97893.17327880859375, 97481.55609130859375 ], [ 97893.03289794921875, 97481.68609619140625 ], [ 97605.98291015625, 97756.3084716796875 ], [ 97307.38348388671875, 98041.97308349609375 ], [ 97065.46649169921875, 98272.71551513671875 ], [ 97086.74188232421875, 98282.3876953125 ], [ 97097.14447021484375, 98288.609130859375 ], [ 97106.08709716796875, 98291.09967041015625 ], [ 97753.10467529296875, 98665.4644775390625 ], [ 98202.19171142578125, 98923.46307373046875 ], [ 98205.3594970703125, 98925.2034912109375 ], [ 98463.28887939453125, 98680.4281005859375 ], [ 98476.5045166015625, 98667.6151123046875 ], [ 98051.75347900390625, 98226.3250732421875 ], [ 98338.40771484375, 97945.34130859375 ], [ 97893.17327880859375, 97481.55609130859375 ] ] ] ] } },
{ "type": "Feature", "properties": { "ID": "095", "CIRCUITO_N": 95, "COMUNA": 9, "BARRIO": "MATADEROS", "TOTAL": 16293.0, "MASCULINO": 8065.0, "FEMENINO": 8228.0, "PERIMETRO": 5124.717227, "AREA": 1558677.17613 }, "geometry": { "type": "MultiPolygon", "coordinates": [ [ [ [ 95664.07208251953125, 97730.57269287109375 ], [ 95665.20208740234375, 97731.21270751953125 ], [ 96040.29107666015625, 97942.980712890625 ], [ 96052.7313232421875, 97950.122314453125 ], [ 96234.33612060546875, 98054.3660888671875 ], [ 96424.85052490234375, 98164.24090576171875 ], [ 96898.77667236328125, 98430.75128173828125 ], [ 97065.46649169921875, 98272.71551513671875 ], [ 97307.38348388671875, 98041.97308349609375 ], [ 97605.98291015625, 97756.3084716796875 ], [ 97459.5126953125, 97605.894287109375 ], [ 97313.96649169921875, 97457.92071533203125 ], [ 97169.63311767578125, 97312.377685546875 ], [ 97090.3883056640625, 97232.3197021484375 ], [ 96884.59588623046875, 97025.32269287109375 ], [ 96744.3046875, 96883.81048583984375 ], [ 96655.23468017578125, 96793.2501220703125 ], [ 96478.447509765625, 96966.95947265625 ], [ 96398.68292236328125, 97064.5916748046875 ], [ 96314.8018798828125, 97167.73492431640625 ], [ 96237.78448486328125, 97259.87591552734375 ], [ 96197.90631103515625, 97309.3770751953125 ], [ 96112.64752197265625, 97371.2611083984375 ], [ 95976.4976806640625, 97468.9033203125 ], [ 95877.48687744140625, 97544.540283203125 ], [ 95767.47149658203125, 97639.431884765625 ], [ 95667.0831298828125, 97726.07147216796875 ], [ 95664.15447998046875, 97727.8419189453125 ], [ 95661.7786865234375, 97729.28228759765625 ], [ 95664.07208251953125, 97730.57269287109375 ] ] ] ] } },
{ "type": "Feature", "properties": { "ID": "096", "CIRCUITO_N": 96, "COMUNA": 9, "BARRIO": "MATADEROS", "TOTAL": 11962.0, "MASCULINO": 6179.0, "FEMENINO": 5783.0, "PERIMETRO": 5230.8694056800005, "AREA": 1678268.75973 }, "geometry": { "type": "MultiPolygon", "coordinates": [ [ [ [ 97605.98291015625, 97756.3084716796875 ], [ 97893.03289794921875, 97481.68609619140625 ], [ 97893.17327880859375, 97481.55609130859375 ], [ 98112.22247314453125, 97276.04949951171875 ], [ 98577.940673828125, 96829.8582763671875 ], [ 98579.334716796875, 96828.528076171875 ], [ 98565.1868896484375, 96817.47552490234375 ], [ 98337.0631103515625, 96639.38507080078125 ], [ 98090.1962890625, 96445.62127685546875 ], [ 97923.5396728515625, 96318.5123291015625 ], [ 97673.28228759765625, 96228.12188720703125 ], [ 97647.85748291015625, 96219.64990234375 ], [ 97551.263916015625, 96109.46490478515625 ], [ 97465.55133056640625, 96012.7830810546875 ], [ 97460.576904296875, 96006.80169677734375 ], [ 97282.2554931640625, 96176.2100830078125 ], [ 97148.17608642578125, 96309.61029052734375 ], [ 96947.39111328125, 96504.88470458984375 ], [ 96836.69091796875, 96614.89947509765625 ], [ 96675.79248046875, 96773.05548095703125 ], [ 96655.23468017578125, 96793.2501220703125 ], [ 96744.3046875, 96883.81048583984375 ], [ 96884.59588623046875, 97025.32269287109375 ], [ 97090.3883056640625, 97232.3197021484375 ], [ 97169.63311767578125, 97312.377685546875 ], [ 97313.96649169921875, 97457.92071533203125 ], [ 97459.5126953125, 97605.894287109375 ], [ 97605.98291015625, 97756.3084716796875 ] ] ] ] } },
{ "type": "Feature", "properties": { "ID": "097", "CIRCUITO_N": 97, "COMUNA": 9, "BARRIO": "MATADEROS", "TOTAL": 13763.0, "MASCULINO": 7036.0, "FEMENINO": 6727.0, "PERIMETRO": 5291.7902309499996, "AREA": 1805659.8415000001 }, "geometry": { "type": "MultiPolygon", "coordinates": [ [ [ [ 97460.576904296875, 96006.80169677734375 ], [ 97405.84967041015625, 95941.02667236328125 ], [ 97390.3240966796875, 95922.33251953125 ], [ 97376.21728515625, 95905.33868408203125 ], [ 97354.347900390625, 95879.1627197265625 ], [ 97346.2056884765625, 95869.48052978515625 ], [ 97337.2467041015625, 95858.9281005859375 ], [ 97231.7354736328125, 95716.9359130859375 ], [ 97221.77008056640625, 95706.84368896484375 ], [ 97213.93292236328125, 95698.90191650390625 ], [ 97030.64532470703125, 95477.5916748046875 ], [ 97015.8291015625, 95461.077880859375 ], [ 96906.0941162109375, 95347.3720703125 ], [ 96893.24127197265625, 95336.219482421875 ], [ 96874.49029541015625, 95319.95587158203125 ], [ 96851.64727783203125, 95300.1915283203125 ], [ 96828.04547119140625, 95279.85687255859375 ], [ 96802.74407958984375, 95258.0718994140625 ], [ 96749.48529052734375, 95212.031494140625 ], [ 96735.073486328125, 95200.90887451171875 ], [ 96719.82830810546875, 95190.81671142578125 ], [ 96688.0264892578125, 95170.19189453125 ], [ 96660.21728515625, 95152.1279296875 ], [ 96650.953125, 95146.10650634765625 ], [ 96636.0380859375, 95136.404296875 ], [ 96626.072509765625, 95129.94287109375 ], [ 96600.34228515625, 95113.24908447265625 ], [ 96574.03472900390625, 95096.23529052734375 ], [ 96528.8109130859375, 95066.978515625 ], [ 96405.03509521484375, 94980.7789306640625 ], [ 95548.58709716796875, 95765.4669189453125 ], [ 95686.6427001953125, 95903.7783203125 ], [ 95916.6968994140625, 96138.271484375 ], [ 96162.91192626953125, 96385.70770263671875 ], [ 96281.77911376953125, 96505.38470458984375 ], [ 96368.30010986328125, 96592.7144775390625 ], [ 96408.32672119140625, 96611.3087158203125 ], [ 96448.75750732421875, 96627.48248291015625 ], [ 96505.35748291015625, 96652.548095703125 ], [ 96539.3206787109375, 96676.813720703125 ], [ 96575.70928955078125, 96712.3917236328125 ], [ 96655.23468017578125, 96793.2501220703125 ], [ 96675.79248046875, 96773.05548095703125 ], [ 96836.69091796875, 96614.89947509765625 ], [ 96947.39111328125, 96504.88470458984375 ], [ 97148.17608642578125, 96309.61029052734375 ], [ 97282.2554931640625, 96176.2100830078125 ], [ 97460.576904296875, 96006.80169677734375 ] ] ] ] } },
{ "type": "Feature", "properties": { "ID": "098", "CIRCUITO_N": 98, "COMUNA": 9, "BARRIO": "MATADEROS", "TOTAL": 22042.0, "MASCULINO": 11265.0, "FEMENINO": 10777.0, "PERIMETRO": 6223.3157342900004, "AREA": 2355961.2741299998 }, "geometry": { "type": "MultiPolygon", "coordinates": [ [ [ [ 94273.23687744140625, 96933.9619140625 ], [ 94352.36627197265625, 96991.4149169921875 ], [ 94446.11370849609375, 97044.83709716796875 ], [ 94586.73492431640625, 97122.96490478515625 ], [ 94907.278076171875, 97303.8958740234375 ], [ 95550.26171875, 97666.21807861328125 ], [ 95657.74468994140625, 97724.2410888671875 ], [ 95661.7786865234375, 97729.28228759765625 ], [ 95664.15447998046875, 97727.8419189453125 ], [ 95667.0831298828125, 97726.07147216796875 ], [ 95767.47149658203125, 97639.431884765625 ], [ 95877.48687744140625, 97544.540283203125 ], [ 95976.4976806640625, 97468.9033203125 ], [ 96112.64752197265625, 97371.2611083984375 ], [ 96197.90631103515625, 97309.3770751953125 ], [ 96237.78448486328125, 97259.87591552734375 ], [ 96314.8018798828125, 97167.73492431640625 ], [ 96398.68292236328125, 97064.5916748046875 ], [ 96478.447509765625, 96966.95947265625 ], [ 96655.23468017578125, 96793.2501220703125 ], [ 96575.70928955078125, 96712.3917236328125 ], [ 96539.3206787109375, 96676.813720703125 ], [ 96505.35748291015625, 96652.548095703125 ], [ 96448.75750732421875, 96627.48248291015625 ], [ 96408.32672119140625, 96611.3087158203125 ], [ 96368.30010986328125, 96592.7144775390625 ], [ 96281.77911376953125, 96505.38470458984375 ], [ 96162.91192626953125, 96385.70770263671875 ], [ 95916.6968994140625, 96138.271484375 ], [ 95686.6427001953125, 95903.7783203125 ], [ 95548.58709716796875, 95765.4669189453125 ], [ 94273.23687744140625, 96933.9619140625 ] ] ] ] } },
{ "type": "Feature", "properties": { "ID": "099", "CIRCUITO_N": 99, "COMUNA": 9, "BARRIO": "LINIERS", "TOTAL": 10987.0, "MASCULINO": 5457.0, "FEMENINO": 5530.0, "PERIMETRO": 4418.2860034699997, "AREA": 982914.70459099999 }, "geometry": { "type": "MultiPolygon", "coordinates": [ [ [ [ 95661.7786865234375, 97729.28228759765625 ], [ 95657.74468994140625, 97724.2410888671875 ], [ 95550.26171875, 97666.21807861328125 ], [ 94907.278076171875, 97303.8958740234375 ], [ 94586.73492431640625, 97122.96490478515625 ], [ 94446.11370849609375, 97044.83709716796875 ], [ 94352.36627197265625, 96991.4149169921875 ], [ 94273.23687744140625, 96933.9619140625 ], [ 93982.42510986328125, 97199.2520751953125 ], [ 94490.3228759765625, 97776.953125 ], [ 94772.27490234375, 98097.60589599609375 ], [ 95000.1759033203125, 98335.639892578125 ], [ 95001.2235107421875, 98333.46929931640625 ], [ 95199.805908203125, 98148.677490234375 ], [ 95423.21087646484375, 97944.58111572265625 ], [ 95566.85150146484375, 97814.95172119140625 ], [ 95626.544921875, 97761.07952880859375 ], [ 95661.7786865234375, 97729.28228759765625 ] ] ] ] } },
{ "type": "Feature", "properties": { "ID": "100", "CIRCUITO_N": 100, "COMUNA": 9, "BARRIO": "LINIERS", "TOTAL": 12660.0, "MASCULINO": 6167.0, "FEMENINO": 6493.0, "PERIMETRO": 4446.4903969699999, "AREA": 1159512.4005700001 }, "geometry": { "type": "MultiPolygon", "coordinates": [ [ [ [ 95566.85150146484375, 97814.95172119140625 ], [ 95423.21087646484375, 97944.58111572265625 ], [ 95199.805908203125, 98148.677490234375 ], [ 95001.2235107421875, 98333.46929931640625 ], [ 95000.1759033203125, 98335.639892578125 ], [ 94957.096923828125, 98424.48992919921875 ], [ 94935.80487060546875, 98644.71990966796875 ], [ 94935.260498046875, 98651.72149658203125 ], [ 94921.72308349609375, 98824.5906982421875 ], [ 94911.930908203125, 98981.26629638671875 ], [ 95672.95672607421875, 99099.2930908203125 ], [ 95675.761474609375, 99085.31988525390625 ], [ 95712.24908447265625, 98903.5684814453125 ], [ 95736.65948486328125, 98800.01507568359375 ], [ 96112.30108642578125, 98453.94671630859375 ], [ 96282.94232177734375, 98300.1317138671875 ], [ 96330.59967041015625, 98255.9716796875 ], [ 96345.84490966796875, 98241.12847900390625 ], [ 96424.85052490234375, 98164.24090576171875 ], [ 96234.33612060546875, 98054.3660888671875 ], [ 96052.7313232421875, 97950.122314453125 ], [ 96040.29107666015625, 97942.980712890625 ], [ 95665.20208740234375, 97731.21270751953125 ], [ 95664.07208251953125, 97730.57269287109375 ], [ 95661.7786865234375, 97729.28228759765625 ], [ 95626.544921875, 97761.07952880859375 ], [ 95566.85150146484375, 97814.95172119140625 ] ] ] ] } },
{ "type": "Feature", "properties": { "ID": "101", "CIRCUITO_N": 101, "COMUNA": 9, "BARRIO": "LINIERS", "TOTAL": 17992.0, "MASCULINO": 8968.0, "FEMENINO": 9024.0, "PERIMETRO": 8092.2371931999996, "AREA": 2231801.2607800001 }, "geometry": { "type": "MultiPolygon", "coordinates": [ [ [ [ 93982.42510986328125, 97199.2520751953125 ], [ 93958.13031005859375, 97221.4171142578125 ], [ 93851.21649169921875, 99384.97772216796875 ], [ 93918.37591552734375, 99382.5872802734375 ], [ 93939.94830322265625, 99381.82708740234375 ], [ 93984.65252685546875, 99378.97650146484375 ], [ 94001.97650146484375, 99377.8660888671875 ], [ 94017.81549072265625, 99378.37628173828125 ], [ 94049.9390869140625, 99379.396484375 ], [ 94069.4656982421875, 99381.44708251953125 ], [ 94152.08447265625, 99390.10888671875 ], [ 94167.12347412109375, 99397.93072509765625 ], [ 94374.3594970703125, 99418.0452880859375 ], [ 94382.00689697265625, 99418.84552001953125 ], [ 94413.17352294921875, 99422.78631591796875 ], [ 94519.4600830078125, 99455.0537109375 ], [ 94591.8826904296875, 99473.27789306640625 ], [ 94662.440673828125, 99485.88067626953125 ], [ 94702.81390380859375, 99493.14227294921875 ], [ 94737.8331298828125, 99493.52227783203125 ], [ 94729.327880859375, 99528.02032470703125 ], [ 94726.11871337890625, 99541.0330810546875 ], [ 94732.74310302734375, 99560.38751220703125 ], [ 94752.98748779296875, 99584.5831298828125 ], [ 94765.856689453125, 99588.53387451171875 ], [ 94778.9735107421875, 99607.12811279296875 ], [ 94784.698486328125, 99594.64532470703125 ], [ 94795.14251708984375, 99590.57427978515625 ], [ 94827.15887451171875, 99586.28350830078125 ], [ 94867.614501953125, 99583.702880859375 ], [ 94902.0396728515625, 99585.42327880859375 ], [ 94912.36810302734375, 99585.42327880859375 ], [ 94923.5709228515625, 99585.203125 ], [ 94955.39752197265625, 99584.5631103515625 ], [ 95068.15191650390625, 99583.702880859375 ], [ 95116.1558837890625, 99574.14068603515625 ], [ 95122.38427734375, 99572.90032958984375 ], [ 95176.26171875, 99574.03070068359375 ], [ 95180.06488037109375, 99573.530517578125 ], [ 95272.0220947265625, 99561.4578857421875 ], [ 95341.6727294921875, 99541.14312744140625 ], [ 95406.39007568359375, 99514.8472900390625 ], [ 95477.0966796875, 99477.2987060546875 ], [ 95620.67950439453125, 99403.431884765625 ], [ 95657.05169677734375, 99383.407470703125 ], [ 95662.8262939453125, 99380.75689697265625 ], [ 95754.00830078125, 99334.49627685546875 ], [ 95778.81451416015625, 99321.92352294921875 ], [ 95852.771484375, 99289.986328125 ], [ 95857.84490966796875, 99288.3958740234375 ], [ 95926.86029052734375, 99266.83087158203125 ], [ 95933.45989990234375, 99264.7705078125 ], [ 95997.3441162109375, 99264.7705078125 ], [ 96009.10791015625, 99271.49212646484375 ], [ 96104.92608642578125, 99184.082275390625 ], [ 96115.5596923828125, 99173.0396728515625 ], [ 96111.0718994140625, 99172.30950927734375 ], [ 95777.13153076171875, 99118.51727294921875 ], [ 95672.75048828125, 99100.30328369140625 ], [ 95672.95672607421875, 99099.2930908203125 ], [ 94911.930908203125, 98981.26629638671875 ], [ 94921.72308349609375, 98824.5906982421875 ], [ 94935.260498046875, 98651.72149658203125 ], [ 94935.80487060546875, 98644.71990966796875 ], [ 94957.096923828125, 98424.48992919921875 ], [ 95000.1759033203125, 98335.639892578125 ], [ 94772.27490234375, 98097.60589599609375 ], [ 94490.3228759765625, 97776.953125 ], [ 93982.42510986328125, 97199.2520751953125 ] ] ] ] } },
{ "type": "Feature", "properties": { "ID": "102", "CIRCUITO_N": 102, "COMUNA": 10, "BARRIO": "VERSALLES", "TOTAL": 12488.0, "MASCULINO": 6159.0, "FEMENINO": 6329.0, "PERIMETRO": 5650.1216491300002, "AREA": 1407277.51914 }, "geometry": { "type": "MultiPolygon", "coordinates": [ [ [ [ 94650.30572509765625, 100536.89910888671875 ], [ 95133.17449951171875, 100090.397705078125 ], [ 95530.60308837890625, 99719.3936767578125 ], [ 95865.9622802734375, 99407.5928955078125 ], [ 95693.4237060546875, 99388.0784912109375 ], [ 95657.05169677734375, 99383.407470703125 ], [ 95620.67950439453125, 99403.431884765625 ], [ 95477.0966796875, 99477.2987060546875 ], [ 95406.39007568359375, 99514.8472900390625 ], [ 95341.6727294921875, 99541.14312744140625 ], [ 95272.0220947265625, 99561.4578857421875 ], [ 95180.06488037109375, 99573.530517578125 ], [ 95176.26171875, 99574.03070068359375 ], [ 95122.38427734375, 99572.90032958984375 ], [ 95116.1558837890625, 99574.14068603515625 ], [ 95068.15191650390625, 99583.702880859375 ], [ 94955.39752197265625, 99584.5631103515625 ], [ 94923.5709228515625, 99585.203125 ], [ 94912.36810302734375, 99585.42327880859375 ], [ 94902.0396728515625, 99585.42327880859375 ], [ 94867.614501953125, 99583.702880859375 ], [ 94827.15887451171875, 99586.28350830078125 ], [ 94795.14251708984375, 99590.57427978515625 ], [ 94784.698486328125, 99594.64532470703125 ], [ 94778.9735107421875, 99607.12811279296875 ], [ 94765.856689453125, 99588.53387451171875 ], [ 94752.98748779296875, 99584.5831298828125 ], [ 94732.74310302734375, 99560.38751220703125 ], [ 94726.11871337890625, 99541.0330810546875 ], [ 94729.327880859375, 99528.02032470703125 ], [ 94737.8331298828125, 99493.52227783203125 ], [ 94702.81390380859375, 99493.14227294921875 ], [ 94662.440673828125, 99485.88067626953125 ], [ 94591.8826904296875, 99473.27789306640625 ], [ 94519.4600830078125, 99455.0537109375 ], [ 94413.17352294921875, 99422.78631591796875 ], [ 94382.00689697265625, 99418.84552001953125 ], [ 94374.3594970703125, 99418.0452880859375 ], [ 94167.12347412109375, 99397.93072509765625 ], [ 94152.08447265625, 99390.10888671875 ], [ 94069.4656982421875, 99381.44708251953125 ], [ 94049.9390869140625, 99379.396484375 ], [ 94017.81549072265625, 99378.37628173828125 ], [ 94001.97650146484375, 99377.8660888671875 ], [ 93984.65252685546875, 99378.97650146484375 ], [ 93939.94830322265625, 99381.82708740234375 ], [ 93918.37591552734375, 99382.5872802734375 ], [ 93851.21649169921875, 99384.97772216796875 ], [ 93847.85888671875, 99452.9932861328125 ], [ 93809.977294921875, 100191.720703125 ], [ 94540.8428955078125, 100639.0521240234375 ], [ 94650.30572509765625, 100536.89910888671875 ] ] ] ] } },
{ "type": "Feature", "properties": { "ID": "103", "CIRCUITO_N": 103, "COMUNA": 10, "BARRIO": "VILLA REAL", "TOTAL": 12898.0, "MASCULINO": 6409.0, "FEMENINO": 6489.0, "PERIMETRO": 5071.2120984200001, "AREA": 1334764.20784 }, "geometry": { "type": "MultiPolygon", "coordinates": [ [ [ [ 95079.965087890625, 101003.01470947265625 ], [ 94736.397705078125, 100631.54052734375 ], [ 94650.30572509765625, 100536.89910888671875 ], [ 94540.8428955078125, 100639.0521240234375 ], [ 93809.977294921875, 100191.720703125 ], [ 93743.42010498046875, 101526.11328125 ], [ 93931.0718994140625, 102036.30908203125 ], [ 94015.95111083984375, 101969.29388427734375 ], [ 94112.528076171875, 101882.16412353515625 ], [ 94114.81329345703125, 101880.10369873046875 ], [ 94275.9014892578125, 101737.59130859375 ], [ 94330.5133056640625, 101692.18109130859375 ], [ 94335.61151123046875, 101696.14190673828125 ], [ 94408.05047607421875, 101625.305908203125 ], [ 94514.2877197265625, 101525.11309814453125 ], [ 94706.1715087890625, 101348.27288818359375 ], [ 95079.965087890625, 101003.01470947265625 ] ] ] ] } },
{ "type": "Feature", "properties": { "ID": "104", "CIRCUITO_N": 104, "COMUNA": 10, "BARRIO": "MONTE CASTRO", "TOTAL": 11788.0, "MASCULINO": 5696.0, "FEMENINO": 6092.0, "PERIMETRO": 4716.0756319299999, "AREA": 1049457.40423 }, "geometry": { "type": "MultiPolygon", "coordinates": [ [ [ [ 96313.2344970703125, 100580.60888671875 ], [ 95966.28472900390625, 100184.50909423828125 ], [ 95871.63812255859375, 100270.0684814453125 ], [ 95775.20947265625, 100357.17828369140625 ], [ 95567.0330810546875, 100553.502685546875 ], [ 95133.17449951171875, 100090.397705078125 ], [ 94650.30572509765625, 100536.89910888671875 ], [ 94736.397705078125, 100631.54052734375 ], [ 95079.965087890625, 101003.01470947265625 ], [ 95437.30108642578125, 101390.1824951171875 ], [ 95540.42010498046875, 101293.3804931640625 ], [ 95886.63568115234375, 100970.707275390625 ], [ 96313.2344970703125, 100580.60888671875 ] ] ] ] } },
{ "type": "Feature", "properties": { "ID": "105", "CIRCUITO_N": 105, "COMUNA": 10, "BARRIO": "MONTE CASTRO", "TOTAL": 17697.0, "MASCULINO": 8496.0, "FEMENINO": 9201.0, "PERIMETRO": 5032.9757982499996, "AREA": 1576415.07354 }, "geometry": { "type": "MultiPolygon", "coordinates": [ [ [ [ 96615.9835205078125, 102234.66412353515625 ], [ 96694.04852294921875, 102128.2598876953125 ], [ 97040.55291748046875, 101649.67132568359375 ], [ 97111.9525146484375, 101580.61572265625 ], [ 97211.6724853515625, 101484.97412109375 ], [ 97309.7344970703125, 101390.40252685546875 ], [ 97115.41729736328125, 101191.9375 ], [ 96799.799072265625, 100876.01593017578125 ], [ 96609.5653076171875, 100758.809326171875 ], [ 96314.46368408203125, 100582.019287109375 ], [ 96313.2344970703125, 100580.60888671875 ], [ 95886.63568115234375, 100970.707275390625 ], [ 95540.42010498046875, 101293.3804931640625 ], [ 95437.30108642578125, 101390.1824951171875 ], [ 95437.43310546875, 101390.322509765625 ], [ 95640.189697265625, 101535.29547119140625 ], [ 95987.1395263671875, 101783.3516845703125 ], [ 96219.20648193359375, 101946.9788818359375 ], [ 96615.9835205078125, 102234.66412353515625 ] ] ] ] } },
{ "type": "Feature", "properties": { "ID": "106", "CIRCUITO_N": 106, "COMUNA": 10, "BARRIO": "VILLA LURO", "TOTAL": 10709.0, "MASCULINO": 5219.0, "FEMENINO": 5490.0, "PERIMETRO": 5317.8751917700001, "AREA": 1109872.63185 }, "geometry": { "type": "MultiPolygon", "coordinates": [ [ [ [ 95133.17449951171875, 100090.397705078125 ], [ 95567.0330810546875, 100553.502685546875 ], [ 95775.20947265625, 100357.17828369140625 ], [ 95871.63812255859375, 100270.0684814453125 ], [ 95966.28472900390625, 100184.50909423828125 ], [ 95972.0098876953125, 100179.4678955078125 ], [ 96537.8604736328125, 99674.573486328125 ], [ 96638.00970458984375, 99721.37408447265625 ], [ 96640.12152099609375, 99719.6536865234375 ], [ 96661.99908447265625, 99701.8096923828125 ], [ 96728.531494140625, 99634.09429931640625 ], [ 96789.77587890625, 99575.80108642578125 ], [ 97050.5430908203125, 99328.705078125 ], [ 96892.82891845703125, 99304.19952392578125 ], [ 96843.8018798828125, 99294.047119140625 ], [ 96688.24908447265625, 99260.2294921875 ], [ 96602.01708984375, 99245.01611328125 ], [ 96367.0048828125, 99204.4368896484375 ], [ 96125.21990966796875, 99172.30950927734375 ], [ 96111.0718994140625, 99172.30950927734375 ], [ 96115.5596923828125, 99173.0396728515625 ], [ 96104.92608642578125, 99184.082275390625 ], [ 96009.10791015625, 99271.49212646484375 ], [ 95997.3441162109375, 99264.7705078125 ], [ 95933.45989990234375, 99264.7705078125 ], [ 95926.86029052734375, 99266.83087158203125 ], [ 95857.84490966796875, 99288.3958740234375 ], [ 95852.771484375, 99289.986328125 ], [ 95778.81451416015625, 99321.92352294921875 ], [ 95754.00830078125, 99334.49627685546875 ], [ 95662.8262939453125, 99380.75689697265625 ], [ 95657.05169677734375, 99383.407470703125 ], [ 95693.4237060546875, 99388.0784912109375 ], [ 95865.9622802734375, 99407.5928955078125 ], [ 95530.60308837890625, 99719.3936767578125 ], [ 95133.17449951171875, 100090.397705078125 ] ] ] ] } },
{ "type": "Feature", "properties": { "ID": "107", "CIRCUITO_N": 107, "COMUNA": 10, "BARRIO": "VILLA LURO", "TOTAL": 17390.0, "MASCULINO": 8421.0, "FEMENINO": 8969.0, "PERIMETRO": 5233.4938814099996, "AREA": 1456865.3930899999 }, "geometry": { "type": "MultiPolygon", "coordinates": [ [ [ [ 97050.5430908203125, 99328.705078125 ], [ 97115.40069580078125, 99267.2510986328125 ], [ 97203.34051513671875, 99181.3115234375 ], [ 97266.05328369140625, 99195.35467529296875 ], [ 97247.88787841796875, 99145.363525390625 ], [ 97384.92071533203125, 99015.64410400390625 ], [ 97753.10467529296875, 98665.4644775390625 ], [ 97106.08709716796875, 98291.09967041015625 ], [ 97097.14447021484375, 98288.609130859375 ], [ 97086.74188232421875, 98282.3876953125 ], [ 97065.46649169921875, 98272.71551513671875 ], [ 96898.77667236328125, 98430.75128173828125 ], [ 96424.85052490234375, 98164.24090576171875 ], [ 96345.84490966796875, 98241.12847900390625 ], [ 96330.59967041015625, 98255.9716796875 ], [ 96282.94232177734375, 98300.1317138671875 ], [ 96112.30108642578125, 98453.94671630859375 ], [ 95736.65948486328125, 98800.01507568359375 ], [ 95712.24908447265625, 98903.5684814453125 ], [ 95675.761474609375, 99085.31988525390625 ], [ 95672.95672607421875, 99099.2930908203125 ], [ 95672.75048828125, 99100.30328369140625 ], [ 95777.13153076171875, 99118.51727294921875 ], [ 96111.0718994140625, 99172.30950927734375 ], [ 96125.21990966796875, 99172.30950927734375 ], [ 96367.0048828125, 99204.4368896484375 ], [ 96602.01708984375, 99245.01611328125 ], [ 96688.24908447265625, 99260.2294921875 ], [ 96843.8018798828125, 99294.047119140625 ], [ 96892.82891845703125, 99304.19952392578125 ], [ 97050.5430908203125, 99328.705078125 ] ] ] ] } },
{ "type": "Feature", "properties": { "ID": "108", "CIRCUITO_N": 108, "COMUNA": 10, "BARRIO": "VELEZ SARSFIELD", "TOTAL": 11216.0, "MASCULINO": 5422.0, "FEMENINO": 5794.0, "PERIMETRO": 4014.41012735, "AREA": 993115.46231700003 }, "geometry": { "type": "MultiPolygon", "coordinates": [ [ [ [ 96799.799072265625, 100876.01593017578125 ], [ 97523.9415283203125, 100180.498291015625 ], [ 97531.200927734375, 100173.4766845703125 ], [ 97531.646484375, 100173.0465087890625 ], [ 97220.788330078125, 100018.96148681640625 ], [ 97197.598876953125, 100001.56768798828125 ], [ 97119.3441162109375, 99958.09771728515625 ], [ 97107.74530029296875, 99975.481689453125 ], [ 96986.01531982421875, 99871.1480712890625 ], [ 96957.034912109375, 99856.65472412109375 ], [ 96872.98052978515625, 99824.76751708984375 ], [ 96707.76751708984375, 99752.31109619140625 ], [ 96640.12152099609375, 99719.6536865234375 ], [ 96638.00970458984375, 99721.37408447265625 ], [ 96537.8604736328125, 99674.573486328125 ], [ 95972.0098876953125, 100179.4678955078125 ], [ 95966.28472900390625, 100184.50909423828125 ], [ 96313.2344970703125, 100580.60888671875 ], [ 96314.46368408203125, 100582.019287109375 ], [ 96609.5653076171875, 100758.809326171875 ], [ 96799.799072265625, 100876.01593017578125 ] ] ] ] } },
{ "type": "Feature", "properties": { "ID": "109", "CIRCUITO_N": 109, "COMUNA": 10, "BARRIO": "VELEZ SARSFIELD", "TOTAL": 18865.0, "MASCULINO": 8993.0, "FEMENINO": 9872.0, "PERIMETRO": 5078.3504489200004, "AREA": 1407835.3493300001 }, "geometry": { "type": "MultiPolygon", "coordinates": [ [ [ [ 98169.78887939453125, 99557.14752197265625 ], [ 98182.8052978515625, 99543.60369873046875 ], [ 98257.4635009765625, 99476.88848876953125 ], [ 98376.27288818359375, 99360.09210205078125 ], [ 98387.28607177734375, 99349.84991455078125 ], [ 98496.2620849609375, 99242.885498046875 ], [ 98567.36468505859375, 99173.43988037109375 ], [ 98602.359130859375, 99142.89288330078125 ], [ 98205.3594970703125, 98925.2034912109375 ], [ 98202.19171142578125, 98923.46307373046875 ], [ 97753.10467529296875, 98665.4644775390625 ], [ 97384.92071533203125, 99015.64410400390625 ], [ 97247.88787841796875, 99145.363525390625 ], [ 97266.05328369140625, 99195.35467529296875 ], [ 97203.34051513671875, 99181.3115234375 ], [ 97115.40069580078125, 99267.2510986328125 ], [ 97050.5430908203125, 99328.705078125 ], [ 96789.77587890625, 99575.80108642578125 ], [ 96728.531494140625, 99634.09429931640625 ], [ 96661.99908447265625, 99701.8096923828125 ], [ 96640.12152099609375, 99719.6536865234375 ], [ 96707.76751708984375, 99752.31109619140625 ], [ 96872.98052978515625, 99824.76751708984375 ], [ 96957.034912109375, 99856.65472412109375 ], [ 96986.01531982421875, 99871.1480712890625 ], [ 97107.74530029296875, 99975.481689453125 ], [ 97119.3441162109375, 99958.09771728515625 ], [ 97197.598876953125, 100001.56768798828125 ], [ 97220.788330078125, 100018.96148681640625 ], [ 97531.646484375, 100173.0465087890625 ], [ 97910.7529296875, 99806.4832763671875 ], [ 98126.39508056640625, 99601.4468994140625 ], [ 98130.18988037109375, 99597.83612060546875 ], [ 98132.367919921875, 99595.37548828125 ], [ 98155.06231689453125, 99572.310302734375 ], [ 98161.66192626953125, 99565.59869384765625 ], [ 98162.0330810546875, 99565.21868896484375 ], [ 98169.78887939453125, 99557.14752197265625 ] ] ] ] } },
{ "type": "Feature", "properties": { "ID": "110", "CIRCUITO_N": 110, "COMUNA": 10, "BARRIO": "FLORESTA", "TOTAL": 9846.0, "MASCULINO": 4706.0, "FEMENINO": 5140.0, "PERIMETRO": 3764.3740136800002, "AREA": 821638.77541899995 }, "geometry": { "type": "MultiPolygon", "coordinates": [ [ [ [ 97531.200927734375, 100173.4766845703125 ], [ 97523.9415283203125, 100180.498291015625 ], [ 96799.799072265625, 100876.01593017578125 ], [ 97115.41729736328125, 101191.9375 ], [ 97309.7344970703125, 101390.40252685546875 ], [ 97408.06048583984375, 101295.41107177734375 ], [ 97703.57452392578125, 101010.4462890625 ], [ 98216.29010009765625, 100514.3939208984375 ], [ 98215.88592529296875, 100514.02392578125 ], [ 98028.407470703125, 100420.53271484375 ], [ 97974.109130859375, 100393.83648681640625 ], [ 97649.49908447265625, 100231.7899169921875 ], [ 97531.200927734375, 100173.4766845703125 ] ] ] ] } },
{ "type": "Feature", "properties": { "ID": "113", "CIRCUITO_N": 113, "COMUNA": 11, "BARRIO": "VILLA SANTA RITA", "TOTAL": 12152.0, "MASCULINO": 5845.0, "FEMENINO": 6307.0, "PERIMETRO": 4542.7258039400003, "AREA": 1070609.7225899999 }, "geometry": { "type": "MultiPolygon", "coordinates": [ [ [ [ 98653.1348876953125, 100753.12811279296875 ], [ 98526.63690185546875, 100675.1903076171875 ], [ 98309.055908203125, 100561.61468505859375 ], [ 98216.29010009765625, 100514.3939208984375 ], [ 97703.57452392578125, 101010.4462890625 ], [ 97408.06048583984375, 101295.41107177734375 ], [ 97309.7344970703125, 101390.40252685546875 ], [ 97211.6724853515625, 101484.97412109375 ], [ 97111.9525146484375, 101580.61572265625 ], [ 97271.38250732421875, 101747.70367431640625 ], [ 97342.971923828125, 101819.31988525390625 ], [ 97617.8538818359375, 102072.56732177734375 ], [ 97674.46209716796875, 102122.60870361328125 ], [ 97736.985107421875, 102140.6226806640625 ], [ 97740.33447265625, 102136.17169189453125 ], [ 97767.07928466796875, 102096.06268310546875 ], [ 97799.54949951171875, 102040.66009521484375 ], [ 97824.388671875, 102006.28228759765625 ], [ 97847.305908203125, 101971.89447021484375 ], [ 97917.9794921875, 101863.01971435546875 ], [ 98067.930908203125, 101639.52911376953125 ], [ 98213.09747314453125, 101412.22747802734375 ], [ 98285.68511962890625, 101307.1636962890625 ], [ 98356.35870361328125, 101198.28887939453125 ], [ 98504.3961181640625, 100976.70867919921875 ], [ 98519.6824951171875, 100949.97271728515625 ], [ 98653.1348876953125, 100753.12811279296875 ] ] ] ] } },
{ "type": "Feature", "properties": { "ID": "114", "CIRCUITO_N": 114, "COMUNA": 11, "BARRIO": "VILLA SANTA RITA", "TOTAL": 14866.0, "MASCULINO": 6945.0, "FEMENINO": 7921.0, "PERIMETRO": 4542.7674226299996, "AREA": 1083337.84002 }, "geometry": { "type": "MultiPolygon", "coordinates": [ [ [ [ 98431.75927734375, 102346.1292724609375 ], [ 98498.4813232421875, 102242.15570068359375 ], [ 98793.32708740234375, 101796.794677734375 ], [ 99012.12908935546875, 101462.118896484375 ], [ 99236.62310791015625, 101122.28167724609375 ], [ 98669.56787109375, 100763.25030517578125 ], [ 98653.1348876953125, 100753.12811279296875 ], [ 98519.6824951171875, 100949.97271728515625 ], [ 98504.3961181640625, 100976.70867919921875 ], [ 98356.35870361328125, 101198.28887939453125 ], [ 98285.68511962890625, 101307.1636962890625 ], [ 98213.09747314453125, 101412.22747802734375 ], [ 98067.930908203125, 101639.52911376953125 ], [ 97917.9794921875, 101863.01971435546875 ], [ 97847.305908203125, 101971.89447021484375 ], [ 97824.388671875, 102006.28228759765625 ], [ 97799.54949951171875, 102040.66009521484375 ], [ 97767.07928466796875, 102096.06268310546875 ], [ 97740.33447265625, 102136.17169189453125 ], [ 97736.985107421875, 102140.6226806640625 ], [ 97873.37432861328125, 102179.9014892578125 ], [ 98153.2886962890625, 102263.17047119140625 ], [ 98431.75927734375, 102346.1292724609375 ] ] ] ] } },
{ "type": "Feature", "properties": { "ID": "115", "CIRCUITO_N": 115, "COMUNA": 11, "BARRIO": "VILLA GRAL. MITRE", "TOTAL": 12357.0, "MASCULINO": 5962.0, "FEMENINO": 6395.0, "PERIMETRO": 4206.8133668600003, "AREA": 915447.12373600004 }, "geometry": { "type": "MultiPolygon", "coordinates": [ [ [ [ 99236.62310791015625, 101122.28167724609375 ], [ 99012.12908935546875, 101462.118896484375 ], [ 98793.32708740234375, 101796.794677734375 ], [ 98498.4813232421875, 102242.15570068359375 ], [ 98431.75927734375, 102346.1292724609375 ], [ 98564.3040771484375, 102385.788330078125 ], [ 98585.3817138671875, 102391.63970947265625 ], [ 98700.70989990234375, 102437.0499267578125 ], [ 98714.1812744140625, 102442.33111572265625 ], [ 98802.47589111328125, 102498.8939208984375 ], [ 98821.251708984375, 102512.93707275390625 ], [ 99017.119873046875, 102657.7999267578125 ], [ 99017.8541259765625, 102658.340087890625 ], [ 99159.15191650390625, 102433.40911865234375 ], [ 99279.20709228515625, 102240.69549560546875 ], [ 99415.05169677734375, 102022.70587158203125 ], [ 99481.394287109375, 101918.4522705078125 ], [ 99582.49212646484375, 101757.32568359375 ], [ 99746.78131103515625, 101495.1063232421875 ], [ 99782.4932861328125, 101440.5938720703125 ], [ 99570.76947021484375, 101330.73907470703125 ], [ 99510.2510986328125, 101299.181884765625 ], [ 99468.87152099609375, 101272.285888671875 ], [ 99465.95947265625, 101270.4052734375 ], [ 99236.62310791015625, 101122.28167724609375 ] ] ] ] } },
{ "type": "Feature", "properties": { "ID": "116", "CIRCUITO_N": 116, "COMUNA": 11, "BARRIO": "VILLA GRAL. MITRE", "TOTAL": 17082.0, "MASCULINO": 8159.0, "FEMENINO": 8923.0, "PERIMETRO": 4957.7715387500002, "AREA": 1247255.15392 }, "geometry": { "type": "MultiPolygon", "coordinates": [ [ [ [ 99017.8541259765625, 102658.340087890625 ], [ 99228.34051513671875, 102816.02587890625 ], [ 99344.47711181640625, 102920.2294921875 ], [ 99347.5706787109375, 102922.65008544921875 ], [ 99366.45391845703125, 102934.77288818359375 ], [ 99419.877685546875, 102979.242919921875 ], [ 99485.42010498046875, 103040.29669189453125 ], [ 99630.25689697265625, 102997.35687255859375 ], [ 99902.85369873046875, 102914.768310546875 ], [ 100400.68707275390625, 102761.9434814453125 ], [ 100442.718505859375, 102748.68048095703125 ], [ 100054.9171142578125, 102427.61767578125 ], [ 100342.85809326171875, 101725.94873046875 ], [ 100353.0875244140625, 101706.88427734375 ], [ 100353.64849853515625, 101705.8341064453125 ], [ 99892.1624755859375, 101497.50689697265625 ], [ 99782.4932861328125, 101440.5938720703125 ], [ 99746.78131103515625, 101495.1063232421875 ], [ 99582.49212646484375, 101757.32568359375 ], [ 99481.394287109375, 101918.4522705078125 ], [ 99415.05169677734375, 102022.70587158203125 ], [ 99279.20709228515625, 102240.69549560546875 ], [ 99159.15191650390625, 102433.40911865234375 ], [ 99017.8541259765625, 102658.340087890625 ] ] ] ] } },
{ "type": "Feature", "properties": { "ID": "117", "CIRCUITO_N": 117, "COMUNA": 11, "BARRIO": "VILLA DEL PARQUE", "TOTAL": 17647.0, "MASCULINO": 8356.0, "FEMENINO": 9291.0, "PERIMETRO": 4988.9950047499997, "AREA": 1318915.8589600001 }, "geometry": { "type": "MultiPolygon", "coordinates": [ [ [ [ 98795.414306640625, 103222.88812255859375 ], [ 98697.40167236328125, 103155.40289306640625 ], [ 98745.7686767578125, 103071.1636962890625 ], [ 98800.09991455078125, 102984.43408203125 ], [ 99017.119873046875, 102657.7999267578125 ], [ 98821.251708984375, 102512.93707275390625 ], [ 98802.47589111328125, 102498.8939208984375 ], [ 98714.1812744140625, 102442.33111572265625 ], [ 98700.70989990234375, 102437.0499267578125 ], [ 98585.3817138671875, 102391.63970947265625 ], [ 98564.3040771484375, 102385.788330078125 ], [ 98431.75927734375, 102346.1292724609375 ], [ 98153.2886962890625, 102263.17047119140625 ], [ 97873.37432861328125, 102179.9014892578125 ], [ 97736.985107421875, 102140.6226806640625 ], [ 97663.93572998046875, 102237.40472412109375 ], [ 97566.51727294921875, 102371.11492919921875 ], [ 97486.29071044921875, 102478.08929443359375 ], [ 97383.138671875, 102619.4412841796875 ], [ 97308.64569091796875, 102720.67431640625 ], [ 97239.877685546875, 102814.2755126953125 ], [ 97173.023681640625, 102921.23968505859375 ], [ 97072.693115234375, 103084.4967041015625 ], [ 98126.0653076171875, 103169.526123046875 ], [ 98795.414306640625, 103222.88812255859375 ] ] ] ] } },
{ "type": "Feature", "properties": { "ID": "118", "CIRCUITO_N": 118, "COMUNA": 11, "BARRIO": "VILLA DEL PARQUE", "TOTAL": 13207.0, "MASCULINO": 6059.0, "FEMENINO": 7148.0, "PERIMETRO": 5685.5533675200004, "AREA": 849980.08347299998 }, "geometry": { "type": "MultiPolygon", "coordinates": [ [ [ [ 98575.21832275390625, 103283.01171875 ], [ 98797.98809814453125, 103224.65850830078125 ], [ 98795.414306640625, 103222.88812255859375 ], [ 98126.0653076171875, 103169.526123046875 ], [ 97072.693115234375, 103084.4967041015625 ], [ 97069.285888671875, 103084.2266845703125 ], [ 96205.22369384765625, 103011.560302734375 ], [ 96094.168701171875, 103001.53790283203125 ], [ 96299.1279296875, 103155.462890625 ], [ 96551.30731201171875, 103345.2958984375 ], [ 96892.33392333984375, 103599.33349609375 ], [ 96897.32489013671875, 103603.0543212890625 ], [ 97111.30072021484375, 103584.87030029296875 ], [ 97533.09832763671875, 103551.28271484375 ], [ 97684.63372802734375, 103539.2799072265625 ], [ 98184.25732421875, 103494.459716796875 ], [ 98189.4957275390625, 103494.0496826171875 ], [ 98200.5994873046875, 103478.6160888671875 ], [ 98575.21832275390625, 103283.01171875 ] ] ] ] } },
{ "type": "Feature", "properties": { "ID": "119", "CIRCUITO_N": 119, "COMUNA": 11, "BARRIO": "VILLA DEL PARQUE", "TOTAL": 17728.0, "MASCULINO": 8164.0, "FEMENINO": 9564.0, "PERIMETRO": 4765.8472506999997, "AREA": 1229983.3481099999 }, "geometry": { "type": "MultiPolygon", "coordinates": [ [ [ [ 97736.985107421875, 102140.6226806640625 ], [ 97674.46209716796875, 102122.60870361328125 ], [ 97617.8538818359375, 102072.56732177734375 ], [ 97342.971923828125, 101819.31988525390625 ], [ 97271.38250732421875, 101747.70367431640625 ], [ 97111.9525146484375, 101580.61572265625 ], [ 97040.55291748046875, 101649.67132568359375 ], [ 96694.04852294921875, 102128.2598876953125 ], [ 96615.9835205078125, 102234.66412353515625 ], [ 96303.07928466796875, 102665.29168701171875 ], [ 96067.4237060546875, 102981.45330810546875 ], [ 96094.168701171875, 103001.53790283203125 ], [ 96205.22369384765625, 103011.560302734375 ], [ 97069.285888671875, 103084.2266845703125 ], [ 97072.693115234375, 103084.4967041015625 ], [ 97173.023681640625, 102921.23968505859375 ], [ 97239.877685546875, 102814.2755126953125 ], [ 97308.64569091796875, 102720.67431640625 ], [ 97383.138671875, 102619.4412841796875 ], [ 97486.29071044921875, 102478.08929443359375 ], [ 97566.51727294921875, 102371.11492919921875 ], [ 97663.93572998046875, 102237.40472412109375 ], [ 97736.985107421875, 102140.6226806640625 ] ] ] ] } },
{ "type": "Feature", "properties": { "ID": "120", "CIRCUITO_N": 120, "COMUNA": 11, "BARRIO": "VILLA DEVOTO", "TOTAL": 18572.0, "MASCULINO": 8786.0, "FEMENINO": 9786.0, "PERIMETRO": 5385.8651872199998, "AREA": 1619167.20896 }, "geometry": { "type": "MultiPolygon", "coordinates": [ [ [ [ 96094.168701171875, 103001.53790283203125 ], [ 96067.4237060546875, 102981.45330810546875 ], [ 96303.07928466796875, 102665.29168701171875 ], [ 96615.9835205078125, 102234.66412353515625 ], [ 96219.20648193359375, 101946.9788818359375 ], [ 95987.1395263671875, 101783.3516845703125 ], [ 95640.189697265625, 101535.29547119140625 ], [ 95564.24468994140625, 101618.9945068359375 ], [ 95513.87310791015625, 101685.65948486328125 ], [ 95389.4290771484375, 101856.0380859375 ], [ 95321.2799072265625, 101943.4478759765625 ], [ 95224.24090576171875, 102075.29791259765625 ], [ 95061.271728515625, 102293.0772705078125 ], [ 94902.74908447265625, 102506.41571044921875 ], [ 94673.11572265625, 102813.09527587890625 ], [ 94599.10931396484375, 102912.9478759765625 ], [ 95260.60467529296875, 102945.215087890625 ], [ 95431.2047119140625, 102951.53668212890625 ], [ 95750.2877197265625, 102970.49090576171875 ], [ 96094.168701171875, 103001.53790283203125 ] ] ] ] } },
{ "type": "Feature", "properties": { "ID": "121", "CIRCUITO_N": 121, "COMUNA": 11, "BARRIO": "VILLA DEVOTO", "TOTAL": 15046.0, "MASCULINO": 7406.0, "FEMENINO": 7640.0, "PERIMETRO": 5311.99203511, "AREA": 1619905.87426 }, "geometry": { "type": "MultiPolygon", "coordinates": [ [ [ [ 95640.189697265625, 101535.29547119140625 ], [ 95437.43310546875, 101390.322509765625 ], [ 95437.30108642578125, 101390.1824951171875 ], [ 95079.965087890625, 101003.01470947265625 ], [ 94706.1715087890625, 101348.27288818359375 ], [ 94514.2877197265625, 101525.11309814453125 ], [ 94408.05047607421875, 101625.305908203125 ], [ 94335.61151123046875, 101696.14190673828125 ], [ 94330.5133056640625, 101692.18109130859375 ], [ 94275.9014892578125, 101737.59130859375 ], [ 94114.81329345703125, 101880.10369873046875 ], [ 94112.528076171875, 101882.16412353515625 ], [ 94015.95111083984375, 101969.29388427734375 ], [ 93931.0718994140625, 102036.30908203125 ], [ 94265.0120849609375, 102896.65411376953125 ], [ 94599.10931396484375, 102912.9478759765625 ], [ 94673.11572265625, 102813.09527587890625 ], [ 94902.74908447265625, 102506.41571044921875 ], [ 95061.271728515625, 102293.0772705078125 ], [ 95224.24090576171875, 102075.29791259765625 ], [ 95321.2799072265625, 101943.4478759765625 ], [ 95389.4290771484375, 101856.0380859375 ], [ 95513.87310791015625, 101685.65948486328125 ], [ 95564.24468994140625, 101618.9945068359375 ], [ 95640.189697265625, 101535.29547119140625 ] ] ] ] } },
{ "type": "Feature", "properties": { "ID": "122", "CIRCUITO_N": 122, "COMUNA": 11, "BARRIO": "VILLA DEVOTO", "TOTAL": 13900.0, "MASCULINO": 6521.0, "FEMENINO": 7379.0, "PERIMETRO": 5988.15314803, "AREA": 1583897.1161799999 }, "geometry": { "type": "MultiPolygon", "coordinates": [ [ [ [ 96319.9249267578125, 103857.37188720703125 ], [ 96368.60528564453125, 103833.83673095703125 ], [ 96382.31591796875, 103827.62530517578125 ], [ 96666.957275390625, 103701.15667724609375 ], [ 96892.33392333984375, 103599.33349609375 ], [ 96551.30731201171875, 103345.2958984375 ], [ 96299.1279296875, 103155.462890625 ], [ 96094.168701171875, 103001.53790283203125 ], [ 95750.2877197265625, 102970.49090576171875 ], [ 95431.2047119140625, 102951.53668212890625 ], [ 95260.60467529296875, 102945.215087890625 ], [ 94599.10931396484375, 102912.9478759765625 ], [ 94265.0120849609375, 102896.65411376953125 ], [ 94518.7755126953125, 103550.4324951171875 ], [ 94613.95831298828125, 103546.771484375 ], [ 94765.369873046875, 103570.52691650390625 ], [ 95976.68731689453125, 103793.1875 ], [ 96319.9249267578125, 103857.37188720703125 ] ] ] ] } },
{ "type": "Feature", "properties": { "ID": "123", "CIRCUITO_N": 123, "COMUNA": 11, "BARRIO": "VILLA DEVOTO", "TOTAL": 13508.0, "MASCULINO": 6436.0, "FEMENINO": 7072.0, "PERIMETRO": 5652.4601494500002, "AREA": 1580839.74076 }, "geometry": { "type": "MultiPolygon", "coordinates": [ [ [ [ 95269.75347900390625, 105308.01092529296875 ], [ 95288.08392333984375, 105285.8958740234375 ], [ 95294.65887451171875, 105277.964111328125 ], [ 95294.63409423828125, 105277.91412353515625 ], [ 95735.26531982421875, 104690.9910888671875 ], [ 95736.3873291015625, 104689.51068115234375 ], [ 96195.2335205078125, 104076.04168701171875 ], [ 96314.8184814453125, 103916.84552001953125 ], [ 96350.151123046875, 103869.4346923828125 ], [ 96308.62310791015625, 103862.84332275390625 ], [ 96319.9249267578125, 103857.37188720703125 ], [ 95976.68731689453125, 103793.1875 ], [ 94765.369873046875, 103570.52691650390625 ], [ 94613.95831298828125, 103546.771484375 ], [ 94518.7755126953125, 103550.4324951171875 ], [ 95196.04412841796875, 105295.318115234375 ], [ 95203.361328125, 105313.90228271484375 ], [ 95207.23870849609375, 105323.7445068359375 ], [ 95228.99267578125, 105321.50408935546875 ], [ 95259.12811279296875, 105318.4033203125 ], [ 95265.34832763671875, 105313.32208251953125 ], [ 95269.75347900390625, 105308.01092529296875 ] ] ] ] } },
{ "type": "Feature", "properties": { "ID": "124", "CIRCUITO_N": 124, "COMUNA": 12, "BARRIO": "VILLA PUEYRREDON", "TOTAL": 16048.0, "MASCULINO": 7607.0, "FEMENINO": 8441.0, "PERIMETRO": 5428.7027685800003, "AREA": 1737552.5407499999 }, "geometry": { "type": "MultiPolygon", "coordinates": [ [ [ [ 95735.26531982421875, 104690.9910888671875 ], [ 95294.63409423828125, 105277.91412353515625 ], [ 95294.65887451171875, 105277.964111328125 ], [ 95288.08392333984375, 105285.8958740234375 ], [ 95269.75347900390625, 105308.01092529296875 ], [ 95265.34832763671875, 105313.32208251953125 ], [ 95259.12811279296875, 105318.4033203125 ], [ 95228.99267578125, 105321.50408935546875 ], [ 95207.23870849609375, 105323.7445068359375 ], [ 95683.92852783203125, 106534.769287109375 ], [ 95687.55010986328125, 106544.101318359375 ], [ 95728.73992919921875, 106652.95587158203125 ], [ 95744.24072265625, 106628.60052490234375 ], [ 95764.17169189453125, 106602.02447509765625 ], [ 95782.99688720703125, 106585.42071533203125 ], [ 95804.0333251953125, 106574.34808349609375 ], [ 96002.19488525390625, 106429.885498046875 ], [ 96008.17572021484375, 106425.5145263671875 ], [ 96249.12750244140625, 106262.51751708984375 ], [ 96358.58209228515625, 106182.19927978515625 ], [ 96568.03729248046875, 105986.9249267578125 ], [ 96809.9625244140625, 105759.4832763671875 ], [ 96966.10107421875, 105612.69012451171875 ], [ 96806.6956787109375, 105495.093505859375 ], [ 96733.34088134765625, 105436.41009521484375 ], [ 96486.87847900390625, 105254.5089111328125 ], [ 96211.0806884765625, 105046.19171142578125 ], [ 95979.29412841796875, 104873.082275390625 ], [ 95856.06292724609375, 104782.1217041015625 ], [ 95735.26531982421875, 104690.9910888671875 ] ] ] ] } },
{ "type": "Feature", "properties": { "ID": "125", "CIRCUITO_N": 125, "COMUNA": 12, "BARRIO": "VILLA PUEYRREDON", "TOTAL": 18747.0, "MASCULINO": 8955.0, "FEMENINO": 9792.0, "PERIMETRO": 5165.1892742500004, "AREA": 1565359.82794 }, "geometry": { "type": "MultiPolygon", "coordinates": [ [ [ [ 96314.8184814453125, 103916.84552001953125 ], [ 96195.2335205078125, 104076.04168701171875 ], [ 95736.3873291015625, 104689.51068115234375 ], [ 95735.26531982421875, 104690.9910888671875 ], [ 95856.06292724609375, 104782.1217041015625 ], [ 95979.29412841796875, 104873.082275390625 ], [ 96211.0806884765625, 105046.19171142578125 ], [ 96486.87847900390625, 105254.5089111328125 ], [ 96733.34088134765625, 105436.41009521484375 ], [ 96806.6956787109375, 105495.093505859375 ], [ 96966.10107421875, 105612.69012451171875 ], [ 97054.66790771484375, 105529.4312744140625 ], [ 97208.21612548828125, 105388.47930908203125 ], [ 97246.79888916015625, 105356.19189453125 ], [ 97249.18310546875, 105353.861328125 ], [ 97316.09490966796875, 105288.47650146484375 ], [ 97453.886474609375, 105146.7344970703125 ], [ 97661.62591552734375, 104930.4854736328125 ], [ 97113.66827392578125, 104514.22088623046875 ], [ 96435.046875, 104005.29547119140625 ], [ 96314.8184814453125, 103916.84552001953125 ] ] ] ] } },
{ "type": "Feature", "properties": { "ID": "126", "CIRCUITO_N": 126, "COMUNA": 12, "BARRIO": "VILLA URQUIZA", "TOTAL": 16660.0, "MASCULINO": 8131.0, "FEMENINO": 8529.0, "PERIMETRO": 4895.7454691200001, "AREA": 1391969.70364 }, "geometry": { "type": "MultiPolygon", "coordinates": [ [ [ [ 96809.9625244140625, 105759.4832763671875 ], [ 96568.03729248046875, 105986.9249267578125 ], [ 96358.58209228515625, 106182.19927978515625 ], [ 96249.12750244140625, 106262.51751708984375 ], [ 96008.17572021484375, 106425.5145263671875 ], [ 96002.19488525390625, 106429.885498046875 ], [ 95804.0333251953125, 106574.34808349609375 ], [ 95825.06951904296875, 106630.8109130859375 ], [ 96398.61688232421875, 106970.72808837890625 ], [ 96942.721923828125, 107291.1007080078125 ], [ 96944.64410400390625, 107292.21087646484375 ], [ 97037.9791259765625, 107134.705322265625 ], [ 97133.88787841796875, 106975.36907958984375 ], [ 97200.4036865234375, 106873.26593017578125 ], [ 97277.75128173828125, 106754.15887451171875 ], [ 97353.555908203125, 106636.582275390625 ], [ 97421.6226806640625, 106525.20709228515625 ], [ 97440.18408203125, 106497.3607177734375 ], [ 97455.65191650390625, 106502.001708984375 ], [ 97492.7830810546875, 106466.4237060546875 ], [ 97582.50469970703125, 106381.33447265625 ], [ 97654.646728515625, 106312.66888427734375 ], [ 97424.31207275390625, 106164.05511474609375 ], [ 97248.26751708984375, 106049.62908935546875 ], [ 97091.29571533203125, 105941.07452392578125 ], [ 96809.9625244140625, 105759.4832763671875 ] ] ] ] } },
{ "type": "Feature", "properties": { "ID": "127", "CIRCUITO_N": 127, "COMUNA": 12, "BARRIO": "VILLA URQUIZA", "TOTAL": 20712.0, "MASCULINO": 9633.0, "FEMENINO": 11079.0, "PERIMETRO": 4486.1348842400002, "AREA": 1190490.00893 }, "geometry": { "type": "MultiPolygon", "coordinates": [ [ [ [ 98559.7091064453125, 105562.19873046875 ], [ 97661.63409423828125, 104930.47528076171875 ], [ 97661.62591552734375, 104930.4854736328125 ], [ 97453.886474609375, 105146.7344970703125 ], [ 97316.09490966796875, 105288.47650146484375 ], [ 97249.18310546875, 105353.861328125 ], [ 97246.79888916015625, 105356.19189453125 ], [ 97208.21612548828125, 105388.47930908203125 ], [ 97054.66790771484375, 105529.4312744140625 ], [ 96966.10107421875, 105612.69012451171875 ], [ 96809.9625244140625, 105759.4832763671875 ], [ 97091.29571533203125, 105941.07452392578125 ], [ 97248.26751708984375, 106049.62908935546875 ], [ 97424.31207275390625, 106164.05511474609375 ], [ 97654.646728515625, 106312.66888427734375 ], [ 97727.14349365234375, 106243.6630859375 ], [ 97883.3892822265625, 106098.25030517578125 ], [ 97875.65130615234375, 106092.05889892578125 ], [ 97976.20452880859375, 106022.443115234375 ], [ 98076.75787353515625, 105954.37750244140625 ], [ 98459.6260986328125, 105643.44708251953125 ], [ 98559.7091064453125, 105562.19873046875 ] ] ] ] } },
{ "type": "Feature", "properties": { "ID": "128", "CIRCUITO_N": 128, "COMUNA": 12, "BARRIO": "VILLA URQUIZA", "TOTAL": 16615.0, "MASCULINO": 7945.0, "FEMENINO": 8670.0, "PERIMETRO": 5021.9912320699996, "AREA": 1381378.2828800001 }, "geometry": { "type": "MultiPolygon", "coordinates": [ [ [ [ 96944.64410400390625, 107292.21087646484375 ], [ 97372.9835205078125, 107538.74688720703125 ], [ 97458.918701171875, 107392.72369384765625 ], [ 97895.50787353515625, 107639.23968505859375 ], [ 97981.85552978515625, 107690.24127197265625 ], [ 98067.6668701171875, 107740.9227294921875 ], [ 98142.05267333984375, 107781.7620849609375 ], [ 98361.11029052734375, 107406.89691162109375 ], [ 98377.73309326171875, 107391.04327392578125 ], [ 98446.6824951171875, 107325.24847412109375 ], [ 98433.0048828125, 107314.305908203125 ], [ 98484.985107421875, 107278.7379150390625 ], [ 98513.71807861328125, 107265.06488037109375 ], [ 98554.759521484375, 107248.64111328125 ], [ 98532.38671875, 107234.7379150390625 ], [ 98725.70587158203125, 107022.5399169921875 ], [ 98565.648681640625, 106906.37347412109375 ], [ 98066.86669921875, 106539.61029052734375 ], [ 98046.32550048828125, 106522.00628662109375 ], [ 98008.1796875, 106554.28369140625 ], [ 97697.17291259765625, 106340.0950927734375 ], [ 97654.646728515625, 106312.66888427734375 ], [ 97582.50469970703125, 106381.33447265625 ], [ 97492.7830810546875, 106466.4237060546875 ], [ 97455.65191650390625, 106502.001708984375 ], [ 97440.18408203125, 106497.3607177734375 ], [ 97421.6226806640625, 106525.20709228515625 ], [ 97353.555908203125, 106636.582275390625 ], [ 97277.75128173828125, 106754.15887451171875 ], [ 97200.4036865234375, 106873.26593017578125 ], [ 97133.88787841796875, 106975.36907958984375 ], [ 97037.9791259765625, 107134.705322265625 ], [ 96944.64410400390625, 107292.21087646484375 ] ] ] ] } },
{ "type": "Feature", "properties": { "ID": "129", "CIRCUITO_N": 129, "COMUNA": 12, "BARRIO": "VILLA URQUIZA", "TOTAL": 22633.0, "MASCULINO": 10653.0, "FEMENINO": 11980.0, "PERIMETRO": 5107.04622449, "AREA": 1484636.29981 }, "geometry": { "type": "MultiPolygon", "coordinates": [ [ [ [ 98916.046875, 106995.02349853515625 ], [ 98962.41748046875, 106927.16827392578125 ], [ 99054.077880859375, 106955.89471435546875 ], [ 99060.85888671875, 106957.4951171875 ], [ 99110.421875, 106969.21771240234375 ], [ 99088.32147216796875, 106953.29412841796875 ], [ 99076.82171630859375, 106944.5120849609375 ], [ 99560.13592529296875, 106252.3551025390625 ], [ 99134.67547607421875, 105958.70849609375 ], [ 98728.87371826171875, 105677.53472900390625 ], [ 98560.5010986328125, 105562.75872802734375 ], [ 98559.7091064453125, 105562.19873046875 ], [ 98459.6260986328125, 105643.44708251953125 ], [ 98076.75787353515625, 105954.37750244140625 ], [ 97976.20452880859375, 106022.443115234375 ], [ 97875.65130615234375, 106092.05889892578125 ], [ 97883.3892822265625, 106098.25030517578125 ], [ 97727.14349365234375, 106243.6630859375 ], [ 97654.646728515625, 106312.66888427734375 ], [ 97697.17291259765625, 106340.0950927734375 ], [ 98008.1796875, 106554.28369140625 ], [ 98046.32550048828125, 106522.00628662109375 ], [ 98066.86669921875, 106539.61029052734375 ], [ 98565.648681640625, 106906.37347412109375 ], [ 98725.70587158203125, 107022.5399169921875 ], [ 98816.66510009765625, 106922.68707275390625 ], [ 98822.57171630859375, 106929.11871337890625 ], [ 98916.046875, 106995.02349853515625 ] ] ] ] } },
{ "type": "Feature", "properties": { "ID": "130", "CIRCUITO_N": 130, "COMUNA": 12, "BARRIO": "COGHLAN", "TOTAL": 15998.0, "MASCULINO": 7573.0, "FEMENINO": 8425.0, "PERIMETRO": 4630.26005463, "AREA": 1280050.8705500001 }, "geometry": { "type": "MultiPolygon", "coordinates": [ [ [ [ 99460.15191650390625, 107803.046875 ], [ 99658.3629150390625, 107539.44708251953125 ], [ 99598.16632080078125, 107497.92767333984375 ], [ 99706.0286865234375, 107443.9854736328125 ], [ 99609.3773193359375, 107355.455322265625 ], [ 99515.9844970703125, 107282.20867919921875 ], [ 99382.43310546875, 107169.21307373046875 ], [ 99115.73468017578125, 106973.12847900390625 ], [ 99110.421875, 106969.21771240234375 ], [ 99060.85888671875, 106957.4951171875 ], [ 99054.077880859375, 106955.89471435546875 ], [ 98962.41748046875, 106927.16827392578125 ], [ 98916.046875, 106995.02349853515625 ], [ 98822.57171630859375, 106929.11871337890625 ], [ 98816.66510009765625, 106922.68707275390625 ], [ 98725.70587158203125, 107022.5399169921875 ], [ 98532.38671875, 107234.7379150390625 ], [ 98554.759521484375, 107248.64111328125 ], [ 98513.71807861328125, 107265.06488037109375 ], [ 98484.985107421875, 107278.7379150390625 ], [ 98433.0048828125, 107314.305908203125 ], [ 98446.6824951171875, 107325.24847412109375 ], [ 98377.73309326171875, 107391.04327392578125 ], [ 98361.11029052734375, 107406.89691162109375 ], [ 98142.05267333984375, 107781.7620849609375 ], [ 98326.9656982421875, 107910.16107177734375 ], [ 98493.89447021484375, 108018.0155029296875 ], [ 98743.36810302734375, 108188.7943115234375 ], [ 98827.76068115234375, 108246.56732177734375 ], [ 99055.43890380859375, 108402.31268310546875 ], [ 99160.3397216796875, 108236.92529296875 ], [ 99306.71087646484375, 108013.4844970703125 ], [ 99460.15191650390625, 107803.046875 ] ] ] ] } },
{ "type": "Feature", "properties": { "ID": "131", "CIRCUITO_N": 131, "COMUNA": 12, "BARRIO": "SAAVEDRA", "TOTAL": 5485.0, "MASCULINO": 2666.0, "FEMENINO": 2819.0, "PERIMETRO": 7109.0389968, "AREA": 1977721.9313099999 }, "geometry": { "type": "MultiPolygon", "coordinates": [ [ [ [ 97981.85552978515625, 107690.24127197265625 ], [ 97895.50787353515625, 107639.23968505859375 ], [ 97458.918701171875, 107392.72369384765625 ], [ 97372.9835205078125, 107538.74688720703125 ], [ 96944.64410400390625, 107292.21087646484375 ], [ 96942.721923828125, 107291.1007080078125 ], [ 96398.61688232421875, 106970.72808837890625 ], [ 95825.06951904296875, 106630.8109130859375 ], [ 95804.0333251953125, 106574.34808349609375 ], [ 95782.99688720703125, 106585.42071533203125 ], [ 95764.17169189453125, 106602.02447509765625 ], [ 95744.24072265625, 106628.60052490234375 ], [ 95728.73992919921875, 106652.95587158203125 ], [ 96565.28192138671875, 108809.66510009765625 ], [ 96580.06512451171875, 108777.81787109375 ], [ 96638.14990234375, 108718.07427978515625 ], [ 96669.67950439453125, 108704.80133056640625 ], [ 96752.6448974609375, 108580.34307861328125 ], [ 96897.01971435546875, 108371.2457275390625 ], [ 96981.65130615234375, 108246.7874755859375 ], [ 96998.24932861328125, 108215.26031494140625 ], [ 97014.839111328125, 108205.30810546875 ], [ 97046.368896484375, 108205.30810546875 ], [ 97077.89849853515625, 108208.62872314453125 ], [ 97106.11187744140625, 108216.92071533203125 ], [ 97140.95770263671875, 108233.5145263671875 ], [ 97165.84649658203125, 108231.8541259765625 ], [ 97185.76092529296875, 108220.24151611328125 ], [ 97222.2730712890625, 108213.59991455078125 ], [ 97331.793701171875, 108221.90167236328125 ], [ 97469.5277099609375, 108230.1937255859375 ], [ 97555.8175048828125, 108235.1746826171875 ], [ 97666.17132568359375, 108241.8162841796875 ], [ 97689.40191650390625, 108192.03509521484375 ], [ 97727.572509765625, 108135.6123046875 ], [ 97783.99090576171875, 108041.0208740234375 ], [ 97883.5625, 107866.78131103515625 ], [ 97969.85247802734375, 107712.4462890625 ], [ 97981.85552978515625, 107690.24127197265625 ] ] ] ] } },
{ "type": "Feature", "properties": { "ID": "132", "CIRCUITO_N": 132, "COMUNA": 12, "BARRIO": "SAAVEDRA", "TOTAL": 19105.0, "MASCULINO": 9313.0, "FEMENINO": 9792.0, "PERIMETRO": 6085.9358027899998, "AREA": 2003272.0237199999 }, "geometry": { "type": "MultiPolygon", "coordinates": [ [ [ [ 98743.36810302734375, 108188.7943115234375 ], [ 98493.89447021484375, 108018.0155029296875 ], [ 98326.9656982421875, 107910.16107177734375 ], [ 98142.05267333984375, 107781.7620849609375 ], [ 98067.6668701171875, 107740.9227294921875 ], [ 97981.85552978515625, 107690.24127197265625 ], [ 97969.85247802734375, 107712.4462890625 ], [ 97883.5625, 107866.78131103515625 ], [ 97783.99090576171875, 108041.0208740234375 ], [ 97727.572509765625, 108135.6123046875 ], [ 97689.40191650390625, 108192.03509521484375 ], [ 97666.17132568359375, 108241.8162841796875 ], [ 97555.8175048828125, 108235.1746826171875 ], [ 97469.5277099609375, 108230.1937255859375 ], [ 97331.793701171875, 108221.90167236328125 ], [ 97222.2730712890625, 108213.59991455078125 ], [ 97185.76092529296875, 108220.24151611328125 ], [ 97165.84649658203125, 108231.8541259765625 ], [ 97140.95770263671875, 108233.5145263671875 ], [ 97106.11187744140625, 108216.92071533203125 ], [ 97077.89849853515625, 108208.62872314453125 ], [ 97046.368896484375, 108205.30810546875 ], [ 97014.839111328125, 108205.30810546875 ], [ 96998.24932861328125, 108215.26031494140625 ], [ 96981.65130615234375, 108246.7874755859375 ], [ 96897.01971435546875, 108371.2457275390625 ], [ 96752.6448974609375, 108580.34307861328125 ], [ 96669.67950439453125, 108704.80133056640625 ], [ 96638.14990234375, 108718.07427978515625 ], [ 96580.06512451171875, 108777.81787109375 ], [ 96565.28192138671875, 108809.66510009765625 ], [ 96580.79931640625, 108849.674072265625 ], [ 97873.68792724609375, 109539.8406982421875 ], [ 97946.0609130859375, 109454.8212890625 ], [ 98000.664306640625, 109371.552490234375 ], [ 98108.51031494140625, 109200.92388916015625 ], [ 98212.256103515625, 109031.655517578125 ], [ 98329.646728515625, 108846.0032958984375 ], [ 98535.092529296875, 108519.74932861328125 ], [ 98743.36810302734375, 108188.7943115234375 ] ] ] ] } },
{ "type": "Feature", "properties": { "ID": "133", "CIRCUITO_N": 133, "COMUNA": 12, "BARRIO": "SAAVEDRA", "TOTAL": 18611.0, "MASCULINO": 8905.0, "FEMENINO": 9706.0, "PERIMETRO": 5263.9287166900003, "AREA": 1555178.1017400001 }, "geometry": { "type": "MultiPolygon", "coordinates": [ [ [ [ 99550.72332763671875, 108910.39788818359375 ], [ 98977.33251953125, 108525.1505126953125 ], [ 99055.43890380859375, 108402.31268310546875 ], [ 98827.76068115234375, 108246.56732177734375 ], [ 98743.36810302734375, 108188.7943115234375 ], [ 98535.092529296875, 108519.74932861328125 ], [ 98329.646728515625, 108846.0032958984375 ], [ 98212.256103515625, 109031.655517578125 ], [ 98108.51031494140625, 109200.92388916015625 ], [ 98000.664306640625, 109371.552490234375 ], [ 97946.0609130859375, 109454.8212890625 ], [ 97873.68792724609375, 109539.8406982421875 ], [ 98838.40252685546875, 110054.8175048828125 ], [ 99243.53607177734375, 109397.46832275390625 ], [ 99293.4208984375, 109316.52008056640625 ], [ 99347.851318359375, 109228.2100830078125 ], [ 99548.5452880859375, 108913.8087158203125 ], [ 99550.72332763671875, 108910.39788818359375 ] ] ] ] } },
{ "type": "Feature", "properties": { "ID": "134", "CIRCUITO_N": 134, "COMUNA": 13, "BARRIO": "NUÑEZ", "TOTAL": 8389.0, "MASCULINO": 4120.0, "FEMENINO": 4269.0, "PERIMETRO": 6144.4772219500001, "AREA": 1595513.61399 }, "geometry": { "type": "MultiPolygon", "coordinates": [ [ [ [ 100738.851318359375, 110584.447509765625 ], [ 100748.37127685546875, 110574.92547607421875 ], [ 100753.9312744140625, 110566.1934814453125 ], [ 100758.42730712890625, 110555.08087158203125 ], [ 100761.3394775390625, 110539.207275390625 ], [ 100760.8115234375, 110529.41510009765625 ], [ 100759.4832763671875, 110520.423095703125 ], [ 100757.37152099609375, 110513.54150390625 ], [ 100752.61151123046875, 110504.80950927734375 ], [ 100750.75531005859375, 110497.66790771484375 ], [ 100752.61151123046875, 110488.4058837890625 ], [ 100754.9873046875, 110482.58447265625 ], [ 100758.163330078125, 110475.972900390625 ], [ 100762.39532470703125, 110469.62152099609375 ], [ 100764.77947998046875, 110465.3905029296875 ], [ 100768.74749755859375, 110458.76910400390625 ], [ 100770.59527587890625, 110447.656494140625 ], [ 100768.76409912109375, 110439.38470458984375 ], [ 100769.53948974609375, 110433.90350341796875 ], [ 100764.77947998046875, 110428.34210205078125 ], [ 100757.635498046875, 110425.1715087890625 ], [ 100754.1953125, 110425.1715087890625 ], [ 100598.7332763671875, 110328.489501953125 ], [ 100588.36370849609375, 110322.1781005859375 ], [ 100413.944091796875, 110225.1461181640625 ], [ 100426.1038818359375, 110217.70428466796875 ], [ 100353.8052978515625, 110147.4384765625 ], [ 100013.38909912109375, 109729.83367919921875 ], [ 99994.72027587890625, 109745.8272705078125 ], [ 99954.5452880859375, 109827.06591796875 ], [ 99874.830078125, 109777.7147216796875 ], [ 99869.13787841796875, 109774.263916015625 ], [ 99757.07647705078125, 109706.3685302734375 ], [ 99701.4666748046875, 109672.680908203125 ], [ 99529.37347412109375, 109567.65692138671875 ], [ 99463.36907958984375, 109526.58770751953125 ], [ 99358.54248046875, 109461.3629150390625 ], [ 99243.53607177734375, 109397.46832275390625 ], [ 98838.40252685546875, 110054.8175048828125 ], [ 98845.0762939453125, 110058.3782958984375 ], [ 99761.787109375, 110547.73931884765625 ], [ 99845.12371826171875, 110592.21929931640625 ], [ 99954.4215087890625, 110650.572509765625 ], [ 100198.88751220703125, 110989.8695068359375 ], [ 100220.3529052734375, 111019.66632080078125 ], [ 100399.40850830078125, 111268.1727294921875 ], [ 100404.514892578125, 111276.31451416015625 ], [ 100412.846923828125, 111275.934326171875 ], [ 100422.32568359375, 111276.69451904296875 ], [ 100428.38067626953125, 111274.04388427734375 ], [ 100439.146484375, 111269.5928955078125 ], [ 100445.81207275390625, 111264.951904296875 ], [ 100453.00567626953125, 111262.67132568359375 ], [ 100459.069091796875, 111263.051513671875 ], [ 100467.40087890625, 111268.35272216796875 ], [ 100476.49188232421875, 111273.66387939453125 ], [ 100482.5552978515625, 111277.82489013671875 ], [ 100490.13671875, 111281.2354736328125 ], [ 100500.7373046875, 111281.61572265625 ], [ 100509.45709228515625, 111282.75592041015625 ], [ 100517.40948486328125, 111283.1361083984375 ], [ 100532.56390380859375, 111281.2354736328125 ], [ 100541.58892822265625, 111278.5048828125 ], [ 100547.02532958984375, 111279.2451171875 ], [ 100556.8175048828125, 111277.9249267578125 ], [ 100566.28790283203125, 111281.17547607421875 ], [ 100574.314697265625, 111280.81549072265625 ], [ 100589.62567138671875, 111283.47607421875 ], [ 100598.3538818359375, 111285.0665283203125 ], [ 100609.993896484375, 111283.74609375 ], [ 100625.34613037109375, 111279.2451171875 ], [ 100636.45831298828125, 111275.5443115234375 ], [ 100645.186279296875, 111273.1636962890625 ], [ 100653.122314453125, 111270.51312255859375 ], [ 100656.8262939453125, 111267.60247802734375 ], [ 100661.63568115234375, 111266.162109375 ], [ 100669.2664794921875, 111254.6395263671875 ], [ 100675.34649658203125, 111243.787109375 ], [ 100677.99468994140625, 111232.41448974609375 ], [ 100680.90667724609375, 111224.74267578125 ], [ 100681.69873046875, 111215.220703125 ], [ 100680.6427001953125, 111205.1583251953125 ], [ 100676.41070556640625, 111192.46551513671875 ], [ 100674.55450439453125, 111180.55267333984375 ], [ 100672.17047119140625, 111173.41107177734375 ], [ 100677.99468994140625, 111159.9180908203125 ], [ 100684.08270263671875, 111156.747314453125 ], [ 100689.3707275390625, 111150.3958740234375 ], [ 100695.59088134765625, 111147.71527099609375 ], [ 100702.33892822265625, 111143.2542724609375 ], [ 100711.06689453125, 111140.073486328125 ], [ 100721.651123046875, 111133.99212646484375 ], [ 100738.273681640625, 111126.85052490234375 ], [ 100753.9312744140625, 111117.8485107421875 ], [ 100762.39532470703125, 111111.76708984375 ], [ 100767.6915283203125, 111106.736083984375 ], [ 100772.9794921875, 111099.594482421875 ], [ 100782.24371337890625, 111088.74188232421875 ], [ 100794.939697265625, 111073.66851806640625 ], [ 100806.84368896484375, 111060.6956787109375 ], [ 100811.61187744140625, 111053.29388427734375 ], [ 100817.42791748046875, 111047.47247314453125 ], [ 100822.72412109375, 111043.24169921875 ], [ 100830.66009521484375, 111037.15032958984375 ], [ 100839.38812255859375, 111031.06890869140625 ], [ 100847.18389892578125, 111025.14752197265625 ], [ 100851.0364990234375, 111019.1561279296875 ], [ 100852.62030029296875, 111012.28448486328125 ], [ 100855.26849365234375, 111009.1038818359375 ], [ 100856.58831787109375, 111004.08270263671875 ], [ 100862.4124755859375, 110997.7313232421875 ], [ 100862.14849853515625, 110989.78948974609375 ], [ 100869.29248046875, 110975.236083984375 ], [ 100873.78851318359375, 110962.80328369140625 ], [ 100876.9647216796875, 110954.60150146484375 ], [ 100879.07647705078125, 110951.96087646484375 ], [ 100885.4287109375, 110934.49688720703125 ], [ 100890.9888916015625, 110926.29510498046875 ], [ 100893.8927001953125, 110914.38232421875 ], [ 100893.62872314453125, 110898.7789306640625 ], [ 100892.57269287109375, 110882.63507080078125 ], [ 100893.1007080078125, 110872.5828857421875 ], [ 100893.8927001953125, 110863.58087158203125 ], [ 100892.044677734375, 110856.43927001953125 ], [ 100885.69268798828125, 110845.85687255859375 ], [ 100878.54852294921875, 110838.71527099609375 ], [ 100871.40447998046875, 110829.9832763671875 ], [ 100857.9083251953125, 110812.789306640625 ], [ 100851.56427001953125, 110804.5875244140625 ], [ 100846.79608154296875, 110800.08648681640625 ], [ 100838.33209228515625, 110793.735107421875 ], [ 100831.71612548828125, 110784.74310302734375 ], [ 100826.16412353515625, 110778.3914794921875 ], [ 100820.33990478515625, 110772.5703125 ], [ 100810.28387451171875, 110767.80908203125 ], [ 100802.39727783203125, 110759.8873291015625 ], [ 100791.58209228515625, 110753.12591552734375 ], [ 100782.24371337890625, 110745.0540771484375 ], [ 100774.01068115234375, 110740.51287841796875 ], [ 100768.4835205078125, 110736.85211181640625 ], [ 100762.13128662109375, 110732.611083984375 ], [ 100755.99371337890625, 110727.4500732421875 ], [ 100749.2291259765625, 110720.23828125 ], [ 100744.403076171875, 110715.68731689453125 ], [ 100740.220703125, 110711.676513671875 ], [ 100733.819091796875, 110703.5145263671875 ], [ 100725.88311767578125, 110695.5728759765625 ], [ 100718.59051513671875, 110690.95172119140625 ], [ 100706.04290771484375, 110681.01947021484375 ], [ 100701.27471923828125, 110675.1981201171875 ], [ 100697.834716796875, 110670.96728515625 ], [ 100693.396484375, 110655.34368896484375 ], [ 100693.86669921875, 110643.19091796875 ], [ 100696.51470947265625, 110636.309326171875 ], [ 100700.7467041015625, 110632.07830810546875 ], [ 100706.5709228515625, 110622.28607177734375 ], [ 100712.65911865234375, 110614.614501953125 ], [ 100720.06707763671875, 110604.82208251953125 ], [ 100727.73907470703125, 110594.7698974609375 ], [ 100738.851318359375, 110584.447509765625 ] ] ] ] } },
{ "type": "Feature", "properties": { "ID": "135", "CIRCUITO_N": 135, "COMUNA": 13, "BARRIO": "NUÑEZ", "TOTAL": 9792.0, "MASCULINO": 4779.0, "FEMENINO": 5013.0, "PERIMETRO": 5049.3149789400004, "AREA": 1435842.99343 }, "geometry": { "type": "MultiPolygon", "coordinates": [ [ [ [ 100353.8052978515625, 110147.4384765625 ], [ 100393.2626953125, 110113.3607177734375 ], [ 100399.13629150390625, 110108.27947998046875 ], [ 100457.68310546875, 110059.28851318359375 ], [ 100529.222900390625, 110017.18890380859375 ], [ 100535.3438720703125, 110013.88812255859375 ], [ 100590.31048583984375, 109981.63092041015625 ], [ 100628.5386962890625, 109957.7354736328125 ], [ 100665.5791015625, 109937.4208984375 ], [ 100712.18048095703125, 109911.1348876953125 ], [ 100744.436279296875, 109892.0205078125 ], [ 100782.6727294921875, 109869.31549072265625 ], [ 100815.778076171875, 109853.86187744140625 ], [ 100854.36090087890625, 109841.839111328125 ], [ 100869.6884765625, 109836.4879150390625 ], [ 100929.6295166015625, 109815.55328369140625 ], [ 100950.7730712890625, 109807.42132568359375 ], [ 100960.69708251953125, 109803.60052490234375 ], [ 100998.9337158203125, 109788.076904296875 ], [ 101049.81671142578125, 109764.20147705078125 ], [ 101061.70428466796875, 109758.62030029296875 ], [ 101200.66729736328125, 109668.19989013671875 ], [ 101288.8958740234375, 109611.6668701171875 ], [ 101235.8927001953125, 109529.57830810546875 ], [ 101138.32568359375, 109378.47412109375 ], [ 101109.41107177734375, 109334.49407958984375 ], [ 101024.35870361328125, 109198.47332763671875 ], [ 100884.4716796875, 108979.563720703125 ], [ 100842.41571044921875, 108907.497314453125 ], [ 100837.63092041015625, 108862.096923828125 ], [ 100908.12310791015625, 108789.22052001953125 ], [ 100935.676513671875, 108748.04107666015625 ], [ 100942.63909912109375, 108737.62872314453125 ], [ 100824.4976806640625, 108661.87152099609375 ], [ 100469.50469970703125, 108437.910888671875 ], [ 100468.8695068359375, 108437.51068115234375 ], [ 100375.79010009765625, 108528.26129150390625 ], [ 100269.0167236328125, 108651.049072265625 ], [ 100175.59088134765625, 108768.4957275390625 ], [ 100100.85028076171875, 108880.60107421875 ], [ 100023.44512939453125, 109003.38909912109375 ], [ 99938.02972412109375, 109174.22772216796875 ], [ 99884.638916015625, 109323.70172119140625 ], [ 99841.93109130859375, 109451.8306884765625 ], [ 99785.67767333984375, 109616.26788330078125 ], [ 99786.13970947265625, 109616.5380859375 ], [ 99757.07647705078125, 109706.3685302734375 ], [ 99869.13787841796875, 109774.263916015625 ], [ 99874.830078125, 109777.7147216796875 ], [ 99954.5452880859375, 109827.06591796875 ], [ 99994.72027587890625, 109745.8272705078125 ], [ 100013.38909912109375, 109729.83367919921875 ], [ 100353.8052978515625, 110147.4384765625 ] ] ] ] } },
{ "type": "Feature", "properties": { "ID": "136", "CIRCUITO_N": 136, "COMUNA": 13, "BARRIO": "NUÑEZ", "TOTAL": 14638.0, "MASCULINO": 6797.0, "FEMENINO": 7841.0, "PERIMETRO": 4018.3507289300001, "AREA": 703315.35881600005 }, "geometry": { "type": "MultiPolygon", "coordinates": [ [ [ [ 100468.8695068359375, 108437.51068115234375 ], [ 100069.45269775390625, 108185.52349853515625 ], [ 100067.8604736328125, 108184.5233154296875 ], [ 99978.77410888671875, 108299.059326171875 ], [ 99889.34930419921875, 108400.02227783203125 ], [ 99831.65228271484375, 108489.4525146484375 ], [ 99779.72967529296875, 108567.330078125 ], [ 99750.8895263671875, 108610.59991455078125 ], [ 99724.92828369140625, 108653.86968994140625 ], [ 99693.19232177734375, 108697.1395263671875 ], [ 99664.35211181640625, 108740.40948486328125 ], [ 99563.38629150390625, 108896.1746826171875 ], [ 99548.5452880859375, 108913.8087158203125 ], [ 99347.851318359375, 109228.2100830078125 ], [ 99293.4208984375, 109316.52008056640625 ], [ 99243.53607177734375, 109397.46832275390625 ], [ 99358.54248046875, 109461.3629150390625 ], [ 99463.36907958984375, 109526.58770751953125 ], [ 99529.37347412109375, 109567.65692138671875 ], [ 99701.4666748046875, 109672.680908203125 ], [ 99757.07647705078125, 109706.3685302734375 ], [ 99786.13970947265625, 109616.5380859375 ], [ 99785.67767333984375, 109616.26788330078125 ], [ 99841.93109130859375, 109451.8306884765625 ], [ 99884.638916015625, 109323.70172119140625 ], [ 99938.02972412109375, 109174.22772216796875 ], [ 100023.44512939453125, 109003.38909912109375 ], [ 100100.85028076171875, 108880.60107421875 ], [ 100175.59088134765625, 108768.4957275390625 ], [ 100269.0167236328125, 108651.049072265625 ], [ 100375.79010009765625, 108528.26129150390625 ], [ 100468.8695068359375, 108437.51068115234375 ] ] ] ] } },
{ "type": "Feature", "properties": { "ID": "137", "CIRCUITO_N": 137, "COMUNA": 13, "BARRIO": "NUÑEZ", "TOTAL": 12488.0, "MASCULINO": 5742.0, "FEMENINO": 6746.0, "PERIMETRO": 3178.12401899, "AREA": 616866.87101500004 }, "geometry": { "type": "MultiPolygon", "coordinates": [ [ [ [ 100067.8604736328125, 108184.5233154296875 ], [ 99460.15191650390625, 107803.046875 ], [ 99306.71087646484375, 108013.4844970703125 ], [ 99160.3397216796875, 108236.92529296875 ], [ 99055.43890380859375, 108402.31268310546875 ], [ 98977.33251953125, 108525.1505126953125 ], [ 99550.72332763671875, 108910.39788818359375 ], [ 99548.5452880859375, 108913.8087158203125 ], [ 99563.38629150390625, 108896.1746826171875 ], [ 99664.35211181640625, 108740.40948486328125 ], [ 99693.19232177734375, 108697.1395263671875 ], [ 99724.92828369140625, 108653.86968994140625 ], [ 99750.8895263671875, 108610.59991455078125 ], [ 99779.72967529296875, 108567.330078125 ], [ 99831.65228271484375, 108489.4525146484375 ], [ 99889.34930419921875, 108400.02227783203125 ], [ 99978.77410888671875, 108299.059326171875 ], [ 100067.8604736328125, 108184.5233154296875 ] ] ] ] } },
{ "type": "Feature", "properties": { "ID": "138", "CIRCUITO_N": 138, "COMUNA": 13, "BARRIO": "BELGRANO", "TOTAL": 27460.0, "MASCULINO": 12258.0, "FEMENINO": 15202.0, "PERIMETRO": 4578.9896404900001, "AREA": 888040.82187099999 }, "geometry": { "type": "MultiPolygon", "coordinates": [ [ [ [ 99853.9259033203125, 106919.2864990234375 ], [ 99843.2344970703125, 106924.35748291015625 ], [ 99722.535888671875, 106960.355712890625 ], [ 99625.12567138671875, 106983.64093017578125 ], [ 99508.66729736328125, 106998.46429443359375 ], [ 99409.14508056640625, 107002.705322265625 ], [ 99335.031494140625, 107002.705322265625 ], [ 99267.2698974609375, 106996.3538818359375 ], [ 99186.8040771484375, 106985.761474609375 ], [ 99115.73468017578125, 106973.12847900390625 ], [ 99382.43310546875, 107169.21307373046875 ], [ 99515.9844970703125, 107282.20867919921875 ], [ 99609.3773193359375, 107355.455322265625 ], [ 99706.0286865234375, 107443.9854736328125 ], [ 99598.16632080078125, 107497.92767333984375 ], [ 99658.3629150390625, 107539.44708251953125 ], [ 99460.15191650390625, 107803.046875 ], [ 100067.8604736328125, 108184.5233154296875 ], [ 100079.731689453125, 108169.2598876953125 ], [ 100134.54132080078125, 108105.79547119140625 ], [ 100192.23028564453125, 108025.027099609375 ], [ 100235.4989013671875, 107975.986083984375 ], [ 100261.4600830078125, 107935.60687255859375 ], [ 100316.2698974609375, 107872.14251708984375 ], [ 100391.26629638671875, 107762.5277099609375 ], [ 100604.730712890625, 107462.52947998046875 ], [ 100607.22210693359375, 107459.00872802734375 ], [ 100597.38848876953125, 107452.9375 ], [ 100510.455322265625, 107390.21307373046875 ], [ 100164.3717041015625, 107142.61712646484375 ], [ 99853.9259033203125, 106919.2864990234375 ] ] ] ] } },
{ "type": "Feature", "properties": { "ID": "139", "CIRCUITO_N": 139, "COMUNA": 13, "BARRIO": "BELGRANO", "TOTAL": 18063.0, "MASCULINO": 8121.0, "FEMENINO": 9942.0, "PERIMETRO": 3046.0134704799998, "AREA": 525616.43717199995 }, "geometry": { "type": "MultiPolygon", "coordinates": [ [ [ [ 100607.22210693359375, 107459.00872802734375 ], [ 100604.730712890625, 107462.52947998046875 ], [ 100391.26629638671875, 107762.5277099609375 ], [ 100316.2698974609375, 107872.14251708984375 ], [ 100261.4600830078125, 107935.60687255859375 ], [ 100235.4989013671875, 107975.986083984375 ], [ 100192.23028564453125, 108025.027099609375 ], [ 100134.54132080078125, 108105.79547119140625 ], [ 100079.731689453125, 108169.2598876953125 ], [ 100067.8604736328125, 108184.5233154296875 ], [ 100069.45269775390625, 108185.52349853515625 ], [ 100468.8695068359375, 108437.51068115234375 ], [ 100469.50469970703125, 108437.910888671875 ], [ 100530.60888671875, 108378.77728271484375 ], [ 100650.7216796875, 108277.34429931640625 ], [ 100826.8983154296875, 108151.88592529296875 ], [ 100995.064697265625, 108039.780517578125 ], [ 101173.9058837890625, 107919.663330078125 ], [ 101211.25152587890625, 107894.0574951171875 ], [ 101169.0634765625, 107857.8892822265625 ], [ 101026.00848388671875, 107754.4556884765625 ], [ 100844.4368896484375, 107623.506103515625 ], [ 100657.915283203125, 107490.35589599609375 ], [ 100607.22210693359375, 107459.00872802734375 ] ] ] ] } },
{ "type": "Feature", "properties": { "ID": "140", "CIRCUITO_N": 140, "COMUNA": 13, "BARRIO": "BELGRANO", "TOTAL": 8070.0, "MASCULINO": 3908.0, "FEMENINO": 4162.0, "PERIMETRO": 3951.0520350100001, "AREA": 466228.79244599998 }, "geometry": { "type": "MultiPolygon", "coordinates": [ [ [ [ 101925.956298828125, 107476.292724609375 ], [ 101915.96612548828125, 107479.2332763671875 ], [ 101801.190673828125, 107521.943115234375 ], [ 101697.0819091796875, 107569.98388671875 ], [ 101587.6436767578125, 107631.3779296875 ], [ 101523.578125, 107676.75811767578125 ], [ 101360.75732421875, 107791.5343017578125 ], [ 101211.25152587890625, 107894.0574951171875 ], [ 101173.9058837890625, 107919.663330078125 ], [ 100995.064697265625, 108039.780517578125 ], [ 100826.8983154296875, 108151.88592529296875 ], [ 100650.7216796875, 108277.34429931640625 ], [ 100530.60888671875, 108378.77728271484375 ], [ 100469.50469970703125, 108437.910888671875 ], [ 100824.4976806640625, 108661.87152099609375 ], [ 100942.63909912109375, 108737.62872314453125 ], [ 100935.676513671875, 108748.04107666015625 ], [ 101009.12188720703125, 108648.228515625 ], [ 101170.2100830078125, 108420.19671630859375 ], [ 101285.26611328125, 108261.20068359375 ], [ 101354.3062744140625, 108160.77789306640625 ], [ 101461.0054931640625, 108010.1536865234375 ], [ 101553.05352783203125, 107882.534912109375 ], [ 101653.47491455078125, 107744.4635009765625 ], [ 101735.0625, 107627.306884765625 ], [ 101785.26910400390625, 107558.27130126953125 ], [ 101831.2930908203125, 107526.88427734375 ], [ 101925.956298828125, 107476.292724609375 ] ] ] ] } },
{ "type": "Feature", "properties": { "ID": "141", "CIRCUITO_N": 141, "COMUNA": 13, "BARRIO": "BELGRANO", "TOTAL": 14230.0, "MASCULINO": 6883.0, "FEMENINO": 7347.0, "PERIMETRO": 15975.911752600001, "AREA": 4071107.6461100001 }, "geometry": { "type": "MultiPolygon", "coordinates": [ [ [ [ 102348.6614990234375, 107405.7567138671875 ], [ 102282.03009033203125, 107409.45751953125 ], [ 102253.3052978515625, 107413.1182861328125 ], [ 102177.65728759765625, 107422.740478515625 ], [ 102169.96051025390625, 107423.910888671875 ], [ 102090.36907958984375, 107436.023681640625 ], [ 102031.55010986328125, 107447.4061279296875 ], [ 102030.1395263671875, 107445.25567626953125 ], [ 102006.7191162109375, 107452.53729248046875 ], [ 101925.956298828125, 107476.292724609375 ], [ 101831.2930908203125, 107526.88427734375 ], [ 101785.26910400390625, 107558.27130126953125 ], [ 101735.0625, 107627.306884765625 ], [ 101653.47491455078125, 107744.4635009765625 ], [ 101553.05352783203125, 107882.534912109375 ], [ 101461.0054931640625, 108010.1536865234375 ], [ 101354.3062744140625, 108160.77789306640625 ], [ 101285.26611328125, 108261.20068359375 ], [ 101170.2100830078125, 108420.19671630859375 ], [ 101009.12188720703125, 108648.228515625 ], [ 100935.676513671875, 108748.04107666015625 ], [ 100908.12310791015625, 108789.22052001953125 ], [ 100837.63092041015625, 108862.096923828125 ], [ 100842.41571044921875, 108907.497314453125 ], [ 100884.4716796875, 108979.563720703125 ], [ 101024.35870361328125, 109198.47332763671875 ], [ 101109.41107177734375, 109334.49407958984375 ], [ 101138.32568359375, 109378.47412109375 ], [ 101235.8927001953125, 109529.57830810546875 ], [ 101288.8958740234375, 109611.6668701171875 ], [ 101200.66729736328125, 109668.19989013671875 ], [ 101061.70428466796875, 109758.62030029296875 ], [ 101049.81671142578125, 109764.20147705078125 ], [ 100998.9337158203125, 109788.076904296875 ], [ 100960.69708251953125, 109803.60052490234375 ], [ 100950.7730712890625, 109807.42132568359375 ], [ 100929.6295166015625, 109815.55328369140625 ], [ 100869.6884765625, 109836.4879150390625 ], [ 100854.36090087890625, 109841.839111328125 ], [ 100815.778076171875, 109853.86187744140625 ], [ 100782.6727294921875, 109869.31549072265625 ], [ 100744.436279296875, 109892.0205078125 ], [ 100712.18048095703125, 109911.1348876953125 ], [ 100665.5791015625, 109937.4208984375 ], [ 100628.5386962890625, 109957.7354736328125 ], [ 100590.31048583984375, 109981.63092041015625 ], [ 100535.3438720703125, 110013.88812255859375 ], [ 100529.222900390625, 110017.18890380859375 ], [ 100457.68310546875, 110059.28851318359375 ], [ 100399.13629150390625, 110108.27947998046875 ], [ 100393.2626953125, 110113.3607177734375 ], [ 100353.8052978515625, 110147.4384765625 ], [ 100426.1038818359375, 110217.70428466796875 ], [ 100442.77630615234375, 110205.83172607421875 ], [ 100645.92047119140625, 110309.89532470703125 ], [ 100693.470703125, 110343.48291015625 ], [ 100764.25970458984375, 110384.31207275390625 ], [ 100841.26068115234375, 110436.50408935546875 ], [ 100865.035888671875, 110452.5277099609375 ], [ 100877.43487548828125, 110458.7291259765625 ], [ 100882.64031982421875, 110463.2501220703125 ], [ 100886.73211669921875, 110466.220703125 ], [ 100888.76971435546875, 110470.30169677734375 ], [ 100886.36090087890625, 110472.7222900390625 ], [ 100888.39849853515625, 110476.9932861328125 ], [ 100889.14910888671875, 110480.1539306640625 ], [ 100886.36090087890625, 110483.6746826171875 ], [ 100884.68609619140625, 110486.27532958984375 ], [ 100884.68609619140625, 110489.6260986328125 ], [ 100887.6558837890625, 110496.4976806640625 ], [ 100887.9613037109375, 110501.37872314453125 ], [ 100886.11328125, 110518.84271240234375 ], [ 100883.9932861328125, 110526.5145263671875 ], [ 100884.78509521484375, 110533.3958740234375 ], [ 100888.48907470703125, 110538.1571044921875 ], [ 100894.84130859375, 110542.6480712890625 ], [ 100904.63348388671875, 110549.52972412109375 ], [ 100913.60888671875, 110554.84088134765625 ], [ 100922.91448974609375, 110565.18328857421875 ], [ 100933.76251220703125, 110579.646484375 ], [ 101007.61212158203125, 110694.4124755859375 ], [ 101027.8729248046875, 110729.96051025390625 ], [ 101035.3140869140625, 110740.29290771484375 ], [ 101048.95050048828125, 110766.7589111328125 ], [ 101058.0496826171875, 110779.16168212890625 ], [ 101062.18267822265625, 110789.08392333984375 ], [ 101058.0496826171875, 110799.82647705078125 ], [ 101054.74169921875, 110813.469482421875 ], [ 101059.287109375, 110827.94268798828125 ], [ 101067.14068603515625, 110832.9039306640625 ], [ 101066.72808837890625, 110838.685302734375 ], [ 101070.44873046875, 110838.685302734375 ], [ 101074.58172607421875, 110842.82611083984375 ], [ 101081.1978759765625, 110835.384521484375 ], [ 101085.80108642578125, 110828.3529052734375 ], [ 101090.3052978515625, 110825.20208740234375 ], [ 101120.88629150390625, 110779.98187255859375 ], [ 101141.55950927734375, 110742.77349853515625 ], [ 101150.6505126953125, 110724.58929443359375 ], [ 101152.72113037109375, 110713.0167236328125 ], [ 101154.78350830078125, 110686.55072021484375 ], [ 101157.2664794921875, 110653.893310546875 ], [ 101163.8826904296875, 110635.28912353515625 ], [ 101164.2952880859375, 110623.3062744140625 ], [ 101170.04510498046875, 110612.31390380859375 ], [ 101177.24688720703125, 110600.601318359375 ], [ 101183.310302734375, 110591.05908203125 ], [ 101189.513916015625, 110584.4375 ], [ 101192.40948486328125, 110570.79449462890625 ], [ 101200.26312255859375, 110528.21490478515625 ], [ 101214.73272705078125, 110496.7977294921875 ], [ 101218.6925048828125, 110457.09869384765625 ], [ 101220.10308837890625, 110441.8153076171875 ], [ 101214.3203125, 110429.4124755859375 ], [ 101207.29168701171875, 110419.90032958984375 ], [ 101193.64691162109375, 110407.0872802734375 ], [ 101177.11492919921875, 110397.16510009765625 ], [ 101170.91131591796875, 110398.81549072265625 ], [ 101154.78350830078125, 110396.7548828125 ], [ 101135.35589599609375, 110392.61407470703125 ], [ 101125.43170166015625, 110390.13348388671875 ], [ 101117.99072265625, 110388.893310546875 ], [ 101110.96209716796875, 110388.893310546875 ], [ 101105.1790771484375, 110388.893310546875 ], [ 101099.80047607421875, 110390.5537109375 ], [ 101094.01751708984375, 110390.96368408203125 ], [ 101084.50592041015625, 110390.96368408203125 ], [ 101075.00250244140625, 110391.79388427734375 ], [ 101066.315673828125, 110388.893310546875 ], [ 101054.3291015625, 110380.63128662109375 ], [ 101043.88531494140625, 110382.53167724609375 ], [ 101036.13909912109375, 110383.93212890625 ], [ 101020.431884765625, 110386.4127197265625 ], [ 101005.12908935546875, 110382.69189453125 ], [ 100984.87652587890625, 110384.7623291015625 ], [ 100972.05670166015625, 110383.11187744140625 ], [ 100956.7620849609375, 110380.2113037109375 ], [ 100948.08367919921875, 110378.97088623046875 ], [ 100938.90191650390625, 110378.49090576171875 ], [ 100934.4390869140625, 110376.9105224609375 ], [ 100929.4810791015625, 110375.2501220703125 ], [ 100924.102294921875, 110371.11907958984375 ], [ 100915.42388916015625, 110361.1968994140625 ], [ 100895.57550048828125, 110345.4932861328125 ], [ 100881.10589599609375, 110329.7799072265625 ], [ 100878.4246826171875, 110324.61871337890625 ], [ 100842.6630859375, 110289.26068115234375 ], [ 100839.76751708984375, 110279.75848388671875 ], [ 100814.13629150390625, 110241.71990966796875 ], [ 100808.34527587890625, 110232.21771240234375 ], [ 100798.8416748046875, 110224.35589599609375 ], [ 100782.71392822265625, 110201.6207275390625 ], [ 100778.58087158203125, 110191.28851318359375 ], [ 100777.75592041015625, 110173.09429931640625 ], [ 100781.0640869140625, 110162.76190185546875 ], [ 100783.95947265625, 110154.91009521484375 ], [ 100786.43450927734375, 110145.39788818359375 ], [ 100788.85150146484375, 110139.4766845703125 ], [ 100790.15509033203125, 110130.51470947265625 ], [ 100779.4058837890625, 110121.00250244140625 ], [ 100776.93109130859375, 110116.46148681640625 ], [ 100770.72747802734375, 110110.67010498046875 ], [ 100777.75592041015625, 110106.53912353515625 ], [ 100778.9932861328125, 110111.50030517578125 ], [ 100782.301513671875, 110115.63128662109375 ], [ 100795.12127685546875, 110123.0728759765625 ], [ 100799.25408935546875, 110109.42987060546875 ], [ 100806.28289794921875, 110098.26727294921875 ], [ 100812.065673828125, 110087.10467529296875 ], [ 100822.40228271484375, 110071.39129638671875 ], [ 100830.25592041015625, 110052.37689208984375 ], [ 100838.53009033203125, 110042.87469482421875 ], [ 100845.5587158203125, 110035.43310546875 ], [ 100855.8870849609375, 110030.0518798828125 ], [ 100872.427490234375, 110020.12969970703125 ], [ 100935.676513671875, 109981.680908203125 ], [ 100962.55328369140625, 109966.38751220703125 ], [ 100971.644287109375, 109963.90692138671875 ], [ 100977.43548583984375, 109961.42633056640625 ], [ 100989.009521484375, 109946.96307373046875 ], [ 101021.25689697265625, 109951.0938720703125 ], [ 101045.65069580078125, 109992.0233154296875 ], [ 101043.99249267578125, 110011.86767578125 ], [ 101071.69427490234375, 110049.89630126953125 ], [ 101091.12188720703125, 110073.46173095703125 ], [ 101098.15069580078125, 110080.4932861328125 ], [ 101107.24151611328125, 110082.5537109375 ], [ 101103.5211181640625, 110098.677490234375 ], [ 101111.38287353515625, 110109.01971435546875 ], [ 101119.7808837890625, 110112.09051513671875 ], [ 101128.12109375, 110114.34088134765625 ], [ 101142.9866943359375, 110118.96209716796875 ], [ 101160.1126708984375, 110131.80487060546875 ], [ 101179.48248291015625, 110145.087890625 ], [ 101200.436279296875, 110160.63153076171875 ], [ 101225.48187255859375, 110188.3876953125 ], [ 101232.097900390625, 110196.24951171875 ], [ 101231.68548583984375, 110211.13287353515625 ], [ 101232.097900390625, 110233.03790283203125 ], [ 101232.097900390625, 110249.1614990234375 ], [ 101226.71929931640625, 110282.64910888671875 ], [ 101226.306884765625, 110292.5712890625 ], [ 101219.278076171875, 110331.85028076171875 ], [ 101267.23272705078125, 110369.0487060546875 ], [ 101302.37548828125, 110392.61407470703125 ], [ 101308.99169921875, 110397.16510009765625 ], [ 101318.9158935546875, 110395.9249267578125 ], [ 101321.8031005859375, 110393.03411865234375 ], [ 101329.24432373046875, 110386.4127197265625 ], [ 101332.9647216796875, 110379.39111328125 ], [ 101330.91070556640625, 110376.15032958984375 ], [ 101331.727294921875, 110371.11907958984375 ], [ 101331.31488037109375, 110365.327880859375 ], [ 101285.01031494140625, 110333.09051513671875 ], [ 101277.981689453125, 110321.9281005859375 ], [ 101276.74432373046875, 110312.00567626953125 ], [ 101280.05230712890625, 110301.2532958984375 ], [ 101324.28631591796875, 110234.69830322265625 ], [ 101334.6229248046875, 110221.05511474609375 ], [ 101339.118896484375, 110211.2529296875 ], [ 101338.29388427734375, 110206.69189453125 ], [ 101332.55230712890625, 110196.65972900390625 ], [ 101326.769287109375, 110187.5675048828125 ], [ 101321.8031005859375, 110174.33447265625 ], [ 101312.7122802734375, 110159.87127685546875 ], [ 101304.85870361328125, 110152.009521484375 ], [ 101296.171875, 110139.606689453125 ], [ 101292.8638916015625, 110135.065673828125 ], [ 101296.58447265625, 110132.5850830078125 ], [ 101304.18231201171875, 110138.69647216796875 ], [ 101308.99169921875, 110148.2886962890625 ], [ 101323.4613037109375, 110166.48272705078125 ], [ 101328.00689697265625, 110168.96331787109375 ], [ 101333.385498046875, 110181.3660888671875 ], [ 101339.58087158203125, 110190.048095703125 ], [ 101349.91748046875, 110198.30987548828125 ], [ 101361.49151611328125, 110183.0164794921875 ], [ 101402.41748046875, 110155.73028564453125 ], [ 101522.4149169921875, 110076.372314453125 ], [ 101536.9669189453125, 110067.64031982421875 ], [ 101562.103271484375, 110050.70648193359375 ], [ 101615.02392578125, 110014.988525390625 ], [ 101647.023681640625, 109993.73370361328125 ], [ 101696.11669921875, 109960.6561279296875 ], [ 101841.84429931640625, 109864.5443115234375 ], [ 101849.0791015625, 109859.37310791015625 ], [ 101845.45751953125, 109854.72210693359375 ], [ 101863.5487060546875, 109842.8394775390625 ], [ 101867.162109375, 109847.490478515625 ], [ 101881.6317138671875, 109836.63787841796875 ], [ 101898.97210693359375, 109826.605712890625 ], [ 101911.6104736328125, 109815.96331787109375 ], [ 101928.14251708984375, 109806.66107177734375 ], [ 101977.23529052734375, 109775.65411376953125 ], [ 101945.19427490234375, 109805.75091552734375 ], [ 101918.705078125, 109822.6549072265625 ], [ 101901.22430419921875, 109849.71087646484375 ], [ 101895.0289306640625, 109863.8040771484375 ], [ 101889.95550537109375, 109881.278076171875 ], [ 101877.54827880859375, 109881.84832763671875 ], [ 101856.13250732421875, 109890.30010986328125 ], [ 101840.912109375, 109904.393310546875 ], [ 101831.89532470703125, 109913.97552490234375 ], [ 101821.1793212890625, 109930.31927490234375 ], [ 101815.544921875, 109943.852294921875 ], [ 101815.544921875, 109954.564697265625 ], [ 101814.4146728515625, 109968.087890625 ], [ 101808.7802734375, 109984.4315185546875 ], [ 101806.528076171875, 109997.9644775390625 ], [ 101794.12908935546875, 110006.9866943359375 ], [ 101782.8519287109375, 110004.72607421875 ], [ 101774.957275390625, 110008.10687255859375 ], [ 101774.39630126953125, 110013.74810791015625 ], [ 101769.3228759765625, 110019.94952392578125 ], [ 101763.6884765625, 110032.9124755859375 ], [ 101752.9722900390625, 110042.49468994140625 ], [ 101743.95550537109375, 110048.13592529296875 ], [ 101733.8087158203125, 110049.8262939453125 ], [ 101728.388671875, 110054.99749755859375 ], [ 101718.02728271484375, 110061.65911865234375 ], [ 101691.6123046875, 110073.251708984375 ], [ 101684.99627685546875, 110078.54290771484375 ], [ 101670.444091796875, 110084.1041259765625 ], [ 101657.74810791015625, 110091.2457275390625 ], [ 101641.92547607421875, 110106.1890869140625 ], [ 101631.21771240234375, 110111.830322265625 ], [ 101622.200927734375, 110127.61407470703125 ], [ 101604.728515625, 110134.37548828125 ], [ 101598.52490234375, 110145.6480712890625 ], [ 101584.9957275390625, 110159.18109130859375 ], [ 101567.5230712890625, 110158.0509033203125 ], [ 101542.7169189453125, 110152.97967529296875 ], [ 101526.37469482421875, 110154.10992431640625 ], [ 101507.32647705078125, 110168.57330322265625 ], [ 101501.00732421875, 110183.41668701171875 ], [ 101489.1693115234375, 110193.56890869140625 ], [ 101482.40472412109375, 110205.96173095703125 ], [ 101469.4365234375, 110222.31549072265625 ], [ 101457.0374755859375, 110224.00592041015625 ], [ 101430.54827880859375, 110217.80450439453125 ], [ 101409.685302734375, 110216.674072265625 ], [ 101397.85552978515625, 110204.84149169921875 ], [ 101391.65167236328125, 110203.151123046875 ], [ 101392.21270751953125, 110211.04290771484375 ], [ 101400.10748291015625, 110222.31549072265625 ], [ 101408.56329345703125, 110227.386474609375 ], [ 101422.2244873046875, 110241.19970703125 ], [ 101420.41790771484375, 110243.9102783203125 ], [ 101420.41790771484375, 110247.5111083984375 ], [ 101424.02288818359375, 110252.9124755859375 ], [ 101427.1824951171875, 110259.67388916015625 ], [ 101439.34228515625, 110272.73687744140625 ], [ 101452.86328125, 110285.35968017578125 ], [ 101465.4766845703125, 110294.8118896484375 ], [ 101481.27447509765625, 110300.10308837890625 ], [ 101495.3729248046875, 110319.26751708984375 ], [ 101507.21087646484375, 110324.90869140625 ], [ 101522.423095703125, 110332.23028564453125 ], [ 101538.21270751953125, 110335.05108642578125 ], [ 101548.92047119140625, 110337.301513671875 ], [ 101562.44970703125, 110339.56207275390625 ], [ 101579.361328125, 110341.8125 ], [ 101597.96392822265625, 110342.3826904296875 ], [ 101614.3062744140625, 110339.56207275390625 ], [ 101631.78692626953125, 110335.611083984375 ], [ 101650.95050048828125, 110333.92071533203125 ], [ 101671.8052978515625, 110328.28948974609375 ], [ 101697.9644775390625, 110318.90728759765625 ], [ 101720.040283203125, 110311.7056884765625 ], [ 101732.2000732421875, 110307.1947021484375 ], [ 101737.6116943359375, 110305.844482421875 ], [ 101747.337890625, 110304.61407470703125 ], [ 101754.10247802734375, 110302.35369873046875 ], [ 101767.0706787109375, 110297.85247802734375 ], [ 101782.8519287109375, 110294.4619140625 ], [ 101800.8936767578125, 110290.5208740234375 ], [ 101830.20428466796875, 110279.248291015625 ], [ 101844.85528564453125, 110267.40570068359375 ], [ 101862.33612060546875, 110256.70330810546875 ], [ 101872.47467041015625, 110245.42071533203125 ], [ 101886.00390625, 110235.8385009765625 ], [ 101901.22430419921875, 110220.6251220703125 ], [ 101910.97528076171875, 110214.36370849609375 ], [ 101919.826904296875, 110200.33050537109375 ], [ 101930.53472900390625, 110187.92767333984375 ], [ 101943.50311279296875, 110175.52490234375 ], [ 101957.59307861328125, 110159.18109130859375 ], [ 101964.35791015625, 110149.598876953125 ], [ 101976.1959228515625, 110133.24530029296875 ], [ 101988.03387451171875, 110119.162109375 ], [ 101993.66827392578125, 110108.44970703125 ], [ 102002.69329833984375, 110086.4647216796875 ], [ 102012.2708740234375, 110070.68109130859375 ], [ 102028.62152099609375, 110040.24407958984375 ], [ 102043.8419189453125, 110018.25927734375 ], [ 102052.8585205078125, 109994.58367919921875 ], [ 102057.37109375, 109939.9014892578125 ], [ 102060.18408203125, 109919.04669189453125 ], [ 102062.44451904296875, 109879.58770751953125 ], [ 102070.90032958984375, 109870.0054931640625 ], [ 102082.16912841796875, 109874.5164794921875 ], [ 102091.194091796875, 109875.07672119140625 ], [ 102101.90191650390625, 109868.87530517578125 ], [ 102101.90191650390625, 109882.968505859375 ], [ 102103.59307861328125, 109890.86029052734375 ], [ 102105.2843017578125, 109910.02471923828125 ], [ 102113.1708984375, 109916.79608154296875 ], [ 102112.60992431640625, 109934.830322265625 ], [ 102145.87188720703125, 109894.2410888671875 ], [ 102184.76007080078125, 109868.87530517578125 ], [ 102198.289306640625, 109870.0054931640625 ], [ 102221.40447998046875, 109884.09869384765625 ], [ 102237.70550537109375, 109893.34088134765625 ], [ 102251.671875, 109900.10247802734375 ], [ 102274.95208740234375, 109897.63189697265625 ], [ 102292.99371337890625, 109906.08367919921875 ], [ 102316.669677734375, 109918.48651123046875 ], [ 102336.955322265625, 109919.04669189453125 ], [ 102354.43609619140625, 109912.28509521484375 ], [ 102381.486328125, 109911.72509765625 ], [ 102396.30230712890625, 109908.434326171875 ], [ 102406.6636962890625, 109900.77252197265625 ], [ 102414.18731689453125, 109896.50152587890625 ], [ 102427.71649169921875, 109885.78912353515625 ], [ 102447.44110107421875, 109878.467529296875 ], [ 102462.6614990234375, 109871.6959228515625 ], [ 102481.8992919921875, 109865.17449951171875 ], [ 102499.02532958984375, 109854.36187744140625 ], [ 102512.26568603515625, 109836.18792724609375 ], [ 102526.92510986328125, 109819.27410888671875 ], [ 102535.94189453125, 109800.669921875 ], [ 102544.397705078125, 109783.76593017578125 ], [ 102557.35772705078125, 109756.70989990234375 ], [ 102565.8134765625, 109730.77392578125 ], [ 102574.26910400390625, 109705.4083251953125 ], [ 102577.09051513671875, 109681.73291015625 ], [ 102583.8551025390625, 109663.69873046875 ], [ 102590.0587158203125, 109645.094482421875 ], [ 102594.5299072265625, 109634.93231201171875 ], [ 102593.1768798828125, 109622.99951171875 ], [ 102607.5311279296875, 109618.42852783203125 ], [ 102619.78167724609375, 109615.10772705078125 ], [ 102634.06988525390625, 109611.01690673828125 ], [ 102647.34332275390625, 109607.44610595703125 ], [ 102662.91009521484375, 109602.34490966796875 ], [ 102680.77032470703125, 109596.2135009765625 ], [ 102698.38311767578125, 109589.83209228515625 ], [ 102710.68310546875, 109585.09088134765625 ], [ 102712.77008056640625, 109584.05072021484375 ], [ 102715.86370849609375, 109582.8804931640625 ], [ 102718.70172119140625, 109581.6201171875 ], [ 102721.41571044921875, 109580.32989501953125 ], [ 102724.1298828125, 109579.06951904296875 ], [ 102726.8604736328125, 109577.81927490234375 ], [ 102729.59088134765625, 109576.569091796875 ], [ 102732.31329345703125, 109575.3087158203125 ], [ 102735.02728271484375, 109574.02850341796875 ], [ 102737.72509765625, 109572.71807861328125 ], [ 102740.430908203125, 109571.40789794921875 ], [ 102743.13671875, 109570.11749267578125 ], [ 102745.8507080078125, 109568.81732177734375 ], [ 102748.54827880859375, 109567.49688720703125 ], [ 102751.2376708984375, 109566.16668701171875 ], [ 102753.9105224609375, 109564.79632568359375 ], [ 102756.5587158203125, 109563.3861083984375 ], [ 102759.16552734375, 109561.91571044921875 ], [ 102761.7310791015625, 109560.37530517578125 ], [ 102764.230712890625, 109558.73492431640625 ], [ 102766.68072509765625, 109557.0045166015625 ], [ 102769.097900390625, 109555.22412109375 ], [ 102771.49847412109375, 109553.4237060546875 ], [ 102773.89910888671875, 109551.61328125 ], [ 102776.3162841796875, 109549.8228759765625 ], [ 102778.76629638671875, 109548.08251953125 ], [ 102781.26593017578125, 109546.422119140625 ], [ 102783.806884765625, 109544.8419189453125 ], [ 102786.388916015625, 109543.301513671875 ], [ 102788.98748779296875, 109541.80108642578125 ], [ 102791.59429931640625, 109540.30072021484375 ], [ 102794.19287109375, 109538.80047607421875 ], [ 102796.77508544921875, 109537.27008056640625 ], [ 102799.3240966796875, 109535.689697265625 ], [ 102801.82373046875, 109534.039306640625 ], [ 102804.2821044921875, 109532.32891845703125 ], [ 102806.723876953125, 109530.58868408203125 ], [ 102809.1492919921875, 109528.818115234375 ], [ 102811.55810546875, 109527.0277099609375 ], [ 102813.95050048828125, 109525.21728515625 ], [ 102816.3262939453125, 109523.37689208984375 ], [ 102818.69390869140625, 109521.5264892578125 ], [ 102821.04510498046875, 109519.66607666015625 ], [ 102823.38787841796875, 109517.79571533203125 ], [ 102825.72247314453125, 109515.915283203125 ], [ 102828.04888916015625, 109514.014892578125 ], [ 102830.35888671875, 109512.1044921875 ], [ 102832.6602783203125, 109510.17388916015625 ], [ 102834.94549560546875, 109508.2335205078125 ], [ 102837.214111328125, 109506.2730712890625 ], [ 102839.48272705078125, 109504.31268310546875 ], [ 102841.74310302734375, 109502.332275390625 ], [ 102843.99530029296875, 109500.3516845703125 ], [ 102846.247314453125, 109498.361328125 ], [ 102848.4910888671875, 109496.37091064453125 ], [ 102850.735107421875, 109494.38031005859375 ], [ 102852.95428466796875, 109492.369873046875 ], [ 102855.15692138671875, 109490.32952880859375 ], [ 102857.35107421875, 109488.2789306640625 ], [ 102859.53729248046875, 109486.228515625 ], [ 102861.7235107421875, 109484.1781005859375 ], [ 102863.91790771484375, 109482.127685546875 ], [ 102867.7786865234375, 109478.13671875 ], [ 102869.8739013671875, 109475.986083984375 ], [ 102871.97747802734375, 109473.845703125 ], [ 102874.081298828125, 109471.705322265625 ], [ 102876.18487548828125, 109469.564697265625 ], [ 102878.2802734375, 109467.414306640625 ], [ 102880.3673095703125, 109465.25372314453125 ], [ 102882.43792724609375, 109463.09332275390625 ], [ 102884.49212646484375, 109460.9027099609375 ], [ 102886.521484375, 109458.7022705078125 ], [ 102888.526123046875, 109456.4716796875 ], [ 102890.50592041015625, 109454.2213134765625 ], [ 102892.4447021484375, 109451.93072509765625 ], [ 102894.35028076171875, 109449.62030029296875 ], [ 102896.2310791015625, 109447.27972412109375 ], [ 102898.09552001953125, 109444.9290771484375 ], [ 102899.93511962890625, 109442.5587158203125 ], [ 102901.7664794921875, 109440.1781005859375 ], [ 102903.5897216796875, 109437.7974853515625 ], [ 102905.42108154296875, 109435.4168701171875 ], [ 102907.25250244140625, 109433.0364990234375 ], [ 102909.09210205078125, 109430.6759033203125 ], [ 102910.95648193359375, 109428.31549072265625 ], [ 102912.8538818359375, 109425.98492431640625 ], [ 102914.759521484375, 109423.664306640625 ], [ 102916.665283203125, 109421.34368896484375 ], [ 102918.5543212890625, 109419.0133056640625 ], [ 102920.40228271484375, 109416.6427001953125 ], [ 102922.19232177734375, 109414.24212646484375 ], [ 102923.9083251953125, 109411.79168701171875 ], [ 102925.55810546875, 109409.29107666015625 ], [ 102927.1668701171875, 109406.760498046875 ], [ 102928.73431396484375, 109404.20989990234375 ], [ 102930.27691650390625, 109401.6292724609375 ], [ 102931.7864990234375, 109399.0386962890625 ], [ 102933.28790283203125, 109396.4281005859375 ], [ 102934.77288818359375, 109393.8175048828125 ], [ 102936.24951171875, 109391.2069091796875 ], [ 102937.7344970703125, 109388.5963134765625 ], [ 102939.202880859375, 109385.9857177734375 ], [ 102940.646484375, 109383.35528564453125 ], [ 102942.07373046875, 109380.7144775390625 ], [ 102943.47607421875, 109378.0640869140625 ], [ 102944.87030029296875, 109375.4033203125 ], [ 102946.23968505859375, 109372.73272705078125 ], [ 102947.609130859375, 109370.06207275390625 ], [ 102948.978515625, 109367.3914794921875 ], [ 102950.347900390625, 109364.73089599609375 ], [ 102951.71728515625, 109362.060302734375 ], [ 102953.0869140625, 109359.38970947265625 ], [ 102954.4478759765625, 109356.7091064453125 ], [ 102955.8009033203125, 109354.02850341796875 ], [ 102957.1455078125, 109351.347900390625 ], [ 102958.48187255859375, 109348.65728759765625 ], [ 102959.793701171875, 109345.9666748046875 ], [ 102961.09710693359375, 109343.26611328125 ], [ 102962.38409423828125, 109340.55548095703125 ], [ 102963.6461181640625, 109337.83489990234375 ], [ 102964.89190673828125, 109335.10430908203125 ], [ 102966.1292724609375, 109332.37371826171875 ], [ 102967.3585205078125, 109329.63311767578125 ], [ 102968.57928466796875, 109326.89227294921875 ], [ 102969.7921142578125, 109324.15167236328125 ], [ 102970.98828125, 109321.39111328125 ], [ 102972.16790771484375, 109318.6304931640625 ], [ 102973.33111572265625, 109315.869873046875 ], [ 102974.486083984375, 109313.09930419921875 ], [ 102975.61627197265625, 109310.3187255859375 ], [ 102976.72991943359375, 109307.528076171875 ], [ 102977.81890869140625, 109304.7373046875 ], [ 102978.89129638671875, 109301.93670654296875 ], [ 102979.94732666015625, 109299.1361083984375 ], [ 102980.994873046875, 109296.31549072265625 ], [ 102982.026123046875, 109293.494873046875 ], [ 102983.0408935546875, 109290.674072265625 ], [ 102984.03070068359375, 109287.83349609375 ], [ 102985.00408935546875, 109284.992919921875 ], [ 102985.952880859375, 109282.14227294921875 ], [ 102986.87689208984375, 109279.28167724609375 ], [ 102987.759521484375, 109276.4208984375 ], [ 102988.61749267578125, 109273.540283203125 ], [ 102989.4425048828125, 109270.65972900390625 ], [ 102990.23431396484375, 109267.7689208984375 ], [ 102990.9769287109375, 109264.8682861328125 ], [ 102991.702880859375, 109261.95770263671875 ], [ 102992.4039306640625, 109259.046875 ], [ 102993.08050537109375, 109256.12628173828125 ], [ 102993.73211669921875, 109253.1956787109375 ], [ 102994.359130859375, 109250.2548828125 ], [ 102994.969482421875, 109247.31427001953125 ], [ 102995.5552978515625, 109244.37371826171875 ], [ 102996.12451171875, 109241.423095703125 ], [ 102996.67730712890625, 109238.4622802734375 ], [ 102997.2135009765625, 109235.51171875 ], [ 102997.72491455078125, 109232.55108642578125 ], [ 102998.22808837890625, 109229.59027099609375 ], [ 102998.70672607421875, 109226.63970947265625 ], [ 102999.1768798828125, 109223.66888427734375 ], [ 102999.622314453125, 109220.70831298828125 ], [ 103000.0430908203125, 109217.7376708984375 ], [ 103000.43072509765625, 109214.76690673828125 ], [ 103000.8018798828125, 109211.78631591796875 ], [ 103001.14849853515625, 109208.80548095703125 ], [ 103001.478515625, 109205.82489013671875 ], [ 103001.78369140625, 109202.83428955078125 ], [ 103002.072509765625, 109199.843505859375 ], [ 103002.3447265625, 109196.8529052734375 ], [ 103002.60028076171875, 109193.8623046875 ], [ 103002.8397216796875, 109190.87152099609375 ], [ 103003.0706787109375, 109187.88092041015625 ], [ 103003.28509521484375, 109184.89007568359375 ], [ 103003.48309326171875, 109181.89947509765625 ], [ 103003.6646728515625, 109178.90887451171875 ], [ 103003.837890625, 109175.9080810546875 ], [ 103003.986328125, 109172.91748046875 ], [ 103004.1348876953125, 109169.91668701171875 ], [ 103004.25848388671875, 109166.91607666015625 ], [ 103004.37408447265625, 109163.91552734375 ], [ 103004.4813232421875, 109160.9146728515625 ], [ 103004.57208251953125, 109157.91412353515625 ], [ 103004.64630126953125, 109154.913330078125 ], [ 103004.7122802734375, 109151.9127197265625 ], [ 103004.77008056640625, 109148.922119140625 ], [ 103004.811279296875, 109145.92132568359375 ], [ 103004.83587646484375, 109142.92071533203125 ], [ 103004.73687744140625, 109139.82989501953125 ], [ 103004.4647216796875, 109136.6292724609375 ], [ 103004.093505859375, 109133.37847900390625 ], [ 103003.68927001953125, 109130.127685546875 ], [ 103003.3262939453125, 109126.9171142578125 ], [ 103003.0458984375, 109123.79632568359375 ], [ 103002.9302978515625, 109120.82568359375 ], [ 103003.0377197265625, 109118.04510498046875 ], [ 103003.4334716796875, 109115.5145263671875 ], [ 103004.34930419921875, 109113.3438720703125 ], [ 103013.55572509765625, 109111.17352294921875 ], [ 103056.84088134765625, 109145.77130126953125 ], [ 103051.69329833984375, 109151.0625 ], [ 103060.63568115234375, 109155.4334716796875 ], [ 103062.68170166015625, 109152.30267333984375 ], [ 103064.71087646484375, 109150.09228515625 ], [ 103066.68267822265625, 109147.8416748046875 ], [ 103068.62127685546875, 109145.54132080078125 ], [ 103070.42791748046875, 109143.15069580078125 ], [ 103072.06951904296875, 109140.64007568359375 ], [ 103073.595703125, 109138.04949951171875 ], [ 103075.0806884765625, 109135.44891357421875 ], [ 103076.5242919921875, 109132.80828857421875 ], [ 103077.82769775390625, 109130.11767578125 ], [ 103078.9412841796875, 109127.33709716796875 ], [ 103079.923095703125, 109124.49652099609375 ], [ 103080.863525390625, 109121.6458740234375 ], [ 103081.853515625, 109118.8052978515625 ], [ 103082.87628173828125, 109115.9744873046875 ], [ 103083.76727294921875, 109113.1138916015625 ], [ 103084.42730712890625, 109110.19329833984375 ], [ 103084.864501953125, 109107.2125244140625 ], [ 103085.04608154296875, 109104.221923828125 ], [ 103084.881103515625, 109101.2310791015625 ], [ 103084.57568359375, 109098.240478515625 ], [ 103084.22930908203125, 109095.2598876953125 ], [ 103083.83331298828125, 109092.27911376953125 ], [ 103083.51171875, 109089.29852294921875 ], [ 103083.30548095703125, 109086.29791259765625 ], [ 103082.89288330078125, 109083.33709716796875 ], [ 103082.04327392578125, 109080.46649169921875 ], [ 103081.02032470703125, 109077.63592529296875 ], [ 103080.12109375, 109074.76507568359375 ], [ 103079.16412353515625, 109071.9146728515625 ], [ 103077.885498046875, 109069.21392822265625 ], [ 103076.243896484375, 109066.7034912109375 ], [ 103074.5609130859375, 109064.212890625 ], [ 103073.1915283203125, 109061.54229736328125 ], [ 103072.09429931640625, 109058.74151611328125 ], [ 103070.815673828125, 109056.0408935546875 ], [ 103069.0750732421875, 109053.60028076171875 ], [ 103067.103271484375, 109051.31988525390625 ], [ 103065.0574951171875, 109049.11932373046875 ], [ 103062.93731689453125, 109046.9888916015625 ], [ 103060.71832275390625, 109044.968505859375 ], [ 103058.4578857421875, 109042.9478759765625 ], [ 103056.11492919921875, 109041.0374755859375 ], [ 103053.615478515625, 109039.44708251953125 ], [ 103050.860107421875, 109038.37689208984375 ], [ 103047.90667724609375, 109037.6868896484375 ], [ 103044.9534912109375, 109037.0067138671875 ], [ 103042.75909423828125, 109044.1282958984375 ], [ 103050.10931396484375, 109049.00927734375 ], [ 103012.49151611328125, 109089.0784912109375 ], [ 103000.75250244140625, 109087.36810302734375 ], [ 103000.05133056640625, 109084.63751220703125 ], [ 102999.7213134765625, 109081.5167236328125 ], [ 102999.59747314453125, 109078.1959228515625 ], [ 102999.51507568359375, 109074.9052734375 ], [ 102999.33367919921875, 109071.81451416015625 ], [ 102999.11907958984375, 109068.82391357421875 ], [ 102998.93768310546875, 109065.8331298828125 ], [ 102998.78912353515625, 109062.83251953125 ], [ 102998.665283203125, 109059.8319091796875 ], [ 102998.5662841796875, 109056.83111572265625 ], [ 102998.48388671875, 109053.83050537109375 ], [ 102998.40972900390625, 109050.8297119140625 ], [ 102998.3519287109375, 109047.8291015625 ], [ 102998.29412841796875, 109044.8284912109375 ], [ 102998.22808837890625, 109041.83770751953125 ], [ 102998.1702880859375, 109038.83709716796875 ], [ 103009.76092529296875, 109034.22607421875 ], [ 103020.56787109375, 109025.41412353515625 ], [ 103028.71832275390625, 109016.60211181640625 ], [ 103036.53070068359375, 109004.46929931640625 ], [ 103046.16607666015625, 108992.83673095703125 ], [ 103054.3165283203125, 108978.373291015625 ], [ 103062.29388427734375, 108961.07952880859375 ], [ 103071.77252197265625, 108950.44708251953125 ], [ 103081.74627685546875, 108934.8134765625 ], [ 103091.8848876953125, 108921.85052490234375 ], [ 103104.85308837890625, 108905.7269287109375 ], [ 103116.6580810546875, 108892.263916015625 ], [ 103126.12847900390625, 108886.11248779296875 ], [ 103133.4459228515625, 108881.95147705078125 ], [ 103143.25469970703125, 108879.96112060546875 ], [ 103148.740478515625, 108879.2908935546875 ], [ 103155.88470458984375, 108883.1116943359375 ], [ 103164.03509521484375, 108886.94268798828125 ], [ 103171.0142822265625, 108888.93310546875 ], [ 103174.668701171875, 108888.7730712890625 ], [ 103181.15289306640625, 108888.27288818359375 ], [ 103185.14569091796875, 108887.10272216796875 ], [ 103190.7965087890625, 108883.61187744140625 ], [ 103193.28790283203125, 108880.12109375 ], [ 103197.6107177734375, 108874.13970947265625 ], [ 103199.7720947265625, 108869.648681640625 ], [ 103206.59429931640625, 108867.6583251953125 ], [ 103212.5753173828125, 108865.4976806640625 ], [ 103228.27410888671875, 108886.50250244140625 ], [ 103243.090087890625, 108892.8538818359375 ], [ 103254.46630859375, 108893.65411376953125 ], [ 103271.13848876953125, 108883.33172607421875 ], [ 103278.81048583984375, 108872.47930908203125 ], [ 103286.7467041015625, 108861.63690185546875 ], [ 103290.97869873046875, 108854.22528076171875 ], [ 103292.04290771484375, 108843.91290283203125 ], [ 103293.098876953125, 108830.419677734375 ], [ 103293.89068603515625, 108819.56732177734375 ], [ 103304.7388916015625, 108816.396484375 ], [ 103310.29888916015625, 108816.12652587890625 ], [ 103319.29107666015625, 108826.17889404296875 ], [ 103333.05108642578125, 108826.17889404296875 ], [ 103338.0750732421875, 108829.3594970703125 ], [ 103343.37127685546875, 108836.76129150390625 ], [ 103351.30731201171875, 108839.671875 ], [ 103360.56329345703125, 108838.09149169921875 ], [ 103365.33148193359375, 108837.5615234375 ], [ 103370.35552978515625, 108838.09149169921875 ], [ 103377.2354736328125, 108841.53228759765625 ], [ 103389.66748046875, 108845.23309326171875 ], [ 103399.9876708984375, 108847.08367919921875 ], [ 103406.867919921875, 108847.35369873046875 ], [ 103416.3958740234375, 108844.96307373046875 ], [ 103427.24407958984375, 108838.3516845703125 ], [ 103435.444091796875, 108830.67987060546875 ], [ 103439.412109375, 108827.769287109375 ], [ 103439.67608642578125, 108815.59649658203125 ], [ 103441.53228759765625, 108806.864501953125 ], [ 103445.50030517578125, 108801.0430908203125 ], [ 103445.7642822265625, 108794.43170166015625 ], [ 103450.5242919921875, 108790.20068359375 ], [ 103453.436279296875, 108786.22967529296875 ], [ 103367.0474853515625, 108597.096923828125 ], [ 103353.79052734375, 108569.030517578125 ], [ 103241.12689208984375, 108626.4735107421875 ], [ 103184.5928955078125, 108655.29010009765625 ], [ 103131.37530517578125, 108696.65948486328125 ], [ 103082.703125, 108690.4080810546875 ], [ 103056.2799072265625, 108686.23712158203125 ], [ 103019.42950439453125, 108682.06610107421875 ], [ 102982.3065185546875, 108674.87451171875 ], [ 102976.3175048828125, 108673.71429443359375 ], [ 102959.62872314453125, 108668.153076171875 ], [ 102940.159912109375, 108656.330322265625 ], [ 102875.49188232421875, 108608.3594970703125 ], [ 102737.57647705078125, 108515.8084716796875 ], [ 102731.25732421875, 108511.38751220703125 ], [ 102687.9390869140625, 108479.55029296875 ], [ 102652.04547119140625, 108453.17431640625 ], [ 102630.7122802734375, 108424.2677001953125 ], [ 102629.4171142578125, 108395.6912841796875 ], [ 102676.71990966796875, 108356.352294921875 ], [ 102655.3948974609375, 108339.8385009765625 ], [ 102580.0684814453125, 108299.55950927734375 ], [ 102543.6881103515625, 108280.0950927734375 ], [ 102518.8240966796875, 108261.71087646484375 ], [ 102483.94512939453125, 108235.93487548828125 ], [ 102447.5731201171875, 108200.86712646484375 ], [ 102443.83612060546875, 108196.82611083984375 ], [ 102400.71588134765625, 108150.30548095703125 ], [ 102398.2244873046875, 108147.61492919921875 ], [ 102356.3582763671875, 108115.43768310546875 ], [ 102240.79071044921875, 108064.08587646484375 ], [ 102168.88787841796875, 108035.8394775390625 ], [ 102099.54248046875, 107992.1796875 ], [ 102040.47607421875, 107920.27349853515625 ], [ 102017.36090087890625, 107845.8065185546875 ], [ 102008.7730712890625, 107819.33050537109375 ], [ 102025.05767822265625, 107755.91607666015625 ], [ 102071.27972412109375, 107655.76348876953125 ], [ 102145.74810791015625, 107581.2764892578125 ], [ 102189.04150390625, 107551.7799072265625 ], [ 102263.04791259765625, 107513.8212890625 ], [ 102312.3883056640625, 107492.95648193359375 ], [ 102320.42327880859375, 107490.8760986328125 ], [ 102371.21551513671875, 107477.7730712890625 ], [ 102388.31689453125, 107476.10272216796875 ], [ 102449.0167236328125, 107470.1812744140625 ], [ 102462.29852294921875, 107470.1812744140625 ], [ 102509.7332763671875, 107470.1812744140625 ], [ 102545.79168701171875, 107477.7730712890625 ], [ 102598.918701171875, 107485.36468505859375 ], [ 102614.1060791015625, 107453.10748291015625 ], [ 102562.8682861328125, 107401.86590576171875 ], [ 102521.11749267578125, 107401.86590576171875 ], [ 102466.09332275390625, 107398.0750732421875 ], [ 102439.521484375, 107399.92547607421875 ], [ 102384.497314453125, 107403.76629638671875 ], [ 102348.6614990234375, 107405.7567138671875 ] ] ] ] } },
{ "type": "Feature", "properties": { "ID": "142", "CIRCUITO_N": 142, "COMUNA": 13, "BARRIO": "BELGRANO", "TOTAL": 24502.0, "MASCULINO": 11002.0, "FEMENINO": 13500.0, "PERIMETRO": 3633.9647729899998, "AREA": 786067.48247399996 }, "geometry": { "type": "MultiPolygon", "coordinates": [ [ [ [ 102030.1395263671875, 107445.25567626953125 ], [ 102003.08111572265625, 107403.76629638671875 ], [ 101909.473876953125, 107280.8184814453125 ], [ 101905.6376953125, 107274.787109375 ], [ 101896.83551025390625, 107281.63848876953125 ], [ 101413.52947998046875, 106937.2705078125 ], [ 101308.3895263671875, 106813.0123291015625 ], [ 101008.04949951171875, 107007.3563232421875 ], [ 101007.41412353515625, 107006.90631103515625 ], [ 100933.5728759765625, 107055.79730224609375 ], [ 100898.9578857421875, 107087.52447509765625 ], [ 100838.3817138671875, 107130.7943115234375 ], [ 100777.80548095703125, 107217.33392333984375 ], [ 100702.80908203125, 107324.06829833984375 ], [ 100607.22210693359375, 107459.00872802734375 ], [ 100657.915283203125, 107490.35589599609375 ], [ 100844.4368896484375, 107623.506103515625 ], [ 101026.00848388671875, 107754.4556884765625 ], [ 101169.0634765625, 107857.8892822265625 ], [ 101211.25152587890625, 107894.0574951171875 ], [ 101360.75732421875, 107791.5343017578125 ], [ 101523.578125, 107676.75811767578125 ], [ 101587.6436767578125, 107631.3779296875 ], [ 101697.0819091796875, 107569.98388671875 ], [ 101801.190673828125, 107521.943115234375 ], [ 101915.96612548828125, 107479.2332763671875 ], [ 101925.956298828125, 107476.292724609375 ], [ 102006.7191162109375, 107452.53729248046875 ], [ 102030.1395263671875, 107445.25567626953125 ] ] ] ] } },
{ "type": "Feature", "properties": { "ID": "143", "CIRCUITO_N": 143, "COMUNA": 13, "BARRIO": "BELGRANO", "TOTAL": 17625.0, "MASCULINO": 7629.0, "FEMENINO": 9996.0, "PERIMETRO": 2911.0249384600002, "AREA": 456500.93212100002 }, "geometry": { "type": "MultiPolygon", "coordinates": [ [ [ [ 101007.41412353515625, 107006.90631103515625 ], [ 100535.3438720703125, 106676.801513671875 ], [ 100523.398681640625, 106685.163330078125 ], [ 100510.25732421875, 106625.4296875 ], [ 100508.615478515625, 106623.3792724609375 ], [ 100465.77587890625, 106642.72369384765625 ], [ 100313.3165283203125, 106710.48907470703125 ], [ 100179.9136962890625, 106771.89288330078125 ], [ 100088.8638916015625, 106812.132080078125 ], [ 99963.9249267578125, 106867.18450927734375 ], [ 99853.9259033203125, 106919.2864990234375 ], [ 100164.3717041015625, 107142.61712646484375 ], [ 100510.455322265625, 107390.21307373046875 ], [ 100597.38848876953125, 107452.9375 ], [ 100607.22210693359375, 107459.00872802734375 ], [ 100702.80908203125, 107324.06829833984375 ], [ 100777.80548095703125, 107217.33392333984375 ], [ 100838.3817138671875, 107130.7943115234375 ], [ 100898.9578857421875, 107087.52447509765625 ], [ 100933.5728759765625, 107055.79730224609375 ], [ 101007.41412353515625, 107006.90631103515625 ] ] ] ] } },
{ "type": "Feature", "properties": { "ID": "144", "CIRCUITO_N": 144, "COMUNA": 13, "BARRIO": "BELGRANO", "TOTAL": 8353.0, "MASCULINO": 3776.0, "FEMENINO": 4577.0, "PERIMETRO": 3697.2699496499999, "AREA": 736411.41567400005 }, "geometry": { "type": "MultiPolygon", "coordinates": [ [ [ [ 100508.615478515625, 106623.3792724609375 ], [ 100486.3582763671875, 106595.55291748046875 ], [ 99995.627685546875, 106018.22210693359375 ], [ 99628.49151611328125, 106296.85528564453125 ], [ 99560.13592529296875, 106252.3551025390625 ], [ 99076.82171630859375, 106944.5120849609375 ], [ 99088.32147216796875, 106953.29412841796875 ], [ 99110.421875, 106969.21771240234375 ], [ 99115.73468017578125, 106973.12847900390625 ], [ 99186.8040771484375, 106985.761474609375 ], [ 99267.2698974609375, 106996.3538818359375 ], [ 99335.031494140625, 107002.705322265625 ], [ 99409.14508056640625, 107002.705322265625 ], [ 99508.66729736328125, 106998.46429443359375 ], [ 99625.12567138671875, 106983.64093017578125 ], [ 99722.535888671875, 106960.355712890625 ], [ 99843.2344970703125, 106924.35748291015625 ], [ 99853.9259033203125, 106919.2864990234375 ], [ 99963.9249267578125, 106867.18450927734375 ], [ 100088.8638916015625, 106812.132080078125 ], [ 100179.9136962890625, 106771.89288330078125 ], [ 100313.3165283203125, 106710.48907470703125 ], [ 100465.77587890625, 106642.72369384765625 ], [ 100508.615478515625, 106623.3792724609375 ] ] ] ] } },
{ "type": "Feature", "properties": { "ID": "145", "CIRCUITO_N": 145, "COMUNA": 13, "BARRIO": "COLEGIALES", "TOTAL": 14765.0, "MASCULINO": 6869.0, "FEMENINO": 7896.0, "PERIMETRO": 3681.9812090700002, "AREA": 889148.76699699997 }, "geometry": { "type": "MultiPolygon", "coordinates": [ [ [ [ 99995.627685546875, 106018.22210693359375 ], [ 100486.3582763671875, 106595.55291748046875 ], [ 100508.615478515625, 106623.3792724609375 ], [ 100531.41729736328125, 106613.0869140625 ], [ 101011.03570556640625, 106433.09613037109375 ], [ 101188.90350341796875, 106344.1558837890625 ], [ 101296.353515625, 106289.05352783203125 ], [ 101291.6016845703125, 106270.049072265625 ], [ 101130.67010498046875, 105907.95709228515625 ], [ 100942.8040771484375, 105483.96087646484375 ], [ 100774.29107666015625, 105549.95587158203125 ], [ 100506.02532958984375, 105639.726318359375 ], [ 100281.6796875, 105654.5396728515625 ], [ 100085.918701171875, 105905.5565185546875 ], [ 100011.60711669921875, 106006.23931884765625 ], [ 99995.627685546875, 106018.22210693359375 ] ] ] ] } },
{ "type": "Feature", "properties": { "ID": "146", "CIRCUITO_N": 146, "COMUNA": 13, "BARRIO": "COLEGIALES", "TOTAL": 11466.0, "MASCULINO": 5421.0, "FEMENINO": 6045.0, "PERIMETRO": 3565.2397492, "AREA": 765595.09136299998 }, "geometry": { "type": "MultiPolygon", "coordinates": [ [ [ [ 101296.353515625, 106289.05352783203125 ], [ 101477.94171142578125, 106195.93231201171875 ], [ 101607.11248779296875, 106128.1768798828125 ], [ 101753.2197265625, 106056.18072509765625 ], [ 101810.05072021484375, 106027.3240966796875 ], [ 101770.74169921875, 105980.073486328125 ], [ 101873.45648193359375, 105900.455322265625 ], [ 101966.9976806640625, 105823.96807861328125 ], [ 102053.2216796875, 105710.40228271484375 ], [ 102143.10009765625, 105628.22369384765625 ], [ 101822.07012939453125, 105267.41168212890625 ], [ 101729.073486328125, 105113.7069091796875 ], [ 101486.52130126953125, 105240.68572998046875 ], [ 101362.143310546875, 105304.2301025390625 ], [ 101360.81512451171875, 105304.84027099609375 ], [ 101131.3218994140625, 105410.14410400390625 ], [ 100942.8040771484375, 105483.96087646484375 ], [ 101130.67010498046875, 105907.95709228515625 ], [ 101291.6016845703125, 106270.049072265625 ], [ 101296.353515625, 106289.05352783203125 ] ] ] ] } },
{ "type": "Feature", "properties": { "ID": "147", "CIRCUITO_N": 147, "COMUNA": 13, "BARRIO": "COLEGIALES", "TOTAL": 20301.0, "MASCULINO": 8967.0, "FEMENINO": 11334.0, "PERIMETRO": 3751.22827237, "AREA": 633963.63410400006 }, "geometry": { "type": "MultiPolygon", "coordinates": [ [ [ [ 100508.615478515625, 106623.3792724609375 ], [ 100510.25732421875, 106625.4296875 ], [ 100523.398681640625, 106685.163330078125 ], [ 100535.3438720703125, 106676.801513671875 ], [ 101007.41412353515625, 107006.90631103515625 ], [ 101008.04949951171875, 107007.3563232421875 ], [ 101308.3895263671875, 106813.0123291015625 ], [ 101614.00927734375, 106624.94970703125 ], [ 101866.93109130859375, 106473.62530517578125 ], [ 102070.90850830078125, 106340.915283203125 ], [ 101812.76470947265625, 106030.59490966796875 ], [ 101810.05072021484375, 106027.3240966796875 ], [ 101753.2197265625, 106056.18072509765625 ], [ 101607.11248779296875, 106128.1768798828125 ], [ 101477.94171142578125, 106195.93231201171875 ], [ 101296.353515625, 106289.05352783203125 ], [ 101188.90350341796875, 106344.1558837890625 ], [ 101011.03570556640625, 106433.09613037109375 ], [ 100531.41729736328125, 106613.0869140625 ], [ 100508.615478515625, 106623.3792724609375 ] ] ] ] } },
{ "type": "Feature", "properties": { "ID": "148", "CIRCUITO_N": 148, "COMUNA": 14, "BARRIO": "PALERMO", "TOTAL": 21337.0, "MASCULINO": 9753.0, "FEMENINO": 11584.0, "PERIMETRO": 4826.2285797100003, "AREA": 1008574.94787 }, "geometry": { "type": "MultiPolygon", "coordinates": [ [ [ [ 101905.6376953125, 107274.787109375 ], [ 102026.60870361328125, 107167.35272216796875 ], [ 102129.9832763671875, 107063.96929931640625 ], [ 102235.71728515625, 106958.24530029296875 ], [ 102278.0042724609375, 106908.90411376953125 ], [ 102320.2996826171875, 106864.263916015625 ], [ 102336.74090576171875, 106840.7686767578125 ], [ 102390.78350830078125, 106746.78729248046875 ], [ 102404.88189697265625, 106709.19873046875 ], [ 102489.464111328125, 106603.47467041015625 ], [ 102616.33349609375, 106431.95587158203125 ], [ 102686.81732177734375, 106347.376708984375 ], [ 102820.73992919921875, 106175.85791015625 ], [ 102910.85791015625, 106074.485107421875 ], [ 102914.72650146484375, 106070.1339111328125 ], [ 102926.548095703125, 106057.35089111328125 ], [ 102889.35107421875, 106045.25811767578125 ], [ 102793.8134765625, 106015.29132080078125 ], [ 102688.9127197265625, 105983.44427490234375 ], [ 102606.49169921875, 105955.347900390625 ], [ 102482.8563232421875, 105916.0089111328125 ], [ 102411.67108154296875, 105904.76629638671875 ], [ 102338.6217041015625, 105895.404296875 ], [ 102244.95672607421875, 105895.404296875 ], [ 102181.2623291015625, 105901.0155029296875 ], [ 102080.106689453125, 105921.630126953125 ], [ 102008.92987060546875, 105942.23492431640625 ], [ 101922.7554931640625, 105975.9525146484375 ], [ 101855.32391357421875, 106007.7896728515625 ], [ 101812.76470947265625, 106030.59490966796875 ], [ 102070.90850830078125, 106340.915283203125 ], [ 101866.93109130859375, 106473.62530517578125 ], [ 101614.00927734375, 106624.94970703125 ], [ 101308.3895263671875, 106813.0123291015625 ], [ 101413.52947998046875, 106937.2705078125 ], [ 101896.83551025390625, 107281.63848876953125 ], [ 101905.6376953125, 107274.787109375 ] ] ] ] } },
{ "type": "Feature", "properties": { "ID": "149", "CIRCUITO_N": 149, "COMUNA": 14, "BARRIO": "PALERMO", "TOTAL": 22672.0, "MASCULINO": 10290.0, "FEMENINO": 12382.0, "PERIMETRO": 16029.2725961, "AREA": 5331336.4783600001 }, "geometry": { "type": "MultiPolygon", "coordinates": [ [ [ [ 103241.12689208984375, 108626.4735107421875 ], [ 103353.79052734375, 108569.030517578125 ], [ 103400.8538818359375, 108582.13348388671875 ], [ 103475.8914794921875, 108549.20611572265625 ], [ 103557.578125, 108514.298095703125 ], [ 103585.54412841796875, 108499.6646728515625 ], [ 103719.28509521484375, 108454.834716796875 ], [ 103723.69873046875, 108469.2379150390625 ], [ 103770.861083984375, 108455.084716796875 ], [ 103766.92608642578125, 108441.33148193359375 ], [ 103857.2335205078125, 108414.0452880859375 ], [ 103938.2520751953125, 108389.46990966796875 ], [ 103957.630126953125, 108383.62847900390625 ], [ 103973.26287841796875, 108378.8372802734375 ], [ 103985.8350830078125, 108375.22650146484375 ], [ 103994.90972900390625, 108372.59588623046875 ], [ 104000.02447509765625, 108371.05572509765625 ], [ 104004.4130859375, 108369.8052978515625 ], [ 104010.814697265625, 108367.8948974609375 ], [ 104021.75347900390625, 108364.64410400390625 ], [ 104030.98468017578125, 108361.89349365234375 ], [ 104039.93548583984375, 108359.30291748046875 ], [ 104049.95867919921875, 108355.73211669921875 ], [ 104059.16510009765625, 108353.1715087890625 ], [ 104071.73748779296875, 108349.16070556640625 ], [ 104086.01727294921875, 108345.00970458984375 ], [ 104099.48052978515625, 108340.90887451171875 ], [ 104112.05267333984375, 108336.93792724609375 ], [ 104121.74591064453125, 108334.227294921875 ], [ 104135.052490234375, 108330.186279296875 ], [ 104146.85748291015625, 108326.655517578125 ], [ 104156.88067626953125, 108323.61492919921875 ], [ 104166.87908935546875, 108320.40411376953125 ], [ 104178.5521240234375, 108317.2235107421875 ], [ 104191.4296875, 108313.25250244140625 ], [ 104202.6737060546875, 108309.8717041015625 ], [ 104214.148681640625, 108306.39093017578125 ], [ 104227.9500732421875, 108301.7698974609375 ], [ 104240.778076171875, 108297.79888916015625 ], [ 104254.04327392578125, 108293.34808349609375 ], [ 104265.4525146484375, 108289.507080078125 ], [ 104274.65887451171875, 108286.386474609375 ], [ 104288.0067138671875, 108281.35528564453125 ], [ 104302.096923828125, 108276.0941162109375 ], [ 104313.8607177734375, 108271.8031005859375 ], [ 104326.5897216796875, 108266.912109375 ], [ 104340.22607421875, 108261.3507080078125 ], [ 104354.93487548828125, 108255.35931396484375 ], [ 104370.55950927734375, 108249.077880859375 ], [ 104382.381103515625, 108243.87689208984375 ], [ 104394.565673828125, 108238.44549560546875 ], [ 104405.9334716796875, 108233.2642822265625 ], [ 104417.6558837890625, 108227.8031005859375 ], [ 104429.815673828125, 108222.24188232421875 ], [ 104442.41290283203125, 108216.08050537109375 ], [ 104453.813720703125, 108210.6392822265625 ], [ 104467.10369873046875, 108203.94769287109375 ], [ 104478.421875, 108198.23651123046875 ], [ 104489.1875, 108192.30511474609375 ], [ 104501.59490966796875, 108185.29351806640625 ], [ 104513.1937255859375, 108177.65167236328125 ], [ 104522.68890380859375, 108171.40032958984375 ], [ 104535.21148681640625, 108162.91851806640625 ], [ 104543.98089599609375, 108156.50689697265625 ], [ 104554.87847900390625, 108149.5853271484375 ], [ 104564.68707275390625, 108143.16387939453125 ], [ 104573.95947265625, 108136.9625244140625 ], [ 104583.298095703125, 108131.2213134765625 ], [ 104593.36248779296875, 108124.5396728515625 ], [ 104604.41668701171875, 108117.6480712890625 ], [ 104613.5076904296875, 108111.4766845703125 ], [ 104621.31988525390625, 108106.19549560546875 ], [ 104631.27728271484375, 108099.54412841796875 ], [ 104638.32232666015625, 108094.69287109375 ], [ 104646.39031982421875, 108088.981689453125 ], [ 104654.66448974609375, 108083.0302734375 ], [ 104660.38153076171875, 108079.019287109375 ], [ 104667.047119140625, 108073.82830810546875 ], [ 104675.62652587890625, 108067.90692138671875 ], [ 104682.64691162109375, 108062.54571533203125 ], [ 104691.18511962890625, 108056.0540771484375 ], [ 104698.543701171875, 108050.13287353515625 ], [ 104705.85272216796875, 108044.34149169921875 ], [ 104712.444091796875, 108039.30047607421875 ], [ 104719.80267333984375, 108033.48907470703125 ], [ 104725.51971435546875, 108028.7479248046875 ], [ 104730.78289794921875, 108024.48712158203125 ], [ 104737.522705078125, 108019.01568603515625 ], [ 104761.157470703125, 107998.99127197265625 ], [ 104787.0938720703125, 107976.8363037109375 ], [ 104797.777099609375, 107988.388916015625 ], [ 104823.67230224609375, 107982.5374755859375 ], [ 104832.59832763671875, 107992.3397216796875 ], [ 104829.851318359375, 107995.10028076171875 ], [ 104833.6376953125, 107998.91131591796875 ], [ 104884.31451416015625, 108054.5938720703125 ], [ 104888.08447265625, 108051.5531005859375 ], [ 104891.202880859375, 108054.77392578125 ], [ 104893.96649169921875, 108057.57452392578125 ], [ 104896.2269287109375, 108059.5850830078125 ], [ 104898.3717041015625, 108061.185302734375 ], [ 104899.32867431640625, 108061.7855224609375 ], [ 104899.86492919921875, 108062.10552978515625 ], [ 104900.401123046875, 108062.40570068359375 ], [ 104900.94549560546875, 108062.7056884765625 ], [ 104901.4901123046875, 108062.9857177734375 ], [ 104902.05108642578125, 108063.26593017578125 ], [ 104902.60369873046875, 108063.52587890625 ], [ 104903.17291259765625, 108063.785888671875 ], [ 104903.73388671875, 108064.035888671875 ], [ 104904.311279296875, 108064.26611328125 ], [ 104904.888916015625, 108064.49609375 ], [ 104905.46630859375, 108064.71612548828125 ], [ 104906.043701171875, 108064.91607666015625 ], [ 104906.6376953125, 108065.11627197265625 ], [ 104907.2235107421875, 108065.3062744140625 ], [ 104907.81732177734375, 108065.476318359375 ], [ 104908.41131591796875, 108065.64630126953125 ], [ 104909.01348876953125, 108065.79632568359375 ], [ 104909.61572265625, 108065.94647216796875 ], [ 104910.21807861328125, 108066.07647705078125 ], [ 104910.8284912109375, 108066.20648193359375 ], [ 104911.43072509765625, 108066.3165283203125 ], [ 104912.04107666015625, 108066.41650390625 ], [ 104912.659912109375, 108066.50653076171875 ], [ 104913.27032470703125, 108066.58648681640625 ], [ 104913.88909912109375, 108066.65667724609375 ], [ 104914.49951171875, 108066.7166748046875 ], [ 104915.1182861328125, 108066.7667236328125 ], [ 104915.73687744140625, 108066.80670166015625 ], [ 104916.355712890625, 108066.82672119140625 ], [ 104916.97430419921875, 108066.8466796875 ], [ 104917.59307861328125, 108066.856689453125 ], [ 104918.21173095703125, 108066.8466796875 ], [ 104918.83050537109375, 108066.82672119140625 ], [ 104919.44927978515625, 108066.80670166015625 ], [ 104920.06787109375, 108066.7667236328125 ], [ 104920.67828369140625, 108066.7166748046875 ], [ 104921.297119140625, 108066.65667724609375 ], [ 104921.9158935546875, 108066.58648681640625 ], [ 104922.52630615234375, 108066.50653076171875 ], [ 104923.13671875, 108066.41650390625 ], [ 104923.7470703125, 108066.3165283203125 ], [ 104924.35772705078125, 108066.19647216796875 ], [ 104924.96807861328125, 108066.07647705078125 ], [ 104925.5703125, 108065.94647216796875 ], [ 104926.1724853515625, 108065.79632568359375 ], [ 104926.7664794921875, 108065.64630126953125 ], [ 104927.36871337890625, 108065.476318359375 ], [ 104927.96270751953125, 108065.3062744140625 ], [ 104928.54852294921875, 108065.11627197265625 ], [ 104929.13409423828125, 108064.91607666015625 ], [ 104929.71990966796875, 108064.71612548828125 ], [ 104930.29730224609375, 108064.49609375 ], [ 104930.8748779296875, 108064.26611328125 ], [ 104931.444091796875, 108064.035888671875 ], [ 104932.0133056640625, 108063.785888671875 ], [ 104932.57427978515625, 108063.52587890625 ], [ 104933.13507080078125, 108063.26593017578125 ], [ 104933.68792724609375, 108062.9857177734375 ], [ 104934.240478515625, 108062.6956787109375 ], [ 104934.78509521484375, 108062.40570068359375 ], [ 104935.3212890625, 108062.09552001953125 ], [ 104935.85748291015625, 108061.7855224609375 ], [ 104936.385498046875, 108061.46551513671875 ], [ 104936.9052734375, 108061.12530517578125 ], [ 104937.41668701171875, 108060.7852783203125 ], [ 104937.9281005859375, 108060.43511962890625 ], [ 104938.4312744140625, 108060.0750732421875 ], [ 104938.93450927734375, 108059.705078125 ], [ 104939.42132568359375, 108059.33489990234375 ], [ 104939.9080810546875, 108058.94488525390625 ], [ 104940.386474609375, 108058.5546875 ], [ 104940.856689453125, 108058.15472412109375 ], [ 104941.3187255859375, 108057.7445068359375 ], [ 104941.77227783203125, 108057.32452392578125 ], [ 104942.2178955078125, 108056.894287109375 ], [ 104942.663330078125, 108056.46429443359375 ], [ 104943.10052490234375, 108056.02410888671875 ], [ 104943.52130126953125, 108055.5740966796875 ], [ 104943.94207763671875, 108055.11407470703125 ], [ 104944.3544921875, 108054.6539306640625 ], [ 104944.75048828125, 108054.1837158203125 ], [ 104945.146484375, 108053.70367431640625 ], [ 104945.53411865234375, 108053.2235107421875 ], [ 104945.9052734375, 108052.7335205078125 ], [ 104946.2764892578125, 108052.2332763671875 ], [ 104946.63128662109375, 108051.72308349609375 ], [ 104946.986083984375, 108051.21307373046875 ], [ 104947.32427978515625, 108050.702880859375 ], [ 104947.6624755859375, 108050.18292236328125 ], [ 104947.98431396484375, 108049.6527099609375 ], [ 104948.2977294921875, 108049.11248779296875 ], [ 104948.60308837890625, 108048.58251953125 ], [ 104948.8917236328125, 108048.03228759765625 ], [ 104949.18048095703125, 108047.4822998046875 ], [ 104949.45269775390625, 108046.93212890625 ], [ 104949.72491455078125, 108046.37188720703125 ], [ 104949.980712890625, 108045.8118896484375 ], [ 104950.22808837890625, 108045.24169921875 ], [ 104950.4591064453125, 108044.67169189453125 ], [ 104950.69012451171875, 108044.09149169921875 ], [ 104950.90447998046875, 108043.51129150390625 ], [ 104951.11090087890625, 108042.9312744140625 ], [ 104951.30889892578125, 108042.34112548828125 ], [ 104951.49029541015625, 108041.75091552734375 ], [ 104951.671875, 108041.160888671875 ], [ 104951.83673095703125, 108040.56072998046875 ], [ 104951.98529052734375, 108039.96051025390625 ], [ 104952.13372802734375, 108039.3604736328125 ], [ 104952.26568603515625, 108038.76031494140625 ], [ 104952.3895263671875, 108038.15008544921875 ], [ 104952.5048828125, 108037.5399169921875 ], [ 104952.6038818359375, 108036.92987060546875 ], [ 104952.6947021484375, 108036.3197021484375 ], [ 104952.77728271484375, 108035.70947265625 ], [ 104952.84332275390625, 108035.0894775390625 ], [ 104952.90087890625, 108034.47930908203125 ], [ 104952.95050048828125, 108033.859130859375 ], [ 104952.99169921875, 108033.23907470703125 ], [ 104953.0164794921875, 108032.618896484375 ], [ 104953.0330810546875, 108032.00872802734375 ], [ 104953.04132080078125, 108031.38848876953125 ], [ 104953.0330810546875, 108030.76849365234375 ], [ 104953.0164794921875, 108030.1483154296875 ], [ 104952.99169921875, 108029.528076171875 ], [ 104952.95050048828125, 108028.9080810546875 ], [ 104952.90087890625, 108028.29791259765625 ], [ 104952.84332275390625, 108027.67767333984375 ], [ 104952.7689208984375, 108027.06768798828125 ], [ 104952.6865234375, 108026.447509765625 ], [ 104952.595703125, 108025.8372802734375 ], [ 104952.4967041015625, 108025.227294921875 ], [ 104952.38128662109375, 108024.61712646484375 ], [ 104952.25750732421875, 108024.01690673828125 ], [ 104952.12548828125, 108023.40667724609375 ], [ 104951.97711181640625, 108022.80670166015625 ], [ 104951.8203125, 108022.20648193359375 ], [ 104951.6552734375, 108021.61627197265625 ], [ 104951.48211669921875, 108021.01629638671875 ], [ 104951.29229736328125, 108020.42608642578125 ], [ 104951.09429931640625, 108019.84588623046875 ], [ 104950.88812255859375, 108019.25592041015625 ], [ 104950.6737060546875, 108018.67572021484375 ], [ 104950.44268798828125, 108018.10552978515625 ], [ 104950.21173095703125, 108017.5355224609375 ], [ 104949.964111328125, 108016.96527099609375 ], [ 104949.70849609375, 108016.4052734375 ], [ 104949.436279296875, 108015.8450927734375 ], [ 104949.16387939453125, 108015.284912109375 ], [ 104948.87530517578125, 108014.744873046875 ], [ 104948.57830810546875, 108014.1947021484375 ], [ 104948.27288818359375, 108013.65447998046875 ], [ 104947.95947265625, 108013.12451171875 ], [ 104947.63787841796875, 108012.59429931640625 ], [ 104947.29949951171875, 108012.07427978515625 ], [ 104946.9365234375, 108011.5640869140625 ], [ 104946.9365234375, 108011.53411865234375 ], [ 104945.68267822265625, 108010.023681640625 ], [ 104940.4359130859375, 108004.1624755859375 ], [ 104943.82647705078125, 108001.04168701171875 ], [ 104942.118896484375, 107999.17132568359375 ], [ 104889.330322265625, 107941.24810791015625 ], [ 104886.46771240234375, 107943.7686767578125 ], [ 104877.44268798828125, 107933.886474609375 ], [ 104885.939697265625, 107908.54071044921875 ], [ 104875.3638916015625, 107896.98809814453125 ], [ 104883.84429931640625, 107888.89630126953125 ], [ 104891.1781005859375, 107881.73468017578125 ], [ 104898.43768310546875, 107874.49310302734375 ], [ 104905.69732666015625, 107867.6514892578125 ], [ 104913.88909912109375, 107859.2896728515625 ], [ 104922.52630615234375, 107850.61767578125 ], [ 104928.83709716796875, 107843.96612548828125 ], [ 104936.53387451171875, 107835.95428466796875 ], [ 104943.84307861328125, 107828.25250244140625 ], [ 104950.40972900390625, 107821.24090576171875 ], [ 104958.20550537109375, 107812.99908447265625 ], [ 104966.93328857421875, 107803.36688232421875 ], [ 104976.17291259765625, 107793.344482421875 ], [ 104986.64971923828125, 107781.99212646484375 ], [ 104994.00830078125, 107773.89007568359375 ], [ 105000.55828857421875, 107766.17852783203125 ], [ 105005.1038818359375, 107760.94732666015625 ], [ 105010.10308837890625, 107754.98590087890625 ], [ 105016.25732421875, 107747.8043212890625 ], [ 105020.4478759765625, 107742.5631103515625 ], [ 105026.13189697265625, 107735.521484375 ], [ 105031.21368408203125, 107729.41009521484375 ], [ 105037.24407958984375, 107721.768310546875 ], [ 105045.2708740234375, 107711.6060791015625 ], [ 105051.58990478515625, 107703.44427490234375 ], [ 105060.986083984375, 107691.25152587890625 ], [ 105069.38409423828125, 107680.61907958984375 ], [ 105079.09368896484375, 107667.74609375 ], [ 105084.9757080078125, 107659.95428466796875 ], [ 105089.89251708984375, 107653.5029296875 ], [ 105096.2197265625, 107645.0308837890625 ], [ 105103.14947509765625, 107635.93890380859375 ], [ 105109.42730712890625, 107627.61712646484375 ], [ 105115.46588134765625, 107619.67529296875 ], [ 105121.29010009765625, 107612.103515625 ], [ 105125.65411376953125, 107606.2520751953125 ], [ 105130.5377197265625, 107599.8306884765625 ], [ 105137.1373291015625, 107590.8087158203125 ], [ 105144.23187255859375, 107581.2864990234375 ], [ 105151.19451904296875, 107571.7843017578125 ], [ 105159.22967529296875, 107561.171875 ], [ 105166.22509765625, 107551.40972900390625 ], [ 105173.97967529296875, 107540.8673095703125 ], [ 105181.132080078125, 107530.93511962890625 ], [ 105188.31732177734375, 107520.73272705078125 ], [ 105193.52288818359375, 107513.5311279296875 ], [ 105200.00689697265625, 107504.2191162109375 ], [ 105203.455322265625, 107499.28790283203125 ], [ 105216.95147705078125, 107481.04388427734375 ], [ 105227.24688720703125, 107466.3804931640625 ], [ 105234.12689208984375, 107456.47808837890625 ], [ 105242.56610107421875, 107444.66552734375 ], [ 105249.248291015625, 107434.7332763671875 ], [ 105255.51788330078125, 107425.4910888671875 ], [ 105262.49688720703125, 107415.30889892578125 ], [ 105269.657470703125, 107405.10650634765625 ], [ 105276.97491455078125, 107394.234130859375 ], [ 105286.3792724609375, 107380.46087646484375 ], [ 105294.6123046875, 107368.6182861328125 ], [ 105302.84527587890625, 107356.5255126953125 ], [ 105311.61468505859375, 107343.6527099609375 ], [ 105319.492919921875, 107331.889892578125 ], [ 105327.3134765625, 107320.73748779296875 ], [ 105333.8883056640625, 107311.165283203125 ], [ 105341.180908203125, 107299.96270751953125 ], [ 105355.86492919921875, 107277.8876953125 ], [ 105361.136474609375, 107269.6458740234375 ], [ 105363.48748779296875, 107266.02508544921875 ], [ 105376.03509521484375, 107273.9368896484375 ], [ 105387.97210693359375, 107255.73272705078125 ], [ 105472.6781005859375, 107311.42529296875 ], [ 105466.4578857421875, 107321.35748291015625 ], [ 105497.3607177734375, 107341.88232421875 ], [ 105504.00970458984375, 107331.7698974609375 ], [ 105593.7974853515625, 107391.16351318359375 ], [ 105737.67730712890625, 107499.2379150390625 ], [ 105796.77667236328125, 107545.018310546875 ], [ 105800.48089599609375, 107539.8870849609375 ], [ 105748.17889404296875, 107499.3779296875 ], [ 105606.031494140625, 107391.863525390625 ], [ 105507.53228759765625, 107326.398681640625 ], [ 105513.64508056640625, 107316.5164794921875 ], [ 105482.3134765625, 107295.921875 ], [ 105475.7056884765625, 107305.93408203125 ], [ 105391.5853271484375, 107250.521484375 ], [ 105403.415283203125, 107232.21728515625 ], [ 105390.88427734375, 107224.12548828125 ], [ 105438.89630126953125, 107144.00732421875 ], [ 105506.27008056640625, 107160.2611083984375 ], [ 105508.20050048828125, 107160.84112548828125 ], [ 105510.27947998046875, 107161.51129150390625 ], [ 105512.548095703125, 107162.281494140625 ], [ 105515.847900390625, 107163.44171142578125 ], [ 105520.94610595703125, 107165.332275390625 ], [ 105525.0377197265625, 107166.99267578125 ], [ 105527.43011474609375, 107168.04290771484375 ], [ 105530.41650390625, 107169.43310546875 ], [ 105532.8748779296875, 107170.67327880859375 ], [ 105533.971923828125, 107171.26348876953125 ], [ 105536.59527587890625, 107172.8538818359375 ], [ 105537.7996826171875, 107173.68408203125 ], [ 105539.52392578125, 107174.99432373046875 ], [ 105541.03350830078125, 107176.25469970703125 ], [ 105542.172119140625, 107177.27490234375 ], [ 105543.2279052734375, 107178.29510498046875 ], [ 105544.85308837890625, 107179.95550537109375 ], [ 105547.3115234375, 107182.70611572265625 ], [ 105549.4481201171875, 107185.32672119140625 ], [ 105550.86688232421875, 107187.18707275390625 ], [ 105552.8717041015625, 107189.9976806640625 ], [ 105554.15850830078125, 107191.8983154296875 ], [ 105557.13671875, 107196.6292724609375 ], [ 105559.41351318359375, 107200.55010986328125 ], [ 105561.26971435546875, 107204.01092529296875 ], [ 105562.0615234375, 107205.74127197265625 ], [ 105563.02667236328125, 107208.36187744140625 ], [ 105564.6270751953125, 107213.43310546875 ], [ 105565.71612548828125, 107216.313720703125 ], [ 105567.1185302734375, 107219.12432861328125 ], [ 105567.9105224609375, 107220.52471923828125 ], [ 105569.16448974609375, 107222.53509521484375 ], [ 105569.81610107421875, 107223.4954833984375 ], [ 105571.18548583984375, 107225.34588623046875 ], [ 105572.24969482421875, 107226.6561279296875 ], [ 105573.68511962890625, 107228.2664794921875 ], [ 105574.96392822265625, 107229.56671142578125 ], [ 105577.52947998046875, 107231.957275390625 ], [ 105580.21868896484375, 107234.2379150390625 ], [ 105582.54510498046875, 107235.98828125 ], [ 105584.5662841796875, 107237.3585205078125 ], [ 105586.001708984375, 107238.23870849609375 ], [ 105587.25567626953125, 107238.94891357421875 ], [ 105588.29510498046875, 107239.50909423828125 ], [ 105596.297119140625, 107243.2999267578125 ], [ 105602.93792724609375, 107246.25048828125 ], [ 105611.962890625, 107250.04150390625 ], [ 105616.5001220703125, 107251.88189697265625 ], [ 105620.07208251953125, 107253.2821044921875 ], [ 105623.1326904296875, 107254.4324951171875 ], [ 105625.1868896484375, 107255.1724853515625 ], [ 105629.8726806640625, 107256.76287841796875 ], [ 105634.3109130859375, 107258.0330810546875 ], [ 105641.08367919921875, 107259.73370361328125 ], [ 105644.27630615234375, 107260.6138916015625 ], [ 105647.08929443359375, 107261.51409912109375 ], [ 105652.86407470703125, 107263.54449462890625 ], [ 105654.76971435546875, 107264.1947021484375 ], [ 105656.33709716796875, 107264.6746826171875 ], [ 105660.4700927734375, 107265.80487060546875 ], [ 105670.61688232421875, 107268.2855224609375 ], [ 105678.89947509765625, 107270.1458740234375 ], [ 105680.3927001953125, 107270.43609619140625 ], [ 105683.44488525390625, 107270.94610595703125 ], [ 105699.47369384765625, 107273.08673095703125 ], [ 105706.89007568359375, 107273.88690185546875 ], [ 105711.75732421875, 107274.31689453125 ], [ 105714.5126953125, 107274.4168701171875 ], [ 105717.97747802734375, 107274.3369140625 ], [ 105720.93072509765625, 107274.13690185546875 ], [ 105723.1580810546875, 107273.9268798828125 ], [ 105727.67047119140625, 107273.36669921875 ], [ 105732.3892822265625, 107272.5264892578125 ], [ 105735.664306640625, 107271.76629638671875 ], [ 105737.19873046875, 107271.3463134765625 ], [ 105741.4967041015625, 107270.035888671875 ], [ 105746.6279296875, 107268.2755126953125 ], [ 105751.297119140625, 107266.485107421875 ], [ 105755.10028076171875, 107264.86468505859375 ], [ 105762.6815185546875, 107261.43408203125 ], [ 105767.5487060546875, 107259.4835205078125 ], [ 105771.27752685546875, 107258.11328125 ], [ 105773.94207763671875, 107257.23309326171875 ], [ 105775.57550048828125, 107256.73291015625 ], [ 105779.36212158203125, 107255.72271728515625 ], [ 105783.00830078125, 107254.842529296875 ], [ 105788.19732666015625, 107253.7122802734375 ], [ 105798.20391845703125, 107251.671875 ], [ 105803.1536865234375, 107250.801513671875 ], [ 105809.6295166015625, 107249.80133056640625 ], [ 105813.86968994140625, 107249.0712890625 ], [ 105821.715087890625, 107247.58087158203125 ], [ 105824.07427978515625, 107247.06072998046875 ], [ 105828.03411865234375, 107246.08050537109375 ], [ 105830.93792724609375, 107245.27032470703125 ], [ 105843.14727783203125, 107241.57952880859375 ], [ 105847.18951416015625, 107240.2291259765625 ], [ 105848.84771728515625, 107239.5791015625 ], [ 105851.01727294921875, 107238.62890625 ], [ 105853.21173095703125, 107237.6085205078125 ], [ 105856.94873046875, 107235.76812744140625 ], [ 105862.12109375, 107233.13751220703125 ], [ 105864.43109130859375, 107232.00732421875 ], [ 105865.80047607421875, 107231.4171142578125 ], [ 105869.66131591796875, 107229.78668212890625 ], [ 105871.047119140625, 107229.13671875 ], [ 105872.08648681640625, 107228.58648681640625 ], [ 105872.87847900390625, 107228.136474609375 ], [ 105874.28912353515625, 107227.1962890625 ], [ 105875.3616943359375, 107226.32611083984375 ], [ 105878.86767578125, 107222.99530029296875 ], [ 105885.40130615234375, 107216.4036865234375 ], [ 105899.3428955078125, 107202.720703125 ], [ 105905.50531005859375, 107196.519287109375 ], [ 105907.9967041015625, 107194.10870361328125 ], [ 105912.1708984375, 107190.2479248046875 ], [ 105920.1812744140625, 107183.15631103515625 ], [ 105923.728515625, 107180.135498046875 ], [ 105930.4766845703125, 107174.5543212890625 ], [ 105931.33447265625, 107173.91412353515625 ], [ 105932.4647216796875, 107173.1138916015625 ], [ 105936.00390625, 107170.68328857421875 ], [ 105938.00848388671875, 107169.11309814453125 ], [ 105938.95709228515625, 107168.242919921875 ], [ 105940.09552001953125, 107167.04248046875 ], [ 105940.565673828125, 107166.50250244140625 ], [ 105941.3494873046875, 107165.52227783203125 ], [ 105942.1414794921875, 107164.44207763671875 ], [ 105943.49432373046875, 107162.33148193359375 ], [ 105944.228515625, 107161.05133056640625 ], [ 105944.85552978515625, 107159.85089111328125 ], [ 105945.540283203125, 107158.1304931640625 ], [ 105946.74468994140625, 107154.38970947265625 ], [ 105947.3551025390625, 107152.809326171875 ], [ 105947.73468017578125, 107152.00927734375 ], [ 105948.18011474609375, 107151.2288818359375 ], [ 105953.294677734375, 107143.207275390625 ], [ 105956.578125, 107138.34613037109375 ], [ 105957.9556884765625, 107136.40570068359375 ], [ 105958.252685546875, 107136.04547119140625 ], [ 105958.49188232421875, 107135.79547119140625 ], [ 105958.87969970703125, 107135.47552490234375 ], [ 105959.27569580078125, 107135.1953125 ], [ 105959.94390869140625, 107134.8353271484375 ], [ 105961.00811767578125, 107134.42529296875 ], [ 105962.0145263671875, 107134.15509033203125 ], [ 105963.7965087890625, 107133.76507568359375 ], [ 105966.18048095703125, 107133.19488525390625 ], [ 105967.21990966796875, 107132.8046875 ], [ 105967.88812255859375, 107132.4647216796875 ], [ 105968.50689697265625, 107132.044677734375 ], [ 105968.853271484375, 107131.7445068359375 ], [ 105971.10552978515625, 107129.223876953125 ], [ 105972.243896484375, 107127.83367919921875 ], [ 105973.95147705078125, 107125.54327392578125 ], [ 105976.822509765625, 107121.09210205078125 ], [ 105980.8729248046875, 107114.6207275390625 ], [ 105982.844482421875, 107111.64007568359375 ], [ 105984.8905029296875, 107108.769287109375 ], [ 105987.18389892578125, 107105.448486328125 ], [ 105988.0665283203125, 107104.05828857421875 ], [ 105988.88330078125, 107102.577880859375 ], [ 105989.5430908203125, 107101.10772705078125 ], [ 105990.16192626953125, 107099.44732666015625 ], [ 105990.722900390625, 107097.60687255859375 ], [ 105991.0775146484375, 107096.25653076171875 ], [ 105991.93548583984375, 107092.42572021484375 ], [ 105992.9500732421875, 107086.844482421875 ], [ 105993.7257080078125, 107083.4036865234375 ], [ 105994.888916015625, 107079.292724609375 ], [ 105997.25653076171875, 107071.44091796875 ], [ 105998.06488037109375, 107068.2000732421875 ], [ 105998.25469970703125, 107066.94989013671875 ], [ 105998.3040771484375, 107066.35968017578125 ], [ 105998.35369873046875, 107065.07952880859375 ], [ 105998.32891845703125, 107064.07928466796875 ], [ 105997.94927978515625, 107058.71807861328125 ], [ 105997.9080810546875, 107057.647705078125 ], [ 105997.9246826171875, 107056.2974853515625 ], [ 105998.023681640625, 107055.037109375 ], [ 105998.3206787109375, 107053.4368896484375 ], [ 105998.55987548828125, 107052.5966796875 ], [ 105998.8980712890625, 107051.59649658203125 ], [ 106000.226318359375, 107048.2457275390625 ], [ 106000.8284912109375, 107046.60528564453125 ], [ 106001.001708984375, 107046.05511474609375 ], [ 106001.2987060546875, 107044.9149169921875 ], [ 106002.85791015625, 107034.74267578125 ], [ 106003.91387939453125, 107027.2908935546875 ], [ 106004.136474609375, 107025.85052490234375 ], [ 106004.83770751953125, 107022.2197265625 ], [ 106005.30792236328125, 107019.37908935546875 ], [ 106005.4813232421875, 107017.49871826171875 ], [ 106005.50592041015625, 107016.738525390625 ], [ 106005.489501953125, 107015.75830078125 ], [ 106005.1016845703125, 107011.68731689453125 ], [ 106004.68109130859375, 107008.4967041015625 ], [ 106003.69110107421875, 107001.8250732421875 ], [ 106002.62689208984375, 106994.04327392578125 ], [ 106001.1007080078125, 106982.30072021484375 ], [ 106000.8779296875, 106980.810302734375 ], [ 106000.56451416015625, 106978.919921875 ], [ 105999.50030517578125, 106973.848876953125 ], [ 105999.038330078125, 106971.95831298828125 ], [ 105998.38671875, 106969.61767578125 ], [ 105997.718505859375, 106967.87750244140625 ], [ 105996.16748046875, 106964.61669921875 ], [ 105995.37548828125, 106962.76629638671875 ], [ 105994.55889892578125, 106960.2257080078125 ], [ 105992.686279296875, 106953.57427978515625 ], [ 105991.1104736328125, 106947.252685546875 ], [ 105990.41748046875, 106943.76190185546875 ], [ 105989.79888916015625, 106939.80108642578125 ], [ 105989.24627685546875, 106936.48028564453125 ], [ 105988.94091796875, 106934.98992919921875 ], [ 105988.23150634765625, 106932.29931640625 ], [ 105987.94268798828125, 106931.39910888671875 ], [ 105987.45611572265625, 106930.098876953125 ], [ 105986.56512451171875, 106928.05828857421875 ], [ 105986.111328125, 106927.12811279296875 ], [ 105985.3607177734375, 106925.7178955078125 ], [ 105984.519287109375, 106924.2874755859375 ], [ 105983.6116943359375, 106922.8572998046875 ], [ 105982.6630859375, 106921.49688720703125 ], [ 105980.9801025390625, 106919.386474609375 ], [ 105979.89947509765625, 106918.20611572265625 ], [ 105979.256103515625, 106917.55609130859375 ], [ 105978.40631103515625, 106916.74591064453125 ], [ 105976.39349365234375, 106915.0255126953125 ], [ 105974.46307373046875, 106913.5850830078125 ], [ 105973.26690673828125, 106912.82489013671875 ], [ 105972.00469970703125, 106912.2147216796875 ], [ 105968.40789794921875, 106910.7144775390625 ], [ 105967.4923095703125, 106910.21429443359375 ], [ 105966.3206787109375, 106909.424072265625 ], [ 105963.6727294921875, 106907.513671875 ], [ 105962.47650146484375, 106906.603515625 ], [ 105961.23089599609375, 106905.59332275390625 ], [ 105959.910888671875, 106904.43310546875 ], [ 105958.19488525390625, 106902.72271728515625 ], [ 105956.88330078125, 106901.19232177734375 ], [ 105949.5330810546875, 106892.13031005859375 ], [ 105940.9700927734375, 106882.05792236328125 ], [ 105938.528076171875, 106878.997314453125 ], [ 105937.521728515625, 106877.64691162109375 ], [ 105934.98089599609375, 106873.8660888671875 ], [ 105933.1082763671875, 106870.94549560546875 ], [ 105931.0211181640625, 106867.834716796875 ], [ 105924.5123291015625, 106858.84271240234375 ], [ 105921.492919921875, 106854.57171630859375 ], [ 105919.14190673828125, 106851.0709228515625 ], [ 105917.88787841796875, 106849.23052978515625 ], [ 105917.021728515625, 106848.01031494140625 ], [ 105915.594482421875, 106846.09967041015625 ], [ 105912.1956787109375, 106841.90887451171875 ], [ 105908.93707275390625, 106838.00787353515625 ], [ 105902.4613037109375, 106830.1361083984375 ], [ 105897.93231201171875, 106824.60491943359375 ], [ 105894.55828857421875, 106820.32391357421875 ], [ 105890.48309326171875, 106814.98272705078125 ], [ 105885.038330078125, 106807.67108154296875 ], [ 105881.6395263671875, 106803.16009521484375 ], [ 105876.41748046875, 106796.51849365234375 ], [ 105871.3936767578125, 106790.4071044921875 ], [ 105863.1029052734375, 106780.72491455078125 ], [ 105854.5233154296875, 106770.4227294921875 ], [ 105850.0850830078125, 106765.35150146484375 ], [ 105847.9237060546875, 106762.73089599609375 ], [ 105845.7952880859375, 106759.76031494140625 ], [ 105843.13067626953125, 106755.93927001953125 ], [ 105840.97772216796875, 106753.138671875 ], [ 105838.84930419921875, 106750.55810546875 ], [ 105837.00970458984375, 106748.417724609375 ], [ 105835.1038818359375, 106746.297119140625 ], [ 105834.26251220703125, 106744.6768798828125 ], [ 105831.9691162109375, 106740.3958740234375 ], [ 105830.261474609375, 106737.3651123046875 ], [ 105827.1514892578125, 106732.24407958984375 ], [ 105824.35491943359375, 106727.89288330078125 ], [ 105820.08990478515625, 106721.54150390625 ], [ 105814.669921875, 106713.89990234375 ], [ 105808.42510986328125, 106705.3779296875 ], [ 105805.70269775390625, 106701.797119140625 ], [ 105800.9014892578125, 106695.78570556640625 ], [ 105799.36712646484375, 106694.0452880859375 ], [ 105797.01593017578125, 106691.68487548828125 ], [ 105794.40087890625, 106689.24432373046875 ], [ 105794.03790283203125, 106688.93408203125 ], [ 105793.46868896484375, 106688.54412841796875 ], [ 105792.5364990234375, 106688.013916015625 ], [ 105791.81890869140625, 106687.57391357421875 ], [ 105791.25787353515625, 106687.13372802734375 ], [ 105790.8782958984375, 106686.75372314453125 ], [ 105790.53192138671875, 106686.323486328125 ], [ 105790.1771240234375, 106685.7335205078125 ], [ 105789.880126953125, 106685.05328369140625 ], [ 105789.73992919921875, 106684.62310791015625 ], [ 105788.23028564453125, 106681.5625 ], [ 105789.08831787109375, 106680.7423095703125 ], [ 105791.2742919921875, 106678.65191650390625 ], [ 105793.46868896484375, 106676.5712890625 ], [ 105795.6549072265625, 106674.49090576171875 ], [ 105797.84930419921875, 106672.4202880859375 ], [ 105800.0518798828125, 106670.35992431640625 ], [ 105802.2545166015625, 106668.30950927734375 ], [ 105804.45709228515625, 106666.26910400390625 ], [ 105806.66790771484375, 106664.238525390625 ], [ 105808.87890625, 106662.22808837890625 ], [ 105811.097900390625, 106660.22772216796875 ], [ 105812.0797119140625, 106659.34747314453125 ], [ 105848.921875, 106705.51788330078125 ], [ 105852.023681640625, 106709.28887939453125 ], [ 105857.72412109375, 106716.10028076171875 ], [ 105866.81512451171875, 106727.43292236328125 ], [ 105907.83172607421875, 106778.2344970703125 ], [ 105932.093505859375, 106808.601318359375 ], [ 105952.84112548828125, 106834.43707275390625 ], [ 105959.67987060546875, 106842.839111328125 ], [ 105975.4447021484375, 106862.05328369140625 ], [ 105986.77947998046875, 106875.8165283203125 ], [ 105993.263671875, 106883.768310546875 ], [ 106005.84429931640625, 106899.51190185546875 ], [ 106028.7200927734375, 106928.468505859375 ], [ 106029.759521484375, 106929.93890380859375 ], [ 106031.401123046875, 106932.10931396484375 ], [ 106032.57269287109375, 106933.5697021484375 ], [ 106035.84771728515625, 106937.46051025390625 ], [ 106037.78631591796875, 106939.58087158203125 ], [ 106039.3206787109375, 106941.16131591796875 ], [ 106040.54168701171875, 106942.3616943359375 ], [ 106042.91748046875, 106944.5321044921875 ], [ 106045.48309326171875, 106946.6624755859375 ], [ 106046.72052001953125, 106947.52288818359375 ], [ 106048.3375244140625, 106948.43310546875 ], [ 106049.3109130859375, 106948.89312744140625 ], [ 106050.47412109375, 106949.38330078125 ], [ 106052.08270263671875, 106949.97332763671875 ], [ 106052.9324951171875, 106950.2432861328125 ], [ 106055.40728759765625, 106950.843505859375 ], [ 106057.51910400390625, 106951.12371826171875 ], [ 106059.07830810546875, 106951.1737060546875 ], [ 106060.876708984375, 106951.10369873046875 ], [ 106062.2708740234375, 106950.9835205078125 ], [ 106063.35150146484375, 106950.853515625 ], [ 106065.3560791015625, 106950.4835205078125 ], [ 106066.30487060546875, 106950.2432861328125 ], [ 106070.28948974609375, 106949.00311279296875 ], [ 106075.84130859375, 106946.97271728515625 ], [ 106080.1229248046875, 106945.27227783203125 ], [ 106083.736083984375, 106943.7119140625 ], [ 106086.02947998046875, 106942.57171630859375 ], [ 106088.61151123046875, 106941.05133056640625 ], [ 106094.16351318359375, 106937.34051513671875 ], [ 106095.31011962890625, 106936.64031982421875 ], [ 106104.401123046875, 106931.73931884765625 ], [ 106112.74969482421875, 106927.278076171875 ], [ 106123.71331787109375, 106921.3369140625 ], [ 106126.53448486328125, 106919.7664794921875 ], [ 106127.19451904296875, 106919.34649658203125 ], [ 106127.98651123046875, 106918.75628662109375 ], [ 106128.40728759765625, 106918.39630126953125 ], [ 106129.19091796875, 106917.6060791015625 ], [ 106130.634521484375, 106915.91571044921875 ], [ 106134.561279296875, 106911.02447509765625 ], [ 106146.67987060546875, 106895.15087890625 ], [ 106152.00909423828125, 106888.09930419921875 ], [ 106153.89007568359375, 106885.5186767578125 ], [ 106156.06787109375, 106882.4180908203125 ], [ 106157.478515625, 106880.26751708984375 ], [ 106160.3162841796875, 106875.70648193359375 ], [ 106170.64471435546875, 106858.56268310546875 ], [ 106175.14892578125, 106850.5509033203125 ], [ 106181.707275390625, 106838.6680908203125 ], [ 106187.8284912109375, 106827.78570556640625 ], [ 106189.72589111328125, 106824.494873046875 ], [ 106191.28509521484375, 106821.98431396484375 ], [ 106195.80572509765625, 106824.43487548828125 ], [ 106198.9901123046875, 106818.51348876953125 ], [ 106194.60968017578125, 106816.14288330078125 ], [ 106198.56109619140625, 106809.1414794921875 ], [ 106204.67388916015625, 106798.49908447265625 ], [ 106212.83270263671875, 106784.4058837890625 ], [ 106230.2310791015625, 106753.7789306640625 ], [ 106244.59332275390625, 106727.55291748046875 ], [ 106245.1624755859375, 106726.21270751953125 ], [ 106245.9215087890625, 106723.93212890625 ], [ 106246.38348388671875, 106722.251708984375 ], [ 106247.12591552734375, 106719.2811279296875 ], [ 106247.6868896484375, 106716.5205078125 ], [ 106248.04168701171875, 106714.419921875 ], [ 106248.594482421875, 106710.6790771484375 ], [ 106248.71807861328125, 106709.5289306640625 ], [ 106248.8582763671875, 106707.45831298828125 ], [ 106248.86669921875, 106706.48809814453125 ], [ 106248.70172119140625, 106703.51751708984375 ], [ 106248.2974853515625, 106697.776123046875 ], [ 106247.94268798828125, 106691.584716796875 ], [ 106247.81890869140625, 106690.54449462890625 ], [ 106247.81890869140625, 106690.14447021484375 ], [ 106247.8848876953125, 106689.73431396484375 ], [ 106247.98388671875, 106689.46429443359375 ], [ 106248.1571044921875, 106689.09429931640625 ], [ 106248.41290283203125, 106688.7041015625 ], [ 106248.61090087890625, 106688.444091796875 ], [ 106248.99029541015625, 106688.03387451171875 ], [ 106250.07110595703125, 106687.03369140625 ], [ 106250.92071533203125, 106686.13348388671875 ], [ 106259.1536865234375, 106675.62109375 ], [ 106265.7698974609375, 106667.34930419921875 ], [ 106272.3447265625, 106659.48748779296875 ], [ 106274.25872802734375, 106656.98687744140625 ], [ 106275.1990966796875, 106655.90667724609375 ], [ 106275.421875, 106655.80670166015625 ], [ 106275.5784912109375, 106655.77667236328125 ], [ 106277.84710693359375, 106658.257080078125 ], [ 106280.30548095703125, 106661.03790283203125 ], [ 106281.105712890625, 106661.7479248046875 ], [ 106282.16168212890625, 106662.46807861328125 ], [ 106283.40728759765625, 106663.16827392578125 ], [ 106288.55511474609375, 106665.85888671875 ], [ 106289.89971923828125, 106666.4290771484375 ], [ 106290.30389404296875, 106666.55908203125 ], [ 106291.12890625, 106666.76910400390625 ], [ 106292.03631591796875, 106666.91912841796875 ], [ 106293.03448486328125, 106666.98907470703125 ], [ 106293.74407958984375, 106666.98907470703125 ], [ 106294.4287109375, 106666.9691162109375 ], [ 106295.50927734375, 106666.87908935546875 ], [ 106296.64788818359375, 106666.7191162109375 ], [ 106298.19873046875, 106666.3291015625 ], [ 106299.44427490234375, 106665.85888671875 ], [ 106300.02191162109375, 106665.58892822265625 ], [ 106301.31707763671875, 106664.82867431640625 ], [ 106302.488525390625, 106663.988525390625 ], [ 106303.24749755859375, 106663.32830810546875 ], [ 106304.344482421875, 106662.2880859375 ], [ 106305.38409423828125, 106661.2078857421875 ], [ 106306.37408447265625, 106660.06768798828125 ], [ 106307.6361083984375, 106658.44732666015625 ], [ 106468.14691162109375, 106328.58251953125 ], [ 106470.00311279296875, 106324.78167724609375 ], [ 106432.0552978515625, 106327.3720703125 ], [ 106391.352294921875, 106324.4415283203125 ], [ 106366.16650390625, 106321.51092529296875 ], [ 106326.931884765625, 106318.590087890625 ], [ 106285.271728515625, 106317.07989501953125 ], [ 106267.77447509765625, 106322.10107421875 ], [ 106253.19769287109375, 106327.34210205078125 ], [ 106190.91387939453125, 106369.931884765625 ], [ 106128.217529296875, 106412.8115234375 ], [ 106054.01312255859375, 106464.2532958984375 ], [ 106046.20068359375, 106469.66448974609375 ], [ 105983.7188720703125, 106512.97430419921875 ], [ 105969.8184814453125, 106522.5465087890625 ], [ 105933.63629150390625, 106547.46209716796875 ], [ 105868.58050537109375, 106588.05133056640625 ], [ 105811.2958984375, 106633.9716796875 ], [ 105804.3992919921875, 106639.492919921875 ], [ 105797.3873291015625, 106644.50408935546875 ], [ 105745.16790771484375, 106681.802490234375 ], [ 105704.32452392578125, 106724.5023193359375 ], [ 105639.34307861328125, 106795.04827880859375 ], [ 105589.2188720703125, 106858.1724853515625 ], [ 105562.3009033203125, 106902.73272705078125 ], [ 105549.2996826171875, 106891.590087890625 ], [ 105512.16851806640625, 106867.4547119140625 ], [ 105463.90069580078125, 106865.59429931640625 ], [ 105423.05731201171875, 106876.7366943359375 ], [ 105367.36468505859375, 106904.5831298828125 ], [ 105287.5343017578125, 106958.42529296875 ], [ 105252.25927734375, 106973.2786865234375 ], [ 105213.2720947265625, 106975.13909912109375 ], [ 105174.284912109375, 106969.56768798828125 ], [ 105144.5784912109375, 106945.43231201171875 ], [ 105087.0299072265625, 106876.7366943359375 ], [ 104963.56768798828125, 106951.00347900390625 ], [ 104885.59307861328125, 107002.9854736328125 ], [ 104792.76971435546875, 107066.09967041015625 ], [ 104675.80810546875, 107132.93487548828125 ], [ 104653.526123046875, 107151.50909423828125 ], [ 104556.99029541015625, 107209.06207275390625 ], [ 104451.16552734375, 107275.89727783203125 ], [ 104412.17828369140625, 107305.5938720703125 ], [ 104328.635498046875, 107366.85791015625 ], [ 104306.353515625, 107376.15008544921875 ], [ 104284.07989501953125, 107381.7113037109375 ], [ 104269.22247314453125, 107376.15008544921875 ], [ 104005.5928955078125, 107123.6527099609375 ], [ 103993.56488037109375, 107066.94989013671875 ], [ 103989.87750244140625, 107069.92047119140625 ], [ 103986.132080078125, 107056.80767822265625 ], [ 103973.023681640625, 107028.7113037109375 ], [ 103950.54388427734375, 106980.01007080078125 ], [ 103914.014892578125, 106955.65472412109375 ], [ 103844.7025146484375, 106811.41192626953125 ], [ 103792.2520751953125, 106704.6376953125 ], [ 103707.95867919921875, 106595.99310302734375 ], [ 103691.154296875, 106577.16888427734375 ], [ 103633.10247802734375, 106528.90789794921875 ], [ 103596.71392822265625, 106487.1082763671875 ], [ 103562.494873046875, 106435.27667236328125 ], [ 103300.63067626953125, 106260.35687255859375 ], [ 103175.4688720703125, 106187.2802734375 ], [ 103105.1583251953125, 106149.50189208984375 ], [ 103062.17828369140625, 106131.847900390625 ], [ 102910.85791015625, 106074.485107421875 ], [ 102820.73992919921875, 106175.85791015625 ], [ 102686.81732177734375, 106347.376708984375 ], [ 102616.33349609375, 106431.95587158203125 ], [ 102489.464111328125, 106603.47467041015625 ], [ 102404.88189697265625, 106709.19873046875 ], [ 102390.78350830078125, 106746.78729248046875 ], [ 102336.74090576171875, 106840.7686767578125 ], [ 102320.2996826171875, 106864.263916015625 ], [ 102278.0042724609375, 106908.90411376953125 ], [ 102235.71728515625, 106958.24530029296875 ], [ 102129.9832763671875, 107063.96929931640625 ], [ 102026.60870361328125, 107167.35272216796875 ], [ 101905.6376953125, 107274.787109375 ], [ 101909.473876953125, 107280.8184814453125 ], [ 102003.08111572265625, 107403.76629638671875 ], [ 102030.1395263671875, 107445.25567626953125 ], [ 102031.55010986328125, 107447.4061279296875 ], [ 102090.36907958984375, 107436.023681640625 ], [ 102169.96051025390625, 107423.910888671875 ], [ 102177.65728759765625, 107422.740478515625 ], [ 102253.3052978515625, 107413.1182861328125 ], [ 102282.03009033203125, 107409.45751953125 ], [ 102348.6614990234375, 107405.7567138671875 ], [ 102384.497314453125, 107403.76629638671875 ], [ 102439.521484375, 107399.92547607421875 ], [ 102466.09332275390625, 107398.0750732421875 ], [ 102521.11749267578125, 107401.86590576171875 ], [ 102562.8682861328125, 107401.86590576171875 ], [ 102614.1060791015625, 107453.10748291015625 ], [ 102598.918701171875, 107485.36468505859375 ], [ 102545.79168701171875, 107477.7730712890625 ], [ 102509.7332763671875, 107470.1812744140625 ], [ 102462.29852294921875, 107470.1812744140625 ], [ 102449.0167236328125, 107470.1812744140625 ], [ 102388.31689453125, 107476.10272216796875 ], [ 102371.21551513671875, 107477.7730712890625 ], [ 102320.42327880859375, 107490.8760986328125 ], [ 102312.3883056640625, 107492.95648193359375 ], [ 102263.04791259765625, 107513.8212890625 ], [ 102189.04150390625, 107551.7799072265625 ], [ 102145.74810791015625, 107581.2764892578125 ], [ 102071.27972412109375, 107655.76348876953125 ], [ 102025.05767822265625, 107755.91607666015625 ], [ 102008.7730712890625, 107819.33050537109375 ], [ 102017.36090087890625, 107845.8065185546875 ], [ 102040.47607421875, 107920.27349853515625 ], [ 102099.54248046875, 107992.1796875 ], [ 102168.88787841796875, 108035.8394775390625 ], [ 102240.79071044921875, 108064.08587646484375 ], [ 102356.3582763671875, 108115.43768310546875 ], [ 102398.2244873046875, 108147.61492919921875 ], [ 102400.71588134765625, 108150.30548095703125 ], [ 102443.83612060546875, 108196.82611083984375 ], [ 102447.5731201171875, 108200.86712646484375 ], [ 102483.94512939453125, 108235.93487548828125 ], [ 102518.8240966796875, 108261.71087646484375 ], [ 102543.6881103515625, 108280.0950927734375 ], [ 102580.0684814453125, 108299.55950927734375 ], [ 102655.3948974609375, 108339.8385009765625 ], [ 102676.71990966796875, 108356.352294921875 ], [ 102629.4171142578125, 108395.6912841796875 ], [ 102630.7122802734375, 108424.2677001953125 ], [ 102652.04547119140625, 108453.17431640625 ], [ 102687.9390869140625, 108479.55029296875 ], [ 102731.25732421875, 108511.38751220703125 ], [ 102737.57647705078125, 108515.8084716796875 ], [ 102875.49188232421875, 108608.3594970703125 ], [ 102940.159912109375, 108656.330322265625 ], [ 102959.62872314453125, 108668.153076171875 ], [ 102976.3175048828125, 108673.71429443359375 ], [ 102982.3065185546875, 108674.87451171875 ], [ 103019.42950439453125, 108682.06610107421875 ], [ 103056.2799072265625, 108686.23712158203125 ], [ 103082.703125, 108690.4080810546875 ], [ 103131.37530517578125, 108696.65948486328125 ], [ 103184.5928955078125, 108655.29010009765625 ], [ 103241.12689208984375, 108626.4735107421875 ] ] ] ] } },
{ "type": "Feature", "properties": { "ID": "150", "CIRCUITO_N": 150, "COMUNA": 14, "BARRIO": "PALERMO", "TOTAL": 13165.0, "MASCULINO": 6154.0, "FEMENINO": 7011.0, "PERIMETRO": 8196.6698280799992, "AREA": 2687803.2041500001 }, "geometry": { "type": "MultiPolygon", "coordinates": [ [ [ [ 103596.71392822265625, 106487.1082763671875 ], [ 103633.10247802734375, 106528.90789794921875 ], [ 103691.154296875, 106577.16888427734375 ], [ 103707.95867919921875, 106595.99310302734375 ], [ 103792.2520751953125, 106704.6376953125 ], [ 103844.7025146484375, 106811.41192626953125 ], [ 103914.014892578125, 106955.65472412109375 ], [ 103950.54388427734375, 106980.01007080078125 ], [ 103973.023681640625, 107028.7113037109375 ], [ 103986.132080078125, 107056.80767822265625 ], [ 103989.87750244140625, 107069.92047119140625 ], [ 103993.56488037109375, 107066.94989013671875 ], [ 104005.5928955078125, 107123.6527099609375 ], [ 104269.22247314453125, 107376.15008544921875 ], [ 104284.07989501953125, 107381.7113037109375 ], [ 104306.353515625, 107376.15008544921875 ], [ 104328.635498046875, 107366.85791015625 ], [ 104412.17828369140625, 107305.5938720703125 ], [ 104451.16552734375, 107275.89727783203125 ], [ 104556.99029541015625, 107209.06207275390625 ], [ 104653.526123046875, 107151.50909423828125 ], [ 104675.80810546875, 107132.93487548828125 ], [ 104792.76971435546875, 107066.09967041015625 ], [ 104885.59307861328125, 107002.9854736328125 ], [ 104963.56768798828125, 106951.00347900390625 ], [ 105087.0299072265625, 106876.7366943359375 ], [ 105144.5784912109375, 106945.43231201171875 ], [ 105174.284912109375, 106969.56768798828125 ], [ 105213.2720947265625, 106975.13909912109375 ], [ 105252.25927734375, 106973.2786865234375 ], [ 105287.5343017578125, 106958.42529296875 ], [ 105367.36468505859375, 106904.5831298828125 ], [ 105423.05731201171875, 106876.7366943359375 ], [ 105463.90069580078125, 106865.59429931640625 ], [ 105512.16851806640625, 106867.4547119140625 ], [ 105549.2996826171875, 106891.590087890625 ], [ 105562.3009033203125, 106902.73272705078125 ], [ 105589.2188720703125, 106858.1724853515625 ], [ 105639.34307861328125, 106795.04827880859375 ], [ 105704.32452392578125, 106724.5023193359375 ], [ 105745.16790771484375, 106681.802490234375 ], [ 105797.3873291015625, 106644.50408935546875 ], [ 105800.3074951171875, 106638.18267822265625 ], [ 105815.27227783203125, 106605.4453125 ], [ 105829.29632568359375, 106575.70849609375 ], [ 105837.11688232421875, 106552.603271484375 ], [ 105839.2122802734375, 106545.82171630859375 ], [ 105839.66607666015625, 106521.8062744140625 ], [ 105838.197509765625, 106511.8538818359375 ], [ 105837.042724609375, 106504.822509765625 ], [ 105834.39447021484375, 106488.71868896484375 ], [ 105828.82611083984375, 106480.51690673828125 ], [ 105818.29150390625, 106461.4124755859375 ], [ 105774.06591796875, 106401.15887451171875 ], [ 105762.689697265625, 106381.78448486328125 ], [ 105754.40728759765625, 106369.921875 ], [ 105647.138916015625, 106226.36932373046875 ], [ 105621.1116943359375, 106182.19927978515625 ], [ 105618.62030029296875, 106179.13848876953125 ], [ 105600.603271484375, 106156.9635009765625 ], [ 105564.9901123046875, 106114.48388671875 ], [ 105568.05072021484375, 106111.7432861328125 ], [ 105587.189697265625, 106084.3970947265625 ], [ 105612.3507080078125, 106047.8087158203125 ], [ 105613.5054931640625, 106046.1182861328125 ], [ 105656.60107421875, 105983.43408203125 ], [ 105703.136474609375, 105936.9036865234375 ], [ 105747.8240966796875, 105901.2755126953125 ], [ 105761.50189208984375, 105890.36309814453125 ], [ 105813.56451416015625, 105853.294677734375 ], [ 105819.6361083984375, 105849.73388671875 ], [ 105895.5894775390625, 105805.1837158203125 ], [ 105935.5994873046875, 105779.2479248046875 ], [ 105938.18170166015625, 105777.5775146484375 ], [ 106001.28228759765625, 105727.09613037109375 ], [ 106008.31072998046875, 105721.48468017578125 ], [ 106100.51568603515625, 105647.818115234375 ], [ 106116.07427978515625, 105635.38531494140625 ], [ 106123.63067626953125, 105629.3538818359375 ], [ 106106.455322265625, 105596.236328125 ], [ 105981.31011962890625, 105384.74847412109375 ], [ 105876.8961181640625, 105181.832275390625 ], [ 105865.50347900390625, 105162.2379150390625 ], [ 105873.5963134765625, 105160.217529296875 ], [ 105758.07012939453125, 104967.993896484375 ], [ 105757.79791259765625, 104967.54388427734375 ], [ 105697.61767578125, 105032.77850341796875 ], [ 105629.8560791015625, 105083.860107421875 ], [ 105315.3350830078125, 105080.989501953125 ], [ 105242.2445068359375, 105080.31927490234375 ], [ 105331.60308837890625, 105289.2667236328125 ], [ 105336.4208984375, 105300.6793212890625 ], [ 105381.46331787109375, 105407.50347900390625 ], [ 105277.73388671875, 105505.76593017578125 ], [ 105167.215087890625, 105620.03167724609375 ], [ 105096.03009033203125, 105663.12152099609375 ], [ 105017.46990966796875, 105705.07110595703125 ], [ 104903.09051513671875, 105766.1448974609375 ], [ 104733.5546875, 105859.80609130859375 ], [ 104606.17388916015625, 105925.37109375 ], [ 104460.06671142578125, 106007.7896728515625 ], [ 104437.5869140625, 105987.18511962890625 ], [ 104407.61627197265625, 106004.04888916015625 ], [ 104370.1470947265625, 106049.00909423828125 ], [ 104323.31451416015625, 106088.347900390625 ], [ 104156.60009765625, 106185.7501220703125 ], [ 103967.4058837890625, 106286.903076171875 ], [ 103815.6724853515625, 106371.20208740234375 ], [ 103678.9202880859375, 106442.3883056640625 ], [ 103618.63287353515625, 106475.18572998046875 ], [ 103596.71392822265625, 106487.1082763671875 ] ] ] ] } },
{ "type": "Feature", "properties": { "ID": "151", "CIRCUITO_N": 151, "COMUNA": 14, "BARRIO": "PALERMO", "TOTAL": 24655.0, "MASCULINO": 11170.0, "FEMENINO": 13485.0, "PERIMETRO": 5415.1950003299999, "AREA": 1597314.3083899999 }, "geometry": { "type": "MultiPolygon", "coordinates": [ [ [ [ 105017.46990966796875, 105705.07110595703125 ], [ 104957.4876708984375, 105583.28350830078125 ], [ 104852.57867431640625, 105370.60528564453125 ], [ 104789.626708984375, 105243.7664794921875 ], [ 104580.28692626953125, 105077.8187255859375 ], [ 104343.9879150390625, 104891.9866943359375 ], [ 104237.494873046875, 104979.95648193359375 ], [ 103876.85089111328125, 105280.69488525390625 ], [ 103792.2686767578125, 105351.18072509765625 ], [ 103644.2476806640625, 105475.7091064453125 ], [ 103573.763671875, 105541.493896484375 ], [ 103515.0189208984375, 105586.13409423828125 ], [ 103491.5242919921875, 105614.33050537109375 ], [ 103425.74267578125, 105649.5684814453125 ], [ 103373.548095703125, 105667.51251220703125 ], [ 103350.55670166015625, 105675.414306640625 ], [ 103244.83087158203125, 105717.70391845703125 ], [ 103174.79248046875, 105787.73968505859375 ], [ 103134.40289306640625, 105828.12890625 ], [ 103001.65167236328125, 105976.15252685546875 ], [ 102926.548095703125, 106057.35089111328125 ], [ 102914.72650146484375, 106070.1339111328125 ], [ 102910.85791015625, 106074.485107421875 ], [ 103062.17828369140625, 106131.847900390625 ], [ 103105.1583251953125, 106149.50189208984375 ], [ 103175.4688720703125, 106187.2802734375 ], [ 103300.63067626953125, 106260.35687255859375 ], [ 103562.494873046875, 106435.27667236328125 ], [ 103596.71392822265625, 106487.1082763671875 ], [ 103618.63287353515625, 106475.18572998046875 ], [ 103678.9202880859375, 106442.3883056640625 ], [ 103815.6724853515625, 106371.20208740234375 ], [ 103967.4058837890625, 106286.903076171875 ], [ 104156.60009765625, 106185.7501220703125 ], [ 104323.31451416015625, 106088.347900390625 ], [ 104370.1470947265625, 106049.00909423828125 ], [ 104407.61627197265625, 106004.04888916015625 ], [ 104437.5869140625, 105987.18511962890625 ], [ 104460.06671142578125, 106007.7896728515625 ], [ 104606.17388916015625, 105925.37109375 ], [ 104733.5546875, 105859.80609130859375 ], [ 104903.09051513671875, 105766.1448974609375 ], [ 105017.46990966796875, 105705.07110595703125 ] ] ] ] } },
{ "type": "Feature", "properties": { "ID": "152", "CIRCUITO_N": 152, "COMUNA": 14, "BARRIO": "PALERMO", "TOTAL": 20270.0, "MASCULINO": 8887.0, "FEMENINO": 11383.0, "PERIMETRO": 3317.0333574900001, "AREA": 569756.67187099997 }, "geometry": { "type": "MultiPolygon", "coordinates": [ [ [ [ 105242.2445068359375, 105080.31927490234375 ], [ 105241.98870849609375, 105080.31927490234375 ], [ 105220.62249755859375, 105039.4600830078125 ], [ 105106.32550048828125, 104845.936279296875 ], [ 104883.38232421875, 104461.89910888671875 ], [ 104665.1085205078125, 104634.57830810546875 ], [ 104519.4384765625, 104754.405517578125 ], [ 104345.57171630859375, 104890.67633056640625 ], [ 104343.9879150390625, 104891.9866943359375 ], [ 104580.28692626953125, 105077.8187255859375 ], [ 104789.626708984375, 105243.7664794921875 ], [ 104852.57867431640625, 105370.60528564453125 ], [ 104957.4876708984375, 105583.28350830078125 ], [ 105017.46990966796875, 105705.07110595703125 ], [ 105096.03009033203125, 105663.12152099609375 ], [ 105167.215087890625, 105620.03167724609375 ], [ 105277.73388671875, 105505.76593017578125 ], [ 105381.46331787109375, 105407.50347900390625 ], [ 105336.4208984375, 105300.6793212890625 ], [ 105331.60308837890625, 105289.2667236328125 ], [ 105242.2445068359375, 105080.31927490234375 ] ] ] ] } },
{ "type": "Feature", "properties": { "ID": "153", "CIRCUITO_N": 153, "COMUNA": 14, "BARRIO": "PALERMO", "TOTAL": 24918.0, "MASCULINO": 10938.0, "FEMENINO": 13980.0, "PERIMETRO": 3047.3951235, "AREA": 538123.036127 }, "geometry": { "type": "MultiPolygon", "coordinates": [ [ [ [ 104883.38232421875, 104461.89910888671875 ], [ 104881.6251220703125, 104458.87847900390625 ], [ 104880.8992919921875, 104457.84808349609375 ], [ 104673.2589111328125, 104162.7313232421875 ], [ 104486.7786865234375, 103904.772705078125 ], [ 104335.037109375, 104046.44488525390625 ], [ 104244.63067626953125, 104128.343505859375 ], [ 104062.76190185546875, 104264.47430419921875 ], [ 103948.96807861328125, 104348.4932861328125 ], [ 103843.67132568359375, 104392.103271484375 ], [ 103744.66888427734375, 104436.6533203125 ], [ 103770.10211181640625, 104456.93792724609375 ], [ 103770.555908203125, 104457.34808349609375 ], [ 103803.47967529296875, 104486.50469970703125 ], [ 103834.95147705078125, 104508.439697265625 ], [ 104082.4453125, 104696.32232666015625 ], [ 104341.381103515625, 104889.936279296875 ], [ 104343.9879150390625, 104891.9866943359375 ], [ 104345.57171630859375, 104890.67633056640625 ], [ 104519.4384765625, 104754.405517578125 ], [ 104665.1085205078125, 104634.57830810546875 ], [ 104883.38232421875, 104461.89910888671875 ] ] ] ] } },
{ "type": "Feature", "properties": { "ID": "154", "CIRCUITO_N": 154, "COMUNA": 14, "BARRIO": "PALERMO", "TOTAL": 27373.0, "MASCULINO": 12362.0, "FEMENINO": 15011.0, "PERIMETRO": 3649.4268975599998, "AREA": 764059.72938799998 }, "geometry": { "type": "MultiPolygon", "coordinates": [ [ [ [ 102991.62847900390625, 105201.62689208984375 ], [ 103052.65850830078125, 105256.29931640625 ], [ 103143.62591552734375, 105356.83209228515625 ], [ 103186.71307373046875, 105404.712890625 ], [ 103232.67108154296875, 105465.99688720703125 ], [ 103373.548095703125, 105667.51251220703125 ], [ 103425.74267578125, 105649.5684814453125 ], [ 103491.5242919921875, 105614.33050537109375 ], [ 103515.0189208984375, 105586.13409423828125 ], [ 103573.763671875, 105541.493896484375 ], [ 103644.2476806640625, 105475.7091064453125 ], [ 103792.2686767578125, 105351.18072509765625 ], [ 103876.85089111328125, 105280.69488525390625 ], [ 104237.494873046875, 104979.95648193359375 ], [ 104343.9879150390625, 104891.9866943359375 ], [ 104341.381103515625, 104889.936279296875 ], [ 104082.4453125, 104696.32232666015625 ], [ 103834.95147705078125, 104508.439697265625 ], [ 103803.47967529296875, 104486.50469970703125 ], [ 103770.555908203125, 104457.34808349609375 ], [ 103597.365478515625, 104621.5352783203125 ], [ 103417.773681640625, 104793.5042724609375 ], [ 103274.02587890625, 104930.94549560546875 ], [ 103111.35369873046875, 105086.97088623046875 ], [ 102991.62847900390625, 105201.62689208984375 ] ] ] ] } },
{ "type": "Feature", "properties": { "ID": "155", "CIRCUITO_N": 155, "COMUNA": 14, "BARRIO": "PALERMO", "TOTAL": 23252.0, "MASCULINO": 11303.0, "FEMENINO": 11949.0, "PERIMETRO": 5562.4087170800003, "AREA": 1416850.18111 }, "geometry": { "type": "MultiPolygon", "coordinates": [ [ [ [ 102298.66107177734375, 104482.8939208984375 ], [ 102297.143310546875, 104484.11407470703125 ], [ 102271.85028076171875, 104503.85870361328125 ], [ 102010.08489990234375, 104713.32611083984375 ], [ 101697.79132080078125, 104964.7830810546875 ], [ 101734.72430419921875, 105110.88629150390625 ], [ 101729.073486328125, 105113.7069091796875 ], [ 101822.07012939453125, 105267.41168212890625 ], [ 102143.10009765625, 105628.22369384765625 ], [ 102053.2216796875, 105710.40228271484375 ], [ 101966.9976806640625, 105823.96807861328125 ], [ 101873.45648193359375, 105900.455322265625 ], [ 101770.74169921875, 105980.073486328125 ], [ 101810.05072021484375, 106027.3240966796875 ], [ 101812.76470947265625, 106030.59490966796875 ], [ 101855.32391357421875, 106007.7896728515625 ], [ 101922.7554931640625, 105975.9525146484375 ], [ 102008.92987060546875, 105942.23492431640625 ], [ 102080.106689453125, 105921.630126953125 ], [ 102181.2623291015625, 105901.0155029296875 ], [ 102244.95672607421875, 105895.404296875 ], [ 102338.6217041015625, 105895.404296875 ], [ 102411.67108154296875, 105904.76629638671875 ], [ 102482.8563232421875, 105916.0089111328125 ], [ 102606.49169921875, 105955.347900390625 ], [ 102688.9127197265625, 105983.44427490234375 ], [ 102793.8134765625, 106015.29132080078125 ], [ 102889.35107421875, 106045.25811767578125 ], [ 102926.548095703125, 106057.35089111328125 ], [ 103001.65167236328125, 105976.15252685546875 ], [ 103134.40289306640625, 105828.12890625 ], [ 103174.79248046875, 105787.73968505859375 ], [ 103244.83087158203125, 105717.70391845703125 ], [ 103350.55670166015625, 105675.414306640625 ], [ 103373.548095703125, 105667.51251220703125 ], [ 103232.67108154296875, 105465.99688720703125 ], [ 103186.71307373046875, 105404.712890625 ], [ 103143.62591552734375, 105356.83209228515625 ], [ 103052.65850830078125, 105256.29931640625 ], [ 102991.62847900390625, 105201.62689208984375 ], [ 102900.8839111328125, 105120.3284912109375 ], [ 102743.84613037109375, 104981.4769287109375 ], [ 102532.7081298828125, 104791.8839111328125 ], [ 102442.69769287109375, 104712.4058837890625 ], [ 102329.23388671875, 104611.87310791015625 ], [ 102333.0615234375, 104606.12188720703125 ], [ 102298.66107177734375, 104482.8939208984375 ] ] ] ] } },
{ "type": "Feature", "properties": { "ID": "156", "CIRCUITO_N": 156, "COMUNA": 14, "BARRIO": "PALERMO", "TOTAL": 11998.0, "MASCULINO": 5847.0, "FEMENINO": 6151.0, "PERIMETRO": 3987.4169505700002, "AREA": 1005586.93535 }, "geometry": { "type": "MultiPolygon", "coordinates": [ [ [ [ 103050.662109375, 103878.6968994140625 ], [ 102945.0352783203125, 103960.11529541015625 ], [ 102941.4136962890625, 103963.05609130859375 ], [ 102838.6990966796875, 104046.48492431640625 ], [ 102571.14251708984375, 104263.78411865234375 ], [ 102298.66107177734375, 104482.8939208984375 ], [ 102333.0615234375, 104606.12188720703125 ], [ 102329.23388671875, 104611.87310791015625 ], [ 102442.69769287109375, 104712.4058837890625 ], [ 102532.7081298828125, 104791.8839111328125 ], [ 102743.84613037109375, 104981.4769287109375 ], [ 102900.8839111328125, 105120.3284912109375 ], [ 102991.62847900390625, 105201.62689208984375 ], [ 103111.35369873046875, 105086.97088623046875 ], [ 103274.02587890625, 104930.94549560546875 ], [ 103417.773681640625, 104793.5042724609375 ], [ 103597.365478515625, 104621.5352783203125 ], [ 103770.555908203125, 104457.34808349609375 ], [ 103770.10211181640625, 104456.93792724609375 ], [ 103744.66888427734375, 104436.6533203125 ], [ 103517.84027099609375, 104255.7022705078125 ], [ 103234.10650634765625, 104027.77069091796875 ], [ 103050.662109375, 103878.6968994140625 ] ] ] ] } },
{ "type": "Feature", "properties": { "ID": "157", "CIRCUITO_N": 157, "COMUNA": 14, "BARRIO": "PALERMO", "TOTAL": 15921.0, "MASCULINO": 7630.0, "FEMENINO": 8291.0, "PERIMETRO": 3658.9382995800001, "AREA": 854185.42493600002 }, "geometry": { "type": "MultiPolygon", "coordinates": [ [ [ [ 104486.7786865234375, 103904.772705078125 ], [ 104485.47528076171875, 103902.9622802734375 ], [ 104382.867919921875, 103610.72607421875 ], [ 104338.77410888671875, 103483.957275390625 ], [ 104068.4622802734375, 103491.08892822265625 ], [ 103956.219482421875, 103494.0496826171875 ], [ 103809.0894775390625, 103497.93048095703125 ], [ 103703.5286865234375, 103500.18109130859375 ], [ 103663.4359130859375, 103495.56988525390625 ], [ 103648.2156982421875, 103508.89288330078125 ], [ 103527.50048828125, 103571.997314453125 ], [ 103419.4071044921875, 103622.47869873046875 ], [ 103343.78387451171875, 103661.37750244140625 ], [ 103340.48388671875, 103663.578125 ], [ 103328.20050048828125, 103671.7698974609375 ], [ 103132.06829833984375, 103815.94268798828125 ], [ 103050.662109375, 103878.6968994140625 ], [ 103234.10650634765625, 104027.77069091796875 ], [ 103517.84027099609375, 104255.7022705078125 ], [ 103744.66888427734375, 104436.6533203125 ], [ 103843.67132568359375, 104392.103271484375 ], [ 103948.96807861328125, 104348.4932861328125 ], [ 104062.76190185546875, 104264.47430419921875 ], [ 104244.63067626953125, 104128.343505859375 ], [ 104335.037109375, 104046.44488525390625 ], [ 104486.7786865234375, 103904.772705078125 ] ] ] ] } },
{ "type": "Feature", "properties": { "ID": "158", "CIRCUITO_N": 158, "COMUNA": 15, "BARRIO": "VILLA CRESPO", "TOTAL": 19488.0, "MASCULINO": 9140.0, "FEMENINO": 10348.0, "PERIMETRO": 3878.31856457, "AREA": 742959.55238200002 }, "geometry": { "type": "MultiPolygon", "coordinates": [ [ [ [ 103663.4359130859375, 103495.56988525390625 ], [ 103627.81451416015625, 103487.38812255859375 ], [ 103393.0662841796875, 103481.45672607421875 ], [ 103380.9478759765625, 103478.6561279296875 ], [ 103368.92010498046875, 103478.16607666015625 ], [ 103348.073486328125, 103473.77508544921875 ], [ 103250.95208740234375, 103428.23468017578125 ], [ 103131.3341064453125, 103362.38970947265625 ], [ 103107.18768310546875, 103344.82568359375 ], [ 103028.701904296875, 103259.24627685546875 ], [ 103026.52392578125, 103257.035888671875 ], [ 102854.67010498046875, 103018.87188720703125 ], [ 102854.26593017578125, 103018.32171630859375 ], [ 102555.18792724609375, 103139.1890869140625 ], [ 102245.58367919921875, 103260.5966796875 ], [ 102078.6383056640625, 103451.82012939453125 ], [ 102076.410888671875, 103454.3306884765625 ], [ 102089.65972900390625, 103467.58367919921875 ], [ 102196.8291015625, 103552.3228759765625 ], [ 102386.22967529296875, 103696.86572265625 ], [ 102588.103515625, 103853.88128662109375 ], [ 102690.2821044921875, 103936.119873046875 ], [ 102838.6990966796875, 104046.48492431640625 ], [ 102941.4136962890625, 103963.05609130859375 ], [ 102945.0352783203125, 103960.11529541015625 ], [ 103050.662109375, 103878.6968994140625 ], [ 103132.06829833984375, 103815.94268798828125 ], [ 103328.20050048828125, 103671.7698974609375 ], [ 103340.48388671875, 103663.578125 ], [ 103343.78387451171875, 103661.37750244140625 ], [ 103419.4071044921875, 103622.47869873046875 ], [ 103527.50048828125, 103571.997314453125 ], [ 103648.2156982421875, 103508.89288330078125 ], [ 103663.4359130859375, 103495.56988525390625 ] ] ] ] } },
{ "type": "Feature", "properties": { "ID": "159", "CIRCUITO_N": 159, "COMUNA": 15, "BARRIO": "VILLA CRESPO", "TOTAL": 12238.0, "MASCULINO": 5857.0, "FEMENINO": 6381.0, "PERIMETRO": 3384.28765896, "AREA": 690945.49552400003 }, "geometry": { "type": "MultiPolygon", "coordinates": [ [ [ [ 102076.410888671875, 103454.3306884765625 ], [ 101932.9437255859375, 103615.7373046875 ], [ 101793.3206787109375, 103770.53228759765625 ], [ 101659.7611083984375, 103916.2354736328125 ], [ 101525.1455078125, 104071.56048583984375 ], [ 101525.58270263671875, 104071.81072998046875 ], [ 101528.1812744140625, 104073.31109619140625 ], [ 101530.771484375, 104074.8212890625 ], [ 101533.37030029296875, 104076.32171630859375 ], [ 101535.96868896484375, 104077.83209228515625 ], [ 101538.55908203125, 104079.332275390625 ], [ 101541.15771484375, 104080.83270263671875 ], [ 101543.75628662109375, 104082.3331298828125 ], [ 101546.3466796875, 104083.84332275390625 ], [ 101548.9453125, 104085.34368896484375 ], [ 101551.54388427734375, 104086.8441162109375 ], [ 101554.14251708984375, 104088.344482421875 ], [ 101556.7410888671875, 104089.8447265625 ], [ 101559.33148193359375, 104091.3551025390625 ], [ 101561.93011474609375, 104092.85552978515625 ], [ 101564.5286865234375, 104094.355712890625 ], [ 101567.1273193359375, 104095.8560791015625 ], [ 101569.72589111328125, 104097.35650634765625 ], [ 101572.32427978515625, 104098.856689453125 ], [ 101574.923095703125, 104100.35711669921875 ], [ 101577.521484375, 104101.85748291015625 ], [ 101580.11187744140625, 104103.35791015625 ], [ 101582.71051025390625, 104104.85809326171875 ], [ 101585.30908203125, 104106.3585205078125 ], [ 101587.90771484375, 104107.85888671875 ], [ 101590.50628662109375, 104109.359130859375 ], [ 101593.10491943359375, 104110.8594970703125 ], [ 101595.7034912109375, 104112.35992431640625 ], [ 101598.3021240234375, 104113.86029052734375 ], [ 101600.90069580078125, 104115.3604736328125 ], [ 101603.49932861328125, 104116.86090087890625 ], [ 101606.097900390625, 104118.361083984375 ], [ 101608.69647216796875, 104119.86151123046875 ], [ 101611.28692626953125, 104121.36187744140625 ], [ 101613.885498046875, 104122.8623046875 ], [ 101616.484130859375, 104124.36248779296875 ], [ 101619.08270263671875, 104125.8629150390625 ], [ 101621.6812744140625, 104127.36328125 ], [ 101624.2799072265625, 104128.863525390625 ], [ 101626.87847900390625, 104130.3638916015625 ], [ 101629.46868896484375, 104131.86431884765625 ], [ 101632.06732177734375, 104133.36468505859375 ], [ 101634.66607666015625, 104134.86492919921875 ], [ 101637.2645263671875, 104136.37530517578125 ], [ 101639.86328125, 104137.87567138671875 ], [ 101642.4534912109375, 104139.37591552734375 ], [ 101645.0521240234375, 104140.87628173828125 ], [ 101647.65069580078125, 104142.38671875 ], [ 101650.2410888671875, 104143.8870849609375 ], [ 101652.8397216796875, 104145.3873291015625 ], [ 101655.43829345703125, 104146.8876953125 ], [ 101658.0286865234375, 104148.39788818359375 ], [ 101660.6270751953125, 104149.8983154296875 ], [ 101663.22589111328125, 104151.40869140625 ], [ 101665.81610107421875, 104152.90911865234375 ], [ 101668.4146728515625, 104154.4193115234375 ], [ 101671.005126953125, 104155.919677734375 ], [ 101673.60369873046875, 104157.43011474609375 ], [ 101676.194091796875, 104158.93048095703125 ], [ 101678.792724609375, 104160.440673828125 ], [ 101681.39129638671875, 104161.94110107421875 ], [ 101683.98150634765625, 104163.45147705078125 ], [ 101686.580078125, 104164.95172119140625 ], [ 101689.17047119140625, 104166.46209716796875 ], [ 101691.76910400390625, 104167.9625244140625 ], [ 101694.3594970703125, 104169.472900390625 ], [ 101696.9581298828125, 104170.97308349609375 ], [ 101699.54827880859375, 104172.4835205078125 ], [ 101702.1470947265625, 104173.993896484375 ], [ 101704.7373046875, 104175.49407958984375 ], [ 101707.33587646484375, 104177.0045166015625 ], [ 101709.92633056640625, 104178.5048828125 ], [ 101712.52490234375, 104180.01507568359375 ], [ 101715.11529541015625, 104181.5255126953125 ], [ 101717.71392822265625, 104183.02587890625 ], [ 101720.3040771484375, 104184.53631591796875 ], [ 101722.90289306640625, 104186.0364990234375 ], [ 101725.49310302734375, 104187.546875 ], [ 101728.08349609375, 104189.05731201171875 ], [ 101730.68212890625, 104190.55767822265625 ], [ 101733.27252197265625, 104192.06787109375 ], [ 101735.87109375, 104193.56829833984375 ], [ 101738.4613037109375, 104195.07867431640625 ], [ 101741.05987548828125, 104196.57891845703125 ], [ 101743.65032958984375, 104198.08929443359375 ], [ 101746.2489013671875, 104199.59967041015625 ], [ 101748.83929443359375, 104201.09991455078125 ], [ 101751.43792724609375, 104202.61029052734375 ], [ 101754.0364990234375, 104204.1107177734375 ], [ 101756.62689208984375, 104205.62109375 ], [ 101759.22528076171875, 104207.12127685546875 ], [ 101761.815673828125, 104208.6317138671875 ], [ 101764.414306640625, 104210.132080078125 ], [ 101767.00469970703125, 104211.64227294921875 ], [ 101769.603271484375, 104213.1427001953125 ], [ 101772.201904296875, 104214.64312744140625 ], [ 101774.79229736328125, 104216.1533203125 ], [ 101777.39093017578125, 104217.6536865234375 ], [ 101779.989501953125, 104219.15411376953125 ], [ 101782.58807373046875, 104220.65447998046875 ], [ 101785.18670654296875, 104222.15472412109375 ], [ 101787.77691650390625, 104223.65509033203125 ], [ 101790.37548828125, 104225.16552734375 ], [ 101792.97412109375, 104226.66571044921875 ], [ 101795.57269287109375, 104228.16607666015625 ], [ 101798.17132568359375, 104229.66650390625 ], [ 101800.76171875, 104231.16668701171875 ], [ 101803.36029052734375, 104232.6671142578125 ], [ 101805.95892333984375, 104234.177490234375 ], [ 101808.54931640625, 104235.67791748046875 ], [ 101811.14788818359375, 104237.1781005859375 ], [ 101813.74652099609375, 104238.6884765625 ], [ 101816.33673095703125, 104240.19891357421875 ], [ 101818.9271240234375, 104241.69927978515625 ], [ 101821.52569580078125, 104243.20947265625 ], [ 101824.1160888671875, 104244.71990966796875 ], [ 101826.70648193359375, 104246.23028564453125 ], [ 101829.30511474609375, 104247.740478515625 ], [ 101831.89532470703125, 104249.25091552734375 ], [ 101834.4857177734375, 104250.76129150390625 ], [ 101837.07611083984375, 104252.271484375 ], [ 101839.66650390625, 104253.78192138671875 ], [ 101842.26507568359375, 104255.29229736328125 ], [ 101844.85528564453125, 104256.80267333984375 ], [ 101847.4456787109375, 104258.30291748046875 ], [ 101850.0443115234375, 104259.81329345703125 ], [ 101852.63470458984375, 104261.32373046875 ], [ 101855.2332763671875, 104262.82391357421875 ], [ 101857.823486328125, 104264.33428955078125 ], [ 101860.41387939453125, 104265.8447265625 ], [ 101863.01251220703125, 104267.3450927734375 ], [ 101865.611083984375, 104268.85528564453125 ], [ 101868.20147705078125, 104270.36572265625 ], [ 101870.79168701171875, 104271.8660888671875 ], [ 101873.3905029296875, 104273.37628173828125 ], [ 101875.98907470703125, 104274.876708984375 ], [ 101878.57928466796875, 104276.3870849609375 ], [ 101881.17791748046875, 104277.8873291015625 ], [ 101883.768310546875, 104279.397705078125 ], [ 101886.36688232421875, 104280.8980712890625 ], [ 101888.957275390625, 104282.40850830078125 ], [ 101891.555908203125, 104283.918701171875 ], [ 101894.14630126953125, 104285.41912841796875 ], [ 101896.744873046875, 104286.92950439453125 ], [ 101899.3350830078125, 104288.4296875 ], [ 101901.92547607421875, 104289.94012451171875 ], [ 101904.52410888671875, 104291.45050048828125 ], [ 101907.114501953125, 104292.95068359375 ], [ 101909.71307373046875, 104294.46112060546875 ], [ 101912.30328369140625, 104295.97149658203125 ], [ 101914.90191650390625, 104297.48187255859375 ], [ 101917.4923095703125, 104298.98211669921875 ], [ 101920.08270263671875, 104300.49249267578125 ], [ 101922.673095703125, 104302.0029296875 ], [ 101925.271484375, 104303.51312255859375 ], [ 101927.86187744140625, 104305.02349853515625 ], [ 101930.4522705078125, 104306.53387451171875 ], [ 101933.042724609375, 104308.0443115234375 ], [ 101935.63287353515625, 104309.55450439453125 ], [ 101938.22332763671875, 104311.06488037109375 ], [ 101940.8218994140625, 104312.5753173828125 ], [ 101943.41229248046875, 104314.095703125 ], [ 101946.002685546875, 104315.60589599609375 ], [ 101948.59307861328125, 104317.11627197265625 ], [ 101951.17510986328125, 104318.63671875 ], [ 101953.7655029296875, 104320.14691162109375 ], [ 101956.355712890625, 104321.65728759765625 ], [ 101958.94610595703125, 104323.17767333984375 ], [ 101961.5364990234375, 104324.68792724609375 ], [ 101964.12689208984375, 104326.20831298828125 ], [ 101966.71710205078125, 104327.71868896484375 ], [ 101969.3074951171875, 104329.23907470703125 ], [ 101971.88970947265625, 104330.74932861328125 ], [ 101974.47991943359375, 104332.26971435546875 ], [ 101977.0703125, 104333.78009033203125 ], [ 101979.66070556640625, 104335.30047607421875 ], [ 101982.2510986328125, 104336.81072998046875 ], [ 101984.84130859375, 104338.33111572265625 ], [ 101987.42352294921875, 104339.84149169921875 ], [ 101990.013671875, 104341.36187744140625 ], [ 101992.6041259765625, 104342.8720703125 ], [ 101995.19451904296875, 104344.39251708984375 ], [ 101997.784912109375, 104345.90289306640625 ], [ 102000.3751220703125, 104347.423095703125 ], [ 102004.6815185546875, 104349.9337158203125 ], [ 102007.271728515625, 104351.444091796875 ], [ 102009.86212158203125, 104352.95428466796875 ], [ 102012.4525146484375, 104354.4647216796875 ], [ 102015.04290771484375, 104355.985107421875 ], [ 102017.63311767578125, 104357.4954833984375 ], [ 102020.2235107421875, 104359.00567626953125 ], [ 102022.81390380859375, 104360.51611328125 ], [ 102025.4124755859375, 104362.0264892578125 ], [ 102028.002685546875, 104363.53668212890625 ], [ 102030.59307861328125, 104365.047119140625 ], [ 102033.1834716796875, 104366.5574951171875 ], [ 102035.7821044921875, 104368.06787109375 ], [ 102038.37249755859375, 104369.568115234375 ], [ 102040.97113037109375, 104371.0684814453125 ], [ 102043.5697021484375, 104372.57891845703125 ], [ 102046.16827392578125, 104374.07928466796875 ], [ 102048.75848388671875, 104375.57952880859375 ], [ 102051.35711669921875, 104377.07989501953125 ], [ 102053.9556884765625, 104378.580322265625 ], [ 102056.5543212890625, 104380.08050537109375 ], [ 102059.153076171875, 104381.5709228515625 ], [ 102061.7598876953125, 104383.0712890625 ], [ 102064.3585205078125, 104384.57147216796875 ], [ 102066.95709228515625, 104386.0618896484375 ], [ 102069.55548095703125, 104387.56231689453125 ], [ 102072.154296875, 104389.06268310546875 ], [ 102074.752685546875, 104390.56292724609375 ], [ 102077.35150146484375, 104392.05328369140625 ], [ 102079.9500732421875, 104393.5537109375 ], [ 102082.54852294921875, 104395.05389404296875 ], [ 102085.14727783203125, 104396.5543212890625 ], [ 102087.7457275390625, 104398.0546875 ], [ 102090.344482421875, 104399.55487060546875 ], [ 102092.94287109375, 104401.0552978515625 ], [ 102095.54168701171875, 104402.55572509765625 ], [ 102098.14007568359375, 104404.05609130859375 ], [ 102100.73870849609375, 104405.5562744140625 ], [ 102103.3372802734375, 104407.05670166015625 ], [ 102105.92767333984375, 104408.556884765625 ], [ 102108.52630615234375, 104410.05731201171875 ], [ 102111.1248779296875, 104411.55767822265625 ], [ 102113.7235107421875, 104413.05810546875 ], [ 102116.32208251953125, 104414.55828857421875 ], [ 102118.92071533203125, 104416.0687255859375 ], [ 102121.5111083984375, 104417.569091796875 ], [ 102124.10968017578125, 104419.06927490234375 ], [ 102126.70831298828125, 104420.5697021484375 ], [ 102129.306884765625, 104422.07012939453125 ], [ 102131.905517578125, 104423.57049560546875 ], [ 102134.4957275390625, 104425.0706787109375 ], [ 102137.094482421875, 104426.57110595703125 ], [ 102139.69287109375, 104428.08148193359375 ], [ 102142.29150390625, 104429.58172607421875 ], [ 102144.89007568359375, 104431.08209228515625 ], [ 102147.48052978515625, 104432.58251953125 ], [ 102150.0791015625, 104434.0828857421875 ], [ 102152.67767333984375, 104435.5831298828125 ], [ 102155.27630615234375, 104437.093505859375 ], [ 102157.86669921875, 104438.5938720703125 ], [ 102160.46527099609375, 104440.0941162109375 ], [ 102163.06390380859375, 104441.594482421875 ], [ 102165.6624755859375, 104443.09490966796875 ], [ 102168.2611083984375, 104444.59527587890625 ], [ 102170.85150146484375, 104446.10552978515625 ], [ 102173.4500732421875, 104447.61590576171875 ], [ 102176.040283203125, 104449.1160888671875 ], [ 102178.63067626953125, 104450.62652587890625 ], [ 102181.22930908203125, 104452.13690185546875 ], [ 102183.8197021484375, 104453.64727783203125 ], [ 102186.409912109375, 104455.157470703125 ], [ 102189.00030517578125, 104456.66790771484375 ], [ 102191.5906982421875, 104458.17828369140625 ], [ 102194.18927001953125, 104459.688720703125 ], [ 102196.77947998046875, 104461.19891357421875 ], [ 102199.3782958984375, 104462.69927978515625 ], [ 102201.9766845703125, 104464.19970703125 ], [ 102204.57550048828125, 104465.7000732421875 ], [ 102207.17388916015625, 104467.2003173828125 ], [ 102209.772705078125, 104468.690673828125 ], [ 102212.3795166015625, 104470.18109130859375 ], [ 102214.986328125, 104471.66131591796875 ], [ 102217.601318359375, 104473.1417236328125 ], [ 102220.20831298828125, 104474.61187744140625 ], [ 102222.82330322265625, 104476.082275390625 ], [ 102225.44671630859375, 104477.55267333984375 ], [ 102228.06170654296875, 104479.01287841796875 ], [ 102230.68511962890625, 104480.47332763671875 ], [ 102233.30029296875, 104481.9337158203125 ], [ 102235.92352294921875, 104483.38409423828125 ], [ 102238.55511474609375, 104484.83428955078125 ], [ 102241.17852783203125, 104486.294677734375 ], [ 102243.8018798828125, 104487.744873046875 ], [ 102246.42529296875, 104489.1953125 ], [ 102249.056884765625, 104490.64569091796875 ], [ 102251.68011474609375, 104492.09588623046875 ], [ 102254.30352783203125, 104493.54632568359375 ], [ 102256.93511962890625, 104494.9967041015625 ], [ 102259.55828857421875, 104496.4468994140625 ], [ 102262.18170166015625, 104497.90728759765625 ], [ 102271.85028076171875, 104503.85870361328125 ], [ 102297.143310546875, 104484.11407470703125 ], [ 102298.66107177734375, 104482.8939208984375 ], [ 102571.14251708984375, 104263.78411865234375 ], [ 102838.6990966796875, 104046.48492431640625 ], [ 102690.2821044921875, 103936.119873046875 ], [ 102588.103515625, 103853.88128662109375 ], [ 102386.22967529296875, 103696.86572265625 ], [ 102196.8291015625, 103552.3228759765625 ], [ 102089.65972900390625, 103467.58367919921875 ], [ 102076.410888671875, 103454.3306884765625 ] ] ] ] } },
{ "type": "Feature", "properties": { "ID": "160", "CIRCUITO_N": 160, "COMUNA": 15, "BARRIO": "VILLA CRESPO", "TOTAL": 23031.0, "MASCULINO": 10872.0, "FEMENINO": 12159.0, "PERIMETRO": 5113.7061256899997, "AREA": 1034522.12291 }, "geometry": { "type": "MultiPolygon", "coordinates": [ [ [ [ 102854.26593017578125, 103018.32171630859375 ], [ 102848.74688720703125, 103010.66009521484375 ], [ 102748.32568359375, 102949.75628662109375 ], [ 102581.91650390625, 102849.26348876953125 ], [ 102564.5098876953125, 102838.37091064453125 ], [ 102396.846923828125, 102742.24908447265625 ], [ 102351.8209228515625, 102765.83447265625 ], [ 102260.76287841796875, 102823.50750732421875 ], [ 102151.48968505859375, 102881.18072509765625 ], [ 101942.05108642578125, 102981.34332275390625 ], [ 101832.778076171875, 103042.05712890625 ], [ 101687.08349609375, 103099.73028564453125 ], [ 101559.59527587890625, 103154.36248779296875 ], [ 101426.04412841796875, 103208.994873046875 ], [ 101325.87847900390625, 103245.42327880859375 ], [ 101131.618896484375, 103327.37188720703125 ], [ 100931.2877197265625, 103406.2896728515625 ], [ 100730.94830322265625, 103482.1768798828125 ], [ 100719.44012451171875, 103488.65850830078125 ], [ 100877.1461181640625, 103623.28887939453125 ], [ 101071.94189453125, 103786.4459228515625 ], [ 101091.13031005859375, 103802.51947021484375 ], [ 101168.08990478515625, 103870.3848876953125 ], [ 101170.24310302734375, 103872.865478515625 ], [ 101172.957275390625, 103873.93572998046875 ], [ 101175.7620849609375, 103875.006103515625 ], [ 101178.55029296875, 103876.1063232421875 ], [ 101181.33868408203125, 103877.22650146484375 ], [ 101184.1104736328125, 103878.36688232421875 ], [ 101186.88232421875, 103879.51708984375 ], [ 101189.6458740234375, 103880.68731689453125 ], [ 101192.40130615234375, 103881.85748291015625 ], [ 101195.1649169921875, 103883.04791259765625 ], [ 101197.9202880859375, 103884.22808837890625 ], [ 101200.66729736328125, 103885.42828369140625 ], [ 101203.41448974609375, 103886.638671875 ], [ 101206.1533203125, 103887.868896484375 ], [ 101208.8839111328125, 103889.11932373046875 ], [ 101211.597900390625, 103890.3895263671875 ], [ 101214.3037109375, 103891.6796875 ], [ 101216.99310302734375, 103893.01007080078125 ], [ 101219.674072265625, 103894.3604736328125 ], [ 101222.33868408203125, 103895.730712890625 ], [ 101224.9951171875, 103897.131103515625 ], [ 101227.643310546875, 103898.55133056640625 ], [ 101230.27490234375, 103899.981689453125 ], [ 101232.906494140625, 103901.422119140625 ], [ 101235.52972412109375, 103902.872314453125 ], [ 101238.153076171875, 103904.32269287109375 ], [ 101240.7764892578125, 103905.7930908203125 ], [ 101243.3914794921875, 103907.2532958984375 ], [ 101246.0067138671875, 103908.73370361328125 ], [ 101248.613525390625, 103910.214111328125 ], [ 101251.21209716796875, 103911.70428466796875 ], [ 101253.81072998046875, 103913.2047119140625 ], [ 101256.4093017578125, 103914.715087890625 ], [ 101258.99969482421875, 103916.22528076171875 ], [ 101261.58990478515625, 103917.7457275390625 ], [ 101264.172119140625, 103919.256103515625 ], [ 101266.76251220703125, 103920.7764892578125 ], [ 101269.344482421875, 103922.30670166015625 ], [ 101271.92669677734375, 103923.82708740234375 ], [ 101274.50872802734375, 103925.35748291015625 ], [ 101277.09088134765625, 103926.877685546875 ], [ 101279.67291259765625, 103928.4080810546875 ], [ 101282.2548828125, 103929.9384765625 ], [ 101284.83709716796875, 103931.4688720703125 ], [ 101287.410888671875, 103933.00927734375 ], [ 101289.99310302734375, 103934.53948974609375 ], [ 101292.5750732421875, 103936.06988525390625 ], [ 101295.14892578125, 103937.60028076171875 ], [ 101297.7310791015625, 103939.1304931640625 ], [ 101300.3131103515625, 103940.660888671875 ], [ 101302.89532470703125, 103942.1912841796875 ], [ 101305.47747802734375, 103943.7216796875 ], [ 101308.05950927734375, 103945.24188232421875 ], [ 101310.6414794921875, 103946.77227783203125 ], [ 101313.22369384765625, 103948.292724609375 ], [ 101315.80572509765625, 103949.8228759765625 ], [ 101318.38787841796875, 103951.34332275390625 ], [ 101320.97808837890625, 103952.87371826171875 ], [ 101323.560302734375, 103954.39410400390625 ], [ 101326.14251708984375, 103955.92431640625 ], [ 101328.7244873046875, 103957.4447021484375 ], [ 101331.30670166015625, 103958.97509765625 ], [ 101333.888671875, 103960.4954833984375 ], [ 101336.47088623046875, 103962.02569580078125 ], [ 101339.06109619140625, 103963.54608154296875 ], [ 101341.643310546875, 103965.07647705078125 ], [ 101344.22528076171875, 103966.5966796875 ], [ 101346.8074951171875, 103968.11712646484375 ], [ 101349.3895263671875, 103969.64752197265625 ], [ 101351.9716796875, 103971.16790771484375 ], [ 101354.56207275390625, 103972.6981201171875 ], [ 101357.14410400390625, 103974.218505859375 ], [ 101359.72607421875, 103975.7489013671875 ], [ 101362.30828857421875, 103977.269287109375 ], [ 101364.89031982421875, 103978.78948974609375 ], [ 101367.480712890625, 103980.31988525390625 ], [ 101370.06292724609375, 103981.84027099609375 ], [ 101372.6448974609375, 103983.3604736328125 ], [ 101375.23529052734375, 103984.88092041015625 ], [ 101377.81732177734375, 103986.41131591796875 ], [ 101380.39947509765625, 103987.93170166015625 ], [ 101382.98968505859375, 103989.451904296875 ], [ 101385.5718994140625, 103990.9722900390625 ], [ 101388.15411376953125, 103992.49267578125 ], [ 101390.74432373046875, 103994.02288818359375 ], [ 101393.32647705078125, 103995.54327392578125 ], [ 101395.90850830078125, 103997.063720703125 ], [ 101398.4989013671875, 103998.5841064453125 ], [ 101400.48712158203125, 103999.5142822265625 ], [ 101403.51470947265625, 104001.25469970703125 ], [ 101406.11328125, 104002.744873046875 ], [ 101408.71173095703125, 104004.24530029296875 ], [ 101411.31048583984375, 104005.7457275390625 ], [ 101413.91729736328125, 104007.236083984375 ], [ 101416.51593017578125, 104008.736328125 ], [ 101419.114501953125, 104010.2266845703125 ], [ 101421.71307373046875, 104011.72711181640625 ], [ 101424.31170654296875, 104013.21728515625 ], [ 101426.9102783203125, 104014.71771240234375 ], [ 101429.51708984375, 104016.21807861328125 ], [ 101432.11572265625, 104017.70831298828125 ], [ 101434.71429443359375, 104019.20867919921875 ], [ 101437.31292724609375, 104020.6990966796875 ], [ 101439.9114990234375, 104022.19927978515625 ], [ 101442.51007080078125, 104023.69970703125 ], [ 101445.10870361328125, 104025.2000732421875 ], [ 101447.707275390625, 104026.69049072265625 ], [ 101450.3140869140625, 104028.190673828125 ], [ 101452.90447998046875, 104029.69110107421875 ], [ 101455.50311279296875, 104031.1915283203125 ], [ 101458.1016845703125, 104032.69171142578125 ], [ 101460.7003173828125, 104034.19207763671875 ], [ 101463.29888916015625, 104035.6925048828125 ], [ 101465.89752197265625, 104037.202880859375 ], [ 101468.4876708984375, 104038.703125 ], [ 101471.0863037109375, 104040.2034912109375 ], [ 101473.68487548828125, 104041.70391845703125 ], [ 101476.27532958984375, 104043.214111328125 ], [ 101478.8739013671875, 104044.7144775390625 ], [ 101481.47247314453125, 104046.21490478515625 ], [ 101484.06292724609375, 104047.72528076171875 ], [ 101486.6614990234375, 104049.22552490234375 ], [ 101489.26007080078125, 104050.73590087890625 ], [ 101491.85028076171875, 104052.236083984375 ], [ 101494.4490966796875, 104053.74652099609375 ], [ 101497.039306640625, 104055.24688720703125 ], [ 101499.63787841796875, 104056.75732421875 ], [ 101502.228271484375, 104058.25750732421875 ], [ 101504.826904296875, 104059.76788330078125 ], [ 101507.41729736328125, 104061.268310546875 ], [ 101510.01593017578125, 104062.7786865234375 ], [ 101512.614501953125, 104064.2789306640625 ], [ 101515.2047119140625, 104065.789306640625 ], [ 101517.80328369140625, 104067.2896728515625 ], [ 101520.3936767578125, 104068.7999267578125 ], [ 101522.9923095703125, 104070.30029296875 ], [ 101525.1455078125, 104071.56048583984375 ], [ 101659.7611083984375, 103916.2354736328125 ], [ 101793.3206787109375, 103770.53228759765625 ], [ 101932.9437255859375, 103615.7373046875 ], [ 102076.410888671875, 103454.3306884765625 ], [ 102078.6383056640625, 103451.82012939453125 ], [ 102245.58367919921875, 103260.5966796875 ], [ 102555.18792724609375, 103139.1890869140625 ], [ 102854.26593017578125, 103018.32171630859375 ] ] ] ] } },
{ "type": "Feature", "properties": { "ID": "161", "CIRCUITO_N": 161, "COMUNA": 15, "BARRIO": "VILLA CRESPO", "TOTAL": 20173.0, "MASCULINO": 9631.0, "FEMENINO": 10542.0, "PERIMETRO": 4846.3869246900003, "AREA": 1144949.8717100001 }, "geometry": { "type": "MultiPolygon", "coordinates": [ [ [ [ 102396.846923828125, 102742.24908447265625 ], [ 102396.05487060546875, 102741.799072265625 ], [ 102207.75970458984375, 102626.0828857421875 ], [ 102124.76129150390625, 102599.2567138671875 ], [ 101654.39892578125, 102447.2423095703125 ], [ 101617.43267822265625, 102430.67852783203125 ], [ 101564.8751220703125, 102402.35211181640625 ], [ 101564.53692626953125, 102402.45208740234375 ], [ 101151.0299072265625, 102526.7003173828125 ], [ 100442.718505859375, 102748.68048095703125 ], [ 100400.68707275390625, 102761.9434814453125 ], [ 100471.72369384765625, 102823.00750732421875 ], [ 100648.3870849609375, 103515.0142822265625 ], [ 100717.468505859375, 103486.96807861328125 ], [ 100719.44012451171875, 103488.65850830078125 ], [ 100730.94830322265625, 103482.1768798828125 ], [ 100931.2877197265625, 103406.2896728515625 ], [ 101131.618896484375, 103327.37188720703125 ], [ 101325.87847900390625, 103245.42327880859375 ], [ 101426.04412841796875, 103208.994873046875 ], [ 101559.59527587890625, 103154.36248779296875 ], [ 101687.08349609375, 103099.73028564453125 ], [ 101832.778076171875, 103042.05712890625 ], [ 101942.05108642578125, 102981.34332275390625 ], [ 102151.48968505859375, 102881.18072509765625 ], [ 102260.76287841796875, 102823.50750732421875 ], [ 102351.8209228515625, 102765.83447265625 ], [ 102396.846923828125, 102742.24908447265625 ] ] ] ] } },
{ "type": "Feature", "properties": { "ID": "162", "CIRCUITO_N": 162, "COMUNA": 15, "BARRIO": "PATERNAL", "TOTAL": 17116.0, "MASCULINO": 8558.0, "FEMENINO": 8558.0, "PERIMETRO": 7083.6391439299996, "AREA": 2229856.7489299998 }, "geometry": { "type": "MultiPolygon", "coordinates": [ [ [ [ 99310.2335205078125, 104639.289306640625 ], [ 99458.87310791015625, 104495.7166748046875 ], [ 99550.94610595703125, 104407.15667724609375 ], [ 99621.70208740234375, 104339.8115234375 ], [ 99664.08807373046875, 104299.4822998046875 ], [ 99676.09930419921875, 104290.37030029296875 ], [ 99691.3197021484375, 104279.9979248046875 ], [ 99698.521484375, 104275.0966796875 ], [ 99741.1962890625, 104241.12908935546875 ], [ 99756.49090576171875, 104229.3062744140625 ], [ 99841.3040771484375, 104142.0665283203125 ], [ 99898.99310302734375, 104082.22308349609375 ], [ 99901.1627197265625, 104072.45068359375 ], [ 99896.2789306640625, 104057.2373046875 ], [ 99796.34429931640625, 103651.5352783203125 ], [ 99788.20208740234375, 103614.056884765625 ], [ 99800.14727783203125, 103622.20867919921875 ], [ 99814.2705078125, 103622.7489013671875 ], [ 99879.986083984375, 103637.412109375 ], [ 99947.87127685546875, 103642.84332275390625 ], [ 100369.3306884765625, 103615.68731689453125 ], [ 100373.018310546875, 103614.576904296875 ], [ 100479.098876953125, 103582.73968505859375 ], [ 100492.0753173828125, 103579.839111328125 ], [ 100648.3870849609375, 103515.0142822265625 ], [ 100471.72369384765625, 102823.00750732421875 ], [ 100400.68707275390625, 102761.9434814453125 ], [ 99902.85369873046875, 102914.768310546875 ], [ 99630.25689697265625, 102997.35687255859375 ], [ 99485.42010498046875, 103040.29669189453125 ], [ 99419.877685546875, 102979.242919921875 ], [ 99366.45391845703125, 102934.77288818359375 ], [ 99347.5706787109375, 102922.65008544921875 ], [ 99344.47711181640625, 102920.2294921875 ], [ 99228.34051513671875, 102816.02587890625 ], [ 99017.8541259765625, 102658.340087890625 ], [ 99017.119873046875, 102657.7999267578125 ], [ 98800.09991455078125, 102984.43408203125 ], [ 98745.7686767578125, 103071.1636962890625 ], [ 98697.40167236328125, 103155.40289306640625 ], [ 98795.414306640625, 103222.88812255859375 ], [ 98797.98809814453125, 103224.65850830078125 ], [ 98575.21832275390625, 103283.01171875 ], [ 98620.0872802734375, 103431.0352783203125 ], [ 98732.4456787109375, 103788.7864990234375 ], [ 98837.89111328125, 104142.77667236328125 ], [ 98845.92608642578125, 104169.742919921875 ], [ 98859.62847900390625, 104211.7022705078125 ], [ 99211.528076171875, 104542.927490234375 ], [ 99268.8043212890625, 104596.9296875 ], [ 99271.7576904296875, 104599.72027587890625 ], [ 99310.2335205078125, 104639.289306640625 ] ] ] ] } },
{ "type": "Feature", "properties": { "ID": "163", "CIRCUITO_N": 163, "COMUNA": 15, "BARRIO": "CHACARITA", "TOTAL": 12324.0, "MASCULINO": 6136.0, "FEMENINO": 6188.0, "PERIMETRO": 5552.51934428, "AREA": 1166537.28831 }, "geometry": { "type": "MultiPolygon", "coordinates": [ [ [ [ 102271.85028076171875, 104503.85870361328125 ], [ 102262.18170166015625, 104497.90728759765625 ], [ 102259.55828857421875, 104496.4468994140625 ], [ 102256.93511962890625, 104494.9967041015625 ], [ 102254.30352783203125, 104493.54632568359375 ], [ 102251.68011474609375, 104492.09588623046875 ], [ 102249.056884765625, 104490.64569091796875 ], [ 102246.42529296875, 104489.1953125 ], [ 102243.8018798828125, 104487.744873046875 ], [ 102241.17852783203125, 104486.294677734375 ], [ 102238.55511474609375, 104484.83428955078125 ], [ 102235.92352294921875, 104483.38409423828125 ], [ 102233.30029296875, 104481.9337158203125 ], [ 102230.68511962890625, 104480.47332763671875 ], [ 102228.06170654296875, 104479.01287841796875 ], [ 102225.44671630859375, 104477.55267333984375 ], [ 102222.82330322265625, 104476.082275390625 ], [ 102220.20831298828125, 104474.61187744140625 ], [ 102217.601318359375, 104473.1417236328125 ], [ 102214.986328125, 104471.66131591796875 ], [ 102212.3795166015625, 104470.18109130859375 ], [ 102209.772705078125, 104468.690673828125 ], [ 102207.17388916015625, 104467.2003173828125 ], [ 102204.57550048828125, 104465.7000732421875 ], [ 102201.9766845703125, 104464.19970703125 ], [ 102199.3782958984375, 104462.69927978515625 ], [ 102196.77947998046875, 104461.19891357421875 ], [ 102194.18927001953125, 104459.688720703125 ], [ 102191.5906982421875, 104458.17828369140625 ], [ 102189.00030517578125, 104456.66790771484375 ], [ 102186.409912109375, 104455.157470703125 ], [ 102183.8197021484375, 104453.64727783203125 ], [ 102181.22930908203125, 104452.13690185546875 ], [ 102178.63067626953125, 104450.62652587890625 ], [ 102176.040283203125, 104449.1160888671875 ], [ 102173.4500732421875, 104447.61590576171875 ], [ 102170.85150146484375, 104446.10552978515625 ], [ 102168.2611083984375, 104444.59527587890625 ], [ 102165.6624755859375, 104443.09490966796875 ], [ 102163.06390380859375, 104441.594482421875 ], [ 102160.46527099609375, 104440.0941162109375 ], [ 102157.86669921875, 104438.5938720703125 ], [ 102155.27630615234375, 104437.093505859375 ], [ 102152.67767333984375, 104435.5831298828125 ], [ 102150.0791015625, 104434.0828857421875 ], [ 102147.48052978515625, 104432.58251953125 ], [ 102144.89007568359375, 104431.08209228515625 ], [ 102142.29150390625, 104429.58172607421875 ], [ 102139.69287109375, 104428.08148193359375 ], [ 102137.094482421875, 104426.57110595703125 ], [ 102134.4957275390625, 104425.0706787109375 ], [ 102131.905517578125, 104423.57049560546875 ], [ 102129.306884765625, 104422.07012939453125 ], [ 102126.70831298828125, 104420.5697021484375 ], [ 102124.10968017578125, 104419.06927490234375 ], [ 102121.5111083984375, 104417.569091796875 ], [ 102118.92071533203125, 104416.0687255859375 ], [ 102116.32208251953125, 104414.55828857421875 ], [ 102113.7235107421875, 104413.05810546875 ], [ 102111.1248779296875, 104411.55767822265625 ], [ 102108.52630615234375, 104410.05731201171875 ], [ 102105.92767333984375, 104408.556884765625 ], [ 102103.3372802734375, 104407.05670166015625 ], [ 102100.73870849609375, 104405.5562744140625 ], [ 102098.14007568359375, 104404.05609130859375 ], [ 102095.54168701171875, 104402.55572509765625 ], [ 102092.94287109375, 104401.0552978515625 ], [ 102090.344482421875, 104399.55487060546875 ], [ 102087.7457275390625, 104398.0546875 ], [ 102085.14727783203125, 104396.5543212890625 ], [ 102082.54852294921875, 104395.05389404296875 ], [ 102079.9500732421875, 104393.5537109375 ], [ 102077.35150146484375, 104392.05328369140625 ], [ 102074.752685546875, 104390.56292724609375 ], [ 102072.154296875, 104389.06268310546875 ], [ 102069.55548095703125, 104387.56231689453125 ], [ 102066.95709228515625, 104386.0618896484375 ], [ 102064.3585205078125, 104384.57147216796875 ], [ 102061.7598876953125, 104383.0712890625 ], [ 102059.153076171875, 104381.5709228515625 ], [ 102056.5543212890625, 104380.08050537109375 ], [ 102053.9556884765625, 104378.580322265625 ], [ 102051.35711669921875, 104377.07989501953125 ], [ 102048.75848388671875, 104375.57952880859375 ], [ 102046.16827392578125, 104374.07928466796875 ], [ 102043.5697021484375, 104372.57891845703125 ], [ 102040.97113037109375, 104371.0684814453125 ], [ 102038.37249755859375, 104369.568115234375 ], [ 102035.7821044921875, 104368.06787109375 ], [ 102033.1834716796875, 104366.5574951171875 ], [ 102030.59307861328125, 104365.047119140625 ], [ 102028.002685546875, 104363.53668212890625 ], [ 102025.4124755859375, 104362.0264892578125 ], [ 102022.81390380859375, 104360.51611328125 ], [ 102020.2235107421875, 104359.00567626953125 ], [ 102017.63311767578125, 104357.4954833984375 ], [ 102015.04290771484375, 104355.985107421875 ], [ 102012.4525146484375, 104354.4647216796875 ], [ 102009.86212158203125, 104352.95428466796875 ], [ 102007.271728515625, 104351.444091796875 ], [ 102004.6815185546875, 104349.9337158203125 ], [ 102000.3751220703125, 104347.423095703125 ], [ 101997.784912109375, 104345.90289306640625 ], [ 101995.19451904296875, 104344.39251708984375 ], [ 101992.6041259765625, 104342.8720703125 ], [ 101990.013671875, 104341.36187744140625 ], [ 101987.42352294921875, 104339.84149169921875 ], [ 101984.84130859375, 104338.33111572265625 ], [ 101982.2510986328125, 104336.81072998046875 ], [ 101979.66070556640625, 104335.30047607421875 ], [ 101977.0703125, 104333.78009033203125 ], [ 101974.47991943359375, 104332.26971435546875 ], [ 101971.88970947265625, 104330.74932861328125 ], [ 101969.3074951171875, 104329.23907470703125 ], [ 101966.71710205078125, 104327.71868896484375 ], [ 101964.12689208984375, 104326.20831298828125 ], [ 101961.5364990234375, 104324.68792724609375 ], [ 101958.94610595703125, 104323.17767333984375 ], [ 101956.355712890625, 104321.65728759765625 ], [ 101953.7655029296875, 104320.14691162109375 ], [ 101951.17510986328125, 104318.63671875 ], [ 101948.59307861328125, 104317.11627197265625 ], [ 101946.002685546875, 104315.60589599609375 ], [ 101943.41229248046875, 104314.095703125 ], [ 101940.8218994140625, 104312.5753173828125 ], [ 101938.22332763671875, 104311.06488037109375 ], [ 101935.63287353515625, 104309.55450439453125 ], [ 101933.042724609375, 104308.0443115234375 ], [ 101930.4522705078125, 104306.53387451171875 ], [ 101927.86187744140625, 104305.02349853515625 ], [ 101925.271484375, 104303.51312255859375 ], [ 101922.673095703125, 104302.0029296875 ], [ 101920.08270263671875, 104300.49249267578125 ], [ 101917.4923095703125, 104298.98211669921875 ], [ 101914.90191650390625, 104297.48187255859375 ], [ 101912.30328369140625, 104295.97149658203125 ], [ 101909.71307373046875, 104294.46112060546875 ], [ 101907.114501953125, 104292.95068359375 ], [ 101904.52410888671875, 104291.45050048828125 ], [ 101901.92547607421875, 104289.94012451171875 ], [ 101899.3350830078125, 104288.4296875 ], [ 101896.744873046875, 104286.92950439453125 ], [ 101894.14630126953125, 104285.41912841796875 ], [ 101891.555908203125, 104283.918701171875 ], [ 101888.957275390625, 104282.40850830078125 ], [ 101886.36688232421875, 104280.8980712890625 ], [ 101883.768310546875, 104279.397705078125 ], [ 101881.17791748046875, 104277.8873291015625 ], [ 101878.57928466796875, 104276.3870849609375 ], [ 101875.98907470703125, 104274.876708984375 ], [ 101873.3905029296875, 104273.37628173828125 ], [ 101870.79168701171875, 104271.8660888671875 ], [ 101868.20147705078125, 104270.36572265625 ], [ 101865.611083984375, 104268.85528564453125 ], [ 101863.01251220703125, 104267.3450927734375 ], [ 101860.41387939453125, 104265.8447265625 ], [ 101857.823486328125, 104264.33428955078125 ], [ 101855.2332763671875, 104262.82391357421875 ], [ 101852.63470458984375, 104261.32373046875 ], [ 101850.0443115234375, 104259.81329345703125 ], [ 101847.4456787109375, 104258.30291748046875 ], [ 101844.85528564453125, 104256.80267333984375 ], [ 101842.26507568359375, 104255.29229736328125 ], [ 101839.66650390625, 104253.78192138671875 ], [ 101837.07611083984375, 104252.271484375 ], [ 101834.4857177734375, 104250.76129150390625 ], [ 101831.89532470703125, 104249.25091552734375 ], [ 101829.30511474609375, 104247.740478515625 ], [ 101826.70648193359375, 104246.23028564453125 ], [ 101824.1160888671875, 104244.71990966796875 ], [ 101821.52569580078125, 104243.20947265625 ], [ 101818.9271240234375, 104241.69927978515625 ], [ 101816.33673095703125, 104240.19891357421875 ], [ 101813.74652099609375, 104238.6884765625 ], [ 101811.14788818359375, 104237.1781005859375 ], [ 101808.54931640625, 104235.67791748046875 ], [ 101805.95892333984375, 104234.177490234375 ], [ 101803.36029052734375, 104232.6671142578125 ], [ 101800.76171875, 104231.16668701171875 ], [ 101798.17132568359375, 104229.66650390625 ], [ 101795.57269287109375, 104228.16607666015625 ], [ 101792.97412109375, 104226.66571044921875 ], [ 101790.37548828125, 104225.16552734375 ], [ 101787.77691650390625, 104223.65509033203125 ], [ 101785.18670654296875, 104222.15472412109375 ], [ 101782.58807373046875, 104220.65447998046875 ], [ 101779.989501953125, 104219.15411376953125 ], [ 101777.39093017578125, 104217.6536865234375 ], [ 101774.79229736328125, 104216.1533203125 ], [ 101772.201904296875, 104214.64312744140625 ], [ 101769.603271484375, 104213.1427001953125 ], [ 101767.00469970703125, 104211.64227294921875 ], [ 101764.414306640625, 104210.132080078125 ], [ 101761.815673828125, 104208.6317138671875 ], [ 101759.22528076171875, 104207.12127685546875 ], [ 101756.62689208984375, 104205.62109375 ], [ 101754.0364990234375, 104204.1107177734375 ], [ 101751.43792724609375, 104202.61029052734375 ], [ 101748.83929443359375, 104201.09991455078125 ], [ 101746.2489013671875, 104199.59967041015625 ], [ 101743.65032958984375, 104198.08929443359375 ], [ 101741.05987548828125, 104196.57891845703125 ],[ 101738.4613037109375, 104195.07867431640625 ], [ 101735.87109375, 104193.56829833984375 ], [ 101733.27252197265625, 104192.06787109375 ], [ 101730.68212890625, 104190.55767822265625 ], [ 101728.08349609375, 104189.05731201171875 ], [ 101725.49310302734375, 104187.546875 ], [ 101722.90289306640625, 104186.0364990234375 ], [ 101720.3040771484375, 104184.53631591796875 ], [ 101717.71392822265625, 104183.02587890625 ], [ 101715.11529541015625, 104181.5255126953125 ], [ 101712.52490234375, 104180.01507568359375 ], [ 101709.92633056640625, 104178.5048828125 ], [ 101707.33587646484375, 104177.0045166015625 ], [ 101704.7373046875, 104175.49407958984375 ], [ 101702.1470947265625, 104173.993896484375 ], [ 101699.54827880859375, 104172.4835205078125 ], [ 101696.9581298828125, 104170.97308349609375 ], [ 101694.3594970703125, 104169.472900390625 ], [ 101691.76910400390625, 104167.9625244140625 ], [ 101689.17047119140625, 104166.46209716796875 ], [ 101686.580078125, 104164.95172119140625 ], [ 101683.98150634765625, 104163.45147705078125 ], [ 101681.39129638671875, 104161.94110107421875 ], [ 101678.792724609375, 104160.440673828125 ], [ 101676.194091796875, 104158.93048095703125 ], [ 101673.60369873046875, 104157.43011474609375 ], [ 101671.005126953125, 104155.919677734375 ], [ 101668.4146728515625, 104154.4193115234375 ], [ 101665.81610107421875, 104152.90911865234375 ], [ 101663.22589111328125, 104151.40869140625 ], [ 101660.6270751953125, 104149.8983154296875 ], [ 101658.0286865234375, 104148.39788818359375 ], [ 101655.43829345703125, 104146.8876953125 ], [ 101652.8397216796875, 104145.3873291015625 ], [ 101650.2410888671875, 104143.8870849609375 ], [ 101647.65069580078125, 104142.38671875 ], [ 101645.0521240234375, 104140.87628173828125 ], [ 101642.4534912109375, 104139.37591552734375 ], [ 101639.86328125, 104137.87567138671875 ], [ 101637.2645263671875, 104136.37530517578125 ], [ 101634.66607666015625, 104134.86492919921875 ], [ 101632.06732177734375, 104133.36468505859375 ], [ 101629.46868896484375, 104131.86431884765625 ], [ 101626.87847900390625, 104130.3638916015625 ], [ 101624.2799072265625, 104128.863525390625 ], [ 101621.6812744140625, 104127.36328125 ], [ 101619.08270263671875, 104125.8629150390625 ], [ 101616.484130859375, 104124.36248779296875 ], [ 101613.885498046875, 104122.8623046875 ], [ 101611.28692626953125, 104121.36187744140625 ], [ 101608.69647216796875, 104119.86151123046875 ], [ 101606.097900390625, 104118.361083984375 ], [ 101603.49932861328125, 104116.86090087890625 ], [ 101600.90069580078125, 104115.3604736328125 ], [ 101598.3021240234375, 104113.86029052734375 ], [ 101595.7034912109375, 104112.35992431640625 ], [ 101593.10491943359375, 104110.8594970703125 ], [ 101590.50628662109375, 104109.359130859375 ], [ 101587.90771484375, 104107.85888671875 ], [ 101585.30908203125, 104106.3585205078125 ], [ 101582.71051025390625, 104104.85809326171875 ], [ 101580.11187744140625, 104103.35791015625 ], [ 101577.521484375, 104101.85748291015625 ], [ 101574.923095703125, 104100.35711669921875 ], [ 101572.32427978515625, 104098.856689453125 ], [ 101569.72589111328125, 104097.35650634765625 ], [ 101567.1273193359375, 104095.8560791015625 ], [ 101564.5286865234375, 104094.355712890625 ], [ 101561.93011474609375, 104092.85552978515625 ], [ 101559.33148193359375, 104091.3551025390625 ], [ 101556.7410888671875, 104089.8447265625 ], [ 101554.14251708984375, 104088.344482421875 ], [ 101551.54388427734375, 104086.8441162109375 ], [ 101548.9453125, 104085.34368896484375 ], [ 101546.3466796875, 104083.84332275390625 ], [ 101543.75628662109375, 104082.3331298828125 ], [ 101541.15771484375, 104080.83270263671875 ], [ 101538.55908203125, 104079.332275390625 ], [ 101535.96868896484375, 104077.83209228515625 ], [ 101533.37030029296875, 104076.32171630859375 ], [ 101530.771484375, 104074.8212890625 ], [ 101528.1812744140625, 104073.31109619140625 ], [ 101525.58270263671875, 104071.81072998046875 ], [ 101525.1455078125, 104071.56048583984375 ], [ 101522.9923095703125, 104070.30029296875 ], [ 101520.3936767578125, 104068.7999267578125 ], [ 101517.80328369140625, 104067.2896728515625 ], [ 101515.2047119140625, 104065.789306640625 ], [ 101512.614501953125, 104064.2789306640625 ], [ 101510.01593017578125, 104062.7786865234375 ], [ 101507.41729736328125, 104061.268310546875 ], [ 101504.826904296875, 104059.76788330078125 ], [ 101502.228271484375, 104058.25750732421875 ], [ 101499.63787841796875, 104056.75732421875 ], [ 101497.039306640625, 104055.24688720703125 ], [ 101494.4490966796875, 104053.74652099609375 ], [ 101491.85028076171875, 104052.236083984375 ], [ 101489.26007080078125, 104050.73590087890625 ], [ 101486.6614990234375, 104049.22552490234375 ], [ 101484.06292724609375, 104047.72528076171875 ], [ 101481.47247314453125, 104046.21490478515625 ], [ 101478.8739013671875, 104044.7144775390625 ], [ 101476.27532958984375, 104043.214111328125 ], [ 101473.68487548828125, 104041.70391845703125 ], [ 101471.0863037109375, 104040.2034912109375 ], [ 101468.4876708984375, 104038.703125 ], [ 101465.89752197265625, 104037.202880859375 ], [ 101463.29888916015625, 104035.6925048828125 ], [ 101460.7003173828125, 104034.19207763671875 ], [ 101458.1016845703125, 104032.69171142578125 ], [ 101455.50311279296875, 104031.1915283203125 ], [ 101452.90447998046875, 104029.69110107421875 ], [ 101450.3140869140625, 104028.190673828125 ], [ 101447.707275390625, 104026.69049072265625 ], [ 101445.10870361328125, 104025.2000732421875 ], [ 101442.51007080078125, 104023.69970703125 ], [ 101439.9114990234375, 104022.19927978515625 ], [ 101437.31292724609375, 104020.6990966796875 ], [ 101434.71429443359375, 104019.20867919921875 ], [ 101432.11572265625, 104017.70831298828125 ], [ 101429.51708984375, 104016.21807861328125 ], [ 101426.9102783203125, 104014.71771240234375 ], [ 101424.31170654296875, 104013.21728515625 ], [ 101421.71307373046875, 104011.72711181640625 ], [ 101419.114501953125, 104010.2266845703125 ], [ 101416.51593017578125, 104008.736328125 ], [ 101413.91729736328125, 104007.236083984375 ], [ 101411.31048583984375, 104005.7457275390625 ], [ 101408.71173095703125, 104004.24530029296875 ], [ 101406.11328125, 104002.744873046875 ], [ 101403.51470947265625, 104001.25469970703125 ], [ 101400.48712158203125, 103999.5142822265625 ], [ 101398.4989013671875, 103998.5841064453125 ], [ 101395.90850830078125, 103997.063720703125 ], [ 101393.32647705078125, 103995.54327392578125 ], [ 101390.74432373046875, 103994.02288818359375 ], [ 101388.15411376953125, 103992.49267578125 ], [ 101385.5718994140625, 103990.9722900390625 ], [ 101382.98968505859375, 103989.451904296875 ], [ 101380.39947509765625, 103987.93170166015625 ], [ 101377.81732177734375, 103986.41131591796875 ], [ 101375.23529052734375, 103984.88092041015625 ], [ 101372.6448974609375, 103983.3604736328125 ], [ 101370.06292724609375, 103981.84027099609375 ], [ 101367.480712890625, 103980.31988525390625 ], [ 101364.89031982421875, 103978.78948974609375 ], [ 101362.30828857421875, 103977.269287109375 ], [ 101359.72607421875, 103975.7489013671875 ], [ 101357.14410400390625, 103974.218505859375 ], [ 101354.56207275390625, 103972.6981201171875 ], [ 101351.9716796875, 103971.16790771484375 ], [ 101349.3895263671875, 103969.64752197265625 ], [ 101346.8074951171875, 103968.11712646484375 ], [ 101344.22528076171875, 103966.5966796875 ], [ 101341.643310546875, 103965.07647705078125 ], [ 101339.06109619140625, 103963.54608154296875 ], [ 101336.47088623046875, 103962.02569580078125 ], [ 101333.888671875, 103960.4954833984375 ], [ 101331.30670166015625, 103958.97509765625 ], [ 101328.7244873046875, 103957.4447021484375 ], [ 101326.14251708984375, 103955.92431640625 ], [ 101323.560302734375, 103954.39410400390625 ], [ 101320.97808837890625, 103952.87371826171875 ], [ 101318.38787841796875, 103951.34332275390625 ], [ 101315.80572509765625, 103949.8228759765625 ], [ 101313.22369384765625, 103948.292724609375 ], [ 101310.6414794921875, 103946.77227783203125 ], [ 101308.05950927734375, 103945.24188232421875 ], [ 101305.47747802734375, 103943.7216796875 ], [ 101302.89532470703125, 103942.1912841796875 ], [ 101300.3131103515625, 103940.660888671875 ], [ 101297.7310791015625, 103939.1304931640625 ], [ 101295.14892578125, 103937.60028076171875 ], [ 101292.5750732421875, 103936.06988525390625 ], [ 101289.99310302734375, 103934.53948974609375 ], [ 101287.410888671875, 103933.00927734375 ], [ 101284.83709716796875, 103931.4688720703125 ], [ 101282.2548828125, 103929.9384765625 ], [ 101279.67291259765625, 103928.4080810546875 ], [ 101277.09088134765625, 103926.877685546875 ], [ 101274.50872802734375, 103925.35748291015625 ], [ 101271.92669677734375, 103923.82708740234375 ], [ 101269.344482421875, 103922.30670166015625 ], [ 101266.76251220703125, 103920.7764892578125 ], [ 101264.172119140625, 103919.256103515625 ], [ 101261.58990478515625, 103917.7457275390625 ], [ 101258.99969482421875, 103916.22528076171875 ], [ 101256.4093017578125, 103914.715087890625 ], [ 101253.81072998046875, 103913.2047119140625 ], [ 101251.21209716796875, 103911.70428466796875 ], [ 101248.613525390625, 103910.214111328125 ], [ 101246.0067138671875, 103908.73370361328125 ], [ 101243.3914794921875, 103907.2532958984375 ], [ 101240.7764892578125, 103905.7930908203125 ], [ 101238.153076171875, 103904.32269287109375 ], [ 101235.52972412109375, 103902.872314453125 ], [ 101232.906494140625, 103901.422119140625 ], [ 101230.27490234375, 103899.981689453125 ], [ 101227.643310546875, 103898.55133056640625 ], [ 101224.9951171875, 103897.131103515625 ], [ 101222.33868408203125, 103895.730712890625 ], [ 101219.674072265625, 103894.3604736328125 ], [ 101216.99310302734375, 103893.01007080078125 ], [ 101214.3037109375, 103891.6796875 ], [ 101211.597900390625, 103890.3895263671875 ], [ 101208.8839111328125, 103889.11932373046875 ], [ 101206.1533203125, 103887.868896484375 ], [ 101203.41448974609375, 103886.638671875 ], [ 101200.66729736328125, 103885.42828369140625 ], [ 101197.9202880859375, 103884.22808837890625 ], [ 101195.1649169921875, 103883.04791259765625 ], [ 101192.40130615234375, 103881.85748291015625 ], [ 101189.6458740234375, 103880.68731689453125 ], [ 101186.88232421875, 103879.51708984375 ], [ 101184.1104736328125, 103878.36688232421875 ], [ 101181.33868408203125, 103877.22650146484375 ], [ 101178.55029296875, 103876.1063232421875 ], [ 101175.7620849609375, 103875.006103515625 ], [ 101172.957275390625, 103873.93572998046875 ], [ 101170.24310302734375, 103872.865478515625 ], [ 101168.08990478515625, 103870.3848876953125 ], [ 101091.13031005859375, 103802.51947021484375 ], [ 101071.94189453125, 103786.4459228515625 ], [ 100877.1461181640625, 103623.28887939453125 ], [ 100719.44012451171875, 103488.65850830078125 ], [ 100717.468505859375, 103486.96807861328125 ], [ 100648.3870849609375, 103515.0142822265625 ], [ 100492.0753173828125, 103579.839111328125 ], [ 100479.098876953125, 103582.73968505859375 ], [ 100373.018310546875, 103614.576904296875 ], [ 100518.48187255859375, 103785.7156982421875 ], [ 100694.5264892578125, 103986.04107666015625 ], [ 100903.96527099609375, 104222.794921875 ], [ 101070.91070556640625, 104410.98748779296875 ], [ 101155.89727783203125, 104505.08892822265625 ], [ 101168.04052734375, 104577.93548583984375 ], [ 101301.5919189453125, 105072.69769287109375 ], [ 101360.81512451171875, 105304.84027099609375 ], [ 101362.143310546875, 105304.2301025390625 ], [ 101486.52130126953125, 105240.68572998046875 ], [ 101729.073486328125, 105113.7069091796875 ], [ 101734.72430419921875, 105110.88629150390625 ], [ 101697.79132080078125, 104964.7830810546875 ], [ 102010.08489990234375, 104713.32611083984375 ], [ 102271.85028076171875, 104503.85870361328125 ] ] ] ] } },
{ "type": "Feature", "properties": { "ID": "164", "CIRCUITO_N": 164, "COMUNA": 15, "BARRIO": "CHACARITA", "TOTAL": 10840.0, "MASCULINO": 5296.0, "FEMENINO": 5544.0, "PERIMETRO": 6194.6080571299999, "AREA": 1951553.0723000001 }, "geometry": { "type": "MultiPolygon", "coordinates": [ [ [ [ 100373.018310546875, 103614.576904296875 ], [ 100369.3306884765625, 103615.68731689453125 ], [ 99947.87127685546875, 103642.84332275390625 ], [ 99879.986083984375, 103637.412109375 ], [ 99814.2705078125, 103622.7489013671875 ], [ 99800.14727783203125, 103622.20867919921875 ], [ 99788.20208740234375, 103614.056884765625 ], [ 99796.34429931640625, 103651.5352783203125 ], [ 99896.2789306640625, 104057.2373046875 ], [ 99901.1627197265625, 104072.45068359375 ], [ 99898.99310302734375, 104082.22308349609375 ], [ 99841.3040771484375, 104142.0665283203125 ], [ 99756.49090576171875, 104229.3062744140625 ], [ 99741.1962890625, 104241.12908935546875 ], [ 99698.521484375, 104275.0966796875 ], [ 99691.3197021484375, 104279.9979248046875 ], [ 99676.09930419921875, 104290.37030029296875 ], [ 99886.81671142578125, 104531.3948974609375 ], [ 100020.648681640625, 104681.9591064453125 ], [ 100123.56951904296875, 104787.64288330078125 ], [ 100131.13427734375, 104795.4146728515625 ], [ 100168.422119140625, 104818.590087890625 ], [ 100267.05328369140625, 104852.21771240234375 ], [ 100261.63348388671875, 104879.55389404296875 ], [ 100263.64630126953125, 104884.58489990234375 ], [ 100261.0477294921875, 104904.94952392578125 ], [ 100253.31787109375, 104917.83251953125 ], [ 100254.60467529296875, 105138.1724853515625 ], [ 100254.73687744140625, 105655.0897216796875 ], [ 100281.6796875, 105654.5396728515625 ], [ 100506.02532958984375, 105639.726318359375 ], [ 100774.29107666015625, 105549.95587158203125 ], [ 100942.8040771484375, 105483.96087646484375 ], [ 101131.3218994140625, 105410.14410400390625 ], [ 101360.81512451171875, 105304.84027099609375 ], [ 101301.5919189453125, 105072.69769287109375 ], [ 101168.04052734375, 104577.93548583984375 ], [ 101155.89727783203125, 104505.08892822265625 ], [ 101070.91070556640625, 104410.98748779296875 ], [ 100903.96527099609375, 104222.794921875 ], [ 100694.5264892578125, 103986.04107666015625 ], [ 100518.48187255859375, 103785.7156982421875 ], [ 100373.018310546875, 103614.576904296875 ] ] ] ] } },
{ "type": "Feature", "properties": { "ID": "165", "CIRCUITO_N": 165, "COMUNA": 15, "BARRIO": "VILLA ORTUZAR", "TOTAL": 18875.0, "MASCULINO": 9050.0, "FEMENINO": 9825.0, "PERIMETRO": 5682.3243989499997, "AREA": 1853740.24651 }, "geometry": { "type": "MultiPolygon", "coordinates": [ [ [ [ 99560.13592529296875, 106252.3551025390625 ], [ 99628.49151611328125, 106296.85528564453125 ], [ 99995.627685546875, 106018.22210693359375 ], [ 100011.60711669921875, 106006.23931884765625 ], [ 100085.918701171875, 105905.5565185546875 ], [ 100281.6796875, 105654.5396728515625 ], [ 100254.73687744140625, 105655.0897216796875 ], [ 100254.60467529296875, 105138.1724853515625 ], [ 100253.31787109375, 104917.83251953125 ], [ 100261.0477294921875, 104904.94952392578125 ], [ 100263.64630126953125, 104884.58489990234375 ], [ 100261.63348388671875, 104879.55389404296875 ], [ 100267.05328369140625, 104852.21771240234375 ], [ 100168.422119140625, 104818.590087890625 ], [ 100131.13427734375, 104795.4146728515625 ], [ 100123.56951904296875, 104787.64288330078125 ], [ 100020.648681640625, 104681.9591064453125 ], [ 99886.81671142578125, 104531.3948974609375 ], [ 99676.09930419921875, 104290.37030029296875 ], [ 99664.08807373046875, 104299.4822998046875 ], [ 99621.70208740234375, 104339.8115234375 ], [ 99550.94610595703125, 104407.15667724609375 ], [ 99458.87310791015625, 104495.7166748046875 ], [ 99310.2335205078125, 104639.289306640625 ], [ 99062.319091796875, 105209.5687255859375 ], [ 99050.7366943359375, 105236.2047119140625 ], [ 99052.72491455078125, 105241.535888671875 ], [ 99049.53228759765625, 105251.91827392578125 ], [ 99057.51788330078125, 105269.5023193359375 ], [ 99018.36572265625, 105286.276123046875 ], [ 98956.04052734375, 105372.57568359375 ], [ 98887.31390380859375, 105470.867919921875 ], [ 98560.5010986328125, 105562.75872802734375 ], [ 98728.87371826171875, 105677.53472900390625 ], [ 99134.67547607421875, 105958.70849609375 ], [ 99560.13592529296875, 106252.3551025390625 ] ] ] ] } },
{ "type": "Feature", "properties": { "ID": "166", "CIRCUITO_N": 166, "COMUNA": 15, "BARRIO": "PARQUE CHAS", "TOTAL": 15685.0, "MASCULINO": 7487.0, "FEMENINO": 8198.0, "PERIMETRO": 4524.98563466, "AREA": 1384888.6269 }, "geometry": { "type": "MultiPolygon", "coordinates": [ [ [ [ 99310.2335205078125, 104639.289306640625 ], [ 99271.7576904296875, 104599.72027587890625 ], [ 99268.8043212890625, 104596.9296875 ], [ 99211.528076171875, 104542.927490234375 ], [ 98859.62847900390625, 104211.7022705078125 ], [ 98845.92608642578125, 104169.742919921875 ], [ 98808.77032470703125, 104181.2354736328125 ], [ 98769.03228759765625, 104193.5283203125 ], [ 98431.6270751953125, 104297.07171630859375 ], [ 98365.49090576171875, 104317.70648193359375 ], [ 98297.31689453125, 104342.672119140625 ], [ 98179.5054931640625, 104393.563720703125 ], [ 98036.18670654296875, 104453.6072998046875 ], [ 97909.4989013671875, 104615.44390869140625 ], [ 97743.0897216796875, 104828.352294921875 ], [ 97661.947509765625, 104929.89532470703125 ], [ 97661.63409423828125, 104930.47528076171875 ], [ 98559.7091064453125, 105562.19873046875 ], [ 98560.5010986328125, 105562.75872802734375 ], [ 98887.31390380859375, 105470.867919921875 ], [ 98956.04052734375, 105372.57568359375 ], [ 99018.36572265625, 105286.276123046875 ], [ 99057.51788330078125, 105269.5023193359375 ], [ 99049.53228759765625, 105251.91827392578125 ], [ 99052.72491455078125, 105241.535888671875 ], [ 99050.7366943359375, 105236.2047119140625 ], [ 99062.319091796875, 105209.5687255859375 ], [ 99310.2335205078125, 104639.289306640625 ] ] ] ] } },
{ "type": "Feature", "properties": { "ID": "167", "CIRCUITO_N": 167, "COMUNA": 15, "BARRIO": "AGRONOMIA", "TOTAL": 12095.0, "MASCULINO": 5764.0, "FEMENINO": 6331.0, "PERIMETRO": 6564.4990451699996, "AREA": 2122760.9473199998 }, "geometry": { "type": "MultiPolygon", "coordinates": [ [ [ [ 98837.89111328125, 104142.77667236328125 ], [ 98732.4456787109375, 103788.7864990234375 ], [ 98620.0872802734375, 103431.0352783203125 ], [ 98575.21832275390625, 103283.01171875 ], [ 98200.5994873046875, 103478.6160888671875 ], [ 98189.4957275390625, 103494.0496826171875 ], [ 98184.25732421875, 103494.459716796875 ], [ 97684.63372802734375, 103539.2799072265625 ], [ 97533.09832763671875, 103551.28271484375 ], [ 97111.30072021484375, 103584.87030029296875 ], [ 96897.32489013671875, 103603.0543212890625 ], [ 96892.33392333984375, 103599.33349609375 ], [ 96666.957275390625, 103701.15667724609375 ], [ 96382.31591796875, 103827.62530517578125 ], [ 96368.60528564453125, 103833.83673095703125 ], [ 96319.9249267578125, 103857.37188720703125 ], [ 96308.62310791015625, 103862.84332275390625 ], [ 96350.151123046875, 103869.4346923828125 ], [ 96314.8184814453125, 103916.84552001953125 ], [ 96435.046875, 104005.29547119140625 ], [ 97113.66827392578125, 104514.22088623046875 ], [ 97661.62591552734375, 104930.4854736328125 ], [ 97661.63409423828125, 104930.47528076171875 ], [ 97661.947509765625, 104929.89532470703125 ], [ 97743.0897216796875, 104828.352294921875 ], [ 97909.4989013671875, 104615.44390869140625 ], [ 98036.18670654296875, 104453.6072998046875 ], [ 98179.5054931640625, 104393.563720703125 ], [ 98297.31689453125, 104342.672119140625 ], [ 98365.49090576171875, 104317.70648193359375 ], [ 98431.6270751953125, 104297.07171630859375 ], [ 98769.03228759765625, 104193.5283203125 ], [ 98808.77032470703125, 104181.2354736328125 ], [ 98845.92608642578125, 104169.742919921875 ], [ 98837.89111328125, 104142.77667236328125 ] ] ] ] } },
{ "type": "Feature", "properties": { "ID": "056", "CIRCUITO_N": 56, "COMUNA": 4, "BARRIO": "NUEVA POMPEYA", "TOTAL": 9544.0, "MASCULINO": 5032.0, "FEMENINO": 4512.0, "PERIMETRO": 5312.1766696100003, "AREA": 1802978.85302 }, "geometry": { "type": "MultiPolygon", "coordinates": [ [ [ [ 103818.33709716796875, 97990.551513671875 ], [ 103953.15887451171875, 97942.8707275390625 ], [ 103969.18768310546875, 97936.05908203125 ], [ 103979.7056884765625, 97929.667724609375 ], [ 104042.3939208984375, 97891.9290771484375 ], [ 104049.05133056640625, 97888.038330078125 ], [ 104082.75048828125, 97874.96527099609375 ], [ 104104.19091796875, 97866.65350341796875 ], [ 104101.16351318359375, 97861.14227294921875 ], [ 104096.7498779296875, 97853.1304931640625 ], [ 104102.7720947265625, 97851.4801025390625 ], [ 104109.8914794921875, 97846.98907470703125 ], [ 104151.386474609375, 97827.77471923828125 ], [ 104158.41510009765625, 97825.8040771484375 ], [ 104162.66351318359375, 97822.89349365234375 ], [ 104172.3485107421875, 97820.19287109375 ], [ 104177.14971923828125, 97817.44232177734375 ], [ 104185.15167236328125, 97815.73187255859375 ], [ 104187.1480712890625, 97814.031494140625 ], [ 104199.23370361328125, 97810.45068359375 ], [ 104206.40252685546875, 97809.6505126953125 ], [ 104214.67669677734375, 97806.67987060546875 ], [ 104225.2113037109375, 97805.509521484375 ], [ 104229.58367919921875, 97803.80908203125 ], [ 104240.6627197265625, 97801.9888916015625 ], [ 104251.70050048828125, 97800.74847412109375 ], [ 104261.8638916015625, 97800.1583251953125 ], [ 104273.174072265625, 97800.49847412109375 ], [ 104273.65252685546875, 97801.02850341796875 ], [ 104274.109130859375, 97800.86669921875 ], [ 104275.0631103515625, 97800.52850341796875 ], [ 104275.0712890625, 97800.5286865234375 ], [ 104304.70367431640625, 97801.07867431640625 ], [ 104300.273681640625, 97464.872314453125 ], [ 104295.64569091796875, 97011.03948974609375 ], [ 104291.0177001953125, 96960.097900390625 ], [ 104291.0177001953125, 96671.572509765625 ], [ 104255.20648193359375, 96667.1715087890625 ], [ 104140.17529296875, 96628.22271728515625 ], [ 104018.96527099609375, 96584.72271728515625 ], [ 103888.56512451171875, 96535.53167724609375 ], [ 103800.92230224609375, 96493.0718994140625 ], [ 103741.73211669921875, 96458.54412841796875 ], [ 103667.7257080078125, 96412.793701171875 ], [ 103612.330322265625, 96372.584716796875 ], [ 103599.08148193359375, 96362.31231689453125 ], [ 103503.46148681640625, 96507.39508056640625 ], [ 103440.34429931640625, 96601.7366943359375 ], [ 103387.01947021484375, 96681.4146728515625 ], [ 103378.5966796875, 96693.247314453125 ], [ 103363.401123046875, 96714.6123046875 ], [ 103347.49609375, 96736.1370849609375 ], [ 103338.61968994140625, 96748.159912109375 ], [ 103308.335693359375, 96774.6558837890625 ], [ 103232.38232421875, 96840.71087646484375 ], [ 103156.618896484375, 96906.585693359375 ], [ 103085.9453125, 96968.12969970703125 ], [ 102937.68487548828125, 97097.07891845703125 ], [ 102863.282470703125, 97162.6436767578125 ], [ 102763.7852783203125, 97250.9036865234375 ], [ 102664.65087890625, 97337.62347412109375 ], [ 102646.58447265625, 97351.56671142578125 ], [ 102778.29608154296875, 97478.27532958984375 ], [ 102857.565673828125, 97559.3936767578125 ], [ 102863.61248779296875, 97565.5750732421875 ], [ 102890.57208251953125, 97589.99072265625 ], [ 102921.1859130859375, 97619.48748779296875 ], [ 102963.73687744140625, 97660.4666748046875 ], [ 102966.7974853515625, 97663.717529296875 ], [ 103013.7620849609375, 97713.48870849609375 ], [ 103012.8792724609375, 97714.32891845703125 ], [ 103111.64251708984375, 97824.06390380859375 ], [ 103198.13848876953125, 97916.1846923828125 ], [ 103213.1527099609375, 97926.56707763671875 ], [ 103228.93408203125, 97937.489501953125 ], [ 103285.3607177734375, 98008.21551513671875 ], [ 103302.3134765625, 97990.50152587890625 ], [ 103317.70709228515625, 97999.00347900390625 ], [ 103336.8212890625, 98010.8861083984375 ], [ 103354.994873046875, 98020.66827392578125 ], [ 103379.93310546875, 98033.95147705078125 ], [ 103394.840087890625, 98040.2529296875 ], [ 103405.9027099609375, 98043.6436767578125 ], [ 103423.71331787109375, 98049.705078125 ], [ 103442.348876953125, 98054.74609375 ], [ 103462.89849853515625, 98058.83709716796875 ], [ 103473.81268310546875, 98060.7974853515625 ], [ 103501.1348876953125, 98066.09869384765625 ], [ 103526.205322265625, 98067.839111328125 ], [ 103561.6204833984375, 98066.23870849609375 ], [ 103587.01251220703125, 98063.94830322265625 ], [ 103606.431884765625, 98060.457275390625 ], [ 103630.37188720703125, 98054.84613037109375 ], [ 103646.12030029296875, 98050.96527099609375 ], [ 103681.08990478515625, 98040.39288330078125 ], [ 103718.31170654296875, 98021.58868408203125 ], [ 103738.37451171875, 98013.106689453125 ], [ 103818.33709716796875, 97990.551513671875 ] ] ] ] } },
{ "type": "Feature", "properties": { "ID": "057", "CIRCUITO_N": 57, "COMUNA": 4, "BARRIO": "NUEVA POMPEYA", "TOTAL": 18768.0, "MASCULINO": 9532.0, "FEMENINO": 9236.0, "PERIMETRO": 6341.9861155799999, "AREA": 1681075.20221 }, "geometry": { "type": "MultiPolygon", "coordinates": [ [ [ [ 104581.45831298828125, 98421.4093017578125 ], [ 104653.76531982421875, 98066.57867431640625 ], [ 104692.85968017578125, 97860.57208251953125 ], [ 104569.26568603515625, 97834.1461181640625 ], [ 104442.256103515625, 97809.95068359375 ], [ 104369.6768798828125, 97803.8992919921875 ], [ 104304.70367431640625, 97801.07867431640625 ], [ 104275.0712890625, 97800.5286865234375 ], [ 104275.0631103515625, 97800.52850341796875 ], [ 104274.109130859375, 97800.86669921875 ], [ 104273.65252685546875, 97801.02850341796875 ], [ 104273.174072265625, 97800.49847412109375 ], [ 104261.8638916015625, 97800.1583251953125 ], [ 104251.70050048828125, 97800.74847412109375 ], [ 104240.6627197265625, 97801.9888916015625 ], [ 104229.58367919921875, 97803.80908203125 ], [ 104225.2113037109375, 97805.509521484375 ], [ 104214.67669677734375, 97806.67987060546875 ], [ 104206.40252685546875, 97809.6505126953125 ], [ 104199.23370361328125, 97810.45068359375 ], [ 104187.1480712890625, 97814.031494140625 ], [ 104185.15167236328125, 97815.73187255859375 ], [ 104177.14971923828125, 97817.44232177734375 ], [ 104172.3485107421875, 97820.19287109375 ], [ 104162.66351318359375, 97822.89349365234375 ], [ 104158.41510009765625, 97825.8040771484375 ], [ 104151.386474609375, 97827.77471923828125 ], [ 104109.8914794921875, 97846.98907470703125 ], [ 104102.7720947265625, 97851.4801025390625 ], [ 104096.7498779296875, 97853.1304931640625 ], [ 104101.16351318359375, 97861.14227294921875 ], [ 104104.19091796875, 97866.65350341796875 ], [ 104082.75048828125, 97874.96527099609375 ], [ 104049.05133056640625, 97888.038330078125 ], [ 104042.3939208984375, 97891.9290771484375 ], [ 103979.7056884765625, 97929.667724609375 ], [ 103969.18768310546875, 97936.05908203125 ], [ 103953.15887451171875, 97942.8707275390625 ], [ 103818.33709716796875, 97990.551513671875 ], [ 103738.37451171875, 98013.106689453125 ], [ 103718.31170654296875, 98021.58868408203125 ], [ 103681.08990478515625, 98040.39288330078125 ], [ 103646.12030029296875, 98050.96527099609375 ], [ 103630.37188720703125, 98054.84613037109375 ], [ 103606.431884765625, 98060.457275390625 ], [ 103587.01251220703125, 98063.94830322265625 ], [ 103561.6204833984375, 98066.23870849609375 ], [ 103526.205322265625, 98067.839111328125 ], [ 103501.1348876953125, 98066.09869384765625 ], [ 103473.81268310546875, 98060.7974853515625 ], [ 103462.89849853515625, 98058.83709716796875 ], [ 103442.348876953125, 98054.74609375 ], [ 103423.71331787109375, 98049.705078125 ], [ 103405.9027099609375, 98043.6436767578125 ], [ 103394.840087890625, 98040.2529296875 ], [ 103379.93310546875, 98033.95147705078125 ], [ 103354.994873046875, 98020.66827392578125 ], [ 103336.8212890625, 98010.8861083984375 ], [ 103317.70709228515625, 97999.00347900390625 ], [ 103302.3134765625, 97990.50152587890625 ], [ 103285.3607177734375, 98008.21551513671875 ], [ 103228.93408203125, 97937.489501953125 ], [ 103213.1527099609375, 97926.56707763671875 ], [ 103198.13848876953125, 97916.1846923828125 ], [ 103111.64251708984375, 97824.06390380859375 ], [ 103012.8792724609375, 97714.32891845703125 ], [ 102874.13067626953125, 97845.648681640625 ], [ 102782.66827392578125, 97933.26849365234375 ], [ 102741.5775146484375, 97974.367919921875 ], [ 102707.6884765625, 98002.88427734375 ], [ 102640.3065185546875, 98068.54931640625 ], [ 102635.49688720703125, 98074.5906982421875 ], [ 102601.68231201171875, 98117.12030029296875 ], [ 102600.91510009765625, 98118.09051513671875 ], [ 102601.33587646484375, 98118.31048583984375 ], [ 102817.74530029296875, 98232.95648193359375 ], [ 102859.93328857421875, 98236.46728515625 ], [ 102838.44329833984375, 98615.9832763671875 ], [ 102953.119873046875, 98645.77008056640625 ], [ 102961.4434814453125, 98647.93072509765625 ], [ 103024.49468994140625, 98660.4534912109375 ], [ 103060.85028076171875, 98666.93487548828125 ], [ 103078.60308837890625, 98670.095703125 ], [ 103650.8472900390625, 98786.47210693359375 ], [ 104015.03851318359375, 98864.909912109375 ], [ 104596.76947021484375, 98983.7266845703125 ], [ 104772.0634765625, 99019.3948974609375 ], [ 104720.00067138671875, 98850.5164794921875 ], [ 104571.20428466796875, 98425.6903076171875 ], [ 104581.45831298828125, 98421.4093017578125 ] ] ] ] } },
{ "type": "Feature", "properties": { "ID": "089", "CIRCUITO_N": 89, "COMUNA": 8, "BARRIO": "VILLA LUGANO", "TOTAL": 46140.0, "MASCULINO": 23699.0, "FEMENINO": 22441.0, "PERIMETRO": 10058.0622391, "AREA": 4524565.7908800002 }, "geometry": { "type": "MultiPolygon", "coordinates": [ [ [ [ 98904.5552978515625, 95596.70867919921875 ], [ 98981.77911376953125, 95673.035888671875 ], [ 99018.10992431640625, 95710.3544921875 ], [ 99065.47869873046875, 95759.04547119140625 ], [ 99090.64788818359375, 95784.90130615234375 ], [ 99108.19451904296875, 95802.94549560546875 ], [ 99151.41387939453125, 95847.35552978515625 ], [ 99163.0208740234375, 95859.288330078125 ], [ 99194.459716796875, 95891.60552978515625 ], [ 99237.8109130859375, 95936.14569091796875 ], [ 99280.8651123046875, 95980.39569091796875 ], [ 99306.86767578125, 96007.1116943359375 ], [ 99324.38128662109375, 96025.11590576171875 ], [ 99370.6859130859375, 96073.06671142578125 ], [ 99371.090087890625, 96072.69671630859375 ], [ 99391.969482421875, 96052.98211669921875 ], [ 99508.6094970703125, 95942.86712646484375 ], [ 99573.85491943359375, 95882.8936767578125 ], [ 99865.25250244140625, 95605.90069580078125 ], [ 99921.959716796875, 95588.87689208984375 ], [ 99966.16888427734375, 95575.6038818359375 ], [ 100007.0863037109375, 95550.1680908203125 ], [ 100036.94970703125, 95507.038330078125 ], [ 100044.38250732421875, 95494.2454833984375 ], [ 100058.08489990234375, 95470.68011474609375 ], [ 100064.59368896484375, 95459.47747802734375 ], [ 100076.04412841796875, 95442.3037109375 ], [ 100092.8895263671875, 95417.03790283203125 ], [ 100095.5625, 95413.027099609375 ], [ 100111.863525390625, 95394.41290283203125 ], [ 100135.18487548828125, 95367.78668212890625 ], [ 100171.04547119140625, 95330.83831787109375 ], [ 100187.15667724609375, 95314.03448486328125 ], [ 100189.97808837890625, 95311.08392333984375 ], [ 100302.90570068359375, 95194.8375244140625 ], [ 100318.4146728515625, 95170.46209716796875 ], [ 100320.10589599609375, 95165.11090087890625 ], [ 100325.06390380859375, 95149.41729736328125 ], [ 100332.8184814453125, 95125.04168701171875 ], [ 100335.0374755859375, 95108.41790771484375 ], [ 100339.9873046875, 95098.12548828125 ], [ 100343.66650390625, 95090.473876953125 ], [ 100356.08209228515625, 95077.39093017578125 ], [ 100360.52032470703125, 95075.18048095703125 ], [ 100371.5994873046875, 95069.63909912109375 ], [ 100387.1085205078125, 95066.3184814453125 ], [ 100422.56488037109375, 95061.8873291015625 ], [ 100455.8021240234375, 95046.3739013671875 ], [ 100811.4635009765625, 94710.65771484375 ], [ 101148.29107666015625, 94390.455078125 ], [ 101154.09051513671875, 94380.42291259765625 ], [ 101160.4757080078125, 94369.40032958984375 ], [ 101148.62109375, 94352.75653076171875 ], [ 101140.23968505859375, 94340.993896484375 ], [ 101119.81390380859375, 94318.22869873046875 ], [ 101117.06671142578125, 94315.1580810546875 ], [ 100922.2626953125, 94097.94873046875 ], [ 100918.7730712890625, 94093.81787109375 ], [ 100657.45330810546875, 93804.332275390625 ], [ 100654.384521484375, 93800.601318359375 ], [ 100585.43511962890625, 93742.2880859375 ], [ 100578.09307861328125, 93734.15631103515625 ], [ 100451.3720703125, 93593.81451416015625 ], [ 100414.2081298828125, 93534.361083984375 ], [ 100412.59130859375, 93531.7705078125 ], [ 100244.177490234375, 93345.6282958984375 ], [ 100114.54449462890625, 93203.80609130859375 ], [ 99991.56072998046875, 93065.4246826171875 ], [ 99927.0330810546875, 93124.98809814453125 ], [ 99811.81207275390625, 93233.6226806640625 ], [ 99707.24951171875, 93333.2454833984375 ], [ 99599.7996826171875, 93433.568115234375 ], [ 99500.1536865234375, 93529.89007568359375 ], [ 99392.365478515625, 93631.28289794921875 ], [ 99280.67547607421875, 93739.48748779296875 ], [ 99185.78131103515625, 93828.1376953125 ], [ 99175.29608154296875, 93836.69952392578125 ], [ 99163.0703125, 93846.69189453125 ], [ 99085.3021240234375, 93919.788330078125 ], [ 99070.42010498046875, 93933.75152587890625 ], [ 98962.73089599609375, 94034.42449951171875 ], [ 98956.47772216796875, 94040.26568603515625 ], [ 98878.77569580078125, 94112.72210693359375 ], [ 98873.22369384765625, 94117.9033203125 ], [ 98860.6019287109375, 94129.68609619140625 ], [ 98854.90972900390625, 94134.9970703125 ], [ 98789.359130859375, 94063.39093017578125 ], [ 98783.403076171875, 94056.8895263671875 ], [ 98777.455078125, 94050.38787841796875 ], [ 98719.24652099609375, 93986.95367431640625 ], [ 98713.34808349609375, 93980.65228271484375 ], [ 98707.4415283203125, 93974.3406982421875 ], [ 98649.719482421875, 93910.74627685546875 ], [ 98643.9945068359375, 93904.35491943359375 ], [ 98638.269287109375, 93897.9534912109375 ], [ 98579.79669189453125, 93834.53912353515625 ], [ 98574.03851318359375, 93828.2777099609375 ], [ 98568.2802734375, 93822.02630615234375 ], [ 98510.1708984375, 93758.5718994140625 ], [ 98504.4375, 93752.15032958984375 ], [ 98498.7122802734375, 93745.7288818359375 ], [ 98440.23150634765625, 93681.864501953125 ], [ 98434.49810791015625, 93675.5531005859375 ], [ 98428.77288818359375, 93669.24151611328125 ], [ 98370.73748779296875, 93605.8572998046875 ], [ 98364.8638916015625, 93599.40570068359375 ], [ 98358.98187255859375, 93592.94427490234375 ], [ 98301.05389404296875, 93529.2799072265625 ], [ 98295.14727783203125, 93522.68829345703125 ], [ 98289.240478515625, 93516.096923828125 ], [ 98162.3134765625, 93378.7357177734375 ], [ 97955.3826904296875, 93567.38848876953125 ], [ 98097.42291259765625, 93765.38348388671875 ], [ 98198.71868896484375, 93910.36627197265625 ], [ 98300.99609375, 94039.45550537109375 ], [ 98382.4271240234375, 94168.5546875 ], [ 98426.11651611328125, 94279.77008056640625 ], [ 98554.22332763671875, 94643.22247314453125 ], [ 98718.06689453125, 95092.07427978515625 ], [ 98817.37451171875, 95362.17547607421875 ], [ 98904.5552978515625, 95596.70867919921875 ] ] ] ] } },
{ "type": "Feature", "properties": { "ID": "090", "CIRCUITO_N": 90, "COMUNA": 8, "BARRIO": "VILLA LUGANO", "TOTAL": 42538.0, "MASCULINO": 21474.0, "FEMENINO": 21064.0, "PERIMETRO": 10870.018984800001, "AREA": 4771793.7749699997 }, "geometry": { "type": "MultiPolygon", "coordinates": [ [ [ [ 99897.21112060546875, 96584.65887451171875 ], [ 99892.15411376953125, 96579.6016845703125 ], [ 99886.83331298828125, 96574.290283203125 ], [ 99806.24371337890625, 96475.88812255859375 ], [ 99803.6533203125, 96472.727294921875 ], [ 99704.03228759765625, 96367.30352783203125 ], [ 99566.41387939453125, 96224.30108642578125 ], [ 99530.89971923828125, 96187.4027099609375 ], [ 99516.41351318359375, 96176.55010986328125 ], [ 99504.0145263671875, 96170.848876953125 ], [ 99491.1204833984375, 96167.62811279296875 ], [ 99477.4923095703125, 96164.89752197265625 ], [ 99462.37091064453125, 96163.40728759765625 ], [ 99453.197509765625, 96163.1671142578125 ], [ 99443.7764892578125, 96166.13787841796875 ], [ 99433.1182861328125, 96174.5697021484375 ], [ 99426.172119140625, 96180.5111083984375 ], [ 99417.73291015625, 96186.4324951171875 ], [ 99404.85528564453125, 96190.68328857421875 ], [ 99391.2188720703125, 96192.1636962890625 ], [ 99381.3031005859375, 96192.41387939453125 ], [ 99369.37408447265625, 96190.30328369140625 ], [ 99366.25592041015625, 96187.99267578125 ], [ 99359.49127197265625, 96182.99169921875 ], [ 99350.02911376953125, 96172.8892822265625 ], [ 99346.34967041015625, 96159.936279296875 ], [ 99344.856689453125, 96147.04351806640625 ], [ 99343.62750244140625, 96133.4102783203125 ], [ 99343.94091796875, 96124.5684814453125 ], [ 99345.50848388671875, 96116.4766845703125 ], [ 99345.50830078125, 96116.46649169921875 ], [ 99345.5164794921875, 96116.4365234375 ], [ 99348.139892578125, 96106.19427490234375 ], [ 99352.33892822265625, 96098.572509765625 ], [ 99371.090087890625, 96072.69671630859375 ], [ 99370.6859130859375, 96073.06671142578125 ], [ 99324.38128662109375, 96025.11590576171875 ], [ 99306.86767578125, 96007.1116943359375 ], [ 99280.8651123046875, 95980.39569091796875 ], [ 99237.8109130859375, 95936.14569091796875 ], [ 99194.459716796875, 95891.60552978515625 ], [ 99163.0208740234375, 95859.288330078125 ], [ 99151.41387939453125, 95847.35552978515625 ], [ 99108.19451904296875, 95802.94549560546875 ], [ 99090.64788818359375, 95784.90130615234375 ], [ 99065.47869873046875, 95759.04547119140625 ], [ 99018.10992431640625, 95710.3544921875 ], [ 98981.77911376953125, 95673.035888671875 ], [ 98904.5552978515625, 95596.70867919921875 ], [ 98817.37451171875, 95362.17547607421875 ], [ 98718.06689453125, 95092.07427978515625 ], [ 98554.22332763671875, 94643.22247314453125 ], [ 98426.11651611328125, 94279.77008056640625 ], [ 98382.4271240234375, 94168.5546875 ], [ 98300.99609375, 94039.45550537109375 ], [ 98198.71868896484375, 93910.36627197265625 ], [ 98097.42291259765625, 93765.38348388671875 ], [ 97955.3826904296875, 93567.38848876953125 ], [ 96405.03509521484375, 94980.7789306640625 ], [ 96528.8109130859375, 95066.978515625 ], [ 96574.03472900390625, 95096.23529052734375 ], [ 96600.34228515625, 95113.24908447265625 ], [ 96626.072509765625, 95129.94287109375 ], [ 96636.0380859375, 95136.404296875 ], [ 96650.953125, 95146.10650634765625 ], [ 96660.21728515625, 95152.1279296875 ], [ 96688.0264892578125, 95170.19189453125 ], [ 96719.82830810546875, 95190.81671142578125 ], [ 96735.073486328125, 95200.90887451171875 ], [ 96749.48529052734375, 95212.031494140625 ], [ 96802.74407958984375, 95258.0718994140625 ], [ 96828.04547119140625, 95279.85687255859375 ], [ 96851.64727783203125, 95300.1915283203125 ], [ 96874.49029541015625, 95319.95587158203125 ], [ 96893.24127197265625, 95336.219482421875 ], [ 96906.0941162109375, 95347.3720703125 ], [ 97015.8291015625, 95461.077880859375 ], [ 97030.64532470703125, 95477.5916748046875 ], [ 97213.93292236328125, 95698.90191650390625 ], [ 97221.77008056640625, 95706.84368896484375 ], [ 97231.7354736328125, 95716.9359130859375 ], [ 97337.2467041015625, 95858.9281005859375 ], [ 97346.2056884765625, 95869.48052978515625 ], [ 97354.347900390625, 95879.1627197265625 ], [ 97376.21728515625, 95905.33868408203125 ], [ 97390.3240966796875, 95922.33251953125 ], [ 97405.84967041015625, 95941.02667236328125 ], [ 97460.576904296875, 96006.80169677734375 ], [ 97465.55133056640625, 96012.7830810546875 ], [ 97551.263916015625, 96109.46490478515625 ], [ 97647.85748291015625, 96219.64990234375 ], [ 97673.28228759765625, 96228.12188720703125 ], [ 97923.5396728515625, 96318.5123291015625 ], [ 98090.1962890625, 96445.62127685546875 ], [ 98337.0631103515625, 96639.38507080078125 ], [ 98565.1868896484375, 96817.47552490234375 ], [ 98579.334716796875, 96828.528076171875 ], [ 98627.36328125, 96782.2974853515625 ], [ 98662.1846923828125, 96749.18011474609375 ], [ 98734.75567626953125, 96680.13427734375 ], [ 98841.62811279296875, 96578.42132568359375 ], [ 98913.827880859375, 96509.7457275390625 ], [ 98984.21270751953125, 96443.14068603515625 ], [ 99040.15252685546875, 96386.67791748046875 ], [ 99155.29107666015625, 96283.31427001953125 ], [ 99217.97088623046875, 96453.38287353515625 ], [ 99337.9434814453125, 96778.7667236328125 ], [ 99375.70989990234375, 96732.736328125 ], [ 99397.8021240234375, 96714.65228271484375 ], [ 99415.22509765625, 96699.78887939453125 ], [ 99426.5928955078125, 96690.2467041015625 ], [ 99600.75653076171875, 96866.646728515625 ], [ 99643.348876953125, 96824.19708251953125 ], [ 99675.11767578125, 96795.280517578125 ], [ 99720.72930908203125, 96753.33087158203125 ], [ 99739.87628173828125, 96734.58673095703125 ], [ 99778.77288818359375, 96699.15869140625 ], [ 99826.422119140625, 96654.75872802734375 ], [ 99845.76708984375, 96636.02447509765625 ], [ 99862.47247314453125, 96619.3306884765625 ], [ 99897.21112060546875, 96584.65887451171875 ] ] ] ] } },
{ "type": "Feature", "properties": { "ID": "112", "CIRCUITO_N": 112, "COMUNA": 10, "BARRIO": "FLORESTA", "TOTAL": 8290.0, "MASCULINO": 3945.0, "FEMENINO": 4345.0, "PERIMETRO": 3067.8044779900001, "AREA": 542171.08825499995 }, "geometry": { "type": "MultiPolygon", "coordinates": [ [ [ [ 99265.1251220703125, 99181.8717041015625 ], [ 99265.240478515625, 99181.55169677734375 ], [ 99066.74908447265625, 99107.8948974609375 ], [ 98828.965087890625, 98927.24407958984375 ], [ 98764.0001220703125, 98989.578125 ], [ 98602.359130859375, 99142.89288330078125 ], [ 98567.36468505859375, 99173.43988037109375 ], [ 98496.2620849609375, 99242.885498046875 ], [ 98387.28607177734375, 99349.84991455078125 ], [ 98376.27288818359375, 99360.09210205078125 ], [ 98257.4635009765625, 99476.88848876953125 ], [ 98182.8052978515625, 99543.60369873046875 ], [ 98169.78887939453125, 99557.14752197265625 ], [ 98187.9365234375, 99564.05828857421875 ], [ 98274.564697265625, 99597.09588623046875 ], [ 98284.03509521484375, 99600.70672607421875 ], [ 98395.72528076171875, 99642.91632080078125 ], [ 98398.14251708984375, 99636.3046875 ], [ 98525.4324951171875, 99684.1956787109375 ], [ 98523.12249755859375, 99689.846923828125 ], [ 98620.64007568359375, 99726.3250732421875 ], [ 98717.29132080078125, 99762.47332763671875 ], [ 98800.7269287109375, 99793.67047119140625 ], [ 98813.91790771484375, 99798.83172607421875 ], [ 98896.380126953125, 99831.0189208984375 ], [ 98907.5662841796875, 99835.2999267578125 ], [ 98924.972900390625, 99841.9412841796875 ], [ 99010.00048828125, 99871.01788330078125 ], [ 99065.2310791015625, 99724.51470947265625 ], [ 99176.53350830078125, 99422.09613037109375 ], [ 99265.1251220703125, 99181.8717041015625 ] ] ] ] } },
{ "type": "Feature", "properties": { "ID": "111", "CIRCUITO_N": 111, "COMUNA": 10, "BARRIO": "FLORESTA", "TOTAL": 13465.0, "MASCULINO": 6463.0, "FEMENINO": 7002.0, "PERIMETRO": 4035.5359290699998, "AREA": 957495.077406 }, "geometry": { "type": "MultiPolygon", "coordinates": [ [ [ [ 99010.00048828125, 99871.01788330078125 ], [ 98924.972900390625, 99841.9412841796875 ], [ 98907.5662841796875, 99835.2999267578125 ], [ 98896.380126953125, 99831.0189208984375 ], [ 98813.91790771484375, 99798.83172607421875 ], [ 98800.7269287109375, 99793.67047119140625 ], [ 98717.29132080078125, 99762.47332763671875 ], [ 98620.64007568359375, 99726.3250732421875 ], [ 98523.12249755859375, 99689.846923828125 ], [ 98525.4324951171875, 99684.1956787109375 ], [ 98398.14251708984375, 99636.3046875 ], [ 98395.72528076171875, 99642.91632080078125 ], [ 98284.03509521484375, 99600.70672607421875 ], [ 98274.564697265625, 99597.09588623046875 ], [ 98187.9365234375, 99564.05828857421875 ], [ 98169.78887939453125, 99557.14752197265625 ], [ 98162.0330810546875, 99565.21868896484375 ], [ 98161.66192626953125, 99565.59869384765625 ], [ 98155.06231689453125, 99572.310302734375 ], [ 98132.367919921875, 99595.37548828125 ], [ 98130.18988037109375, 99597.83612060546875 ], [ 98126.39508056640625, 99601.4468994140625 ], [ 97910.7529296875, 99806.4832763671875 ], [ 97531.646484375, 100173.0465087890625 ], [ 97531.200927734375, 100173.4766845703125 ], [ 97649.49908447265625, 100231.7899169921875 ], [ 97974.109130859375, 100393.83648681640625 ], [ 98028.407470703125, 100420.53271484375 ], [ 98215.88592529296875, 100514.02392578125 ], [ 98216.29010009765625, 100514.3939208984375 ], [ 98309.055908203125, 100561.61468505859375 ], [ 98526.63690185546875, 100675.1903076171875 ], [ 98653.1348876953125, 100753.12811279296875 ], [ 98669.56787109375, 100763.25030517578125 ], [ 98884.261474609375, 100204.60369873046875 ], [ 99004.88592529296875, 99884.59112548828125 ], [ 99010.00048828125, 99871.01788330078125 ] ] ] ] } }
]
}