wikidata_id,nombre,alias,partido_raw,inicio_mandato,fin_mandato,sitelinks,tipo,partido_madre,sitelinks_max
Q6009659,Melitón Arroyo,Meliton Arroyo,,,,1,procer,Prócer,1
Q5895927,Hermógenes Ruiz,Hermogenes Ruiz,,,,2,procer,Prócer,2
Q6299540,Juan Crisóstomo Álvarez,Crisostomo Alvarez,,,,1,procer,Prócer,1
Q6299540,Juan Crisóstomo Álvarez,Crisostomo Álvarez,,,,1,procer,Prócer,1
Q6299540,Juan Crisóstomo Álvarez,Crisóstomo Alvarez,,,,1,procer,Prócer,1
Q6299540,Juan Crisóstomo Álvarez,Crisóstomo Álvarez,,,,1,procer,Prócer,1
Q6299540,Juan Crisóstomo Álvarez,Juan Crisostomo Alvarez,,,,1,procer,Prócer,1
Q6299540,Juan Crisóstomo Álvarez,Juan Crisostomo Álvarez,,,,1,procer,Prócer,1
Q6299540,Juan Crisóstomo Álvarez,Juan Crisóstomo Alvarez,,,,1,procer,Prócer,1
Q5742189,Camilo Rojo,,,,,1,procer,Prócer,1
Q5798128,Daniel Aráoz,Daniel Araoz,,,,1,procer,Prócer,1
Q5830249,Elías Smith,Elias Smith,,,,1,procer,Prócer,1
Q5795896,Cándido Pujato,Candido Pujato,,,,1,procer,Prócer,1
Q5795903,Cándido de Lasala,Candido de Lasala,,,,2,procer,Prócer,2
Q5795997,Cástulo Aparicio,Castulo Aparicio,,,,3,procer,Prócer,3
Q5837922,Apolinario Saravia Tomlinson,Tommo,,,,2,procer,Prócer,2
Q5749799,Carlos Bauness,,,,,1,procer,Prócer,1
Q5750359,Carlos Forest,,,,,1,procer,Prócer,1
Q5750361,Carlos Forest,,,,,1,procer,Prócer,1
Q5796224,César Fournier,Cesar Fournier,,,,1,procer,Prócer,1
Q6553420,Mariquita Sánchez de Thompson,María Josepha Petrona de Todos los Santos Sánchez de Velasco y Trillo,,,,7,procer,Prócer,7
Q6553420,Mariquita Sánchez de Thompson,Maria Sánchez,,,,7,procer,Prócer,7
Q6553420,Mariquita Sánchez de Thompson,María Sanchez,,,,7,procer,Prócer,7
Q6553420,Mariquita Sánchez de Thompson,Maria Sanchez de Mendeville,,,,7,procer,Prócer,7
Q6553420,Mariquita Sánchez de Thompson,Maria Sánchez de Mendeville,,,,7,procer,Prócer,7
Q6553420,Mariquita Sánchez de Thompson,María Sanchez de Mendeville,,,,7,procer,Prócer,7
Q6553420,Mariquita Sánchez de Thompson,María Sánchez de Mendeville,,,,7,procer,Prócer,7
Q6553420,Mariquita Sánchez de Thompson,Maria Sanchez de Thompson,,,,7,procer,Prócer,7
Q6553420,Mariquita Sánchez de Thompson,Maria Sánchez de Thompson,,,,7,procer,Prócer,7
Q6553420,Mariquita Sánchez de Thompson,María Sanchez de Thompson,,,,7,procer,Prócer,7
Q6553420,Mariquita Sánchez de Thompson,María Sánchez de Thompson,,,,7,procer,Prócer,7
Q6553420,Mariquita Sánchez de Thompson,Mariquita Sánchez de Thompson y Mendeville,,,,7,procer,Prócer,7
Q5751551,Carlos Robbio,,,,,1,procer,Prócer,1
Q5751570,Carlos Robinson (marino),,,,,1,procer,Prócer,1
Q5751634,Carlos Roseti,,,,,1,procer,Prócer,1
Q5707660,Arístides Villanueva,Aristides Villanueva,,,,3,procer,Prócer,3
Q5657814,Aarón Castellanos,Aarón Castellanos Velasco,,,,3,procer,Prócer,3
Q19288255,Antonio Cabral de Caravajal,Antonio Cabral de Melo,,,,4,procer,Prócer,4
Q5759046,Cayetano Laprida,,,,,1,procer,Prócer,1
Q5819148,Eduardo Costa,,,,,3,procer,Prócer,3
Q5865029,Francisco Alcobendas,,,,,2,procer,Prócer,2
Q5760104,Celedonio de la Cuesta,,,,,1,procer,Prócer,1
Q5760166,Celestino Vidal,,,,,1,procer,Prócer,1
Q2884632,Manuel Pagola,Manuel Vicente Pagola,,,,2,procer,Prócer,2
Q3742283,Felipe Caronti,,,,,4,procer,Prócer,4
Q6148462,Tomás Craig,Tomas Craig,,,,1,procer,Prócer,1
Q6148479,Tomás Espora,Tomás Domingo de los Dolores Espora,,,,1,procer,Prócer,1
Q6148479,Tomás Espora,Tomas Espora,,,,1,procer,Prócer,1
Q6148527,Tomás José Grigera,Tomas Jose Grigera,,,,1,procer,Prócer,1
Q2917584,Wenceslao Posse,,,,,1,procer,Prócer,1
Q6148550,Tomás Lobo,Tomas Lobo,,,,1,procer,Prócer,1
Q6148689,Tomás de Allende,Tomas de Allende,,,,1,procer,Prócer,1
Q5769868,Cipriano de Urquiza,,,,,1,procer,Prócer,1
Q5770157,Ciriaco Cuitiño,,,,,1,procer,Prócer,1
Q5772423,Clemente Cayrol,,,,,1,procer,Prócer,1
Q4776992,Antonio Sáenz,Antonio María Norberto Sáenz,,,,4,procer,Prócer,4
Q4776992,Antonio Sáenz,Antonio Saenz,,,,4,procer,Prócer,4
Q5995610,Marcelino Freyre,Marcelino Estanislao Freyre,,,,1,procer,Prócer,1
Q2843680,Tomás Arias,Tomas Arias,,,,3,procer,Prócer,3
Q5939227,José Diez y Torena,Jose Diez y Torena,,,,1,procer,Prócer,1
Q5939271,José Domingo Vildoza,Jose Domingo Vildoza,,,,1,procer,Prócer,1
Q5939274,José Domingo de Luque,Jose Domingo de Luque,,,,1,procer,Prócer,1
Q5939277,José Domingo Ábalos,Jose Domingo Abalos,,,,1,procer,Prócer,1
Q5939305,José Dámaso Anzoátegui,Jose Damaso Anzoategui,,,,1,procer,Prócer,1
Q5939569,José Eusebio Agüero,Jose Eusebio Aguero,,,,1,procer,Prócer,1
Q17274862,Tambor de Tacuarí,Tambor de Tacuari,,,,3,procer,Prócer,3
Q3148208,Ignacio Núñez,,,,,2,procer,Prócer,2
Q5647267,Carlos Juan Rodríguez,Carlos Juan Rodriguez,,,,2,procer,Prócer,2
Q5939851,José Frías,Jose Frias,,,,2,procer,Prócer,2
Q5939867,José Félix Bogado,Jose Felix Bogado,,,,2,procer,Prócer,2
Q5939871,José Félix Cerezo,Jose Felix Cerezo,,,,1,procer,Prócer,1
Q5939874,José Félix Correa de Saá,Jose Felix Correa de Saa,,,,1,procer,Prócer,1
Q5939874,José Félix Correa de Saá,José Félix Correa de Saá y Zorraindo,,,,1,procer,Prócer,1
Q465493,Carlos María de Alvear y Balbastro,Carlos Antonio Alvear,,,,24,procer,Prócer,24
Q465493,Carlos María de Alvear y Balbastro,Carlos Antonio de Alvear,,,,24,procer,Prócer,24
Q465493,Carlos María de Alvear y Balbastro,Carlos de Alvear,,,,24,procer,Prócer,24
Q465493,Carlos María de Alvear y Balbastro,Carlos Maria de Alvear,,,,24,procer,Prócer,24
Q465493,Carlos María de Alvear y Balbastro,Carlos María de Alvear,,,,24,procer,Prócer,24
Q5940081,José Giribone,Jose Giribone,,,,2,procer,Prócer,2
Q5940170,José Gregorio Calderón,Jose Gregorio Calderon,,,,1,procer,Prócer,1
Q5792365,Cruz Gorordo,,,,,1,procer,Prócer,1
Q5950304,Juan José Hernández,Juan Jose Hernandez,,,,1,procer,Prócer,1
Q5940478,José Ignacio Correa de Saá,Jose Ignacio Correa de Saa,,,,1,procer,Prócer,1
Q5940478,José Ignacio Correa de Saá,José Ignacio Correa de Saá y Zorraindo,,,,1,procer,Prócer,1
Q5940517,José Ignacio Garmendia y Alurralde,Jose Ignacio Garmendia y Alurralde,,,,1,procer,Prócer,1
Q5940520,José Ignacio González,José Ignacio González (militar),,,,1,procer,Prócer,1
Q5940619,José Ignacio de la Roza,Jose Ignacio de la Roza,,,,1,procer,Prócer,1
Q5940626,José Ildefonso Álvarez de Arenales,Jose Ildefonso Alvarez de Arenales,,,,2,procer,Prócer,2
Q5940659,José Iseas,Jose Iseas,,,,1,procer,Prócer,1
Q5940694,José Javier Aparicio,Jose Javier Aparicio,,,,1,procer,Prócer,1
Q5940698,José Javier Díaz,Jose Javier Diaz,,,,2,procer,Prócer,2
Q5798292,Daniel Domingo de Escalada,,,,,1,procer,Prócer,1
Q5932474,Joaquín Villanueva,Joaquin Villanueva,,,,1,procer,Prócer,1
Q6059796,Pantaleón Sotelo,Pantaleon Sotelo,,,,1,procer,Prócer,1
Q5798789,Daniel de Solier,,,,,2,procer,Prócer,2
Q5940997,José León Domínguez,Jose Leon Dominguez,,,,1,procer,Prócer,1
Q5725880,Benito Martínez,Benito Martinez,,,,1,procer,Prócer,1
Q5941067,José Lucas Ortiz,Jose Lucas Ortiz,,,,1,procer,Prócer,1
Q6042599,Nicolás Villanueva,Nicolas Villanueva,,,,1,procer,Prócer,1
Q5941159,José Luis Bustamante,Jose Luis Bustamante,,,,1,procer,Prócer,1
Q336247,Justo José de Urquiza,Justo Jose de Urquiza,,,,37,procer,Prócer,37
Q5804178,Desiderio Salvadores,,,,,1,procer,Prócer,1
Q5941591,José Luis Pereira Arguibel,Jose Luis Pereira Arguibel,,,,2,procer,Prócer,2
Q5806076,Diego Estanislao Zavaleta,,,,,2,procer,Prócer,2
Q5806512,Henry Willblood,,,,,1,procer,Prócer,1
Q5807580,Dionisio Puch,,,,,2,procer,Prócer,2
Q5807589,Dionisio Quesada,,,,,1,procer,Prócer,1
Q1403170,Felipe Arana,Felipe Benicio de la Paz Arana y Andonaegui,,,,4,procer,Prócer,4
Q7050418,Norberto Quirno Costa,Quirno Costa,,,,6,procer,Prócer,6
Q5812680,Domingo Albariño,,,,,1,procer,Prócer,1
Q5812696,Domingo Antonio Villafañe,,,,,2,procer,Prócer,2
Q5812718,Domingo Bombal,,,,,1,procer,Prócer,1
Q5812951,Domingo de Guerrero,,,,,1,procer,Prócer,1
Q5813292,Donaciano del Campillo,,,,,1,procer,Prócer,1
Q30335605,Joaquín Maciel y Lacoizqueta,Joaquin Maciel,,,,1,procer,Prócer,1
Q30335605,Joaquín Maciel y Lacoizqueta,Joaquín Maciel,,,,1,procer,Prócer,1
Q30335605,Joaquín Maciel y Lacoizqueta,Joaquin Maciel y Lacoizqueta,,,,1,procer,Prócer,1
Q5924171,Jacinto González,Jacinto Gonzalez,,,,1,procer,Prócer,1
Q5750913,Carlos María Urien,CArlos M. Urien,,,,2,procer,Prócer,2
Q5750913,Carlos María Urien,Carlos Maria Urien,,,,2,procer,Prócer,2
Q5750913,Carlos María Urien,Carlos María Urien Elías,,,,2,procer,Prócer,2
Q5816349,Eliseo Acevedo,,,,,1,procer,Prócer,1
Q5672185,Ambrosio Crámer,Ambrosio Cramer,,,,1,procer,Prócer,1
Q5672211,Ambrosio Nicolás Mariano de Pinedo y Arce,Ambrosio Nicolas Mariano de Pinedo y Arce,,,,1,procer,Prócer,1
Q5819316,Eduardo Ignacio Brown y Chitty,,,,,1,procer,Prócer,1
Q5819353,Eduardo Lahitte,,,,,1,procer,Prócer,1
Q5819608,Eduardo Racedo,,,,,2,procer,Prócer,2
Q9025421,Luis Zambrini,Zambrini,,,,1,procer,Prócer,1
Q6300884,Juan Rege Corvalán,Juan Rege Corvalan,,,,2,procer,Prócer,2
Q6300884,Juan Rege Corvalán,Juan Reje Corvalan,,,,2,procer,Prócer,2
Q6300884,Juan Rege Corvalán,Juan Reje Corvalán,,,,2,procer,Prócer,2
Q5696082,José Manuel Estrada,Jose Manuel Estrada,,,,7,procer,Prócer,7
Q27032372,Manuel Quiroga Carril,,,,,1,procer,Prócer,1
Q534713,Elías Villanueva,Elias Villanueva,,,,3,procer,Prócer,3
Q5830880,Emiliano Goldriz,,,,,1,procer,Prócer,1
Q5831050,Emilio Conesa,,,,,3,procer,Prócer,3
Q5831159,Emilio Lamarca,,,,,1,procer,Prócer,1
Q5831237,Emilio Muñiz,,,,,2,procer,Prócer,2
Q5833390,Enrique Guillermo Parker,,,,,3,procer,Prócer,3
Q5833646,Enrique O'Gorman,,,,,1,procer,Prócer,1
Q5833828,Enrique Sinclair,,,,,4,procer,Prócer,4
Q3431491,David Jewett,Daniel Jewett,,,,7,procer,Prócer,7
Q5835236,Erasmo Obligado,,,,,1,procer,Prócer,1
Q6165604,Javier López,Javier Lopez,,,,5,procer,Prócer,5
Q545374,Aristóbulo del Valle,Aristobulo del Valle,,,,6,procer,Prócer,6
Q3181251,John Halstead Coe,John Coe,,,,7,procer,Prócer,7
Q5897801,Hilarión Plaza,Hilarion Plaza,,,,1,procer,Prócer,1
Q5696575,Miguel Otero,,,,,1,procer,Prócer,1
Q5840206,Mariano Gainza,,,,,1,procer,Prócer,1
Q7455541,Servando Bayo,Servando Florencio Bayo,,,,3,procer,Prócer,3
Q270348,José Evaristo de Uriburu,,,,,29,procer,Prócer,29
Q5842929,Marcos Antonio Figueroa,,,,,1,procer,Prócer,1
Q5996660,Marcos Nicolás Juárez,Marcos Nicolás Juarez,,,,1,procer,Prócer,1
Q5846795,Joaquín Acuña,,,,,1,procer,Prócer,1
Q5849151,Esteban Romero,,,,,1,procer,Prócer,1
Q6117606,Salustiano Zavalía,Salustiano Zavalia,,,,2,procer,Prócer,2
Q6117642,Salvador Benedit,Salvador Benedit Eyherabide,,,,2,procer,Prócer,2
Q6149162,Toribio Mendoza,Toribio Domingo Mendoza,,,,1,procer,Prócer,1
Q5850313,Eufemio Uballes,,,,,3,procer,Prócer,3
Q5850327,Eufrasio Videla,,,,,1,procer,Prócer,1
Q5850427,Eugenio Bachmann,,,,,2,procer,Prócer,2
Q5850639,Eugenio del Busto,,,,,1,procer,Prócer,1
Q5852296,Eusebio Gregorio Ruzo,,,,,1,procer,Prócer,1
Q5852399,Eustaquio Cabieces,,,,,1,procer,Prócer,1
Q5852403,Eustaquio Medina,,,,,1,procer,Prócer,1
Q5852437,Eustoquio Moldes,,,,,1,procer,Prócer,1
Q5852693,Evaristo de Uriburu,,,,,1,procer,Prócer,1
Q5852674,Juan Camelino,,,,,1,procer,Prócer,1
Q919485,José Moldes,Jose Moldes,,,,3,procer,Prócer,3
Q8961135,Felipe Senillosa,Felipe Fernando Mariano Senillosa,,,,2,procer,Prócer,2
Q6700770,Luis López Domínguez,,,,,2,procer,Prócer,2
Q5944691,José Posse,Jose Posse,,,,1,procer,Prócer,1
Q13362649,Amán Rawson,Aman Rawson,,,,3,procer,Prócer,3
Q5956088,Julián González Salomón,Julián González,,,,1,procer,Prócer,1
Q5856772,Faustino Allende,,,,,1,procer,Prócer,1
Q5849012,Esteban Arze,Esteban Mariano Arze Alba y Uriona,,,,2,procer,Prócer,2
Q2528692,Juan Lavalle,Juan Galo de Lavalle,,,,16,procer,Prócer,16
Q2528692,Juan Lavalle,Juan Galo Levieux de Lavalle,,,,16,procer,Prócer,16
Q5857871,Federico Spurr,,,,,1,procer,Prócer,1
Q5858228,Felipe Heredia,,,,,1,procer,Prócer,1
Q5858361,Felipe Pereyra de Lucena,,,,,1,procer,Prócer,1
Q5858419,Felipe Santiago Cardoso,,,,,1,procer,Prócer,1
Q4821295,Augusto Lasserre,,,,,4,procer,Prócer,4
Q5800244,David Ovejero González,David Ovejero Gonzalez,,,,1,procer,Prócer,1
Q16859353,Juan Miguel de Esparza,,,,,3,procer,Prócer,3
Q16859408,Francisco López de Osornio Merlo,,,,,1,procer,Prócer,1
Q16859374,Ramón López de Osornio,,,,,1,procer,Prócer,1
Q5863244,Floro Anastasio Latorre,,,,,1,procer,Prócer,1
Q7050418,Norberto Quirno Costa,Norberto Camilo Quirno Costa,,,,6,procer,Prócer,6
Q5865039,Francisco Aldao,,,,,1,procer,Prócer,1
Q5865260,Francisco Beuf,,,,,2,procer,Prócer,2
Q5865455,Francisco Civit,,,,,3,procer,Prócer,3
Q5865458,Francisco Clavero,,,,,1,procer,Prócer,1
Q18416160,Manuel María Escalada,Manuel Maria Escalada,,,,1,procer,Prócer,1
Q5865555,Francisco Drummond,,,,,4,procer,Prócer,4
Q5865663,Francisco Faramiñán,,,,,1,procer,Prócer,1
Q5865728,Francisco Fourmantin,,,,,1,procer,Prócer,1
Q5800665,Juan Estanislao de Elías,Juan Estanislao de Elias,,,,1,procer,Prócer,1
Q2011940,Adolfo Alsina,,,,,13,procer,Prócer,13
Q5866493,Francisco Lasala,,,,,1,procer,Prócer,1
Q5866559,Francisco Lynch,,,,,1,procer,Prócer,1
Q5867054,Francisco Pico,,,,,2,procer,Prócer,2
Q5867058,Francisco Pico,,,,,1,procer,Prócer,1
Q5867809,Francisco Zelada,,,,,1,procer,Prócer,1
Q5867955,Francisco de Gurruchaga,,,,,1,procer,Prócer,1
Q5869853,Fructuoso Ontiveros,,,,,1,procer,Prócer,1
Q5873293,Gabriel Cuñado,,,,,1,procer,Prócer,1
Q5873487,Gabriel Ocampo,,,,,1,procer,Prócer,1
Q19259938,Sofanor de la Silva,,,,,2,procer,Prócer,2
Q19260152,Juan de Dios Usandivaras,,,,,1,procer,Prócer,1
Q5875865,Gaspar Villafañe,,,,,1,procer,Prócer,1
Q18417096,Ezequiel Colombres,José Ezequiel Colombres Alurralde,,,,1,procer,Prócer,1
Q5647929,Bernabé López,Bernabe Lopez,,,,2,procer,Prócer,2
Q5445017,Fernando de la Mora,Fernando de la mora,,,,5,procer,Prócer,5
Q5445017,Fernando de la Mora,Fernando de la Mora del Cazal y Sanabria,,,,5,procer,Prócer,5
Q46379,José Videla Castillo,Jose Videla Castillo,,,,3,procer,Prócer,3
Q5648048,Francisco Erézcano,Francisco Erezcano,,,,1,procer,Prócer,1
Q5878262,Gerardo Fisher,,,,,1,procer,Prócer,1
Q5878970,Gervasio Espinosa,,,,,1,procer,Prócer,1
Q5878984,Gervasio Ortiz de Rozas,,,,,1,procer,Prócer,1
Q112805428,Alejandro Maiz,,,,,1,procer,Prócer,1
Q3822036,Eduardo Madero,,,,,6,procer,Prócer,6
Q89290877,Bernabé Demaría,Bernabe Demaria,,,,2,procer,Prócer,2
Q3179759,Joaquín Campana,Joaquin Campana,,,,2,procer,Prócer,2
Q5885528,Gregorio Salvadores,,,,,1,procer,Prócer,1
Q5888334,Guillermo Bathurst,,,,,1,procer,Prócer,1
Q5888478,Guillermo Denegri,,,,,1,procer,Prócer,1
Q5888508,Guillermo Enrique Granville,,,,,1,procer,Prócer,1
Q5379652,Enrique Campino,Enrique Campino Salamanca,,,,3,procer,Prócer,3
Q19288372,Thomas de Roxas,,,,,1,procer,Prócer,1
Q57166643,Estanislao Panelo y Pérez de Saravia,"Estanislao Panelo ""el Nieto""",,,,1,procer,Prócer,1
Q57166643,Estanislao Panelo y Pérez de Saravia,José Estanislao Panelo,,,,1,procer,Prócer,1
Q18419090,Juan Zelarayán,Juan Zelarayan,,,,1,procer,Prócer,1
Q18419090,Juan Zelarayán,Juan Zelarayán Montenegro,,,,1,procer,Prócer,1
Q5897753,Hilario Correas,,,,,1,procer,Prócer,1
Q5041733,Carlos Alfredo D'Amico,Carlos D'Amico,,,,3,procer,Prócer,3
Q6068625,Pedro Díaz Colodrero,Pedro de Alcantara Diaz Colodrero,,,,1,procer,Prócer,1
Q6068625,Pedro Díaz Colodrero,Pedro de Alcántara Díaz Colodrero,,,,1,procer,Prócer,1
Q6068625,Pedro Díaz Colodrero,Pedro Diaz Colodrero,,,,1,procer,Prócer,1
Q5041908,Carlos Casares (gobernador),Carlos Gumersindo Casares,,,,6,procer,Prócer,6
Q5904412,Hugo Campbell,,,,,1,procer,Prócer,1
Q5956865,Justiniano Posse,,,,,1,procer,Prócer,1
Q1443439,Tomás Manuel de Anchorena,Tomas de Anchorena,,,,7,procer,Prócer,7
Q1443439,Tomás Manuel de Anchorena,Tomás de Anchorena,,,,7,procer,Prócer,7
Q1443439,Tomás Manuel de Anchorena,Tomás Manuel de Anchorena López de Anaya,,,,7,procer,Prócer,7
Q5750505,Carlos González,Carlos Gonzalez,,,,1,procer,Prócer,1
Q5942828,José María Cullen,Jose Maria Cullen,,,,2,procer,Prócer,2
Q5996873,Mardoqueo Molina,Mardoqueo Molina Figueroa,,,,1,procer,Prócer,1
Q5996876,Mardoqueo Molina y Bazán,Mardoqueo Molina,,,,1,procer,Prócer,1
Q5996876,Mardoqueo Molina y Bazán,Mardoqueo Molina y Bazan,,,,1,procer,Prócer,1
Q5913119,Ignacio Bringas,,,,,1,procer,Prócer,1
Q5913180,Ignacio Crespo,,,,,1,procer,Prócer,1
Q5913516,Ignacio Rivas,,,,,2,procer,Prócer,2
Q5913873,Ildefonso Catolis,,,,,1,procer,Prócer,1
Q2887489,Lorenzo Torres,,,,,2,procer,Prócer,2
Q5942889,José María Fascio,Jose Maria Fascio,,,,1,procer,Prócer,1
Q5942919,José María Flores (militar),José María Flores,,,,1,procer,Prócer,1
Q5915096,Indalecio Chenaut,,,,,1,procer,Prócer,1
Q5942928,José María Francia,Jose Maria Francia,,,,1,procer,Prócer,1
Q5943105,José María Linares,Jose Maria Linares,,,,1,procer,Prócer,1
Q5943105,José María Linares,José María Linares (militar),,,,1,procer,Prócer,1
Q5943335,José María Pinedo,Jose Maria Pinedo,,,,4,procer,Prócer,4
Q5943416,José María Reina,Jose Maria Reina,,,,1,procer,Prócer,1
Q5493830,Juan de Dios Videla,Juan de Dios Videla Moyano,,,,2,procer,Prócer,2
Q5943485,José María Roxas y Patrón,Jose Maria Roxas y Patron,,,,1,procer,Prócer,1
Q5943530,José María Saravia y Jáuregui,Jose Maria Saravia y Jauregui,,,,1,procer,Prócer,1
Q5920223,Ireneo Portela,,,,,1,procer,Prócer,1
Q5943604,José María Todd,Jose Maria Todd,,,,1,procer,Prócer,1
Q5943619,José María Urien,Jose Maria Urien,,,,1,procer,Prócer,1
Q5943616,José María Uriburu,Jose Maria Uriburu,,,,2,procer,Prócer,2
Q5943667,José María Vilela,Jose Maria Vilela,,,,1,procer,Prócer,1
Q5943679,José María Villanueva,Jose Maria Villanueva,,,,1,procer,Prócer,1
Q5943779,José María del Carril,Jose Maria del Carril,,,,2,procer,Prócer,2
Q5943792,José María Álvarez Prado,Jose Maria Alvarez Prado,,,,1,procer,Prócer,1
Q5943797,José María Ávalos,Jose Maria Avalos,,,,1,procer,Prócer,1
Q5921184,Isidoro De la Sota,,,,,1,procer,Prócer,1
Q5943895,José Miguel Arredondo,Jose Miguel Arredondo,,,,2,procer,Prócer,2
Q5924136,Jacinto Andrada,,,,,1,procer,Prócer,1
Q5924163,Jacinto Estivao,,,,,1,procer,Prócer,1
Q5943965,José Miguel Guastavino,Jose Miguel Guastavino,,,,2,procer,Prócer,2
Q2269478,Juan José Viamonte,Juan Jose Viamonte,,,,15,procer,Prócer,15
Q2269490,Juan Ramón González de Balcarce,Juan Ramon Balcarce,,,,14,procer,Prócer,14
Q2269490,Juan Ramón González de Balcarce,Juan Ramón Balcarce,,,,14,procer,Prócer,14
Q2269490,Juan Ramón González de Balcarce,Juan Ramon Gonzalez Balcarce,,,,14,procer,Prócer,14
Q2269490,Juan Ramón González de Balcarce,Juan Ramon González Balcarce,,,,14,procer,Prócer,14
Q2269490,Juan Ramón González de Balcarce,Juan Ramón Gonzalez Balcarce,,,,14,procer,Prócer,14
Q2269490,Juan Ramón González de Balcarce,Juan Ramón González Balcarce,,,,14,procer,Prócer,14
Q2269490,Juan Ramón González de Balcarce,Juan Ramon Gonzalez de Balcarce,,,,14,procer,Prócer,14
Q2269490,Juan Ramón González de Balcarce,Juan Ramon González de Balcarce,,,,14,procer,Prócer,14
Q2269490,Juan Ramón González de Balcarce,Juan Ramón Gonzalez de Balcarce,,,,14,procer,Prócer,14
Q2269490,Juan Ramón González de Balcarce,Ramon Balcarce,,,,14,procer,Prócer,14
Q2269490,Juan Ramón González de Balcarce,Ramón Balcarce,,,,14,procer,Prócer,14
Q2269506,Manuel Vicente Maza,Manuel Maza,,,,13,procer,Prócer,13
Q5847043,Manuel Álvarez Prado,Manuel Alvarez Prado,,,,1,procer,Prócer,1
Q1291224,Eduardo Wilde,Eduardo Faustino Wilde,,,,8,procer,Prócer,8
Q1291224,Eduardo Wilde,Jose Eduardo Wilde,,,,8,procer,Prócer,8
Q1291224,Eduardo Wilde,José Eduardo Wilde,,,,8,procer,Prócer,8
Q5944531,José Patricio González Balcarce,Jose Patricio Gonzalez Balcarce,,,,1,procer,Prócer,1
Q16941694,Francisco Delgado,,,,,1,procer,Prócer,1
Q6752430,Manuel Baigorria,,,,,4,procer,Prócer,4
Q5944778,José Pío Cisneros,Jose Pio Cisneros,,,,1,procer,Prócer,1
Q5932249,Joaquín Montaña,,,,,1,procer,Prócer,1
Q6753047,Manuela Pedraza,,,,,6,procer,Prócer,6
Q107303665,Ángel Sastre,Ángel Bernardo Sastre,,,,2,procer,Prócer,2
Q5933654,John Thomond O'Brien,,,,,3,procer,Prócer,3
Q5945217,José Roque Funes,Jose Roque Funes,,,,1,procer,Prócer,1
Q5935274,Jorge Hobson Lowry,,,,,1,procer,Prócer,1
Q5945258,José Rufino Zado Rodríguez,Jose Rufino Zado Rodriguez,,,,1,procer,Prócer,1
Q5945272,José Ruiz Huidobro,Jose Ruiz Huidobro,,,,1,procer,Prócer,1
Q2918548,Alejo del Carmen Guzmán,Alejo del Carmen Guzman,,,,3,procer,Prócer,3
Q5945559,José Severo de Olmos,Jose Severo de Olmos,,,,1,procer,Prócer,1
Q2848406,Hipólito Bouchard,Bouchard,,,,12,procer,Prócer,12
Q5945592,José Silvano Daza,Jose Silvano Daza,,,,1,procer,Prócer,1
Q5938149,José Antonio Sánchez (San Juan),,,,,1,procer,Prócer,1
Q5938483,José Benjamín Gorostiaga,,,,,4,procer,Prócer,4
Q5945615,José Simón García de Cossio,Jose Simon Garcia de Cossio,,,,1,procer,Prócer,1
Q5945675,José Superí,Jose Superi,,,,1,procer,Prócer,1
Q5945766,José Tiburcio Benegas,Jose Tiburcio Benegas,,,,1,procer,Prócer,1
Q2443800,Torcuato de Alvear y Sáenz de la Quintanilla,Torcuato Antonio de Alvear,,,,7,procer,Prócer,7
Q2443800,Torcuato de Alvear y Sáenz de la Quintanilla,Torcuato de alvear,,,,7,procer,Prócer,7
Q5945929,José Valentín de Olavarría,Jose Valentin de Olavarria,,,,1,procer,Prócer,1
Q5946030,José Vicente de Olmos,Jose Vicente de Olmos,,,,1,procer,Prócer,1
Q6762329,Mariano Cabal,,,,,2,procer,Prócer,2
Q6762419,Mariano Vera,,,,,4,procer,Prócer,4
Q5943924,José Miguel Díaz Vélez,,,,,2,procer,Prócer,2
Q5944880,Manuel Lagraña,,,,,2,procer,Prócer,2
Q5438893,Gregorio Funes,Deán Funes,,,,7,procer,Prócer,7
Q32923907,Carlos Panelo,,,,,1,procer,Prócer,1
Q5937907,José Luis Manzano,Jose Luis Manzano,,,,1,procer,Prócer,1
Q5947424,Juan Antonio Rojas,,,,,1,procer,Prócer,1
Q5947647,Juan Barbeito,,,,,1,procer,Prócer,1
Q5947717,Juan Bautista Charlone,,,,,3,procer,Prócer,3
Q5947844,Juan Bautista Thorne,,,,,1,procer,Prócer,1
Q5948046,Juan Cabassa,,,,,1,procer,Prócer,1
Q5948885,Juan Correa Morales,,,,,1,procer,Prócer,1
Q5949105,Juan Dillon,,,,,1,procer,Prócer,1
Q5949345,Juan Eusebio Balboa,,,,,1,procer,Prócer,1
Q5949348,Juan Eusebio Torrent,,,,,2,procer,Prócer,2
Q5949481,Juan Fitton O'Connor,,,,,1,procer,Prócer,1
Q5949512,Juan Francisco Borges,,,,,1,procer,Prócer,1
Q5949519,Juan Francisco Echauri,,,,,1,procer,Prócer,1
Q5949611,Juan Francisco Zamudio,,,,,1,procer,Prócer,1
Q5949608,Juan Francisco Tarragona,,,,,2,procer,Prócer,2
Q5949824,Juan Gregorio Lemos,,,,,4,procer,Prócer,4
Q5950018,Juan Ignacio Gorriti,,,,,3,procer,Prócer,3
Q5950083,Juan Izquierdo (militar),,,,,1,procer,Prócer,1
Q5950625,Juan King,,,,,1,procer,Prócer,1
Q5950691,Juan Llerena,,,,,2,procer,Prócer,2
Q5950904,Juan Manuel Aparicio,,,,,1,procer,Prócer,1
Q5950926,Juan Manuel Cabot,,,,,1,procer,Prócer,1
Q5951630,Juan Nepomuceno Uriburu,,,,,1,procer,Prócer,1
Q5951769,Juan Pablo Bulnes,,,,,1,procer,Prócer,1
Q5951787,Juan Pablo Fretes,,,,,1,procer,Prócer,1
Q5952070,Juan Posse,,,,,1,procer,Prócer,1
Q5952408,Juan Rosas,,,,,1,procer,Prócer,1
Q4668879,Abraham González,Abraham gonzalez (argentina),,,,3,procer,Prócer,3
Q4668879,Abraham González,Abraham Gonzalez (Argentina),,,,3,procer,Prócer,3
Q4668879,Abraham González,Abraham González (Argentina),,,,3,procer,Prócer,3
Q4668879,Abraham González,Abraham Gonzalez (militar),,,,3,procer,Prócer,3
Q4668879,Abraham González,Abraham Gonzalez Argentina,,,,3,procer,Prócer,3
Q2443800,Torcuato de Alvear y Sáenz de la Quintanilla,Torcuato de Alvear,,,,7,procer,Prócer,7
Q5953115,Juan de Dios Correas,,,,,1,procer,Prócer,1
Q5953148,Juan de Dios Rawson,,,,,1,procer,Prócer,1
Q7106459,Oseas Guiñazú,Oseas Guinazu,,,,2,procer,Prócer,2
Q7106459,Oseas Guiñazú,Oseas Guinazú,,,,2,procer,Prócer,2
Q7106459,Oseas Guiñazú,Oseas Guiñazu,,,,2,procer,Prócer,2
Q1713166,Julián Álvarez,Julian Alvarez,,,,6,procer,Prócer,6
Q1713166,Julián Álvarez,Julian Álvarez,,,,6,procer,Prócer,6
Q1713166,Julián Álvarez,Julián Alvarez,,,,6,procer,Prócer,6
Q5801767,Delfín B. Huergo,Delfin B. Huergo,,,,1,procer,Prócer,1
Q5801775,Delfín Leguizamón,Delfin Leguizamon,,,,1,procer,Prócer,1
Q5669163,Gregorio Gavier,Gregorio Ignacio Gavier,,,,1,procer,Prócer,1
Q4180986,Juan Felipe Ibarra,Juan Ibarra,,,,7,procer,Prócer,7
Q5954964,Julio Astrada,,,,,1,procer,Prócer,1
Q5955056,Julio Campos,,,,,1,procer,Prócer,1
Q2886767,Francisco Isidro Borges Lafinur,Francisco Borges,,,,3,procer,Prócer,3
Q5955903,Julio de Vedia,,,,,3,procer,Prócer,3
Q5956899,Justino Solari,,,,,1,procer,Prócer,1
Q5956946,Justo Correas,,,,,1,procer,Prócer,1
Q5997521,Mariano Adrián Varela,Mariano Adrian Varela,,,,1,procer,Prócer,1
Q2887095,Nicolás Villanueva,Nicolas Villanueva,,,,1,procer,Prócer,1
Q5997596,Mariano Benito Rolón,Mariano Benito Rolon,,,,1,procer,Prócer,1
Q5997624,Mariano Camelino,Mariano Leandro Camelino,,,,1,procer,Prócer,1
Q725378,Luis Jorge Fontana,Luis J. Fontana,,,,9,procer,Prócer,9
Q5997689,Mariano Echenagucía,Mariano Echenagucia,,,,2,procer,Prócer,2
Q5997695,Mariano Escalada,Mariano de Escalada y de la Quintana,,,,1,procer,Prócer,1
Q5997841,Mariano Mendizábal,Mariano Mendizabal,,,,1,procer,Prócer,1
Q437289,Dalmacio Vélez Sarsfield,Dámaso Simón Dalmacio Vélez Sarsfield,,,,11,procer,Prócer,11
Q959624,José Rondeau,Jose Rondeau,,,,19,procer,Prócer,19
Q5674216,Anacleto Burgoa,José Anacleto Burgoa,,,,1,procer,Prócer,1
Q3181251,John Halstead Coe,Juan Coe,,,,7,procer,Prócer,7
Q130028790,Ferenc Széchényi,,,,,1,procer,Prócer,1
Q5725114,Belisario López,Belisario Lopez,,,,1,procer,Prócer,1
Q5946984,Juan Acosta,,,,,2,procer,Prócer,2
Q9015733,Juan Madariaga,,,,,5,procer,Prócer,5
Q2509053,Juan Pedro Aguirre,Juan Aguirre y Lopez,,,,13,procer,Prócer,13
Q2509053,Juan Pedro Aguirre,Juan Aguirre y López,,,,13,procer,Prócer,13
Q2509053,Juan Pedro Aguirre,Juan Pedro de Aguirre,,,,13,procer,Prócer,13
Q2509053,Juan Pedro Aguirre,Juan Pedro Julian Aguirre y Lopez de Anaya,,,,13,procer,Prócer,13
Q2509053,Juan Pedro Aguirre,Juan Pedro Julian Aguirre y López de Anaya,,,,13,procer,Prócer,13
Q2509053,Juan Pedro Aguirre,Juan Pedro Julián Aguirre y Lopez de Anaya,,,,13,procer,Prócer,13
Q9016007,Juan Spikerman,,,,,2,procer,Prócer,2
Q5573750,José Ignacio Garmendia,Jose Ignacio Garmendia,,,,8,procer,Prócer,8
Q4925288,Blas Videla,,,,,4,procer,Prócer,4
Q8962306,Francisco Bernabé Madero,Francisco B Madero,,,,7,procer,Prócer,7
Q8962306,Francisco Bernabé Madero,Francisco B. Madero,,,,7,procer,Prócer,7
Q8962306,Francisco Bernabé Madero,Francisco Bernabe Madero,,,,7,procer,Prócer,7
Q5971768,Laureano Saravia,,,,,1,procer,Prócer,1
Q5971772,Laureano de Anzoátegui,,,,,1,procer,Prócer,1
Q8962511,Francisco Narciso de Laprida,Francisco de Laprida,,,,6,procer,Prócer,6
Q8962511,Francisco Narciso de Laprida,Francisco Laprida,,,,6,procer,Prócer,6
Q8962511,Francisco Narciso de Laprida,Francisco narciso de laprida,,,,6,procer,Prócer,6
Q8962511,Francisco Narciso de Laprida,Francisco Narciso Laprida,,,,6,procer,Prócer,6
Q5972185,Leandro Antonio Alen,,,,,1,procer,Prócer,1
Q5973211,Leonardo Rosales,,,,,1,procer,Prócer,1
Q5973434,Leopoldo Basavilbaso,,,,,2,procer,Prócer,2
Q5973477,Leopoldo Nelson,,,,,1,procer,Prócer,1
Q5943212,José María Moreno,Jose Maria Moreno,,,,1,procer,Prócer,1
Q6089362,Prudencio Rosas,Prudencio Ortiz de Rozas,,,,3,procer,Prócer,3
Q5574981,Antonio Ramírez,Antonio Ramirez,,,,1,procer,Prócer,1
Q6120807,Santiago Allende,Santiago Alejo de Allende,,,,1,procer,Prócer,1
Q6700819,Luis María Campos,Luis Maria Campos,,,,6,procer,Prócer,6
Q6120872,Santiago Cortínez,Santiago Cortinez,,,,1,procer,Prócer,1
Q5976765,Lino Adolfo Neves,,,,,1,procer,Prócer,1
Q5976769,Lino Almandoz,,,,,1,procer,Prócer,1
Q5976951,Lisandro Olmos,,,,,1,procer,Prócer,1
Q2919818,Félix Aguirre,Felix Aguirre,,,,1,procer,Prócer,1
Q6120909,Santiago María Figueredo,Santiago Maria Figueredo,,,,1,procer,Prócer,1
Q5979057,Lorenzo Lugones,,,,,1,procer,Prócer,1
Q5979119,Lorenzo Vintter,,,,,5,procer,Prócer,5
Q5981952,Lucas Vivas,,,,,1,procer,Prócer,1
Q6002949,Martín Zapata,Martin Zapata,,,,1,procer,Prócer,1
Q7820536,Tomás de Rocamora (militar),,,,,4,procer,Prócer,4
Q6121412,Santos Guayama,José de los Santos Guayama,,,,1,procer,Prócer,1
Q5479209,Ramón Bustos,Ramon Bustos,,,,1,procer,Prócer,1
Q5982107,Luciano Leiva,,,,,1,procer,Prócer,1
Q5982120,Luciano Montes de Oca,,,,,1,procer,Prócer,1
Q5982145,Luciano Torrent,,,,,1,procer,Prócer,1
Q5982325,Lucio Salvadores,,,,,1,procer,Prócer,1
Q17084455,Pedro Morales y Mercado,,,,,1,procer,Prócer,1
Q5982966,Luis Cabassa,,,,,1,procer,Prócer,1
Q5971764,Laureano Nazar,Laureano Nazar Anzorena,,,,1,procer,Prócer,1
Q9029724,Martiniano Charras,,,,,1,procer,Prócer,1
Q5983722,Luis José de la Peña,,,,,4,procer,Prócer,4
Q5984198,Luis Py,,,,,1,procer,Prócer,1
Q5984450,Luis Videla,,,,,1,procer,Prócer,1
Q27978568,Eusebio Martínez de Mollinedo,Eusebio Martinez de Mollinedo,,,,1,procer,Prócer,1
Q16556873,Diego José de Pueyrredón,Diego Jose de Pueyrredon,,,,1,procer,Prócer,1
Q5988731,Macedonio Graz,,,,,1,procer,Prócer,1
Q6146413,Tiburcio Padilla,,,,,2,procer,Prócer,2
Q5942266,José Manuel Pérez,Jose Manuel Perez,,,,1,procer,Prócer,1
Q5992160,Manuel Aniceto Padilla,,,,,1,procer,Prócer,1
Q5992218,Manuel Antonio Saravia,,,,,1,procer,Prócer,1
Q5992396,Manuel Basavilbaso,,,,,3,procer,Prócer,3
Q5992445,Manuel Besares,,,,,1,procer,Prócer,1
Q5756207,Casimiro Biguá,Casimiro Bigua,,,,3,procer,Prócer,3
Q5756207,Casimiro Biguá,Casimiro Fourmantin,,,,3,procer,Prócer,3
Q5992607,Manuel Castañer,,,,,1,procer,Prócer,1
Q5992740,Manuel Derqui,,,,,1,procer,Prócer,1
Q5992882,Manuel Felipe Molina,,,,,1,procer,Prócer,1
Q5993259,Manuel Hidalgo (militar),,,,,1,procer,Prócer,1
Q5993269,Manuel Hornos,,,,,4,procer,Prócer,4
Q5993303,Manuel Ignacio Molina,,,,,1,procer,Prócer,1
Q5993457,Manuel Leoncio Rico,,,,,1,procer,Prócer,1
Q5993923,Manuel Obligado,,,,,1,procer,Prócer,1
Q5993921,Manuel Obarrio,,,,,2,procer,Prócer,2
Q925188,Ricardo López Jordán,Ricardo Lopez Jordan,,,,6,procer,Prócer,6
Q7925214,Vicente de Azcuénaga,Vicente de Azcuenaga,,,,3,procer,Prócer,3
Q7925214,Vicente de Azcuénaga,Vicente de Azcuénaga Iturbe,,,,3,procer,Prócer,3
Q5993987,Manuel Patricio Rojas,,,,,1,procer,Prócer,1
Q5994188,Manuel Ricardo Trelles,,,,,4,procer,Prócer,4
Q5994268,Manuel Rosetti,,,,,1,procer,Prócer,1
Q5994599,Manuel Virto,,,,,1,procer,Prócer,1
Q5812888,Domingo Rodríguez,Domingo Rodriguez,,,,1,procer,Prócer,1
Q5947419,Juan Antonio Rodríguez,Juan Antonio Rodriguez,,,,1,procer,Prócer,1
Q5946115,José Víctor Posse,Jose Victor Posse,,,,1,procer,Prócer,1
Q6122087,Saturnino Funes,Saturnino Doncel Funes,,,,1,procer,Prócer,1
Q5995649,Marcelino Poblet,,,,,1,procer,Prócer,1
Q5996275,Marco Aurelio Avellaneda,,,,,3,procer,Prócer,3
Q5946295,José de Medeiros,Jose de Medeiros,,,,1,procer,Prócer,1
Q927664,Manuel de Sarratea,Manuel de Sarratea y Altolaguirre,,,,10,procer,Prócer,10
Q927664,Manuel de Sarratea,Manuel Sarratea,,,,10,procer,Prócer,10
Q5850287,Eudoro Balsa,Eudoro Aristarco Balsa,,,,1,procer,Prócer,1
Q5946447,José de la Quintana,Jose de la Quintana,,,,1,procer,Prócer,1
Q5996488,Marcos Azcona,,,,,1,procer,Prócer,1
Q5996666,Marcos Orellano,,,,,0,procer,Prócer,0
Q99522123,Isidoro Acevedo Laprida,,,,,0,procer,Prócer,0
Q123102447,Manuel Segundo Ordóñez,,,,,1,procer,Prócer,1
Q2271483,Manuel Quintana,Manuel Pedro Quintana,,,,27,procer,Prócer,27
Q11066379,Jerónimo Zelarrayán,Gerónimo Zelarayán,,,,1,procer,Prócer,1
Q11066379,Jerónimo Zelarrayán,Jeronimo Zelarrayan,,,,1,procer,Prócer,1
Q5997583,Mariano Barilari,,,,,1,procer,Prócer,1
Q5997656,Mariano Cordero,,,,,1,procer,Prócer,1
Q5997699,Mariano Espina,,,,,1,procer,Prócer,1
Q5997724,Mariano Francisco Haedo,,,,,1,procer,Prócer,1
Q5997785,Mariano Iriarte,,,,,1,procer,Prócer,1
Q5997791,Mariano Iturbe,,,,,1,procer,Prócer,1
Q5997834,Mariano Maza,,,,,2,procer,Prócer,2
Q5997933,Mariano Saavedra,,,,,2,procer,Prócer,2
Q5997940,Mariano Salas,,,,,1,procer,Prócer,1
Q5997948,Mariano Santibáñez,,,,,1,procer,Prócer,1
Q5998043,Mariano de Gordaliza,,,,,1,procer,Prócer,1
Q5947015,Juan Agustín Ortiz Estrada,Juan Agustin Ortiz Estrada,,,,1,procer,Prócer,1
Q5947012,Juan Agustín Moyano,Juan Agustin Moyano,,,,1,procer,Prócer,1
Q5947025,Juan Alagón,Juan Alagon,,,,1,procer,Prócer,1
Q3847746,Mariano Acosta,,,,,9,procer,Prócer,9
Q5947165,Juan Andrés Gelly,Juan Andres Gelly,,,,3,procer,Prócer,3
Q5947327,Juan Antonio Lezica Aramburu,Juan Antonio de Lezica Aramburu,,,,1,procer,Prócer,1
Q5947436,Juan Antonio Saráchaga,Juan Antonio Sarachaga,,,,2,procer,Prócer,2
Q5851243,Francisco Crespo y Denis,Juan Francisco Crespo y Denis,,,,3,procer,Prócer,3
Q5947531,Juan Apóstol Martínez,Juan Apostol Martinez,,,,1,procer,Prócer,1
Q2165373,General Deheza,Ramon Antonio Deheza,,,,2,procer,Prócer,2
Q2165373,General Deheza,Ramón Antonio Deheza,,,,2,procer,Prócer,2
Q2165373,General Deheza,Roman Antonio Deheza,,,,2,procer,Prócer,2
Q2165373,General Deheza,Román Antonio Deheza,,,,2,procer,Prócer,2
Q2165373,General Deheza,Roman Deheza,,,,2,procer,Prócer,2
Q5947780,Juan Bautista Morón,Juan Bautista Moron,,,,1,procer,Prócer,1
Q5947790,Juan Bautista Méndez,Juan Bautista Mendez,,,,2,procer,Prócer,2
Q18203114,Manuel Fortunato Rodríguez,Manuel Fortunato Rodriguez,,,,2,procer,Prócer,2
Q18203228,Andrés Somellera,Andres Somellera,,,,1,procer,Prócer,1
Q130214907,Nicanor Larrain,,,,,2,procer,Prócer,2
Q6002386,Martiniano Chilavert,,,,,5,procer,Prócer,5
Q5948035,Manuel Macedonio Barbarín,Manuel Macedonio Barbarin,,,,1,procer,Prócer,1
Q6005878,Mateo García de Zúñiga,,,,,2,procer,Prócer,2
Q6005910,Mateo Luque,,,,,2,procer,Prócer,2
Q4135885,José Nicolás Jorge,Jose Jorge,,,,3,procer,Prócer,3
Q4135885,José Nicolás Jorge,Jose Nicolas Jorge,,,,3,procer,Prócer,3
Q4135885,José Nicolás Jorge,Jose Nicolás Jorge,,,,3,procer,Prócer,3
Q4135885,José Nicolás Jorge,José Nicolas Jorge,,,,3,procer,Prócer,3
Q4135885,José Nicolás Jorge,Nicolás Jorge,,,,3,procer,Prócer,3
Q4135885,José Nicolás Jorge,Nicolás Jorge Kolmaniatis,,,,3,procer,Prócer,3
Q5852322,Eusebio Valdenegro,Eusebio Valdenegro y Leal,,,,2,procer,Prócer,2
Q2848406,Hipólito Bouchard,Hipolito Bouchard,,,,12,procer,Prócer,12
Q2848406,Hipólito Bouchard,Hipolito Buchardo,,,,12,procer,Prócer,12
Q2848406,Hipólito Bouchard,Hipólito Buchardo,,,,12,procer,Prócer,12
Q2848406,Hipólito Bouchard,Hipolito de Bouchard,,,,12,procer,Prócer,12
Q2848406,Hipólito Bouchard,Hipólito de Bouchard,,,,12,procer,Prócer,12
Q2848406,Hipólito Bouchard,Hippolyte Bouchard,,,,12,procer,Prócer,12
Q2848406,Hipólito Bouchard,Hippolyte de Bouchard,,,,12,procer,Prócer,12
Q5852433,Eustoquio Frías,Eustoquio Frias,,,,2,procer,Prócer,2
Q7420209,Santiago Albarracín,Santiago Albarracin,,,,3,procer,Prócer,3
Q2501677,José María Paz,J M Paz,,,,12,procer,Prócer,12
Q2501677,José María Paz,J M. Paz,,,,12,procer,Prócer,12
Q2501677,José María Paz,J. M. Paz,,,,12,procer,Prócer,12
Q2501677,José María Paz,Jose Maria Paz,,,,12,procer,Prócer,12
Q2501677,José María Paz,Jose María Paz,,,,12,procer,Prócer,12
Q2501677,José María Paz,José Maria Paz,,,,12,procer,Prócer,12
Q2501677,José María Paz,Jose Maria Paz y Haedo,,,,12,procer,Prócer,12
Q2501677,José María Paz,Jose María Paz y Haedo,,,,12,procer,Prócer,12
Q2501677,José María Paz,José Maria Paz y Haedo,,,,12,procer,Prócer,12
Q2501677,José María Paz,José María Paz y Haedo,,,,12,procer,Prócer,12
Q17154943,Federico Ibarguren,,,,,2,procer,Prócer,2
Q6014069,Miguel Calixto del Corro,,,,,1,procer,Prócer,1
Q6014238,Miguel Díaz de la Peña,,,,,1,procer,Prócer,1
Q6014317,Miguel Galarza,,,,,1,procer,Prócer,1
Q6014434,Miguel Goyena,,,,,1,procer,Prócer,1
Q6014439,Miguel Guarumba,,,,,1,procer,Prócer,1
Q6014684,Miguel Mariano de Villegas,,,,,1,procer,Prócer,1
Q6014830,Miguel Navarro Viola,,,,,3,procer,Prócer,3
Q6014972,Miguel Puch,,,,,1,procer,Prócer,1
Q5675541,Andrés Arguibel,Andres Arguibel,,,,1,procer,Prócer,1
Q5675713,Andrés E. Gómez,Andres E. Gomez,,,,1,procer,Prócer,1
Q5675818,Andrés Guacurarí,Andres Guazurary,,,,9,procer,Prócer,9
Q5162673,Conrado Villegas,Conrado E. Villegas,,,,5,procer,Prócer,5
Q5162673,Conrado Villegas,Conrado Excelso Villegas,,,,5,procer,Prócer,5
Q6148704,Tomás de Iriarte,Tomas de Iriarte,,,,2,procer,Prócer,2
Q5675879,Andrés Latorre,Andrés Felipe Latorre,,,,2,procer,Prócer,2
Q5675879,Andrés Latorre,Andres Latorre,,,,2,procer,Prócer,2
Q18718765,Diego de Alvear y Sáenz de la Quintanilla,Diego de Alvear,,,,1,procer,Prócer,1
Q18718765,Diego de Alvear y Sáenz de la Quintanilla,Diego Federico de Alvear,,,,1,procer,Prócer,1
Q509974,Olegario Víctor Andrade,Olegario Victor Andrade,,,,13,procer,Prócer,13
Q85966638,Antonio Pillado,,,,,2,procer,Prócer,2
Q3662474,Manuel Hermenegildo Aguirre,Manuel Aguirre,,,,2,procer,Prócer,2
Q6122957,Sebastián Olivera,Sebastian Olivera,,,,1,procer,Prócer,1
Q3034824,Domingo French,,,,,7,procer,Prócer,7
Q5805909,Diego Balcarce,Diego González Balcarce,,,,1,procer,Prócer,1
Q16594555,Luis Molina,,,,,1,procer,Prócer,1
Q5855254,Facundo Zuviría,Facundo de Zuviría,,,,2,procer,Prócer,2
Q5855254,Facundo Zuviría,Facundo Zuviria,,,,2,procer,Prócer,2
Q5855254,Facundo Zuviría,Jose Facundo de Zuviria,,,,2,procer,Prócer,2
Q5855254,Facundo Zuviría,José Facundo de Zuviría,,,,2,procer,Prócer,2
Q5855254,Facundo Zuviría,Jose Facundo de Zuviria y Escobar Castellanos,,,,2,procer,Prócer,2
Q5855254,Facundo Zuviría,José Facundo de Zuviría y Escobar Castellanos,,,,2,procer,Prócer,2
Q30065916,Francisco Pantaleón Luna,,,,,1,procer,Prócer,1
Q5806320,Simón Luengo,Simon Luengo,,,,1,procer,Prócer,1
Q22227152,Félix Benavídez,Felix Benavidez,,,,1,procer,Prócer,1
Q56318368,Francisco Aráoz de Lamadrid,,,,,2,procer,Prócer,2
Q130302960,Francisco López Torres,,,,,0,procer,Prócer,0
Q5717195,Baldomero Lamela (padre),Baldomero Lamela,,,,2,procer,Prócer,2
Q559964,Estanislao del Campo,Estanislao del Campo Maciel y Luna Brizuela,,,,11,procer,Prócer,11
Q559964,Estanislao del Campo,Jorge eduardo del campo,,,,11,procer,Prócer,11
Q6152899,Tristán Achával y Ezcurra,Tristan Achaval,,,,1,procer,Prócer,1
Q6152899,Tristán Achával y Ezcurra,Tristán Achával,,,,1,procer,Prócer,1
Q6152896,Tristán A. Malbrán,Tristan A. Malbran,,,,2,procer,Prócer,2
Q6152896,Tristán A. Malbrán,Tristán Adrián Malbrán y Pastor,,,,2,procer,Prócer,2
Q6152900,Tristán Achával Rodríguez,Tristan Achaval Rodriguez,,,,3,procer,Prócer,3
Q6152900,Tristán Achával Rodríguez,Tristán Achaval Rodríguez,,,,3,procer,Prócer,3
Q6152906,Tristán Dávila,Tristan Davila,,,,1,procer,Prócer,1
Q6152909,Tristán Echegaray,Tristan Echegaray,,,,1,procer,Prócer,1
Q6152909,Tristán Echegaray,Tristán Ramón de Echegaray,,,,1,procer,Prócer,1
Q6038097,Narciso del Valle,,,,,1,procer,Prócer,1
Q15120073,Juan de la Cruz Vargas,,,,,1,procer,Prócer,1
Q89918656,José María Zuviría,,,,,4,procer,Prócer,4
Q5940891,José Julián Martínez,Jose Julian Martinez,,,,1,procer,Prócer,1
Q6041894,Nicasio Ramallo,,,,,1,procer,Prócer,1
Q6042350,Nicolás Martínez Fontes (1838-1891),,,,,1,procer,Prócer,1
Q6042382,Nicolás Medina (militar),,,,,1,procer,Prócer,1
Q5993452,Manuel Leiva,,,,,1,procer,Prócer,1
Q2066325,Blazchu (Alzaga),Alzaga,,,,9,procer,Prócer,9
Q3395787,Guillermo Rawson,Guillermo Colesbery Rawson Rojo,,,,10,procer,Prócer,10
Q356659,Julio Argentino Roca,El zorro,,,,41,procer,Prócer,41
Q5956131,Julián Martínez,Julian Martinez,,,,1,procer,Prócer,1
Q5956140,Julián Martínez,Julian Martinez,,,,1,procer,Prócer,1
Q5956140,Julián Martínez,Julián Martínez Lerena,,,,1,procer,Prócer,1
Q5480629,Lázaro Iturrieta,Juan Lázaro Iturrieta,,,,1,procer,Prócer,1
Q5480629,Lázaro Iturrieta,Lazaro Iturrieta,,,,1,procer,Prócer,1
Q5946021,José Vicente Saravia,Jose Vicente Saravia,,,,1,procer,Prócer,1
Q6048596,Octaviano Navarro,,,,,1,procer,Prócer,1
Q6048647,Octavio Gondra,,,,,2,procer,Prócer,2
Q6048663,Octavio Luna,,,,,1,procer,Prócer,1
Q6048680,Octavio Olascoaga,,,,,1,procer,Prócer,1
Q21725380,José Leonardo Acevedo,Jose Leonardo Acevedo,,,,1,procer,Prócer,1
Q7878665,Uladislao Augier,,,,,3,procer,Prócer,3
Q929237,Lucas González,Lucas González Pinto,,,,2,procer,Prócer,2
Q6056133,Pablo Latorre,,,,,1,procer,Prócer,1
Q2511066,Ignacio Álvarez Thomas,Alvarez Thomas,,,,16,procer,Prócer,16
Q2511066,Ignacio Álvarez Thomas,Álvarez Thomas,,,,16,procer,Prócer,16
Q2511066,Ignacio Álvarez Thomas,Ignacio Alvarez Thomas,,,,16,procer,Prócer,16
Q6066115,Pastor S. Obligado,Pastor Servando Obligado,,,,4,procer,Prócer,4
Q9012264,Joaquín Madariaga,Joaquin Madariaga,,,,5,procer,Prócer,5
Q6056566,Pablo Zufriategui,,,,,2,procer,Prócer,2
Q16941954,Bonifacio Lastra,Bonifacio Nicolás Lastra,,,,3,procer,Prócer,3
Q16941885,José Ramón Vidal,Jose Ramon Vidal,,,,3,procer,Prócer,3
Q9027870,Manuel José García,Manuel J. García,,,,8,procer,Prócer,8
Q7533228,Sixto Casanovas,Sixto Casanova,,,,2,procer,Prócer,2
Q5993964,Manuel Padilla,Manuel Padilla (Argentina),,,,1,procer,Prócer,1
Q4892758,Bernabé Aráoz,Bernabe araoz,,,,5,procer,Prócer,5
Q4892758,Bernabé Aráoz,Bernabe Araoz,,,,5,procer,Prócer,5
Q4892758,Bernabé Aráoz,Bernabe aráoz,,,,5,procer,Prócer,5
Q4892758,Bernabé Aráoz,Bernabe Aráoz,,,,5,procer,Prócer,5
Q4892758,Bernabé Aráoz,Bernabé araoz,,,,5,procer,Prócer,5
Q4892758,Bernabé Aráoz,Bernabé Araoz,,,,5,procer,Prócer,5
Q4892758,Bernabé Aráoz,Bernabé aráoz,,,,5,procer,Prócer,5
Q4892762,Bernabé Piedrabuena,Bernabe Piedrabuena,,,,2,procer,Prócer,2
Q3810777,Juan Bautista Bustos,,,,,4,procer,Prócer,4
Q6065421,Pascual Diez de Andino,,,,,1,procer,Prócer,1
Q6065492,Pascual Rosas,,,,,1,procer,Prócer,1
Q5717192,Baldomero García,Baldomero Garcia,,,,1,procer,Prócer,1
Q6067497,Paulino Rojas,,,,,1,procer,Prócer,1
Q6068256,Pedro Barrenechea,,,,,2,procer,Prócer,2
Q6068452,Pedro Castelli,,,,,1,procer,Prócer,1
Q6068710,Pedro Espino,,,,,1,procer,Prócer,1
Q6069131,Pedro Ignacio Urrejola,,,,,1,procer,Prócer,1
Q6069292,Pedro Lacasa,,,,,2,procer,Prócer,2
Q6069333,Pedro Lucas Funes,,,,,1,procer,Prócer,1
Q6069337,Pedro Lucas de Allende,,,,,2,procer,Prócer,2
Q6069544,Pedro Mom,,,,,1,procer,Prócer,1
Q6069601,Pedro Nolasco Fonseca,,,,,1,procer,Prócer,1
Q6069925,Pedro Ramón Núñez,,,,,1,procer,Prócer,1
Q6069957,Pedro Reyes Ruiz,,,,,1,procer,Prócer,1
Q12175106,Felipe Álvarez,Felipe Alvarez,,,,2,procer,Prócer,2
Q5759902,Cecilio de Álzaga,Cecilio de Alzaga,,,,1,procer,Prócer,1
Q960163,Juan José Paso,Dr. Juan José Esteban Passo y Fernandez de Escandon,,,,13,procer,Prócer,13
Q960163,Juan José Paso,Juan José Esteban del Paso,,,,13,procer,Prócer,13
Q960163,Juan José Paso,Juan José Esteban del Passo,,,,13,procer,Prócer,13
Q960163,Juan José Paso,Juan José Passo,,,,13,procer,Prócer,13
Q5759989,Ceferino Ramírez,Ceferino Ramirez,,,,1,procer,Prócer,1
Q5760097,Celedonio Gutiérrez,Celedonio Gutierrez,,,,1,procer,Prócer,1
Q6093861,Pío Achával,José Pío de Achával,,,,1,procer,Prócer,1
Q6093861,Pío Achával,Pio Achaval,,,,1,procer,Prócer,1
Q311436,Juan Manuel de Rosas,Juan Manuel Ortiz de Rozas,,,,50,procer,Prócer,50
Q6125227,Serapión de Arteaga,Serapion de Arteaga,,,,1,procer,Prócer,1
Q6125227,Serapión de Arteaga,Serapión José de Arteaga,,,,1,procer,Prócer,1
Q2888536,Álvaro José de Alzogaray,Alvaro Jose de Alzogaray,,,,2,procer,Prócer,2
Q5973344,Leonidas Echagüe,Leonidas Echague,,,,1,procer,Prócer,1
Q5949307,Juan Estanislao del Campo,Juan Estanislao del Campo y Maciel,,,,1,procer,Prócer,1
Q5973494,Leopoldo Román,Leopoldo Roman,,,,1,procer,Prócer,1
Q2888868,Melitón Córdoba,Meliton Cordoba,,,,1,procer,Prócer,1
Q5949515,Juan Francisco Borges,Juan Francisco Segundo Borges,,,,2,procer,Prócer,2
Q5949694,Juan Galo Leguizamón,Juan Galo Leguizamon,,,,2,procer,Prócer,2
Q5949839,Juan Gualberto Echeverría,Juan Gualberto Echeverria,,,,1,procer,Prócer,1
Q5950073,Juan Isidro Maza,Juan Isidro Maza Sotomayor,,,,1,procer,Prócer,1
Q5950091,Juan J. Silva,Juan José Silva,,,,2,procer,Prócer,2
Q5950212,Juan José Dauxión Lavaisse,Juan Jose Dauxion Lavaisse,,,,2,procer,Prócer,2
Q1710451,Facundo Quiroga,El tigre de los llanos,,,,13,procer,Prócer,13
Q1710451,Facundo Quiroga,Juan Facundo Quiroga,,,,13,procer,Prócer,13
Q5950250,Juan José Fernández Blanco,Juan Jose Fernandez Blanco,,,,1,procer,Prócer,1
Q1709528,José Mármol,Jose Marmol,,,,19,procer,Prócer,19
Q1709528,José Mármol,Jose Mármol,,,,19,procer,Prócer,19
Q1709528,José Mármol,José Pedro Crisólogo Mármol,,,,19,procer,Prócer,19
Q5678195,Manuel Íñiguez,Manuel José Castor Íñiguez Zevallos,,,,1,procer,Prócer,1
Q5950321,Juan José Lanusse,Juan Jose Lanusse,,,,1,procer,Prócer,1
Q134160,José de San Martín,General José de San Martín,,,,87,procer,Prócer,87
Q134160,José de San Martín,General San Martín,,,,87,procer,Prócer,87
Q5950359,Juan José Martínez Fontes,Juan Jose Martinez Fontes,,,,1,procer,Prócer,1
Q5950407,Juan José Obando,Juan Jose Obando,,,,1,procer,Prócer,1
Q5950413,Juan José Olleros,Juan Jose Olleros,,,,1,procer,Prócer,1
Q5950456,Juan José Quesada,Juan Jose Quesada,,,,3,procer,Prócer,3
Q5950502,Juan José Salvadores,Juan Jose Salvadores,,,,1,procer,Prócer,1
Q5950519,Juan José Sardén,Juan Jose Sarden,,,,1,procer,Prócer,1
Q66119656,José María Albariño,,,,,1,procer,Prócer,1
Q5950640,Juan Lamberti,Giovanni Battista Lamberti,,,,1,procer,Prócer,1
Q5950640,Juan Lamberti,Juan Baustista Lamberti,,,,1,procer,Prócer,1
Q5950672,Juan León Solas,Juan Leon Solas,,,,2,procer,Prócer,2
Q1539625,Ignacio Warnes,,,,,5,procer,Prócer,5
Q5939116,José Cubas,Jose Cubas,,,,1,procer,Prócer,1
Q5994373,Manuel Solá,Manuel Sola,,,,1,procer,Prócer,1
Q6089338,Prudencio Arnold,,,,,1,procer,Prócer,1
Q6089365,Prudencio Torres,,,,,1,procer,Prócer,1
Q5290358,Domingo Cullen,Domingo Alejandro Lorenzo Cullen Ferraz,,,,4,procer,Prócer,4
Q5290358,Domingo Cullen,Domingo Alejandro Lorenzo Cullen y Ferraz,,,,4,procer,Prócer,4
Q5290358,Domingo Cullen,Domingo Cullen Ferraz,,,,4,procer,Prócer,4
Q5290358,Domingo Cullen,Domingo Cullen y Ferraz,,,,4,procer,Prócer,4
Q5290356,Domingo Crespo,Domingo Crespo Zabala,,,,3,procer,Prócer,3
Q2483428,Estanislao López,,,,,11,procer,Prócer,11
Q27859491,Rubén Ocampo,Rubén Mario Nicolás Ocampo,,,,1,procer,Prócer,1
Q27859491,Rubén Ocampo,Ruben Ocampo,,,,1,procer,Prócer,1
Q16584800,Juan José Gómez,Juan Jose Gomez,,,,1,procer,Prócer,1
Q5438893,Gregorio Funes,Deán Gregorio Funes,,,,7,procer,Prócer,7
Q27690208,Pío Uriburu,Pio Uriburu,,,,2,procer,Prócer,2
Q6098136,Rafael de la Plaza,,,,,1,procer,Prócer,1
Q5857534,Federico Báez,Federico Baez,,,,1,procer,Prócer,1
Q6099988,Ramón Rodríguez (militar),,,,,2,procer,Prócer,2
Q5680629,Clemente López de Osornio,Clemente Lopez de Osornio,,,,2,procer,Prócer,2
Q5680629,Clemente López de Osornio,Clemente López de Osornio y Gamiz de las Cuevas,,,,2,procer,Prócer,2
Q5858014,Feliciano Mariano Chiclana,Feliciano Mariano Chiclana Alcaraz,,,,1,procer,Prócer,1
Q453619,Amancio Alcorta,Amancio Alcorta (musico),,,,5,procer,Prócer,5
Q453619,Amancio Alcorta,Amancio Jacinto Alcorta,,,,5,procer,Prócer,5
Q453625,Amancio Alcorta,Amancio Mariano Alcorta Palacio,,,,7,procer,Prócer,7
Q5858082,Felipe Antonio Alvarado,Felipe Antonio Alvarado Toledo y Pimentel,,,,1,procer,Prócer,1
Q5858118,Felipe Bertrés,Felipe Bertres,,,,1,procer,Prócer,1
Q5858118,Felipe Bertrés,Philippe Bertres,,,,1,procer,Prócer,1
Q5858118,Felipe Bertrés,Philippe Bertrés,,,,1,procer,Prócer,1
Q5858174,Felipe Díaz González,Felipe Diaz Gonzalez,,,,1,procer,Prócer,1
Q5858176,Felipe de Echazú,José de Echazú,,,,1,procer,Prócer,1
Q5858176,Felipe de Echazú,José Felipe de Echazú,,,,1,procer,Prócer,1
Q9013655,José Antonio Álvarez Condarco,Antonio Alvarez Condarco,,,,3,procer,Prócer,3
Q9013655,José Antonio Álvarez Condarco,Antonio Álvarez Condarco,,,,3,procer,Prócer,3
Q9013655,José Antonio Álvarez Condarco,Jose Antonio Alvarez Condarco,,,,3,procer,Prócer,3
Q9013655,José Antonio Álvarez Condarco,José Antonio Alvarez Condarco,,,,3,procer,Prócer,3
Q5858426,Felipe Saá,Felipe Saa,,,,1,procer,Prócer,1
Q5858426,Felipe Saá,José Felipe Saá,,,,1,procer,Prócer,1
Q9013859,José Félix Aldao,Jose Felix Aldao,,,,4,procer,Prócer,4
Q9013859,José Félix Aldao,Jose Félix Aldao,,,,4,procer,Prócer,4
Q9013859,José Félix Aldao,Jose Felix de Aldao,,,,4,procer,Prócer,4
Q9013859,José Félix Aldao,José Félix de Aldao,,,,4,procer,Prócer,4
Q9013859,José Félix Aldao,Jose Felix Esquivel y Aldao,,,,4,procer,Prócer,4
Q9013859,José Félix Aldao,José Félix Esquivel y Aldao,,,,4,procer,Prócer,4
Q44707857,Federico R. Cuñado,Federico Cuñado,,,,1,procer,Prócer,1
Q44707857,Federico R. Cuñado,Federico Rufino Cuñado-Cau,,,,1,procer,Prócer,1
Q356659,Julio Argentino Roca,Alejo Julio Argentino Roca,,,,41,procer,Prócer,41
Q5858664,Fenelón de la Quintana,Fenelon de la Quintana,,,,1,procer,Prócer,1
Q11181261,López Chico,José López,,,,1,procer,Prócer,1
Q6106555,Restituto Zenarruza,,,,,1,procer,Prócer,1
Q6108299,Ricardo López Jordán,,,,,2,procer,Prócer,2
Q5859063,Fermín de la Quintana,Fermin de la Quintana,,,,1,procer,Prócer,1
Q5859138,Fernando Alfaro (hacendado),Fernando Alfaro Maciel,,,,2,procer,Prócer,2
Q6109784,Roberto Guillermo Beazley,,,,,1,procer,Prócer,1
Q6112048,Roque Alvarado,,,,,1,procer,Prócer,1
Q17364479,Adolfo Pomar,,,,,1,procer,Prócer,1
Q5859575,Fernando Félix de Allende,Fernando Felix de Allende,,,,1,procer,Prócer,1
Q6172735,Álvaro Barros,Alvaro Barros,,,,3,procer,Prócer,3
Q6112453,Rosauro Doncel,,,,,1,procer,Prócer,1
Q22234655,Esteban de Loqui,,,,,1,procer,Prócer,1
Q6113511,Rufino Cossio,,,,,1,procer,Prócer,1
Q6113516,Rufino Guido,,,,,1,procer,Prócer,1
Q6113528,Rufino Solano,,,,,1,procer,Prócer,1
Q6172888,Álvaro Pinto,Alvaro Pinto,,,,1,procer,Prócer,1
Q5441749,Feliciano de la Mota Botello,Feliciano de la Mota,,,,2,procer,Prócer,2
Q5441749,Feliciano de la Mota Botello,Feliciano de la mota botello,,,,2,procer,Prócer,2
Q3601307,Tomás Antonio Lezica,Tomas Antonio de Lezica,,,,2,procer,Prócer,2
Q3601307,Tomás Antonio Lezica,Tomás Antonio de Lezica,,,,2,procer,Prócer,2
Q3601307,Tomás Antonio Lezica,Tomas Antonio Lezica,,,,2,procer,Prócer,2
Q60969,Carlos Germán Burmeister,Burmeister,,,,30,procer,Prócer,30
Q6118179,Samuel Molina,,,,,2,procer,Prócer,2
Q3951291,Rufino de Elizalde,Rufino Jacinto de Elizalde,,,,9,procer,Prócer,9
Q6126443,Severo González,Severo Gonzalez,,,,1,procer,Prócer,1
Q6126441,Severo García de Sequeira,Severo Garcia de Sequeira,,,,1,procer,Prócer,1
Q11181261,López Chico,Lopez Chico,,,,1,procer,Prócer,1
Q6120831,Santiago Baibiene,,,,,2,procer,Prócer,2
Q6120854,Santiago Carrera,,,,,1,procer,Prócer,1
Q6120911,Santiago Figueroa,,,,,1,procer,Prócer,1
Q6120952,Santiago Hereñú,,,,,1,procer,Prócer,1
Q6120960,Santiago Jorge Bynnon,,,,,1,procer,Prócer,1
Q6121067,Santiago Oroño,,,,,1,procer,Prócer,1
Q6121246,Santiago de Palacio,,,,,1,procer,Prócer,1
Q6122093,Saturnino Rodríguez Peña,,,,,2,procer,Prócer,2
Q6122099,Saturnino Saravia,,,,,1,procer,Prócer,1
Q116770406,Felipe Figueroa,,,,,1,procer,Prócer,1
Q5812566,Dolores Costa,Facunda Dolores Costa Brizuela,,,,1,procer,Prócer,1
Q6126434,Severo Chumbita,,,,,1,procer,Prócer,1
Q5812806,Domingo José Jerez,Domingo Jose Jerez,,,,1,procer,Prócer,1
Q3080230,Vicente Fidel López,Vicente F Lopez,,,,10,procer,Prócer,10
Q3080230,Vicente Fidel López,Vicente F López,,,,10,procer,Prócer,10
Q3080230,Vicente Fidel López,Vicente F. Lopez,,,,10,procer,Prócer,10
Q3080230,Vicente Fidel López,Vicente F. López,,,,10,procer,Prócer,10
Q3080230,Vicente Fidel López,Vicente Fidel Lopez,,,,10,procer,Prócer,10
Q5812884,Domingo Rebución,Domingo Rebucion,,,,1,procer,Prócer,1
Q270446,Carlos Pellegrini,Carlos Enrique Jose Pellegrini,,,,31,procer,Prócer,31
Q270446,Carlos Pellegrini,Carlos Enrique José Pellegrini,,,,31,procer,Prócer,31
Q6173284,Ángel Machado,Angel Machado,,,,2,procer,Prócer,2
Q6173296,Ángel Mariano Zerda,Angel Mariano Zerda,,,,1,procer,Prócer,1
Q5442004,Felipe Llavallol,Felipe Lavallol,,,,4,procer,Prócer,4
Q5725979,Benito Álvarez,Benito Alvarez,,,,1,procer,Prócer,1
Q10383097,Tomás Garcia de Zuniga,Tomás García de Zúñiga,,,,1,procer,Prócer,1
Q24878,Tomás Brizuela,Tomas Brizuela,,,,4,procer,Prócer,4
Q5863093,Florencio Terrada,Juan Florencio Terrada y Fretes,,,,1,procer,Prócer,1
Q360911,Bernardo de Irigoyen,,,,,9,procer,Prócer,9
Q5863150,Florentín Santos de León,Florentin Santos de Leon,,,,1,procer,Prócer,1
Q3081867,Francisco Javier Muñiz,Francisco J. Muñiz,,,,6,procer,Prócer,6
Q3081867,Francisco Javier Muñiz,Francisco Javier Muniz,,,,6,procer,Prócer,6
Q3081867,Francisco Javier Muñiz,Francisco Muniz,,,,6,procer,Prócer,6
Q3081867,Francisco Javier Muñiz,Francisco Muñiz,,,,6,procer,Prócer,6
Q3081908,Francisco Ortiz de Ocampo,Francisco Antonio Ortiz de Ocampo,,,,4,procer,Prócer,4
Q3081908,Francisco Ortiz de Ocampo,Francisco ortiz de ocampo,,,,4,procer,Prócer,4
Q64812900,Juan José Rosendo Rocha,Juan José Rosendo de Rocha,,,,1,procer,Prócer,1
Q5390475,Manuel Arias,Manuel Eduardo Arias,,,,1,procer,Prócer,1
Q6014823,Miguel Méndez,Miguel Mendez,,,,1,procer,Prócer,1
Q2088840,Juan Antonio Álvarez de Arenales,Alvarez de Arenales,,,,11,procer,Prócer,11
Q2088840,Juan Antonio Álvarez de Arenales,Álvarez de Arenales,,,,11,procer,Prócer,11
Q2088840,Juan Antonio Álvarez de Arenales,Juan Antonio Alvarez de Arenales,,,,11,procer,Prócer,11
Q2075761,Manuel Moreno,Manuel Moreno Valle,,,,7,procer,Prócer,7
Q606183,Donato Álvarez,Donato Alvarez,,,,4,procer,Prócer,4
Q107405629,Manuel Crespo,Manuel Crespo Candioti,,,,1,procer,Prócer,1
Q6155266,Uladislao Frías,Uladislao Frias,,,,1,procer,Prócer,1
Q6037969,Napoleón Berreaute,Napoleon Berreaute,,,,2,procer,Prócer,2
Q107303711,Vicente P. Peralta,,,,,1,procer,Prócer,1
Q6037980,Napoleón Uriburu,Napoleon Uriburu,,,,2,procer,Prócer,2
Q3187663,Juan Gregorio Pujol,,,,,3,procer,Prócer,3
Q15428878,Feliciano Canaverys,,,,,1,procer,Prócer,1
Q6069913,Pedro Ramos,Pedro Ramos,,,,1,procer,Prócer,1
Q6002397,Martiniano Rodríguez,Martiniano Rodriguez,,,,1,procer,Prócer,1
Q6002486,Martín Arenas,Martin Arenas,,,,1,procer,Prócer,1
Q5865043,Francisco Aldao (marino),Francisco Aldao,,,,1,procer,Prócer,1
Q6002679,Martín Guerrico,Martin Guerrico,,,,1,procer,Prócer,1
Q6002724,Martín Lacarra,Martín de Lacarra,,,,1,procer,Prócer,1
Q6002724,Martín Lacarra,Martín Paulino de Lacarra y Toledo Sandoval,,,,1,procer,Prócer,1
Q6002724,Martín Lacarra,Martín Paulino Lacarra,,,,1,procer,Prócer,1
Q5865212,Francisco Bedoya (militar),Francisco Solano Bedoya,,,,1,procer,Prócer,1
Q6002912,Martín Torino,Martin Torino,,,,1,procer,Prócer,1
Q5787514,Nicolás Herrera,Nicolas de Herrera,,,,3,procer,Prócer,3
Q5787514,Nicolás Herrera,Nicolás de Herrera,,,,3,procer,Prócer,3
Q5787514,Nicolás Herrera,Nicolas Gregorio Herrera,,,,3,procer,Prócer,3
Q5787514,Nicolás Herrera,Nicolás Gregorio Herrera,,,,3,procer,Prócer,3
Q5865380,Francisco Candioti,Francisco Antonio Candioti,,,,2,procer,Prócer,2
Q5253706,Delfín Gallo,Delfin Gallo,,,,2,procer,Prócer,2
Q6002989,Martín de Jaume,Martin de Jaume,,,,1,procer,Prócer,1
Q6003014,Martín de Santa Coloma,Martin de Santa Coloma,,,,1,procer,Prócer,1
Q6003014,Martín de Santa Coloma,Martín Isidoro de Santa Coloma y Lezica,,,,1,procer,Prócer,1
Q5947517,Juan Antonio Álvarez,Juan Antonio Alvarez,,,,1,procer,Prócer,1
Q5725836,Benito Graña,José Benito Graña,,,,3,procer,Prócer,3
Q5865692,Francisco Fernández de la Cruz,Francisco Fernandez de la Cruz,,,,1,procer,Prócer,1
Q5726097,Benjamín Lavaisse,Benjamin Lavaisse,,,,1,procer,Prócer,1
Q5726160,Benjamín Sastre,Benjamin Sastre,,,,1,procer,Prócer,1
Q5726181,Benjamín Viel,Benjamin Viel,,,,2,procer,Prócer,2
Q5726185,Benjamín Virasoro,Benjamin Virasoro,,,,2,procer,Prócer,2
Q5726193,Benjamín Zorrilla,Benjamin Zorrilla,,,,3,procer,Prócer,3
Q5875792,Gaspar Campos,,,,,2,procer,Prócer,2
Q5866185,Francisco Javier González Balcarce,Francisco Javier Gonzalez Balcarce,,,,1,procer,Prócer,1
Q5726474,Bernabé Martínez,Bernabe Martinez,,,,1,procer,Prócer,1
Q5866270,Francisco Javier Sití,Francisco Javier Siti,,,,2,procer,Prócer,2
Q6069614,Pedro Nolasco Rodríguez,Pedro Nolasco Rodriguez,,,,1,procer,Prócer,1
Q6004004,María Josefa Ezcurra,Maria Josefa Ezcurra,,,,2,procer,Prócer,2
Q5726599,Bernardino Escribano,José Bernardino Buenaventura Escribano,,,,2,procer,Prócer,2
Q5866388,Francisco José Daniel Cerri,Francisco Jose Daniel Cerri,,,,2,procer,Prócer,2
Q6069659,Pedro Oroná,Pedro Orona,,,,1,procer,Prócer,1
Q5726620,Bernardino López,Bernardino Lopez,,,,1,procer,Prócer,1
Q5817609,Edelmiro Mayer,Edelmiro Máyer,,,,6,procer,Prócer,6
Q5866429,Francisco José Seguí,Francisco Jose Segui,,,,1,procer,Prócer,1
Q5726688,Bernardo Bonavía,Bernardo Bonavia,,,,1,procer,Prócer,1
Q5726773,Bernardo González,Bernardo Gonzalez,,,,1,procer,Prócer,1
Q5726787,Bernardo Henestrosa,Bernardo José Henestrosa,,,,1,procer,Prócer,1
Q5726807,Bernardo Joaquín de Anzoátegui,Bernardo Joaquin de Anzoategui,,,,1,procer,Prócer,1
Q6069920,Pedro Ramón Alcorta,Pedro Ramon Alcorta,,,,1,procer,Prócer,1
Q5726884,Bernardo Pérez Planes,Bernardo Perez Planes,,,,1,procer,Prócer,1
Q6069940,Pedro Regalado Joaquín de la Plaza,Pedro Regalado de la Plaza,,,,1,procer,Prócer,1
Q6069940,Pedro Regalado Joaquín de la Plaza,Pedro Regalado Joaquin de la Plaza,,,,1,procer,Prócer,1
Q6070021,Pedro Rodríguez del Fresno,Pedro Rodriguez del Fresno,,,,1,procer,Prócer,1
Q5951113,Juan Manuel Ortiz de Rosas,,,,,2,procer,Prócer,2
Q6069591,Pedro Nicolás Escribano,Pedro Nicolas Escribano,,,,1,procer,Prócer,1
Q2089709,Samuel Spiro,Miguel Samuel Spiro,,,,4,procer,Prócer,4
Q2089709,Samuel Spiro,Pedro Samuel Spiro,,,,4,procer,Prócer,4
Q3395106,Bernardo Lecocq,Bernardo Lecocq Onesy,,,,5,procer,Prócer,5
Q8961137,Felipe Varela,,,,,3,procer,Prócer,3
Q254041,Domingo Faustino Sarmiento,Domingo F. Sarmiento,,,,53,procer,Prócer,53
Q16957145,Pedro Dautant,Pedro Federico Dautant,,,,1,procer,Prócer,1
Q7114130,Ovidio Lagos,,,,,5,procer,Prócer,5
Q777491,Luis Piedrabuena,comandante Luis Piedrabuena,,,,5,procer,Prócer,5
Q777491,Luis Piedrabuena,Luis Piedra Buena,,,,5,procer,Prócer,5
Q5742047,Camilo Aldao,,,,,1,procer,Prócer,1
Q17634812,Juan Gualberto Godoy,,,,,2,procer,Prócer,2
Q18286753,Benjamín Villegas Dávila,Benjamín Villegas,,,,1,procer,Prócer,1
Q18286753,Benjamín Villegas Dávila,Benjamin Villegas Davila,,,,1,procer,Prócer,1
Q6002724,Martín Lacarra,Martín Enríquez de Lacarra,,,,1,procer,Prócer,1
Q18286756,José Laureano Villegas,Jose Laureano Villegas,,,,1,procer,Prócer,1
Q6300744,Juan Pascual Pringles,Coronel Pringles,,,,4,procer,Prócer,4
Q27955910,Clodomiro Cordero,,,,,1,procer,Prócer,1
Q5768764,Hipólito de Villegas,Hipolito de Villegas,,,,3,procer,Prócer,3
Q5768764,Hipólito de Villegas,Hipolito de Villegas Hernandez,,,,3,procer,Prócer,3
Q5768764,Hipólito de Villegas,Hipólito de Villegas Hernández,,,,3,procer,Prócer,3
Q5812927,Domingo Soriano Arévalo,Domingo Soriano Arevalo,,,,1,procer,Prócer,1
Q3898929,Pellegrino Strobel,,,,,7,procer,Prócer,7
Q116783156,Eduardo Villagra,,,,,1,procer,Prócer,1
Q5340738,Eduardo Pérez Bulnes,Eduardo Perez Bulnes,,,,2,procer,Prócer,2
Q5812953,Domingo de Oro,Francisco Domingo de Oro,,,,1,procer,Prócer,1
Q5812984,Dominguito Fidel Sarmiento,Capitán D. Fidel Sarmiento,,,,1,procer,Prócer,1
Q5812984,Dominguito Fidel Sarmiento,Domingo Fidel Sarmiento,,,,1,procer,Prócer,1
Q5812984,Dominguito Fidel Sarmiento,Dominguito,,,,1,procer,Prócer,1
Q5929480,Jerónimo Costa,Jeronimo Costa,,,,3,procer,Prócer,3
Q5861942,Filemón Posse,Filemon Posse,,,,2,procer,Prócer,2
Q6130224,Sixto Quesada,,,,,1,procer,Prócer,1
Q116785910,Pedro José Segura,,,,,1,procer,Prócer,1
Q438892,Miguel Ángel Juárez Celman,Miguel Angel Juarez Celman,,,,24,procer,Prócer,24
Q438892,Miguel Ángel Juárez Celman,Miguel Angel Juárez Celman,,,,24,procer,Prócer,24
Q438892,Miguel Ángel Juárez Celman,Miguel Ángel Juarez Celman,,,,24,procer,Prócer,24
Q438892,Miguel Ángel Juárez Celman,Miguel Juarez Celman,,,,24,procer,Prócer,24
Q438892,Miguel Ángel Juárez Celman,Miguel Juárez Celman,,,,24,procer,Prócer,24
Q5939358,José Echenique,Jose Echenique,,,,1,procer,Prócer,1
Q5865207,Francisco Basiliano Bosch,Francisco Bosch,,,,2,procer,Prócer,2
Q19245680,Domingo Morón,Domingo Moron,,,,1,procer,Prócer,1
Q1706422,José Alberto Bacler d'Albe,Alberto Bacler d'Albe,,,,2,procer,Prócer,2
Q1706422,José Alberto Bacler d'Albe,Jose Alberto Bacler d'Albe,,,,2,procer,Prócer,2
Q5975241,Lidoro Quinteros,Lidoro José Quinteros,,,,1,procer,Prócer,1
Q16571021,José Martín Ferreyra,Jose Martin Ferreyra,,,,1,procer,Prócer,1
Q6014450,Miguel Gutiérrez,Miguel Gutiérrez (intendente),,,,1,procer,Prócer,1
Q6014450,Miguel Gutiérrez,Miguel Gutiérrez Salina,,,,1,procer,Prócer,1
Q9024744,Lucio V. Mansilla,Lucio V Mansilla,,,,8,procer,Prócer,8
Q9024744,Lucio V. Mansilla,Lucio Victorio Mansilla,,,,8,procer,Prócer,8
Q5913237,Ignacio Fotheringham,Ignacio Hamilton Fotheringham,,,,1,procer,Prócer,1
Q32958,Mariano Acha,Mariano Antonio Acha,,,,5,procer,Prócer,5
Q32958,Mariano Acha,Mariano de Acha,,,,5,procer,Prócer,5
Q6146398,Tiburcio Aldao,,,,,1,procer,Prócer,1
Q5947038,Juan José Romero,Juan Jose Romero,,,,1,procer,Prócer,1
Q5913895,Ildefonso José Paso,Ildefonso Jose Paso,,,,1,procer,Prócer,1
Q5913908,Ildefonso Ramos Mexía,Ildefonso Ramos Mexia,,,,4,procer,Prócer,4
Q5950871,Juan M. Garro,Juan Mamerto Garro,,,,2,procer,Prócer,2
Q5390312,Francisco José Planes,Francisco Jose Planes,,,,1,procer,Prócer,1
Q16490262,Carlos Catalá,Carlos Catala,,,,2,procer,Prócer,2
Q16490262,Carlos Catalá,Carlos Catalá Martínez,,,,2,procer,Prócer,2
Q16490288,Carlos José Belgrano,Carlos Jose Belgrano,,,,3,procer,Prócer,3
Q16490460,Casiano Calderón,Casiano Calderon,,,,1,procer,Prócer,1
Q9014472,José María Pirán,Jose Maria Piran,,,,2,procer,Prócer,2
Q9014472,José María Pirán,Jose Maria Pirán,,,,2,procer,Prócer,2
Q9014472,José María Pirán,Jose María Piran,,,,2,procer,Prócer,2
Q9014472,José María Pirán,Jose María Pirán,,,,2,procer,Prócer,2
Q9014472,José María Pirán,José Maria Piran,,,,2,procer,Prócer,2
Q9014472,José María Pirán,José Maria Pirán,,,,2,procer,Prócer,2
Q9014472,José María Pirán,José María Piran,,,,2,procer,Prócer,2
Q6149177,Toribio Salvadores,,,,,1,procer,Prócer,1
Q6037082,Nabor Segundo Córdoba,Nabor Segundo Cordoba,,,,1,procer,Prócer,1
Q6068081,Pedro Alcántara de Somellera,Pedro Alcantara de Somellera,,,,1,procer,Prócer,1
Q6068081,Pedro Alcántara de Somellera,Pedro Antonio Somellera,,,,1,procer,Prócer,1
Q6068087,Pedro Alejandrino Centeno,Pedro Alejandrino Zenteno,,,,2,procer,Prócer,2
Q5951299,Juan Martín Leguizamón,Juan Martin Leguizamon,,,,3,procer,Prócer,3
Q9014570,José Miguel Galán,Jose Miguel Galan,,,,3,procer,Prócer,3
Q9014570,José Miguel Galán,Jose Miguel Galán,,,,3,procer,Prócer,3
Q9014570,José Miguel Galán,José Miguel Galan,,,,3,procer,Prócer,3
Q6068125,Pedro Andrés García de Sobrecasa,Pedro Andres Garcia de Sobrecasa,,,,4,procer,Prócer,4
Q6068171,Pedro Anzorena,Pedro Ignacio Anzorena,,,,1,procer,Prócer,1
Q5390878,José María Aparicio,Jose Maria Aparicio,,,,1,procer,Prócer,1
Q6068645,Pedro Echagüe,Pedro Echague,,,,5,procer,Prócer,5
Q9015259,Juan Bialet Massé,Juan Bialet Masse,,,,3,procer,Prócer,3
Q46398,Pablo Lucero,,,,,4,procer,Prócer,4
Q5391590,Francisco María González Balcarce,Francisco Maria Gonzalez Balcarce,,,,1,procer,Prócer,1
Q5952263,Juan Ramón Rojas,Juan Ramon Rojas,,,,1,procer,Prócer,1
Q81121222,Manuel Marcos Zorrilla,Manuel Marcos Zorrilla Zerda,,,,1,procer,Prócer,1
Q81121222,Manuel Marcos Zorrilla,Manuel Zorrilla,,,,1,procer,Prócer,1
Q6069114,Pedro Igarzábal,Pedro Igarzabal,,,,1,procer,Prócer,1
Q6020707,Moisés Oliva,Moises Oliva,,,,1,procer,Prócer,1
Q6069202,Pedro José Díaz,Pedro Jose Diaz,,,,2,procer,Prócer,2
Q26840219,Nicolás Arriola,Jose Nicolas Arriola,,,,4,procer,Prócer,4
Q26840219,Nicolás Arriola,Jose Nicolás Arriola,,,,4,procer,Prócer,4
Q26840219,Nicolás Arriola,José Nicolas Arriola,,,,4,procer,Prócer,4
Q26840219,Nicolás Arriola,Nicolas Arriola,,,,4,procer,Prócer,4
Q6069250,Pedro José Saravia,Pedro Jose Saravia,,,,1,procer,Prócer,1
Q5952500,Juan Saá,Juan Saa,,,,2,procer,Prócer,2
Q134160,José de San Martín,José San Martín,,,,87,procer,Prócer,87
Q5681980,Mariano Fragueiro,Mariano Antonio Fragueiro,,,,3,procer,Prócer,3
Q66363917,Pantaleón Panelo,,,,,1,procer,Prócer,1
Q6160446,Ventura Pardal,,,,,1,procer,Prócer,1
Q6161054,Vicente Camargo,,,,,1,procer,Prócer,1
Q6161096,Vicente Dupuy,,,,,1,procer,Prócer,1
Q6161198,Vicente Lorenzo del Rosario Casares,,,,,2,procer,Prócer,2
Q6161399,Vicente del Castillo,,,,,1,procer,Prócer,1
Q16493475,Joaquín Belgrano,Joaquin Belgrano,,,,2,procer,Prócer,2
Q16493529,José Gregorio Belgrano,Jose Gregorio Belgrano,,,,3,procer,Prócer,3
Q16493529,José Gregorio Belgrano,Joseph Gregorio Belgrano,,,,3,procer,Prócer,3
Q6097502,Rafael León de Atienza,Rafael Leon de Atienza,,,,1,procer,Prócer,1
Q60149056,Francisco Antonio González,,,,,0,procer,Prócer,0
Q280554,Martín Rodríguez,Martín Rodriguez,,,,13,procer,Prócer,13
Q16494183,Nicolás Barros,Nicolas Barros,,,,1,procer,Prócer,1
Q3960817,Silvino Olivieri,,,,,2,procer,Prócer,2
Q56772137,Ruperto Fernández,,,,,1,procer,Prócer,1
Q5394862,José Mariano Serrano,Jose Mariano Serrano,,,,4,procer,Prócer,4
Q5483153,Bartolomé Leónidas Cordero,Bartolome Leonidas Cordero,,,,1,procer,Prócer,1
Q5831229,Emilio Mitre,,,,,3,procer,Prócer,3
Q20015615,Carlos Luis Paz,,,,,1,procer,Prócer,1
Q20015687,Prudencio Vidal Guiñazú,,,,,1,procer,Prócer,1
Q6173148,Ángel Fernández Blanco,Angel Fernandez Blanco,,,,1,procer,Prócer,1
Q6173221,Ángel Hubac,Abel Ángel Hubac,,,,1,procer,Prócer,1
Q5768764,Hipólito de Villegas,Hipolito Villegas,,,,3,procer,Prócer,3
Q5768764,Hipólito de Villegas,Hipólito Villegas,,,,3,procer,Prócer,3
Q18221251,Nicolás Ramón de Atienza,Nicolas Ramon de Atienza,,,,1,procer,Prócer,1
Q5952871,Juan Vázquez Díez,Juan Vazquez Diez,,,,2,procer,Prócer,2
Q3449051,José Inocencio Arias,Jose Inocencio Arias,,,,5,procer,Prócer,5
Q6014081,Miguel Cané,Miguel Cané (padre),,,,1,procer,Prócer,1
Q5483538,Francisco Javier de Viana,Francisco de Viana,,,,4,procer,Prócer,4
Q5483538,Francisco Javier de Viana,Francisco javier de viana,,,,4,procer,Prócer,4
Q6128727,Simeón Payba,Simeón Paiva,,,,2,procer,Prócer,2
Q6128727,Simeón Payba,Simeon Payba,,,,2,procer,Prócer,2
Q18222773,Lucas Córdoba,Lucas A. Cordoba,,,,3,procer,Prócer,3
Q18222773,Lucas Córdoba,Lucas A. Córdoba,,,,3,procer,Prócer,3
Q18222773,Lucas Córdoba,Lucas Alejandro Córdoba,,,,3,procer,Prócer,3
Q18222773,Lucas Córdoba,Lucas Cordoba,,,,3,procer,Prócer,3
Q365013,Adolfo Bullrich,Adolfo Jorge Bullrich,,,,5,procer,Prócer,5
Q5658026,Adolfo Gonzales Chaves (político),Adolfo Gregorio Gonzales Chaves,,,,1,procer,Prócer,1
Q3314051,Miguel Estanislao Soler,Estanislao Soler,,,,10,procer,Prócer,10
Q3083192,Tomás Guido,Tomas Guido,,,,9,procer,Prócer,9
Q18223501,Federico Helguera,Juan Antonio Federico Helguera,,,,2,procer,Prócer,2
Q7159657,Pedro Ignacio Rivera,Pedro Ignacio de la Rivera,,,,4,procer,Prócer,4
Q7159657,Pedro Ignacio Rivera,Pedro Ignacio de Rivera,,,,4,procer,Prócer,4
Q7159661,Pedro Ignacio de Castro Barros,Pedro Ignacio Castro Barros,,,,2,procer,Prócer,2
Q7159661,Pedro Ignacio de Castro Barros,Pedro ignacio de castro barros,,,,2,procer,Prócer,2
Q7159700,Pedro León Díaz-Gallo,Pedro Leon Diaz Gallo,,,,4,procer,Prócer,4
Q7159700,Pedro León Díaz-Gallo,Pedro Leon Díaz Gallo,,,,4,procer,Prócer,4
Q7159700,Pedro León Díaz-Gallo,Pedro León Diaz Gallo,,,,4,procer,Prócer,4
Q7159700,Pedro León Díaz-Gallo,Pedro Leon Gallo (Argentina),,,,4,procer,Prócer,4
Q7159700,Pedro León Díaz-Gallo,Pedro León Gallo (Argentina),,,,4,procer,Prócer,4
Q7160035,Pedro de Garmendia,Pedro Garmendia,,,,3,procer,Prócer,3
Q7160035,Pedro de Garmendia,Pedro Ignacio de Garmendia Alurralde,,,,3,procer,Prócer,3
Q7143037,Pastor Obligado,,,,,5,procer,Prócer,5
Q7145942,Patricio Cullen,,,,,3,procer,Prócer,3
Q7146870,Patrick Joseph Dillon,,,,,4,procer,Prócer,4
Q2790355,Juan Larrea,Joan Larrea i Espeso,,,,11,procer,Prócer,11
Q107719300,Manuel Anselmo Ocampo,Manuel Anselmo Gregorio Ocampo,,,,1,procer,Prócer,1
Q4135885,José Nicolás Jorge,José Jorge,,,,3,procer,Prócer,3
Q7159771,Pedro Medrano,,,,,3,procer,Prócer,3
Q7159854,Pedro Pascual Segura,,,,,3,procer,Prócer,3
Q6777853,Martín Yanzón,Jose Martin Yanzon,,,,2,procer,Prócer,2
Q6777853,Martín Yanzón,José Martín Yanzón,,,,2,procer,Prócer,2
Q6777853,Martín Yanzón,Martin Yanzon,,,,2,procer,Prócer,2
Q6777853,Martín Yanzón,Martin Yanzón,,,,2,procer,Prócer,2
Q6777853,Martín Yanzón,Martín Yanzon,,,,2,procer,Prócer,2
Q6099465,Ramón Bernabé Estomba,Ramon Bernabe Estomba,,,,1,procer,Prócer,1
Q6099614,Ramón Febre,Ramon Febre,,,,2,procer,Prócer,2
Q6099671,Ramón Gil Navarro,Ramon Gil Navarro,,,,2,procer,Prócer,2
Q6099756,Ramón Lara,Ramon Lara,,,,1,procer,Prócer,1
Q6099840,Ramón Maza,Ramon Maza,,,,1,procer,Prócer,1
Q6099930,Ramón Pazos,Ramon Pazos,,,,1,procer,Prócer,1
Q124805721,Mauricio González Catán,Mauricio Eustaquio Mateo González Catán,,,,1,procer,Prócer,1
Q5867240,Francisco Reinafé,Francisco Reinafe,,,,1,procer,Prócer,1
Q5867431,Francisco Sayós,Francisco Sayos,,,,1,procer,Prócer,1
Q7001902,Antonio Susini,,,,,2,procer,Prócer,2
Q16582588,José Antonio Barros,Jose Antonio Barros,,,,1,procer,Prócer,1
Q1709250,José Güemes,Jose de Guemes,,,,2,procer,Prócer,2
Q1709250,José Güemes,José de Güemes,,,,2,procer,Prócer,2
Q1709250,José Güemes,Jose Guemes,,,,2,procer,Prócer,2
Q1709250,José Güemes,Jose Güemes,,,,2,procer,Prócer,2
Q1709250,José Güemes,José Guemes,,,,2,procer,Prócer,2
Q9056896,Patricio Lynch,Almirante Lynch,,,,9,procer,Prócer,9
Q25374201,Bernardino Valle,,,,,1,procer,Prócer,1
Q124052257,Juan Agustín Noguera,Juan Agustin Noguera Boneo,,,,1,procer,Prócer,1
Q5833756,Enrique Rodríguez,Enrique Rodriguez,,,,1,procer,Prócer,1
Q5770161,Ciriaco Díaz Vélez,Ciriaco Diaz Velez,,,,1,procer,Prócer,1
Q16583614,José Miguel Zegada,Jose Miguel Zegada,,,,1,procer,Prócer,1
Q5819567,Eduardo Pico,Eduardo Gustavo Pico,,,,1,procer,Prócer,1
Q43568,Benito Villafañe,Benito villafane,,,,3,procer,Prócer,3
Q43568,Benito Villafañe,Jose Benito Villafane,,,,3,procer,Prócer,3
Q43568,Benito Villafañe,Jose Benito Villafañe,,,,3,procer,Prócer,3
Q43568,Benito Villafañe,José Benito Villafane,,,,3,procer,Prócer,3
Q43568,Benito Villafañe,José Benito Villafañe,,,,3,procer,Prócer,3
Q5981934,Lucas Píriz,Lucas Piriz,,,,1,procer,Prócer,1
Q43570,Manuel José Gómez Rufino,Manuel Jose Gomez Rufino,,,,4,procer,Prócer,4
Q43570,Manuel José Gómez Rufino,Manuel Jose Gómez Rufino,,,,4,procer,Prócer,4
Q43570,Manuel José Gómez Rufino,Manuel José Gomez Rufino,,,,4,procer,Prócer,4
Q16584234,Juan Andrés de Pueyrredón,Juan Andres de Pueyrredon,,,,1,procer,Prócer,1
Q4180986,Juan Felipe Ibarra,Felipe Ibarra,,,,7,procer,Prócer,7
Q2482220,Francisco Ramírez,"Francisco ""Pancho"" Ramirez",,,,9,procer,Prócer,9
Q2482220,Francisco Ramírez,"Francisco ""Pancho"" Ramírez",,,,9,procer,Prócer,9
Q2482220,Francisco Ramírez,Francisco “Pancho” Ramirez,,,,9,procer,Prócer,9
Q2482220,Francisco Ramírez,Francisco “Pancho” Ramírez,,,,9,procer,Prócer,9
Q2482220,Francisco Ramírez,Francisco Ramirez,,,,9,procer,Prócer,9
Q2482220,Francisco Ramírez,Pancho Ramirez,,,,9,procer,Prócer,9
Q2482220,Francisco Ramírez,Pancho Ramírez,,,,9,procer,Prócer,9
Q2482220,Francisco Ramírez,Supremo entrerriano,,,,9,procer,Prócer,9
Q19255231,Absalón Rojas,Absalon Rojas,,,,3,procer,Prócer,3
Q5686539,Agustín Dávila del Moral,Agustin Davila del Moral,,,,1,procer,Prócer,1
Q2876101,Francisco Elía,Francisco Elia,,,,1,procer,Prócer,1
Q16585225,Juan Vicente Pampín,Juan Vicente Pampin,,,,1,procer,Prócer,1
Q4135886,Constantino Jorge,,,,,2,procer,Prócer,2
Q18223649,Agustín de Iriondo Candioti,Agustin de Iriondo Candioti,,,,1,procer,Prócer,1
Q5460859,Florencio Varela,Florencio Varela (educador),,,,7,procer,Prócer,7
Q18223651,Urbano de Iriondo,Jose Urbano Ramon de Iriondo,,,,3,procer,Prócer,3
Q18223651,Urbano de Iriondo,José Urbano Ramón de Iriondo,,,,3,procer,Prócer,3
Q2876424,Francisco Doblas,Francisco Gonzalo de Doblas,,,,1,procer,Prócer,1
Q5920274,Irinéo Lima,Irineo Lima,,,,1,procer,Prócer,1
Q18224439,Miguel M. Nougués,Miguel M. Nougues,,,,3,procer,Prócer,3
Q18224439,Miguel M. Nougués,Miguel Macedonio de Jesus Nougues,,,,3,procer,Prócer,3
Q18224439,Miguel M. Nougués,Miguel Macedonio de Jesús Nougués,,,,3,procer,Prócer,3
Q5953910,Juana del Pino,Juana Josefa Joaquina del Pino y Vera Mujica,,,,4,procer,Prócer,4
Q357826,Gregorio Aráoz de La Madrid,El Mas Valiente De Los Valientes.,,,,7,procer,Prócer,7
Q357826,Gregorio Aráoz de La Madrid,Gregorio Araoz de La Madrid,,,,7,procer,Prócer,7
Q357826,Gregorio Aráoz de La Madrid,Gregorio Araoz de Lamadrid,,,,7,procer,Prócer,7
Q365158,Adolfo Saldías,Adolfo Saldias,,,,7,procer,Prócer,7
Q5676028,Andrés Pazos,Andres Pazos,,,,1,procer,Prócer,1
Q5804180,Desiderio Sosa,Desiderio Antonio Sosa,,,,1,procer,Prócer,1
Q3662474,Manuel Hermenegildo Aguirre,Manuel Aguirre Lejarrota,,,,2,procer,Prócer,2
Q3662474,Manuel Hermenegildo Aguirre,Manuel Hermenegildo de Aguirre,,,,2,procer,Prócer,2
Q3189893,Julián de Leyva,Julian de Leiva,,,,4,procer,Prócer,4
Q3189893,Julián de Leyva,Julián de Leiva,,,,4,procer,Prócer,4
Q3189893,Julián de Leyva,Julian de Leyva,,,,4,procer,Prócer,4
Q3189893,Julián de Leyva,Julian Leiva,,,,4,procer,Prócer,4
Q3189893,Julián de Leyva,Julián Leiva,,,,4,procer,Prócer,4
Q2562334,Manuel Dorrego,Dorrego,,,,18,procer,Prócer,18
Q461939,Eugenio Cambaceres,Eugenio Cambacerès,,,,9,procer,Prócer,9
Q461939,Eugenio Cambaceres,Eugenio Cambacéres,,,,9,procer,Prócer,9
Q461939,Eugenio Cambaceres,Eugenio Cambacérés,,,,9,procer,Prócer,9
Q461939,Eugenio Cambaceres,Eugenio Cambacérès,,,,9,procer,Prócer,9
Q461939,Eugenio Cambaceres,Eugenio Cambaceres Alais,,,,9,procer,Prócer,9
Q461939,Eugenio Cambaceres,Eugenio Modesto de las Mercedes Cambaceres,,,,9,procer,Prócer,9
Q357826,Gregorio Aráoz de La Madrid,La Madrid,,,,7,procer,Prócer,7
Q5872171,Félix Ballester,Felix Ballester,,,,1,procer,Prócer,1
Q5660613,Agustín Delgado (Argentina),Agustín Delgado,,,,1,procer,Prócer,1
Q2834915,Manuel D. Pizarro,Manuel Demetrio de la Pasion Pizarro,,,,5,procer,Prócer,5
Q2834915,Manuel D. Pizarro,Manuel Demetrio de la Pasión Pizarro,,,,5,procer,Prócer,5
Q2834915,Manuel D. Pizarro,Manuel Demetrio Pizarro,,,,5,procer,Prócer,5
Q1441894,Francisco Bollini,Bollini,,,,2,procer,Prócer,2
Q6395500,Benigno Benjamín Villanueva,Benigno Benjamin Villanueva,,,,2,procer,Prócer,2
Q2939476,Carlos Tejedor,,,,,8,procer,Prócer,8
Q6041856,Nicanor Cáceres,Nicanor Caceres,,,,3,procer,Prócer,3
Q6042086,Nicolás Anchorena,Nicolas Anchorena,,,,2,procer,Prócer,2
Q6042098,Nicolás Avellaneda y Tula,Nicolas Avellaneda y Tula,,,,1,procer,Prócer,1
Q6042142,Nicolás Calvo,Nicolas Calvo,,,,2,procer,Prócer,2
Q6042303,Nicolás José de la Quintana,Nicolas Jose de la Quintana,,,,1,procer,Prócer,1
Q4721415,Alexis Bruix,Alejo Bruix,,,,2,procer,Prócer,2
Q6042652,Nicolás de Vedia,Nicolas de Vedia,,,,1,procer,Prócer,1
Q16584588,Juan Esteban Martínez,Juan Esteban Martinez,,,,2,procer,Prócer,2
Q6042315,Nicolás Levalle,Nicolas Levalle,,,,8,procer,Prócer,8
Q456235,Luis Lorenzo Domínguez,Luis L Dominguez,,,,8,procer,Prócer,8
Q456235,Luis Lorenzo Domínguez,Luis L Domínguez,,,,8,procer,Prócer,8
Q456235,Luis Lorenzo Domínguez,Luis L. Dominguez,,,,8,procer,Prócer,8
Q456235,Luis Lorenzo Domínguez,Luis Lorenzo Dominguez,,,,8,procer,Prócer,8
Q27487344,Emilio Onrubia,"el ""loco Onrubia""",,,,1,procer,Prócer,1
Q5290406,Domingo Sosa,,,,,5,procer,Prócer,5
Q60969,Carlos Germán Burmeister,German Burmeister,,,,30,procer,Prócer,30
Q389678,Nicasio Oroño,,,,,5,procer,Prócer,5
Q6006725,Matías Sancho,Matias Sancho,,,,1,procer,Prócer,1
Q60866172,Cipriano Miró,,,,,1,procer,Prócer,1
Q2893335,Agustín de Pinedo,Agustin de Pinedo,,,,1,procer,Prócer,1
Q5982326,Lucio Salvadores y Chaves,Lucio Calixto Salvadores,,,,1,procer,Prócer,1
Q5400400,José Olaguer Feliú y Azcuénaga,Jose Olaguer Feliu y Azcuenaga,,,,2,procer,Prócer,2
Q1710498,Juan Gregorio de Las Heras,Gregorio de las Heras,,,,16,procer,Prócer,16
Q1710498,Juan Gregorio de Las Heras,Gregorio Las Heras,,,,16,procer,Prócer,16
Q1710498,Juan Gregorio de Las Heras,Juan gregorio de las heras,,,,16,procer,Prócer,16
Q1710498,Juan Gregorio de Las Heras,Juan Gregorio Las Heras,,,,16,procer,Prócer,16
Q1710498,Juan Gregorio de Las Heras,Juan Gualberto Gregorio de las Heras,,,,16,procer,Prócer,16
Q105213005,Torcuato Gilbert,,,,,1,procer,Prócer,1
Q2893609,José Severo Malabia,Jose Severo Malabia,,,,3,procer,Prócer,3
Q5400697,Elías Galisteo,Elias Galisteo,,,,1,procer,Prócer,1
Q5400697,Elías Galisteo,Jose Elias Galisteo,,,,1,procer,Prócer,1
Q5400697,Elías Galisteo,José Elías Galisteo,,,,1,procer,Prócer,1
Q5660617,Agustín Díaz Colodrero,Agustin Diaz Colodrero,,,,1,procer,Prócer,1
Q5400739,Esteban Agustín Gascón,Esteban Agustin Gascon,,,,4,procer,Prócer,4
Q5400739,Esteban Agustín Gascón,Esteban Agustín Gazcón,,,,4,procer,Prócer,4
Q2893991,Agustín Pedro Justo,Agustin Pedro Justo,,,,1,procer,Prócer,1
Q2893991,Agustín Pedro Justo,Agustín Pedro Justo (padre),,,,1,procer,Prócer,1
Q2893938,Pedro José Campos,Pedro Jose Campos,,,,1,procer,Prócer,1
Q117465130,Parmenio Ferrer,,,,,1,procer,Prócer,1
Q5982958,Luis Burela,Luis Burela y Saavedra,,,,2,procer,Prócer,2
Q2894164,Ángel Monasterio,Angel Monasterio,,,,2,procer,Prócer,2
Q3067804,Juan María Gutiérrez,Juan Maria Gutiérrez,,,,10,procer,Prócer,10
Q3067804,Juan María Gutiérrez,Juan María Gutierrez,,,,10,procer,Prócer,10
Q2878309,Pedro Nolasco Pérez de Uriondo,Pedro Nolasco Perez de Uriondo,,,,1,procer,Prócer,1
Q105241631,Andrea Zenarruza,,,,,2,procer,Prócer,2
Q5787514,Nicolás Herrera,Nicolas Herrera,,,,3,procer,Prócer,3
Q6752411,Manuel Argerich,Manuel Gregorio Argerich,,,,2,procer,Prócer,2
Q6752424,Manuel Ascencio Padilla,Manuel Ascensio Padilla,,,,4,procer,Prócer,4
Q6752424,Manuel Ascencio Padilla,Manuel Asencio Padilla,,,,4,procer,Prócer,4
Q6752433,Manuel Barañao,Eraldon Manuel Barañao,,,,3,procer,Prócer,3
Q6752433,Manuel Barañao,Manuel Baranao,,,,3,procer,Prócer,3
Q5731963,Bonifacio Ruiz de los Llanos,Manuel Bonifacio Ruiz de los Llanos,,,,2,procer,Prócer,2
Q5921195,Isidoro Fernández Reguera,Isidoro Fernandez Reguera,,,,1,procer,Prócer,1
Q5688308,Alberto Seguí,Alberto Segui,,,,1,procer,Prócer,1
Q5660720,Agustín José Donado,Agustin Jose Donado,,,,1,procer,Prócer,1
Q5660724,Agustín Justo de la Vega,Agustin Justo de la Vega,,,,2,procer,Prócer,2
Q5921324,Isidro Quesada,Juan Isidro Quesada,,,,1,procer,Prócer,1
Q5660827,Agustín Ravelo,Agustin Ravelo,,,,1,procer,Prócer,1
Q7024373,Nicanor Molinas,Nicanor Eugenio Molinas,,,,4,procer,Prócer,4
Q6298999,Juan Bautista Paz,,,,,3,procer,Prócer,3
Q5872253,Félix Frías,Felix G. Frias,,,,2,procer,Prócer,2
Q5872253,Félix Frías,Félix G. Frías,,,,2,procer,Prócer,2
Q5872253,Félix Frías,Felix Gregorio Frias,,,,2,procer,Prócer,2
Q5872253,Félix Frías,Félix Gregorio Frías,,,,2,procer,Prócer,2
Q5817827,José Carreras,Jose Carreras,,,,1,procer,Prócer,1
Q28313295,Benedicto Fresco,,,,,1,procer,Prócer,1
Q932528,Encarnación Ezcurra,Encarnacion Ezcurra,,,,8,procer,Prócer,8
Q5872484,Félix de Iriarte y Somalo,Felix de Iriarte y Somalo,,,,1,procer,Prócer,1
Q5872503,Félix de Álzaga,Felix de Alzaga,,,,2,procer,Prócer,2
Q927955,Feliciano Antonio Chiclana,,,,,8,procer,Prócer,8
Q6158916,Valentín Virasoro,Valentin Virasoro,,,,2,procer,Prócer,2
Q5873105,Gabino Anzoátegui,Gabino Anzoategui,,,,1,procer,Prócer,1
Q4666540,Abel Bazán,Abel Bazan,,,,3,procer,Prócer,3
Q5486547,Matías Balbastro,Matias Balbastro,,,,1,procer,Prócer,1
Q6752592,Manuel G. Posadas,Manuel G Posadas,,,,4,procer,Prócer,4
Q6752592,Manuel G. Posadas,Manuel Gervasio Posadas,,,,4,procer,Prócer,4
Q5548042,José Vicente Reinafé,Jose Vicente Reinafe,,,,2,procer,Prócer,2
Q6752642,Manuel Isidoro Suárez,Isidoro Suarez,,,,4,procer,Prócer,4
Q6752642,Manuel Isidoro Suárez,Isidoro Suárez,,,,4,procer,Prócer,4
Q6752642,Manuel Isidoro Suárez,Manuel Isidoro Suarez,,,,4,procer,Prócer,4
Q28335399,Ignacio Videla,,,,,1,procer,Prócer,1
Q3067804,Juan María Gutiérrez,Juan Maria Gutierrez,,,,10,procer,Prócer,10
Q16598504,Manuel María Moreno,Manuel Maria Moreno,,,,1,procer,Prócer,1
Q5955567,Julio Nicolás José Fonrouge de Lesseps,Julio Nicolas Jose Fonrouge de Lesseps,,,,1,procer,Prócer,1
Q33051,Saturnino Laspiur,Laspiur,,,,3,procer,Prócer,3
Q9093297,Vicente González,Vicente Gonzalez,,,,1,procer,Prócer,1
Q47500189,Alejo Belaúnde,,,,,1,procer,Prócer,1
Q1098027,Claudio Federico Stegmann Pérez Millán,Claudio Federico Stegmann Perez Millan,,,,1,procer,Prócer,1
Q4018985,Wenceslao Paunero,Brigadier General Wenceslao Paunero,,,,7,procer,Prócer,7
Q4135885,José Nicolás Jorge,Nicolas Jorge,,,,3,procer,Prócer,3
Q5947800,Juan Bautista Peña,,,,,1,procer,Prócer,1
Q7521463,Simón de Iriondo,Simon de Iriondo,,,,3,procer,Prócer,3
Q5943340,José María Plaza,Jose Maria Plaza,,,,2,procer,Prócer,2
Q5699188,Antonio Navarro,Antonio Navarro (militar),,,,1,procer,Prócer,1
Q6454195,José Eugenio de Elías,Jose Eugenio de Elias,,,,1,procer,Prócer,1
Q5391661,Gregorio Samaniego,,,,,1,procer,Prócer,1
Q5938570,José Bolaños,José Bonifacio de Bolaños,,,,1,procer,Prócer,1
Q6454368,José Ignacio Grela,Jose Ignacio Grela,,,,1,procer,Prócer,1
Q6454423,José Julián Pérez de Echalar,Jose Julian Perez,,,,3,procer,Prócer,3
Q19259910,Gregorio Santillán,Gregorio Santillan,,,,2,procer,Prócer,2
Q6454781,José María Cordero,Jose Maria Cordero,,,,1,procer,Prócer,1
Q6454785,José María Cortina,Jose Maria Cortina,,,,1,procer,Prócer,1
Q6454789,José María Domínguez,Jose Maria Dominguez,,,,1,procer,Prócer,1
Q24262158,Lucía Petrona Riera Merlo,Lucia Petrona Riera Merlo,,,,1,procer,Prócer,1
Q3665664,Cesáreo Domínguez,Cesareo Dominguez,,,,5,procer,Prócer,5
Q3665664,Cesáreo Domínguez,Cesareo Domínguez,,,,5,procer,Prócer,5
Q3665664,Cesáreo Domínguez,Cesáreo Dominguez,,,,5,procer,Prócer,5
Q5876761,Genaro Berón de Astrada,Genaro Beron de Astrada,,,,3,procer,Prócer,3
Q5876787,Genaro Perugorría,Genaro Perugorria,,,,2,procer,Prócer,2
Q7366792,Roque Ferreyra,,,,,2,procer,Prócer,2
Q29405119,Octavio Garrigós,Juan Antonio Octavio Mariano Garrigos Sanchez Boado,,,,2,procer,Prócer,2
Q29405119,Octavio Garrigós,Juan Antonio Octavio Mariano Garrigós Sánchez Boado,,,,2,procer,Prócer,2
Q29405119,Octavio Garrigós,Octavio Garrigos,,,,2,procer,Prócer,2
Q5860166,Fernando Rojas,,,,,1,procer,Prócer,1
Q19260856,Luis G. Pinto,Luis Generoso Pinto,,,,1,procer,Prócer,1
Q6068995,Pedro Gordillo,Pedro Antonio Gordillo y Ortiz de Ocampo,,,,1,procer,Prócer,1
Q6553420,Mariquita Sánchez de Thompson,Maria Sanchez,,,,7,procer,Prócer,7
Q5390439,Jorge Torino,,,,,1,procer,Prócer,1
Q314362,Bartolomé Mitre,Bartolome Mitre,,,,46,procer,Prócer,46
Q6292150,José Eugenio Tello,José Tello,,,,2,procer,Prócer,2
Q7376885,Rudecindo Alvarado,,,,,5,procer,Prócer,5
Q5549517,Eusebio Hereñú,José Eusebio Hereñú,,,,2,procer,Prócer,2
Q6104042,Regis Martínez,Regis Martinez,,,,1,procer,Prócer,1
Q5402141,Luis Elordi,,,,,2,procer,Prócer,2
Q1331,Manuel Blanco Encalada,Manuel José Blanco y Calvo de Encalada nació en,,,,32,procer,Prócer,32
Q5408354,Saturnino Castro,,,,,1,procer,Prócer,1
Q6068995,Pedro Gordillo,Pedro Antonio Gordillo,,,,1,procer,Prócer,1
Q6042599,Nicolás Villanueva,Nicolás Alejandro Villanueva,,,,1,procer,Prócer,1
Q2835582,José María Gutiérrez,Jose Maria Gutierrez,,,,1,procer,Prócer,1
Q5726136,Benjamín Paz,,,,,2,procer,Prócer,2
Q5414032,John Handel,,,,,1,procer,Prócer,1
Q314362,Bartolomé Mitre,B. Mitre,,,,46,procer,Prócer,46
Q9014367,José María Bustillo,Jose Maria Bustillo,,,,3,procer,Prócer,3
Q60826549,Matías Rivero,Doroteo Matías Rivero Ramallo,,,,1,procer,Prócer,1
Q16594368,Luis Frías,Luis Frias,,,,2,procer,Prócer,2
Q19263957,Salustiano J. Zavalía,Salustiano J. Zavalia,,,,1,procer,Prócer,1
Q9050007,Nicolás Martínez Fontes (1792-1874),Martinez Fontes,,,,1,procer,Prócer,1
Q9050007,Nicolás Martínez Fontes (1792-1874),Martínez Fontes,,,,1,procer,Prócer,1
Q9050007,Nicolás Martínez Fontes (1792-1874),Nicolas Martinez Fontes,,,,1,procer,Prócer,1
Q9050007,Nicolás Martínez Fontes (1792-1874),Nicolas Martínez Fontes,,,,1,procer,Prócer,1
Q9050007,Nicolás Martínez Fontes (1792-1874),Nicolás Martinez Fontes,,,,1,procer,Prócer,1
Q9050014,Nicolás Martínez Fontes (1816-1863),Nicolas Martinez Fontes (hijo),,,,1,procer,Prócer,1
Q9050014,Nicolás Martínez Fontes (1816-1863),Nicolas Martínez Fontes (hijo),,,,1,procer,Prócer,1
Q9050014,Nicolás Martínez Fontes (1816-1863),Nicolás Martinez Fontes (hijo),,,,1,procer,Prócer,1
Q107863748,Juan José Álvarez,,,,,1,procer,Prócer,1
Q2033928,Carlos Calvo,,,,,14,procer,Prócer,14
Q6113704,Ruperto Godoy,,,,,2,procer,Prócer,2
Q20665587,Santos Nieva y Castilla,,,,,1,procer,Prócer,1
Q6117717,Salvador Maldonado,,,,,1,procer,Prócer,1
Q3294127,José Miguel Lanza,Jose Lanza,,,,6,procer,Prócer,6
Q3294127,José Miguel Lanza,José Lanza,,,,6,procer,Prócer,6
Q3294127,José Miguel Lanza,Jose Miguel Lanza,,,,6,procer,Prócer,6
Q5441056,Federico Rauch,,,,,7,procer,Prócer,7
Q5734561,Bruno Morón,Bruno Moron,,,,1,procer,Prócer,1
Q5734561,Bruno Morón,José Bruno Morón,,,,1,procer,Prócer,1
Q929237,Lucas González,Lucas Gonzalez,,,,2,procer,Prócer,2
Q28501306,Abraham Vidart,,,,,1,procer,Prócer,1
Q28501962,Fernando Centeno,,,,,1,procer,Prócer,1
Q28501963,Juan Carlos Cepeda,,,,,1,procer,Prócer,1
Q5637260,Martín de Gainza,Martin de Gainza,,,,1,procer,Prócer,1
Q6068367,Pedro Burgos,,,,,1,procer,Prócer,1
Q15813295,Ricardo Vera,,,,,1,procer,Prócer,1
Q5955985,Julián Azcona,Julian Azcona,,,,2,procer,Prócer,2
Q17462507,Ataliva Roca Paz,Antonio Ataliva Roca,,,,2,procer,Prócer,2
Q5872344,Félix María Gómez,Felix Maria Gomez,,,,1,procer,Prócer,1
Q5956088,Julián González Salomón,Julian Gonzalez Salomon,,,,1,procer,Prócer,1
Q5956159,Julián Murga,Julian Murga,,,,1,procer,Prócer,1
Q5956169,Julián Navarro gui,Julian Navarro,,,,1,procer,Prócer,1
Q5925836,James Paroissien,Diego Paroissien,,,,3,procer,Prócer,3
Q136336057,Jacinto del Rincón,,,,,1,procer,Prócer,1
Q42296905,Manuel Antonio de Arrotea,Manuel de Arrotea,,,,1,procer,Prócer,1
Q5956958,Justo Germán Bermúdez,Justo German Bermudez,,,,1,procer,Prócer,1
Q6014062,Miguel Cajaraville,Miguel de los Santos Cajaraville,,,,1,procer,Prócer,1
Q5638931,Pedro A. Pardo,Pedro Antonio Pardo Saravia,,,,1,procer,Prócer,1
Q6014259,Miguel Esteves Saguí,Miguel Esteves Sagui,,,,1,procer,Prócer,1
Q3846654,Marcos Paz,,,,,8,procer,Prócer,8
Q6015432,Miguel Francisco de Villegas,"Miguel de Villegas ""el Hijo""",,,,1,procer,Prócer,1
Q6015432,Miguel Francisco de Villegas,"Miguel Villegas ""el Militar de la Guerra del Paraguay",,,,1,procer,Prócer,1
Q5407631,Zacarías Yanzi,Zacarias Yanzi,,,,2,procer,Prócer,2
Q5941476,Ángel Núñez,,,,,1,procer,Prócer,1
Q5829366,Eleazar Garzón,Eleazar Garzon,,,,1,procer,Prócer,1
Q5829366,Eleazar Garzón,Eleázar Garzón,,,,1,procer,Prócer,1
Q6160449,Ventura Vázquez,Ventura Enrique Vázquez Feijóo,,,,1,procer,Prócer,1
Q6160449,Ventura Vázquez,Ventura Vazquez,,,,1,procer,Prócer,1
Q111633724,Ramón Lista,,,,,0,procer,Prócer,0
Q5550217,Teodoro García,Teodoro Garcia,,,,1,procer,Prócer,1
Q5408316,Eugenio Necochea Zaraza,Eugenio Necochea,,,,3,procer,Prócer,3
Q2857426,Gaucho Rivero,Antonio Rivero,,,,6,procer,Prócer,6
Q2857525,Antonio Álvarez Jonte,Antonio Alvarez Jonte,,,,5,procer,Prócer,5
Q18224882,Sabiniano Kier,,,,,2,procer,Prócer,2
Q5483750,Cleto Peña,,,,,1,procer,Prócer,1
Q5484560,Martín Viñales,,,,,1,procer,Prócer,1
Q5551135,Juan Antonio Ugarteche,Juan Antonio Ugarteche Posadas,,,,1,procer,Prócer,1
Q929405,Nazario Benavídez,Nazario Benavidez,,,,4,procer,Prócer,4
Q8194290,Alejo Castex,,,,,3,procer,Prócer,3
Q107998649,Eusebio Ocampo,,,,,1,procer,Prócer,1
Q107998824,José Sixto García Isasa,,,,,2,procer,Prócer,2
Q9023781,Lorenzo Álvarez,Lorenzo Alvarez,,,,1,procer,Prócer,1
Q5819507,Eduardo Olivera,,,,,1,procer,Prócer,1
Q31117906,Juan Pascual Calderón,Juan Pascual Calderon,,,,1,procer,Prócer,1
Q131824652,José María Casullo,,,,,1,procer,Prócer,1
Q5491422,Mauricio Daract,,,,,1,procer,Prócer,1
Q5491601,Francisco Antonio de Escalada,,,,,1,procer,Prócer,1
Q41907524,Manuel Augusto Montes de Oca,,,,,3,procer,Prócer,3
Q3295527,Dardo Rocha,Dardo Rocha Arana,,,,12,procer,Prócer,12
Q5493152,Victoriano Aguilar,,,,,1,procer,Prócer,1
Q5693224,Ambrosio de Lezica (padre),Ambrosio de Lezica y Torre Tagle,,,,1,procer,Prócer,1
Q8076880,Ángel Pacheco,General Angel Pacheco,,,,5,procer,Prócer,5
Q8076880,Ángel Pacheco,General Ángel Pacheco,,,,5,procer,Prócer,5
Q5693331,Lindor Quiroga,Lindor Laurentino Quiroga,,,,2,procer,Prócer,2
Q9027870,Manuel José García,Manuel J Garcia,,,,8,procer,Prócer,8
Q9027870,Manuel José García,Manuel J García,,,,8,procer,Prócer,8
Q9027870,Manuel José García,Manuel J. Garcia,,,,8,procer,Prócer,8
Q9027870,Manuel José García,Manuel Jose Garcia,,,,8,procer,Prócer,8
Q9027870,Manuel José García,Manuel Jose García,,,,8,procer,Prócer,8
Q9027870,Manuel José García,Manuel José Garcia,,,,8,procer,Prócer,8
Q9027870,Manuel José García,Manuel Jose Garcia Ferreyra,,,,8,procer,Prócer,8
Q9027870,Manuel José García,Manuel Jose García Ferreyra,,,,8,procer,Prócer,8
Q9027870,Manuel José García,Manuel José Garcia Ferreyra,,,,8,procer,Prócer,8
Q9027870,Manuel José García,Manuel José García Ferreyra,,,,8,procer,Prócer,8
Q5495923,Pedro Timote,,,,,1,procer,Prócer,1
Q5694178,José Manuel Saravia,Jose Manuel Saravia,,,,1,procer,Prócer,1
Q5574378,Jerónimo Espejo,Jeronimo Espejo,,,,4,procer,Prócer,4
Q3810857,Juan José Castelli,Juan Jose Castelli,,,,15,procer,Prócer,15
Q6291466,José Melián,Jose de Melian,,,,2,procer,Prócer,2
Q6291466,José Melián,Jose de Melián,,,,2,procer,Prócer,2
Q6291466,José Melián,José de Melian,,,,2,procer,Prócer,2
Q6291466,José Melián,José de Melián,,,,2,procer,Prócer,2
Q6291466,José Melián,Jose Melian,,,,2,procer,Prócer,2
Q6291466,José Melián,Jose Melián,,,,2,procer,Prócer,2
Q6291466,José Melián,José Melian,,,,2,procer,Prócer,2
Q5992684,Manuel Correa (militar),Manuel Correa,,,,1,procer,Prócer,1
Q6165604,Javier López,Javier Lopez (gobernador),,,,5,procer,Prócer,5
Q6165604,Javier López,Javier López (gobernador),,,,5,procer,Prócer,5
Q6165604,Javier López,Javier Lopez (militar),,,,5,procer,Prócer,5
Q6165604,Javier López,Javier López (militar),,,,5,procer,Prócer,5
Q30303543,José Rufino Lucero y Sosa,Jose Rufino Lucero y Sosa,,,,1,procer,Prócer,1
Q5575084,Ismael Galíndez,Ismael Galindez,,,,2,procer,Prócer,2
Q6291938,José Eusebio Colombres,Jose Colombres,,,,2,procer,Prócer,2
Q6291938,José Eusebio Colombres,José Colombres,,,,2,procer,Prócer,2
Q6291938,José Eusebio Colombres,Jose Eusebio Colombres,,,,2,procer,Prócer,2
Q5994837,Manuel Álvarez,Manuel Alvarez,,,,1,procer,Prócer,1
Q5695127,Victorio García de Zúñiga,Juan Francisco Victorio García de Zúñiga y Warnes,,,,2,procer,Prócer,2
Q6292150,José Eugenio Tello,Eugenio Tello,,,,2,procer,Prócer,2
Q6292150,José Eugenio Tello,Jose Eugenio Tello,,,,2,procer,Prócer,2
Q6292150,José Eugenio Tello,Jose Tello,,,,2,procer,Prócer,2
Q9001348,Guillermo Miller,William Miller,,,,8,procer,Prócer,8
Q6292272,José Francisco Álvarez,Jose Francisco Alvarez,,,,3,procer,Prócer,3
Q6292272,José Francisco Álvarez,Jose Francisco Álvarez,,,,3,procer,Prócer,3
Q6292272,José Francisco Álvarez,José Francisco Alvarez,,,,3,procer,Prócer,3
Q2074387,Mariano Moreno,,,,,20,procer,Prócer,20
Q6292520,José Ignacio Thames,Jose Ignacio Thames,,,,3,procer,Prócer,3
Q16598293,Manuel Ferré,Manuel Antonio Ferré,,,,1,procer,Prócer,1
Q16598293,Manuel Ferré,Manuel Ferre,,,,1,procer,Prócer,1
Q5482008,Marco Avellaneda,Marco Manuel Avellaneda,,,,5,procer,Prócer,5
Q5639080,José Santos Ortiz,Jose Santos Ortiz,,,,1,procer,Prócer,1
Q5639660,Juan Eugenio Serú,Juan Eugenio Seru,,,,3,procer,Prócer,3
Q7406435,Salvador María del Carril,Salvador Maria del Carril,,,,6,procer,Prócer,6
Q18760475,Adolfo E. Dávila,Adolfo E. Davila,,,,0,procer,Prócer,0
Q15993609,Juan Palma,,,,,1,procer,Prócer,1
Q6434959,Faustino Velazco,,,,,1,procer,Prócer,1
Q5830195,Elías Bedoya,Elias Bedoya,,,,1,procer,Prócer,1
Q377623,José Hernández,,,,,38,procer,Prócer,38
Q5830217,Elías Galván,Elias Galvan,,,,2,procer,Prócer,2
Q6051130,Onésimo Leguizamón,Onesimo Leguizamon,,,,2,procer,Prócer,2
Q5929513,Jerónimo Helguera,Jeronimo Helguera,,,,1,procer,Prócer,1
Q6161069,Vicente Cazón,Vicente Cazon,,,,1,procer,Prócer,1
Q5929569,Jerónimo Olazábal,Jeronimo Olazabal,,,,1,procer,Prócer,1
Q6436716,Francisco Paso,,,,,1,procer,Prócer,1
Q5993538,Manuel López,Manuel Lopez,,,,2,procer,Prócer,2
Q3810765,Juan Andrés Gelly y Obes,Gelly y Obes,,,,5,procer,Prócer,5
Q3810765,Juan Andrés Gelly y Obes,Juan Andres Gelly y Obes,,,,5,procer,Prócer,5
Q441072,Vicente López y Planes,Alejandro Vicente Lopez y Planes,,,,31,procer,Prócer,31
Q441072,Vicente López y Planes,Alejandro Vicente López y Planes,,,,31,procer,Prócer,31
Q441072,Vicente López y Planes,Vicente Lopez y Planesss,,,,31,procer,Prócer,31
Q6161587,Victorino Corvalán,Victorino Corvalan,,,,1,procer,Prócer,1
Q441371,Nicolás Avellaneda,Nicolas Avellaneda,,,,35,procer,Prócer,35
Q9053984,Pablo Irrazábal,Pablo Irrazabal,,,,2,procer,Prócer,2
Q16601147,Martín Güemes y Puch,Martin Guemes y Puch,,,,1,procer,Prócer,1
Q3577020,Ángel Vicente Peñaloza,,,,,5,procer,Prócer,5
Q5831380,Emilio Marcelo de Alvear y Sáenz de la Quintanilla,Emilio de Alvear,,,,3,procer,Prócer,3
Q5831380,Emilio Marcelo de Alvear y Sáenz de la Quintanilla,Emilio Marcelo de Alvear,,,,3,procer,Prócer,3
Q2838765,Francisco Pérez de Uriondo,Francisco Perez de Uriondo,,,,2,procer,Prócer,2
Q5740249,Calixto Ruiz de Gauna,Calisto Ruiz de Gauna Báez,,,,1,procer,Prócer,1
Q5740249,Calixto Ruiz de Gauna,Calixto Ruiz de Gauna Báez,,,,1,procer,Prócer,1
Q56678138,Julián Panelo de Melo,Julián de Panelo y Melo,,,,1,procer,Prócer,1
Q56678138,Julián Panelo de Melo,Julián Panelo,,,,1,procer,Prócer,1
Q6097413,Rafael Hernández,,,,,2,procer,Prócer,2
Q9024619,Lucas González Balcarce,Lucas Balcarce,,,,1,procer,Prócer,1
Q9024619,Lucas González Balcarce,Lucas Gonzalez Balcarce,,,,1,procer,Prócer,1
Q18762251,Wenceslao Díaz Colodrero,Wenceslao Diaz Colodrero,,,,1,procer,Prócer,1
Q6447382,Ignacio Coliqueo,,,,,3,procer,Prócer,3
Q336247,Justo José de Urquiza,General Urquiza,,,,37,procer,Prócer,37
Q722738,Juan Bautista Alberdi,Alberdi,,,,27,procer,Prócer,27
Q1710435,Juan Cruz Varela,,,,,6,procer,Prócer,6
Q5410069,Bartolomé de la Corte,Bartolome de la Corte,,,,1,procer,Prócer,1
Q2880848,Tiburcio Gómez,Tiburcio Gomez,,,,2,procer,Prócer,2
Q6455503,Juan Arengreen,,,,,2,procer,Prócer,2
Q6140836,Telmo López,Telmo Lopez,,,,1,procer,Prócer,1
Q18417236,Vicente Neyrot,,,,,1,procer,Prócer,1
Q18419637,Domingo Martínez Muñecas,,,,,1,procer,Prócer,1
Q966952,Guillermo Brown,Almirante Brown,,,,27,procer,Prócer,27
Q6757859,Marcos Balcarce,Marcos Gonzalez Balcarce,,,,3,procer,Prócer,3
Q6757859,Marcos Balcarce,Marcos González Balcarce,,,,3,procer,Prócer,3
Q5575981,Tomás Godoy Cruz,Tomas Godoy Cruz,,,,4,procer,Prócer,4
Q6002711,Martín Jacobo Thompson,Martín Jacobo José Thompson,,,,4,procer,Prócer,4
Q6002711,Martín Jacobo Thompson,Martín Thompson,,,,4,procer,Prócer,4
Q9016847,Justo Daract,Justo Daract (gobernador),,,,3,procer,Prócer,3
Q16605336,Mateo Vidal,Mateo Lucas Vidal Medina,,,,6,procer,Prócer,6
Q6293289,José María Morales,Jose Maria Morales,,,,4,procer,Prócer,4
Q6293317,José María Ramos Mejía,Jose Maria Ramos Mejia,,,,7,procer,Prócer,7
Q6293317,José María Ramos Mejía,Jose Maria Ramos Mejía,,,,7,procer,Prócer,7
Q6293317,José María Ramos Mejía,Jose María Ramos Mejía,,,,7,procer,Prócer,7
Q6293317,José María Ramos Mejía,José Maria Ramos Mejia,,,,7,procer,Prócer,7
Q6293317,José María Ramos Mejía,José Maria Ramos Mejía,,,,7,procer,Prócer,7
Q6293317,José María Ramos Mejía,Jose Ramos Mejia,,,,7,procer,Prócer,7
Q6293317,José María Ramos Mejía,Jose Ramos Mejía,,,,7,procer,Prócer,7
Q6293317,José María Ramos Mejía,José Ramos Mejia,,,,7,procer,Prócer,7
Q6293317,José María Ramos Mejía,José Ramos Mejía,,,,7,procer,Prócer,7
Q16605486,Matías Patrón,Matias Patron,,,,1,procer,Prócer,1
Q6293366,José María del Campo,Jose Maria del Campo,,,,3,procer,Prócer,3
Q6293366,José María del Campo,Jose María del Campo,,,,3,procer,Prócer,3
Q6293366,José María del Campo,José Maria del Campo,,,,3,procer,Prócer,3
Q6293384,José Matías Zapiola,Jose Matias Zapiola,,,,3,procer,Prócer,3
Q6293384,José Matías Zapiola,Jose Matías Zapiola,,,,3,procer,Prócer,3
Q6293384,José Matías Zapiola,José Matias Zapiola,,,,3,procer,Prócer,3
Q254041,Domingo Faustino Sarmiento,Sarmiento,,,,53,procer,Prócer,53
Q16526141,Absalón Ibarra,Absalon Ibarra,,,,2,procer,Prócer,2
Q6293988,José Santos Ramírez,Jose Santos Ramirez,,,,4,procer,Prócer,4
Q5402382,Emilio Castro,,,,,2,procer,Prócer,2
Q8772419,Eduardo Wenceslao Holmberg,Eduardo Fernando Wenceslao Holmberg,,,,2,procer,Prócer,2
Q5992287,Manuel Artigas,Manuel Antonio Artigas,,,,2,procer,Prócer,2
Q722738,Juan Bautista Alberdi,Juan B Alberdi,,,,27,procer,Prócer,27
Q722738,Juan Bautista Alberdi,Juan B. Alberdi,,,,27,procer,Prócer,27
Q32610645,Mateo Gómez,Mateo Gómez Remolar,,,,1,procer,Prócer,1
Q20994813,Enrique Lafuente,,,,,1,procer,Prócer,1
Q6143829,Teófilo Sánchez de Bustamante,Teofilo Sanchez de Bustamante,,,,1,procer,Prócer,1
Q5641060,Víctor Elizalde,Victor Elizalde,,,,1,procer,Prócer,1
Q5697643,Antonino Cambaceres,Ciriaco Antonino Cambaceres,,,,2,procer,Prócer,2
Q16607366,Miguel S. Ortiz,Miguel Serapio Ortiz,,,,2,procer,Prócer,2
Q5554363,Carlos Keen,,,,,1,procer,Prócer,1
Q60969,Carlos Germán Burmeister,Burmeist,,,,30,procer,Prócer,30
Q60969,Carlos Germán Burmeister,Burmeist.,,,,30,procer,Prócer,30
Q60969,Carlos Germán Burmeister,Carl Hermann Conrad Burmeister,,,,30,procer,Prócer,30
Q60969,Carlos Germán Burmeister,Carlos Burmeister,,,,30,procer,Prócer,30
Q60969,Carlos Germán Burmeister,Carlos German Burmeister,,,,30,procer,Prócer,30
Q60969,Carlos Germán Burmeister,Carlos German C. Burmeister,,,,30,procer,Prócer,30
Q60969,Carlos Germán Burmeister,Carlos Germán C. Burmeister,,,,30,procer,Prócer,30
Q60969,Carlos Germán Burmeister,Carlos German Conrado Burmeister,,,,30,procer,Prócer,30
Q60969,Carlos Germán Burmeister,Carlos Germán Conrado Burmeister,,,,30,procer,Prócer,30
Q60969,Carlos Germán Burmeister,Germán Burmeister,,,,30,procer,Prócer,30
Q60969,Carlos Germán Burmeister,Hermann Burmeister,,,,30,procer,Prócer,30
Q60969,Carlos Germán Burmeister,Hermann Carl Conrad Burmeister,,,,30,procer,Prócer,30
Q60969,Carlos Germán Burmeister,Karl Hermann Konrad Burmeister,,,,30,procer,Prócer,30
Q442689,Juan Esteban Pedernera,Esteban Pedernera,,,,22,procer,Prócer,22
Q5698192,Antonio Dónovan,Antonio Donovan,,,,1,procer,Prócer,1
Q6002391,Martiniano Leguizamón,Martiniano Leguizamon,,,,1,procer,Prócer,1
Q5558029,Hilario Lagos,,,,,2,procer,Prócer,2
Q5698748,Antonio José de Escalada,Antonio Jose de Escalada,,,,1,procer,Prócer,1
Q16212498,Miguel Gerónimo de Esparza,Miguel Geronimo de Esparza,,,,3,procer,Prócer,3
Q5511662,Félix de la Peña,Felix de la Pena,,,,2,procer,Prócer,2
Q5511662,Félix de la Peña,Felix de la Peña,,,,2,procer,Prócer,2
Q5511662,Félix de la Peña,Félix de la Pena,,,,2,procer,Prócer,2
Q5561322,Casiano Aparicio,,,,,1,procer,Prócer,1
Q5788615,Cornelio Zelaya,Coronel Cornelio Zelaya,,,,1,procer,Prócer,1
Q5931742,Joaquín Baltar,Joaquin Baltar,,,,1,procer,Prócer,1
Q44751788,Miguel de Irigoyen,,,,,2,procer,Prócer,2
Q5931908,Joaquín Díaz de Bedoya,Joaquin Diaz de Bedoya,,,,1,procer,Prócer,1
Q5770194,Cirilo Correa,,,,,1,procer,Prócer,1
Q5664976,Alejandro Emilio Albarracín,Alejandro Emilio Albarracin,,,,1,procer,Prócer,1
Q5932279,Joaquín Nazar,Joaquin Nazar,,,,1,procer,Prócer,1
Q5932354,Joaquín Ramiro,Joaquín María Ramiro,,,,3,procer,Prócer,3
Q5932354,Joaquín Ramiro,Joaquin Ramiro,,,,3,procer,Prócer,3
Q5932466,Joaquín Viejobueno,Joaquin Viejobueno,,,,1,procer,Prócer,1
Q2361877,Cornelio Saavedra,Cornelio de Saavedra,,,,20,procer,Prócer,20
Q2361877,Cornelio Saavedra,Cornelio Judas Tadeo de Saavedra,,,,20,procer,Prócer,20
Q2361877,Cornelio Saavedra,Cornelio Judas Tadeo de Saavedra y Rodriguez,,,,20,procer,Prócer,20
Q5932490,Joaquín de Achával,Joaquin de Achaval,,,,1,procer,Prócer,1
Q5924248,Jacinto Villegas,Jacinto Mariano de Villegas,,,,1,procer,Prócer,1
Q2066325,Blazchu (Alzaga),Álzaga,,,,9,procer,Prócer,9
Q2066325,Blazchu (Alzaga),Martin de Alzaga,,,,9,procer,Prócer,9
Q2066325,Blazchu (Alzaga),Martin de Álzaga,,,,9,procer,Prócer,9
Q2066325,Blazchu (Alzaga),Martín de Álzaga Olavarría,,,,9,procer,Prócer,9
Q5665742,Alejo Mallea,Don Alejo Mallea,,,,1,procer,Prócer,1
Q6291756,José C. Paz,Jose Clemente Paz,,,,7,procer,Prócer,7
Q6291756,José C. Paz,José Clemente Paz,,,,7,procer,Prócer,7
Q2521958,Vicente Gregorio Quesada,Vicente G. Quesada,,,,5,procer,Prócer,5
Q2521958,Vicente Gregorio Quesada,Vicente Gaspar Quesada,,,,5,procer,Prócer,5
Q2521958,Vicente Gregorio Quesada,Vicente Quesada,,,,5,procer,Prócer,5
Q26925654,Agustín Gómez,,,,,1,procer,Prócer,1
Q311436,Juan Manuel de Rosas,Juan Manuel José Domingo Ortiz de Rosas y Lopez de Osornio,,,,50,procer,Prócer,50
Q311436,Juan Manuel de Rosas,Juan Manuel Jose Domingo Ortiz de Rozas y Lopez de Osornio,,,,50,procer,Prócer,50
Q311436,Juan Manuel de Rosas,Juan Manuel Jose Domingo Ortiz de Rozas y López de Osornio,,,,50,procer,Prócer,50
Q311436,Juan Manuel de Rosas,Juan Manuel José Domingo Ortiz de Rozas y López de Osornio,,,,50,procer,Prócer,50
Q5833504,Enrique Luzuriaga,Enrique Miguel Luzuriaga,,,,1,procer,Prócer,1
Q5576683,Juan del Campillo,,,,,1,procer,Prócer,1
Q5576963,Felipe Yofre,,,,,3,procer,Prócer,3
Q5833685,Enrique Paillardelle,Enrique Paillardell,,,,2,procer,Prócer,2
Q2881196,Joaquín Hidalgo,Joaquin Hidalgo,,,,1,procer,Prócer,1
Q2881246,Nicolás Dávila,Nicolas Davila,,,,1,procer,Prócer,1
Q2881349,Plácido Fernández Maradona,Placido Fernandez Maradona,,,,1,procer,Prócer,1
Q5414338,Eustoquio Díaz Vélez,Eustaquio Díaz Vélez,,,,8,procer,Prócer,8
Q5414338,Eustoquio Díaz Vélez,Eustoquio Díaz,,,,8,procer,Prócer,8
Q5414338,Eustoquio Díaz Vélez,Eustoquio Díaz Vélez padre,,,,8,procer,Prócer,8
Q27575214,Mariano Santillán,Mariano Santillan,,,,1,procer,Prócer,1
Q2841264,Emilio Bunge,Emilio Vicente Bunge,,,,2,procer,Prócer,2
Q2841276,Isaac Chavarría,Isaac Chavarria,,,,1,procer,Prócer,1
Q2841276,Isaac Chavarría,Isaac María Chavarría,,,,1,procer,Prócer,1
Q2841532,Francisco Leyría,Francisco Leyria,,,,1,procer,Prócer,1
Q5885403,Gregorio García de Tagle,Gregorio Garcia de Tagle,,,,1,procer,Prócer,1
Q5885403,Gregorio García de Tagle,Juan Gregorio García de Tagle,,,,1,procer,Prócer,1
Q5885515,Gregorio Perdriel,Gregorio Ignacio Perdriel,,,,1,procer,Prócer,1
Q11684757,Jerónimo Salguero,Jeronimo Salguero,,,,4,procer,Prócer,4
Q5949599,Juan Francisco Seguí,Juan Francisco Segui,,,,1,procer,Prócer,1
Q380742,Nicolás Rodríguez Peña,Nicolas Rodriguez Pena,,,,11,procer,Prócer,11
Q380742,Nicolás Rodríguez Peña,Nicolas Rodriguez Peña,,,,11,procer,Prócer,11
Q380742,Nicolás Rodríguez Peña,Nicolas Rodríguez Pena,,,,11,procer,Prócer,11
Q380742,Nicolás Rodríguez Peña,Nicolas Rodríguez Peña,,,,11,procer,Prócer,11
Q380742,Nicolás Rodríguez Peña,Nicolás Rodriguez Pena,,,,11,procer,Prócer,11
Q380742,Nicolás Rodríguez Peña,Nicolás Rodriguez Peña,,,,11,procer,Prócer,11
Q380742,Nicolás Rodríguez Peña,Nicolás Rodríguez Pena,,,,11,procer,Prócer,11
Q64764752,José Cabero,,,,,1,procer,Prócer,1
Q438892,Miguel Ángel Juárez Celman,Juarez Celman,,,,24,procer,Prócer,24
Q438892,Miguel Ángel Juárez Celman,Juárez Celman,,,,24,procer,Prócer,24
Q5641752,Ángel Antonio Salvadores,Angel Antonio Salvadores,,,,1,procer,Prócer,1
Q9056896,Patricio Lynch,Patricio Lynch Solo de Zaldivar,,,,9,procer,Prócer,9
Q9056896,Patricio Lynch,Patricio Lynch Solo de Zaldívar,,,,9,procer,Prócer,9
Q5833555,Enrique Martínez,Enrique Martinez,,,,3,procer,Prócer,3
Q6080927,Plácido Martínez,Placido Martinez,,,,1,procer,Prócer,1
Q6080924,Plácido López,Placido Lopez,,,,1,procer,Prócer,1
Q5792918,Servando Gómez de Castro y Laredo,Servando Gómez,,,,2,procer,Prócer,2
Q456235,Luis Lorenzo Domínguez,Luis L. Domínguez,,,,8,procer,Prócer,8
Q5274564,Diego Aráoz,Diego Araoz,,,,2,procer,Prócer,2
Q5806238,Diego Herrera (militar),Diego Herrera,,,,1,procer,Prócer,1
Q11695568,Niceto Vega,,,,,3,procer,Prócer,3
Q2607643,Hipólito Vieytes,Hipolito Vieytes,,,,8,procer,Prócer,8
Q23617287,Miguel Duffy,,,,,1,procer,Prócer,1
Q23618804,Mariano Olier,,,,,1,procer,Prócer,1
Q3300069,Matías de Irigoyen,Matias de Irigoyen,,,,7,procer,Prócer,7
Q3300069,Matías de Irigoyen,Matias de Irigoyen y Quintana,,,,7,procer,Prócer,7
Q3300069,Matías de Irigoyen,Matías de Irigoyen y Quintana,,,,7,procer,Prócer,7
Q3300069,Matías de Irigoyen,Matias Irigoyen,,,,7,procer,Prócer,7
Q3300069,Matías de Irigoyen,Matías Irigoyen,,,,7,procer,Prócer,7
Q3300069,Matías de Irigoyen,Matias Miguel de Irigoyen,,,,7,procer,Prócer,7
Q3300069,Matías de Irigoyen,Matías Miguel de Irigoyen,,,,7,procer,Prócer,7
Q3300069,Matías de Irigoyen,Miguel de Irigoyen,,,,7,procer,Prócer,7
Q3300069,Matías de Irigoyen,Miguel Irigoyen,,,,7,procer,Prócer,7
Q7701095,Teodoro Sánchez de Bustamante,Teodoro sanchez de bustamante,,,,3,procer,Prócer,3
Q7701095,Teodoro Sánchez de Bustamante,Teodoro Sanchez de Bustamante,,,,3,procer,Prócer,3
Q7701095,Teodoro Sánchez de Bustamante,Teodoro sánchez de bustamante,,,,3,procer,Prócer,3
Q27780850,Rafael Igarzábal,Rafael Igarzabal,,,,1,procer,Prócer,1
Q9027910,Manuel Luis de Oliden,Manuel luis de oliden,,,,4,procer,Prócer,4
Q9027910,Manuel Luis de Oliden,Manuel Luis de Oliden Reniel,,,,4,procer,Prócer,4
Q9027910,Manuel Luis de Oliden,Manuel Luis Oliden,,,,4,procer,Prócer,4
Q5700251,Antonio de Olavarría,Antonio de Olavarria,,,,1,procer,Prócer,1
Q5700331,Antonio de Vera Mujica,Francisco Antonio de Vera y Mujica,,,,1,procer,Prócer,1
Q5790189,José Antonio Cordero,Jose Antonio Cordero,,,,1,procer,Prócer,1
Q5897760,Hilario Lagos,,,,,4,procer,Prócer,4
Q2898972,Bernardo de Vera y Pintado,Bernardo de vera y pintado,,,,7,procer,Prócer,7
Q2898972,Bernardo de Vera y Pintado,Bernardo Romualdo de Vera-Mujica y López Pintado,,,,7,procer,Prócer,7
Q2898972,Bernardo de Vera y Pintado,Bernardo Vera y Pintado,,,,7,procer,Prócer,7
Q303615,Juan Martín de Pueyrredon,Juan Martin de Pueyrredon,,,,21,procer,Prócer,21
Q5606737,Gregorio Paz,,,,,4,procer,Prócer,4
Q5791031,Crisanto Gómez,Crisanto Gomez,,,,1,procer,Prócer,1
Q5791183,Crispín Velázquez,Crispin Velazquez,,,,1,procer,Prócer,1
Q578020,Pedro Goyena,,,,,6,procer,Prócer,6
Q6792118,Matías Ramos Mejía,Matias Ramos Mejia,,,,5,procer,Prócer,5
Q6792118,Matías Ramos Mejía,Matias Ramos Mejía,,,,5,procer,Prócer,5
Q5992099,Manuel Alejandro Espinosa,Manuel Alejandro de Espinosa Estefani,,,,2,procer,Prócer,2
Q6143808,Teófilo Iwanowsky,Teofilo Iwanowsky,,,,3,procer,Prócer,3
Q9014367,José María Bustillo,Jose Bustillo,,,,3,procer,Prócer,3
Q9014367,José María Bustillo,José Bustillo,,,,3,procer,Prócer,3
Q9014367,José María Bustillo,Jose María Bustillo,,,,3,procer,Prócer,3
Q9014367,José María Bustillo,José Maria Bustillo,,,,3,procer,Prócer,3
Q5992147,Manuel Andrés Arroyo y Pinedo,Manuel Andres Arroyo y Pinedo,,,,1,procer,Prócer,1
Q5877854,George Henry Harrison,,,,,1,procer,Prócer,1
Q5992497,Manuel Bárcena,Manuel Barcena,,,,1,procer,Prócer,1
Q16531151,Antonio María Taboada,Antonio Maria Taboada,,,,1,procer,Prócer,1
Q5934798,Pedro León Aquino,Pedro Leon Aquino,,,,1,procer,Prócer,1
Q139592,Pedro Conde,,,,,4,procer,Prócer,4
Q9057437,Pedro Ferré,Pedro Ferre,,,,5,procer,Prócer,5
Q5935356,Jorge José Zenarruza,Jorge Jose Zenarruza,,,,1,procer,Prócer,1
Q2834639,Alejo Peyret,,,,,7,procer,Prócer,7
Q9057653,Pedro Rosas y Belgrano,Pedro Pablo Rosas y Belgrano,,,,2,procer,Prócer,2
Q9057653,Pedro Rosas y Belgrano,Pedro Rosas,,,,2,procer,Prócer,2
Q9057653,Pedro Rosas y Belgrano,Pedro rosas y belgrano,,,,2,procer,Prócer,2
Q196054,Benjamín Villafañe,Benjamin villafane,,,,3,procer,Prócer,3
Q196054,Benjamín Villafañe,Benjamin villafañe,,,,3,procer,Prócer,3
Q196054,Benjamín Villafañe,Benjamín villafane,,,,3,procer,Prócer,3
Q6146400,Tiburcio Benegas,Tiburcio Benegas Ortiz Posse,,,,2,procer,Prócer,2
Q315507,Manuel Belgrano,,,,,50,procer,Prócer,50
Q5950640,Juan Lamberti,Giovanni Lamberti,,,,1,procer,Prócer,1
Q2882274,José Bernardo Iturraspe,Jose Bernardo Iturraspe,,,,1,procer,Prócer,1
Q9003783,Hilarión de la Quintana,Hilarion de la Quintana,,,,2,procer,Prócer,2
Q5994157,Manuel Ramírez,Manuel Ramirez,,,,1,procer,Prócer,1
Q1710498,Juan Gregorio de Las Heras,Juan Gregorio de las Heras,,,,16,procer,Prócer,16
Q30322538,José Gregorio Giménez,Jose Gregorio Gimenez,,,,1,procer,Prócer,1
Q5888376,Guillermo Brown y Blanco,Guillermo Brown Blanco,,,,2,procer,Prócer,2
Q5490536,José María Rolón,Jose Maria Rolon,,,,1,procer,Prócer,1
Q23758969,Domingo Puch Izuleta,,,,,1,procer,Prócer,1
Q23758989,Marcelino Augier,,,,,2,procer,Prócer,2
Q5888737,Guillermo Mason,Guillermo Roberto Mason,,,,1,procer,Prócer,1
Q6762374,Mariano Necochea,Mariano Pascual Necochea,,,,6,procer,Prócer,6
Q5888864,Guillermo Reinafé,Guillermo Reinafe,,,,1,procer,Prócer,1
Q2607643,Hipólito Vieytes,José Hipólito Vieytes,,,,8,procer,Prócer,8
Q2607643,Hipólito Vieytes,Juan Hipolito Vieytes,,,,8,procer,Prócer,8
Q2607643,Hipólito Vieytes,Juan Hipólito Vieytes,,,,8,procer,Prócer,8
Q2607643,Hipólito Vieytes,Vieytes,,,,8,procer,Prócer,8
Q5644472,Plácido Sánchez de Bustamante,Placido Sanchez de Bustamante,,,,2,procer,Prócer,2
Q8076880,Ángel Pacheco,Angel Pacheco,,,,5,procer,Prócer,5
Q134160,José de San Martín,Libertador General San Martín,,,,87,procer,Prócer,87
Q9029807,Martín José Warnes,Martin Jose Warnes,,,,1,procer,Prócer,1
Q9029807,Martín José Warnes,Martin Warnes,,,,1,procer,Prócer,1
Q9029807,Martín José Warnes,Martín Warnes,,,,1,procer,Prócer,1
Q5639851,Manuel Guillermo Pinto,,,,,6,procer,Prócer,6
Q6455512,Juan Ayala,,,,,1,procer,Prócer,1
Q32139378,Luis Ojeda,,,,,1,procer,Prócer,1
Q540551,Tristán Narvaja,Tristan Narvaja,,,,4,procer,Prócer,4
Q16617420,Pedro Gallo,Pedro Martín Gallo,,,,2,procer,Prócer,2
Q9024744,Lucio V. Mansilla,Mansilla,,,,8,procer,Prócer,8
Q5645096,Francisco Pelliza,,,,,3,procer,Prócer,3
Q934097,Bernardo Monteagudo,,,,,10,procer,Prócer,10
Q65048286,Martín Grandoli,,,,,1,procer,Prócer,1
Q16537441,Bernardo Igarzábal,Bernardo Igarzabal,,,,1,procer,Prócer,1
Q455709,Luis Sáenz-Peña,,,,,29,procer,Prócer,29
Q5648511,Toribio de Luzuriaga,,,,,5,procer,Prócer,5
Q5668094,Alfredo Vásquez Acevedo,Alfredo Vasquez Acevedo,,,,3,procer,Prócer,3
Q24287735,Federico Álvarez de Toledo Bedoya,Federico Alvarez de Toledo Bedoya,,,,1,procer,Prócer,1
Q5992700,Manuel Corvalán,Manuel Corvalan,,,,1,procer,Prócer,1
Q5833555,Enrique Martínez,Enrique Martínez Digido,,,,3,procer,Prócer,3
Q5833555,Enrique Martínez,Enrique Martínez Dizido,,,,3,procer,Prócer,3
Q5992797,Manuel Díaz Vélez,Manuel Diaz Velez,,,,1,procer,Prócer,1
Q5992833,Manuel Escalada,Manuel Escalada y de la Quintana,,,,1,procer,Prócer,1
Q6055741,Pablo Alemán,Pablo Aleman,,,,1,procer,Prócer,1
Q5992854,Manuel Esteban Pizarro,Manuel Esteban Pizarro y Gois Liria,,,,1,procer,Prócer,1
Q5992901,Manuel Fernando de Aramburú,Manuel Fernando de Aramburu,,,,3,procer,Prócer,3
Q5992942,Manuel Fernández Oro,Manuel Fernandez Oro,,,,1,procer,Prócer,1
Q5943476,José María Rosa,,,,,2,procer,Prócer,2
Q2066325,Blazchu (Alzaga),Martín de Alzaga,,,,9,procer,Prócer,9
Q5993326,Manuel J. Campos,Manuel Jorge Campos,,,,2,procer,Prócer,2
Q5655777,Lorenzo Barcala,,,,,3,procer,Prócer,3
Q5993379,Manuel José Olascoaga,Coronel Manuel José Olascoaga,,,,2,procer,Prócer,2
Q5993379,Manuel José Olascoaga,Manuel Jose Olascoaga,,,,2,procer,Prócer,2
Q5993505,Manuel Lucero,Manuel Lucio Lucero,,,,1,procer,Prócer,1
Q5656889,Domingo Eugenio Villafañe,,,,,1,procer,Prócer,1
Q5657617,Adeodato de Gondra,,,,,1,procer,Prócer,1
Q65088546,Francisco Javier Argerich,,,,,1,procer,Prócer,1
Q65093857,Agustín Pío de Elía,,,,,1,procer,Prócer,1
Q5993928,Manuel Olazábal,Manuel de Olazábal,,,,1,procer,Prócer,1
Q5993928,Manuel Olazábal,Manuel Olazabal,,,,1,procer,Prócer,1
Q1519944,José Ignacio de Gorriti,Jose Ignacio de Gorriti,,,,6,procer,Prócer,6
Q1230972,Guillermo Cranwell,,,,,3,procer,Prócer,3
Q5660464,Agustina Ortiz de Rozas,,,,,5,procer,Prócer,5
Q5660702,Agustín Herrera (militar),,,,,1,procer,Prócer,1
Q5660754,Agustín Mariño,,,,,1,procer,Prócer,1
Q2760059,Pascual Echagüe,Pascual Echague,,,,9,procer,Prócer,9
Q65098858,Tomás Antonio Valle,,,,,1,procer,Prócer,1
Q5920627,Isaac Thompson,,,,,1,procer,Prócer,1
Q5792918,Servando Gómez de Castro y Laredo,Servando Gomez,,,,2,procer,Prócer,2
Q16482656,Salvador Alberdi,,,,,2,procer,Prócer,2
Q6454423,José Julián Pérez de Echalar,Julián Pérez,,,,3,procer,Prócer,3
Q2621980,Leandro N. Alem,Leandro Alem,,,,18,procer,Prócer,18
Q22115295,José Tomás Varas,Jose Tomas Varas,,,,1,procer,Prócer,1
Q5664935,Alejandro Danel,,,,,1,procer,Prócer,1
Q16492610,Emilio Duportal,,,,,1,procer,Prócer,1
Q16493087,Felipe Cabral,,,,,1,procer,Prócer,1
Q5665745,Alejo Nazarre,,,,,1,procer,Prócer,1
Q16493260,Francisco Belgrano,,,,,1,procer,Prócer,1
Q16494099,Miguel Belgrano,,,,,2,procer,Prócer,2
Q6112534,Rosendo María Fraga,Rosendo Maria Fraga,,,,1,procer,Prócer,1
Q9030455,Mateo Corvalán,Mateo Corvalan,,,,1,procer,Prócer,1
Q91779226,Mariano Comas,Sixto Mariano Ignacio Comas,,,,1,procer,Prócer,1
Q65107139,Manuel de Luzuriaga,,,,,1,procer,Prócer,1
Q9030628,Matías Aldao,Matias Aldao,,,,1,procer,Prócer,1
Q9030628,Matías Aldao,Matias Aldao y Aragon,,,,1,procer,Prócer,1
Q9030628,Matías Aldao,Matías Aldao y Aragón,,,,1,procer,Prócer,1
Q2876074,Francisco J. Ortiz,,,,,2,procer,Prócer,2
Q9015851,Juan Pablo López,Juan Pablo Lopez,,,,4,procer,Prócer,4
Q3857274,Miguel Martínez de Hoz,Miguel Florencio Martinez de Hoz,,,,4,procer,Prócer,4
Q3857274,Miguel Martínez de Hoz,Miguel Florencio Martínez de Hoz,,,,4,procer,Prócer,4
Q3857274,Miguel Martínez de Hoz,Miguel Martinez de Hoz,,,,4,procer,Prócer,4
Q188891,Bernardino Rivadavia,Rivadavia,,,,39,procer,Prócer,39
Q112363092,León Quaglia,,,,,1,procer,Prócer,1
Q2698196,Antonio González Balcarce,Antonio Balcarce,,,,12,procer,Prócer,12
Q2698196,Antonio González Balcarce,Antonio Gonzalez Balcarce,,,,12,procer,Prócer,12
Q2698196,Antonio González Balcarce,Gonzalez Balcarce,,,,12,procer,Prócer,12
Q2698196,Antonio González Balcarce,González Balcarce,,,,12,procer,Prócer,12
Q2879313,Francisco Solano del Corro,,,,,1,procer,Prócer,1
Q725378,Luis Jorge Fontana,Luis Fontana,,,,9,procer,Prócer,9
Q6113430,Rudecindo Rojo,José Rudecindo Rojo,,,,1,procer,Prócer,1
Q5872253,Félix Frías,Felix Frias,,,,2,procer,Prócer,2
Q6113531,Rufino Varela,Rufino Jacobo Varela,,,,2,procer,Prócer,2
Q2880179,Jorge Enrique Vidt,,,,,1,procer,Prócer,1
Q5672215,Ambrosio Olmos,,,,,2,procer,Prócer,2
Q5672233,Ambrosio Sandes,,,,,2,procer,Prócer,2
Q65115280,Ignacio Segovia,,,,,1,procer,Prócer,1
Q32276956,José Napoleón Sosa,,,,,1,procer,Prócer,1
Q6298769,Juan Agustín Augier,Juan Agustin Augier,,,,1,procer,Prócer,1
Q6298772,Juan Agustín Maza,Juan Agustin Maza,,,,4,procer,Prócer,4
Q2883137,Zoilo Concha,,,,,1,procer,Prócer,1
Q5676995,Aniceto Latorre,,,,,1,procer,Prócer,1
Q2883850,José Alejandro Ferreyra,Jose Alejandro Ferreyra,,,,1,procer,Prócer,1
Q134160,José de San Martín,Don José de San Martín,,,,87,procer,Prócer,87
Q134160,José de San Martín,José de San Martín y Matorras,,,,87,procer,Prócer,87
Q134160,José de San Martín,José Francisco de San Martín,,,,87,procer,Prócer,87
Q5937277,José A. Terry,Jose A. Terry,,,,5,procer,Prócer,5
Q401580,Manuel Alberti,Manuel Maximiliano Alberti,,,,9,procer,Prócer,9
Q401580,Manuel Alberti,Manuel Maximo Alberti,,,,9,procer,Prócer,9
Q401580,Manuel Alberti,Manuel Máximo Alberti,,,,9,procer,Prócer,9
Q5681162,Clodomiro Urtubey,,,,,2,procer,Prócer,2
Q5681936,Juan Pedro Luna,,,,,1,procer,Prócer,1
Q5937440,José Albino Gutiérrez,Jose Albino Gutierrez,,,,1,procer,Prócer,1
Q5937458,José Aldao,Jose Aldao,,,,1,procer,Prócer,1
Q5937496,José Alejo Román,Alejo Roman,,,,1,procer,Prócer,1
Q5937496,José Alejo Román,Alejo Román,,,,1,procer,Prócer,1
Q5937496,José Alejo Román,Jose Alejo Roman,,,,1,procer,Prócer,1
Q2884650,Benito Nazar,,,,,3,procer,Prócer,3
Q16540376,Calixto de la Torre,,,,,1,procer,Prócer,1
Q5937707,José Antonio Becerra,Jose Antonio Becerra,,,,1,procer,Prócer,1
Q5937804,José Antonio Fernández Cornejo,Jose Antonio Fernandez Cornejo,,,,1,procer,Prócer,1
Q5937878,José Antonio Gregorio de Otálora,Jose Antonio Gregorio de Otalora,,,,1,procer,Prócer,1
Q463425,Santiago Derqui,,,,,24,procer,Prócer,24
Q5938007,José Antonio Olmos de Aguilera,Jose Antonio Olmos de Aguilera,,,,1,procer,Prócer,1
Q5938014,José Antonio Ortiz y Herrera,Jose Antonio Ortiz y Herrera,,,,1,procer,Prócer,1
Q5938066,José Antonio Reinafé,Jose Antonio Reinafe,,,,1,procer,Prócer,1
Q5687724,Pedro Molina y Sotomayor,,,,,2,procer,Prócer,2
Q5644963,Félix Olazábal,Felix Olazabal,,,,1,procer,Prócer,1
Q65162685,Vicente Celestino Mallea,,,,,1,procer,Prócer,1
Q5938469,José Benito de Aranda,Jose Benito de Aranda,,,,1,procer,Prócer,1
Q5938472,José Benito de Aranda,Jose Benito de Aranda,,,,1,procer,Prócer,1
Q5938479,José Benito de la Bárcena,Jose Benito Barcena,,,,2,procer,Prócer,2
Q5938479,José Benito de la Bárcena,José Benito Bárcena,,,,2,procer,Prócer,2
Q5938479,José Benito de la Bárcena,Jose Benito de la Barcena,,,,2,procer,Prócer,2
Q5938487,José Benjamín de la Vega,Jose Benjamin de la Vega,,,,3,procer,Prócer,3
Q5938508,José Bernaldes Polledo,Jose Bernaldes Polledo,,,,1,procer,Prócer,1
Q16559227,Eduardo Clerici,,,,,1,procer,Prócer,1
Q2889314,Liborio Bernal,,,,,2,procer,Prócer,2
Q5695144,Bernardino Olivera,,,,,1,procer,Prócer,1
Q5938938,José Celedonio Elordi,Jose Celedonio Elordi,,,,1,procer,Prócer,1
Q2890031,Santiago Aldao,,,,,1,procer,Prócer,1
Q16569192,Francisco Piñeyro,,,,,1,procer,Prócer,1
Q5696658,Anselmo Rojo,,,,,2,procer,Prócer,2
Q5697640,Antonino Baigorria,,,,,1,procer,Prócer,1
Q5697649,Antonino Reyes,,,,,1,procer,Prócer,1
Q5697653,Antonino Taboada,,,,,1,procer,Prócer,1
Q26769639,Gelasio Lagar,,,,,1,procer,Prócer,1
Q5698830,Antonio Luciano Ballester,,,,,1,procer,Prócer,1
Q5698889,Antonio Malaver,,,,,2,procer,Prócer,2
Q5699895,Antonio Somellera,,,,,2,procer,Prócer,2
Q23942848,Rafael Ruiz de los Llanos,,,,,1,procer,Prócer,1
Q5700403,Antonio del Viso,,,,,2,procer,Prócer,2
Q5701523,Apolinario Almada,,,,,1,procer,Prócer,1
Q5701525,Apolinario Figueroa,,,,,1,procer,Prócer,1
Q5994068,Manuel Puch,Manuel Cruz Puch,,,,1,procer,Prócer,1
Q41842974,José María Cantilo,,,,,3,procer,Prócer,3
Q5840980,José Antonio Virasoro,Jose Antonio Virasoro,,,,1,procer,Prócer,1
Q5997685,Mariano Demaría,Mariano Demaria,,,,2,procer,Prócer,2
Q2893662,Francisco Mariano de Orma,,,,,1,procer,Prócer,1
Q5704420,Armando Artaza,,,,,1,procer,Prócer,1
Q5994415,Manuel Taboada,Manuel Baldomero Taboada,,,,2,procer,Prócer,2
Q7911084,Valentín Alsina,Valentin Alsina,,,,9,procer,Prócer,9
Q5994493,Manuel Urdinarrain,Manuel Antonio Urdinarrain,,,,1,procer,Prócer,1
Q5994545,Manuel Vicente Ramírez,Manuel Vicente Ramirez,,,,1,procer,Prócer,1
Q5837922,Apolinario Saravia Tomlinson,Poli,,,,2,procer,Prócer,2
Q5841392,Juan Ramón Ezeiza,Juan Ramon Ezeiza,,,,2,procer,Prócer,2
Q5706780,Artemio Gramajo,,,,,2,procer,Prócer,2
Q541379,Miguel de Azcuénaga,Miguel de Azcuenaga,,,,9,procer,Prócer,9
Q4714569,Alejandro Heredia,,,,,6,procer,Prócer,6
Q29419675,Carlos Tagle,,,,,2,procer,Prócer,2
Q5711687,Augusto Liliedal,,,,,1,procer,Prócer,1
Q5712014,Aurelio Palacios,,,,,1,procer,Prócer,1
Q6697426,Lucio Norberto Mansilla,Lucio N. Mansilla,,,,8,procer,Prócer,8
Q20015383,José Ignacio Helguero,Jose Ignacio Helguero,,,,1,procer,Prócer,1
Q5993837,Manuel Monteverde,,,,,1,procer,Prócer,1
Q7377957,Rufino Ortega,Rufino Ortega Molina,,,,4,procer,Prócer,4
Q5484012,Francisco Uriburu,Francisco Uriburu Patron,,,,4,procer,Prócer,4
Q5484012,Francisco Uriburu,Francisco Uriburu Patrón,,,,4,procer,Prócer,4
Q97137850,La Delfina,,,,,1,procer,Prócer,1
Q16598920,Manuel Vicente Bustos,,,,,1,procer,Prócer,1
Q16599617,Mariano Lozano,,,,,1,procer,Prócer,1
Q20015697,Ángel Agustín Olmedo,Angel Agustin Olmedo,,,,1,procer,Prócer,1
Q20015630,José María Reyes,Jose Maria Reyes,,,,1,procer,Prócer,1
Q5860393,Fernando Villafañe,,,,,1,procer,Prócer,1
Q16607341,Miguel Riglos,,,,,1,procer,Prócer,1
Q16607397,Miguel Victorio Gelabert,,,,,1,procer,Prócer,1
Q599235,Victorino de la Plaza,,,,,27,procer,Prócer,27
Q5721801,Basilio Torrecillas,,,,,1,procer,Prócer,1
Q16617200,Paulino Orihuela,,,,,1,procer,Prócer,1
Q16617560,Pedro Nolasco Videla,,,,,1,procer,Prócer,1
Q20016620,Juan Manuel Terán,Juan Manuel Teran,,,,1,procer,Prócer,1
Q5725108,Belisario Gache,,,,,1,procer,Prócer,1
Q5559802,Francisco Gorriti,José Francisco Gorriti,,,,2,procer,Prócer,2
Q5725736,Benigno Ocampo,,,,,1,procer,Prócer,1
Q5725879,Benito Machado,,,,,2,procer,Prócer,2
Q5725889,Benito Meana,,,,,1,procer,Prócer,1
Q5726005,Benjamin Franklin Seaver,,,,,1,procer,Prócer,1
Q5726179,Benjamín Victorica,,,,,5,procer,Prócer,5
Q5560009,Anacleto Medina,Anacleto Medina y Biera,,,,3,procer,Prócer,3
Q16628064,Salvador Maldonado,,,,,1,procer,Prócer,1
Q16628855,Santiago Lloveras,,,,,1,procer,Prócer,1
Q5730007,Blas Basualdo,,,,,2,procer,Prócer,2
Q5730084,Blas Pico,,,,,2,procer,Prócer,2
Q6041843,Nicanor Albarellos,,,,,2,procer,Prócer,2
Q5731960,Bonifacio Ramos,,,,,1,procer,Prócer,1
Q5735085,Buenaventura Quiroga del Carril,,,,,1,procer,Prócer,1
Q5735098,Buenaventura de Arzac,,,,,1,procer,Prócer,1
Q1442208,Francisco Seeber,,,,,5,procer,Prócer,5
Q215387,Luis Vernet,Louis Elie Vernet,,,,10,procer,Prócer,10
Q215387,Luis Vernet,Luis Elias Vernet,,,,10,procer,Prócer,10
Q6166772,Wenceslao Martínez,Wenceslao Martinez,,,,1,procer,Prócer,1
Q16646129,Vicente Mota,,,,,1,procer,Prócer,1
