wikidata_id,nombre,alias,partido_raw,inicio_mandato,fin_mandato,sitelinks,tipo,partido_madre,sitelinks_max
Q442729,José Figueroa Alcorta,José María Cornelio del Corazón de Jesús Figueroa Alcorta,Partido Autonomista Nacional,1906,1910,27,presidente,Liberalismo,27
Q442729,José Figueroa Alcorta,Jose Figueroa Alcorta,Partido Autonomista Nacional,1906,1910,27,presidente,Liberalismo,27
Q383015,Roque Sáenz Peña,Roque Sáenz Peña y Lahitte,Partido Autonomista Nacional,1910,1914,35,presidente,Liberalismo,35
Q383015,Roque Sáenz Peña,Roque José Antonio del Sagrado Corazón de Jesús Sáenz Peña y Lahitte,Partido Autonomista Nacional,1910,1914,35,presidente,Liberalismo,35
Q383015,Roque Sáenz Peña,Roque José Antonio del Sagrado Corazón de Jesús Sáenz Peña,Partido Autonomista Nacional,1910,1914,35,presidente,Liberalismo,35
Q297134,Hipólito Yrigoyen,Hipólito Hirigoyen,Unión Cívica Radical,1916,1922,51,presidente,UCR,51
Q297134,Hipólito Yrigoyen,Hipolito Hirigoyen,Unión Cívica Radical,1916,1922,51,presidente,UCR,51
Q297134,Hipólito Yrigoyen,Yrigoyen,Unión Cívica Radical,1916,1922,51,presidente,UCR,51
Q297134,Hipólito Yrigoyen,Hipólito Irigoyen,Unión Cívica Radical,1916,1922,51,presidente,UCR,51
Q297134,Hipólito Yrigoyen,Hipolito Irigoyen,Unión Cívica Radical,1916,1922,51,presidente,UCR,51
Q297134,Hipólito Yrigoyen,Hipolito Yrigoyen,Unión Cívica Radical,1916,1922,51,presidente,UCR,51
Q363586,Marcelo Torcuato de Alvear,Máximo Marcelo Torcuato de Alvear y Pacheco,Unión Cívica Radical,1922,1928,32,presidente,UCR,32
Q363586,Marcelo Torcuato de Alvear,Marcelo T. de Alvear,Unión Cívica Radical,1922,1928,32,presidente,UCR,32
Q363555,José Félix Uriburu,Jose Uriburu,Alianza Libertadora Nacionalista,1930,1932,32,presidente,Dictadura,32
Q363555,José Félix Uriburu,José Felix Uriburu,Alianza Libertadora Nacionalista,1930,1932,32,presidente,Dictadura,32
Q363555,José Félix Uriburu,Jose Félix Uriburu,Alianza Libertadora Nacionalista,1930,1932,32,presidente,Dictadura,32
Q363555,José Félix Uriburu,Jose Felix Uriburu,Alianza Libertadora Nacionalista,1930,1932,32,presidente,Dictadura,32
Q363555,José Félix Uriburu,José F. Uriburu,Alianza Libertadora Nacionalista,1930,1932,32,presidente,Dictadura,32
Q363555,José Félix Uriburu,Jose F. Uriburu,Alianza Libertadora Nacionalista,1930,1932,32,presidente,Dictadura,32
Q363555,José Félix Uriburu,José F Uriburu,Alianza Libertadora Nacionalista,1930,1932,32,presidente,Dictadura,32
Q363555,José Félix Uriburu,Jose F Uriburu,Alianza Libertadora Nacionalista,1930,1932,32,presidente,Dictadura,32
Q363555,José Félix Uriburu,J. F. Uriburu,Alianza Libertadora Nacionalista,1930,1932,32,presidente,Dictadura,32
Q363555,José Félix Uriburu,J F. Uriburu,Alianza Libertadora Nacionalista,1930,1932,32,presidente,Dictadura,32
Q363555,José Félix Uriburu,J F Uriburu,Alianza Libertadora Nacionalista,1930,1932,32,presidente,Dictadura,32
Q363555,José Félix Uriburu,General Uriburu,Alianza Libertadora Nacionalista,1930,1932,32,presidente,Dictadura,32
Q363555,José Félix Uriburu,Félix Uriburu,Alianza Libertadora Nacionalista,1930,1932,32,presidente,Dictadura,32
Q363555,José Félix Uriburu,Felix Uriburu,Alianza Libertadora Nacionalista,1930,1932,32,presidente,Dictadura,32
Q365352,Agustín Pedro Justo,General Justo,Unión Cívica Radical,1932,1938,33,presidente,UCR,33
Q365352,Agustín Pedro Justo,Agustín Pedo injusto,Unión Cívica Radical,1932,1938,33,presidente,UCR,33
Q365352,Agustín Pedro Justo,Agustin P. Justo,Unión Cívica Radical,1932,1938,33,presidente,UCR,33
Q365352,Agustín Pedro Justo,Agustin P Justo,Unión Cívica Radical,1932,1938,33,presidente,UCR,33
Q365352,Agustín Pedro Justo,Agustín Justo,Unión Cívica Radical,1932,1938,33,presidente,UCR,33
Q365352,Agustín Pedro Justo,Agustin Justo,Unión Cívica Radical,1932,1938,33,presidente,UCR,33
Q365352,Agustín Pedro Justo,Agustin Pedro Justo,Unión Cívica Radical,1932,1938,33,presidente,UCR,33
Q365352,Agustín Pedro Justo,Agustín P. Justo,Unión Cívica Radical,1932,1938,33,presidente,UCR,33
Q365369,Roberto Marcelino Ortiz,Roberto María Ortiz,Concordancia (Argentina),1938,1942,26,presidente,Sin clasificar,26
Q365369,Roberto Marcelino Ortiz,Roberto M. Ortiz,Concordancia (Argentina),1938,1942,26,presidente,Sin clasificar,26
Q365369,Roberto Marcelino Ortiz,Roberto M Ortiz,Concordancia (Argentina),1938,1942,26,presidente,Sin clasificar,26
Q365369,Roberto Marcelino Ortiz,Roberto Ortiz,Concordancia (Argentina),1938,1942,26,presidente,Sin clasificar,26
Q188985,Ramón Antonio Castillo,Ramon S. Castillo,Partido Demócrata (Argentina),1942,1943,26,presidente,Liberalismo,26
Q188985,Ramón Antonio Castillo,Ramón Castillo,Partido Demócrata (Argentina),1942,1943,26,presidente,Liberalismo,26
Q365314,Pedro Pablo Ramírez,Pedro Pablo Ramirez,político independiente,1943,1944,24,presidente,Dictadura,24
Q365314,Pedro Pablo Ramírez,Pedro P. Ramírez,político independiente,1943,1944,24,presidente,Dictadura,24
Q365314,Pedro Pablo Ramírez,Pedro P. Ramirez,político independiente,1943,1944,24,presidente,Dictadura,24
Q365314,Pedro Pablo Ramírez,Pedro P Ramírez,político independiente,1943,1944,24,presidente,Dictadura,24
Q365314,Pedro Pablo Ramírez,Pedro P Ramirez,político independiente,1943,1944,24,presidente,Dictadura,24
Q356699,Edelmiro Julián Farrell,Edelmiro Julian Farrell,político independiente,1944,1946,29,presidente,Dictadura,29
Q356699,Edelmiro Julián Farrell,Edelmiro Julián Farrel,político independiente,1944,1946,29,presidente,Dictadura,29
Q356699,Edelmiro Julián Farrell,Edelmiro Julian Farrel,político independiente,1944,1946,29,presidente,Dictadura,29
Q356699,Edelmiro Julián Farrell,Edelmiro J.Farrell,político independiente,1944,1946,29,presidente,Dictadura,29
Q356699,Edelmiro Julián Farrell,Edelmiro J.Farrel,político independiente,1944,1946,29,presidente,Dictadura,29
Q356699,Edelmiro Julián Farrell,Edelmiro J. Farrell,político independiente,1944,1946,29,presidente,Dictadura,29
Q356699,Edelmiro Julián Farrell,Edelmiro J Farrell,político independiente,1944,1946,29,presidente,Dictadura,29
Q356699,Edelmiro Julián Farrell,Edelmiro Farrell,político independiente,1944,1946,29,presidente,Dictadura,29
Q356699,Edelmiro Julián Farrell,Edelmiro Farrel,político independiente,1944,1946,29,presidente,Dictadura,29
Q93330,Juan Domingo Perón,Juan Perón,Partido Justicialista,1946,1955,91,presidente,PJ,91
Q93330,Juan Domingo Perón,Juan Peron,Partido Justicialista,1946,1955,91,presidente,PJ,91
Q93330,Juan Domingo Perón,Juan D. Perón,Partido Justicialista,1946,1955,91,presidente,PJ,91
Q93330,Juan Domingo Perón,Gral. Peron,Partido Justicialista,1946,1955,91,presidente,PJ,91
Q93330,Juan Domingo Perón,General Perón,Partido Justicialista,1946,1955,91,presidente,PJ,91
Q93330,Juan Domingo Perón,el robas,Partido Justicialista,1946,1955,91,presidente,PJ,91
Q93330,Juan Domingo Perón,El Pocho,Partido Justicialista,1946,1955,91,presidente,PJ,91
Q93330,Juan Domingo Perón,Coronel Perón,Partido Justicialista,1946,1955,91,presidente,PJ,91
Q93330,Juan Domingo Perón,El General,Partido Justicialista,1946,1955,91,presidente,PJ,91
Q93330,Juan Domingo Perón,Peron,Partido Justicialista,1946,1955,91,presidente,PJ,91
Q93330,Juan Domingo Perón,Perón,Partido Justicialista,1946,1955,91,presidente,PJ,91
Q188974,Pedro Eugenio Aramburu,Pedro Eugenio Aramburu Cilveti,Unión del Pueblo Argentino,1955,1958,33,presidente,Sin clasificar,33
Q346658,Arturo Frondizi,Frondizi,Unión Cívica Radical Intransigente,1958,1962,42,presidente,UCR,42
Q470971,José María Guido,José Maria Guido,Unión Cívica Radical Intransigente,1962,1963,28,presidente,UCR,28
Q470971,José María Guido,Jose María Guido,Unión Cívica Radical Intransigente,1962,1963,28,presidente,UCR,28
Q470971,José María Guido,Jose Maria Guido,Unión Cívica Radical Intransigente,1962,1963,28,presidente,UCR,28
Q270368,Arturo Umberto Illia,Arturo Illia,Unión Cívica Radical del Pueblo,1963,1966,41,presidente,UCR,41
Q365326,Juan Carlos Onganía,Onganía,político independiente,1966,1970,33,presidente,Dictadura,33
Q365326,Juan Carlos Onganía,Ongania,político independiente,1966,1970,33,presidente,Dictadura,33
Q365326,Juan Carlos Onganía,Juan Carlos Ongania,político independiente,1966,1970,33,presidente,Dictadura,33
Q365326,Juan Carlos Onganía,General Onganía,político independiente,1966,1970,33,presidente,Dictadura,33
Q365326,Juan Carlos Onganía,General Ongania,político independiente,1966,1970,33,presidente,Dictadura,33
Q365326,Juan Carlos Onganía,Dictadura de Onganía,político independiente,1966,1970,33,presidente,Dictadura,33
Q365326,Juan Carlos Onganía,Dictadura de Ongania,político independiente,1966,1970,33,presidente,Dictadura,33
Q365326,Juan Carlos Onganía,Carlos Ongania,político independiente,1966,1970,33,presidente,Dictadura,33
Q380980,Roberto Marcelo Levingston,Roberto M. Levingston,político independiente,1970,1971,29,presidente,Dictadura,29
Q380980,Roberto Marcelo Levingston,Roberto M Levingston,político independiente,1970,1971,29,presidente,Dictadura,29
Q380980,Roberto Marcelo Levingston,Roberto Levingston,político independiente,1970,1971,29,presidente,Dictadura,29
Q380980,Roberto Marcelo Levingston,Marcelo Levingston,político independiente,1970,1971,29,presidente,Dictadura,29
Q345487,Alejandro Agustín Lanusse,Alejandro Agustin Lanusse,político independiente,1971,1973,33,presidente,Dictadura,33
Q345487,Alejandro Agustín Lanusse,Alejandro A. Lanusse,político independiente,1971,1973,33,presidente,Dictadura,33
Q345487,Alejandro Agustín Lanusse,Alejandro A Lanusse,político independiente,1971,1973,33,presidente,Dictadura,33
Q345487,Alejandro Agustín Lanusse,Agustín Lanusse,político independiente,1971,1973,33,presidente,Dictadura,33
Q356751,Héctor José Cámpora,Héctor J. Cámpora,Partido Justicialista,1973,1973,33,presidente,PJ,33
Q356751,Héctor José Cámpora,Hector J. Campora,Partido Justicialista,1973,1973,33,presidente,PJ,33
Q356751,Héctor José Cámpora,Hector J Campora,Partido Justicialista,1973,1973,33,presidente,PJ,33
Q356751,Héctor José Cámpora,Héctor Cámpora,Partido Justicialista,1973,1973,33,presidente,PJ,33
Q356751,Héctor José Cámpora,Cámpora,Partido Justicialista,1973,1973,33,presidente,PJ,33
Q349261,Raúl Alberto Lastiri,Raúl A Lastiri,Partido Justicialista,1973,1973,28,presidente,PJ,28
Q349261,Raúl Alberto Lastiri,Raul A Lastiri,Partido Justicialista,1973,1973,28,presidente,PJ,28
Q349261,Raúl Alberto Lastiri,Raúl Lastiri,Partido Justicialista,1973,1973,28,presidente,PJ,28
Q349261,Raúl Alberto Lastiri,Raul Lastiri,Partido Justicialista,1973,1973,28,presidente,PJ,28
Q349261,Raúl Alberto Lastiri,Raul Alberto Lastiri,Partido Justicialista,1973,1973,28,presidente,PJ,28
Q349261,Raúl Alberto Lastiri,Raúl A. Lastiri,Partido Justicialista,1973,1973,28,presidente,PJ,28
Q349261,Raúl Alberto Lastiri,Raul A. Lastiri,Partido Justicialista,1973,1973,28,presidente,PJ,28
Q75853,Jorge Rafael Videla,"Videla, Jorge Rafael",partido militar,1976,1981,76,presidente,Dictadura,76
Q75853,Jorge Rafael Videla,Jorge Videla,partido militar,1976,1981,76,presidente,Dictadura,76
Q75853,Jorge Rafael Videla,Jorge Rafaél Videla,partido militar,1976,1981,76,presidente,Dictadura,76
Q75853,Jorge Rafael Videla,Jorge R. Videla,partido militar,1976,1981,76,presidente,Dictadura,76
Q75853,Jorge Rafael Videla,Videla,partido militar,1976,1981,76,presidente,Dictadura,76
Q313996,Roberto Eduardo Viola,Roberto Viola,político independiente,1981,1981,39,presidente,Dictadura,39
Q365345,Carlos Alberto Lacoste,Carlos Lacoste,político independiente,1981,1981,27,presidente,Dictadura,27
Q365345,Carlos Alberto Lacoste,Carlos Alberto Lacoste Guillot,político independiente,1981,1981,27,presidente,Dictadura,27
Q124993,Leopoldo Fortunato Galtieri,Leopoldo Fortunato Galtieri Castelli,político independiente,1981,1982,54,presidente,Dictadura,54
Q381403,Alfredo Saint-Jean,Alfredo Óscar Saint-Jean,político independiente,1982,1982,25,presidente,Dictadura,25
Q381403,Alfredo Saint-Jean,Alfredo Oscar Saint-Jean,político independiente,1982,1982,25,presidente,Dictadura,25
Q381403,Alfredo Saint-Jean,Alfredo Oscar Saint Jean,político independiente,1982,1982,25,presidente,Dictadura,25
Q298430,Reynaldo Bignone,Reynaldo Benito Bignone,político independiente,1982,1983,47,presidente,Dictadura,47
Q298430,Reynaldo Bignone,Reynaldo Benito Antonio Bignone,político independiente,1982,1983,47,presidente,Dictadura,47
Q298430,Reynaldo Bignone,Bignone,político independiente,1982,1983,47,presidente,Dictadura,47
Q193062,Raúl Alfonsín,Raúl Ricardo Alfonsín,Unión Cívica Radical,1983,1989,65,presidente,UCR,65
Q193062,Raúl Alfonsín,Raúl Ricardo Alfonsin,Unión Cívica Radical,1983,1989,65,presidente,UCR,65
Q193062,Raúl Alfonsín,Raul Ricardo Alfonsín,Unión Cívica Radical,1983,1989,65,presidente,UCR,65
Q193062,Raúl Alfonsín,Raul Ricardo Alfonsin,Unión Cívica Radical,1983,1989,65,presidente,UCR,65
Q193062,Raúl Alfonsín,Raúl R. Alfonsín,Unión Cívica Radical,1983,1989,65,presidente,UCR,65
Q193062,Raúl Alfonsín,Raul R. Alfonsin,Unión Cívica Radical,1983,1989,65,presidente,UCR,65
Q193062,Raúl Alfonsín,Raul Alfonsin Foulknes,Unión Cívica Radical,1983,1989,65,presidente,UCR,65
Q193062,Raúl Alfonsín,Raúl Alfonsin,Unión Cívica Radical,1983,1989,65,presidente,UCR,65
Q193062,Raúl Alfonsín,Raul Alfonsín,Unión Cívica Radical,1983,1989,65,presidente,UCR,65
Q193062,Raúl Alfonsín,Raul Alfonsin,Unión Cívica Radical,1983,1989,65,presidente,UCR,65
Q193062,Raúl Alfonsín,Alfonsin,Unión Cívica Radical,1983,1989,65,presidente,UCR,65
Q185107,Carlos Menem,Presidente Menem,Partido Justicialista,1989,1999,73,presidente,PJ,73
Q185107,Carlos Menem,Carlos Saúl Menem,Partido Justicialista,1989,1999,73,presidente,PJ,73
Q185107,Carlos Menem,Carlos Saul Menem,Partido Justicialista,1989,1999,73,presidente,PJ,73
Q185107,Carlos Menem,Carlos S. Menem,Partido Justicialista,1989,1999,73,presidente,PJ,73
Q185107,Carlos Menem,Menem,Partido Justicialista,1989,1999,73,presidente,PJ,73
Q295007,Fernando de la Rúa,Fernando de la Rúa Bruno,Unión Cívica Radical,1999,2001,52,presidente,UCR,52
Q295007,Fernando de la Rúa,Fernando de la Rua Bruno,Unión Cívica Radical,1999,2001,52,presidente,UCR,52
Q295007,Fernando de la Rúa,Fernando De la Rua,Unión Cívica Radical,1999,2001,52,presidente,UCR,52
Q295007,Fernando de la Rúa,De la Rúa,Unión Cívica Radical,1999,2001,52,presidente,UCR,52
Q295007,Fernando de la Rúa,De la Rua,Unión Cívica Radical,1999,2001,52,presidente,UCR,52
Q295007,Fernando de la Rúa,Chupete,Unión Cívica Radical,1999,2001,52,presidente,UCR,52
Q357257,Ramón Puerta,Ramon Puerta,Partido Justicialista,2001,2001,26,presidente,PJ,26
Q357257,Ramón Puerta,Federico Ramón Puerta,Partido Justicialista,2001,2001,26,presidente,PJ,26
Q357257,Ramón Puerta,Federico Ramon Puerta,Partido Justicialista,2001,2001,26,presidente,PJ,26
Q312358,Adolfo Rodríguez Saá,,Partido Justicialista,2001,2001,42,presidente,PJ,42
Q336226,Eduardo Camaño,Eduardo Camano,Partido Justicialista,2001,2002,27,presidente,PJ,27
Q294578,Eduardo Duhalde,Eduardo Alberto Duhalde,Partido Justicialista,2002,2003,51,presidente,PJ,51
Q170899,Néstor Kirchner,Néstor Carlos Kirchner Ostoić,Frente para la Victoria,2003,2007,83,presidente,PJ,83
Q170899,Néstor Kirchner,Nestor Carlos,Frente para la Victoria,2003,2007,83,presidente,PJ,83
Q170899,Néstor Kirchner,Néstor C. Kirchner,Frente para la Victoria,2003,2007,83,presidente,PJ,83
Q40649,Cristina Fernández de Kirchner,Cristina Elisabet Fernández de Kirchner,Frente para la Victoria,2007,2015,119,presidente,PJ,119
Q40649,Cristina Fernández de Kirchner,Cristina Elisabet Fernández,Frente para la Victoria,2007,2015,119,presidente,PJ,119
Q40649,Cristina Fernández de Kirchner,CFK,Frente para la Victoria,2007,2015,119,presidente,PJ,119
Q40649,Cristina Fernández de Kirchner,Cristina Fernández,Frente para la Victoria,2007,2015,119,presidente,PJ,119
Q40649,Cristina Fernández de Kirchner,Cristina Fernandez,Frente para la Victoria,2007,2015,119,presidente,PJ,119
Q561837,Mauricio Macri,,Compromiso para el Cambio,2015,2019,81,presidente,Sin clasificar,81
Q2642828,Alberto Fernández,Alberto Angel Fernandez,Frente Renovador,2019,2023,78,presidente,PJ,78
Q52395487,Javier Milei,Javier Gerardo Milei,Partido Libertario,2023,,88,presidente,Liberalismo,88
Q52395487,Javier Milei,Javo,Partido Libertario,2023,,88,presidente,Liberalismo,88
Q52395487,Javier Milei,El Loco,Partido Libertario,2023,,88,presidente,Liberalismo,88
Q52395487,Javier Milei,El Psiquiátrico,Partido Libertario,2023,,88,presidente,Liberalismo,88
Q52395487,Javier Milei,El Javo,Partido Libertario,2023,,88,presidente,Liberalismo,88
Q2843714,Horacio Rodríguez Larreta,Horacio Antonio Rodríguez Larreta,Propuesta Republicana,,,13,politico,PRO,13
Q503645,Leopoldo Alfredo Bravo,,Partido Bloquista,,,7,politico,Sin clasificar,7
Q5898535,Hipólito Marcial Rojas,Hipolito Marcial Rojas,Unión Cívica Radical,,,1,politico,UCR,1
Q20965884,Rodolfo José Ramón Moisés Tecera del Franco,Chicho,Partido Justicialista,,,1,politico,PJ,1
Q117846407,Alejandro D. Ortiz,,Partido Autonomista Nacional,,,1,politico,Liberalismo,1
Q20965884,Rodolfo José Ramón Moisés Tecera del Franco,Rodolfo Jose Ramon Moises Tecera del Franco,Partido Justicialista,,,1,politico,PJ,1
Q5983905,Luis María Macaya,Luis Maria Macaya,Partido Justicialista,,,1,politico,PJ,1
Q5878321,Gerardo Martínez,Gerardo Martinez,Partido Justicialista,,,2,politico,PJ,2
Q5726031,Benjamín Aráoz,Francisco Eleodoro del Carmen Aráoz,Partido Autonomista Nacional,,,2,politico,Liberalismo,2
Q20679882,Alberto Vignes,Alberto Juan Vicente Vignes,Partido Justicialista,,,2,politico,PJ,2
Q20679882,Alberto Vignes,Alberto Juan Vignes,Partido Justicialista,,,2,politico,PJ,2
Q5898550,Hipólito Solari Yrigoyen,Hipolito Solari Yrigoyen,Unión Cívica Radical,,,3,politico,UCR,3
Q193672,Carlos Saavedra Lamas,Saavedra Lamas,Partido Autonomista Nacional,,,53,politico,Liberalismo,53
Q5704417,Armando Antille,Armando G. Antille,Partido Justicialista,,,2,politico,PJ,2
Q5704417,Armando Antille,Armando Gerardo Antille,Partido Justicialista,,,2,politico,PJ,2
Q6053892,Oscar Ivanissevich,,Partido Justicialista,,,5,politico,PJ,5
Q5950032,Juan Ignacio San Martín,Juan Ignacio San Martin,Partido Justicialista,,,2,politico,PJ,2
Q18762446,Gabriel Feris,,Partido Autonomista de Corrientes,,,1,politico,Sin clasificar,1
Q6959980,Ramón Mestre,Ramon Mestre,Unión Cívica Radical,,,6,politico,UCR,6
Q648570,Milan Stojadinović,Milan Stojadinovic,Unión Radical Yugoslava,,,28,politico,Sin clasificar,28
Q648570,Milan Stojadinović,Milan Stoyadinovich,Unión Radical Yugoslava,,,28,politico,Sin clasificar,28
Q111478757,Gerardo Cipolini,,Unión Cívica Radical,,,2,politico,UCR,2
Q1524240,Gildo PENEEE,Gildo Insfran,Frente para la Victoria,,,5,politico,PJ,5
Q591796,Ángel Rozas,Angel Rozas,Unión Cívica Radical,,,4,politico,UCR,4
Q5833998,Enrique del Valle Iberlucea,,Partido Socialista,,,3,politico,PS,3
Q5944936,José Ramón Granero,Jose Ramon Granero,Partido Justicialista,,,1,politico,PJ,1
Q5983142,Luis Cruz,,Partido Justicialista,,,3,politico,PJ,3
Q5638493,Atilio Antinucci,,Partido Justicialista,,,2,politico,PJ,2
Q55453413,Mónica Silvana González,Mónica González,Partido Socialista Obrero Español,,,10,politico,PS,10
Q40975069,Francisco Sarmiento,,Unión Cívica Radical,,,1,politico,UCR,1
Q5663357,Alberto Natale,Alberto Adolfo Natale,Partido Demócrata Progresista,,,3,politico,Liberalismo,3
Q963284,Jorge Telerman,Telerman,Partido Justicialista,,,10,politico,PJ,10
Q19517805,Laura Vilches,,Partido de los Trabajadores Socialistas,,,2,politico,PS,2
Q18759666,Hebe Corchuelo Blasco,,Partido Justicialista,,,1,politico,PJ,1
Q41658560,Nancy Susana González,Nancy González,Partido Justicialista,,,3,politico,PJ,3
Q18759723,José Luis Imhoff,,Partido Justicialista,,,2,politico,PJ,2
Q959875,Héctor Eduardo Tizón,Hector Tizon,Unión Cívica Radical,,,8,politico,UCR,8
Q959875,Héctor Eduardo Tizón,Hector Tizón,Unión Cívica Radical,,,8,politico,UCR,8
Q959875,Héctor Eduardo Tizón,Héctor Tizon,Unión Cívica Radical,,,8,politico,UCR,8
Q108497379,José María Díaz Bancalari,,Partido Justicialista,,,1,politico,PJ,1
Q20735856,Sergio Uñac,Sergio Mauricio Uñac,Partido Justicialista,,,4,politico,PJ,4
Q5707646,Arístides Emilio Bibolini,Aristides Emilio Bibolini,Unión Cívica Radical,,,1,politico,UCR,1
Q9024801,Lucía Alberti,Lucia Alberti,Unión Cívica Radical,,,6,politico,UCR,6
Q47495265,Carlos Alderete,Carlos Elvio Alderete,Partido Justicialista,,,2,politico,PJ,2
Q47495265,Carlos Alderete,Carlos Silvestre Alderete,Partido Justicialista,,,2,politico,PJ,2
Q17634337,Hugo Dardo Domínguez,Hugo Dardo Dominguez,Unión Cívica Radical,,,1,politico,UCR,1
Q63910448,Rufino Vicente Férnandez,,Encuentro por Corrientes - Eco + Cambiemos,,,0,politico,Sin clasificar,0
Q4713883,Aldo Ferrer,,Unión Cívica Radical,,,7,politico,UCR,7
Q173238,Carlos Alberto Reutemann,Lole,Partido Justicialista,,,38,politico,PJ,38
Q5662792,Alberto Barceló,Alberto Barcelo,Partido Conservador,,,2,politico,Liberalismo,2
Q6056325,Pablo Piana,,Partido Justicialista,,,1,politico,PJ,1
Q6456064,Juan Manuel Casella,,Unión Cívica Radical,,,2,politico,UCR,2
Q22232767,Carlos Martín Torres,Carlos Martin Torres,Partido Justicialista,,,1,politico,PJ,1
Q18674432,Ernesto F. Bavio,Ernesto Francisco Bavio,Unión Cívica Radical,,,2,politico,UCR,2
Q21402108,Cecilio Salazar,Salazar,Cambiemos,,,3,politico,PRO,3
Q4678262,Ada Itúrrez de Cappellini,Ada Iturrez de Cappellini,Partido Justicialista,,,5,politico,PJ,5
Q5664429,Aldo Cantoni,,Partido Bloquista,,,2,politico,Sin clasificar,2
Q5950062,Juan Ingallinella,Inga,Partido Comunista,,,4,politico,Izquierda,4
Q16565816,Ezequiel de la Serna,,Partido Autonomista Nacional,,,1,politico,Liberalismo,1
Q63444318,Rodrigo López Molina,Rodrigo Manuel López Molina,Propuesta Republicana,,,4,politico,PRO,4
Q63444318,Rodrigo López Molina,Rodrigo Manuel Roy López Molina,Propuesta Republicana,,,4,politico,PRO,4
Q63444318,Rodrigo López Molina,Rodrigo Roy Manuel López Molina,Propuesta Republicana,,,4,politico,PRO,4
Q63444318,Rodrigo López Molina,Roy López Molina,Propuesta Republicana,,,4,politico,PRO,4
Q61855404,Marcelo Dileo,Julio Marcelo Dileo,Unión Cívica Radical,,,1,politico,UCR,1
Q5889604,Gustavo Ferrari,Gustavo Alfredo Horacio Ferrari,Unión Celeste y Blanco,,,2,politico,Sin clasificar,2
Q5998895,Mario Monteverde,,Unión Cívica Radical,,,1,politico,UCR,1
Q111481661,Juan Carlos Polini,,Unión Cívica Radical,,,2,politico,UCR,2
Q18755636,Oraldo Britos,Oraldo Norvel Britos,Partido Justicialista,,,3,politico,PJ,3
Q20990904,Mariano Cascallares,,Partido Justicialista,,,2,politico,PJ,2
Q8076814,Ángel Borlenghi,Borlenghi,Partido Socialista,,,5,politico,PS,5
Q5934353,Hugo Perié,Hugo Perie,Partido Justicialista,,,4,politico,PJ,4
Q5934353,Hugo Perié,Hugo Ruben Perie,Partido Justicialista,,,4,politico,PJ,4
Q5934353,Hugo Perié,Hugo Rubén Perie,Partido Justicialista,,,4,politico,PJ,4
Q101210427,Patricia Mounier,,Frente para la Victoria,,,2,politico,PJ,2
Q85853384,Carlos Zavala,Carlos Edgardo Zavala,Unión Cívica Radical,,,1,politico,UCR,1
Q17274747,Felipe Santiago Pérez,Felipe Santiago Perez,Partido Justicialista,,,2,politico,PJ,2
Q5904691,Hugo Vaca Narvaja,Hugo Miguel Vaca Narvaja,Unión Cívica Radical,,,1,politico,UCR,1
Q6107445,Reynaldo Pastor,Reynaldo Alberto Pastor,Partido Demócrata (Argentina),,,2,politico,Liberalismo,2
Q5904691,Hugo Vaca Narvaja,Miguel Hugo Vaca Narvaja Morra,Unión Cívica Radical,,,1,politico,UCR,1
Q118868124,Oscar Saliba,Oscar Elías Mario Saliba,Juntos por el Cambio,,,1,politico,PRO,1
Q2894286,José Luis Machinea,Jose Luis Machinea,Unión Cívica Radical,,,5,politico,UCR,5
Q5833342,Enrique Godoy,,Partido Autonomista Nacional,,,3,politico,Liberalismo,3
Q16594562,Luis Monteverde,,Unión Cívica Radical,,,2,politico,UCR,2
Q19521806,Daniel Gollán,Daniel Gollan,Partido Justicialista,,,4,politico,PJ,4
Q19521806,Daniel Gollán,Daniel Gustavo Gollan,Partido Justicialista,,,4,politico,PJ,4
Q128211695,Rafael Ielpi,Negro,Coalición Cívica ARI,,,0,politico,UCR,0
Q96337718,Héctor Sandler,,Unión del Pueblo Argentino,,,1,politico,Sin clasificar,1
Q6069237,Pedro José Pérez,Pedro Jose Perez,Unión Cívica Radical,,,2,politico,UCR,2
Q9025155,Luis León,Luis Agustin Leon,Unión Cívica Radical,,,3,politico,UCR,3
Q9025155,Luis León,Luis Agustin León,Unión Cívica Radical,,,3,politico,UCR,3
Q9025155,Luis León,Luis Agustín Leon,Unión Cívica Radical,,,3,politico,UCR,3
Q9025155,Luis León,Luis Agustín León,Unión Cívica Radical,,,3,politico,UCR,3
Q9025155,Luis León,Luis Leon,Unión Cívica Radical,,,3,politico,UCR,3
Q41658584,Alfredo Héctor Luenzo,Alfredo H. Luenzo,Chubut Somos Todos,,,3,politico,Sin clasificar,3
Q41658584,Alfredo Héctor Luenzo,Alfredo Héctor González Luenzo,Chubut Somos Todos,,,3,politico,Sin clasificar,3
Q41658584,Alfredo Héctor Luenzo,Alfredo Luenzo,Chubut Somos Todos,,,3,politico,Sin clasificar,3
Q1997520,Victorio Codovilla,Vittorio Codovilla,Juventud Socialista Argentina,,,7,politico,Sin clasificar,7
Q125407582,Alfredo Vallejos,,Unión Cívica Radical,,,1,politico,UCR,1
Q124357131,Enrique Martín Goerling Lara,Martín Goerling,Propuesta Republicana,,,1,politico,PRO,1
Q40933,Eva Perón,Eva Duarte de Perón,Partido Peronista Femenino,,,106,politico,PJ,106
Q40933,Eva Perón,Eva María Duarte,Partido Peronista Femenino,,,106,politico,PJ,106
Q40933,Eva Perón,Eva María Duarte de Perón,Partido Peronista Femenino,,,106,politico,PJ,106
Q40933,Eva Perón,Evita Perón,Partido Peronista Femenino,,,106,politico,PJ,106
Q40933,Eva Perón,María Eva Duarte,Partido Peronista Femenino,,,106,politico,PJ,106
Q40933,Eva Perón,María Eva Duarte de Perón,Partido Peronista Femenino,,,106,politico,PJ,106
Q5849312,Ester Fandiño,,peronismo,,,1,politico,PJ,1
Q5857792,Federico Pinedo,Federico Pinedo (hijo),Partido Socialista,,,4,politico,PS,4
Q20165786,Claudia Rucci,Claudia Monica Rucci,Partido Justicialista,,,5,politico,PJ,5
Q6005867,Mateo Córdova,Mateo Cordova,Unión Cívica Radical,,,1,politico,UCR,1
Q5042593,Carlos Roveraaa,Carlos Eduardo Rovira,Partido Justicialista,,,4,politico,PJ,4
Q5984489,Luis Zamora,Luis Fernando Zamora,Autodeterminación y Libertad,,,5,politico,Sin clasificar,5
Q5819618,Eduardo Raúl Costa,Eduardo Raul Costa,Unión Cívica Radical,,,4,politico,UCR,4
Q7299820,Raúl Othacehé,Othacehe,Partido Justicialista,,,4,politico,PJ,4
Q7299820,Raúl Othacehé,Othacehé,Partido Justicialista,,,4,politico,PJ,4
Q7299820,Raúl Othacehé,Raul Alfredo Othacehe,Partido Justicialista,,,4,politico,PJ,4
Q7299820,Raúl Othacehé,Raul Alfredo Othacehé,Partido Justicialista,,,4,politico,PJ,4
Q7299820,Raúl Othacehé,Raúl Alfredo Othacehe,Partido Justicialista,,,4,politico,PJ,4
Q7299820,Raúl Othacehé,Raúl Alfredo Othacehé,Partido Justicialista,,,4,politico,PJ,4
Q7299820,Raúl Othacehé,Raul Othacehe,Partido Justicialista,,,4,politico,PJ,4
Q7299820,Raúl Othacehé,Raul Othacehé,Partido Justicialista,,,4,politico,PJ,4
Q7299820,Raúl Othacehé,Raúl Othacehe,Partido Justicialista,,,4,politico,PJ,4
Q5274808,Diego Santilli,Diego Cesar Santilli,Partido Justicialista,,,5,politico,PJ,5
Q5274808,Diego Santilli,Diego César Santilli,Partido Justicialista,,,5,politico,PJ,5
Q12201446,Rubén Américo Martí,Ruben Americo Marti,Unión Cívica Radical,,,2,politico,UCR,2
Q12201446,Rubén Américo Martí,Ruben Marti,Unión Cívica Radical,,,2,politico,UCR,2
Q12201446,Rubén Américo Martí,Rubén Martí,Unión Cívica Radical,,,2,politico,UCR,2
Q5829971,Elpidio Torres,,Partido Justicialista,,,1,politico,PJ,1
Q8772238,Eduardo Bauzá,Eduardo Bauza,Partido Justicialista,,,7,politico,PJ,7
Q6455515,Juan B. Peñalba,,Unión Cívica Radical,,,1,politico,UCR,1
Q27468379,Armando Méndez San Martín,Armando Mendez San Martin,Partido Justicialista,,,3,politico,PJ,3
Q16586064,Justo Policarpo Villar,,Unión Cívica Radical,,,1,politico,UCR,1
Q5879631,Gilberto H. Molina,Gilberto Horacio Molina,Unión Cívica Radical Intransigente,,,1,politico,UCR,1
Q5259989,Deolindo Felipe Bittel,Deolindo Bittel,Partido Justicialista,,,4,politico,PJ,4
Q5259989,Deolindo Felipe Bittel,Felipe Bittel,Partido Justicialista,,,4,politico,PJ,4
Q5818962,Eduardo Amadeo,Eduardo Pablo Amadeo,Propuesta Republicana,,,3,politico,PRO,3
Q2831838,Alberto Teisseire,Alberto Teisaire,peronismo,,,8,politico,PJ,8
Q2831838,Alberto Teisseire,Tessaire,peronismo,,,8,politico,PJ,8
Q7047348,Noemí Rial,Noemi rial,Partido Justicialista,,,6,politico,PJ,6
Q7047348,Noemí Rial,Noemi Rial,Partido Justicialista,,,6,politico,PJ,6
Q107646264,Carolina Yutrovic,,Partido Social Patagónico,,,2,politico,PS,2
Q5707327,Arturo Lorusso,,Unión Cívica Radical,,,1,politico,UCR,1
Q7047348,Noemí Rial,"Rial, Noemi",Partido Justicialista,,,6,politico,PJ,6
Q7047348,Noemí Rial,"Rial, Noemí",Partido Justicialista,,,6,politico,PJ,6
Q5704479,Armando Durán,Armando Durán Aché,Acción Democrática,,,2,politico,Sin clasificar,2
Q5707404,Arturo Oñativia,,Unión Cívica Radical,,,1,politico,UCR,1
Q5649262,José Ignacio de Mendiguren,Jose Ignacio de Mendiguren,Frente Renovador,,,5,politico,PJ,5
Q4877270,Beatriz Rojkés de Alperovich,Beatriz Rojkes,Partido Justicialista,,,5,politico,PJ,5
Q4877270,Beatriz Rojkés de Alperovich,Beatriz Rojkés,Partido Justicialista,,,5,politico,PJ,5
Q4877270,Beatriz Rojkés de Alperovich,Beatriz Rojkes de Alperovich,Partido Justicialista,,,5,politico,PJ,5
Q18419066,Juan Francisco Castro,,Partido Justicialista,,,1,politico,PJ,1
Q6764548,Mario Domingo Barletta,Mario Barletta,Unión Cívica Radical,,,4,politico,UCR,4
Q50986315,Franco Moccia,,Cambiemos,,,2,politico,PRO,2
Q6844637,Miguel Laurencena,Miguel M. Laurencena,Unión Cívica Radical,,,6,politico,UCR,6
Q5901909,Horacio Jaunarena,,Unión Cívica Radical,,,4,politico,UCR,4
Q56250672,Ana Carmen Macri,Ana Macri,Partido Peronista Femenino,,,6,politico,PJ,6
Q5857789,Federico Pinedo,,Unión del Centro Democrático,,,9,politico,Liberalismo,9
Q5796339,César Napoleón Ayrault,Cesar Napoleon Ayrault,Unión Cívica Radical,,,2,politico,UCR,2
Q122462313,Ödön Mocsáry,,Partido de la Vida Húngara,,,1,politico,Sin clasificar,1
Q6436403,Francisco Cabrera,Francisco Adolfo Cabrera,Propuesta Republicana,,,4,politico,PRO,4
Q108791297,Vito De Palma,Vito Francesco Antonio De Palma,Hermanos de Italia,,,2,politico,Sin clasificar,2
Q5878717,Germán López,German Lopez,Unión Cívica Radical,,,5,politico,UCR,5
Q5939345,José E. Guanes,Jose E. Guanes,Unión Cívica Radical Intransigente,,,1,politico,UCR,1
Q137784958,Emir Salvioli,Emir Omar Salvioli,Partido Socialista,,,0,politico,PS,0
Q15149653,Hugo Alberto Mott,,Partido Justicialista,,,2,politico,PJ,2
Q20984689,Rocío Giaccone,,Partido Justicialista,,,2,politico,PJ,2
Q5998392,Mario Abel Amaya,,Unión Cívica Radical,,,4,politico,UCR,4
Q16573298,Guillermo Dietrich,Guillermo Javier Dietrich,Propuesta Republicana,,,5,politico,PRO,5
Q124420074,Pablo Juliano,Pablo Adrián Juliano,Unión Cívica Radical,,,1,politico,UCR,1
Q100741811,Miguel Sussini,,Unión Cívica Radical,,,1,politico,UCR,1
Q5983868,Luis Marcó del Pont,Luis Marco del Pont,Partido Justicialista,,,1,politico,PJ,1
Q5983868,Luis Marcó del Pont,Luis Marcó del Pont K.,Partido Justicialista,,,1,politico,PJ,1
Q5983868,Luis Marcó del Pont,Luis Marco Del Pont Koclin,Partido Justicialista,,,1,politico,PJ,1
Q5983868,Luis Marcó del Pont,Luis Marco Del-Pont,Partido Justicialista,,,1,politico,PJ,1
Q5983868,Luis Marcó del Pont,Luis Maria Rodriguez,Partido Justicialista,,,1,politico,PJ,1
Q5983868,Luis Marcó del Pont,Luís María Rodríguez,Partido Justicialista,,,1,politico,PJ,1
Q5983868,Luis Marcó del Pont,Luis María Rodríguez Marcó del Pont,Partido Justicialista,,,1,politico,PJ,1
Q5662756,Alberto Arancibia Rodríguez,Alberto Arancibia Rodriguez,Partido Demócrata (Argentina),,,2,politico,Liberalismo,2
Q5939399,José Embrioni,Jose Embrioni,Partido Justicialista,,,3,politico,PJ,3
Q464916,Rubén Giustiniani,Ruben Giustiniani,Partido Socialista,,,6,politico,PS,6
Q464916,Rubén Giustiniani,Ruben Hector Giustiniani,Partido Socialista,,,6,politico,PS,6
Q464916,Rubén Giustiniani,Ruben Héctor Giustiniani,Partido Socialista,,,6,politico,PS,6
Q464916,Rubén Giustiniani,Rubén Héctor Giustiniani,Partido Socialista,,,6,politico,PS,6
Q5664467,Aldo Neri,Aldo Carlos Neri,Unión Cívica Radical,,,4,politico,UCR,4
Q11168710,Regino Maders,,Unión Cívica Radical,,,1,politico,UCR,1
Q6109670,Roberto Costa,,Unión Cívica Radical,,,1,politico,UCR,1
Q6553522,Martín Lousteau,Martin Lousteau,Unión Cívica Radical,,,8,politico,UCR,8
Q5750158,Carlos Domínguez,Carlos Dominguez,Partido Justicialista,,,1,politico,PJ,1
Q125838765,Carlos García,Carlos Daniel García,político independiente,,,1,politico,Dictadura,1
Q47142783,Jorge Antonio Romero,,Frente para la Victoria,,,1,politico,PJ,1
Q122373474,Néstor Salvador Quintana,,Unión Cívica Radical,,,2,politico,UCR,2
Q5939412,José Emilio Visca,Jose Emilio Visca,Partido Justicialista,,,2,politico,PJ,2
Q6395631,Benjamín Villafañe Chaves,,Unión Cívica Radical,,,2,politico,UCR,2
Q15291175,Luis Heysen,Luis E. Heysen Inchaustegui,Alianza Popular Revolucionaria Americana,,,2,politico,Sin clasificar,2
Q15291175,Luis Heysen,Luis E. Heysen Incháustegui,Alianza Popular Revolucionaria Americana,,,2,politico,Sin clasificar,2
Q15291175,Luis Heysen,Luis Heysen Inchaustegui,Alianza Popular Revolucionaria Americana,,,2,politico,Sin clasificar,2
Q15291175,Luis Heysen,Luis Heysen Incháustegui,Alianza Popular Revolucionaria Americana,,,2,politico,Sin clasificar,2
Q21663854,Néstor Grindetti,Nestor Grindetti,Propuesta Republicana,,,5,politico,PRO,5
Q100584651,Luis Rosales,,Avanza Libertad,,,2,politico,Liberalismo,2
Q5849001,Esteban Adaro,,Unión Cívica Radical,,,2,politico,UCR,2
Q123567276,Elva Rosa Arredondo,Macuca,Partido Justicialista,,,0,politico,PJ,0
Q4723820,Alfredo Martínez,Alfredo Martinez,Unión Cívica Radical,,,5,politico,UCR,5
Q5671444,Amable Jones,,Unión Cívica Radical,,,2,politico,UCR,2
Q1703768,Jorge Asís,Jorge Asis,Partido Justicialista,,,5,politico,PJ,5
Q1703768,Jorge Asís,Jorge Cayetano Zaín Asís,Partido Justicialista,,,5,politico,PJ,5
Q6013903,Miguel Aníbal Tanco,Miguel Anibal Tanco,Unión Cívica Radical,,,2,politico,UCR,2
Q4838621,Daniel Peralta,Daniel Román Peralta,Partido Justicialista,,,4,politico,PJ,4
Q1703768,Jorge Asís,Turco Asis,Partido Justicialista,,,5,politico,PJ,5
Q125388552,María Cecilia Ibáñez,,Movimiento de Integración y Desarrollo,,,1,politico,UCR,1
Q367833,Hugo Cóccaro,Hugo Coccaro,Partido Justicialista,,,4,politico,PJ,4
Q16568123,Flavio Castellanos,,Partido Autonomista Nacional,,,1,politico,Liberalismo,1
Q131149087,Francisco Morchio,,Peronismo Republicano,,,1,politico,Sin clasificar,1
Q7702296,Teresita Quintela,Teresita Nicolasa Quintela,Frente para la Victoria,,,3,politico,PJ,3
Q584197,Joaquín Víctor González,Joaquín V. González,Partido Autonomista Nacional,,,8,politico,Liberalismo,8
Q3356959,Oscar Bidegain,Oscar Raúl Bidegain,Partido Justicialista,,,6,politico,PJ,6
Q2919824,René Lagrou,Rene Lagrou,Unión Nacional Flamenca,,,8,politico,Sin clasificar,8
Q5938702,José Camilo Crotto,Jose Camilo Crotto,Unión Cívica,,,5,politico,UCR,5
Q5806658,Diego Valenzuela,,Propuesta Republicana,,,2,politico,PRO,2
Q5955032,Julio Bárbaro,Julio Barbaro,Partido Justicialista,,,4,politico,PJ,4
Q3297245,Hugo Moyano,Hugo Antonio Moyano,Partido Justicialista,,,10,politico,PJ,10
Q5749638,Carlos Aloé,Carlos Aloe,Partido Justicialista,,,2,politico,PJ,2
Q5749638,Carlos Aloé,Carlos Vicente Aloé,Partido Justicialista,,,2,politico,PJ,2
Q5483783,Gerardo Morales,,Unión Cívica Radical,,,6,politico,UCR,6
Q16300843,Héctor María Gutiérrez,Hector Maria Gutierrez,Unión Cívica Radical,,,2,politico,UCR,2
Q117472942,Damián López,,Partido Socialista del País Valenciano-PSOE,,,2,politico,Sin clasificar,2
Q28424416,Alberto Eduardo Ottalagano,,Partido Justicialista,,,1,politico,PJ,1
Q108425883,Eduardo Gabriel Fernández,,Partido Solidario,,,2,politico,Sin clasificar,2
Q6056500,Pablo Torello,Pablo Mario Nicolás Torello,Unión Cívica Radical,,,4,politico,UCR,4
Q5889529,Gustavo Béliz,Gustavo Beliz,Partido Justicialista,,,3,politico,PJ,3
Q5889529,Gustavo Béliz,Gustavo Osvaldo Beliz,Partido Justicialista,,,3,politico,PJ,3
Q99968386,José Lepere,,peronismo,,,1,politico,PJ,1
Q54806486,Oscar Otranto,Oscar Roberto Otranto,Partido Justicialista,,,1,politico,PJ,1
Q5873430,Gabriel Mariotto,Juan Gabriel Mariotto,Partido Justicialista,,,2,politico,PJ,2
Q5710821,Atilio Oscar Viglione,,Unión Cívica Radical,,,2,politico,UCR,2
Q124420124,María Lorena Macyszyn,Lorena Macyszyn,Buenos Aires Libre,,,1,politico,Sin clasificar,1
Q111481653,Gabriela Gisel Besana,Gabriela Besana,Propuesta Republicana,,,3,politico,PRO,3
Q18711909,Silvio Beatriz Elías de Pérez,Silvia Beatriz Elias de Perez,Unión Cívica Radical,,,7,politico,UCR,7
Q5885380,Gregorio Flores,Goyo Flores,Partido Obrero,,,1,politico,Izquierda,1
Q16651707,Ángel Edelman,Angel Edelman,Unión Cívica Radical,,,1,politico,UCR,1
Q6277842,Mario Jorge Colazo,Jorge Colazo,Unión Cívica Radical,,,4,politico,UCR,4
Q6277842,Mario Jorge Colazo,Jorge Mario Colazo,Unión Cívica Radical,,,4,politico,UCR,4
Q116430999,Alejandro H. Leloir,Alejandro Henrique Leloir,Unión Cívica Radical,,,1,politico,UCR,1
Q20022050,Mauricio Yadarola,Mauricio Luis Yadarola,Unión Cívica Radical,,,1,politico,UCR,1
Q5704627,Armando Saliva,,Propuesta Republicana,,,1,politico,PRO,1
Q5340508,Eduardo Angeloz,Angeloz,Unión Cívica Radical,,,4,politico,UCR,4
Q5340508,Eduardo Angeloz,Eduardo Cesar Angeloz,Unión Cívica Radical,,,4,politico,UCR,4
Q5340508,Eduardo Angeloz,Eduardo César Angeloz,Unión Cívica Radical,,,4,politico,UCR,4
Q5042195,Carlos Humberto Perette,Carlos H Perette,Unión Cívica Radical,,,7,politico,UCR,7
Q5042195,Carlos Humberto Perette,Carlos H. Perette,Unión Cívica Radical,,,7,politico,UCR,7
Q5042195,Carlos Humberto Perette,Carlos Perette,Unión Cívica Radical,,,7,politico,UCR,7
Q5042195,Carlos Humberto Perette,Perette,Unión Cívica Radical,,,7,politico,UCR,7
Q101413635,María Luján Rey,,Propuesta Republicana,,,3,politico,PRO,3
Q4776451,Antonio Bermejo,,Unión Cívica Nacional,,,5,politico,UCR,5
Q16568326,Florencio Tenev,,Partido Justicialista,,,4,politico,PJ,4
Q63342097,Roberto Osvaldo Fernández,,Frente para la Victoria,,,0,politico,PJ,0
Q16578114,Ignacio Darío Irigoyen,Ignacio Dario Irigoyen,Partido Autonomista Nacional,,,3,politico,Liberalismo,3
Q75046964,Raúl Alfonzo,,Partido Autonomista de Corrientes,,,0,politico,Sin clasificar,0
Q5400763,Esteban Bullrich,Esteban José Bullrich,Propuesta Republicana,,,5,politico,PRO,5
Q5515970,Gabriela Michetti,Marta Gabriela Michetti,Propuesta Republicana,,,26,politico,PRO,26
Q5371931,Emilio Rached,Emilio Alberto Rached,Unión Cívica Radical,,,5,politico,UCR,5
Q63342220,Mara Brawer,,Frente para la Victoria,,,3,politico,PJ,3
Q63342295,Patricio Sebastián López Mancinelli,,Frente para la Victoria,,,0,politico,PJ,0
Q733743,Carlos Álvarez,Carlos Alvarez,Frente País Solidario,,,8,politico,PS,8
Q5409572,Nicolás Repetto,Nicolas Repetto,Partido Socialista,,,5,politico,PS,5
Q7931147,Vilma Ripoll,Vilma Ana Ripoll,Movimiento Socialista de los Trabajadores,,,5,politico,Izquierda,5
Q5972219,Leandro Despouy,,Unión Cívica Radical,,,7,politico,UCR,7
Q5955118,Julio César Aráoz,Julio Cesar Araoz,Partido Justicialista,,,2,politico,PJ,2
Q18715173,Augusto Alasino,Augusto José María Alasino,Partido Justicialista,,,2,politico,PJ,2
Q4837851,Lucía Corpacci,Lucía Benigna Corpacci,Frente para la Victoria,,,5,politico,PJ,5
Q4837851,Lucía Corpacci,Lucia Corpacci,Frente para la Victoria,,,5,politico,PJ,5
Q5947740,Juan Bautista Fleitas,,Unión Cívica Radical,,,2,politico,UCR,2
Q6400525,Calixto Maldonado,Calixto Alberto Maldonado,Unión Cívica Radical,,,1,politico,UCR,1
Q108611599,Osvaldo Jaldo,Osvaldo Francisco Jaldo,Partido Justicialista,,,3,politico,PJ,3
Q4723820,Alfredo Martínez,Alfredo Anselmo Martinez,Unión Cívica Radical,,,5,politico,UCR,5
Q4723820,Alfredo Martínez,Alfredo Anselmo Martínez,Unión Cívica Radical,,,5,politico,UCR,5
Q5934429,Jorge Alberto Taiana,,Partido Justicialista,,,2,politico,PJ,2
Q5664480,Aldo Pignanelli,,Partido Justicialista,,,5,politico,PJ,5
Q1371282,José López Rega,Jose Lopez Rega,Partido Justicialista,,,18,politico,PJ,18
Q1371282,José López Rega,Jose López Rega,Partido Justicialista,,,18,politico,PJ,18
Q1371282,José López Rega,José Lopez Rega,Partido Justicialista,,,18,politico,PJ,18
Q1371282,José López Rega,Lopez Rega,Partido Justicialista,,,18,politico,PJ,18
Q1371282,José López Rega,López Rega,Partido Justicialista,,,18,politico,PJ,18
Q5483062,Francisco A. Barroetaveña,Francisco A Barroetavena,Unión Cívica de la Juventud,,,6,politico,Sin clasificar,6
Q5483062,Francisco A. Barroetaveña,Francisco A Barroetaveña,Unión Cívica de la Juventud,,,6,politico,Sin clasificar,6
Q5483062,Francisco A. Barroetaveña,Francisco A. Barroetavena,Unión Cívica de la Juventud,,,6,politico,Sin clasificar,6
Q5483062,Francisco A. Barroetaveña,Francisco Barroetavena,Unión Cívica de la Juventud,,,6,politico,Sin clasificar,6
Q5483062,Francisco A. Barroetaveña,Francisco Barroetaveña,Unión Cívica de la Juventud,,,6,politico,Sin clasificar,6
Q20015616,Omar Perotti,,Partido Justicialista,,,3,politico,PJ,3
Q5616172,Guillermo Jenefes,Guillermo Raul Jenefes,Partido Justicialista,,,4,politico,PJ,4
Q5616172,Guillermo Jenefes,Guillermo Raúl Jenefes,Partido Justicialista,,,4,politico,PJ,4
Q5935030,Jorge Fernando Di Pascuale,,Partido Justicialista,,,2,politico,PJ,2
Q5801754,Delfor del Valle,,Unión Cívica Radical,,,2,politico,UCR,2
Q21280633,Ramiro Tagliaferro,,Propuesta Republicana,,,1,politico,PRO,1
Q5955152,Julio César Humada,Julio Cesar Humada,Partido Justicialista,,,3,politico,PJ,3
Q5955152,Julio César Humada,Julio Humada,Partido Justicialista,,,3,politico,PJ,3
Q5948753,Juan Cepeda,,Unión Cívica Radical,,,2,politico,UCR,2
Q23807442,Laura Rodríguez Machado,Laura Elena Rodríguez Machado,Unión del Centro Democrático,,,3,politico,Liberalismo,3
Q23807442,Laura Rodríguez Machado,Laura Rodriguez Machado,Unión del Centro Democrático,,,3,politico,Liberalismo,3
Q6113096,Rubens Íscaro,Rubens Iscaro,Partido Comunista,,,1,politico,Izquierda,1
Q5217771,Daniel Katz,,Unión Cívica Radical,,,4,politico,UCR,4
Q82392562,Fernando Pérez,,Unión Cívica Radical,,,0,politico,UCR,0
Q25983942,Diego Ramiro Guelar,,Partido Justicialista,,,1,politico,PJ,1
Q5802179,Gregorio Pomar,,Unión Cívica Radical,,,1,politico,UCR,1
Q16957147,Dermidio Carreño,,Partido Autonomista Nacional,,,1,politico,Liberalismo,1
Q5935595,Jorge Matzkin,,Partido Justicialista,,,2,politico,PJ,2
Q5676603,Angelina Abbona,Angelina María Esther Abbona,Partido de la Liberación,,,3,politico,Sin clasificar,3
Q124841157,Evaristo Monti,,Partido Justicialista,,,0,politico,PJ,0
Q28861753,Federico Salvai,Carlos Federico Salvai,Propuesta Republicana,,,1,politico,PRO,1
Q16941784,Antonio P. García,Antonio P. Garcia,Partido Autonomista Nacional,,,3,politico,Liberalismo,3
Q6108054,Ricardo Bussi,Ricardo Argentino Bussi,Fuerza Republicana,,,4,politico,Dictadura,4
Q4837917,Jorge Capitanich,Jorge Milton Capitanich,Frente para la Victoria,,,12,politico,PJ,12
Q5616214,Guillermo Moreno,Guillermo Moreno (Argentine politician),Partido Justicialista,,,9,politico,PJ,9
Q5934565,Jorge Banicevich,Jorge Esteban Banicevich,Partido Justicialista,,,3,politico,PJ,3
Q17624215,Pablo Tonelli,Pablo G. Tonelli,Propuesta Republicana,,,4,politico,PRO,4
Q17624215,Pablo Tonelli,Pablo Gabriel Tonelli,Propuesta Republicana,,,4,politico,PRO,4
Q5616214,Guillermo Moreno,Mario Guillermo Moreno,Partido Justicialista,,,9,politico,PJ,9
Q16573538,Gustavo Ferrary,,Partido Autonomista Nacional,,,1,politico,Liberalismo,1
Q5042708,Carlos Tomada,Tomada,Partido Justicialista,,,5,politico,PJ,5
Q20015252,Patricia Giménez,Patricia Gimenez,Unión Cívica Radical,,,4,politico,UCR,4
Q20015252,Patricia Giménez,Patricia Viviana Gimenez,Unión Cívica Radical,,,4,politico,UCR,4
Q20015252,Patricia Giménez,Patricia Viviana Giménez,Unión Cívica Radical,,,4,politico,UCR,4
Q4408025,Jorge Sapag,Jorge Augusto Sapag,Movimiento Popular Neuquino,,,5,politico,PJ,5
Q5950385,Juan José Mussi,Juan Jose Mussi,Partido Justicialista,,,3,politico,PJ,3
Q112075291,Claudio Ariel Romero,,Propuesta Republicana,,,1,politico,PRO,1
Q5901983,Horacio Rosatti,Horacio Daniel Rosatti,Partido Justicialista,,,6,politico,PJ,6
Q128211695,Rafael Ielpi,Rafael Oscar Ielpi,Coalición Cívica ARI,,,0,politico,UCR,0
Q18618906,Adán Bahl,Adan Humberto Bahl,Partido Justicialista,,,2,politico,PJ,2
Q18618906,Adán Bahl,Adán Humberto Bahl,Partido Justicialista,,,2,politico,PJ,2
Q17624242,Carlos Enrique Gómez Centurión,Carlos Gomez Centurion,Unión Cívica Radical,,,3,politico,UCR,3
Q17624242,Carlos Enrique Gómez Centurión,Carlos Gómez Centurión,Unión Cívica Radical,,,3,politico,UCR,3
Q5662066,Sergio Bergman,Sergio Alejandro Bergman,Propuesta Republicana,,,7,politico,PRO,7
Q96755093,Alejandrina Barry,"Barry, Alejandrina",Partido de los Trabajadores Socialistas,,,0,politico,PS,0
Q58073,Héctor Timerman,Hector Marcos Timerman,Frente para la Victoria,,,13,politico,PJ,13
Q58073,Héctor Timerman,Héctor Marcos Timerman,Frente para la Victoria,,,13,politico,PJ,13
Q58073,Héctor Timerman,Hector Timerman,Frente para la Victoria,,,13,politico,PJ,13
Q58073,Héctor Timerman,Héctor Tímerman,Frente para la Victoria,,,13,politico,PJ,13
Q125385980,Gabriel Bornoroni,Gabriel Marcos Bornoroni,La Libertad Avanza,,,2,politico,Liberalismo,2
Q5483821,Francisco Pérez,Paco Pérez,Frente para la Victoria,,,5,politico,PJ,5
Q16941689,Héctor Horacio Dalmau,Hector Horacio Dalmau,Partido Justicialista,,,4,politico,PJ,4
Q7372702,Roy Cortina,Robert Cortina,Partido Socialista,,,4,politico,PS,4
Q7372702,Roy Cortina,Robert Vincent Cortina,Partido Socialista,,,4,politico,PS,4
Q11061112,Francisco Muñoz,,Unión Cívica Radical,,,1,politico,UCR,1
Q22329411,Eduardo Valdés,Eduardo Félix Valdés,Partido Justicialista,,,5,politico,PJ,5
Q22329411,Eduardo Valdés,Eduardo Valdes,Partido Justicialista,,,5,politico,PJ,5
Q5663147,Alberto Iribarne,Alberto Juan Bautista Iribarne,Partido Justicialista,,,4,politico,PJ,4
Q9025171,Luis Lusquiños,Luis Bernardo Lusquinos,Partido Justicialista,,,7,politico,PJ,7
Q9025171,Luis Lusquiños,Luis Bernardo Lusquiños,Partido Justicialista,,,7,politico,PJ,7
Q9025171,Luis Lusquiños,Luis Lusquinos,Partido Justicialista,,,7,politico,PJ,7
Q9025171,Luis Lusquiños,Lusquinos,Partido Justicialista,,,7,politico,PJ,7
Q9025171,Luis Lusquiños,Lusquiños,Partido Justicialista,,,7,politico,PJ,7
Q96625102,Guillermo Almeyra Casares,Guillermo Marcelo Almeyra Casares,Partido Operário Revolucionário Trotskista,,,1,politico,Izquierda,1
Q5663154,Alberto Iturbe,Alberto José Iturbe,Partido Justicialista,,,3,politico,PJ,3
Q16735382,Eduardo Di Cola,,Partido Justicialista,,,3,politico,PJ,3
Q22814800,Germán Kammerath,Germán Luis Kammerath,Unión del Centro Democrático,,,1,politico,Liberalismo,1
Q22075440,Juan Melis,,Partido Justicialista,,,1,politico,PJ,1
Q5783610,Conrado Storani,Conrado Hugo Storani,Unión Cívica Radical,,,3,politico,UCR,3
Q6128415,Silvana Myriam Giudici,,Unión Cívica Radical,,,3,politico,UCR,3
Q6128426,Silvano Santander,,Unión Cívica Radical,,,3,politico,UCR,3
Q4122225,José Alperovich,Jose Alperovich,Partido Justicialista,,,4,politico,PJ,4
Q4122225,José Alperovich,Jose Jorge Alperovich,Partido Justicialista,,,4,politico,PJ,4
Q4122225,José Alperovich,José Jorge Alperovich,Partido Justicialista,,,4,politico,PJ,4
Q21694118,Arturo Goyeneche,Arturo Domingo Goyeneche,Unión Cívica Radical,,,3,politico,UCR,3
Q3754443,Axel Kicillof,,Frente para la Victoria-PJ,,,19,politico,Sin clasificar,19
Q5715314,Aída Ayala,Aida Ayala,Unión Cívica Radical,,,4,politico,UCR,4
Q5715314,Aída Ayala,Aída Beatriz Máxima Ayala,Unión Cívica Radical,,,4,politico,UCR,4
Q125427686,Beltrán Benedit,,La Libertad Avanza,,,1,politico,Liberalismo,1
Q4198981,Héctor Icazuriaga,Hector Icazuriaga,Frente para la Victoria,,,7,politico,PJ,7
Q30243948,Rolando Figueroa,Rolando Ceferino Figueroa,Movimiento Popular Neuquino,,,3,politico,PJ,3
Q5930600,Jesús Rodríguez,Jesus Rodriguez,Unión Cívica Radical,,,5,politico,UCR,5
Q5888898,Guillermo Rothe,,Partido Demócrata (Argentina),,,2,politico,Liberalismo,2
Q108530281,Encarnación Lozano,,Movimiento Popular Neuquino,,,1,politico,PJ,1
Q21856194,Diego Matías Mestre,Diego Matias Mestre,Unión Cívica Radical,,,4,politico,UCR,4
Q21856194,Diego Matías Mestre,Diego Mestre,Unión Cívica Radical,,,4,politico,UCR,4
Q21856181,Hugo María Marcucci,Hugo Marcucci,Unión Cívica Radical,,,1,politico,UCR,1
Q21856181,Hugo María Marcucci,Hugo Maria Marcucci,Unión Cívica Radical,,,1,politico,UCR,1
Q9077444,Silvina García Larraburu,Silvina Garcia Larraburu,Frente para la Victoria,,,5,politico,PJ,5
Q9077444,Silvina García Larraburu,Silvina Marcela Garcia Larraburu,Frente para la Victoria,,,5,politico,PJ,5
Q9077444,Silvina García Larraburu,Silvina Marcela García Larraburu,Frente para la Victoria,,,5,politico,PJ,5
Q5663202,Alberto Kohan,Alberto Antonio Kohan,Partido Justicialista,,,2,politico,PJ,2
Q6014188,Miguel Culaciati,Miguel Juan Culaciati,Unión Cívica Radical,,,1,politico,UCR,1
Q5955545,Julio Moreno,,Unión Cívica Radical,,,2,politico,UCR,2
Q16490246,Carlos Aldo Mujica,,Partido Justicialista,,,2,politico,PJ,2
Q5750652,Carlos Javier Regazzoni,,Propuesta Republicana,,,3,politico,PRO,3
Q21856053,Karina Banfi,,Unión Cívica Radical,,,3,politico,UCR,3
Q6309352,Julio Irazusta,,Liga Republicana,,,6,politico,Sin clasificar,6
Q2133298,José Ignacio García Hamilton,Jose Ignacio Garcia Hamilton,Unión Cívica Radical,,,5,politico,UCR,5
Q6068146,Pedro Antonio Echagüe,Pedro Antonio Echague,Partido Autonomista Nacional,,,3,politico,Liberalismo,3
Q6429297,Emilio Mihura,,Unión Cívica Radical,,,3,politico,UCR,3
Q137997829,Marcial Candioti,Marcial Rafael Candioti,Partido Autonomista Nacional,,,2,politico,Liberalismo,2
Q23291450,Raquel Butazzoni,,Partido Justicialista,,,1,politico,PJ,1
Q19921378,Gustavo Oliva,,Frente para la Victoria,,,0,politico,PJ,0
Q5698684,Antonio J. Benítez,Antonio J. Benitez,Unión Cívica Radical,,,5,politico,UCR,5
Q5936216,Jorge Vanossi,Jorge Reinaldo Vanossi,Unión Cívica Radical,,,3,politico,UCR,3
Q16490999,Claudio Arrechea,,Partido Justicialista,,,1,politico,PJ,1
Q21856221,Héctor Enrique Olivares,Hector Enrique Olivares,Unión Cívica Radical,,,6,politico,UCR,6
Q11686967,Justo Páez Molina,Justo Paez Molina,Unión Cívica Radical,,,2,politico,UCR,2
Q5888526,Guillermo Eugenio Snopek,,Partido Justicialista,,,2,politico,PJ,2
Q6068223,Pedro Azcoiti,,Unión Cívica Radical,,,2,politico,UCR,2
Q5749940,Carlos Campolongo,Carlos Manuel Campolongo,Partido Justicialista,,,1,politico,PJ,1
Q7376501,Rubén Marín,Ruben Hugo Marin,Partido Justicialista,,,5,politico,PJ,5
Q7376501,Rubén Marín,Rubén Hugo Marín,Partido Justicialista,,,5,politico,PJ,5
Q7376501,Rubén Marín,Ruben Marin,Partido Justicialista,,,5,politico,PJ,5
Q5994123,Manuel Quindimil,,Partido Justicialista,,,2,politico,PJ,2
Q5997861,Mariano Narodowski,,Propuesta Republicana,,,2,politico,PRO,2
Q5830024,Elsa Quiroz,Elsa Siria Quiroz,Coalición Cívica ARI,,,2,politico,UCR,2
Q18223411,Francisco Javier González,Francisco Javier Gonzalez,Partido Justicialista,,,1,politico,PJ,1
Q46737181,Lorenzo Soler (político),Lorenzo Soler,Unión Cívica Radical Junta Renovadora - Peronismo,,,1,politico,Sin clasificar,1
Q5689607,Ernesto Aráoz,Ernesto Araoz,Unión Cívica Radical Antipersonalista,,,3,politico,UCR,3
Q22115562,Alberto Cavero,Alberto Gregorio Cavero,Partido Justicialista,,,1,politico,PJ,1
Q47117877,Juan Manuel Lopez,Juan Manuel López,Coalición Cívica ARI,,,3,politico,UCR,3
Q75076,Santiago Llaver,Llaver,Unión Cívica Radical del Pueblo,,,5,politico,UCR,5
Q75076,Santiago Llaver,Santiago Felipe Llaver,Unión Cívica Radical del Pueblo,,,5,politico,UCR,5
Q5751429,Carlos Quintana (dirigente gremial),Teodoro Carlos Quintana,Frente para la Victoria,,,2,politico,PJ,2
Q63960156,Javier Arturo Mor Roig,,Coalición Cívica ARI,,,0,politico,UCR,0
Q6117776,Salvador Sallarés,Salvador Sallares,Unión Cívica Radical,,,1,politico,UCR,1
Q22004331,Eugenio Burzaco,,Propuesta Republicana,,,2,politico,PRO,2
Q7376526,Rubén Rabanal,Ruben Rabanal,Unión Cívica Radical del Pueblo,,,3,politico,UCR,3
Q7290505,Ramón José Cárcano,Cárcano,Partido Demócrata (Argentina),,,6,politico,Liberalismo,6
Q4838093,Sergio Urribarri,Sergio Daniel Urribarri,Frente para la Victoria,,,4,politico,PJ,4
Q23038119,Sebastián Galmarini,Patito,Partido Justicialista,,,1,politico,PJ,1
Q23038119,Sebastián Galmarini,Sebastian Galmarini,Partido Justicialista,,,1,politico,PJ,1
Q5616293,Guillermo Vargas Aignasse,,Partido Justicialista,,,2,politico,PJ,2
Q8205992,Arturo Mor Roig,Mor Roig,Unión Cívica Radical,,,4,politico,UCR,4
Q21856293,Gustavo Valdés,Gustavo Adolfo Valdés,Unión Cívica Radical,,,4,politico,UCR,4
Q107209202,Victoria Tolosa Paz,,Partido Justicialista,,,3,politico,PJ,3
Q16599839,Mario Paradelo,,Unión Cívica Radical,,,1,politico,UCR,1
Q29071558,Alberto Brito Lima,,Juventud Peronista,,,1,politico,PJ,1
Q16913151,Sandra Mendoza,Sandra Marcela Mendoza,Partido Justicialista,,,5,politico,PJ,5
Q908305,Domingo Cavallo,Domingo Felipe Cavallo,Acción por la República,,,18,politico,Liberalismo,18
Q908305,Domingo Cavallo,Felipe Cavallo,Acción por la República,,,18,politico,Liberalismo,18
Q5998811,Mario Losada,Mario Anibal Losada,Unión Cívica Radical,,,4,politico,UCR,4
Q5998811,Mario Losada,Mario Aníbal Losada,Unión Cívica Radical,,,4,politico,UCR,4
Q4838179,Eduardo Fellner,Eduardo Alfredo Fellner,Frente para la Victoria,,,4,politico,PJ,4
Q6277643,Jorge Altamira,Jose Saul Wermus,Política Obrera,,,7,politico,Izquierda,7
Q6277643,Jorge Altamira,José Saúl Wermus,Política Obrera,,,7,politico,Izquierda,7
Q5671518,Amado Sapag,,Movimiento Popular Neuquino,,,2,politico,PJ,2
Q18715134,Jacobo Alberto Abrameto,,Unión Cívica Radical,,,1,politico,UCR,1
Q123102448,José Agustín Ferreyra,,Partido Demócrata de Córdoba,,,1,politico,Liberalismo,1
Q3359999,Pablo Rodríguez,Pablo Rodriguez,Partido Liberal de Canadá,,,9,politico,Sin clasificar,9
Q18711932,Carmen Lucila Crexell,Lucila Crexell,Movimiento Popular Neuquino,,,3,politico,PJ,3
Q3983875,Teodoro Bronzini,Bronzini,Partido Socialista,,,4,politico,PS,4
Q604553,Antonio Ubaldo Rattín,Antonio Rattin,Partido Unidad Federalista,,,24,politico,Sin clasificar,24
Q604553,Antonio Ubaldo Rattín,Antonio Rattín,Partido Unidad Federalista,,,24,politico,Sin clasificar,24
Q604553,Antonio Ubaldo Rattín,Antonio Ubaldo Rattin,Partido Unidad Federalista,,,24,politico,Sin clasificar,24
Q604553,Antonio Ubaldo Rattín,Rattín,Partido Unidad Federalista,,,24,politico,Sin clasificar,24
Q77983732,Daniel Passerini,Daniel Alejandro Passerini,Partido Justicialista,,,1,politico,PJ,1
Q21856278,Guillermo Snopek,Guillermo Eugenio Mario Snopek,Partido Justicialista,,,4,politico,PJ,4
Q5367308,Elpidio González,Elpidio Gonzalez,Unión Cívica Radical,,,7,politico,UCR,7
Q107124548,Antonio de la Rúa,,Unión Cívica Radical,,,1,politico,UCR,1
Q3186387,José Zavalía,Jose Luis Zavalia,Unión Cívica Radical,,,4,politico,UCR,4
Q3186387,José Zavalía,Jose Luis Zavalía,Unión Cívica Radical,,,4,politico,UCR,4
Q3186387,José Zavalía,Jose Luís Zavalia,Unión Cívica Radical,,,4,politico,UCR,4
Q3186387,José Zavalía,José Luis Zavalia,Unión Cívica Radical,,,4,politico,UCR,4
Q3186387,José Zavalía,José Luis Zavalía,Unión Cívica Radical,,,4,politico,UCR,4
Q3186387,José Zavalía,José Luís Zavalia,Unión Cívica Radical,,,4,politico,UCR,4
Q3186387,José Zavalía,Jose Zavalia,Unión Cívica Radical,,,4,politico,UCR,4
Q3186387,José Zavalía,Jose Zavalía,Unión Cívica Radical,,,4,politico,UCR,4
Q3186387,José Zavalía,José Zavalia,Unión Cívica Radical,,,4,politico,UCR,4
Q5949272,Juan Erwin Bolívar Acuña Kunz,,Unión Cívica Radical,,,3,politico,UCR,3
Q6097606,Rafael Martínez Raymonda,Rafael Martinez Raymonda,Partido Demócrata Progresista,,,2,politico,Liberalismo,2
Q1566440,Fabián Ríos,Fabian Rios,Partido Justicialista,,,5,politico,PJ,5
Q5750070,Carlos Corach,Carlos Vladimiro Corach,Partido Justicialista,,,6,politico,PJ,6
Q22115664,Bernabé Arnaudo,Bernabe Arnaudo,Partido Justicialista,,,2,politico,PJ,2
Q2918605,Manuel Domecq García,Manuel Domecq Garcia,Unión Cívica Radical Antipersonalista,,,4,politico,UCR,4
Q64081952,Ramón Alberto Simón,,Partido Liberal de Corrientes,,,0,politico,Liberalismo,0
Q6108110,Ricardo Cuccovillo,Ricardo Oscar Cuccovillo,Partido Socialista,,,2,politico,PS,2
Q6108248,Ricardo Jaime,,Frente para la Victoria,,,4,politico,PJ,4
Q17623699,Néstor Ahuad,Nestor Ahuad,Partido Justicialista,,,2,politico,PJ,2
Q17623699,Néstor Ahuad,Néstor Enrique Rufino Ahuad,Partido Justicialista,,,2,politico,PJ,2
Q5942474,José Mario Fallótico,Jose Mario Fallotico,Unión Cívica Radical,,,1,politico,UCR,1
Q5950067,Juan Isaac Cooke,,Unión Cívica Radical,,,3,politico,UCR,3
Q136108826,Pablo Domenichini,,Unión Cívica Radical,,,3,politico,UCR,3
Q64336286,Alejandro Pablo Armendáriz,,Unión Celeste y Blanco,,,0,politico,Sin clasificar,0
Q7161161,Pelagio Luna,Pelagio Baltasar Luna,Unión Cívica Radical,,,6,politico,UCR,6
Q16190258,Gabriela Cerrano,,Partido Obrero,,,1,politico,Izquierda,1
Q15131590,Ildefonso Cavagna Martínez,Ildefonso Cavagna Martinez,Partido Justicialista,,,2,politico,PJ,2
Q15131590,Ildefonso Cavagna Martínez,Ildefonso Félix Cavagna Martínez,Partido Justicialista,,,2,politico,PJ,2
Q113304926,Raquel Krakover,Raquel Zulema Krakover,Juntos por el Cambio,,,0,politico,PRO,0
Q16190433,Cintia Frencia,,Partido Obrero,,,1,politico,Izquierda,1
Q125385055,Belén Avico,Maria Belen Avico,Propuesta Republicana,,,1,politico,PRO,1
Q9094417,Virginia Linares,Maria Virginia Linares,Generación para un Encuentro Nacional,,,3,politico,PS,3
Q9094417,Virginia Linares,María Virginia Linares,Generación para un Encuentro Nacional,,,3,politico,PS,3
Q5971596,Laura Alonso,,Propuesta Republicana,,,4,politico,PRO,4
Q5667299,Andrés Larroque,Andres Larroque,Frente para la Victoria,,,4,politico,PJ,4
Q135509440,Gary Vila Ortiz,Alberto Carlos Casiano Vila Ortiz,Partido Demócrata Progresista,,,0,politico,Liberalismo,0
Q135509440,Gary Vila Ortiz,A.C. Vila Ortíz,Partido Demócrata Progresista,,,0,politico,Liberalismo,0
Q135509440,Gary Vila Ortiz,Alberto C. Vila Ortíz,Partido Demócrata Progresista,,,0,politico,Liberalismo,0
Q135509440,Gary Vila Ortiz,Casiano Morteo,Partido Demócrata Progresista,,,0,politico,Liberalismo,0
Q5818949,Eduardo Alderete,Eduardo Huáscar Alderete,Partido Justicialista,,,1,politico,PJ,1
Q5866452,Francisco Julián Beazley,Francisco Julian Beazley,Unión Cívica Nacional,,,2,politico,UCR,2
Q124415492,Florencia de Sensi,Maria Florencia De Sensi,Propuesta Republicana,,,2,politico,PRO,2
Q7357213,Rodolfo Terragno,Terragno,Unión Cívica Radical,,,7,politico,UCR,7
Q9095302,Víctor Hugo Vilhem,Victor Hugo Vilhem,Frente para la Victoria,,,1,politico,PJ,1
Q16589675,Laura Montero,Laura Gisela Montero,Unión Cívica Radical,,,3,politico,UCR,3
Q5947695,Juan Bautista Bascary,Juan Bautista Bascary Esteves,Unión Cívica Radical,,,1,politico,UCR,1
Q18759139,Lázaro Chiappe,"Lázaro ""Moto"" Chiape",Partido Liberal de Corrientes,,,2,politico,Liberalismo,2
Q18759139,Lázaro Chiappe,Lazaro Alberto Chiappe,Partido Liberal de Corrientes,,,2,politico,Liberalismo,2
Q18759139,Lázaro Chiappe,Lázaro Alberto Chiappe,Partido Liberal de Corrientes,,,2,politico,Liberalismo,2
Q19897814,Eduardo Cáceres,Eduardo  Caceres,Propuesta Republicana,,,2,politico,PRO,2
Q19897814,Eduardo Cáceres,Eduardo Augusto Cáceres Giménez,Propuesta Republicana,,,2,politico,PRO,2
Q17177501,Pablo Echenique,Panfleto tu x14 + Fraude tu x4,Podemos,,,17,politico,Sin clasificar,17
Q6101056,Raúl Barón Biza,Raul Baron Biza,Unión Cívica Radical,,,2,politico,UCR,2
Q47141983,Marcela Campagnoli,,Coalición Cívica ARI,,,3,politico,UCR,3
Q1280001,Luis Juez,Luis Alfredo Juez,Frente Cívico de Córdoba,,,7,politico,UCR,7
Q518850,Alicia Moreau de Justo,Alicia M De Justo,Partido Socialista,,,26,politico,PS,26
Q518850,Alicia Moreau de Justo,Alicia M. De Justo,Partido Socialista,,,26,politico,PS,26
Q518850,Alicia Moreau de Justo,Alicia Moreau,Partido Socialista,,,26,politico,PS,26
Q518850,Alicia Moreau de Justo,Moreau de Justo,Partido Socialista,,,26,politico,PS,26
Q5857798,Federico Polak,Federico Gabriel Polak,desarrollismo,,,2,politico,PS,2
Q16302727,Rodolfo Urtubey,Rodolfo Julio Urtubey,Frente para la Victoria,,,2,politico,PJ,2
Q6303405,Judith Forstmann,Selva Judith Forstmann,Frente para la Victoria,,,4,politico,PJ,4
Q115671935,Alfredo J. Torcelli,,Partido Socialista,,,2,politico,PS,2
Q17364231,Luis María Cassoni,Luis Maria Cassoni,Unión Cívica Radical,,,3,politico,UCR,3
Q5731950,Bonifacio Cejuela,,Partido Demócrata de Mendoza,,,1,politico,Liberalismo,1
Q2832959,Roberto Lavagna,,Partido Justicialista,,,13,politico,PJ,13
Q7322654,Ricardo Gil Lavedra,Gil Lavedra,Unión Cívica Radical,,,5,politico,UCR,5
Q2918733,Darío Alessandro,Dario Alessandro,Partido Justicialista,,,2,politico,PJ,2
Q60374521,Fernando Nadra,,Partido Comunista,,,5,politico,Izquierda,5
Q112634148,Félix Nazar,Félix Antonio Nazar,Partido Justicialista,,,2,politico,PJ,2
Q124527724,Nicolás Emma,Nicolas Mario Emma,Partido Libertario,,,2,politico,Liberalismo,2
Q7105853,Oscar Alende,Oscar Eduardo Alende,Unión Cívica Radical,,,6,politico,UCR,6
Q5042686,Carlos Sylvestre Begnis,Carlos Begnis,Unión Cívica Radical,,,3,politico,UCR,3
Q57584346,Hernán Lacunza,Jorge Roberto Hernán Lacunza,Propuesta Republicana,,,5,politico,PRO,5
Q21856292,Paula Marcela Urroz,,Unión por Todos,,,3,politico,Sin clasificar,3
Q9054826,Palito Ortega,Ramon Ortega,Partido Justicialista,,,10,politico,PJ,10
Q9054826,Palito Ortega,Ramón Ortega,Partido Justicialista,,,10,politico,PJ,10
Q4678283,Ada Mercedes Maza,,Partido Justicialista,,,5,politico,PJ,5
Q5994167,Manuel Ramón Alvarado,Manuel Ramon Alvarado,Partido Demócrata (Argentina),,,2,politico,Liberalismo,2
Q2879101,Eduardo Macaluse,Eduardo Gabriel Macaluse,Solidaridad e Igualdad,,,3,politico,Sin clasificar,3
Q5868344,Franco Caviglia,Franco Agustín Caviglia,Partido Justicialista,,,2,politico,PJ,2
Q5729804,Blanca Monllau,Blanca María del Valle Monllau,Unión Cívica Radical,,,2,politico,UCR,2
Q110389891,Carlos Alberto Fernández,Carlitos Fernández,Partido de la Concordia Social,,,1,politico,PJ,1
Q6108028,Ricardo Biazzi,Ricardo Roberto Biazzi,Partido Justicialista,,,1,politico,PJ,1
Q981624,Hermes Binner,Hermes Juan Binner,Partido Socialista,,,10,politico,PS,10
Q5749896,Carlos Brown,,Partido Justicialista,,,2,politico,PJ,2
Q6053778,Oscar Camilión,Oscar Camilion,Partido Justicialista,,,7,politico,PJ,7
Q133854029,María Hesain,,Partido Justicialista,,,1,politico,PJ,1
Q6115964,Rómulo Naón,Romulo Naon,Unión Cívica Radical,,,4,politico,UCR,4
Q6115964,Rómulo Naón,Rómulo Sebastian Naón,Unión Cívica Radical,,,4,politico,UCR,4
Q6115964,Rómulo Naón,Rómulo Sebastián Naón,Unión Cívica Radical,,,4,politico,UCR,4
Q72707787,Ricardo Quintela,Ricardo Clemente Quintela,Partido Justicialista,,,3,politico,PJ,3
Q5791375,Cristian Popovich,,Partido Justicialista,,,1,politico,PJ,1
Q124571320,Jorge Antonio Avila,,Partido Justicialista,,,1,politico,PJ,1
Q111481670,Marilú Quiroz,,Propuesta Republicana,,,2,politico,PRO,2
Q111481676,María Sotolano,,Propuesta Republicana,,,2,politico,PRO,2
Q21075018,Oscar Smith,,Partido Justicialista,,,1,politico,PJ,1
Q122850647,Eugenia Alianiello,María Eugenia Alianiello,Partido Justicialista,,,2,politico,PJ,2
Q98815118,Julio Alegre,,Unión Cívica Radical,,,1,politico,UCR,1
Q5937328,José Adrián Pérez,Jose Adrian Perez,Coalición Cívica ARI,,,3,politico,UCR,3
Q5650692,Jorge Federico Sabato,,Unión Cívica Radical,,,1,politico,UCR,1
Q18920538,Eduardo Accastello,Eduardo Luis Accastello,Partido Justicialista,,,3,politico,PJ,3
Q5995900,Marcelo Ramal,Marcelo Armando Ramal,Política Obrera,,,4,politico,Izquierda,4
Q21402515,Luis Emilio Acuña,,Partido Justicialista,,,1,politico,PJ,1
Q5935055,Jorge Ferraresi,Jorge Horacio Ferraresi,Partido Justicialista,,,3,politico,PJ,3
Q7051703,Norma Elena Morandini,Norma Morandini,"Partido Nuevo contra la Corrupción, por la Honestidad y la Transparencia",,,4,politico,PS,4
Q5901869,Horacio Ferreyra,,Partido Demócrata de Córdoba,,,1,politico,Liberalismo,1
Q16584491,Juan Carlos Zabalza,,Partido Socialista,,,2,politico,PS,2
Q60242500,Gustavo Lopetegui,,Cambiemos,,,2,politico,PRO,2
Q1710644,Juan Schiaretti,,Partido Justicialista,,,8,politico,PJ,8
Q5042783,Carlos Washington Lencinas,Carlos W Lencinas,Unión Cívica Radical,,,4,politico,UCR,4
Q5042783,Carlos Washington Lencinas,Carlos W. Lencinas,Unión Cívica Radical,,,4,politico,UCR,4
Q5667972,Carlos J. Rodríguez,Carlos J. Rodriguez,Unión Cívica Radical,,,2,politico,UCR,2
Q5996749,Marcos Zeida,,Partido Comunista Paraguayo,,,2,politico,Sin clasificar,2
Q6108116,Ricardo César Guardo,Ricardo Cesar Guardo,Partido Justicialista,,,4,politico,PJ,4
Q5888980,Guillermo Udaondo,,Unión Cívica,,,2,politico,UCR,2
Q18286673,Blas Benjamín de la Vega,Blas Benjamin de la Vega,Unión Cívica Radical,,,1,politico,UCR,1
Q23411111,Albor Cantard,,Unión Cívica Radical,,,3,politico,UCR,3
Q42432799,Adolfo Rubinstein,Adolfo Luis Rubinstein,Unión Cívica Radical,,,2,politico,UCR,2
Q5948020,Juan C. Beni,Juan Carlos Eduardo Beni,Partido Justicialista,,,1,politico,PJ,1
Q6053865,Oscar Félix González,Oscar Felix Gonzalez,Partido Justicialista,,,2,politico,PJ,2
Q125396636,Lisandro Almirón,,Unión Celeste y Blanco,,,1,politico,Sin clasificar,1
Q123250027,Juliana Santillán,,La Libertad Avanza,,,2,politico,Liberalismo,2
Q5813353,Donato Latella Frías,Donato Latella Frias,Unión Cívica Radical,,,1,politico,UCR,1
Q19358380,Joaquín de la Torre,Joaquin de la Torre,Cambiemos,,,2,politico,PRO,2
Q20090781,Juan Carlos Giordano,,Izquierda Socialista,,,3,politico,Izquierda,3
Q5750328,Carlos Ferraro,Carlos Alfonso Ferraro,Partido Justicialista,,,3,politico,PJ,3
Q56887517,Augusto Conte Mac Donell,,Partido Demócrata Cristiano,,,3,politico,Liberalismo,3
Q26996221,Rodolfo Miguel Parente,,Unión Cívica Radical,,,1,politico,UCR,1
Q24091224,Luis Eduardo García,Luis Eduardo Garcia,Unión Cívica Radical,,,1,politico,UCR,1
Q108791277,Luis Picat,Luis Albino Picat,Unión Cívica Radical,,,1,politico,UCR,1
Q7357722,Rogelio Frigerio,Rogelio Julio Frigerio,Unión Cívica Radical Intransigente,,,9,politico,UCR,9
Q18711084,Néstor Perl,Nestor Perl,Partido Justicialista,,,3,politico,PJ,3
Q5668780,Alicia Mabel Ciciliani,,Partido Socialista,,,3,politico,PS,3
Q5857540,Federico Cantoni,,Unión Cívica Radical,,,1,politico,UCR,1
Q6101285,Raúl Lucio Uranga,Raul Lucio Uranga,Unión Cívica Radical,,,3,politico,UCR,3
Q16494009,Manuel Cáceres,Manuel Caceres,Unión Cívica Radical,,,2,politico,UCR,2
Q33126465,Franco La Porta,,Frente de Todos,,,1,politico,PJ,1
Q22115942,Fernando Martín Lobo,Fernando Martin Lobo,Partido Justicialista,,,2,politico,PJ,2
Q7357213,Rodolfo Terragno,Rodolfo H Terragno,Unión Cívica Radical,,,7,politico,UCR,7
Q7357213,Rodolfo Terragno,Rodolfo H. Terragno,Unión Cívica Radical,,,7,politico,UCR,7
Q30111728,Nicolás Eduardo Becerra,Nicolas Eduardo Becerra,Partido Justicialista,,,2,politico,PJ,2
Q23942817,Federico Fernández de Monjardín,Federico Fernandez de Monjardin,Unión Cívica Radical,,,2,politico,UCR,2
Q452112,Amado Boudou,,Partido Justicialista,,,25,politico,PJ,25
Q604553,Antonio Ubaldo Rattín,Rattin,Partido Unidad Federalista,,,24,politico,Sin clasificar,24
Q18814842,Edgardo Grosso,Edgardo R. Grosso,Unión Cívica Radical,,,1,politico,UCR,1
Q18814842,Edgardo Grosso,Edgardo Roger Miguel Grosso,Unión Cívica Radical,,,1,politico,UCR,1
Q20925368,Manuel Vicente Ordóñez,Manuel V. Ordóñez,Partido Demócrata Cristiano,,,3,politico,Liberalismo,3
Q20925368,Manuel Vicente Ordóñez,Manuel Vicente Ordóñez Escudero,Partido Demócrata Cristiano,,,3,politico,Liberalismo,3
Q5668101,Alfredo Cornejo,Alfredo Victor Cornejo,Unión Cívica Radical,,,5,politico,UCR,5
Q5668101,Alfredo Cornejo,Alfredo Víctor Cornejo,Unión Cívica Radical,,,5,politico,UCR,5
Q6109938,Roberto Porretti,,Frente para la Victoria,,,1,politico,PJ,1
Q5992572,Manuel Carlés,Manuel Carles,Unión Cívica Radical,,,3,politico,UCR,3
Q73732105,Tomás Fernández,Tomás Fernández Lorenzo,Partido Justicialista,,,1,politico,PJ,1
Q6053944,Oscar Parrilli,Oscar Isidro Parrilli,Partido Justicialista,,,4,politico,PJ,4
Q5699158,Antonio Mucci,Antonio Paulino Mucci,Unión Cívica Radical,,,3,politico,UCR,3
Q17171286,Danilo Baroni,Danilo Luis Baroni,Partido Justicialista,,,5,politico,PJ,5
Q124415598,Eduardo Falcone,Eduardo Gabriel Falcone,Movimiento de Integración y Desarrollo,,,1,politico,UCR,1
Q62594976,Mercedes Trimarchi,,Izquierda Socialista,,,1,politico,Izquierda,1
Q6053949,Oscar Perassi,Oscar Agustín Perassi,Partido Justicialista,,,1,politico,PJ,1
Q440580,Alicia Kirchner,Alicia Kirchner de Mercado,Partido Justicialista,,,8,politico,PJ,8
Q440580,Alicia Kirchner,Alicia Margarita Antonia Kirchner,Partido Justicialista,,,8,politico,PJ,8
Q440580,Alicia Kirchner,Alicia Margarita Kirchner,Partido Justicialista,,,8,politico,PJ,8
Q41776986,Atilio Francisco Salvador Benedetti,,Unión Cívica Radical,,,3,politico,UCR,3
Q5186335,Cristina Cremer de Busti,Maria Cristina Cremer,Partido Justicialista,,,5,politico,PJ,5
Q5186335,Cristina Cremer de Busti,María Cristina Cremer,Partido Justicialista,,,5,politico,PJ,5
Q5186335,Cristina Cremer de Busti,María Cristina Cremer de Busti,Partido Justicialista,,,5,politico,PJ,5
Q18418787,Raúl Conrado Bevacqua,Raul Conrado Bevacqua,Partido Justicialista,,,1,politico,PJ,1
Q614102,Jorge Sobisch,Jorge Omar Sobisch,Partido Demócrata Cristiano,,,6,politico,Liberalismo,6
Q21601187,Gustavo Santos,,Unión Cívica Radical,,,4,politico,UCR,4
Q4924764,Blanca Osuna,Blanca Ines Osuna,Partido Justicialista,,,4,politico,PJ,4
Q4924764,Blanca Osuna,Blanca Inés Osuna,Partido Justicialista,,,4,politico,PJ,4
Q6293658,José Pampuro,Jose Juan Bautista Pampuro,Frente para la Victoria,,,7,politico,PJ,7
Q6293658,José Pampuro,José Juan Bautista Pampuro,Frente para la Victoria,,,7,politico,PJ,7
Q6293658,José Pampuro,Jose Pampuro,Frente para la Victoria,,,7,politico,PJ,7
Q20015265,Gladys González,Gladys Esther Gonzalez,Propuesta Republicana,,,5,politico,PRO,5
Q20015265,Gladys González,Gladys Gonzalez,Propuesta Republicana,,,5,politico,PRO,5
Q2228648,Saúl Ubaldini,Ubaldini,Partido Justicialista,,,7,politico,PJ,7
Q5760147,Celestino Gelsi,,Unión Cívica Radical,,,4,politico,UCR,4
Q5811990,Diógenes Taboada,Diogenes Taboada,Unión Cívica Radical Antipersonalista,,,3,politico,UCR,3
Q1932735,Miguel Ángel Pichetto,Miguel Angel Pichetto,Partido Justicialista,,,8,politico,PJ,8
Q1932735,Miguel Ángel Pichetto,Miguel Pichetto,Partido Justicialista,,,8,politico,PJ,8
Q1932735,Miguel Ángel Pichetto,Pichetto,Partido Justicialista,,,8,politico,PJ,8
Q12164854,Emilio Belenguer,,Partido Justicialista,,,2,politico,PJ,2
Q27786445,Mirto Lisandro Viale,Lisandro Viale,Partido Intransigente,,,1,politico,Sin clasificar,1
Q64225325,Alejandra Maradona,,Partido Justicialista,,,0,politico,PJ,0
Q51003630,Roberto Salvarezza,RC Salvarezza,Unidad Ciudadana,,,3,politico,PJ,3
Q51003630,Roberto Salvarezza,Roberto Carlos Salvarezza,Unidad Ciudadana,,,3,politico,PJ,3
Q5952457,Juan Sabato,,Unión Cívica Radical,,,1,politico,UCR,1
Q20963008,Américo García,Americo Garcia,Movimiento de Integración y Desarrollo,,,1,politico,UCR,1
Q7931145,Vilma Ibarra,Vilma Lidia Ibarra,Nuevo Encuentro,,,6,politico,Izquierda,6
Q5860064,Fernando Piragine Niveyro,,Unión Cívica Radical,,,3,politico,UCR,3
Q5860194,Fernando Saguier,,Unión Cívica Radical,,,2,politico,UCR,2
Q16543410,Carlos Raimundi,Carlos Alberto Raimundi,Unión Cívica Radical,,,2,politico,UCR,2
Q121202695,Domingo José Taraborelli,Domingo Taraborelli,Partido Justicialista,,,1,politico,PJ,1
Q20012995,Alfredo Olmedo,Alfredo  Horacio Olmedo,Propuesta Republicana,,,5,politico,PRO,5
Q20012995,Alfredo Olmedo,Alfredo Horacio Olmedo,Propuesta Republicana,,,5,politico,PRO,5
Q5058463,Celso Jaque,Celso Alejandro Jaque,Partido Justicialista,,,4,politico,PJ,4
Q5489320,Luis Falco,Luis Alberto Falcó,Unión Cívica Radical,,,3,politico,UCR,3
Q939324,Gustavo Rearte,,Partido Justicialista,,,2,politico,PJ,2
Q63342207,María Isabel Gainza,,Coalición Cívica ARI,,,0,politico,UCR,0
Q26201864,Alejandro Giavarini,Alejandro Bautista Giavarini,Partido Justicialista,,,1,politico,PJ,1
Q6382689,Alfredo Ferraresi,Alfredo Luis Ferraresi,Partido Justicialista,,,1,politico,PJ,1
Q5942329,José Manuel Saravia (intendente),,Partido Autonomista Nacional,,,1,politico,Liberalismo,1
Q110989844,Magda Ciles Luciana Ayala,Magda Ayala,Partido Justicialista,,,2,politico,PJ,2
Q60179865,Rubén Chebaia,,Unión Cívica Radical,,,2,politico,UCR,2
Q18222691,Adolfo Contte,,Partido Liberal de Corrientes,,,2,politico,Liberalismo,2
Q135509440,Gary Vila Ortiz,Nicanor Pérez,Unión Cívica Radical,,,0,politico,UCR,0
Q9016431,Juliana di Tullio,Juliana Di Tullio,Frente para la Victoria,,,5,politico,PJ,5
Q47145575,Hugo Orlando Infante,,Frente Cívico por Santiago,,,1,politico,Sin clasificar,1
Q16584473,Juan Carlos Pezoa,,Partido Justicialista,,,2,politico,PJ,2
Q32249562,Nathalia González Seligra,Nathalia Ines Gonzalez Seligra,Partido de los Trabajadores Socialistas,,,3,politico,PS,3
Q32249562,Nathalia González Seligra,Nathalia Inés González Seligra,Partido de los Trabajadores Socialistas,,,3,politico,PS,3
Q6850425,Milagro Sala,Milagro Amalia Ángela Sala,Frente para la Victoria,,,10,politico,PJ,10
Q6850425,Milagro Sala,Milagro Salas,Frente para la Victoria,,,10,politico,PJ,10
Q6850425,Milagro Sala,Milagros Sala,Frente para la Victoria,,,10,politico,PJ,10
Q6850425,Milagro Sala,Milagros Salas,Frente para la Victoria,,,10,politico,PJ,10
Q16942293,Nicasio Juan Sánchez Toranzo,Nicasio Juan Sanchez Toranzo,Partido Justicialista,,,3,politico,PJ,3
Q16942293,Nicasio Juan Sánchez Toranzo,Nicasio Sánchez Toranzo,Partido Justicialista,,,3,politico,PJ,3
Q5391465,Waldino Suárez,Waldino Suarez,Partido Laborista,,,1,politico,PJ,1
Q7121785,Pablo Verani,,Unión Cívica Radical,,,5,politico,UCR,5
Q6782046,María Laura Leguizamón,Maria Laura Leguizamon,Frente para la Victoria,,,6,politico,PJ,6
Q6782046,María Laura Leguizamón,Maria Laura Leguizamón,Frente para la Victoria,,,6,politico,PJ,6
Q6782046,María Laura Leguizamón,María Laura Leguizamon,Frente para la Victoria,,,6,politico,PJ,6
Q6782046,María Laura Leguizamón,Maria Leguizamon,Frente para la Victoria,,,6,politico,PJ,6
Q6782046,María Laura Leguizamón,Maria Leguizamón,Frente para la Victoria,,,6,politico,PJ,6
Q6782046,María Laura Leguizamón,María Leguizamon,Frente para la Victoria,,,6,politico,PJ,6
Q6782046,María Laura Leguizamón,María Leguizamón,Frente para la Victoria,,,6,politico,PJ,6
Q108540628,Ricardo Antonio Guerra,Ricardo Guerra,Partido Justicialista,,,1,politico,PJ,1
Q5042309,Carlos Mac Allister,Carlos Javier Mac Allister,Propuesta Republicana,,,11,politico,PRO,11
Q20925368,Manuel Vicente Ordóñez,Manuel Ordóñez,Partido Demócrata Cristiano,,,3,politico,Liberalismo,3
Q4444918,Facundo Suárez,Facundo Suarez,Unión Cívica Radical,,,5,politico,UCR,5
Q5042309,Carlos Mac Allister,Colorado Mac Allister,Propuesta Republicana,,,11,politico,PRO,11
Q5361193,Elio Roca,Roberto Orlando Bracone Macceialli,Partido Justicialista,,,6,politico,PJ,6
Q16622751,Prudencio Bustos Argañarás,,Unión del Centro Democrático,,,1,politico,Liberalismo,1
Q2126959,Rafael Lascalea,,Partido Justicialista,,,2,politico,PJ,2
Q4122243,Juan Manuel Urtubey,,Partido Justicialista,,,6,politico,PJ,6
Q4137510,José Luis Gioja,Jose Luis Gioja,Frente para la Victoria,,,5,politico,PJ,5
Q4122381,Luis Beder Herrera,,Partido Justicialista,,,4,politico,PJ,4
Q1516697,Alfredo Gómez Morales,Alfredo Gomez Morales,Partido Justicialista,,,3,politico,PJ,3
Q5944403,José Orlando Cáceres,Jose Orlando Caceres,Frente para la Victoria,,,1,politico,PJ,1
Q20898197,Daniel Salvador,Daniel Marcelo Salvador,Unión Cívica Radical,,,2,politico,UCR,2
Q5651750,Cecilia Felgueras,,Unión Cívica Radical,,,4,politico,UCR,4
Q1263181,Hernán Lorenzino,Hernan Lorenzino,Frente para la Victoria,,,5,politico,PJ,5
Q6300311,Juan Manuel Cafferata,Juan Cafferata,Partido Autonomista Nacional,,,3,politico,Liberalismo,3
Q16297359,Cayetana Álvarez de Toledo Peralta-Ramos,Cayetana Alvarez de Toledo,Partido Popular,,,17,politico,Sin clasificar,17
Q16297359,Cayetana Álvarez de Toledo Peralta-Ramos,Cayetana Álvarez de Toledo,Partido Popular,,,17,politico,Sin clasificar,17
Q21856262,Matías David Rodríguez,Matías Rodríguez,Partido Justicialista,,,4,politico,PJ,4
Q5951893,Juan Pablo de Jesús,Juan Pablo de Jesus,Partido Justicialista,,,1,politico,PJ,1
Q2880838,Jorge Enea Spilimbergo,,Partido Comunista,,,5,politico,Izquierda,5
Q226053,Félix Luna,Falucho Luna,Unión Cívica Radical,,,12,politico,UCR,12
Q226053,Félix Luna,Felix Luna,Unión Cívica Radical,,,12,politico,UCR,12
Q21856150,Alejandro Ariel Grandinetti,Alejandro Grandinetti,Frente Renovador,,,1,politico,PJ,1
Q26879643,Jorge de la Torre,,Partido Demócrata (Argentina),,,1,politico,Liberalismo,1
Q7366791,Roque Benjamín Fernández,Roque Benjamin Fernandez,Partido Justicialista,,,5,politico,PJ,5
Q7366791,Roque Benjamín Fernández,Roque Benjamin Fernández,Partido Justicialista,,,5,politico,PJ,5
Q7366791,Roque Benjamín Fernández,Roque Benjamín Fernandez,Partido Justicialista,,,5,politico,PJ,5
Q7366791,Roque Benjamín Fernández,Roque Fernandez,Partido Justicialista,,,5,politico,PJ,5
Q7366791,Roque Benjamín Fernández,Roque Fernández,Partido Justicialista,,,5,politico,PJ,5
Q19936193,Q19936193,,Q69961536,,,6,politico,Sin clasificar,6
Q7106223,Oscar Raúl Aguad,Oscar Aguad,Unión Cívica Radical,,,6,politico,UCR,6
Q7106223,Oscar Raúl Aguad,Oscar Raul Aguad,Unión Cívica Radical,,,6,politico,UCR,6
Q21856174,Daniel Andrés Lipovetzky,Daniel Andres Lipovetzky,Propuesta Republicana,,,3,politico,PRO,3
Q21856174,Daniel Andrés Lipovetzky,Daniel Lipovetzky,Propuesta Republicana,,,3,politico,PRO,3
Q28663935,Carlos Adrogué,,Unión Cívica Radical,,,1,politico,UCR,1
Q3330072,Rafael Palacios,Rafa Palacios,Bloque por Asturies,,,3,politico,Sin clasificar,3
Q4723723,Alfredo Bravo,Alfredo Pedro Bravo,Partido Socialista,,,4,politico,PS,4
Q17612317,Ricardo Jaime del Val,,Partido Justicialista,,,2,politico,PJ,2
Q5857874,Federico Storani,Federico Teobaldo Manuel Storani,Unión Cívica Radical,,,4,politico,UCR,4
Q16300626,Pablo Ferreyra,Pablo Ricardo Ferreyra,Partido Obrero,,,2,politico,Izquierda,2
Q5944444,José Ottavis,Jose Ottavis,Frente para la Victoria,,,1,politico,PJ,1
Q12969,Jacques Cheminade,,Solidaridad y progreso,,,30,politico,Sin clasificar,30
Q125761085,Mariano Campero,,Unión Cívica Radical,,,1,politico,UCR,1
Q5371946,Emilio Solanet,,Unión Cívica Radical,,,2,politico,UCR,2
Q7944689,Víctor Marchesini,Victor Marchesini,Unión Cívica Radical,,,3,politico,UCR,3
Q98961061,Norberto García Silva,,Unión Cívica Radical,,,1,politico,UCR,1
Q4815668,Athos Fava,,Partido Comunista,,,3,politico,Izquierda,3
Q96152030,Carlos Ferraris,Carlos Martín Ferraris,Partido Justicialista,,,1,politico,PJ,1
Q7030362,Nicolás Fernández,Nicolas Alejandro Fernandez,Partido Justicialista,,,4,politico,PJ,4
Q7030362,Nicolás Fernández,Nicolás Alejandro Fernández,Partido Justicialista,,,4,politico,PJ,4
Q5812904,Domingo Salaberry,,Unión Cívica Radical,,,3,politico,UCR,3
Q21856172,Luciano Andrés Laspina,Luciano Andres Laspina,Propuesta Republicana,,,4,politico,PRO,4
Q21856172,Luciano Andrés Laspina,Luciano Laspina,Propuesta Republicana,,,4,politico,PRO,4
Q16334670,Emilio Cuccarese,,Partido Justicialista,,,1,politico,PJ,1
Q4713147,Alcira Argumedo,Alcira Susana Argumedo,Movimiento Proyecto Sur,,,6,politico,Sin clasificar,6
Q5931843,Joaquín Castellanos,Joaquin Castellanos,Unión Cívica Radical,,,4,politico,UCR,4
Q4198981,Héctor Icazuriaga,Icazuriaga,Frente para la Victoria,,,7,politico,PJ,7
Q5407404,Miguel Dante Dovena,,Partido Justicialista,,,1,politico,PJ,1
Q6101140,Raúl Damonte Taborda,,Unión Cívica Radical,,,2,politico,UCR,2
Q2831795,Alberto María Fonrouge,Fonrouge,Partido Justicialista,,,4,politico,PJ,4
Q5982773,Luis Andreotti,Luis Carlos Andreotti,Partido Justicialista,,,1,politico,PJ,1
Q12155082,Adela Segarra,Adela Rosa Segarra,Frente para la Victoria,,,4,politico,PJ,4
Q55453413,Mónica Silvana González,Mónica Silvana,Partido Socialista Obrero Español,,,10,politico,PS,10
Q55453413,Mónica Silvana González,Mónica Silvana González González,Partido Socialista Obrero Español,,,10,politico,PS,10
Q18711344,Norma Egan,Norma Beatriz Egan O' Donnell,Partido Justicialista,,,2,politico,PJ,2
Q21856190,Nicolás María Massot,Nicolas Maria Massot,Propuesta Republicana,,,3,politico,PRO,3
Q21856190,Nicolás María Massot,Nicolas Massot,Propuesta Republicana,,,3,politico,PRO,3
Q21856190,Nicolás María Massot,Nicolás Massot,Propuesta Republicana,,,3,politico,PRO,3
Q123284669,Juan Pablo García,,Partido Justicialista,,,1,politico,PJ,1
Q21856177,Silvia Gabriela Lospennato,Silvia Lospennato,Propuesta Republicana,,,4,politico,PRO,4
Q6278814,Jorge de la Rúa,Jorge de la Rua,Unión Cívica Radical,,,3,politico,UCR,3
Q6700475,Luis Dellepiane,General Dellepiane,Unión Cívica Radical,,,8,politico,UCR,8
Q5857933,Federico Álvarez de Toledo,Federico Alvarez de Toledo,Unión Cívica Radical,,,3,politico,UCR,3
Q6700475,Luis Dellepiane,Luis J Dellepiane,Unión Cívica Radical,,,8,politico,UCR,8
Q6700475,Luis Dellepiane,Luis J. Dellepiane,Unión Cívica Radical,,,8,politico,UCR,8
Q5799870,David Caro,David Lucio Caro,Partido Demócrata de Córdoba,,,1,politico,Liberalismo,1
Q5707388,Arturo Orgaz,,Partido Socialista,,,1,politico,PS,1
Q5042165,Carlos Salomón Heller,Carlos Salomon Heller,Partido Solidario,,,6,politico,Sin clasificar,6
Q7521428,Simón Alberto Consalvi,Simon Alberto Consalvi,Acción Democrática,,,6,politico,Sin clasificar,6
Q7521428,Simón Alberto Consalvi,Simón Alberto Consalvi Bottaro,Acción Democrática,,,6,politico,Sin clasificar,6
Q22351150,Martha Meza,Martha Elizabeth Meza,Partido Justicialista,,,1,politico,PJ,1
Q21856173,Marco Lavagna,Marco Juan Lavagna,Frente Renovador,,,2,politico,PJ,2
Q1247160,Horacio Oyhanarte,Horacio Bernardo Oyhanarte,Unión Cívica Radical,,,3,politico,UCR,3
Q9029098,Mario Alberto Ishii,Mario Ishii,Frente para la Victoria,,,6,politico,PJ,6
Q26720167,Enrique Mihura,,Unión Cívica Radical,,,2,politico,UCR,2
Q26720168,Herminio Juan Quirós,,Unión Cívica Radical,,,1,politico,UCR,1
Q50379684,Néstor Vicente,,Partido Demócrata Cristiano,,,1,politico,Liberalismo,1
Q26720171,Ramón Mihura,,Unión Cívica Radical,,,1,politico,UCR,1
Q29121989,Maricel Etchecoin,,Cambiemos,,,0,politico,PRO,0
Q5274589,Diego Bossio,Diego Luis Bossio,Frente para la Victoria,,,5,politico,PJ,5
Q270025,Elisa Carrió,Elisa carrio,Coalición Cívica ARI,,,18,politico,UCR,18
Q270025,Elisa Carrió,Elisa Maria Avelina Carrio,Coalición Cívica ARI,,,18,politico,UCR,18
Q270025,Elisa Carrió,Elisa Maria Avelina Carrió,Coalición Cívica ARI,,,18,politico,UCR,18
Q270025,Elisa Carrió,Elisa María Avelina Carrio,Coalición Cívica ARI,,,18,politico,UCR,18
Q270025,Elisa Carrió,Elisa María Avelina Carrió,Coalición Cívica ARI,,,18,politico,UCR,18
Q270025,Elisa Carrió,Elsa Carrio,Coalición Cívica ARI,,,18,politico,UCR,18
Q270025,Elisa Carrió,Elsa Carrió,Coalición Cívica ARI,,,18,politico,UCR,18
Q270025,Elisa Carrió,Lilita Carrio,Coalición Cívica ARI,,,18,politico,UCR,18
Q270025,Elisa Carrió,Lilita Carrió,Coalición Cívica ARI,,,18,politico,UCR,18
Q16186930,Mónica Troadello,Monica Troadello,Partido Justicialista,,,3,politico,PJ,3
Q21856223,Marcela Fabiana Passo,,Frente Renovador,,,2,politico,PJ,2
Q6844641,Miguel Lifschitz,Roberto Miguel Lifschitz,Partido Socialista,,,4,politico,PS,4
Q6844641,Miguel Lifschitz,Roberto Miguel Lischitz,Partido Socialista,,,4,politico,PS,4
Q23071586,Eduardo Vaca,Eduardo Pedro Vaca,Partido Justicialista,,,2,politico,PJ,2
Q6527168,Leopoldo Melo,,Unión Cívica Radical,,,7,politico,UCR,7
Q4215111,Miguel Angel Cárcano,Miguel Angel Carcano,Partido Demócrata (Argentina),,,7,politico,Liberalismo,7
Q4215111,Miguel Angel Cárcano,Miguel Ángel Cárcano,Partido Demócrata (Argentina),,,7,politico,Liberalismo,7
Q117261018,Joaquin Andres Blanco,,Partido Socialista,,,1,politico,PS,1
Q5849045,Esteban Dómina,Esteban Domina,Partido Justicialista,,,2,politico,PJ,2
Q28867575,Carlos Haquim,Carlos Guillermo Haquim,Partido Justicialista,,,1,politico,PJ,1
Q6850017,Miklós Bonczos,,Partido de la Vida Húngara,,,6,politico,Sin clasificar,6
Q3052342,Nilda Celia Garré,Nilda Celia GARRE,Frente Grande,,,14,politico,PJ,14
Q21856189,Vanesa Laura Massetani,Vanesa Massetani,Frente Renovador,,,3,politico,PJ,3
Q5955743,Julio Romero,,Partido Justicialista,,,3,politico,PJ,3
Q23705225,Orlando Ludovico Parolín,Orlando Ludovico Parolin,Partido Justicialista,,,1,politico,PJ,1
Q6070106,Pedro Salvatori,,Movimiento Popular Neuquino,,,4,politico,PJ,4
Q3187853,Juanita Larrauri,Larrauri,Partido Justicialista,,,9,politico,PJ,9
Q110219598,Diego Sartori,Diego Horacio Sartori,Partido de la Concordia Social,,,2,politico,PJ,2
Q226053,Félix Luna,Falucho,Unión Cívica Radical Intransigente,,,12,politico,UCR,12
Q5707291,Arturo Iglesias Páiz,Arturo Iglesias Paiz,Partido Justicialista,,,1,politico,PJ,1
Q4723706,Alfredo Avelín,Alfredo Avelin,"Alianza para el Trabajo, la Justicia y la Educación",,,4,politico,Sin clasificar,4
Q5751149,Carlos Noël,Carlos Martin Noel,Unión Cívica Radical,,,4,politico,UCR,4
Q5751149,Carlos Noël,Carlos Martín Noel,Unión Cívica Radical,,,4,politico,UCR,4
Q5751149,Carlos Noël,Carlos Noel,Unión Cívica Radical,,,4,politico,UCR,4
Q27704269,Enrique Dickmann,,Partido Socialista,,,4,politico,PS,4
Q21614815,Emilio Monzó,Emilio Monzo,Propuesta Republicana,,,4,politico,PRO,4
Q1160834,Daniel Giacomino,Daniel Oscar Giacomino,Unión Cívica Radical,,,5,politico,UCR,5
Q1160834,Daniel Giacomino,Giacomino,Unión Cívica Radical,,,5,politico,UCR,5
Q5798280,Daniel Di Sabatino,,Partido Justicialista,,,1,politico,PJ,1
Q6004189,María Luisa Geiszer,Maria Luisa Geiszer,Frente para la Victoria,,,1,politico,PJ,1
Q5639008,Haide Giri,Haide Delia Giri,Partido Justicialista,,,5,politico,PJ,5
Q5639008,Haide Giri,Haide giri,Partido Justicialista,,,5,politico,PJ,5
Q5947018,Juan Agustín Pérez Alsina,Juan Agustin Perez Alsina,Partido Renovador de Salta,,,3,politico,Sin clasificar,3
Q3351895,Omar Palma,Tordo,Partido Justicialista,,,10,politico,PJ,10
Q5947018,Juan Agustín Pérez Alsina,Juan Pérez Alsina,Partido Renovador de Salta,,,3,politico,Sin clasificar,3
Q5997979,Mariano Valle,,Partido Autonomista Nacional,,,1,politico,Liberalismo,1
Q6752402,Manuel Antín,Manuel Antin,Unión Cívica Radical,,,7,politico,UCR,7
Q124357183,Sonia Elizabeth Rojas Decut,,Partido de la Concordia Social,,,1,politico,PJ,1
Q6752402,Manuel Antín,Manuel Carlos Antin,Unión Cívica Radical,,,7,politico,UCR,7
Q63398224,Roberto Sukerman,,Partido Justicialista,,,1,politico,PJ,1
Q6110034,Roberto Ulloa,Roberto Augusto Ulloa,Partido Renovador de Salta,,,5,politico,Sin clasificar,5
Q16530686,Anselmo Zoilo Duca,,Unión Cívica Radical,,,1,politico,UCR,1
Q5750344,Carlos Ficoseco,,Partido Justicialista,,,1,politico,PJ,1
Q946295,Víctor Martínez,Victor Martinez,Unión Cívica Radical,,,8,politico,UCR,8
Q28071478,José María Castiglioni,Jose Maria Castiglioni,Partido Justicialista,,,1,politico,PJ,1
Q5906413,Eduardo Ruiz,Chabay Ruiz,Unión Cívica Radical,,,1,politico,UCR,1
Q5657534,Adelina Dalesio de Viola,,Unión del Centro Democrático,,,3,politico,Liberalismo,3
Q28004676,Domingo Medina,,Unión Cívica Radical,,,1,politico,UCR,1
Q16585751,Julio Herrera,,Partido Autonomista Nacional,,,2,politico,Liberalismo,2
Q6309249,Julio César Saguier,Julio Cesar Saguier,Unión Cívica Radical,,,3,politico,UCR,3
Q6309249,Julio César Saguier,Julio Cesar Saguier y Pociello,Unión Cívica Radical,,,3,politico,UCR,3
Q6309249,Julio César Saguier,Julio César Saguier y Pociello,Unión Cívica Radical,,,3,politico,UCR,3
Q6309249,Julio César Saguier,Julio Saguier y Pociello,Unión Cívica Radical,,,3,politico,UCR,3
Q9015342,Juan Carlos Maqueda,Juan Maqueda,Partido Justicialista,,,6,politico,PJ,6
Q18223953,Ricardo Guillermo Leconte,,Partido Liberal de Corrientes,,,2,politico,Liberalismo,2
Q6782004,María Eugenia Vidal,Mariu,Propuesta Republicana,,,12,politico,PRO,12
Q16569294,Francisco Vicente Bustos,Francisco Bustos,Partido Autonomista Nacional,,,2,politico,Liberalismo,2
Q5830069,Elva Roulet,Elva Pilar Barreiro,Unión Cívica Radical,,,4,politico,UCR,4
Q5830069,Elva Roulet,Elva Pilar Barreiro de Roulet,Unión Cívica Radical,,,4,politico,UCR,4
Q16569294,Francisco Vicente Bustos,Francisco V. Bustos,Partido Autonomista Nacional,,,2,politico,Liberalismo,2
Q23304232,Juan Manuel Irrazábal,Juan Manuel Irrazabal,Partido Justicialista,,,2,politico,PJ,2
Q19263864,Jorge Solana,Jorge D. Solana,Movimiento Popular Neuquino,,,1,politico,PJ,1
Q19263864,Jorge Solana,Jorge Doroteo Solana,Movimiento Popular Neuquino,,,1,politico,PJ,1
Q65475,Heinz Brücher,Brücher,Partido Nazi,,,13,politico,Dictadura,13
Q65475,Heinz Brücher,Heinz Brucher,Partido Nazi,,,13,politico,Dictadura,13
Q5664493,Aldo San Pedro,Aldo Omar San Pedro,Frente para la Victoria,,,1,politico,PJ,1
Q5944256,José Navarro (gobernador de San Juan),,Partido Unitario,,,1,politico,Sin clasificar,1
Q2881050,José Mouso,Jose Mouso,Partido Justicialista,,,1,politico,PJ,1
Q135834655,Karen Reichardt,,La Libertad Avanza,,,1,politico,Liberalismo,1
Q5985266,Lázaro Barbieri,Lazaro Barbieri,Unión Cívica Radical del Pueblo,,,1,politico,UCR,1
Q122781887,Karina Milei,El Jefe,La Libertad Avanza,,,11,politico,Liberalismo,11
Q122781887,Karina Milei,Karina Elizabeth Milei,La Libertad Avanza,,,11,politico,Liberalismo,11
Q6109827,Roberto Dromi,Roberto José Dromi,Partido Justicialista,,,3,politico,PJ,3
Q136192054,Agustín Neme,,Propuesta Republicana,,,1,politico,PRO,1
Q20876267,Candela López Tagliafico,Candela Lopez Tagliafico,Iniciativa per Catalunya Verds,,,4,politico,Sin clasificar,4
Q112363891,Adrián Aquiles Fariña,,Partido Justicialista,,,1,politico,PJ,1
Q18683001,Armando Casas Nóblega,Armando Casas Noblega,Partido Justicialista,,,2,politico,PJ,2
Q59205120,Ricardo Kennedy,,Partido Autonomista Nacional,,,1,politico,Liberalismo,1
Q5935541,Jorge Maiorano,Jorge Luis Maiorano,Partido Justicialista,,,1,politico,PJ,1
Q10880501,Santiago de Estrada,Santiago Manuel de Estrada,Propuesta Republicana,,,2,politico,PRO,2
Q6700387,Luis Brandoni,Adalberto Luis Brandoni,Unión Cívica Radical,,,6,politico,UCR,6
Q6700387,Luis Brandoni,Beto Brandoni,Unión Cívica Radical,,,6,politico,UCR,6
Q6700387,Luis Brandoni,Brandoni,Unión Cívica Radical,,,6,politico,UCR,6
Q4838458,Maurice Closs,Maurice Fabian Closs,Partido de la Concordia Social,,,4,politico,PJ,4
Q4838458,Maurice Closs,Maurice Fabián Closs,Partido de la Concordia Social,,,4,politico,PJ,4
Q2857264,Antonio Domingo Bussi,Bussi,Fuerza Republicana,,,9,politico,Dictadura,9
Q21279728,Oscar Herrera Ahuad,Oscar Alberto Herrera Ahuad,Partido Justicialista,,,4,politico,PJ,4
Q5982952,Luis Brunati,Luis Pedro Brunati,Partido Justicialista,,,1,politico,PJ,1
Q5819621,Eduardo René Mondino,Eduardo Rene Mondino,Partido Justicialista,,,2,politico,PJ,2
Q3071423,Francisco de Narváez,De Narvaez,Frente Renovador,,,6,politico,PJ,6
Q3071423,Francisco de Narváez,De Narváez,Frente Renovador,,,6,politico,PJ,6
Q3071423,Francisco de Narváez,Francisco De Narvaez,Frente Renovador,,,6,politico,PJ,6
Q3071423,Francisco de Narváez,Francisco de Narváez Steuer,Frente Renovador,,,6,politico,PJ,6
Q123488695,Sandra Pettovello,Sandra Viviana Pettovello,Unión del Centro Democrático,,,7,politico,Liberalismo,7
Q16300730,Jorge Alberto Garramuño,,Movimiento Popular Fueguino,,,4,politico,Sin clasificar,4
Q6300262,Juan Manzur,Manzur,Frente para la Victoria,,,9,politico,PJ,9
Q18224574,Hugo Passalacqua,Hugo Mario Passalacqua,Partido de la Concordia Social,,,3,politico,PJ,3
Q3114308,Juan Pistarini,Pistarini,Partido Justicialista,,,11,politico,PJ,11
Q6125312,Sergio Alvarado,,Partido Autonomista Nacional,,,2,politico,Liberalismo,2
Q6041007,Nereo Crovetto,,Unión Cívica Radical,,,2,politico,UCR,2
Q6122280,Saúl Bouer,Saul Bouer,Partido Justicialista,,,2,politico,PJ,2
Q16298942,Eduardo Arana,,Partido Autonomista Nacional,,,2,politico,Liberalismo,2
Q5371931,Emilio Rached,Rached,Unión Cívica Radical,,,5,politico,UCR,5
Q110998735,Antonio Zaccagnini,,Partido Socialista,,,2,politico,PS,2
Q1261399,Ricardo Alfonsín,Ricardo Alfonsin,Unión Cívica Radical,,,8,politico,UCR,8
Q1261399,Ricardo Alfonsín,Ricardo Luis Alfonsin,Unión Cívica Radical,,,8,politico,UCR,8
Q1261399,Ricardo Alfonsín,Ricardo Luis Alfonsín,Unión Cívica Radical,,,8,politico,UCR,8
Q5904438,Hugo Curto,Hugo Omar Curto,Partido Justicialista,,,1,politico,PJ,1
Q17635652,Juan Casañas,Juan Francisco Casañas,Unión Cívica Radical,,,2,politico,UCR,2
Q124351733,Maria Celeste Ponce,,La Libertad Avanza,,,1,politico,Liberalismo,1
Q119156087,István Fáy,,Partido de la Vida Húngara,,,2,politico,Sin clasificar,2
Q16301065,María Cecilia Rodríguez,Maria Cecilia Rodriguez,Nuevo Encuentro,,,4,politico,Izquierda,4
Q6388637,Arnoldo Aníbal Castillo,Arnoldo Anibal Castillo,Unión Cívica Radical,,,2,politico,UCR,2
Q82396566,Jorge Leonardo Santiago,,Generación para un Encuentro Nacional,,,0,politico,PS,0
Q28358561,Félix Fouiller,Felix Fouiller,Unión Cívica Radical,,,1,politico,UCR,1
Q191014,María Estela Martínez de Perón,Isabelita,Partido Justicialista,,,76,politico,PJ,76
Q23907268,Alejandro Nieva,Alejandro Mario Nieva,Unión Cívica Radical,,,2,politico,UCR,2
Q3479675,Sergio Massa,Sergio Tomas Massa,Frente Renovador,,,21,politico,PJ,21
Q3479675,Sergio Massa,Sergio Tomás Massa,Frente Renovador,,,21,politico,PJ,21
Q47141966,Fabio José Quetglas,,Unión Cívica Radical,,,2,politico,UCR,2
Q20031313,Nora Nazar,Nora Lilian Nazar,Partido Nuevo,,,2,politico,Sin clasificar,2
Q20966670,Horacio Sueldo,Horacio Jorge Sueldo,Partido Demócrata Cristiano,,,3,politico,Liberalismo,3
Q47142035,Josefina Mendoza,,Unión Cívica Radical,,,3,politico,UCR,3
Q15714675,Cristian Ritondo,,Propuesta Republicana,,,4,politico,PRO,4
Q9025653,Luz María Sapag,Luz Maria Sapag,Movimiento Popular Neuquino,,,4,politico,PJ,4
Q9025653,Luz María Sapag,Luz Sapag,Movimiento Popular Neuquino,,,4,politico,PJ,4
Q6844641,Miguel Lifschitz,Lifschitz,Partido Socialista,,,4,politico,PS,4
Q4263301,Raúl Scalabrini Ortiz,Scalabrini Ortiz,Unión Cívica Radical,,,6,politico,UCR,6
Q5222462,Dardo Cabo,,Partido Justicialista,,,3,politico,PJ,3
Q6111612,Román Subiza,Roman Subiza,Partido Justicialista,,,2,politico,PJ,2
Q6069019,Pedro Guillermo Ángel Guastavino,Pedro Guillermo Angel Guastavino,Partido Justicialista,,,4,politico,PJ,4
Q16957199,Pablo Rieznik,Pablo Héctor Rieznik,Partido Obrero,,,1,politico,Izquierda,1
Q16590668,Leónidas Carreño,,Partido Autonomista Nacional,,,2,politico,Liberalismo,2
Q5998457,Mario Armando Moine,,Partido Justicialista,,,2,politico,PJ,2
Q21662521,Omar De Marchi,Omar Bruno De Marchi,Propuesta Republicana,,,3,politico,PRO,3
Q5936445,Susana Malcorra,Susana Mabel Malcorra,Propuesta Republicana,,,13,politico,PRO,13
Q9057367,Pedro Bidegain,,Unión Cívica Radical,,,4,politico,UCR,4
Q2286672,Silvia Augsburger,Augsburger,Partido Socialista,,,4,politico,PS,4
Q6101418,Raúl Romero Feris,Tato,Pacto Autonomista - Liberal,,,1,politico,Sin clasificar,1
Q26769648,José Espejo,Jose Espejo,Partido Justicialista,,,2,politico,PJ,2
Q5983791,Luis Lovari,Luis Roberto Lovari,Frente para la Victoria,,,1,politico,PJ,1
Q6035188,Myriam Bregman,Myriam Teresa Bregman,Partido de los Trabajadores Socialistas,,,11,politico,PS,11
Q6068731,Pedro F. Marcattini,,Partido Demócrata de Córdoba,,,1,politico,Liberalismo,1
Q123752008,Manuel Adorni,,La Libertad Avanza,,,6,politico,Liberalismo,6
Q111384927,Tania Kyshakevych,Tania Anabel Kyshakevych,Partido Justicialista,,,1,politico,PJ,1
Q5515935,Gabriela Arroyo,,Partido Obrero,,,2,politico,Izquierda,2
Q22122673,Francisco Delich,Francisco José Delich,Unión Cívica Radical,,,1,politico,UCR,1
Q6959980,Ramón Mestre,Juan Ramon Mestre,Unión Cívica Radical,,,6,politico,UCR,6
Q6959980,Ramón Mestre,Juan Ramón Mestre,Unión Cívica Radical,,,6,politico,UCR,6
Q6959980,Ramón Mestre,Ramon B Mestre,Unión Cívica Radical,,,6,politico,UCR,6
Q6959980,Ramón Mestre,Ramón B Mestre,Unión Cívica Radical,,,6,politico,UCR,6
Q6959980,Ramón Mestre,Ramon B. Mestre,Unión Cívica Radical,,,6,politico,UCR,6
Q6959980,Ramón Mestre,Ramón B. Mestre,Unión Cívica Radical,,,6,politico,UCR,6
Q6959980,Ramón Mestre,Ramon Bautista Mestre,Unión Cívica Radical,,,6,politico,UCR,6
Q6959980,Ramón Mestre,Ramón Bautista Mestre,Unión Cívica Radical,,,6,politico,UCR,6
Q5837000,Ernesto Sammartino,Ernesto Enrique Sammartino,Unión Cívica Radical,,,3,politico,UCR,3
Q613461,Juan Carlos Rousselot,,Partido Justicialista,,,2,politico,PJ,2
Q21998009,Daniel Chaín,Daniel Chain,Propuesta Republicana,,,2,politico,PRO,2
Q16198916,Fernando Espinoza,,Partido Justicialista,,,4,politico,PJ,4
Q5898527,Hipólito Jesús Paz,Hipolito Jesus Paz,Partido Justicialista,,,3,politico,PJ,3
Q5898527,Hipólito Jesús Paz,Hipólito Paz,Partido Justicialista,,,3,politico,PJ,3
Q61640947,Federico Sciurano,,Unión Cívica Radical,,,1,politico,UCR,1
Q124295924,Claudio Newell,Claudio Lorenzo Newell,Unión Cívica Radical,,,1,politico,UCR,1
Q6764636,Mario Daniele,Mario Domingo Daniele,Partido Justicialista,,,5,politico,PJ,5
Q100198209,Martín Rodrigo Gill,,Partido Justicialista,,,1,politico,PJ,1
Q5700120,Antonio Zamora,,Partido Socialista,,,2,politico,PS,2
Q715414,Arturo Puricelli,Puricelli,Partido Justicialista,,,5,politico,PJ,5
Q108468800,María Noemí Sosa,,Unión Cívica Radical,,,1,politico,UCR,1
Q4712180,Alberto Rodríguez Saá,Alberto Jose Rodriguez Saa,Partido Justicialista,,,6,politico,PJ,6
Q4712180,Alberto Rodríguez Saá,Alberto José Rodríguez Saá,Partido Justicialista,,,6,politico,PJ,6
Q4712180,Alberto Rodríguez Saá,Alberto Rodriguez Saa,Partido Justicialista,,,6,politico,PJ,6
Q18668556,Atilio Cattaneo,Atilio Esteban Cattáneo,Unión Cívica Radical,,,4,politico,UCR,4
Q18674433,Lucas Ayarragaray,Lucas Ayarragaray Viera,Partido Autonomista Nacional,,,3,politico,Liberalismo,3
Q1042890,Carlos Mauricio Espínola,Camau,Partido Justicialista,,,15,politico,PJ,15
Q1042890,Carlos Mauricio Espínola,Camau Espinola,Partido Justicialista,,,15,politico,PJ,15
Q1042890,Carlos Mauricio Espínola,Camau Espínola,Partido Justicialista,,,15,politico,PJ,15
Q1042890,Carlos Mauricio Espínola,Carlos Espinola (regatista),Partido Justicialista,,,15,politico,PJ,15
Q1042890,Carlos Mauricio Espínola,Carlos Espínola (regatista),Partido Justicialista,,,15,politico,PJ,15
Q1042890,Carlos Mauricio Espínola,Carlos Mauricio Espinola,Partido Justicialista,,,15,politico,PJ,15
Q4821334,Augusto Timoteo Vandor,Augusto Timoteo vandor,Partido Justicialista,,,5,politico,PJ,5
Q4821334,Augusto Timoteo Vandor,Augusto Vandor,Partido Justicialista,,,5,politico,PJ,5
Q3362887,Mercedes Marcó del Pont,Mercedes Marco,Movimiento de Integración y Desarrollo,,,11,politico,UCR,11
Q3362887,Mercedes Marcó del Pont,Mercedes Marcó,Movimiento de Integración y Desarrollo,,,11,politico,UCR,11
Q3362887,Mercedes Marcó del Pont,Mercedes Marco del Pont,Movimiento de Integración y Desarrollo,,,11,politico,UCR,11
Q5559598,Ricardo Joaquín Durand,Ricardo Joaquin Durand,Unión Cívica Radical,,,2,politico,UCR,2
Q5855019,Vicente Solano Lima,,Partido Conservador Popular (Argentina),,,8,politico,Sin clasificar,8
Q5938352,José Arturo Estabillo,Jose Arturo Estabillo,Movimiento Popular Fueguino,,,2,politico,Sin clasificar,2
Q6113696,Ruperto Eduardo Godoy,,Frente para la Victoria,,,2,politico,PJ,2
Q108028101,Federico Frigerio,,Movimiento de Integración y Desarrollo,,,3,politico,UCR,3
Q108377000,Luis Di Giacomo,,Juntos Somos Río Negro,,,2,politico,UCR,2
Q4714481,Alejandro Armendáriz,Alejandro Armendariz,Unión Cívica Radical,,,6,politico,UCR,6
Q5041983,Carlos Delcio Funes,Carlos 'Chango' Delcio Funes,Partido Justicialista,,,3,politico,PJ,3
Q5858208,Horacio Guzmán,Horacio Guzman,Unión Cívica Radical,,,5,politico,UCR,5
Q115858452,Julián Daniel Infante Santos,,Liga del Sur,,,1,politico,Sin clasificar,1
Q6042241,Nicolás Gallo,Nicolas Gallo,Unión Cívica Radical,,,2,politico,UCR,2
Q5940288,José Gálvez (gobernador de Santa Fe),Jose Galvez,Partido Autonomista Nacional,,,2,politico,Liberalismo,2
Q6004482,María Rachid,Maria Rachid,Frente para la Victoria,,,6,politico,PJ,6
Q5983161,Luis Cárcamo,Luis Carcamo,Partido Justicialista,,,1,politico,PJ,1
Q5849383,Esther Fadul,Esther Mercedes Fadul de Sobrino,Partido Justicialista,,,5,politico,PJ,5
Q79906973,Andrés De Leo,,Coalición Cívica ARI,,,1,politico,UCR,1
Q5760154,Celestino Marcó,Celestino Marco,Unión Cívica Radical,,,2,politico,UCR,2
Q18668548,Juan Bautista Castro,Juan B. Castro,Unión Cívica Radical,,,2,politico,UCR,2
Q5218500,Daniel Pérsico,Daniel Persico,Partido Justicialista,,,3,politico,PJ,3
Q5218500,Daniel Pérsico,Daniel Raul Persico,Partido Justicialista,,,3,politico,PJ,3
Q5218500,Daniel Pérsico,Daniel Raúl Pérsico,Partido Justicialista,,,3,politico,PJ,3
Q8076814,Ángel Borlenghi,Angel Borlenghi,Partido Socialista,,,5,politico,PS,5
Q8076814,Ángel Borlenghi,Angel Gabriel Borlenghi,Partido Socialista,,,5,politico,PS,5
Q8076814,Ángel Borlenghi,Ángel Gabriel Borlenghi,Partido Socialista,,,5,politico,PS,5
Q5983159,Luis Cándido Carballo,Luis Candido Carballo,Unión Cívica Radical Intransigente,,,1,politico,UCR,1
Q28501901,Pedro T. Sánchez,,Partido Liberal de Corrientes,,,1,politico,Liberalismo,1
Q5668716,Alicia Azula,Graciela Alicia Digiuni de Azula,Unión Cívica Radical,,,2,politico,UCR,2
Q584828,María Alicia Lemme,Maria Alicia Lemme,Partido Justicialista,,,4,politico,PJ,4
Q5906208,Héctor Hidalgo Solá,Héctor Hidalgo,Unión Cívica Radical,,,3,politico,UCR,3
Q5906208,Héctor Hidalgo Solá,Hector Hidalgo Sola,Unión Cívica Radical,,,3,politico,UCR,3
Q108324373,María Rosa Martínez,,Kolina,,,2,politico,Sin clasificar,2
Q6006917,Mauricio D'Alessandro,,Unión Cívica Radical,,,2,politico,UCR,2
Q63961504,Juan Pablo Arenaza,,Unión por Todos,,,0,politico,Sin clasificar,0
Q99545863,Marcos Koopmann,Marcos Gabriel Koopmann Irizar,Movimiento Popular Neuquino,,,1,politico,PJ,1
Q6097752,Rafael Núñez,,Partido Demócrata de Córdoba,,,2,politico,Liberalismo,2
Q27309047,María de los Ángeles Sacnún,María de los Ángeles Sacnun,Partido Justicialista,,,3,politico,PJ,3
Q16300569,Sandra Giménez,Sandra Daniela Gimenez,Partido Justicialista,,,3,politico,PJ,3
Q16300569,Sandra Giménez,Sandra Daniela Giménez,Partido Justicialista,,,3,politico,PJ,3
Q16300569,Sandra Giménez,Sandra Gimenez,Partido Justicialista,,,3,politico,PJ,3
Q5758129,Catalina Guagnini,Catalina Raymundo de Guagnini,Partido Obrero,,,2,politico,Izquierda,2
Q5758129,Catalina Guagnini,Catalina Silvia Raymundo de Guagnini,Partido Obrero,,,2,politico,Izquierda,2
Q20016595,Fernando Solá,Fernando Sola,Unión Cívica Radical,,,3,politico,UCR,3
Q18711856,Adolfo Bermejo,Rolando Adolfo Bermejo,Partido Justicialista,,,4,politico,PJ,4
Q22116626,Dante Gullo,Juan Carlos Dante Gullo,Partido Justicialista,,,4,politico,PJ,4
Q5833041,Enrique Ariel Ponce,,Frente para la Victoria,,,1,politico,PJ,1
Q2841182,Mario Cafiero,Mario Alejandro Hilario Cafiero,Partido Justicialista,,,3,politico,PJ,3
Q20644688,Christian Gribaudo,Christian Alejandro Gribaudo,Propuesta Republicana,,,3,politico,PRO,3
Q535094,Hilda de Duhalde,Chiche Duhalde,Unión Popular (Argentina),,,7,politico,Sin clasificar,7
Q535094,Hilda de Duhalde,Gonzalez de Duhalde,Unión Popular (Argentina),,,7,politico,Sin clasificar,7
Q535094,Hilda de Duhalde,González de Duhalde,Unión Popular (Argentina),,,7,politico,Sin clasificar,7
Q535094,Hilda de Duhalde,Hilda Beatriz Gonzalez,Unión Popular (Argentina),,,7,politico,Sin clasificar,7
Q535094,Hilda de Duhalde,Hilda Beatriz González,Unión Popular (Argentina),,,7,politico,Sin clasificar,7
Q535094,Hilda de Duhalde,Hilda Beatríz Gonzalez,Unión Popular (Argentina),,,7,politico,Sin clasificar,7
Q535094,Hilda de Duhalde,Hilda Beatríz González,Unión Popular (Argentina),,,7,politico,Sin clasificar,7
Q535094,Hilda de Duhalde,Hilda Beatriz Gonzalez de Duhalde,Unión Popular (Argentina),,,7,politico,Sin clasificar,7
Q535094,Hilda de Duhalde,Hilda Beatriz González de Duhalde,Unión Popular (Argentina),,,7,politico,Sin clasificar,7
Q535094,Hilda de Duhalde,Hilda Duhalde,Unión Popular (Argentina),,,7,politico,Sin clasificar,7
Q535094,Hilda de Duhalde,Hilda Gonzalez,Unión Popular (Argentina),,,7,politico,Sin clasificar,7
Q535094,Hilda de Duhalde,Hilda Gonzalez de Duhalde,Unión Popular (Argentina),,,7,politico,Sin clasificar,7
Q535094,Hilda de Duhalde,Hilda González de Duhalde,Unión Popular (Argentina),,,7,politico,Sin clasificar,7
Q33126435,Facundo David Castelli,,Cambiemos,,,0,politico,PRO,0
Q5906244,Héctor Lombardo,Hector Lombardo,Unión Cívica Radical,,,1,politico,UCR,1
Q7071481,Néstor Pitrola,Nestor Antonio Pitrola,Partido Obrero,,,4,politico,Izquierda,4
Q7071481,Néstor Pitrola,Néstor Antonio Pitrola,Partido Obrero,,,4,politico,Izquierda,4
Q7071481,Néstor Pitrola,Nestor Pitrola,Partido Obrero,,,4,politico,Izquierda,4
Q2843919,Alberto Icare,,Unión Cívica Radical,,,1,politico,UCR,1
Q17177501,Pablo Echenique,Pablo Echenique-Robba,Podemos,,,17,politico,Sin clasificar,17
Q6547740,Liliana Fellner,Liliana Beatriz Fellner,Frente para la Victoria,,,5,politico,PJ,5
Q33126487,Juan Carlos Massei,,Partido Justicialista,,,1,politico,PJ,1
Q6300262,Juan Manzur,Juan Luis Manzur,Frente de Todos,,,9,politico,PJ,9
Q5998934,Mario Oporto,,Partido Justicialista,,,2,politico,PJ,2
Q111481686,Rogelio Iparraguirre,,Partido Justicialista,,,2,politico,PJ,2
Q5699824,Antonio Salonia,Antonio Francisco Salonia,Unión Cívica Radical,,,1,politico,UCR,1
Q5401264,Norma Arrostito,Esther Norma Arrostito,Montoneros,,,7,politico,Izquierda,7
Q2148702,Ricardo Obregón Cano,Obregon Cano,Partido Justicialista,,,4,politico,PJ,4
Q2148702,Ricardo Obregón Cano,Obregón Cano,Partido Justicialista,,,4,politico,PJ,4
Q2148702,Ricardo Obregón Cano,Ricardo Obregon Cano,Partido Justicialista,,,4,politico,PJ,4
Q4212676,Moisés Kantor,Moisés Isaakovich Kantor,Partido Comunista de la Unión Soviética,,,2,politico,Sin clasificar,2
Q4212676,Moisés Kantor,Moises Kantor,Partido Comunista de la Unión Soviética,,,2,politico,Sin clasificar,2
Q6131515,Soledad Martínez,Soledad Martinez,Propuesta Republicana,,,4,politico,PRO,4
Q108386730,Martín Berhongaray,,Unión Cívica Radical,,,2,politico,UCR,2
Q721561,Jorge Taiana,Taiana,Partido Justicialista,,,11,politico,PJ,11
Q21573207,Jorge Lemus,Jorge Daniel Lemus,Propuesta Republicana,,,5,politico,PRO,5
Q6002394,Martiniano Molina,,Propuesta Republicana,,,2,politico,PRO,2
Q5883959,Graciela Camaño,,Peronismo Federal,,,4,politico,PJ,4
Q5935879,Jorge Remes Lenicov,Jorge Luis Remes Lenicov,Partido Justicialista,,,4,politico,PJ,4
Q118173930,Federico Omar Josué Zárate,,La Libertad Avanza,,,1,politico,Liberalismo,1
Q6009463,Melchor Posse,,Unión Cívica Radical,,,2,politico,UCR,2
Q6015476,Miguel del Sel,La Tota,Propuesta Republicana,,,4,politico,PRO,4
Q29019697,José Luis Espert,Jose Luis Espert,La Libertad Avanza,,,10,politico,Liberalismo,10
Q20022066,Virginia González Gass,Virginia Gonzalez Gass,Partido Socialista Auténtico (Argentina),,,3,politico,Sin clasificar,3
Q5976380,Liliana Gurdulich,Liliana Isabel Gurdulich Di Benedetto de Correa,Partido Justicialista,,,2,politico,PJ,2
Q5609630,Griselda Tessio,Tessio,Unión Cívica Radical,,,4,politico,UCR,4
Q5906311,Héctor Noblía,Hector Noblia,Unión Cívica Radical,,,1,politico,UCR,1
Q123913075,Federico Susbielles,,Partido Justicialista,,,2,politico,PJ,2
Q5849163,Esteban Servando Semilla,,Partido Justicialista,,,1,politico,PJ,1
Q5791973,Crisólogo Larralde,Crisologo Larralde,Unión Cívica Radical,,,1,politico,UCR,1
Q116971862,Carlos Romagosa,,Partido Autonomista Nacional,,,1,politico,Liberalismo,1
Q42451221,Mariano Arcioni,marianito,Chubut Somos Todos,,,3,politico,Sin clasificar,3
Q42451221,Mariano Arcioni,Mariano Ezequiel Arcioni,Chubut Somos Todos,,,3,politico,Sin clasificar,3
Q2831795,Alberto María Fonrouge,Alberto Fonrouge,Partido Justicialista,,,4,politico,PJ,4
Q2831795,Alberto María Fonrouge,Alberto Maria Fonrouge,Partido Justicialista,,,4,politico,PJ,4
Q4714583,Alejandro Korn,,Partido Socialista,,,8,politico,PS,8
Q6095778,Ivan Ahčin,,Partido Popular Esloveno,,,5,politico,Sin clasificar,5
Q6003481,María Carolina Moisés,Maria Carolina Moises,Frente para la Victoria,,,4,politico,PJ,4
Q20100261,Albano Dante Fachin,Albano Dante Fachin Pozzi,Som Alternativa,,,6,politico,Sin clasificar,6
Q15702157,Nicolás del Caño,,Partido de los Trabajadores Socialistas,,,6,politico,PS,6
Q9056861,Patricia Bullrich,Patricia Bullrich Luro Pueyrredon,Unión por Todos,,,14,politico,Sin clasificar,14
Q5982222,Lucio Alfredo Cornejo Linares,,Unión Cívica Radical,,,1,politico,UCR,1
Q2836121,Nora Ginzburg,Nora Raquel Ginzburg,Recrear para el Crecimiento,,,4,politico,Liberalismo,4
Q8076831,Ángel Dolores Rojas,Angel D. Rojas,Partido Autonomista Nacional,,,5,politico,Liberalismo,5
Q8076831,Ángel Dolores Rojas,Ángel D. Rojas,Partido Autonomista Nacional,,,5,politico,Liberalismo,5
Q8076831,Ángel Dolores Rojas,Angel Dolores Rojas,Partido Autonomista Nacional,,,5,politico,Liberalismo,5
Q8076831,Ángel Dolores Rojas,Ángel Rojas (político),Partido Autonomista Nacional,,,5,politico,Liberalismo,5
Q5982289,Lucio Lapeña,,Unión Cívica Radical,,,2,politico,UCR,2
Q63776727,Marcelo J. Muniagurria,Marcelo Julio Muniagurria,Partido Justicialista,,,2,politico,PJ,2
Q5407380,Valentín Vergara,Valentin Vergara,Unión Cívica Radical,,,4,politico,UCR,4
Q5654920,Abel Paulino Miguel,,Unión Cívica Radical,,,2,politico,UCR,2
Q29419682,Jorge Daniel Paladino,,Partido Justicialista,,,1,politico,PJ,1
Q5751803,Carlos Snopek,,Partido Justicialista,,,2,politico,PJ,2
Q5904387,Hugo Barrionuevo,,Partido Justicialista,,,1,politico,PJ,1
Q5751837,Carlos Spadone,,Partido Justicialista,,,1,politico,PJ,1
Q25931030,Roberto Ares,Roberto Antonio Ares,Partido Justicialista,,,2,politico,PJ,2
Q5655295,Abraham Quintana,,Unión Cívica Radical,,,1,politico,UCR,1
Q6782043,María Julia Alsogaray,Maria Julia Alsogaray,Unión del Centro Democrático,,,6,politico,Liberalismo,6
Q5726685,Bernardo Biella,,Unión Cívica Radical,,,2,politico,UCR,2
Q5717200,Baldomero Álvarez de Olivera,Baldomero Alvarez de Olivera,Partido Justicialista,,,2,politico,PJ,2
Q5726779,Bernardo Grinspun,,Unión Cívica Radical,,,5,politico,UCR,5
Q5764501,Chango Farías Gómez,Chango Farias Gomez,Partido Justicialista,,,3,politico,PJ,3
Q6066613,Patricia Vaca Narvaja,,Partido Justicialista,,,3,politico,PJ,3
Q7322551,Ricardo Balbín,Ricardo Balbin,Unión Cívica Radical,,,10,politico,UCR,10
Q27118910,Santiago Gregorio O'Farrell,,Unión Cívica Nacional,,,3,politico,UCR,3
Q5948514,Juan Carlos Pitt,,Partido Autonomista Nacional,,,1,politico,Liberalismo,1
Q5905000,Humberto Roggero,,Partido Justicialista,,,2,politico,PJ,2
Q6299395,Juan Carlos Romero,Juan Carlos Romero (politico argentino),Partido Justicialista,,,4,politico,PJ,4
Q22121421,Hernán Hipólito Cornejo,Hernan Hipolito Cornejo,Partido Justicialista,,,3,politico,PJ,3
Q7290505,Ramón José Cárcano,Ramon Carcano,Partido Demócrata (Argentina),,,6,politico,Liberalismo,6
Q7290505,Ramón José Cárcano,Ramón Cárcano,Partido Demócrata (Argentina),,,6,politico,Liberalismo,6
Q7290505,Ramón José Cárcano,Ramon J Carcano,Partido Demócrata (Argentina),,,6,politico,Liberalismo,6
Q7290505,Ramón José Cárcano,Ramon J Cárcano,Partido Demócrata (Argentina),,,6,politico,Liberalismo,6
Q7290505,Ramón José Cárcano,Ramón J Carcano,Partido Demócrata (Argentina),,,6,politico,Liberalismo,6
Q7290505,Ramón José Cárcano,Ramón J Cárcano,Partido Demócrata (Argentina),,,6,politico,Liberalismo,6
Q7290505,Ramón José Cárcano,Ramon J. Carcano,Partido Demócrata (Argentina),,,6,politico,Liberalismo,6
Q7290505,Ramón José Cárcano,Ramon J. Cárcano,Partido Demócrata (Argentina),,,6,politico,Liberalismo,6
Q7290505,Ramón José Cárcano,Ramón J. Carcano,Partido Demócrata (Argentina),,,6,politico,Liberalismo,6
Q7290505,Ramón José Cárcano,Ramon Jose Carcano,Partido Demócrata (Argentina),,,6,politico,Liberalismo,6
Q7290505,Ramón José Cárcano,Ramon Jose Cárcano,Partido Demócrata (Argentina),,,6,politico,Liberalismo,6
Q7290505,Ramón José Cárcano,Ramon José Carcano,Partido Demócrata (Argentina),,,6,politico,Liberalismo,6
Q7290505,Ramón José Cárcano,Ramon José Cárcano,Partido Demócrata (Argentina),,,6,politico,Liberalismo,6
Q7290505,Ramón José Cárcano,Ramón Jose Carcano,Partido Demócrata (Argentina),,,6,politico,Liberalismo,6
Q7290505,Ramón José Cárcano,Ramón Jose Cárcano,Partido Demócrata (Argentina),,,6,politico,Liberalismo,6
Q7290505,Ramón José Cárcano,Ramón José Carcano,Partido Demócrata (Argentina),,,6,politico,Liberalismo,6
Q5906402,Héctor Roquel,Hector Alberto Roquel,Unión Cívica Radical,,,3,politico,UCR,3
Q5906402,Héctor Roquel,Héctor Alberto Roquel,Unión Cívica Radical,,,3,politico,UCR,3
Q5906402,Héctor Roquel,Hector Roquel,Unión Cívica Radical,,,3,politico,UCR,3
Q17624268,Carlos Manfredotti,,Partido Justicialista,,,2,politico,PJ,2
Q715414,Arturo Puricelli,Arturo Antonio Puricelli,Partido Justicialista,,,5,politico,PJ,5
Q120106,Antonio Hodgers,,Los Verdes,,,6,politico,PS,6
Q132180492,Antonio Benigno Rins,,Unión Cívica Radical,,,1,politico,UCR,1
Q5699991,Antonio Tróccoli,Antonio Troccoli,Unión Cívica Radical,,,3,politico,UCR,3
Q16599806,Mario Losada,,Unión Cívica Radical del Pueblo,,,1,politico,UCR,1
Q5609630,Griselda Tessio,Griselda Rosa de las Mercedes Tessio,Unión Cívica Radical,,,4,politico,UCR,4
Q22696672,Herminio Torres Brizuela,,Unión Cívica Radical Intransigente,,,1,politico,UCR,1
Q124357211,María Celeste Giménez Navarro,,Unidad Ciudadana,,,2,politico,PJ,2
Q124668029,Daniel Escalante,,Juntos por el Cambio,,,0,politico,PRO,0
Q63332601,Pedro Chiarante,,Partido Comunista,,,1,politico,Izquierda,1
Q5649905,Darío Díaz Pérez,Dario Diaz Perez,Frente para la Victoria,,,3,politico,PJ,3
Q42408955,Raffo Quintana,Horacio Esteban Raffo Quintana,Unión Cívica Radical,,,2,politico,UCR,2
Q43078686,Romina Del Plá,Romina del Pla,Partido Obrero,,,5,politico,Izquierda,5
Q6161128,Vicente Gandini,,Unión Cívica Radical,,,2,politico,UCR,2
Q8076867,Ángel Maza,Angel Maza,Partido Justicialista,,,3,politico,PJ,3
Q21480801,Verónica Magario,,Partido Justicialista,,,4,politico,PJ,4
Q6547754,Liliana Negre de Alonso,Liliana Negre,Peronismo Federal,,,7,politico,PJ,7
Q6547754,Liliana Negre de Alonso,Liliana Teresita Negre,Peronismo Federal,,,7,politico,PJ,7
Q6547754,Liliana Negre de Alonso,Liliana Teresita Negre de Alonso,Peronismo Federal,,,7,politico,PJ,7
Q6547754,Liliana Negre de Alonso,Negre de Alonso,Peronismo Federal,,,7,politico,PJ,7
Q5557346,Jorge Sabaté,,Partido Justicialista,,,2,politico,PJ,2
Q5948619,Juan Carlos Taparelli,,Partido Justicialista,,,2,politico,PJ,2
Q56163436,Eliseo Canaveri,,Unión Cívica Radical,,,3,politico,UCR,3
Q16300998,Diego Kravetz,Diego Gabriel Kravetz,Partido Justicialista,,,2,politico,PJ,2
Q28503591,Luis Arédez,"Arédez, Luis Ramón",Unión Cívica Radical,,,1,politico,UCR,1
Q19601030,Andrés Zottos,Andres Zottos,Partido Renovador de Salta,,,4,politico,Sin clasificar,4
Q19601030,Andrés Zottos,Miguel Andrés Costas Zottos,Partido Renovador de Salta,,,4,politico,Sin clasificar,4
Q7322664,Ricardo Gómez Diez,Ricardo Gomez Diez,Recrear para el Crecimiento,,,3,politico,Liberalismo,3
Q21856065,Guillermo Ramón Carmona,Guillermo Carmona,Partido Justicialista,,,3,politico,PJ,3
Q21856065,Guillermo Ramón Carmona,Guillermo Ramon Carmona,Partido Justicialista,,,3,politico,PJ,3
Q7322654,Ricardo Gil Lavedra,Ricardo Rodolfo Gil Lavedra,Unión Cívica Radical,,,5,politico,UCR,5
Q7121580,Pablo Bruera,Bruera,Partido Justicialista,,,4,politico,PJ,4
Q3395167,Antonio Alonso Ríos,Anton Alonso Rios,Partido Galeguista,,,5,politico,Sin clasificar,5
Q3395167,Antonio Alonso Ríos,Anton Alonso Ríos,Partido Galeguista,,,5,politico,Sin clasificar,5
Q3395167,Antonio Alonso Ríos,Antón Alonso Rios,Partido Galeguista,,,5,politico,Sin clasificar,5
Q3395167,Antonio Alonso Ríos,Antón Alonso Ríos,Partido Galeguista,,,5,politico,Sin clasificar,5
Q3395167,Antonio Alonso Ríos,Antonio Alonso Rios,Partido Galeguista,,,5,politico,Sin clasificar,5
Q19493492,Víctor Juan Guillot,Victor Juan Guillot,Unión Cívica Radical,,,2,politico,UCR,2
Q124473730,Damián Arabia,Damián Eduardo Arabia,La Libertad Avanza,,,2,politico,Liberalismo,2
Q6044777,Norberto Antoni,,Unión Cívica Radical,,,1,politico,UCR,1
Q15993618,Paula Bertol,Paula María Bertol,Propuesta Republicana,,,4,politico,PRO,4
Q5710952,Atlántico Ramón Forés,Atlantico Ramon Fores,Unión Cívica Radical,,,1,politico,UCR,1
Q5863024,Florencia Saintout,F Saintout,Partido Justicialista,,,2,politico,PJ,2
Q3072494,Juan Manuel Abal Medina,Juan Manuel Abal Medina hijo,Frente para la Victoria,,,8,politico,PJ,8
Q5863024,Florencia Saintout,Florencia Juana Saintout,Partido Justicialista,,,2,politico,PJ,2
Q21402108,Cecilio Salazar,Dn. Cecilio Salazar,Cambiemos,,,3,politico,PRO,3
Q5894385,Henoch D. Aguiar,Henoch Domingo Aguiar,Unión Cívica Radical,,,2,politico,UCR,2
Q21402108,Cecilio Salazar,Intendente de San Pedro,Cambiemos,,,3,politico,PRO,3
Q124334654,Emánuel Kocsárd,Manó Kopfensteiner,Partido de la Cruz Flechada,,,0,politico,Sin clasificar,0
Q7290558,Ramón Saadi,Ramon Eduardo Saadi,Partido Justicialista,,,5,politico,PJ,5
Q7290558,Ramón Saadi,Ramón Eduardo Saadi,Partido Justicialista,,,5,politico,PJ,5
Q7290558,Ramón Saadi,Ramon Saadi,Partido Justicialista,,,5,politico,PJ,5
Q5955126,Julio Catalán Magni,Julio César Catalán Magni,Frente para la Victoria,,,3,politico,PJ,3
Q64686950,Gustavo Melella,,Unión Cívica Radical,,,6,politico,UCR,6
Q5663454,Alberto Pérez (político),Alberto Pérez,Frente para la Victoria,,,1,politico,PJ,1
Q18419782,Lorenzo Pepe,Lorenzo Antonio Pepe,Partido Justicialista,,,2,politico,PJ,2
Q5833091,Enrique Beveraggi,Enrique Marcelo Beveraggi,Unión Cívica Radical,,,1,politico,UCR,1
Q6117714,Salvador Maciá,Salvador Macia,Partido Autonomista Nacional,,,5,politico,Liberalismo,5
Q9014047,José Luis Foulkes,Jose Luis Foulkes,Unión Cívica Radical,,,2,politico,UCR,2
Q77435999,Julio Vitobello,Julio Fernando Vitobello,Partido Justicialista,,,3,politico,PJ,3
Q11082861,Pedro Segundo Barraza,,Partido Autonomista Nacional,,,2,politico,Liberalismo,2
Q18822532,Carlos Maestro,,Unión Cívica Radical,,,3,politico,UCR,3
Q4838844,Fabiana Ríos,Fabiana Rios,Coalición Cívica ARI,,,6,politico,UCR,6
Q4838844,Fabiana Ríos,María Fabiana Ríos,Coalición Cívica ARI,,,6,politico,UCR,6
Q27509964,Ramón Clero Ahumada,Ramon Clero Ahumada,Unión Cívica Radical,,,1,politico,UCR,1
Q5752147,Carlos Zannini,Carlos Alberto Zannini,Partido Justicialista,,,5,politico,PJ,5
Q6057122,Pacífico Rodríguez,Pacifico Rodriguez,Partido Justicialista,,,1,politico,PJ,1
Q5515970,Gabriela Michetti,Michetti,Propuesta Republicana,,,26,politico,PRO,26
Q6165542,Javier González Fraga,Javier Gonzalez Fraga,Unión Cívica Radical,,,5,politico,UCR,5
Q6700989,Luis Petcoff Naidenoff,Luis Carlos Petcoff Naidenoff,Unión Cívica Radical,,,5,politico,UCR,5
Q24583742,José Francisco López,Jose Francisco Lopez,Partido Justicialista,,,2,politico,PJ,2
Q6700989,Luis Petcoff Naidenoff,Petcoff Naidenoff,Unión Cívica Radical,,,5,politico,UCR,5
Q5905002,Humberto Romero,Humberto Antonio Romero,Partido Justicialista,,,2,politico,PJ,2
Q5940288,José Gálvez (gobernador de Santa Fe),José Gálvez,Partido Autonomista Nacional,,,2,politico,Liberalismo,2
Q6165483,Víctor Fayad,Victor Fayad,Unión Cívica Radical,,,6,politico,UCR,6
Q4838027,Ricardo Colombi,Horacio Ricardo Colombi,Unión Cívica Radical,,,4,politico,UCR,4
Q5461936,Floro Eleuterio Bogado,Floro Bogado,Partido Justicialista,,,4,politico,PJ,4
Q21856218,Adriana Mónica Nazario,Adriana Monica Nazario,Partido Justicialista,,,1,politico,PJ,1
Q21856218,Adriana Mónica Nazario,Adriana Nazario,Partido Justicialista,,,1,politico,PJ,1
Q598214,Delia Parodi,Delia Delfina Degliuomini de Parodi,Partido Justicialista,,,8,politico,PJ,8
Q124364001,Ivanna Marcela Arrascaeta,Ivanna Arrascaeta,La Libertad Avanza,,,1,politico,Liberalismo,1
Q5853127,Exequiel Morcillo,,Partido Autonomista Nacional,,,1,politico,Liberalismo,1
Q6292519,José Ignacio Rucci,Asesinato de Jose Rucci,Partido Justicialista,,,4,politico,PJ,4
Q6292519,José Ignacio Rucci,Asesinato de José Rucci,Partido Justicialista,,,4,politico,PJ,4
Q9093281,Vicente Gallo,Vicente C. Gallo,Unión Cívica Radical,,,5,politico,UCR,5
Q9093281,Vicente Gallo,Vicente Carmelo Gallo,Unión Cívica Radical,,,5,politico,UCR,5
Q11184187,Rogelio Frigerio,Rogelio Frigerio (nieto),Propuesta Republicana,,,6,politico,PRO,6
Q11184187,Rogelio Frigerio,Rogelio Frigerio nieto,Propuesta Republicana,,,6,politico,PRO,6
Q6292519,José Ignacio Rucci,Jose Ignacio Rucci,Partido Justicialista,,,4,politico,PJ,4
Q6292519,José Ignacio Rucci,Jose Rucci,Partido Justicialista,,,4,politico,PJ,4
Q6292519,José Ignacio Rucci,José Rucci,Partido Justicialista,,,4,politico,PJ,4
Q6292519,José Ignacio Rucci,Operativo Traviata,Partido Justicialista,,,4,politico,PJ,4
Q5889685,Gustavo José Bevilacqua,Gustavo Jose Bevilacqua,Frente para la Victoria,,,3,politico,PJ,3
Q5937763,José Antonio Ceballos,Jose Antonio Ceballos,Unión Cívica Radical,,,1,politico,UCR,1
Q111478740,Carlos Ramiro Gutiérrez,Ramiro Gutiérrez,Frente Renovador,,,2,politico,PJ,2
Q5893787,Helio Rebot,Helio Dante Rebot,Propuesta Republicana,,,1,politico,PRO,1
Q6101418,Raúl Romero Feris,Raul Romero Feris,Pacto Autonomista - Liberal,,,1,politico,Sin clasificar,1
Q267291,Graciela Fernández Meijide,Graciela Fernandez Meijide,Frente Grande,,,8,politico,PJ,8
Q28028564,Juan Octavio Gauna,,Unión Cívica Radical,,,1,politico,UCR,1
Q6140865,Telésforo Ubios,Telésforo Bernardo Ubios,Partido Autonomista Nacional,,,1,politico,Liberalismo,1
Q6140865,Telésforo Ubios,Telesforo Ubios,Partido Autonomista Nacional,,,1,politico,Liberalismo,1
Q5984220,Luis Rafael Mac Kay,,Unión Cívica Radical,,,2,politico,UCR,2
Q21856188,María Lucila Masin,Lucila Masin,Partido Justicialista,,,3,politico,PJ,3
Q21856188,María Lucila Masin,Maria Lucila Masin,Partido Justicialista,,,3,politico,PJ,3
Q21856297,Luana Volnovich,,Partido Justicialista,,,5,politico,PJ,5
Q6099399,Ramón Alberto Trejo Noel,Ramon Alberto Trejo Noel,Unión Cívica Radical,,,1,politico,UCR,1
Q58234260,Patricio del Corro,,Partido de los Trabajadores Socialistas,,,0,politico,PS,0
Q21856192,Mayra Mendoza,Mayra Soledad Mendoza,Partido Justicialista,,,6,politico,PJ,6
Q5483842,Francisco Rabanal,,Unión Cívica Radical,,,4,politico,UCR,4
Q99337405,Paula Arraigada,Eva Paula Arraigada,Partido Justicialista,,,1,politico,PJ,1
Q5772075,Claudio Presman,,Unión Cívica Radical,,,1,politico,UCR,1
Q18711927,Graciela Agustina Di Perna,,Partido Justicialista,,,2,politico,PJ,2
Q6299020,Juan Bautista Yofre,Juan B. Yofre,Propuesta Republicana,,,4,politico,PRO,4
Q18711918,Sigrid Elisabeth Kunath,,Partido Justicialista,,,2,politico,PJ,2
Q5973183,Leonardo Obeid,,Partido Justicialista,,,1,politico,PJ,1
Q123170442,Martín Menem,,La Libertad Avanza,,,4,politico,Liberalismo,4
Q3314977,Luis Seoane,Luís Seoane,Partido Galeguista,,,9,politico,Sin clasificar,9
Q3314977,Luis Seoane,Luis Seoane Lopez,Partido Galeguista,,,9,politico,Sin clasificar,9
Q3314977,Luis Seoane,Luis Seoane López,Partido Galeguista,,,9,politico,Sin clasificar,9
Q77759623,Roberto Birri,Roberto Cesar Birri,Partido Socialista,,,1,politico,PS,1
Q959393,Carlos Raúl Contín,Carlos Raul Contin,Unión Cívica Radical,,,2,politico,UCR,2
Q12175641,Gualberto Venesia,Gualberto Edgardo Venesia,Partido Justicialista,,,1,politico,PJ,1
Q20014668,Eduardo Vischi,Eduardo Alejandro Vischi,Unión Cívica Radical,,,3,politico,UCR,3
Q1984228,Rubén Oscar Glaria,Rubén Glaria,Partido Justicialista,,,19,politico,PJ,19
Q1984228,Rubén Oscar Glaria,Ruben Oscar Glaria,Partido Justicialista,,,19,politico,PJ,19
Q16302014,María Fernanda Reyes,Fernanda Reyes,Coalición Cívica ARI,,,4,politico,UCR,4
Q16302014,María Fernanda Reyes,Maria Fernanda Reyes,Coalición Cívica ARI,,,4,politico,UCR,4
Q64512275,René Balestra,René Helvecio Balestra,Partido Socialista Democrático,,,0,politico,PS,0
Q68872841,Sergio Lanziani,Sergio Enzo Lanziani,Partido Justicialista,,,1,politico,PJ,1
Q124347717,Árpád Falcione,,político independiente,,,0,politico,Dictadura,0
Q6309249,Julio César Saguier,Julio Saguier,Unión Cívica Radical,,,3,politico,UCR,3
Q10914800,Stella Maris Leverberg,Marilú Leverberg,Partido Justicialista,,,6,politico,PJ,6
Q5995804,Marcelo Fuentes,Marcelo Jorge Fuentes,Partido Justicialista,,,5,politico,PJ,5
Q10914800,Stella Maris Leverberg,Stella Leverberg,Partido Justicialista,,,6,politico,PJ,6
Q10914800,Stella Maris Leverberg,Stella Maris Raquel Leverberg,Partido Justicialista,,,6,politico,PJ,6
Q2832456,Alejandro Gómez,Alejandro Gomez,Unión Cívica Radical,,,6,politico,UCR,6
Q21856262,Matías David Rodríguez,Matias David Rodriguez,Partido Justicialista,,,4,politico,PJ,4
Q50824635,Javier Ortega Smith-Molina,,Foro,,,14,politico,Sin clasificar,14
Q5043383,Carmelo Lauría,Carmelo Lauria,Acción Democrática,,,3,politico,Sin clasificar,3
Q3187673,Hortensio Quijano,Juan Hortensio Quijano,Unión Cívica Radical,,,7,politico,UCR,7
Q106674728,Alexis Guerrera,,Partido Justicialista,,,3,politico,PJ,3
Q6165599,Víctor M. Molina,Victor M. Molina,Unión Cívica Radical,,,3,politico,UCR,3
Q15066835,Margarita Ferrá de Bartol,Margarita Ferra de Bartol,Partido Justicialista,,,3,politico,PJ,3
Q8355267,Diana Maffía,Diana Elena Maffia,Coalición Cívica ARI,,,7,politico,UCR,7
Q8355267,Diana Maffía,Diana Elena Maffía,Coalición Cívica ARI,,,7,politico,UCR,7
Q8355267,Diana Maffía,Diana H. Maffia,Coalición Cívica ARI,,,7,politico,UCR,7
Q8355267,Diana Maffía,Diana H. Maffía,Coalición Cívica ARI,,,7,politico,UCR,7
Q8355267,Diana Maffía,Diana Helena Maffia,Coalición Cívica ARI,,,7,politico,UCR,7
Q8355267,Diana Maffía,Diana Helena Maffía,Coalición Cívica ARI,,,7,politico,UCR,7
Q8355267,Diana Maffía,Diana Maffia,Coalición Cívica ARI,,,7,politico,UCR,7
Q5041801,Carlos Auyero,Carlos Alberto Auyero,Partido Demócrata Cristiano,,,3,politico,Liberalismo,3
Q5041801,Carlos Auyero,Carlos Alberto Camilo Auyero,Partido Demócrata Cristiano,,,3,politico,Liberalismo,3
Q21856280,María Emilia Soria,Maria Emilia Soria,Partido Justicialista,,,4,politico,PJ,4
Q104901318,Julio Ferreyra,Julio Daniel Ferreyra,Unión por la Patria,,,3,politico,PJ,3
Q16599648,Mariano Recalde,,Partido Justicialista,,,4,politico,PJ,4
Q6014687,Miguel Mario Campero,,Unión Cívica Radical,,,2,politico,UCR,2
Q16483165,Salvador Ananía,Salvador Anania,Partido Justicialista,,,1,politico,PJ,1
Q3186425,José Manuel Álvarez,Jose Manuel Alvarez,Partido Autonomista Nacional,,,4,politico,Liberalismo,4
Q3186425,José Manuel Álvarez,José Manuel Álvarez (gobernador),Partido Autonomista Nacional,,,4,politico,Liberalismo,4
Q20631018,Macarena Escudero,,Partido de los Trabajadores Socialistas,,,1,politico,PS,1
Q19860160,Ricardo Patterson,Ricardo Ancell Patterson,Unión Cívica Radical,,,2,politico,UCR,2
Q5667995,Alfredo Roque Vítolo,Alfredo R. Vitolo,Unión Cívica Radical,,,2,politico,UCR,2
Q5667995,Alfredo Roque Vítolo,Alfredo Roque Vitolo,Unión Cívica Radical,,,2,politico,UCR,2
Q5667995,Alfredo Roque Vítolo,Álfredo Vítolo,Unión Cívica Radical,,,2,politico,UCR,2
Q5042523,Carlos Rafael Fernández,Carlos Fernandez (Argentina),Partido Justicialista,,,5,politico,PJ,5
Q5042523,Carlos Rafael Fernández,Carlos Fernández (Argentina),Partido Justicialista,,,5,politico,PJ,5
Q5042523,Carlos Rafael Fernández,Carlos Rafael Fernandez,Partido Justicialista,,,5,politico,PJ,5
Q68107607,Ángela Sureda,,Unión Cívica Radical,,,2,politico,UCR,2
Q8353891,Dario Duretti de Barengui,,Frente para la Victoria,,,2,politico,PJ,2
Q123249424,Győző Pajor,,Partido de la Vida Húngara,,,1,politico,Sin clasificar,1
Q19006869,Agustín Rossi,Agustin Oscar Rossi,Frente para la Victoria,,,13,politico,PJ,13
Q19006869,Agustín Rossi,Agustín Óscar Rossi,Frente para la Victoria,,,13,politico,PJ,13
Q19006869,Agustín Rossi,Agustin Rossi,Frente para la Victoria,,,13,politico,PJ,13
Q47142046,Hernán Berisso,,Propuesta Republicana,,,1,politico,PRO,1
Q47142077,María Carla Piccolomini,,Propuesta Republicana,,,3,politico,PRO,3
Q5238353,David Pakman,,político independiente,,,5,politico,Dictadura,5
Q3605463,Adolfo Philippeaux,,Partido Justicialista,,,3,politico,PJ,3
Q4403662,Miguel Ángel Zavala Ortiz,Miguel Angel Zavala Ortiz,Unión Cívica Radical,,,6,politico,UCR,6
Q4403662,Miguel Ángel Zavala Ortiz,Miguel Zavala Ortiz,Unión Cívica Radical,,,6,politico,UCR,6
Q21856301,Sergio Raúl Ziliotto,Sergio Raul Ziliotto,Partido Justicialista,,,3,politico,PJ,3
Q21856301,Sergio Raúl Ziliotto,Sergio Ziliotto,Partido Justicialista,,,3,politico,PJ,3
Q6107976,Ricardo Aldao,,Unión Cívica Radical,,,2,politico,UCR,2
Q126283601,Alejandra Torres,,Partido Justicialista,,,1,politico,PJ,1
Q5401865,Alberto Rocamora,Alberto Luis Rocamora,Partido Justicialista,,,3,politico,PJ,3
Q6108050,Ricardo Buryaile,,Unión Cívica Radical,,,4,politico,UCR,4
Q6108064,Ricardo Campero,,Unión Cívica Radical,,,1,politico,UCR,1
Q20016473,Horacio Quiroga,Horacio Pechi Quiroga,Unión Cívica Radical,,,3,politico,UCR,3
Q20016473,Horacio Quiroga,Horacio Rodolfo Quiroga,Unión Cívica Radical,,,3,politico,UCR,3
Q20016473,Horacio Quiroga,Pechi Quiroga,Unión Cívica Radical,,,3,politico,UCR,3
Q16492177,Eduardo García Caffi,Eduardo Garcia Caffi,Partido Justicialista,,,2,politico,PJ,2
Q3286813,Manuel Fresco,Manuel Antonio Fresco,Partido Demócrata (Argentina),,,5,politico,Liberalismo,5
Q5667972,Carlos J. Rodríguez,Carlos Juan Rodríguez,Unión Cívica Radical,,,2,politico,UCR,2
Q5949478,Juan Filomeno Velazco,,Partido Justicialista,,,2,politico,PJ,2
Q16142825,Norma Amanda Abdalá,Norma Abdala de Matarazzo,Frente Cívico por Santiago,,,6,politico,Sin clasificar,6
Q16142825,Norma Amanda Abdalá,Norma Abdalá de Matarazzo,Frente Cívico por Santiago,,,6,politico,Sin clasificar,6
Q16142825,Norma Amanda Abdalá,Norma Amanda Abdala,Frente Cívico por Santiago,,,6,politico,Sin clasificar,6
Q4057013,Héctor Pablo Agosti,Hector P. Agosti,Partido Comunista,,,5,politico,Izquierda,5
Q4057013,Héctor Pablo Agosti,Héctor P. Agosti,Partido Comunista,,,5,politico,Izquierda,5
Q4057013,Héctor Pablo Agosti,Hector Pablo Agosti,Partido Comunista,,,5,politico,Izquierda,5
Q312505,Héctor Baldassi,Baldassi,Propuesta Republicana,,,27,politico,PRO,27
Q312505,Héctor Baldassi,Hector Baldassi,Propuesta Republicana,,,27,politico,PRO,27
Q16302129,Federico Sturzenegger,Federico Adolfo Sturzenegger,Propuesta Republicana,,,10,politico,PRO,10
Q6381281,Alberto Aybar Augier,,Unión Cívica Radical,,,3,politico,UCR,3
Q5949966,Juan Hugo Caesar,,Partido Justicialista,,,1,politico,PJ,1
Q18923994,Francisco E. Correa,,Partido Demócrata Progresista,,,1,politico,Liberalismo,1
Q5368671,Elías Sapag,Elias Sapag,Movimiento Popular Neuquino,,,3,politico,PJ,3
Q2617365,Nahuel Moreno,,Movimiento al Socialismo,,,11,politico,PS,11
Q6701193,Luis Alberto Viana,,Partido Justicialista,,,4,politico,PJ,4
Q5948122,Juan Carballido,,Unión Cívica,,,2,politico,UCR,2
Q5873673,Gabriel del Mazo,,Unión Cívica Radical,,,1,politico,UCR,1
Q5666054,Alex Roberto Ziegler,,Frente para la Victoria,,,2,politico,PJ,2
Q18715477,José Antonio Allende,Jose Antonio Allende,Frente Justicialista de Liberación,,,2,politico,PJ,2
Q133882740,Abraham Abdulajad,,Partido Justicialista,,,2,politico,PJ,2
Q20015562,Rolando Lagomarsino,Rolando Luis Lagomarsino,Partido Justicialista,,,2,politico,PJ,2
Q110307341,Augusto Bunge,,Partido Socialista,,,3,politico,PS,3
Q124420642,Matías Molle,,Partido Justicialista,,,1,politico,PJ,1
Q40686953,Hugo Alberto Franco,Hugo Franco,Partido Justicialista,,,1,politico,PJ,1
Q5750033,Carlos Cheppi,Carlos Alberto Cheppi,Frente para la Victoria,,,2,politico,PJ,2
Q6389448,Arturo Zanichelli,Arturo Orlando Zanichelli,Unión Cívica Radical,,,2,politico,UCR,2
Q18811470,Eduardo José A. Gamond,Eduardo Gamond,Unión Cívica Radical,,,2,politico,UCR,2
Q18811470,Eduardo José A. Gamond,Eduardo Jose A. Gamond,Unión Cívica Radical,,,2,politico,UCR,2
Q61718326,Alberto Ramón Maglietti,,Unión Cívica Radical,,,2,politico,UCR,2
Q47490890,Marga Ferré,Margarita María Ferré Luparia,Partido Comunista de España,,,3,politico,Sin clasificar,3
Q16562331,Enrique S. Quintana,Enrique Santos Quintana,Unión Cívica Nacional,,,6,politico,UCR,6
Q17996429,Máximo Paz,Maximo Paz,Partido Autonomista Nacional,,,5,politico,Liberalismo,5
Q21856289,Pablo Torello,,Propuesta Republicana,,,3,politico,PRO,3
Q7977024,Wbaldino Acosta,Waldino Acosta,Partido Bloquista,,,4,politico,Sin clasificar,4
Q124539762,Alida Ferreyra,Alida Mónica Ferreyra,Partido Libertario,,,1,politico,Liberalismo,1
Q16301279,María Eugenia Martini,Maria Eugenia Martini,Partido Justicialista,,,1,politico,PJ,1
Q6777833,Martín Sabbatella,Martin Sabbatella,Nuevo Morón,,,4,politico,Sin clasificar,4
Q3608136,Alberto Balestrini,Alberto Edgardo Balestrini,Partido Justicialista,,,5,politico,PJ,5
Q5412165,Alejandro Collia,Alejandro Federico Collia,Frente de Todos,,,2,politico,PJ,2
Q3608136,Alberto Balestrini,Balestrini,Partido Justicialista,,,5,politico,PJ,5
Q6777833,Martín Sabbatella,Sabbatella,Nuevo Morón,,,4,politico,Sin clasificar,4
Q110058594,Dionisio Scarpín,Dionisio Fernando Scarpín,Unión Cívica Radical,,,1,politico,UCR,1
Q110058594,Dionisio Scarpín,Dionisio Scarpin,Unión Cívica Radical,,,1,politico,UCR,1
Q5998599,Mario César Bertozzi,Mario Cesar Bertozzi,Unión Cívica Radical,,,1,politico,UCR,1
Q106222717,María Teresa Merciadri,,Unión Cívica Radical,,,1,politico,UCR,1
Q734558,Roberto Perfumo,Roberto Alfredo Perfumo,Partido Justicialista,,,26,politico,PJ,26
Q6002511,Martín Berho,Martin Berho,Unión Cívica Radical,,,2,politico,UCR,2
Q7050407,Norberto Luis La Porta,Norberto La Porta,Partido Socialista Argentino de Vanguardia,,,3,politico,Sin clasificar,3
Q24960878,José Luis Patiño,,Propuesta Republicana,,,2,politico,PRO,2
Q5698226,Antonio Erman González,Antonio Erman Gonzalez,Partido Demócrata Cristiano,,,5,politico,Liberalismo,5
Q943389,José Carlos Martínez,Jose Carlos Martinez,Nuevo Encuentro,,,6,politico,Izquierda,6
Q4760197,Andrés Framini,Andres Framini,Partido Justicialista,,,3,politico,PJ,3
Q957748,Ricardo López Murphy,Ricardo Hipólito López Murphy,Recrear para el Crecimiento,,,10,politico,Liberalismo,10
Q957748,Ricardo López Murphy,Ricardo Lopez Murphy,Recrear para el Crecimiento,,,10,politico,Liberalismo,10
Q45320614,Federico Otermín,,Frente de Todos,,,3,politico,PJ,3
Q20737416,Juan Fernando Brügge,Brugge,Partido Demócrata Cristiano,,,5,politico,Liberalismo,5
Q20737416,Juan Fernando Brügge,Brügge,Partido Demócrata Cristiano,,,5,politico,Liberalismo,5
Q4760197,Andrés Framini,Framini,Partido Justicialista,,,3,politico,PJ,3
Q20737416,Juan Fernando Brügge,J. F. Brugge,Partido Demócrata Cristiano,,,5,politico,Liberalismo,5
Q20737416,Juan Fernando Brügge,J. F. Brügge,Partido Demócrata Cristiano,,,5,politico,Liberalismo,5
Q20737416,Juan Fernando Brügge,Juan Brugge,Partido Demócrata Cristiano,,,5,politico,Liberalismo,5
Q20737416,Juan Fernando Brügge,Juan Brügge,Partido Demócrata Cristiano,,,5,politico,Liberalismo,5
Q20737416,Juan Fernando Brügge,Juan F. Brugge,Partido Demócrata Cristiano,,,5,politico,Liberalismo,5
Q20737416,Juan Fernando Brügge,Juan F. Brügge,Partido Demócrata Cristiano,,,5,politico,Liberalismo,5
Q20737416,Juan Fernando Brügge,Juan Fernando Brugge,Partido Demócrata Cristiano,,,5,politico,Liberalismo,5
Q543040,José Manuel de la Sota,Jose Manuel de la Sota,Partido Justicialista,,,9,politico,PJ,9
Q33297240,Paula Mariana Oliveto Lago,Paula Oliveto Lago,Coalición Cívica ARI,,,5,politico,UCR,5
Q125761184,Santiago Pauli,,Republicanos Unidos,,,1,politico,Sin clasificar,1
Q55238486,Luis Víctor Sommi,Luis Sommi,Partido Comunista,,,1,politico,Izquierda,1
Q55238486,Luis Víctor Sommi,Luis V. Sommi,Partido Comunista,,,1,politico,Izquierda,1
Q86742963,Rubén Grenada,Rubén Carlos Grenada,Generación para un Encuentro Nacional,,,0,politico,PS,0
Q11690091,Mabel Manzotti,,Unión Cívica Radical,,,7,politico,UCR,7
Q41658526,Ana Claudia Almirón,,Partido Justicialista,,,3,politico,PJ,3
Q41658530,Anabel Fernández Sagasti,,Partido Justicialista,,,3,politico,PJ,3
Q41658542,Daniel Aníbal Lovera,,Partido Justicialista,,,3,politico,PJ,3
Q41658565,Norma Haydée Durango,,Partido Justicialista,,,3,politico,PJ,3
Q5042708,Carlos Tomada,Carlos Alfonso Tomada,Partido Justicialista,,,5,politico,PJ,5
Q9022316,Lidia Satragno,Pinky,Propuesta Republicana,,,9,politico,PRO,9
Q6278403,Jorge Obeid,Jorge Alberto Obeid,Partido Justicialista,,,6,politico,PJ,6
Q5649743,Antenor Argentino Gauna,,Partido Justicialista,,,2,politico,PJ,2
Q76481726,Marisa Fassi,Marisa Viviana Amalia Fassi,Partido Justicialista,,,2,politico,PJ,2
Q76481726,Marisa Fassi,Marisa Viviana Fassi,Partido Justicialista,,,2,politico,PJ,2
Q27954458,Rodolfo Decker,Rodolfo Antonio Decker,Partido Justicialista,,,1,politico,PJ,1
Q7290505,Ramón José Cárcano,Carcano,Partido Demócrata (Argentina),,,6,politico,Liberalismo,6
Q2832436,Alejandro Díaz Bialet,Alejandro Diaz Bialet,Partido Justicialista,,,2,politico,PJ,2
Q5042759,Carlos Verna,Carlos Alberto Verna,Partido Justicialista,,,6,politico,PJ,6
Q6404212,Carlos Grosso,Carlos Alfredo Grosso,Partido Justicialista,,,2,politico,PJ,2
Q5981873,Lucas Ghi,,Nuevo Encuentro,,,1,politico,Izquierda,1
Q109423757,Roberto José Ábalos,Ishiku,Unión Cívica Radical,,,1,politico,UCR,1
Q5955633,Julio Pereyra,Julio César Pereyra,Partido Justicialista,,,3,politico,PJ,3
Q6004526,María Rosa Díaz,Maria Rosa Diaz,Coalición Cívica ARI,,,5,politico,UCR,5
Q6004526,María Rosa Díaz,María Rosa Díaz de Vázquez,Coalición Cívica ARI,,,5,politico,UCR,5
Q5906285,Héctor María Maya,Hector Maya,Partido Justicialista,,,2,politico,PJ,2
Q124547455,Raúl Pellón,,Unión Cívica Radical,,,1,politico,UCR,1
Q191014,María Estela Martínez de Perón,Isabel Martínez de Perón,Partido Justicialista,,,76,politico,PJ,76
Q191014,María Estela Martínez de Perón,Isabel Perón,Partido Justicialista,,,76,politico,PJ,76
Q191014,María Estela Martínez de Perón,Isabelita Perón,Partido Justicialista,,,76,politico,PJ,76
Q191014,María Estela Martínez de Perón,María Estela de Perón,Partido Justicialista,,,76,politico,PJ,76
Q191014,María Estela Martínez de Perón,María Estela Martínez,Partido Justicialista,,,76,politico,PJ,76
Q191014,María Estela Martínez de Perón,María Estela Martínez Cartas,Partido Justicialista,,,76,politico,PJ,76
Q191014,María Estela Martínez de Perón,María Estela Martínez Cartas de Perón,Partido Justicialista,,,76,politico,PJ,76
Q832085,Miguel Cané,Miguel Cane,Partido Autonomista Nacional,,,11,politico,Liberalismo,11
Q6293558,José Nicolás Matienzo,Jose Matienzo,Unión Cívica Radical,,,4,politico,UCR,4
Q6293558,José Nicolás Matienzo,José Matienzo,Unión Cívica Radical,,,4,politico,UCR,4
Q6293558,José Nicolás Matienzo,Jose Nicolas Matienzo,Unión Cívica Radical,,,4,politico,UCR,4
Q6038465,Natalia Gambaro,,Partido Justicialista,,,4,politico,PJ,4
Q16627693,Sabá Hernández,Saba Hernandez,Partido Autonomista Nacional,,,3,politico,Liberalismo,3
Q16627693,Sabá Hernández,Saba Z. Hernandez,Partido Autonomista Nacional,,,3,politico,Liberalismo,3
Q16627693,Sabá Hernández,Sabá Z. Hernández,Partido Autonomista Nacional,,,3,politico,Liberalismo,3
Q16627693,Sabá Hernández,Saba Zacarias Hernandez,Partido Autonomista Nacional,,,3,politico,Liberalismo,3
Q16627693,Sabá Hernández,Sabá Zacarías Hernández,Partido Autonomista Nacional,,,3,politico,Liberalismo,3
Q6101227,Raúl Granillo Ocampo,Raul Granillo Ocampo,Partido Justicialista,,,2,politico,PJ,2
Q41787670,Pablo Carro,José Pablo Carro,Partido Justicialista,,,3,politico,PJ,3
Q5340784,Eduardo Torres,,Partido de la Concordia Social,,,2,politico,PJ,2
Q106084280,Paco Durañona,Francisco de Duranona y Vedia,Partido Justicialista,,,1,politico,PJ,1
Q106084280,Paco Durañona,Francisco de Durañona y Vedia,Partido Justicialista,,,1,politico,PJ,1
Q106084280,Paco Durañona,Francisco Paco Duranona,Partido Justicialista,,,1,politico,PJ,1
Q106084280,Paco Durañona,Francisco Paco Durañona,Partido Justicialista,,,1,politico,PJ,1
Q16301405,Omar Molina,Luis Gonzalo Omar Molina,Partido Justicialista,,,1,politico,PJ,1
Q15719117,Máximo Kirchner,,Partido Justicialista,,,9,politico,PJ,9
Q1403237,Felipe Solá,Felipe Carlos Sola,Partido Justicialista,,,15,politico,PJ,15
Q1403237,Felipe Solá,Felipe Carlos Solá,Partido Justicialista,,,15,politico,PJ,15
Q1403237,Felipe Solá,Felipe Sola,Partido Justicialista,,,15,politico,PJ,15
Q5575797,José Octavio Bordón,Jose Octavio Bordon,Partido Justicialista,,,4,politico,PJ,4
Q5575797,José Octavio Bordón,José Octavio Bordón González,Partido Justicialista,,,4,politico,PJ,4
Q5951046,Juan Manuel La Serna,,Partido Autonomista Nacional,,,2,politico,Liberalismo,2
Q5973474,Leopoldo Moreau,Leopoldo Raul Guido Moreau,Unión Cívica Radical,,,5,politico,UCR,5
Q5973474,Leopoldo Moreau,Leopoldo Raúl Guido Moreau,Unión Cívica Radical,,,5,politico,UCR,5
Q5973474,Leopoldo Moreau,Leopoldo Raul Moreau,Unión Cívica Radical,,,5,politico,UCR,5
Q5973474,Leopoldo Moreau,Leopoldo Raúl Moreau,Unión Cívica Radical,,,5,politico,UCR,5
Q18719793,Rita Beatriz Liempe,,Unidad Popular,,,1,politico,Sin clasificar,1
Q6504504,Juan Stefanich,Juan Stefanich Troche,Partido Revolucionario Febrerista,,,3,politico,Sin clasificar,3
Q534949,Martha Mercader,Marta Mercader,Unión Cívica Radical,,,4,politico,UCR,4
Q534949,Martha Mercader,Martha Evelina Mercader,Unión Cívica Radical,,,4,politico,UCR,4
Q21683779,Jorge Todesca,Jorge Alberto Todesca,Partido Justicialista,,,2,politico,PJ,2
Q6309428,Julio Miranda,Julio Antonio Miranda,Partido Justicialista,,,6,politico,PJ,6
Q20016593,Silvia Majdalani,Silvia Cristina Majdalani,Propuesta Republicana,,,3,politico,PRO,3
Q5853112,Exequiel Bustillo,Exequiel Bustillo Madero,Concentración Nacional,,,3,politico,Sin clasificar,3
Q4722088,Alfonso Prat Gay,Alfonso de Prat-Gay,Coalición Cívica ARI,,,7,politico,UCR,7
Q4722088,Alfonso Prat Gay,Alfonso Prat-Gay,Coalición Cívica ARI,,,7,politico,UCR,7
Q107493370,Luis Alfredo Ilarregui,Luis Ilarregui,Partido Justicialista,,,1,politico,PJ,1
Q12164058,Eduardo de Pedro,Eduardo Enrique de Pedro,Partido Justicialista,,,11,politico,PJ,11
Q4722088,Alfonso Prat Gay,Prat Gay,Coalición Cívica ARI,,,7,politico,UCR,7
Q12164058,Eduardo de Pedro,Wado de Pedro,Partido Justicialista,,,11,politico,PJ,11
Q6781922,María Beatriz Nofal,Maria Beatriz Nofal,Unión Cívica Radical,,,4,politico,UCR,4
Q118613652,Rubén Boxler,José Rubén Boxler,Partido Justicialista,,,0,politico,PJ,0
Q18822404,María Graciela de la Rosa,Maria G. De La Rosa,Partido Justicialista,,,1,politico,PJ,1
Q47451468,Carlos Alberto Fernández,,Unión Cívica Radical,,,3,politico,UCR,3
Q6109589,Roberto Atencia,,Unión Cívica Radical,,,1,politico,UCR,1
Q18719841,Juan Patricio Mussi,,Partido Justicialista,,,2,politico,PJ,2
Q20644683,Facundo Garretón,Facundo Garreton,Cambiemos,,,1,politico,PRO,1
Q18711852,Eduardo Alberto Aguilar,Eduardo Aguilar,Partido Justicialista,,,3,politico,PJ,3
Q16301672,Mario Negri,,Unión Cívica Radical,,,5,politico,UCR,5
Q6101282,Raúl Lucini,Raul Lucini,Partido Justicialista,,,1,politico,PJ,1
Q1580671,Carlos Fuldner,Horst Alberto Carlos Fuldner Bruene,Partido Nazi,,,7,politico,Dictadura,7
Q6015476,Miguel del Sel,Miguel Ignacio Torres del Sel,Propuesta Republicana,,,4,politico,PRO,4
Q6015476,Miguel del Sel,Miguel Torres del Sel,Propuesta Republicana,,,4,politico,PRO,4
Q4263301,Raúl Scalabrini Ortiz,Raul Scalabrini Ortiz,Unión Cívica Radical,,,6,politico,UCR,6
Q6781944,María Colombo de Acevedo,Maria Colombo de Acevedo,Unión Cívica Radical,,,7,politico,UCR,7
Q6781944,María Colombo de Acevedo,Maria Teresita del Valle Colombo de Acevedo,Unión Cívica Radical,,,7,politico,UCR,7
Q6781944,María Colombo de Acevedo,María Teresita del Valle Colombo de Acevedo,Unión Cívica Radical,,,7,politico,UCR,7
Q60496814,Remo Costanzo,,Partido Justicialista,,,1,politico,PJ,1
Q5934384,Jorge Aguado,Jorge Rubén Aguado,Unión del Centro Democrático,,,5,politico,Liberalismo,5
Q5906413,Eduardo Ruiz,Hector Ruiz,Frente para la Victoria,,,1,politico,PJ,1
Q7299774,Raúl Godoy,,Partido de los Trabajadores Socialistas,,,3,politico,PS,3
Q23942819,Enrique Zuleta,Enrique Manuel Zuleta,Partido Justicialista,,,2,politico,PJ,2
Q3311318,Luis Jiménez de Asúa,Jimenez de Asua,Partido Socialista Obrero Español,,,11,politico,PS,11
Q3311318,Luis Jiménez de Asúa,Jimenez de Asúa,Partido Socialista Obrero Español,,,11,politico,PS,11
Q3311318,Luis Jiménez de Asúa,Jiménez de Asua,Partido Socialista Obrero Español,,,11,politico,PS,11
Q3311318,Luis Jiménez de Asúa,Jiménez de Asúa,Partido Socialista Obrero Español,,,11,politico,PS,11
Q3311318,Luis Jiménez de Asúa,Luis Jimenez de Asua,Partido Socialista Obrero Español,,,11,politico,PS,11
Q3311318,Luis Jiménez de Asúa,Luis Jimenez de Asúa,Partido Socialista Obrero Español,,,11,politico,PS,11
Q3311318,Luis Jiménez de Asúa,Luis Jiménez de Asua,Partido Socialista Obrero Español,,,11,politico,PS,11
Q6048606,Octaviano Vera,,Unión Cívica Radical,,,1,politico,UCR,1
Q5591576,Graciela Ocaña,Graciela Ocana,Frente País Solidario,,,6,politico,PS,6
Q5591576,Graciela Ocaña,la hormiguita,Frente País Solidario,,,6,politico,PS,6
Q5041825,Carlos Becerra,Carlos Armando Becerra,Unión Cívica Radical,,,4,politico,UCR,4
Q108373971,Susana Graciela Landriscini,,Partido Justicialista,,,2,politico,PJ,2
Q12341,Roberto Noble,Roberto Jorge Noble,Partido Socialista,,,9,politico,PS,9
Q12341,Roberto Noble,Roberto Jorge Noble Larrosa,Partido Socialista,,,9,politico,PS,9
Q5667627,Alfredo Concepción,Alfredo Concepcion,Unión Cívica Radical,,,1,politico,UCR,1
Q122956512,Carlos Pedrini,,Propuesta Republicana,,,2,politico,PRO,2
Q5667627,Alfredo Concepción,J.J. Alfredo Concepción,Unión Cívica Radical,,,1,politico,UCR,1
Q5667627,Alfredo Concepción,J.J.A. Concepción,Unión Cívica Radical,,,1,politico,UCR,1
Q5667627,Alfredo Concepción,Juan José Alfredo Concepción,Unión Cívica Radical,,,1,politico,UCR,1
Q60145,Walther Darré,Richard Walther Darre,Partido Nazi,,,37,politico,Dictadura,37
Q60145,Walther Darré,Richard Walther Darré,Partido Nazi,,,37,politico,Dictadura,37
Q60145,Walther Darré,Walther Darre,Partido Nazi,,,37,politico,Dictadura,37
Q5931725,Joaquín Argonz,Joaquin Argonz,Partido Demócrata (Argentina),,,2,politico,Liberalismo,2
Q63342306,Jorge Alberto D'Onofrio,,Frente Renovador,,,0,politico,PJ,0
Q3830682,Leopoldo Bard,,Unión Cívica Radical,,,5,politico,UCR,5
Q118122506,Narciso Segundo Mallea,Narciso Mallea,Unión Cívica Nacional,,,2,politico,UCR,2
Q118122506,Narciso Segundo Mallea,Narciso S. Mallea,Unión Cívica Nacional,,,2,politico,UCR,2
Q118122506,Narciso Segundo Mallea,Segundo Huarpe,Unión Cívica Nacional,,,2,politico,UCR,2
Q6108136,Ricardo Echegaray,Ricardo Daniel Echegaray,Frente para la Victoria,,,2,politico,PJ,2
Q15927289,Zacarías Agüero Vera,Zacarias Aguero Vera,Unión Cívica Radical,,,2,politico,UCR,2
Q5951862,Juan Pablo Schiavi,,Partido Justicialista,,,3,politico,PJ,3
Q7454303,Sergio Karakachoff,Karakachoff,Unión Cívica Radical,,,4,politico,UCR,4
Q5878337,Gerardo Milman,,Generación para un Encuentro Nacional,,,4,politico,PS,4
Q2617461,Juan Manuel Abal Medina,,Partido Justicialista,,,5,politico,PJ,5
Q16584958,Juan Maurín,Juan Bautista Nicolás Maurin,Partido Demócrata (Argentina),,,1,politico,Liberalismo,1
Q2130489,Ramón Javier Mestre,Ramon J. Mestre,Unión Cívica Radical,,,7,politico,UCR,7
Q2130489,Ramón Javier Mestre,Ramón J. Mestre,Unión Cívica Radical,,,7,politico,UCR,7
Q2130489,Ramón Javier Mestre,Ramon Javier Mestre,Unión Cívica Radical,,,7,politico,UCR,7
Q3351895,Omar Palma,Negro,Partido Justicialista,,,10,politico,PJ,10
Q5937349,José Aguirre Cámara,Jose Aguirre Camara,Partido Demócrata de Córdoba,,,2,politico,Liberalismo,2
Q9054826,Palito Ortega,"Ramon ""Palito"" Ortega",Partido Justicialista,,,10,politico,PJ,10
Q9054826,Palito Ortega,"Ramón ""Palito"" Ortega",Partido Justicialista,,,10,politico,PJ,10
Q9054826,Palito Ortega,Ramon Bautista Ortega,Partido Justicialista,,,10,politico,PJ,10
Q9054826,Palito Ortega,Ramón Bautista Ortega,Partido Justicialista,,,10,politico,PJ,10
Q9054826,Palito Ortega,Ramon Ortega (politico),Partido Justicialista,,,10,politico,PJ,10
Q9054826,Palito Ortega,Ramon Ortega (político),Partido Justicialista,,,10,politico,PJ,10
Q9054826,Palito Ortega,Ramón Ortega (politico),Partido Justicialista,,,10,politico,PJ,10
Q9054826,Palito Ortega,Ramón Ortega (político),Partido Justicialista,,,10,politico,PJ,10
Q451948,Carlos Ruckauf,Carlos F. Ruckauf,Partido Justicialista,,,7,politico,PJ,7
Q451948,Carlos Ruckauf,Carlos F.Ruckauf,Partido Justicialista,,,7,politico,PJ,7
Q451948,Carlos Ruckauf,Carlos Federico Ruckauf,Partido Justicialista,,,7,politico,PJ,7
Q6101370,Raúl Leoncio Piacenza,Raul Leoncio Piacenza,Partido Justicialista,,,1,politico,PJ,1
Q5998873,Mario Meoni,Mario Andrés Meoni,Unión Cívica Radical,,,9,politico,UCR,9
Q5831295,Emilio Ravignani,Emilio Juan Francisco Ravignani,Unión Cívica Radical,,,3,politico,UCR,3
Q118742360,László Wenckheim,,político independiente,,,0,politico,Dictadura,0
Q5948020,Juan C. Beni,Juan Carlos Beni,Partido Justicialista,,,1,politico,PJ,1
Q4533357,Patricio Echegaray,Patricio Eduardo Echegaray,Partido Comunista,,,5,politico,Izquierda,5
Q16488161,Adeodato Berrondo,Adeodato Isidro Berrondo,Partido Autonomista Nacional,,,2,politico,Liberalismo,2
Q5948053,Jorge Galeano,Jorge Enrique Lisandro Galeano,Partido Justicialista,,,1,politico,PJ,1
Q6298935,Juan B. Justo,Juan B Justo,Partido Socialista,,,10,politico,PS,10
Q6298935,Juan B. Justo,Juan Bautista Justo,Partido Socialista,,,10,politico,PS,10
Q16298511,José Manuel Corral,Jose Manuel Corral,Unión Cívica Radical,,,4,politico,UCR,4
Q5948039,Juan Cabandié,Juan Cabandie,Partido Justicialista,,,7,politico,PJ,7
Q5948039,Juan Cabandié,Juan Cabandié Alfonsín,Partido Justicialista,,,7,politico,PJ,7
Q5865215,Francisco Beiró,Francisco Beiro,Unión Cívica Radical,,,5,politico,UCR,5
Q5948520,Juan Carlos Pugliese (padre),Juan Carlos Pugliese,Unión Cívica Radical,,,5,politico,UCR,5
Q125415041,Christian Zulli,Christian Alejandro Zulli,Partido Justicialista,,,1,politico,PJ,1
Q61715213,Paola Silvana Domínguez,,Partido Justicialista,,,1,politico,PJ,1
Q17612397,Ramón Lascano,Ramon Lascano,Unión Cívica Radical,,,1,politico,UCR,1
Q17612455,Eudoro Vargas Gómez,Eudoro Vargas Gomez,Unión Cívica Radical,,,1,politico,UCR,1
Q137547914,Q137547914,,Unión del Centro Democrático,,,1,politico,Liberalismo,1
Q474099,Rodolfo Freude,,Partido Justicialista,,,10,politico,PJ,10
Q5831343,Emilio Tomás,Emilio Tomas,Unión Cívica Radical,,,2,politico,UCR,2
Q5833657,Enrique Olivera,,Coalición Cívica ARI,,,6,politico,UCR,6
Q108101212,Francisco Guevara,Alejandro Francisco Guevara Olivera,Partido Justicialista,,,3,politico,PJ,3
Q3058874,Esteban Righi,Esteban Justo Antonio Righi,Partido Justicialista,,,5,politico,PJ,5
Q123746875,Gyula Szabó,,Partido de la Vida Húngara,,,1,politico,Sin clasificar,1
Q28975186,Francisco Arrúa,Francisco Arrua,Partido Demócrata Cristiano,,,1,politico,Liberalismo,1
Q5202568,César Jaroslavsky,Cesar Jaroslavsky,Unión Cívica Radical,,,4,politico,UCR,4
Q5202568,César Jaroslavsky,Chacho Jaroslavsky,Unión Cívica Radical,,,4,politico,UCR,4
Q4821334,Augusto Timoteo Vandor,Vandor,Partido Justicialista,,,5,politico,PJ,5
Q3740202,Alberto Weretilneck,Alberto Edgardo Weretilneck,Juntos Somos Río Negro,,,5,politico,UCR,5
Q5202568,César Jaroslavsky,Jaroslavsky,Unión Cívica Radical,,,4,politico,UCR,4
Q6110928,Rogelio Araya,,Unión Cívica Radical,,,2,politico,UCR,2
Q124413493,Eduardo Galaretto,Eduardo Horacio Galaretto,Unión Cívica Radical,,,1,politico,UCR,1
Q5829946,Eloy de Igarzábal,Eloy de Igarzabal,Partido Autonomista Nacional,,,2,politico,Liberalismo,2
Q4403662,Miguel Ángel Zavala Ortiz,Zavala Ortiz,Unión Cívica Radical,,,6,politico,UCR,6
Q3417215,Rafael Bielsa,Rafael Antonio Bielsa,Frente para la Victoria,,,7,politico,PJ,7
Q3417215,Rafael Bielsa,Rafael Antonio Bielsa Caldera,Frente para la Victoria,,,7,politico,PJ,7
Q6039644,Nelson Daniel Gleadell,,Partido Justicialista,,,2,politico,PJ,2
Q5673531,Américo Aguilera,Americo Aguilera,Unión Cívica Radical,,,2,politico,UCR,2
Q1042620,Carlos Alberto Hogan y Costa,Carlos Alberto Hogan,Partido Justicialista,,,2,politico,PJ,2
Q27500560,Juan Gregorio Cerezo,,Partido Demócrata (Argentina),,,1,politico,Liberalismo,1
Q6527143,Leopoldo Bravo,,Partido Justicialista,,,5,politico,PJ,5
Q123488873,Santiago Caputo,,La Libertad Avanza,,,1,politico,Liberalismo,1
Q21279728,Oscar Herrera Ahuad,El Turco,Partido Justicialista,,,4,politico,PJ,4
Q6020704,Moisés Lebensohn,Moises Lebensohn,Unión Cívica Radical,,,3,politico,UCR,3
Q125216026,Daniel Barrera,,Partido Justicialista,,,0,politico,PJ,0
Q18668547,Ricardo Caballero,,Unión Cívica Radical,,,2,politico,UCR,2
Q5859387,Fernando Chironi,Fernando Gustavo Chironi,Unión Cívica Radical,,,2,politico,UCR,2
Q3514542,Vjekoslav Vrančić,Vjekoslav Vrancic,Movimiento de Liberación de Croacia,,,9,politico,Sin clasificar,9
Q20794860,Juan Carlos Puig,,Partido Justicialista,,,2,politico,PJ,2
Q28122828,Roberto M. Dupeyron,Roberto Manuel Dupeyron,Partido Justicialista,,,1,politico,PJ,1
Q19255355,Hugo Abel Sager,Hugo Sager,Partido Justicialista,,,3,politico,PJ,3
Q5955314,Julio Garro,,Propuesta Republicana,,,3,politico,PRO,3
Q6099692,Ramón Gómez,Ramon Gomez,Unión Cívica Radical,,,1,politico,UCR,1
Q5999242,Marisa Arrúe,Marisa Arrue,Partido Popular,,,5,politico,Sin clasificar,5
Q5999242,Marisa Arrúe,Marisa Arrue Bergareche,Partido Popular,,,5,politico,Sin clasificar,5
Q5999242,Marisa Arrúe,Marisa Arrúe Bergareche,Partido Popular,,,5,politico,Sin clasificar,5
Q18818393,Sandra Trigo,,Unión por Córdoba,,,1,politico,Sin clasificar,1
Q5475638,Cipriano Reyes,,Partido Laborista,,,4,politico,PJ,4
Q8078208,Élida Vigo,Elida Maria Vigo,Partido de la Concordia Social,,,4,politico,PJ,4
Q8078208,Élida Vigo,Élida María Vigo,Partido de la Concordia Social,,,4,politico,PJ,4
Q8078208,Élida Vigo,Elida Vigo,Partido de la Concordia Social,,,4,politico,PJ,4
Q6068353,Q6068353,,Unión del Centro Democrático,,,3,politico,Liberalismo,3
Q21591711,Julio Martínez,Julio Martinez,Unión Cívica Radical,,,3,politico,UCR,3
Q5937793,José Antonio Elola-Olaso,Jose Antonio Elola Olaso Idiacaiz,Falange Española Tradicionalista y de las JONS,,,4,politico,Sin clasificar,4
Q5937793,José Antonio Elola-Olaso,Jose Antonio Elola-Olaso,Falange Española Tradicionalista y de las JONS,,,4,politico,Sin clasificar,4
Q97940952,Fabián Gramajo,,Partido Justicialista,,,1,politico,PJ,1
Q6110540,Rodolfo Lehmann,,Unión Cívica Radical,,,2,politico,UCR,2
Q16529971,Anacleto Gil,,Partido Autonomista Nacional,,,3,politico,Liberalismo,3
Q5664845,Alejandro Carbó,Alejandro Carbo,Partido Autonomista Nacional,,,3,politico,Liberalismo,3
Q21970165,Miguel de Godoy,,Propuesta Republicana,,,2,politico,PRO,2
Q108261189,Jorge Sarghini,Jorge Emilio Sarghini,Frente Renovador,,,2,politico,PJ,2
Q16492730,Enrique Tomás Cresto,Enrique Tomas Cresto,Partido Justicialista,,,2,politico,PJ,2
Q27916844,Fernando Gray,Fernando Javier Gray,Partido Justicialista,,,2,politico,PJ,2
Q106308270,Ulpiano Suárez,Ulpiano Leandro Suárez,Unión Cívica Radical,,,1,politico,UCR,1
Q106308270,Ulpiano Suárez,Yayo Suárez,Unión Cívica Radical,,,1,politico,UCR,1
Q16301688,Tamandaré Ramirez Forte,Tamandare Ramirez Forte,Partido Justicialista,,,1,politico,PJ,1
Q5938489,José Benjamín Ábalos,Jose Benjamin Abalos,Unión Cívica Radical,,,1,politico,UCR,1
Q16301802,Juan Manuel Irrazábal,Juan Manuel Irrazabal,Partido Justicialista,,,2,politico,PJ,2
Q105800319,Palma Rosa Carrillo,,Partido Justicialista,,,1,politico,PJ,1
Q5676972,Anibal Julio Asseff,,Cambiemos,,,1,politico,PRO,1
Q11685370,Jorge Alberto Rodríguez,Jorge Alberto Rodriguez,Partido Justicialista,,,5,politico,PJ,5
Q16942044,Eduardo Miguel,,Unión Cívica Radical,,,1,politico,UCR,1
Q9029098,Mario Alberto Ishii,Ishii,Frente para la Victoria,,,6,politico,PJ,6
Q6298916,Juan Atilio Bramuglia,Bramuglia,Partido Justicialista,,,6,politico,PJ,6
Q5664802,Alejandro Biondini,Alejandro Carlos Biondini,Partido Justicialista,,,3,politico,PJ,3
Q47459054,Gabriel Sánchez Zinny,,Cambiemos,,,1,politico,PRO,1
Q6298916,Juan Atilio Bramuglia,Juan A Bramuglia,Partido Justicialista,,,6,politico,PJ,6
Q6298916,Juan Atilio Bramuglia,Juan A. Bramuglia,Partido Justicialista,,,6,politico,PJ,6
Q6298916,Juan Atilio Bramuglia,Juan Bramuglia,Partido Justicialista,,,6,politico,PJ,6
Q2429045,Victoria Donda,Victoria Analia Donda Perez,Somos (partido político),,,13,politico,Sin clasificar,13
Q2429045,Victoria Donda,Victoria Analía Donda Pérez,Somos (partido político),,,13,politico,Sin clasificar,13
Q2429045,Victoria Donda,Victoria Donda Perez,Somos (partido político),,,13,politico,Sin clasificar,13
Q2429045,Victoria Donda,Victoria Donda Pérez,Somos (partido político),,,13,politico,Sin clasificar,13
Q8195420,Alfredo de Angeli,Alfredo De Angeli,Propuesta Republicana,,,5,politico,PRO,5
Q8195420,Alfredo de Angeli,Alfredo de Angelis (dirigente rural),Propuesta Republicana,,,5,politico,PRO,5
Q8195420,Alfredo de Angeli,Alfredo Luis de Angeli,Propuesta Republicana,,,5,politico,PRO,5
Q8195420,Alfredo de Angeli,De Angeli,Propuesta Republicana,,,5,politico,PRO,5
Q6110494,Rodolfo Díaz,Rodolfo Diaz,Partido Justicialista,,,3,politico,PJ,3
Q464916,Rubén Giustiniani,Giustiniani,Partido Socialista,,,6,politico,PS,6
Q2836645,Pablo Tschirsch,Pablo Juan Tschirsch,Partido Justicialista,,,1,politico,PJ,1
Q5982872,Luis Barrionuevo,Jose Luis Barrionuevo,Partido Justicialista,,,3,politico,PJ,3
Q5982872,Luis Barrionuevo,José Luis Barrionuevo,Partido Justicialista,,,3,politico,PJ,3
Q138500672,Juan Radonjic,"Juan ""Boni"" Radonjic",Unión Cívica Radical,,,0,politico,UCR,0
Q5559402,Federico Martínez de Hoz,Federico Martinez de Hoz,Partido Demócrata (Argentina),,,2,politico,Liberalismo,2
Q5490895,Raúl Borrás,Raul Borras,Unión Cívica Radical,,,4,politico,UCR,4
Q609151,María Eugenia Estenssoro,Maria Eugenia Estenssoro,Coalición Cívica ARI,,,6,politico,UCR,6
Q5490123,Matías Sánchez Sorondo,Matias G. Sanchez Sorondo,Partido Conservador Popular (Argentina),,,2,politico,Sin clasificar,2
Q5490123,Matías Sánchez Sorondo,Matías G. Sánchez Sorondo,Partido Conservador Popular (Argentina),,,2,politico,Sin clasificar,2
Q5490123,Matías Sánchez Sorondo,Matias Guillermo Sanchez Sorondo,Partido Conservador Popular (Argentina),,,2,politico,Sin clasificar,2
Q5490123,Matías Sánchez Sorondo,Matías Guillermo Sánchez Sorondo,Partido Conservador Popular (Argentina),,,2,politico,Sin clasificar,2
Q5490123,Matías Sánchez Sorondo,Matias Sanchez Sorondo,Partido Conservador Popular (Argentina),,,2,politico,Sin clasificar,2
Q18643973,Natalio Carvajal Palacios,,Partido Justicialista,,,1,politico,PJ,1
Q7454303,Sergio Karakachoff,Sergio Karacachoff,Unión Cívica Radical,,,4,politico,UCR,4
Q124433627,Guillermo Maximiliano Montenegro,,Partido Demócrata (Argentina),,,1,politico,Liberalismo,1
Q124361357,Bruno Olivera Lucero,Bruno Antonio Olivera Lucero,La Libertad Avanza,,,1,politico,Liberalismo,1
Q47117980,Daniel Fernando Arroyo,Daniel Arroyo,Partido Justicialista,,,3,politico,PJ,3
Q47495245,Raymundo Meabe,,Partido Liberal de Corrientes,,,1,politico,Liberalismo,1
Q16957213,Arturo Torres,,Unión Cívica Radical,,,2,politico,UCR,2
Q16301760,Silvia Risko,Silvia Lucrecia Risko,Partido Justicialista,,,3,politico,PJ,3
Q5616214,Guillermo Moreno,El Guillote,Partido Justicialista,,,9,politico,PJ,9
Q65742379,Francisco Quintana,,Propuesta Republicana,,,0,politico,PRO,0
Q456351,Julio Cobos,Julio César Cleto Cobos,Unión Cívica Radical,,,20,politico,UCR,20
Q456351,Julio Cobos,Julio Cleto Cobos,Unión Cívica Radical,,,20,politico,UCR,20
Q22115894,Fernando Cosentino,,Partido Justicialista,,,1,politico,PJ,1
Q7454335,Sergio Montiel,Sergio Alberto Montiel,Unión Cívica Radical,,,4,politico,UCR,4
Q7454335,Sergio Montiel,Sergio Alberto Montiel Forzano,Unión Cívica Radical,,,4,politico,UCR,4
Q6454348,José Humberto Martiarena,Jose Humberto Martiarena,Partido Justicialista,,,1,politico,PJ,1
Q16298697,Patricia de Ferrari Rueda,Patricia de Ferrari,Unión Cívica Radical,,,1,politico,UCR,1
Q114828877,Micaela Morán,,Frente Renovador,,,2,politico,PJ,2
Q16559017,Edgardo Castello,,Unión Cívica Radical,,,1,politico,UCR,1
Q22667011,Oscar Romero,Oscar Alberto Romero,Partido Justicialista,,,2,politico,PJ,2
Q15192668,Pablo López,Pablo Lopez,Partido Obrero,,,4,politico,Izquierda,4
Q16145312,Alejandro Granados,Alejandro Santiago Granados,Partido Justicialista,,,2,politico,PJ,2
Q124539719,Daiana Fernández Molero,,Propuesta Republicana,,,1,politico,PRO,1
Q105430824,Nicolás Mantegazza,,Partido Justicialista,,,1,politico,PJ,1
Q84242672,Horacio Jorge Zubiri,,Unión Cívica Radical,,,2,politico,UCR,2
Q60290969,Dardo Pablo Blanc,,Partido Justicialista,,,1,politico,PJ,1
Q19632141,Gabriela Alegre,Gabriela Patricia Alegre,Frente para la Victoria,,,1,politico,PJ,1
Q63349657,Enzo Luis Pagani,Enzo Pagani,Recrear para el Crecimiento,,,1,politico,Liberalismo,1
Q27955998,Ismael Bruno Quijano,,Unión Cívica Radical Intransigente,,,1,politico,UCR,1
Q5888670,Guillermo Kelly,Guillermo Patricio Kelly,Alianza Libertadora Nacionalista,,,6,politico,Dictadura,6
Q5998398,Mario Agodino,Mario Dante Agodino,Partido Justicialista,,,3,politico,PJ,3
Q5340656,Eduardo Laurencena,,Unión Cívica Radical,,,6,politico,UCR,6
Q60428595,Emilio Jofré,Emilio Jofre,Partido Demócrata de Mendoza,,,2,politico,Liberalismo,2
Q10312634,Juan Ramón Duarte,Juan Duarte,Partido Justicialista,,,3,politico,PJ,3
Q9057579,Pedro Mouratian,Pedro Marcelo Mouratian,Frente para la Victoria,,,1,politico,PJ,1
Q5657339,Adalberto Rodríguez Giavarini,Adalberto Rodriguez Giavarini,Unión Cívica Radical,,,4,politico,UCR,4
Q2892656,Raúl Apold,Raul Alejandro Apold,Partido Justicialista,,,6,politico,PJ,6
Q2892656,Raúl Apold,Raúl Alejandro Apold,Partido Justicialista,,,6,politico,PJ,6
Q5862988,Floreal Antonio Ferrara,,Partido Justicialista,,,1,politico,PJ,1
Q21591711,Julio Martínez,Julio Cesar Martinez,Unión Cívica Radical,,,3,politico,UCR,3
Q138500672,Juan Radonjic,"Juan ""Bony"" Radonjic",Unión Cívica Radical,,,0,politico,UCR,0
Q5704479,Armando Durán,Armando Duran,Acción Democrática,,,2,politico,Sin clasificar,2
Q2347235,Antonio Cafiero,Antonio Francisco Cafiero,Partido Justicialista,,,12,politico,PJ,12
Q5982877,Luis Basterra,Luis Eugenio Basterra,Frente para la Victoria,,,4,politico,PJ,4
Q5920414,Irma Roy,Irma Carolina Gugliermo,Partido Justicialista,,,7,politico,PJ,7
Q593126,Ítalo Luder,Italo Argentino Luder,Partido Justicialista,,,10,politico,PJ,10
Q593126,Ítalo Luder,Ítalo Argentino Luder,Partido Justicialista,,,10,politico,PJ,10
Q593126,Ítalo Luder,Italo Luder,Partido Justicialista,,,10,politico,PJ,10
Q27267363,Daniel Capitanich,Mateo Daniel Capitanich,Partido Justicialista,,,1,politico,PJ,1
Q5906007,Héctor Asor Blasi,Hector Asor Blasi,Partido Justicialista,,,2,politico,PJ,2
Q941258,Ginés González García,Gines Gonzalez Garcia,Partido Justicialista,,,9,politico,PJ,9
Q75637063,Víctor Daniel Monfasani,,Partido Justicialista,,,0,politico,PJ,0
Q5981900,Lucas Luna Olmos,,Partido Autonomista Nacional,,,3,politico,Liberalismo,3
Q5929494,Jerónimo del Barco,Geronimo del Barco,Partido Autonomista Nacional,,,2,politico,Liberalismo,2
Q5929494,Jerónimo del Barco,Gerónimo del Barco,Partido Autonomista Nacional,,,2,politico,Liberalismo,2
Q5929494,Jerónimo del Barco,Geronimo Pantaleon del Barco,Partido Autonomista Nacional,,,2,politico,Liberalismo,2
Q5929494,Jerónimo del Barco,Gerónimo Pantaleón del Barco,Partido Autonomista Nacional,,,2,politico,Liberalismo,2
Q16144989,Ramón Albariño,,Partido Justicialista,,,2,politico,PJ,2
Q5929494,Jerónimo del Barco,Jeronimo del Barco,Partido Autonomista Nacional,,,2,politico,Liberalismo,2
Q5929494,Jerónimo del Barco,Jeronimo Pantaleon del Barco,Partido Autonomista Nacional,,,2,politico,Liberalismo,2
Q5929494,Jerónimo del Barco,Jerónimo Pantaleón del Barco,Partido Autonomista Nacional,,,2,politico,Liberalismo,2
Q5948411,Juan Carlos Marino,Juan Marino,Unión Cívica Radical,,,4,politico,UCR,4
Q18676761,Oscar Albrieu,Oscar E. Albrieu,Unión Cívica Radical,,,2,politico,UCR,2
Q18676761,Oscar Albrieu,Oscar Edmundo Albrieu,Unión Cívica Radical,,,2,politico,UCR,2
Q18676761,Oscar Albrieu,Oscar Edmundo Nicolás Albrieu,Unión Cívica Radical,,,2,politico,UCR,2
Q18669902,Manuel Álvarez Pereyra,Cristino Manuel María Álvarez Pereyra,Unión Cívica Radical,,,1,politico,UCR,1
Q106384615,Carlos Lemos,,Unión Cívica Radical,,,1,politico,UCR,1
Q18669902,Manuel Álvarez Pereyra,Manuel Alvarez Pereyra,Unión Cívica Radical,,,1,politico,UCR,1
Q1566440,Fabián Ríos,Fabian Ríos,Partido Justicialista,,,5,politico,PJ,5
Q1566440,Fabián Ríos,Fabián Rios,Partido Justicialista,,,5,politico,PJ,5
Q1566440,Fabián Ríos,Roberto Fabian Rios,Partido Justicialista,,,5,politico,PJ,5
Q1566440,Fabián Ríos,Roberto Fabian Ríos,Partido Justicialista,,,5,politico,PJ,5
Q1566440,Fabián Ríos,Roberto Fabián Rios,Partido Justicialista,,,5,politico,PJ,5
Q4749645,Américo Ghioldi,Americo Ghioldi,Partido Socialista,,,5,politico,PS,5
Q16298122,Nicolás Caputo,Nicolas Caputo,Propuesta Republicana,,,2,politico,PRO,2
Q4749645,Américo Ghioldi,Ghioldi,Partido Socialista,,,5,politico,PS,5
Q5830181,Elías Adre,Elias Adre,Partido Justicialista,,,1,politico,PJ,1
Q6763895,Marina Riofrío,Marina Riofrio,Partido Justicialista,,,4,politico,PJ,4
Q20016345,Malena Galmarini,Malena Massa,Partido Justicialista,,,3,politico,PJ,3
Q16617400,Pedro Fernando Riera,,Partido Justicialista,,,3,politico,PJ,3
Q3815109,Ángel Gallardo,Angel Gallardo,Unión Cívica Radical,,,12,politico,UCR,12
Q7050423,Norberto Yauhar,Norberto Gustavo Yahuar,Partido Justicialista,,,4,politico,PJ,4
Q7050423,Norberto Yauhar,Norberto Gustavo Yauhar,Partido Justicialista,,,4,politico,PJ,4
Q7050423,Norberto Yauhar,Norberto Yahuar,Partido Justicialista,,,4,politico,PJ,4
Q7050423,Norberto Yauhar,Yahuar,Partido Justicialista,,,4,politico,PJ,4
Q4933386,Felipe Gallardo,,Partido Justicialista,,,1,politico,PJ,1
Q22232264,Helios Eseverri,,Unión Cívica Radical,,,1,politico,UCR,1
Q66092712,Horacio Alberto Alcuaz,,Coalición Cívica,,,0,politico,Sin clasificar,0
Q5393902,Diego Luis Molinari,,Unión Cívica Radical,,,2,politico,UCR,2
Q18729145,Raul Eduardo Baglini,Raul Baglini,Unión Cívica Radical,,,6,politico,UCR,6
Q18729145,Raul Eduardo Baglini,Raúl Eduardo Baglini,Unión Cívica Radical,,,6,politico,UCR,6
Q24685581,Alejandro Amor,,Partido Justicialista,,,2,politico,PJ,2
Q5830221,Elías Jassán,Elias Jassan,Partido Justicialista,,,2,politico,PJ,2
Q3857273,Miguel Ángel Lunghi,Lunghi,Unión Cívica Radical,,,3,politico,UCR,3
Q105081696,Héctor Polino,,Partido Socialista,,,4,politico,PS,4
Q1688025,Jerónimo Remorino,,Partido Justicialista,,,4,politico,PJ,4
Q2889273,Miguel Ángel Pesce,Miguel Angel Pesce,Unión Cívica Radical,,,6,politico,UCR,6
Q5831330,Emilio Siri,,Unión Cívica Radical,,,1,politico,UCR,1
Q18223595,Julio Alberto Ifrán,Julio Alberto Ifran,Partido Justicialista,,,1,politico,PJ,1
Q5386230,Eric Calcagno,Eric Calcagno y Maillmann,Frente para la Victoria,,,4,politico,PJ,4
Q108322391,Nancy Sand,Nancy Aracely Sand Giorasi,Partido Justicialista,,,2,politico,PJ,2
Q123163193,Diana Mondino,Diana Elena Mondino,político independiente,,,10,politico,Dictadura,10
Q5831227,Emilio Mitre,Emilio Edelmiro Mitre y Vedia,Unión Cívica Nacional,,,2,politico,UCR,2
Q84495368,José Amadeo Conte Grand,,Partido Justicialista,,,2,politico,PJ,2
Q8195340,Alfredo Atanasof,Alfredo Néstor Atanasof,Unión - Pro,,,7,politico,Sin clasificar,7
Q8195340,Alfredo Atanasof,Atanasof,Unión - Pro,,,7,politico,Sin clasificar,7
Q123316366,Julián Álvarez,Alejandro Julián Álvarez,Partido Justicialista,,,2,politico,PJ,2
Q17274390,Alejandro Bodart,Hugo Alejandro Bodart,Movimiento Socialista de los Trabajadores,,,2,politico,Izquierda,2
Q124438131,Luciana Potenza,,Partido Justicialista,,,2,politico,PJ,2
Q7108084,Osvaldo Álvarez Guerrero,Osvaldo Alvarez Guerrero,Unión Cívica Radical,,,5,politico,UCR,5
Q8076665,Álvaro Alsogaray,Alvaro Alsogaray,Unión de Centro Democrático,,,7,politico,Sin clasificar,7
Q8076665,Álvaro Alsogaray,Alvaro Carlos Alsogaray,Unión de Centro Democrático,,,7,politico,Sin clasificar,7
Q8076665,Álvaro Alsogaray,Álvaro Carlos Alsogaray,Unión de Centro Democrático,,,7,politico,Sin clasificar,7
Q17612304,Francisco de Durañona y Vedia,,Unión del Centro Democrático,,,1,politico,Liberalismo,1
Q14623844,Victorio Calabró,Victorio Calabro,Frente Justicialista de Liberación,,,2,politico,PJ,2
Q30905503,Alejandro Finocchiaro,Alejandro Oscar Finocchiaro,Propuesta Republicana,,,4,politico,PRO,4
Q16297548,Enrique Avrobado,,Propuesta Republicana,,,1,politico,PRO,1
Q5475573,Blas Brisoli,,Partido Justicialista,,,2,politico,PJ,2
Q19161427,César Iturre,Cesar Iturre,Partido Justicialista,,,1,politico,PJ,1
Q2159496,Roberto Etchepareborda,Etchepareborda,Unión Cívica Radical,,,5,politico,UCR,5
Q98503316,Oscar Garbe,,Partido Justicialista,,,1,politico,PJ,1
Q5878197,Gerardo Amieiro,Gerardo Osvaldo Amieiro,Partido Justicialista,,,1,politico,PJ,1
Q8193951,Aldo Tessio,Aldo Emilio Tessio,Unión Cívica Radical,,,3,politico,UCR,3
Q28058759,Nicolás Dujovne,Nicolas Dujovne,Propuesta Republicana,,,6,politico,PRO,6
Q6752919,Manuel Trajtenberg,,Unión Sionista,,,10,politico,Sin clasificar,10
Q27820734,Francisco Marcos Anglada,,Partido Justicialista,,,1,politico,PJ,1
Q5253884,Delia Pinchetti de Sierra Morales,Delia Norma Pinchetti de Sierra Morales,Fuerza Republicana,,,3,politico,Dictadura,3
Q960024,Alberto Manuel Campos,,Partido Justicialista,,,4,politico,PJ,4
Q27925528,Adolfo Nicolás Mugica,Adolfo Mugica Elizalde,Partido Demócrata (Argentina),,,1,politico,Liberalismo,1
Q27925528,Adolfo Nicolás Mugica,Adolfo Nicolás Mugica Elizalde,Partido Demócrata (Argentina),,,1,politico,Liberalismo,1
Q4285878,Hryhorij Maciejko,,Organización de Nacionalistas Ucranianos,,,4,politico,Sin clasificar,4
Q124457261,Sabrina Selva,,Frente Renovador,,,1,politico,PJ,1
Q65902278,Germán Quintela Novoa,,Partido Galeguista,,,1,politico,Sin clasificar,1
Q5109408,Christian Castillo,,Partido de los Trabajadores Socialistas,,,5,politico,PS,5
Q1619796,Mario Bravo,El Indio Bravo,Partido Socialista,,,7,politico,PS,7
Q108530229,Lilia Puig de Stubrin,Lilia Jorgelina Guadalupe Puig,Unión Cívica Radical,,,1,politico,UCR,1
Q108530229,Lilia Puig de Stubrin,Lilia Jorgelina Guadalupe Puig de Stubrin,Unión Cívica Radical,,,1,politico,UCR,1
Q108530229,Lilia Puig de Stubrin,Lilia Puig,Unión Cívica Radical,,,1,politico,UCR,1
Q176160,Carlos Soria,Carlos Ernesto Soria,Partido Justicialista,,,10,politico,PJ,10
Q28058800,Luis Caputo,Luis Andrés Caputo,Propuesta Republicana,,,13,politico,PRO,13
Q28058800,Luis Caputo,Luis Toto Caputo,Propuesta Republicana,,,13,politico,PRO,13
Q28058800,Luis Caputo,Toto Caputo,Propuesta Republicana,,,13,politico,PRO,13
Q27983000,Oscar Luján Fappiano,Oscar Lujan Fappiano,Partido Justicialista,,,1,politico,PJ,1
Q124540015,Fernanda Ávila,María Fernanda Ávila,Partido Justicialista,,,1,politico,PJ,1
Q118601316,Laura Cano,,Partido de los Trabajadores Socialistas,,,1,politico,PS,1
Q1588965,Julio Alak Intendente La Plata,Julio César Alak,Partido Justicialista,,,6,politico,PJ,6
Q22160076,Oscar Héctor Costas,Oscar Hector Costas,Partido Justicialista,,,1,politico,PJ,1
Q5663275,Alberto Martínez Baca,Alberto Martinez Baca,Partido Justicialista,,,1,politico,PJ,1
Q5676092,Andrés Rébori,Andres Rebori,Unión Cívica Radical,,,1,politico,UCR,1
Q16583729,José Rafael Gómez,Jose Rafael Gomez,Partido Liberal de Corrientes,,,2,politico,Liberalismo,2
Q6113346,Rubén Rivarola,Rubén Armando Rivarola Mealla,Frente para la Victoria,,,2,politico,PJ,2
Q6113346,Rubén Rivarola,Ruben Rivarola,Frente para la Victoria,,,2,politico,PJ,2
Q6053895,Oscar Julio Shuberoff,,Unión Cívica Radical,,,1,politico,UCR,1
Q18221327,José Constantino Barro,Jose Constantino Barro,Partido Justicialista,,,2,politico,PJ,2
Q27974930,Emir Mercader,Emir Eduardo Mercader,Unión Cívica Radical,,,1,politico,UCR,1
Q108299590,Dante López Rodríguez,,Partido Justicialista,,,2,politico,PJ,2
Q1164999,Dante Caputo,Dante Maria Caputo,Unión Cívica Radical,,,12,politico,UCR,12
Q1164999,Dante Caputo,Dante María Caputo,Unión Cívica Radical,,,12,politico,UCR,12
Q1164999,Dante Caputo,Dante Mario Antonio Caputo,Unión Cívica Radical,,,12,politico,UCR,12
Q7925199,Vicente Saadi,Vicente L. Saadi,peronismo,,,6,politico,PJ,6
Q7925199,Vicente Saadi,Vicente Leonides Saadi,peronismo,,,6,politico,PJ,6
Q20735819,Silvia Martorell,Silvia Elvira Martorell Kaswalder de Illia,Unión Cívica Radical,,,3,politico,UCR,3
Q96252773,Julio Roberto Chamizo,Julio Chamizo,Nueva Fuerza,,,1,politico,Sin clasificar,1
Q96252773,Julio Roberto Chamizo,Julio R. Chamizo,Nueva Fuerza,,,1,politico,Sin clasificar,1
Q106622882,Any Pereyra,Ana María Pereyra,Partido Liberal de Corrientes,,,1,politico,Liberalismo,1
Q106622882,Any Pereyra,Ana María Pereyra Cebreiro,Partido Liberal de Corrientes,,,1,politico,Liberalismo,1
Q106622882,Any Pereyra,Any,Partido Liberal de Corrientes,,,1,politico,Liberalismo,1
Q5413693,Sandra Rioboó,Sandra Rioboo,Frente Amplio Progresista,,,1,politico,Sin clasificar,1
Q981624,Hermes Binner,Binner,Partido Socialista,,,10,politico,PS,10
Q19058310,Edison Otero,Edison Audino Otero,Unión Cívica Radical,,,2,politico,UCR,2
Q3066464,Fanny Edelman,Fanny Jabcovsky,Partido Comunista,,,11,politico,Izquierda,11
Q3066464,Fanny Edelman,Fanny Jacovkis,Partido Comunista,,,11,politico,Izquierda,11
Q9024801,Lucía Alberti,"Alberti, lucia",Unión Cívica Radical,,,6,politico,UCR,6
Q9024801,Lucía Alberti,"Alberti, Lucia",Unión Cívica Radical,,,6,politico,UCR,6
Q9024801,Lucía Alberti,"Alberti, lucía",Unión Cívica Radical,,,6,politico,UCR,6
Q9024801,Lucía Alberti,"Alberti, Lucía",Unión Cívica Radical,,,6,politico,UCR,6
Q9024801,Lucía Alberti,Lucia N. Alberti,Unión Cívica Radical,,,6,politico,UCR,6
Q9024801,Lucía Alberti,Lucía N. Alberti,Unión Cívica Radical,,,6,politico,UCR,6
Q5993110,Manuel Garrido,,Unión Cívica Radical,,,4,politico,UCR,4
Q65475,Heinz Brücher,Brucher,Partido Nazi,,,13,politico,Dictadura,13
Q60824689,Marcelino Mansilla,,Partido Justicialista,,,1,politico,PJ,1
Q5772004,Claudio Lozano,,Instrumento Electoral por la Unidad Popular,,,2,politico,Sin clasificar,2
Q66085313,Ofelia Fernández,,Frente Patria Grande,,,6,politico,PJ,6
Q7121580,Pablo Bruera,Pablo Oscar Bruera,Partido Justicialista,,,4,politico,PJ,4
Q2844048,Gabriel Katopodis,,Partido Justicialista,,,4,politico,PJ,4
Q173238,Carlos Alberto Reutemann,Carlos A Reutemann,Partido Justicialista,,,38,politico,PJ,38
Q173238,Carlos Alberto Reutemann,Carlos A. Reutemann,Partido Justicialista,,,38,politico,PJ,38
Q173238,Carlos Alberto Reutemann,Carlos Reutemann,Partido Justicialista,,,38,politico,PJ,38
Q27786384,Héctor Gay,Hector Gay,Propuesta Republicana,,,2,politico,PRO,2
Q173238,Carlos Alberto Reutemann,Lole Reutemann,Partido Justicialista,,,38,politico,PJ,38
Q173238,Carlos Alberto Reutemann,Reutemann,Partido Justicialista,,,38,politico,PJ,38
Q4712205,Alberto Sileoni,Alberto Estanislao Sileoni,Frente para la Victoria,,,3,politico,PJ,3
Q5952212,Juan Ramón Aguirre Lanari,Juan Ramon Aguirre Lanari,Partido Liberal de Corrientes,,,6,politico,Liberalismo,6
Q2194106,Anton Novačan,,Agrarian Party,,,4,politico,Sin clasificar,4
Q9057603,Pedro Pablo Turner,,Partido Justicialista,,,1,politico,PJ,1
Q3186341,José Joe Baxter,Joe Baxter,Partido Revolucionario de los Trabajadores,,,3,politico,Sin clasificar,3
Q5725699,Benigno Acosta,,Partido Autonomista Nacional,,,1,politico,Liberalismo,1
Q3186341,José Joe Baxter,Jose Joe Baxter,Partido Revolucionario de los Trabajadores,,,3,politico,Sin clasificar,3
Q19663301,Héctor Canaveri,,Partido Autonomista Nacional,,,1,politico,Liberalismo,1
Q99457869,Ricardo Sastre,Ricardo Daniel Sastre,Partido Justicialista,,,1,politico,PJ,1
Q5725958,Benito Villanueva,,Partido Autonomista Nacional,,,3,politico,Liberalismo,3
Q5402890,Darío Giustozzi,Dario Giustozzi,Partido Justicialista,,,3,politico,PJ,3
Q5948657,Juan Carlos Ávalos,Juan Carlos Avalos,Partido Justicialista,,,1,politico,PJ,1
Q5402890,Darío Giustozzi,Ruben Dario Giustozzi,Partido Justicialista,,,3,politico,PJ,3
Q5402890,Darío Giustozzi,Rubén Darío Giustozzi,Partido Justicialista,,,3,politico,PJ,3
Q508497,Pino Solanas,"Fernando ""Pino"" Solanas",Movimiento Proyecto Sur,,,30,politico,Sin clasificar,30
Q508497,Pino Solanas,Fernando E Solanas,Movimiento Proyecto Sur,,,30,politico,Sin clasificar,30
Q508497,Pino Solanas,Fernando E. Solanas,Movimiento Proyecto Sur,,,30,politico,Sin clasificar,30
Q508497,Pino Solanas,Fernando Solanas,Movimiento Proyecto Sur,,,30,politico,Sin clasificar,30
Q16529482,Amado Juri,Amado Nicomedes Juri,Partido Justicialista,,,3,politico,PJ,3
Q5906285,Héctor María Maya,Hector Maria Maya,Partido Justicialista,,,2,politico,PJ,2
Q19841457,Francisco Lucio García,,Partido Autonomista Nacional,,,2,politico,Liberalismo,2
Q131142216,Nancy Ballejos,,Propuesta Republicana,,,1,politico,PRO,1
Q5682613,Héctor Cavallero,El Tigre Cavallero,Partido Socialista Popular,,,5,politico,PS,5
Q5682613,Héctor Cavallero,Hector Cavallero,Partido Socialista Popular,,,5,politico,PS,5
Q5682613,Héctor Cavallero,Héctor José Cavallero,Partido Socialista Popular,,,5,politico,PS,5
Q16297716,Claudia Bello,Claudia Elena Bello,Partido Justicialista,,,2,politico,PJ,2
Q54715574,Carlos Fascendini,Carlos Alcides Fascendini,Unión Cívica Radical,,,1,politico,UCR,1
Q4245666,John William Cooke,John Cooke,Partido Justicialista,,,7,politico,PJ,7
Q47455151,Astrid Hummel,Astrid Carolina Hummel,Propuesta Republicana,,,3,politico,PRO,3
Q99196854,Ariel Báez,Flaco,Vamos Corrientes,,,2,politico,Sin clasificar,2
Q5749556,Carlos Alberto Contín,Carlos Alberto Contin,Unión Cívica Radical,,,1,politico,UCR,1
Q111481645,Claudio Vidal,Claudio Orlando Vidal,Somos Energía para Renovar Santa Cruz,,,2,politico,Sin clasificar,2
Q599714,Ernesto Sanz,Ernesto Ricardo Sanz,Unión Cívica Radical,,,8,politico,UCR,8
Q26951152,José Cabanillas,Jose Cabanillas,Partido Autonomista Nacional,,,1,politico,Liberalismo,1
Q6109701,Roberto Domínguez,Roberto Dominguez,Partido Justicialista,,,2,politico,PJ,2
Q20737416,Juan Fernando Brügge,El Profe,Partido Demócrata Cristiano,,,5,politico,Liberalismo,5
Q6068363,Pedro Buitrago,,Concordancia (Argentina),,,2,politico,Sin clasificar,2
Q2939375,Carlos Ibarguren,Carlos Ibarguren Uriburu,Partido Demócrata Progresista,,,7,politico,Liberalismo,7
Q2939375,Carlos Ibarguren,Carlos Perfecto Ibarguren,Partido Demócrata Progresista,,,7,politico,Liberalismo,7
Q5888761,Guillermo Montenegro,Guillermo Tristan Montenegro,Propuesta Republicana,,,4,politico,PRO,4
Q5663424,Alberto Pierri,Alberto Reinaldo Pierri,Partido Justicialista,,,3,politico,PJ,3
Q21634301,Gustavo Arribas,,Propuesta Republicana,,,4,politico,PRO,4
Q16297772,Claudia Bernazza,Claudia Alicia Bernazza,Partido Justicialista,,,5,politico,PJ,5
Q26996126,Dardo Cúneo,Dardo Cuneo,Partido Socialista,,,2,politico,PS,2
Q110060259,Alba Rueda,,Frente de Todos,,,14,politico,PJ,14
Q4685482,Adriana Bortolozzi,Adriana Raquel Bortolozzi,Partido Justicialista,,,5,politico,PJ,5
Q4685482,Adriana Bortolozzi,Adriana Raquel Bortolozzi de Bogado,Partido Justicialista,,,5,politico,PJ,5
Q107999507,Silvia Beatriz Vázquez,,Partido Verde,,,1,politico,Sin clasificar,1
Q4685482,Adriana Bortolozzi,Bortolozzi,Partido Justicialista,,,5,politico,PJ,5
Q2917313,Rolando de Hertelendy,,Partido Justicialista,,,1,politico,PJ,1
Q6111254,Rolando Tauguinas,,Acción Chaqueña,,,2,politico,Sin clasificar,2
Q5955004,Julio Borda,Julio Castor Borda Esley,Unión Cívica Radical,,,1,politico,UCR,1
Q387646,Florentina Gómez Miranda,Florentina Gomez Miranda,Unión Cívica Radical,,,6,politico,UCR,6
Q137997829,Marcial Candioti,Marcial R. Candioti,Partido Autonomista Nacional,,,2,politico,Liberalismo,2
Q5935872,Jorge Raúl Yoma,Jorge Raul Yoma,Frente para la Victoria,,,4,politico,PJ,4
Q5749612,Carlos Alconada Aramburú,Carlos Alconada Aramburu,Unión Cívica Radical,,,2,politico,UCR,2
Q5749612,Carlos Alconada Aramburú,Carlos Román Santiago Alconada Aramburú,Unión Cívica Radical,,,2,politico,UCR,2
Q6015499,Miguel Ángel Alterach,Miguel Angel Alterach,Partido Justicialista,,,3,politico,PJ,3
Q5868607,Franklin Lucero,,Partido Justicialista,,,4,politico,PJ,4
Q5906382,Héctor Recalde,Héctor Pedro Recalde,Partido Justicialista,,,5,politico,PJ,5
Q2881649,Horacio Ramiro González,Horacio Ramiro Gonzalez,Frente para la Victoria,,,3,politico,PJ,3
Q63342185,Leandro Busatto,,Partido Justicialista,,,2,politico,PJ,2
Q8189866,Adrián Peppino,Adrián Alberto Peppino,Partido Socialista,,,1,politico,PS,1
Q6112058,Roque Carranza,Roque Guillermo Carranza,Unión Cívica Radical,,,2,politico,UCR,2
Q8189866,Adrián Peppino,Adrian Peppino,Partido Socialista,,,1,politico,PS,1
Q5696646,Anselmo Marini,Anselmo Antonio Marini,Unión Cívica Radical,,,2,politico,UCR,2
Q11682645,Humberto Schiavoni,Humberto Luis Arturo Schiavoni,Partido Justicialista,,,6,politico,PJ,6
Q11682645,Humberto Schiavoni,Humberto Luis Schiavoni,Partido Justicialista,,,6,politico,PJ,6
Q5658174,Adolfo Vicchi,Adolfo A. Vicchi,Partido Demócrata (Argentina),,,2,politico,Liberalismo,2
Q5658174,Adolfo Vicchi,Adolfo Ángel Vicchi,Partido Demócrata (Argentina),,,2,politico,Liberalismo,2
Q17634375,Héctor Flores,"Hector ""Toty"" Flores",Coalición Cívica ARI,,,3,politico,UCR,3
Q5749628,Carlos Alfredo Becú,Carlos Alfredo Becu,Unión Cívica Radical,,,3,politico,UCR,3
Q5726582,Bernardino Biella,,Unión Cívica Radical Intransigente,,,1,politico,UCR,1
Q24572317,Victoria Villarruel,Victoria Eugenia Villarruel,La Libertad Avanza,,,25,politico,Liberalismo,25
Q1291179,Eduardo Romero,Eduardo Alejandro Romero,Propuesta Republicana,,,10,politico,PRO,10
Q1291179,Eduardo Romero,El gato Romero,Propuesta Republicana,,,10,politico,PRO,10
Q1291179,Eduardo Romero,Gato Romero,Propuesta Republicana,,,10,politico,PRO,10
Q6003917,María Inés Pilatti Vergara,María Inés Patricia Elizabeth Pilatti Vergara,peronismo,,,4,politico,PJ,4
Q6003917,María Inés Pilatti Vergara,Maria Ines Pilatti Vergara,peronismo,,,4,politico,PJ,4
Q6004057,María José Lubertino,Maria Jose Lubertino Beltrán,Unión Cívica Radical,,,5,politico,UCR,5
Q5833289,Enrique Ferreyra,,Unión Cívica Radical,,,1,politico,UCR,1
Q77247669,Roberto Mirabella,Roberto Mario Mirabella,Partido Justicialista,,,3,politico,PJ,3
Q40933,Eva Perón,Eva Duarte,Partido Peronista Femenino,,,106,politico,PJ,106
Q18711914,Inés Blas,Ines Blas,Frente para la Victoria,,,3,politico,PJ,3
Q18711914,Inés Blas,Ines I. Blas,Frente para la Victoria,,,3,politico,PJ,3
Q18711914,Inés Blas,Inés I. Blas,Frente para la Victoria,,,3,politico,PJ,3
Q18711914,Inés Blas,Ines Imelda Blas,Frente para la Victoria,,,3,politico,PJ,3
Q18711914,Inés Blas,Inés Imelda Blas,Frente para la Victoria,,,3,politico,PJ,3
Q6112091,Roque Raúl Aragón,Roque Raul Aragon,Unión Cívica Radical,,,1,politico,UCR,1
Q20943637,Carlos Emery,Carlos Alberto Emery,Partido Justicialista,,,2,politico,PJ,2
Q27307685,Brenda Lis Austin,Brenda Austin,Unión Cívica Radical,,,4,politico,UCR,4
Q5934876,Jorge Domínguez,Jorge Dominguez,Partido Justicialista,,,6,politico,PJ,6
Q20015688,Raimundo Villaflor,,Juventud Peronista,,,1,politico,PJ,1
Q66049453,Lorena Pokoik,Lorena Iris Pokoik García,Partido Justicialista,,,3,politico,PJ,3
Q25367736,Valeria Arata,,Unión Cívica Radical,,,1,politico,UCR,1
Q6292122,José Emilio Lunghi,Jose Emilio Lunghi,Unión Cívica Radical,,,1,politico,UCR,1
Q6292122,José Emilio Lunghi,Jose Lunghi,Unión Cívica Radical,,,1,politico,UCR,1
Q6292122,José Emilio Lunghi,José Lunghi,Unión Cívica Radical,,,1,politico,UCR,1
Q62118467,Alejandro Vilca,Alejandro Ariel Vilca,Partido de los Trabajadores Socialistas,,,3,politico,PS,3
Q57901022,Luciano di Nápoli,Luciano di Napoli,Partido Justicialista,,,1,politico,PJ,1
Q56250672,Ana Carmen Macri,Anita,Partido Peronista Femenino,,,6,politico,PJ,6
Q5442052,Felipe Sapag,,Movimiento Popular Neuquino,,,3,politico,PJ,3
Q27032794,Hernán Abel Rossi,Hernan Abel Rossi,Unión Cívica Radical,,,2,politico,UCR,2
Q6161046,Vicente Bienvenido Joga,,Partido Justicialista,,,1,politico,PJ,1
Q98041097,Manuel Hipólito Herrera Arias,,Partido Justicialista,,,1,politico,PJ,1
Q6161092,Vicente Damasco,,Partido Justicialista,,,1,politico,PJ,1
Q17364558,Pablo Álvarez López,,Frente Amplio,,,1,politico,Sin clasificar,1
Q23906959,Magdalena Sierra,,Partido Justicialista,,,3,politico,PJ,3
Q18683373,Santiago Maradona,,Unión Cívica Radical,,,2,politico,UCR,2
Q5658171,Adolfo Velázquez,Adolfo Velazquez,Partido Justicialista,,,2,politico,PJ,2
Q5665422,Alejandro Ramos,Alejandro Ariel Ramos,Partido Justicialista,,,3,politico,PJ,3
Q5955099,Julio Cornejo,Julio Pedro Cornejo,Unión Cívica Radical,,,2,politico,UCR,2
Q16624090,Rafael Castillo,,Partido Autonomista Nacional,,,3,politico,Liberalismo,3
Q5818985,Eduardo Arnold,,Partido Justicialista,,,4,politico,PJ,4
Q5992986,Manuel Florencio Mantilla,,Liberal,,,2,politico,Sin clasificar,2
Q16937990,Andrea Ruiz,,Partido Obrero,,,2,politico,Izquierda,2
Q5667566,Alfredo C. Ortiz,Alfredo Carlos Ortiz,Partido Demócrata de Córdoba,,,1,politico,Liberalismo,1
Q6299470,Juan Emiliano Carulla,,Liga Republicana,,,4,politico,Sin clasificar,4
Q20739476,Marcos Peña,Marcos,Propuesta Republicana,,,9,politico,PRO,9
Q5858662,Fenelón Quintana,Fenelon Quintana,Partido Demócrata (Argentina),,,2,politico,Liberalismo,2
Q18224934,Cornelia Schmidt-Liermann,,Propuesta Republicana,,,5,politico,PRO,5
Q56164147,Santiago Roberto,,Partido Justicialista,,,1,politico,PJ,1
Q21558292,Carolina Stanley,,Propuesta Republicana,,,6,politico,PRO,6
Q19667870,Juan Rosario Mazzone,,Partido Justicialista,,,2,politico,PJ,2
Q16543217,Carlos Galigniana Segura,,Partido Autonomista Nacional,,,2,politico,Liberalismo,2
Q5129431,Claudio del Plá,Claudio del Pla,Partido Obrero,,,2,politico,Izquierda,2
Q5955644,Julio Piumato,Julio Juan Piumato,"Partido de la Cultura, la Educación y el Trabajo",,,2,politico,Sin clasificar,2
Q5878579,Germán Abdala,German Abdala,Partido Justicialista,,,1,politico,PJ,1
Q6292519,José Ignacio Rucci,Rucci,Partido Justicialista,,,4,politico,PJ,4
Q21856284,Luis Rodolfo Tailhade,Rodolfo Tailhade,La Cámpora,,,3,politico,Sin clasificar,3
Q19016026,Javier Reynaldo Meneghini,,Unión Cívica Radical,,,2,politico,UCR,2
Q8345845,Chrystian Colombo,Christian Colombo,Unión Cívica Radical,,,4,politico,UCR,4
Q5954903,Julio A.Costa,,Partido Autonomista Nacional,,,1,politico,Liberalismo,1
Q95986991,Josefa Brigada,,Partido Peronista Femenino,,,3,politico,PJ,3
Q6307416,Julián Obiglio,Julian Obiglio,Propuesta Republicana,,,3,politico,PRO,3
Q5935012,Jorge Esteban Roulet,,Unión Cívica Radical,,,1,politico,UCR,1
Q4837952,Martín Buzzi,Martin Buzzi,Partido Justicialista,,,3,politico,PJ,3
Q5935133,Jorge Galina,,Unión Cívica Radical,,,2,politico,UCR,2
Q4790450,Ariel Riani,Ariel Elio Riani de Mello,Partido Colorado,,,2,politico,Izquierda,2
Q4790450,Ariel Riani,Ariel Elio Riani Xavier de Mello,Partido Colorado,,,2,politico,Izquierda,2
Q21856066,Analuz Ailen Carol,Analuz Carol,Frente para la Victoria,,,5,politico,PJ,5
Q17621627,Mariano Indalecio Loza,,Partido Liberal de Corrientes,,,2,politico,Liberalismo,2
Q16625851,Rodolfo Moreno,,Partido Demócrata (Argentina),,,4,politico,Liberalismo,4
Q508956,Alberto Abdala,Alberto Eduardo Abdala,Partido Colorado,,,9,politico,Izquierda,9
Q508956,Alberto Abdala,Alberto Eduardo Abdala Jorge,Partido Colorado,,,9,politico,Izquierda,9
Q85199108,Alieto Guadagni,Alieto Aldo Guadagni,Partido Justicialista,,,2,politico,PJ,2
Q5948480,Juan Carlos Nadalich,,Frente para la Victoria,,,2,politico,PJ,2
Q5984243,Luis Revol,,Partido Autonomista Nacional,,,1,politico,Liberalismo,1
Q5663625,Alberto Torresagasti,Alberto Silvestre Torresagasti,Partido Justicialista,,,1,politico,PJ,1
Q16297791,Rosana Bertone,Rosana Andrea Bertone,Partido Justicialista,,,7,politico,PJ,7
Q5831252,Emilio Olmos,Emilio Felipe Olmos,Partido Demócrata de Córdoba,,,1,politico,Liberalismo,1
Q5831252,Emilio Olmos,Emilio Olmos padre,Partido Demócrata de Córdoba,,,1,politico,Liberalismo,1
Q27307792,Pamela Fernanda Verasay,Pamela Verasay,Unión Cívica Radical,,,3,politico,UCR,3
Q5640199,Horacio Massaccesi,,Unión Cívica Radical,,,4,politico,UCR,4
Q6110549,Rodolfo Martín Campero,Rodolfo Martin Campero,Unión Cívica Radical,,,2,politico,UCR,2
Q7105853,Oscar Alende,Alende,Unión Cívica Radical,,,6,politico,UCR,6
Q111481677,María Victoria Borrego,Victoria Borrego,Coalición Cívica ARI,,,2,politico,UCR,2
Q6165454,Víctor De Gennaro,Victor De Gennaro,Partido Justicialista,,,1,politico,PJ,1
Q11691402,María Cristina Perceval,Maria Cristina Perceval,Política Abierta para la Integridad Social,,,5,politico,Sin clasificar,5
Q6110510,Rodolfo Gabrielli,Rodolfo Federico Gabrielli,Partido Justicialista,,,3,politico,PJ,3
Q18387342,Pedro Canaveri,,Unión Cívica Radical,,,4,politico,UCR,4
Q5640620,Enrique Viriato de Llamas,,Unión Cívica Radical,,,2,politico,UCR,2
Q42310144,Gabriel Solano,Gabriel Esteban Solano,Partido Obrero,,,3,politico,Izquierda,3
Q5358985,Elena Corregido,Elena Mercedes Corregido,Partido Justicialista,,,3,politico,PJ,3
Q2843714,Horacio Rodríguez Larreta,Horacio Rodriguez Larreta,Propuesta Republicana,,,13,politico,PRO,13
Q42310144,Gabriel Solano,Solanopo,Partido Obrero,,,3,politico,Izquierda,3
Q5397799,María América González,Maria America Gonzalez,Solidaridad e Igualdad,,,2,politico,Sin clasificar,2
Q70873898,Claudio Moroni,Claudio Omar Moroni,Partido Justicialista,,,3,politico,PJ,3
Q5474594,Julián Domínguez,el profe,Partido Justicialista,,,4,politico,PJ,4
Q6165478,Víctor Endeiza,Victor Endeiza,Partido Justicialista,,,2,politico,PJ,2
Q6165478,Víctor Endeiza,Victor Waldino Endeiza,Partido Justicialista,,,2,politico,PJ,2
Q6165478,Víctor Endeiza,Víctor Waldino Endeiza,Partido Justicialista,,,2,politico,PJ,2
Q5934605,Jorge Bermúdez Emparanza,Jorge Bermudez Emparanza,Unión Cívica Radical,,,1,politico,UCR,1
Q6309576,Julio de Vido,De Vido,Partido Justicialista,,,4,politico,PJ,4
Q2857264,Antonio Domingo Bussi,Antonio Bussi,Fuerza Republicana,,,9,politico,Dictadura,9
Q2857264,Antonio Domingo Bussi,Domingo Antonio Bussi,Fuerza Republicana,,,9,politico,Dictadura,9
Q2857264,Antonio Domingo Bussi,Domingo Bussi,Fuerza Republicana,,,9,politico,Dictadura,9
Q5668850,Alicia Terada,,Coalición Cívica ARI,,,4,politico,UCR,4
Q6112271,Rosa de Jesús Pescatore de Tarantini,Rosa de Jesus Pescatore de Tarantini,Unión Cívica Radical,,,1,politico,UCR,1
Q5742107,Camilo Etchevarren,,Unión Cívica Radical,,,1,politico,UCR,1
Q5955510,Julio Mera Figueroa,,Partido Justicialista,,,2,politico,PJ,2
Q5930000,Jesús Cataldo Cariglino,Jesus Cataldo Cariglino,Partido Justicialista,,,2,politico,PJ,2
Q6291688,José Ber Gelbard,Ber Gelbard,Partido Comunista,,,5,politico,Izquierda,5
Q6291688,José Ber Gelbard,Jose Ber Gelbard,Partido Comunista,,,5,politico,Izquierda,5
Q16957183,Marcelo Lugones,,Unión Cívica Radical,,,1,politico,UCR,1
Q6291688,José Ber Gelbard,Josef Ber Gelbard,Partido Comunista,,,5,politico,Izquierda,5
Q75047514,Miguel Ángel Tejedor,,Unión Cívica Radical,,,0,politico,UCR,0
Q5699069,Antonio Medina Allende,,Unión Cívica Radical,,,1,politico,UCR,1
Q16301004,Andrés La Blunda Fontana,Andres La Blunda Fontana,Kolina,,,1,politico,Sin clasificar,1
Q7351931,Roberto Urquía,Roberto Urquia,Partido Justicialista,,,3,politico,PJ,3
Q60324198,Ricardo Lafferriere,Ricardo Emilio Lafferriere,Unión Cívica Radical,,,1,politico,UCR,1
Q5553543,Gerónimo Vargas Aignasse,Geronimo Vargas Aignasse,Frente para la Victoria,,,3,politico,PJ,3
Q16493512,José Campano,Jose Campano,Partido Justicialista,,,2,politico,PJ,2
Q20016956,Jorge Rodríguez Erneta,Jorge Rodriguez Erneta,Partido Justicialista,,,1,politico,PJ,1
Q5983621,Luis Gutnisky,,Unión Cívica Radical Intransigente,,,2,politico,UCR,2
Q5640784,José Manuel Cano,Jose Manuel Cano,Unión Cívica Radical,,,4,politico,UCR,4
Q37005186,María Alejandra Lordén,,Unión Cívica Radical,,,1,politico,UCR,1
Q23695702,Jorge Carrettoni,,Unión Cívica Radical,,,1,politico,UCR,1
Q16573399,Guillermo Sullivan,,Unión Cívica Radical,,,2,politico,UCR,2
Q5647375,Andrés de Irujo,Andres de Irujo,Partido Nacionalista Vasco,,,3,politico,Sin clasificar,3
Q5944483,José Padilla,Jose Padilla,Partido Demócrata (Argentina),,,1,politico,Liberalismo,1
Q451948,Carlos Ruckauf,Ruckauf,Partido Justicialista,,,7,politico,PJ,7
Q55865774,Juan Pedro Sorribes,Quique Sorribes,Unión Cívica Radical,,,1,politico,UCR,1
Q6844963,Miguel Ángel Toma,Miguel Angel Toma,Partido Justicialista,,,5,politico,PJ,5
Q5998681,Mario Franco,Mario Jose Franco,Partido Justicialista,,,1,politico,PJ,1
Q5998681,Mario Franco,Mario José Franco,Partido Justicialista,,,1,politico,PJ,1
Q47142127,Eduardo Bucca,Bali,Frente Justicialista Cumplir,,,3,politico,Sin clasificar,3
Q16626924,Ruperto Godoy,,Partido Justicialista,,,1,politico,PJ,1
Q16489663,Bernardo Ignacio Salduna,,Unión Cívica Radical,,,2,politico,UCR,2
Q5993626,Manuel Martín Federico,Manuel Martin Federico,Partido Justicialista,,,1,politico,PJ,1
Q5577193,Juan José Álvarez,Juan Jose Alvarez,Partido Justicialista,,,3,politico,PJ,3
Q58668406,László Vay,,Partido de la Vida Húngara,,,1,politico,Sin clasificar,1
Q21480562,Enrique Tomás Cresto,Enrique Tomas Cresto nieto,Partido Justicialista,,,2,politico,PJ,2
Q5883976,Graciela Giannettasio,Graciela María Giannettasio,Frente para la Victoria,,,6,politico,PJ,6
Q51101448,Juan Carlos Altuna,,Unión Cívica Radical,,,2,politico,UCR,2
Q2889825,Alfredo César Meckievi,Alfredo Cesar Meckievi,Partido Justicialista,,,1,politico,PJ,1
Q102347072,Soher El Sukaria,,Propuesta Republicana,,,3,politico,PRO,3
Q5974658,Leónidas Anastasi,Leonidas Anastasi,Unión Cívica Radical,,,2,politico,UCR,2
Q5658033,Adolfo Güemes,Adolfo Guemes,Unión Cívica Radical,,,1,politico,UCR,1
Q64215805,Germán Enrique Bordón,,Unión Cívica Radical,,,0,politico,UCR,0
Q21035208,Fabián Onsari,Fabian Onsari,Unión Cívica Radical,,,2,politico,UCR,2
Q3543869,Lisandro de la Torre,,Unión Cívica Radical,,,13,politico,UCR,13
Q20017012,Julio Solanas,Julio Rodolfo Francisco Solanas,Partido Justicialista,,,2,politico,PJ,2
Q5704014,Ariel Basteiro,Sergio Ariel Basteiro,Nuevo Encuentro,,,2,politico,Izquierda,2
Q7357166,Rodolfo Irazusta,,Unión Republicana,,,4,politico,Sin clasificar,4
Q960240,Alberto Prebisch,Alberto Horacio Prebisch,político independiente,,,7,politico,Dictadura,7
Q63555682,Sergio Varisco,Sergio Fausto Varisco,Unión Cívica Radical,,,4,politico,UCR,4
Q6449526,Isidoro Busquets,,Unión Cívica Radical,,,1,politico,UCR,1
Q21105474,Germán Alfaro,German Alfaro,Partido Justicialista,,,3,politico,PJ,3
Q21105474,Germán Alfaro,Germán Enrique Alfaro,Partido Justicialista,,,3,politico,PJ,3
Q21105472,Gustavo Bordet,Gustavo E. Bordet,Partido Justicialista,,,4,politico,PJ,4
Q21105472,Gustavo Bordet,Gustavo Eduardo Bordet,Partido Justicialista,,,4,politico,PJ,4
Q20744471,Guillermo Kane,,Partido Obrero,,,5,politico,Izquierda,5
Q75135111,Diego Alejandro Rovella,,Unión Cívica Radical,,,0,politico,UCR,0
Q5657363,Herminio Iglesias,,Partido Justicialista,,,7,politico,PJ,7
Q312901,Josep Borrell,Jose Borrell,Partido Socialista Obrero Español,,,65,politico,PS,65
Q312901,Josep Borrell,José Borrell,Partido Socialista Obrero Español,,,65,politico,PS,65
Q312901,Josep Borrell,Josep Borell,Partido Socialista Obrero Español,,,65,politico,PS,65
Q312901,Josep Borrell,Josep Borrel,Partido Socialista Obrero Español,,,65,politico,PS,65
Q312901,Josep Borrell,Josep Borrell Fontelles,Partido Socialista Obrero Español,,,65,politico,PS,65
Q312901,Josep Borrell,Josep Borrell i Fontelles,Partido Socialista Obrero Español,,,65,politico,PS,65
Q33297256,Claudio Avruj,,Propuesta Republicana,,,2,politico,PRO,2
Q6014517,Miguel Isa,,Partido Justicialista,,,2,politico,PJ,2
Q6937987,Mariano Ferreyra,,Partido Obrero,,,4,politico,Izquierda,4
Q5042686,Carlos Sylvestre Begnis,Begnis,Unión Cívica Radical,,,3,politico,UCR,3
Q20737737,Enrique Pavón Pereyra,,Partido Justicialista,,,4,politico,PJ,4
Q16731634,Horacio Lores,,Movimiento Popular Neuquino,,,3,politico,PJ,3
Q5297445,Dora Sánchez,Dora Sanchez,Unión Cívica Radical,,,2,politico,UCR,2
Q6014999,Miguel Ragone,,Partido Justicialista,,,1,politico,PJ,1
Q5297445,Dora Sánchez,Maria Dora Sanchez,Unión Cívica Radical,,,2,politico,UCR,2
Q5297445,Dora Sánchez,María Dora Sánchez,Unión Cívica Radical,,,2,politico,UCR,2
Q5936162,Jorge Triaca,Jorge Alberto Triaca,Propuesta Republicana,,,4,politico,PRO,4
Q15714680,Pablo Kosiner,Pablo Francisco Juan Kosiner,Partido Justicialista,,,3,politico,PJ,3
Q15714680,Pablo Kosiner,Pablo Francisco Kosiner,Partido Justicialista,,,3,politico,PJ,3
Q108529283,Jorge Alberto Landau,Jorge Landau,Partido Justicialista,,,1,politico,PJ,1
Q5889817,Gustavo Posse,,Unión Cívica Radical,,,2,politico,UCR,2
Q2918563,Margarita Stolbizer,Margarita Rosa Stolbizer,Generación para un Encuentro Nacional,,,10,politico,PS,10
Q16576818,Héctor Domingo Maya,Hector Domingo Maya,Partido Justicialista,,,2,politico,PJ,2
Q963284,Jorge Telerman,Jorge Alberto Telerman,Partido Justicialista,,,10,politico,PJ,10
Q963284,Jorge Telerman,Jorge Télerman,Partido Justicialista,,,10,politico,PJ,10
Q5665232,Alejandro Mathus Hoyos,,Unión Cívica Radical,,,1,politico,UCR,1
Q121549024,Guillermo Francos,Guillermo Alberto Francos,La Libertad Avanza,,,6,politico,Liberalismo,6
Q47436405,Octavio Frigerio,Octavio Oscar Frigerio,Partido Justicialista,,,1,politico,PJ,1
Q6300652,Juan Pablo Cafiero,Juan Cafiero,Partido Justicialista,,,3,politico,PJ,3
Q4801718,Arturo Colombi,Arturo Alejandro Colombi,Unión Cívica Radical,,,4,politico,UCR,4
Q123175723,Martín Yeza,,Propuesta Republicana,,,1,politico,PRO,1
Q5836881,Ernesto H. Celesia,,Unión Cívica Radical,,,2,politico,UCR,2
Q5651741,Fernando Geronés,Fernando Gerones,Unión Cívica Radical,,,1,politico,UCR,1
Q5398423,Jorge Coscia,Jorge Edmundo Coscia,Partido Justicialista,,,5,politico,PJ,5
Q16190345,Martín Dalmau,Martin Dalmau,Partido Obrero,,,1,politico,Izquierda,1
Q940617,Homero Manzi,Homero Nicolas Manzioni Prestera,Unión Cívica Radical,,,10,politico,UCR,10
Q940617,Homero Manzi,Homero Nicolás Manzioni Prestera,Unión Cívica Radical,,,10,politico,UCR,10
Q108658512,Inés Pérez Suárez,,Partido Justicialista,,,1,politico,PJ,1
Q5889523,Gustavo Breide Obeid,Gustavo Luis Breide Obeid,Partido Popular de la Reconstrucción,,,1,politico,Sin clasificar,1
Q5945495,José Santos Salinas,Jose Santos Salinas,Unión Cívica Radical,,,1,politico,UCR,1
Q6765031,Mario Das Neves,Das Neves,Peronismo Federal,,,7,politico,PJ,7
Q6765031,Mario Das Neves,Mario das Neves,Peronismo Federal,,,7,politico,PJ,7
Q61740907,Jorge Villafañe,,Partido Justicialista,,,1,politico,PJ,1
Q6293351,José María Vernet,Jose Maria Vernet,Partido Justicialista,,,3,politico,PJ,3
Q6293351,José María Vernet,Jose María Vernet,Partido Justicialista,,,3,politico,PJ,3
Q6293351,José María Vernet,José Maria Vernet,Partido Justicialista,,,3,politico,PJ,3
Q135992132,Jacindo Oddone,,Partido Socialista,,,1,politico,PS,1
Q16298623,Carlos Custer,Carlos Luis Custer,Instrumento Electoral por la Unidad Popular,,,2,politico,Sin clasificar,2
Q16190436,Héctor Fresina,Hector Fresina,Partido Obrero,,,1,politico,Izquierda,1
Q5908271,Ideler Tonelli,Ideler Santiago Tonelli,Unión Cívica Radical,,,4,politico,UCR,4
Q5670529,Rafael Romá,Rafael Roma,Partido Justicialista,,,1,politico,PJ,1
Q733743,Carlos Álvarez,Carlos Chacho Alvarez,Frente País Solidario,,,8,politico,PS,8
Q733743,Carlos Álvarez,Chacho Alvarez,Frente País Solidario,,,8,politico,PS,8
Q136408361,Agustín Boeri,Agus Boeri,Partido Justicialista,,,2,politico,PJ,2
Q5940059,José Genoud,Jose Genoud,Unión Cívica Radical,,,3,politico,UCR,3
Q5896197,Hernán Lombardi,Hernán Santiago Lombardi,Unión Cívica Radical,,,3,politico,UCR,3
Q16489254,Avelino Aráoz,Avelino Araoz,Partido Demócrata (Argentina),,,1,politico,Liberalismo,1
Q5042606,Carlos Salazar,Carlos Eduardo Salazar,Fuerza Republicana,,,2,politico,Dictadura,2
Q6165710,Víctor Reviglio,Victor Reviglio,Partido Justicialista,,,4,politico,PJ,4
Q5202590,César Mayoral,César Fernando Mayoral,Frente País Solidario,,,3,politico,PS,3
Q5202590,César Mayoral,Cesar Mayoral,Frente País Solidario,,,3,politico,PS,3
Q6293394,José Miguel Ángel Mayans,Jose Mayans,Partido Justicialista,,,4,politico,PJ,4
Q6293394,José Miguel Ángel Mayans,José Mayans,Partido Justicialista,,,4,politico,PJ,4
Q6293394,José Miguel Ángel Mayans,Jose Miguel Angel Mayans,Partido Justicialista,,,4,politico,PJ,4
Q23942913,Eduardo Tibiletti,,Unión Cívica Radical,,,1,politico,UCR,1
Q6165734,Víctor Santa María,Victor Santa Maria,Partido Justicialista,,,2,politico,PJ,2
Q7105913,Oscar Castillo,Oscar Anibal Castillo,Unión Cívica Radical,,,5,politico,UCR,5
Q7105913,Oscar Castillo,Oscar Aníbal Castillo,Unión Cívica Radical,,,5,politico,UCR,5
Q5474594,Julián Domínguez,Julian Dominguez,Partido Justicialista,,,4,politico,PJ,4
Q9031691,Mercedes Margarita Oviedo,,Partido Justicialista,,,3,politico,PJ,3
Q29419587,Felipe Rodríguez Araya,Felipe Rodriguez Araya,Unión Cívica Radical,,,1,politico,UCR,1
Q5312643,Duilio Brunello,Duilio Antonio Rafael Brunello,Partido Justicialista,,,3,politico,PJ,3
Q5872444,Félix T. Garzón,Felix T. Garzon,Partido Autonomista Nacional,,,1,politico,Liberalismo,1
Q6113184,Rubén Campos,Ruben Campos,Unión Cívica Radical,,,1,politico,UCR,1
Q16624415,Raúl Benito Castillo,Raul Benito Castillo,Partido Justicialista,,,1,politico,PJ,1
Q62031945,Manuel Calvo,,Partido Justicialista,,,0,politico,PJ,0
Q5940138,José Graciano Sortheix,Jose Graciano Sortheix,Unión Cívica Radical,,,1,politico,UCR,1
Q19260752,Carlos Xamena,,Partido Justicialista,,,3,politico,PJ,3
Q27118934,Angélica Fuselli,Angélica Felisa Fuselli Duffy,Partido Demócrata Cristiano,,,1,politico,Liberalismo,1
Q4395151,Ángel Federico Robledo,Angel F. Robledo,Partido Justicialista,,,7,politico,PJ,7
Q4395151,Ángel Federico Robledo,Ángel F. Robledo,Partido Justicialista,,,7,politico,PJ,7
Q4395151,Ángel Federico Robledo,Angel Federico Robledo,Partido Justicialista,,,7,politico,PJ,7
Q962824,Carlos Juárez,Carlos Juarez,Partido Justicialista,,,6,politico,PJ,6
Q3187853,Juanita Larrauri,Juana Larrauri,Partido Justicialista,,,9,politico,PJ,9
Q3187853,Juanita Larrauri,Juana Larrauri de Abrami,Partido Justicialista,,,9,politico,PJ,9
Q7561705,Sonia Margarita Escudero,Sonia Escudero,Partido Justicialista,,,4,politico,PJ,4
Q68869954,Santiago Cafiero,Santiago Andrés Cafiero,Partido Justicialista,,,13,politico,PJ,13
Q3395012,Elpidio Villaverde,Elpidio Villaverde Rey,Izquierda Republicana,,,6,politico,Sin clasificar,6
Q7351882,Roberto Romero,Roberto Romero (politico),Partido Justicialista,,,5,politico,PJ,5
Q7351882,Roberto Romero,Roberto Romero (político),Partido Justicialista,,,5,politico,PJ,5
Q126856409,Luis Dellepiane,,Unión Cívica Radical,,,1,politico,UCR,1
Q18224415,Oscar Nicolini,Oscar Lorenzo Manuel Nicolini,Partido Justicialista,,,2,politico,PJ,2
Q124420444,Juan Marino,,Piquetero Party,,,5,politico,Sin clasificar,5
Q6950244,Mónica Fein,Monica Fein,Partido Socialista,,,10,politico,PS,10
Q5819727,Eduardo Sigal,,Frente Grande,,,1,politico,PJ,1
Q2228648,Saúl Ubaldini,Saúl Edolver Ubaldini,Partido Justicialista,,,7,politico,PJ,7
Q2228648,Saúl Ubaldini,Saul Ubaldini,Partido Justicialista,,,7,politico,PJ,7
Q4801813,Arturo Vera,,Unión Cívica Radical,,,4,politico,UCR,4
Q21558728,Fernando de Andreis,,Propuesta Republicana,,,3,politico,PRO,3
Q5833310,Enrique García Tomé,Enrique Garcia Tome,Unión Cívica Radical,,,2,politico,UCR,2
Q125372472,Oscar Agost Carreño,,Propuesta Republicana,,,1,politico,PRO,1
Q5129384,Claudio Morresi,Claudio Alberto Morresi,Partido Justicialista,,,6,politico,PJ,6
Q53714530,Alfredo Arrieta Vaccaro,,Partido Justicialista,,,3,politico,PJ,3
Q20931490,Belisario Gache Pirán,Belisario Gache Piran,Partido Justicialista,,,2,politico,PJ,2
Q21685215,Roberto Moro,Roberto Esteban Moro,Partido Justicialista,,,2,politico,PJ,2
Q6108011,Ricardo Barrios Arrechea,Cacho Barrios Arrechea,Unión Cívica Radical,,,2,politico,UCR,2
Q124457466,Julia Strada,,Partido Justicialista,,,3,politico,PJ,3
Q124312998,Ramón Lanús,Ramón María Lanús,Propuesta Republicana,,,1,politico,PRO,1
Q6108011,Ricardo Barrios Arrechea,"Ricardo ""Cacho"" Barrios Arrechea",Unión Cívica Radical,,,2,politico,UCR,2
Q6108011,Ricardo Barrios Arrechea,Ricardo Alfredo Barrios Arrechea,Unión Cívica Radical,,,2,politico,UCR,2
Q27968578,Guillermo Acuña Anzorena,,Unión Cívica Radical Intransigente,,,2,politico,UCR,2
Q8345845,Chrystian Colombo,Chrystian Gabriel Colombo,Unión Cívica Radical,,,4,politico,UCR,4
Q20016443,Omar Gutiérrez,,Movimiento Popular Neuquino,,,5,politico,PJ,5
Q2857937,Aníbal Fernández,Anibal Domingo Fernandez,Frente para la Victoria,,,14,politico,PJ,14
Q2857937,Aníbal Fernández,Anibal Fernandez,Frente para la Victoria,,,14,politico,PJ,14
Q2857937,Aníbal Fernández,Anibal Fernández,Frente para la Victoria,,,14,politico,PJ,14
Q2857937,Aníbal Fernández,Aníbal Fernandez,Frente para la Victoria,,,14,politico,PJ,14
Q6049818,Olga Inés Brizuela y Doria,Olga Ines Brizuela y Doria,Unión Cívica Radical,,,3,politico,UCR,3
Q1646739,José Luis Cantilo,Jose Cantilo,Unión Cívica Radical,,,6,politico,UCR,6
Q1646739,José Luis Cantilo,José Cantilo,Unión Cívica Radical,,,6,politico,UCR,6
Q1646739,José Luis Cantilo,Jose Luis Cantilo,Unión Cívica Radical,,,6,politico,UCR,6
Q5495211,Gabriela Cerruti,Gabriela Carla Cerruti,Nuevo Encuentro,,,7,politico,Izquierda,7
Q17635667,Juan Zabaleta,Juan Horacio Zabaleta,Partido Justicialista,,,3,politico,PJ,3
Q17635667,Juan Zabaleta,Juanchi Zabaleta,Partido Justicialista,,,3,politico,PJ,3
Q5379768,Enrique Mosca,Enrique de las Mercedes Mosca,Unión Cívica Radical,,,4,politico,UCR,4
Q5379768,Enrique Mosca,Enrique M. Mosca,Unión Cívica Radical,,,4,politico,UCR,4
Q5253860,Delia Bisutti,Delia Beatriz Bisutti,Solidaridad e Igualdad,,,4,politico,Sin clasificar,4
Q5667492,Alfredo Allende,Alfredo Estanislao Allende,Unión Cívica Radical Intransigente,,,3,politico,UCR,3
Q9001319,Guillermo Estévez Boero,Estevez Boero,Partido Socialista,,,4,politico,PS,4
Q9001319,Guillermo Estévez Boero,Estévez Boero,Partido Socialista,,,4,politico,PS,4
Q9001319,Guillermo Estévez Boero,Guillermo Estevez Boero,Partido Socialista,,,4,politico,PS,4
Q19264187,Olijela del Valle Rivas,,Partido Justicialista,,,4,politico,PJ,4
Q108426848,María Dolores Martínez,,Unión Cívica Radical,,,3,politico,UCR,3
Q6173542,Ángel V. Baulina,Angel V. Baulina,Unión Cívica Radical,,,2,politico,UCR,2
Q64486307,Francisco Eduardo Cerro,Francisco Cerro,Partido Demócrata Cristiano,,,1,politico,Liberalismo,1
Q62081852,José Guccione,"José ""Pepe"" Guccione",Partido de la Concordia Social,,,6,politico,PJ,6
Q62081852,José Guccione,José Daniel Guccione,Partido de la Concordia Social,,,6,politico,PJ,6
Q62081852,José Guccione,Pepe Guccione,Partido de la Concordia Social,,,6,politico,PJ,6
Q5290393,Domingo Mercante,Domingo A Mercante,peronismo,,,5,politico,PJ,5
Q5290393,Domingo Mercante,Domingo A. Mercante,peronismo,,,5,politico,PJ,5
Q5290393,Domingo Mercante,Domingo Alfredo Mercante,peronismo,,,5,politico,PJ,5
Q33296395,Aurelio Díaz,,Partido Obrero,,,3,politico,Izquierda,3
Q47145338,María Lucila Lehman,Lucila Lehmann,Coalición Cívica ARI,,,4,politico,UCR,4
Q47145338,María Lucila Lehman,María Lucila Lehmann,Coalición Cívica ARI,,,4,politico,UCR,4
Q6108557,Ricardo Zavala Ortiz,,Partido Justicialista,,,2,politico,PJ,2
Q6108573,Ricardo de Aparici,,Partido Justicialista,,,5,politico,PJ,5
Q4838357,Oscar Mario Jorge,,Partido Justicialista,,,4,politico,PJ,4
Q963100,Florencio Randazzo,Aníbal Florencio Randazzo,Frente para la Victoria,,,7,politico,PJ,7
Q6043332,Nito Artaza,Eugenio Justiniano Artaza,Unión Cívica Radical,,,3,politico,UCR,3
Q118596781,Carlos Sadir,Carlos Alberto Sadir,Unión Cívica Radical,,,3,politico,UCR,3
Q63313874,Carlos José Vignolo,Mono,Unión Cívica Radical,,,2,politico,UCR,2
Q5666639,Manuel Menchaca,,Unión Cívica Radical,,,1,politico,UCR,1
Q19260760,Benjamín Zavalía,Benjamin Zavalia,Unión Cívica Radical del Pueblo,,,1,politico,UCR,1
Q5574311,Rafael Pascual,Rafael Manuel Pascual,Unión Cívica Radical,,,4,politico,UCR,4
Q4838522,Claudio Poggi,Claudio Javier Poggi,Partido Justicialista,,,4,politico,PJ,4
Q6108929,Rinaldo Viviani,,Partido Justicialista,,,3,politico,PJ,3
Q535094,Hilda de Duhalde,"González,H.",Unión Popular (Argentina),,,7,politico,Sin clasificar,7
Q17612299,Ernesto Corvalán Nanclares,Ernesto Corvalan Nanclares,Partido Justicialista,,,2,politico,PJ,2
Q5902461,Horacio Usandizaga,Horacio Daniel Usandizaga,Unión Cívica Radical,,,5,politico,UCR,5
Q25412300,Luis García,,Partido Autonomista Nacional,,,1,politico,Liberalismo,1
Q5427799,Fabio Biancalani,Fabio Darío Biancalani,Partido Justicialista,,,3,politico,PJ,3
Q5833424,Enrique Honores,Enrique Marcelo Honores,Unión Cívica Radical,,,1,politico,UCR,1
Q6166296,Walter Wayar,El Bailantero,Partido Justicialista,,,2,politico,PJ,2
Q5271125,Diana Conti,Diana Beatriz Conti,Frente para la Victoria,,,9,politico,PJ,9
Q20969964,Domingo Peppo,Oscar Domingo Peppo,Partido Justicialista,,,3,politico,PJ,3
Q5934353,Hugo Perié,Perie,Partido Justicialista,,,4,politico,PJ,4
Q5667656,Alfredo Demarchi,,Unión Cívica Radical,,,4,politico,UCR,4
Q18762177,Pedro del Piero,Pedro Del Piero,Frente País Solidario,,,2,politico,PS,2
Q470603,Aníbal Ibarra,Anibal Ibarra,Frente País Solidario,,,13,politico,PS,13
Q56843944,Juan Gaudencio Kaiser,,Concordancia (Argentina),,,2,politico,Sin clasificar,2
Q5772047,Claudio Morgado,Claudio Marcelo Morgado,Partido de la Concertación FORJA,,,2,politico,Sin clasificar,2
Q108401294,Liliana Patricia Yambrún,,Partido Justicialista,,,3,politico,PJ,3
Q16302333,Luis Daniel Rubeo,,Partido Justicialista,,,2,politico,PJ,2
Q6002708,Martín Insaurralde,Martin Insaurralde,Partido Justicialista,,,3,politico,PJ,3
Q20969960,Julián Licastro,Julian Licastro,Partido Justicialista,,,4,politico,PJ,4
Q6700977,Luis Patti,Luis A. Patti,Partido Unidad Federalista,,,4,politico,Sin clasificar,4
Q6700977,Luis Patti,Luis Abelardo Patti,Partido Unidad Federalista,,,4,politico,Sin clasificar,4
Q5658363,Adriana Puiggrós,Adriana Puiggros,Frente Grande,,,5,politico,PJ,5
Q5658363,Adriana Puiggrós,Adriana Victoria Puiggrós,Frente Grande,,,5,politico,PJ,5
Q6700977,Luis Patti,Luis Pati,Partido Unidad Federalista,,,4,politico,Sin clasificar,4
Q112619826,Luis Brouwer de Koning,,Unión Cívica Radical,,,1,politico,UCR,1
Q21480721,Néstor Javier David,Javier David,Partido Justicialista,,,2,politico,PJ,2
Q21480721,Néstor Javier David,Nestor Javier David,Partido Justicialista,,,2,politico,PJ,2
Q5381490,Enzo Bordabehere,Bordabehere,Partido Demócrata Progresista,,,6,politico,Liberalismo,6
Q28758329,Emilio Jatón,Emilio Jaton,Partido Socialista,,,1,politico,PS,1
Q16300546,Claudia Ledesma Abdala de Zamora,Claudia Alejandra Ledesma Abdala,Frente Cívico por Santiago,,,7,politico,Sin clasificar,7
Q16300546,Claudia Ledesma Abdala de Zamora,Claudia Alejandra Ledesma Abdala de Zamora,Frente Cívico por Santiago,,,7,politico,Sin clasificar,7
Q16300546,Claudia Ledesma Abdala de Zamora,Claudia Ledesma Abdala,Frente Cívico por Santiago,,,7,politico,Sin clasificar,7
Q16300546,Claudia Ledesma Abdala de Zamora,Claudia Zamora,Frente Cívico por Santiago,,,7,politico,Sin clasificar,7
Q81339342,José Luis Cantilo,José Luis Cantilo (1909-2003),Unión Cívica Radical,,,1,politico,UCR,1
Q81339342,José Luis Cantilo,José Luis Cantilo (h.),Unión Cívica Radical,,,1,politico,UCR,1
Q22946929,Juan Antonio Delfino,,Partido Justicialista,,,1,politico,PJ,1
Q434177,Andrej Bajuk,Andrei Baiuk,Nueva Eslovenia,,,25,politico,Sin clasificar,25
Q434177,Andrej Bajuk,Andréi Baiuk,Nueva Eslovenia,,,25,politico,Sin clasificar,25
Q434177,Andrej Bajuk,Andrei Bajuk,Nueva Eslovenia,,,25,politico,Sin clasificar,25
Q434177,Andrej Bajuk,Andréj Bajuk,Nueva Eslovenia,,,25,politico,Sin clasificar,25
Q434177,Andrej Bajuk,Andres Baiuk,Nueva Eslovenia,,,25,politico,Sin clasificar,25
Q434177,Andrej Bajuk,Andres Bajuk,Nueva Eslovenia,,,25,politico,Sin clasificar,25
Q434177,Andrej Bajuk,Andrés Bajuk,Nueva Eslovenia,,,25,politico,Sin clasificar,25
Q16583354,José Mariano Astigueta,Jose Mariano Astigueta,Partido Autonomista Nacional,,,2,politico,Liberalismo,2
Q5976957,Lisandro Viale,Lisandro Alfredo Viale,Partido Socialista,,,2,politico,PS,2
Q3048310,Eduardo Brizuela del Moral,Brizuela del Moral,Unión Cívica Radical,,,6,politico,UCR,6
Q5641297,Enrique Pérez Colman,Enrique Perez Colman,Unión Cívica Radical,,,6,politico,UCR,6
Q3048310,Eduardo Brizuela del Moral,Eduardo Segundo Brizuela del Moral,Unión Cívica Radical,,,6,politico,UCR,6
Q20969944,Sergio Casas,Sergio Guillermo Casas,Partido Justicialista,,,4,politico,PJ,4
Q18922470,Augusto Pedro Saffores,,Partido Justicialista,,,1,politico,PJ,1
Q9016464,Julio Argentino Pascual Roca,Julio A Roca (h),Partido Autonomista Nacional,,,6,politico,Liberalismo,6
Q9016464,Julio Argentino Pascual Roca,Julio A. Roca (h),Partido Autonomista Nacional,,,6,politico,Liberalismo,6
Q9016464,Julio Argentino Pascual Roca,Julio Argentino Pascual Roca Funes,Partido Autonomista Nacional,,,6,politico,Liberalismo,6
Q9016464,Julio Argentino Pascual Roca,Julio Argentino Roca (h),Partido Autonomista Nacional,,,6,politico,Liberalismo,6
Q9016464,Julio Argentino Pascual Roca,Julio Argentino Roca (hijo),Partido Autonomista Nacional,,,6,politico,Liberalismo,6
Q27431289,Aníbal Demarco,Anibal Demarco,Partido Justicialista,,,1,politico,PJ,1
Q27431289,Aníbal Demarco,Aníbal Vicente Demarco,Partido Justicialista,,,1,politico,PJ,1
Q8193952,Aldo Rico,,Movimiento por la Dignidad y la Independencia,,,7,politico,Sin clasificar,7
Q6002748,Martín Llaryora,Martin Llaryora,Partido Justicialista,,,5,politico,PJ,5
Q124098740,Carlos Briner,,Unión Cívica Radical,,,1,politico,UCR,1
Q124407371,Natalia Elena Gadano,Natalia Gadano,Somos Energía para Renovar Santa Cruz,,,2,politico,Sin clasificar,2
Q6781999,María Eugenia Bielsa,Maria Eugenia Bielsa,Partido Justicialista,,,4,politico,PJ,4
Q68573072,Erica Rut Hynes,Erica Hynes,Partido Socialista,,,2,politico,PS,2
Q6049849,Olga Riutort,,Partido Justicialista,,,2,politico,PJ,2
Q4257068,Juan Eliseo Ledesma,Juan Ledesma,Ejército Revolucionario del Pueblo,,,2,politico,Sin clasificar,2
Q5850285,Eudoro Aráoz,Eudoro Araoz,Unión Cívica Radical,,,2,politico,UCR,2
Q17612456,Juan Ramón Vidal,Juan Ramon Vidal,Partido Autonomista Nacional,,,2,politico,Liberalismo,2
Q107736916,Enrique Estévez Boero,Enrique Eloy Estévez,Partido Socialista,,,2,politico,PS,2
Q107736916,Enrique Estévez Boero,Enrique Eloy Estévez Boero,Partido Socialista,,,2,politico,PS,2
Q107736916,Enrique Estévez Boero,Enrique Estévez,Partido Socialista,,,2,politico,PS,2
Q104762033,Alcides Calandrelli,Alcides V. Calandrelli,Partido Nacionalista,,,1,politico,Sin clasificar,1
Q16537260,Benito Fernández,Benito Fernandez,Partido Justicialista,,,1,politico,PJ,1
Q21480831,Gustavo Menéndez,Gustavo Menendez,Partido Justicialista,,,2,politico,PJ,2
Q2888825,Isabel Viudes,Isabel Josefa Viudes,Partido Nuevo,,,4,politico,Sin clasificar,4
Q5925147,Jaime Linares,,Generación para un Encuentro Nacional,,,3,politico,PS,3
Q3857273,Miguel Ángel Lunghi,Miguel Angel Lunghi,Unión Cívica Radical,,,3,politico,UCR,3
Q3857273,Miguel Ángel Lunghi,Miguel Lunghi,Unión Cívica Radical,,,3,politico,UCR,3
Q33296854,Alejandra Rodenas,Alejandra Silvana Rodenas,Partido Justicialista,,,3,politico,PJ,3
Q5850322,Eufrasio Loza,Eufrasio Segundo Loza,Unión Cívica Radical,,,1,politico,UCR,1
Q6389305,María José Bongiorno,Maria Jose Bongiorno,Frente Grande,,,3,politico,PJ,3
Q112324672,Joaquín Díaz de Vivar,,Partido Justicialista,,,2,politico,PJ,2
Q6700545,Luis Favre,,Partido de los Trabajadores,,,5,politico,Sin clasificar,5
Q47455147,Pablo Raúl Yedlin,Pablo Yedlin,Partido Justicialista,,,3,politico,PJ,3
Q1162679,Daniel Scioli,Daniel Osvaldo Scioli,Frente para la Victoria,,,27,politico,PJ,27
Q5554205,Miguel Critto,,Unión Cívica Radical,,,2,politico,UCR,2
Q1162679,Daniel Scioli,Scioli,Frente para la Victoria,,,27,politico,PJ,27
Q123751797,Lajos Széchenyi,,Partido de la Cruz Flechada,,,1,politico,Sin clasificar,1
Q41587390,Carlos Alberto Caserio,,Partido Justicialista,,,2,politico,PJ,2
Q7964257,Walter Barrionuevo,Walter B. Barrionuevo,Frente para la Victoria,,,5,politico,PJ,5
Q7964257,Walter Barrionuevo,Walter Basilio Barrionuevo,Frente para la Victoria,,,5,politico,PJ,5
Q5933725,Hugo Anzorreguy,Hugo Alfredo Anzorreguy,Partido Justicialista,,,4,politico,PJ,4
Q21855237,Carla Carrizo,Ana Carla Carrizo,Unión Cívica Radical,,,4,politico,UCR,4
Q18668557,Aurelio Amoedo,,Partido Demócrata (Argentina),,,2,politico,Liberalismo,2
Q5202553,César Gioja,Cesar Ambrosio Gioja,Partido Justicialista,,,3,politico,PJ,3
Q5202553,César Gioja,César Ambrosio Gioja,Partido Justicialista,,,3,politico,PJ,3
Q5202553,César Gioja,Cesar Gioja,Partido Justicialista,,,3,politico,PJ,3
Q5798692,Daniel Sartor,Daniel Alberto Sartor,Unión Cívica Radical,,,1,politico,UCR,1
Q17612413,Raúl Mendé,Raul Mende,Partido Justicialista,,,2,politico,PJ,2
Q962824,Carlos Juárez,Carlos Arturo Juarez,Partido Justicialista,,,6,politico,PJ,6
Q962824,Carlos Juárez,Carlos Arturo Juárez,Partido Justicialista,,,6,politico,PJ,6
Q5935527,Jorge Macri,,Propuesta Republicana,,,8,politico,PRO,8
Q5939927,José Gabriel Dumón,,Unión Cívica Radical,,,2,politico,UCR,2
Q6101359,Raúl Patricio Solanas,Raul Patricio Solanas,Frente para la Victoria,,,2,politico,PJ,2
Q6020670,Moisés Fontela,Moises Fontela,Partido Justicialista,,,3,politico,PJ,3
Q9053404,Oscar Puiggrós,Oscar Puiggros,Partido Demócrata Cristiano,,,1,politico,Liberalismo,1
Q9053404,Oscar Puiggrós,Oscar Ricardo Puiggros,Partido Demócrata Cristiano,,,1,politico,Liberalismo,1
Q9053404,Oscar Puiggrós,Oscar Ricardo Puiggrós,Partido Demócrata Cristiano,,,1,politico,Liberalismo,1
Q6277681,Jorge Argüello,Jorge Arguello,Partido Justicialista,,,5,politico,PJ,5
Q6110505,Rodolfo Freyre,,Partido Autonomista Nacional,,,2,politico,Liberalismo,2
Q66092475,Oscar Edmundo Nicolás Albrieu,,Partido Justicialista,,,0,politico,PJ,0
Q29122202,Daniel Juez,Daniel Alejando Juez,"Partido Nuevo contra la Corrupción, por la Honestidad y la Transparencia",,,1,politico,PS,1
Q29122202,Daniel Juez,Daniel Alejandro Juez,"Partido Nuevo contra la Corrupción, por la Honestidad y la Transparencia",,,1,politico,PS,1
Q130736324,Lisandro Catalán,,La Libertad Avanza,,,2,politico,Liberalismo,2
Q20016052,Mirta Tundis,,Frente Renovador,,,4,politico,PJ,4
Q27044881,Antonino Díaz,Antonino Diaz,Partido Autonomista Nacional,,,1,politico,Liberalismo,1
Q5217139,Daniel Filmus,Daniel Fernando Filmus,Partido Justicialista,,,8,politico,PJ,8
Q5217139,Daniel Filmus,Filmus,Partido Justicialista,,,8,politico,PJ,8
Q124434033,Roxana Monzón,Roxana Elizabeth Monzón,Partido Justicialista,,,2,politico,PJ,2
Q7454170,Sergio Acevedo,Sergio Edgardo Acevedo,Partido Justicialista,,,4,politico,PJ,4
Q5734602,Bruno Tavano,Juan Bruno Tavano,Partido Justicialista,,,1,politico,PJ,1
Q124527475,Mariela Coletta,Mariela Giselle Coletta,Unión Cívica Radical,,,1,politico,UCR,1
Q18752702,Luis Agustín Brasesco,Luis A. J. Brasesco,Unión Cívica Radical,,,1,politico,UCR,1
Q18752702,Luis Agustín Brasesco,Luis Agustin Brasesco,Unión Cívica Radical,,,1,politico,UCR,1
Q124340672,Silvana Schneider,Silvana Schneider,Unión Cívica Radical,,,2,politico,UCR,2
Q18223785,Eduardo Jozami,,Partido Justicialista,,,5,politico,PJ,5
Q5833640,Enrique Nosiglia,Carlos Enrique Nosiglia,Unión Cívica Radical,,,3,politico,UCR,3
Q108540638,Stella Maris Olalla,Stella Maris Elisa Olalla,Unión Cívica Radical,,,2,politico,UCR,2
Q108540638,Stella Maris Olalla,Stella Maris Elisa Olalla de Moreira,Unión Cívica Radical,,,2,politico,UCR,2
Q108540638,Stella Maris Olalla,Stella Maris Olalla de Moreira,Unión Cívica Radical,,,2,politico,UCR,2
Q126371333,Vanina Biasi,,Partido Obrero,,,4,politico,Izquierda,4
Q3430262,Ricardo Ivoskus,Ivoskus,Unión Cívica Radical,,,6,politico,UCR,6
Q3430262,Ricardo Ivoskus,Ricardo Leonardo Ivoskus,Unión Cívica Radical,,,6,politico,UCR,6
Q105758004,Rossana Chahla,Rossana Elena Chahla,Partido Justicialista,,,5,politico,PJ,5
Q18668543,Aquiles Regazzoli,,Partido Justicialista,,,1,politico,PJ,1
Q18668544,Bernardo Alberte,,Partido Justicialista,,,1,politico,PJ,1
Q40922532,Narciso Gutiérrez,,Partido Autonomista Nacional,,,1,politico,Liberalismo,1
Q5860800,Tomás Le Breton,Tomas Le Breton,Unión Cívica Radical,,,4,politico,UCR,4
Q5687840,Lía Fabiola Bianco,Lia Fabiola Bianco,Frente para la Victoria,,,6,politico,PJ,6
Q17624242,Carlos Enrique Gómez Centurión,Carlos Enrique Gomez Centurion,Unión Cívica Radical,,,3,politico,UCR,3
Q3359999,Pablo Rodríguez,Pablo Rodriguez (Canada),Partido Liberal de Canadá,,,9,politico,Sin clasificar,9
Q3359999,Pablo Rodríguez,Pablo Rodriguez (Canadá),Partido Liberal de Canadá,,,9,politico,Sin clasificar,9
Q3359999,Pablo Rodríguez,Pablo Rodríguez (Canada),Partido Liberal de Canadá,,,9,politico,Sin clasificar,9
Q107802947,Nicolás Rodríguez Saá,,Partido Justicialista,,,3,politico,PJ,3
Q6309576,Julio de Vido,Julio Miguel de Vido,Partido Justicialista,,,4,politico,PJ,4
Q116489,Gerónimo Arnedo Álvarez,Geronimo Arnedo Alvarez,Partido Comunista,,,6,politico,Izquierda,6
Q63119899,Arabela Carreras,Arabela Marisa Carreras,Juntos Somos Río Negro,,,3,politico,UCR,3
Q115358814,Diego Giuliano,Diego Alberto Giuliano,Frente Renovador,,,4,politico,PJ,4
Q7516987,Silvia Gallego,Silvia Ester Gallego,Partido Justicialista,,,3,politico,PJ,3
Q5791547,Cristina Álvarez Rodríguez,Maria Cristina Alvarez Rodriguez,Frente para la Victoria,,,6,politico,PJ,6
Q5791547,Cristina Álvarez Rodríguez,María Cristina Álvarez Rodriguez,Frente para la Victoria,,,6,politico,PJ,6
Q2712127,Aldo Pedro Poy,Aldo Poy,Partido Demócrata Progresista,,,18,politico,Liberalismo,18
Q16736695,Mario Cimadevilla,Mario Jorge Cimadevilla,Unión Cívica Radical,,,3,politico,UCR,3
Q5391574,Carlos Horacio Evans,,Partido Justicialista,,,2,politico,PJ,2
Q22075436,Felipe Texier,Felipe Alfredo Texier,Partido Justicialista,,,1,politico,PJ,1
Q53372990,Julio José Zanatelli,,Fuerza Republicana,,,1,politico,Dictadura,1
Q22075441,Elías Amado,Elias Amado,Partido Justicialista,,,1,politico,PJ,1
Q5615655,Guido Di Tella,Guido di Tella,Partido Justicialista,,,7,politico,PJ,7
Q5939242,José Domato,Jose Domato,Partido Justicialista,,,1,politico,PJ,1
Q20656109,Daniel de Santis,,Partido Revolucionario de los Trabajadores,,,2,politico,Sin clasificar,2
Q88789968,Pablo Humberto Garate,Pablo Garate,Partido Justicialista,,,0,politico,PJ,0
Q7351748,Roberto Iglesias,Roberto Raul Iglesias,Unión Cívica Radical,,,4,politico,UCR,4
Q7351748,Roberto Iglesias,Roberto Raúl Iglesias,Unión Cívica Radical,,,4,politico,UCR,4
Q5993934,Manuel Segundo Ordóñez,Manuel Ordóñez,Partido Autonomista Nacional,,,1,politico,Liberalismo,1
Q30064032,Juan Carlos Cabiron,,Unión Cívica Radical,,,1,politico,UCR,1
Q5954635,Julia Argentina Perié,Julia Argentina Perie,Partido Justicialista,,,3,politico,PJ,3
Q9048549,Nanci Parrilli,Nanci Maria Augustina Parrilli,Partido Justicialista,,,5,politico,PJ,5
Q9048549,Nanci Parrilli,Nanci María Augustina Parrilli,Partido Justicialista,,,5,politico,PJ,5
Q5983730,Luis Lagomarsino,Luis David Celestino Lagomarsino,Partido Justicialista,,,2,politico,PJ,2
Q5939252,José Domingo Coronel,Jose Domingo Coronel,Partido Justicialista,,,1,politico,PJ,1
Q111481684,Pedro Jorge Galimberti,Pedro Galimberti,Unión Cívica Radical,,,2,politico,UCR,2
Q19006874,Eduardo Fragueiro,,Partido Justicialista,,,1,politico,PJ,1
Q16942314,Tomás Braulio Platero,Tomas Braulio Platero,Unión Cívica Radical,,,4,politico,UCR,4
Q16942314,Tomás Braulio Platero,Tomas Platero IV,Unión Cívica Radical,,,4,politico,UCR,4
Q60675791,Mario Metaza,Mario Alfredo Metaza,Frente para la Victoria,,,1,politico,PJ,1
Q18224824,Miguel Revestido,,Partido Justicialista,,,1,politico,PJ,1
Q734558,Roberto Perfumo,Perfumo,Partido Justicialista,,,26,politico,PJ,26
Q587873,Hugo Cores,Hugo Cores Pérez,Frente Amplio,,,9,politico,Sin clasificar,9
Q285707,Felisa Miceli,Felisa Josefina Miceli,Partido Justicialista,,,9,politico,PJ,9
Q30089194,Jorge Faurie,Jorge Marcelo Faurie,político independiente,,,7,politico,Dictadura,7
Q2880118,Alfredo Palacios,Alfredo Lorenzo Palacios,Partido Socialista,,,13,politico,PS,13
Q5901839,Horacio Carrillo,,Unión Cívica Radical,,,3,politico,UCR,3
Q47843587,Juan Queraltó,Juan Enrique Ramón Queraltó,Alianza Libertadora Nacionalista,,,3,politico,Dictadura,3
Q7373214,Roy Nikisch,Roy Abelardo Nikisch,Unión Cívica Radical,,,5,politico,UCR,5
Q27441144,Pedro Arrighi,,Partido Justicialista,,,1,politico,PJ,1
Q16561478,Eloy Camus,,Partido Bloquista,,,2,politico,Sin clasificar,2
Q6277772,Jorge Pedro Busti,Jorge Busti,Partido Justicialista,,,4,politico,PJ,4
Q5951918,Juan Palmero,Juan Severino Palmero,Unión Cívica Radical,,,1,politico,UCR,1
Q6110507,Rodolfo Frigeri,,Partido Justicialista,,,4,politico,PJ,4
Q5042622,Carlos Sancho,,Partido Justicialista,,,2,politico,PJ,2
Q6158907,Valentín Suárez,Valentin Suarez,Partido Justicialista,,,2,politico,PJ,2
Q6110568,Rodolfo Ortega Peña,,Partido Justicialista,,,2,politico,PJ,2
Q112164173,Lorenzo Juan Natali,,Unión Cívica Radical,,,1,politico,UCR,1
Q62560219,Mónica Schlotthauer,,Izquierda Socialista,,,3,politico,Izquierda,3
Q5995818,Marcelo Guinle,Marcelo Alejandro Horacio Guinle,Partido Justicialista,,,6,politico,PJ,6
Q17612492,Pedro Numa Soto,,Unión Cívica Radical,,,2,politico,UCR,2
Q17364369,Juan Carlos Coral,,Partido Socialista Argentino,,,2,politico,Sin clasificar,2
Q110799177,Esteban Ivetich,Esteban Sergio Ivetich,Partido Renovador de Salta,,,1,politico,Sin clasificar,1
Q16941586,Ariel Franetovich,,Partido Justicialista,,,2,politico,PJ,2
Q19934125,Celestin Jelenc,,Yugoslav Social-Democratic Party,,,1,politico,Sin clasificar,1
Q8196943,Amadeo Sabattini,,Unión Cívica Radical,,,5,politico,UCR,5
Q5814956,Dulce Granados,Isabel Beatriz Visconti de Granados,Frente para la Victoria,,,3,politico,PJ,3
Q109739744,Ramiro Marra,Ramiro Daniel Marra,La Libertad Avanza,,,1,politico,Liberalismo,1
Q16334671,Alberto Domeniconi,,Unión Cívica Radical,,,1,politico,UCR,1
Q28122817,Juan Carlos Picazo Elordy,,Partido Justicialista,,,2,politico,PJ,2
Q43471054,María Muiños,María Rosa Muiños,Partido Justicialista,,,2,politico,PJ,2
Q2843155,Carlos Kunkel,Carlos Miguel Kunkel,Frente para la Victoria,,,4,politico,PJ,4
Q5860291,Fernando Sánchez,Fernando Sanchez,Coalición Cívica ARI,,,1,politico,UCR,1
Q5366487,Enrique Martínez,Enrique Martinez,Unión Cívica Radical,,,7,politico,UCR,7
Q11686121,José Néstor Lencinas,Jose Nestor Lencinas,Unión Cívica Radical,,,3,politico,UCR,3
Q11686121,José Néstor Lencinas,José Néstor Lencinas Videla,Unión Cívica Radical,,,3,politico,UCR,3
Q908305,Domingo Cavallo,Mingo,Acción por la República,,,18,politico,Liberalismo,18
Q30331297,Graciela Villata,Graciela Susana Villata,"Partido Nuevo contra la Corrupción, por la Honestidad y la Transparencia",,,2,politico,PS,2
Q6010792,Mercedes Aragonés de Juárez,Mercedes Aragones de Juarez,Partido Justicialista,,,5,politico,PJ,5
Q6010792,Mercedes Aragonés de Juárez,Nina Aragonés de Juárez,Partido Justicialista,,,5,politico,PJ,5
Q7290505,Ramón José Cárcano,Ramón J. Cárcano,Partido Demócrata (Argentina),,,6,politico,Liberalismo,6
Q7050408,Norberto Massoni,,Unión Cívica Radical,,,3,politico,UCR,3
Q6006203,Matilde Menéndez,Matilde Menendez,Partido Justicialista,,,5,politico,PJ,5
Q29122099,Juan Pedro Tunessi,,Unión Cívica Radical,,,1,politico,UCR,1
Q4801792,Arturo Sampay,Arturo Enrique Sampay,Partido Justicialista,,,6,politico,PJ,6
Q5792990,Jorge Escobar,Jorge Alberto Escobar,Partido Justicialista,,,2,politico,PJ,2
Q5725741,Benigno Rodríguez Jurado,Benigno Rodriguez Jurado,Partido Autonomista Nacional,,,2,politico,Liberalismo,2
Q9070941,Roxana Latorre,Roxana Itati Latorre,Partido Justicialista,,,4,politico,PJ,4
Q9070941,Roxana Latorre,Roxana Itatí Latorre,Partido Justicialista,,,4,politico,PJ,4
Q2836761,Alicia Castro,Alicia Amalia Castro,Frente País Solidario,,,7,politico,PS,7
Q17477925,Miguel Ángel Bazze,Miguel Angel Bazze,Unión Cívica Radical,,,4,politico,UCR,4
Q16190116,Noelia Barbeito,Noelia Jael Barbeito,Partido de los Trabajadores Socialistas,,,4,politico,PS,4
Q21649452,Soledad Sosa,Victoria Soledad Sosa Capurro,Partido Obrero,,,5,politico,Izquierda,5
Q940617,Homero Manzi,Manzi,Unión Cívica Radical,,,10,politico,UCR,10
Q29477817,Zulma Ortiz,,Propuesta Republicana,,,1,politico,PRO,1
Q5676978,Aníbal Regueiro,,Frente para la Victoria,,,1,politico,PJ,1
Q19818014,Roberto Digón,Roberto Digon,Partido Justicialista,,,5,politico,PJ,5
Q7122059,Pacho O'Donnell,Mario O'Donnell,Unión Cívica Radical,,,4,politico,UCR,4
Q7122059,Pacho O'Donnell,Pacho O’Donell,Unión Cívica Radical,,,4,politico,UCR,4
Q7122059,Pacho O'Donnell,Pacho O’Donnel,Unión Cívica Radical,,,4,politico,UCR,4
Q7122059,Pacho O'Donnell,Pacho O’Donnell,Unión Cívica Radical,,,4,politico,UCR,4
Q21856186,Leonor María Martínez Villada,Leonor Maria Martinez Villada,Coalición Cívica ARI,,,5,politico,UCR,5
Q21856186,Leonor María Martínez Villada,Leonor Martínez Villada,Coalición Cívica ARI,,,5,politico,UCR,5
Q5749641,Carlos Alric,,Unión Cívica Radical,,,1,politico,UCR,1
Q5939194,José Deheza,Jose Deheza,Partido Justicialista,,,2,politico,PJ,2
Q66232,Ludolf von Alvensleben,,Partido Nazi,,,21,politico,Dictadura,21
Q7030362,Nicolás Fernández,Nicolas Fernandez,Partido Justicialista,,,4,politico,PJ,4
Q27524850,Rafael Francisco Amundarain,,Partido Justicialista,,,1,politico,PJ,1
Q944434,Ramón Suárez Picallo,Ramon Suarez Picallo,Partido Galeguista,,,5,politico,Sin clasificar,5
Q41658592,Miriam Ruth Boyadjian,,Movimiento Popular Fueguino,,,3,politico,Sin clasificar,3
Q7299740,Raúl Bercovich Rodríguez,Raul Bercovich Rodriguez,Partido Justicialista,,,4,politico,PJ,4
Q5340693,Eduardo Menem,,Partido Justicialista,,,5,politico,PJ,5
Q5340699,Eduardo Mondino,,Partido Justicialista,,,1,politico,PJ,1
Q136524328,Hernán Damiani,,Unión Cívica Radical,,,2,politico,UCR,2
Q4476167,Patricia Walsh,,Movimiento Socialista de los Trabajadores,,,4,politico,Izquierda,4
Q3351895,Omar Palma,Omar Arnaldo Palma,Partido Justicialista,,,10,politico,PJ,10
Q9022316,Lidia Satragno,Lidia Elsa Satragno,Propuesta Republicana,,,9,politico,PRO,9
Q9022316,Lidia Satragno,Satragno,Propuesta Republicana,,,9,politico,PRO,9
Q5865760,Francisco Gabrielli,,Partido Demócrata de Mendoza,,,1,politico,Liberalismo,1
Q5795485,Cynthia Hotton,Cynthia Liliana Hotton,Propuesta Republicana,,,11,politico,PRO,11
Q124464496,Patricia Vásquez,Patricia María Vásquez,Propuesta Republicana,,,1,politico,PRO,1
Q5791547,Cristina Álvarez Rodríguez,Cristina Alvarez Rodriguez,Frente para la Victoria,,,6,politico,PJ,6
