"radios","cod_prov","Provincia","cod_depto","Departamento","HNBI_TOT_Sí","HNBI_TOT_No","Total"
"020070101","02","Caba","02007","Comuna 1",19,87,106
"020070201","02","Caba","02007","Comuna 1",25,206,231
"020070202","02","Caba","02007","Comuna 1",40,130,170
"020070203","02","Caba","02007","Comuna 1",28,74,102
"020070204","02","Caba","02007","Comuna 1",24,187,211
"020070205","02","Caba","02007","Comuna 1",37,192,229
"020070207","02","Caba","02007","Comuna 1",77,242,319
"020070208","02","Caba","02007","Comuna 1",45,204,249
"020070209","02","Caba","02007","Comuna 1",35,153,188
"020070210","02","Caba","02007","Comuna 1",22,105,127
"020070211","02","Caba","02007","Comuna 1",42,207,249
"020070212","02","Caba","02007","Comuna 1",82,341,423
"020070213","02","Caba","02007","Comuna 1",30,141,171
"020070214","02","Caba","02007","Comuna 1",65,179,244
"020070215","02","Caba","02007","Comuna 1",75,204,279
"020070216","02","Caba","02007","Comuna 1",32,122,154
"020070217","02","Caba","02007","Comuna 1",60,199,259
"020070218","02","Caba","02007","Comuna 1",31,170,201
"020070219","02","Caba","02007","Comuna 1",31,91,122
"020070220","02","Caba","02007","Comuna 1",66,73,139
"020070221","02","Caba","02007","Comuna 1",18,349,367
"020070222","02","Caba","02007","Comuna 1",23,298,321
"020070223","02","Caba","02007","Comuna 1",41,255,296
"020070301","02","Caba","02007","Comuna 1",13,117,130
"020070302","02","Caba","02007","Comuna 1",106,441,547
"020070303","02","Caba","02007","Comuna 1",34,115,149
"020070304","02","Caba","02007","Comuna 1",23,152,175
"020070305","02","Caba","02007","Comuna 1",52,294,346
"020070306","02","Caba","02007","Comuna 1",18,128,146
"020070307","02","Caba","02007","Comuna 1",104,212,316
"020070308","02","Caba","02007","Comuna 1",75,246,321
"020070309","02","Caba","02007","Comuna 1",66,148,214
"020070310","02","Caba","02007","Comuna 1",89,398,487
"020070311","02","Caba","02007","Comuna 1",27,203,230
"020070312","02","Caba","02007","Comuna 1",51,186,237
"020070313","02","Caba","02007","Comuna 1",45,141,186
"020070314","02","Caba","02007","Comuna 1",44,161,205
"020070315","02","Caba","02007","Comuna 1",63,204,267
"020070316","02","Caba","02007","Comuna 1",29,114,143
"020070317","02","Caba","02007","Comuna 1",26,155,181
"020070318","02","Caba","02007","Comuna 1",8,103,111
"020070319","02","Caba","02007","Comuna 1",23,100,123
"020070401","02","Caba","02007","Comuna 1",5,488,493
"020070402","02","Caba","02007","Comuna 1",25,526,551
"020070403","02","Caba","02007","Comuna 1",4,264,268
"020070404","02","Caba","02007","Comuna 1",7,295,302
"020070405","02","Caba","02007","Comuna 1",3,164,167
"020070406","02","Caba","02007","Comuna 1",14,308,322
"020070407","02","Caba","02007","Comuna 1",3,312,315
"020070408","02","Caba","02007","Comuna 1",17,308,325
"020070501","02","Caba","02007","Comuna 1",9,325,334
"020070502","02","Caba","02007","Comuna 1",4,253,257
"020070503","02","Caba","02007","Comuna 1",12,511,523
"020070504","02","Caba","02007","Comuna 1",5,460,465
"020070505","02","Caba","02007","Comuna 1",2,218,220
"020070506","02","Caba","02007","Comuna 1",6,474,480
"020070507","02","Caba","02007","Comuna 1",3,335,338
"020070601","02","Caba","02007","Comuna 1",4,390,394
"020070602","02","Caba","02007","Comuna 1",2,312,314
"020070603","02","Caba","02007","Comuna 1",1,496,497
"020070604","02","Caba","02007","Comuna 1",6,459,465
"020070605","02","Caba","02007","Comuna 1",4,219,223
"020070606","02","Caba","02007","Comuna 1",2,268,270
"020070607","02","Caba","02007","Comuna 1",5,227,232
"020070608","02","Caba","02007","Comuna 1",1,292,293
"020070609","02","Caba","02007","Comuna 1",11,515,526
"020070610","02","Caba","02007","Comuna 1",4,280,284
"020070701","02","Caba","02007","Comuna 1",3,390,393
"020070702","02","Caba","02007","Comuna 1",3,151,154
"020070703","02","Caba","02007","Comuna 1",7,136,143
"020070704","02","Caba","02007","Comuna 1",5,205,210
"020070705","02","Caba","02007","Comuna 1",0,260,260
"020070706","02","Caba","02007","Comuna 1",10,173,183
"020070707","02","Caba","02007","Comuna 1",7,406,413
"020070708","02","Caba","02007","Comuna 1",5,332,337
"020070709","02","Caba","02007","Comuna 1",2,285,287
"020070710","02","Caba","02007","Comuna 1",8,364,372
"020070711","02","Caba","02007","Comuna 1",4,184,188
"020070712","02","Caba","02007","Comuna 1",11,251,262
"020070713","02","Caba","02007","Comuna 1",4,145,149
"020070801","02","Caba","02007","Comuna 1",8,266,274
"020070802","02","Caba","02007","Comuna 1",6,612,618
"020070803","02","Caba","02007","Comuna 1",5,401,406
"020070804","02","Caba","02007","Comuna 1",2,294,296
"020070805","02","Caba","02007","Comuna 1",4,265,269
"020070806","02","Caba","02007","Comuna 1",10,596,606
"020070807","02","Caba","02007","Comuna 1",5,613,618
"020070808","02","Caba","02007","Comuna 1",11,281,292
"020070809","02","Caba","02007","Comuna 1",4,244,248
"020070810","02","Caba","02007","Comuna 1",3,184,187
"020070811","02","Caba","02007","Comuna 1",2,140,142
"020070901","02","Caba","02007","Comuna 1",10,249,259
"020070902","02","Caba","02007","Comuna 1",59,286,345
"020070903","02","Caba","02007","Comuna 1",19,215,234
"020070904","02","Caba","02007","Comuna 1",20,234,254
"020070905","02","Caba","02007","Comuna 1",28,232,260
"020070906","02","Caba","02007","Comuna 1",20,334,354
"020070907","02","Caba","02007","Comuna 1",36,431,467
"020070908","02","Caba","02007","Comuna 1",13,296,309
"020070909","02","Caba","02007","Comuna 1",17,466,483
"020070910","02","Caba","02007","Comuna 1",4,274,278
"020070911","02","Caba","02007","Comuna 1",8,199,207
"020070912","02","Caba","02007","Comuna 1",8,140,148
"020070913","02","Caba","02007","Comuna 1",11,266,277
"020070914","02","Caba","02007","Comuna 1",50,221,271
"020070915","02","Caba","02007","Comuna 1",9,188,197
"020070916","02","Caba","02007","Comuna 1",22,233,255
"020070917","02","Caba","02007","Comuna 1",4,149,153
"020070918","02","Caba","02007","Comuna 1",13,228,241
"020070919","02","Caba","02007","Comuna 1",5,136,141
"020070920","02","Caba","02007","Comuna 1",73,243,316
"020070921","02","Caba","02007","Comuna 1",30,157,187
"020071001","02","Caba","02007","Comuna 1",6,187,193
"020071002","02","Caba","02007","Comuna 1",17,336,353
"020071003","02","Caba","02007","Comuna 1",17,441,458
"020071004","02","Caba","02007","Comuna 1",12,289,301
"020071005","02","Caba","02007","Comuna 1",9,277,286
"020071006","02","Caba","02007","Comuna 1",55,392,447
"020071007","02","Caba","02007","Comuna 1",22,194,216
"020071008","02","Caba","02007","Comuna 1",17,259,276
"020071009","02","Caba","02007","Comuna 1",14,288,302
"020071010","02","Caba","02007","Comuna 1",23,412,435
"020071011","02","Caba","02007","Comuna 1",25,435,460
"020071012","02","Caba","02007","Comuna 1",10,367,377
"020071013","02","Caba","02007","Comuna 1",21,321,342
"020071014","02","Caba","02007","Comuna 1",11,184,195
"020071015","02","Caba","02007","Comuna 1",2,161,163
"020071016","02","Caba","02007","Comuna 1",2,186,188
"020071101","02","Caba","02007","Comuna 1",39,264,303
"020071102","02","Caba","02007","Comuna 1",52,381,433
"020071103","02","Caba","02007","Comuna 1",101,145,246
"020071104","02","Caba","02007","Comuna 1",22,390,412
"020071105","02","Caba","02007","Comuna 1",29,263,292
"020071106","02","Caba","02007","Comuna 1",8,269,277
"020071107","02","Caba","02007","Comuna 1",37,317,354
"020071108","02","Caba","02007","Comuna 1",9,381,390
"020071109","02","Caba","02007","Comuna 1",13,242,255
"020071110","02","Caba","02007","Comuna 1",24,260,284
"020071111","02","Caba","02007","Comuna 1",3,180,183
"020071112","02","Caba","02007","Comuna 1",12,256,268
"020071113","02","Caba","02007","Comuna 1",11,277,288
"020071114","02","Caba","02007","Comuna 1",9,332,341
"020071115","02","Caba","02007","Comuna 1",64,275,339
"020071201","02","Caba","02007","Comuna 1",17,168,185
"020071202","02","Caba","02007","Comuna 1",14,229,243
"020071203","02","Caba","02007","Comuna 1",10,146,156
"020071204","02","Caba","02007","Comuna 1",56,184,240
"020071205","02","Caba","02007","Comuna 1",8,254,262
"020071206","02","Caba","02007","Comuna 1",25,277,302
"020071207","02","Caba","02007","Comuna 1",100,424,524
"020071208","02","Caba","02007","Comuna 1",11,181,192
"020071209","02","Caba","02007","Comuna 1",17,291,308
"020071210","02","Caba","02007","Comuna 1",13,209,222
"020071211","02","Caba","02007","Comuna 1",17,244,261
"020071212","02","Caba","02007","Comuna 1",22,233,255
"020071213","02","Caba","02007","Comuna 1",92,142,234
"020071214","02","Caba","02007","Comuna 1",22,244,266
"020071301","02","Caba","02007","Comuna 1",2,257,259
"020071302","02","Caba","02007","Comuna 1",5,108,113
"020071303","02","Caba","02007","Comuna 1",2,198,200
"020071304","02","Caba","02007","Comuna 1",17,271,288
"020071305","02","Caba","02007","Comuna 1",3,278,281
"020071306","02","Caba","02007","Comuna 1",7,194,201
"020071307","02","Caba","02007","Comuna 1",4,503,507
"020071308","02","Caba","02007","Comuna 1",10,243,253
"020071309","02","Caba","02007","Comuna 1",0,254,254
"020071310","02","Caba","02007","Comuna 1",14,494,508
"020071311","02","Caba","02007","Comuna 1",2,227,229
"020071312","02","Caba","02007","Comuna 1",3,298,301
"020071313","02","Caba","02007","Comuna 1",1,151,152
"020071314","02","Caba","02007","Comuna 1",9,317,326
"020071315","02","Caba","02007","Comuna 1",2,336,338
"020071316","02","Caba","02007","Comuna 1",76,333,409
"020071317","02","Caba","02007","Comuna 1",20,252,272
"020071318","02","Caba","02007","Comuna 1",6,243,249
"020071401","02","Caba","02007","Comuna 1",53,290,343
"020071402","02","Caba","02007","Comuna 1",28,332,360
"020071403","02","Caba","02007","Comuna 1",11,207,218
"020071404","02","Caba","02007","Comuna 1",2,193,195
"020071405","02","Caba","02007","Comuna 1",154,232,386
"020071406","02","Caba","02007","Comuna 1",43,279,322
"020071407","02","Caba","02007","Comuna 1",9,324,333
"020071408","02","Caba","02007","Comuna 1",86,155,241
"020071409","02","Caba","02007","Comuna 1",29,246,275
"020071410","02","Caba","02007","Comuna 1",5,263,268
"020071411","02","Caba","02007","Comuna 1",10,199,209
"020071412","02","Caba","02007","Comuna 1",31,182,213
"020071501","02","Caba","02007","Comuna 1",77,287,364
"020071502","02","Caba","02007","Comuna 1",36,366,402
"020071503","02","Caba","02007","Comuna 1",26,268,294
"020071504","02","Caba","02007","Comuna 1",17,490,507
"020071505","02","Caba","02007","Comuna 1",17,278,295
"020071506","02","Caba","02007","Comuna 1",85,281,366
"020071507","02","Caba","02007","Comuna 1",40,287,327
"020071508","02","Caba","02007","Comuna 1",121,284,405
"020071509","02","Caba","02007","Comuna 1",33,470,503
"020071510","02","Caba","02007","Comuna 1",63,307,370
"020071511","02","Caba","02007","Comuna 1",72,270,342
"020071601","02","Caba","02007","Comuna 1",73,240,313
"020071602","02","Caba","02007","Comuna 1",13,186,199
"020071603","02","Caba","02007","Comuna 1",83,356,439
"020071604","02","Caba","02007","Comuna 1",12,349,361
"020071605","02","Caba","02007","Comuna 1",12,144,156
"020071606","02","Caba","02007","Comuna 1",22,186,208
"020071607","02","Caba","02007","Comuna 1",92,418,510
"020071608","02","Caba","02007","Comuna 1",29,224,253
"020071609","02","Caba","02007","Comuna 1",6,160,166
"020071610","02","Caba","02007","Comuna 1",2,279,281
"020071611","02","Caba","02007","Comuna 1",16,174,190
"020071612","02","Caba","02007","Comuna 1",6,139,145
"020071701","02","Caba","02007","Comuna 1",99,385,484
"020071702","02","Caba","02007","Comuna 1",19,220,239
"020071703","02","Caba","02007","Comuna 1",40,304,344
"020071704","02","Caba","02007","Comuna 1",20,302,322
"020071705","02","Caba","02007","Comuna 1",46,264,310
"020071706","02","Caba","02007","Comuna 1",127,414,541
"020071707","02","Caba","02007","Comuna 1",73,288,361
"020071708","02","Caba","02007","Comuna 1",73,275,348
"020071709","02","Caba","02007","Comuna 1",22,221,243
"020071710","02","Caba","02007","Comuna 1",21,291,312
"020071711","02","Caba","02007","Comuna 1",44,201,245
"020071801","02","Caba","02007","Comuna 1",172,415,587
"020071802","02","Caba","02007","Comuna 1",52,331,383
"020071803","02","Caba","02007","Comuna 1",34,269,303
"020071804","02","Caba","02007","Comuna 1",73,470,543
"020071805","02","Caba","02007","Comuna 1",33,309,342
"020071806","02","Caba","02007","Comuna 1",31,418,449
"020071807","02","Caba","02007","Comuna 1",23,269,292
"020071808","02","Caba","02007","Comuna 1",14,291,305
"020071809","02","Caba","02007","Comuna 1",90,339,429
"020071901","02","Caba","02007","Comuna 1",94,392,486
"020071902","02","Caba","02007","Comuna 1",30,506,536
"020071903","02","Caba","02007","Comuna 1",7,144,151
"020071904","02","Caba","02007","Comuna 1",14,377,391
"020071905","02","Caba","02007","Comuna 1",15,218,233
"020071906","02","Caba","02007","Comuna 1",85,258,343
"020071907","02","Caba","02007","Comuna 1",111,286,397
"020071908","02","Caba","02007","Comuna 1",60,142,202
"020071909","02","Caba","02007","Comuna 1",14,271,285
"020072001","02","Caba","02007","Comuna 1",54,231,285
"020072002","02","Caba","02007","Comuna 1",22,331,353
"020072003","02","Caba","02007","Comuna 1",6,339,345
"020072004","02","Caba","02007","Comuna 1",36,299,335
"020072005","02","Caba","02007","Comuna 1",12,395,407
"020072006","02","Caba","02007","Comuna 1",36,266,302
"020072007","02","Caba","02007","Comuna 1",7,251,258
"020072008","02","Caba","02007","Comuna 1",41,308,349
"020072009","02","Caba","02007","Comuna 1",32,256,288
"020072010","02","Caba","02007","Comuna 1",61,317,378
"020072101","02","Caba","02007","Comuna 1",28,210,238
"020072102","02","Caba","02007","Comuna 1",36,338,374
"020072103","02","Caba","02007","Comuna 1",78,299,377
"020072104","02","Caba","02007","Comuna 1",222,334,556
"020072105","02","Caba","02007","Comuna 1",76,288,364
"020072106","02","Caba","02007","Comuna 1",63,259,322
"020072107","02","Caba","02007","Comuna 1",77,298,375
"020072108","02","Caba","02007","Comuna 1",23,228,251
"020072109","02","Caba","02007","Comuna 1",27,323,350
"020072110","02","Caba","02007","Comuna 1",52,381,433
"020072201","02","Caba","02007","Comuna 1",5,402,407
"020072202","02","Caba","02007","Comuna 1",17,405,422
"020072203","02","Caba","02007","Comuna 1",57,323,380
"020072204","02","Caba","02007","Comuna 1",21,228,249
"020072205","02","Caba","02007","Comuna 1",11,230,241
"020072206","02","Caba","02007","Comuna 1",22,261,283
"020072207","02","Caba","02007","Comuna 1",14,315,329
"020072208","02","Caba","02007","Comuna 1",95,255,350
"020072209","02","Caba","02007","Comuna 1",48,443,491
"020072210","02","Caba","02007","Comuna 1",47,659,706
"020072301","02","Caba","02007","Comuna 1",9,369,378
"020072302","02","Caba","02007","Comuna 1",4,254,258
"020072303","02","Caba","02007","Comuna 1",74,362,436
"020072304","02","Caba","02007","Comuna 1",18,122,140
"020072305","02","Caba","02007","Comuna 1",26,210,236
"020072306","02","Caba","02007","Comuna 1",3,250,253
"020072307","02","Caba","02007","Comuna 1",32,199,231
"020072308","02","Caba","02007","Comuna 1",11,283,294
"020072309","02","Caba","02007","Comuna 1",4,427,431
"020072310","02","Caba","02007","Comuna 1",30,116,146
"020072401","02","Caba","02007","Comuna 1",5,142,147
"020072402","02","Caba","02007","Comuna 1",9,349,358
"020072403","02","Caba","02007","Comuna 1",3,274,277
"020072404","02","Caba","02007","Comuna 1",22,180,202
"020072405","02","Caba","02007","Comuna 1",13,180,193
"020072406","02","Caba","02007","Comuna 1",9,485,494
"020072407","02","Caba","02007","Comuna 1",23,464,487
"020072408","02","Caba","02007","Comuna 1",14,217,231
"020072501","02","Caba","02007","Comuna 1",15,206,221
"020072502","02","Caba","02007","Comuna 1",6,205,211
"020072503","02","Caba","02007","Comuna 1",4,250,254
"020072504","02","Caba","02007","Comuna 1",2,430,432
"020072505","02","Caba","02007","Comuna 1",25,287,312
"020072506","02","Caba","02007","Comuna 1",55,232,287
"020072507","02","Caba","02007","Comuna 1",7,232,239
"020072508","02","Caba","02007","Comuna 1",28,368,396
"020072509","02","Caba","02007","Comuna 1",6,230,236
"020072510","02","Caba","02007","Comuna 1",13,214,227
"020072511","02","Caba","02007","Comuna 1",9,247,256
"020072601","02","Caba","02007","Comuna 1",32,148,180
"020072602","02","Caba","02007","Comuna 1",9,334,343
"020072603","02","Caba","02007","Comuna 1",6,257,263
"020072604","02","Caba","02007","Comuna 1",5,282,287
"020072605","02","Caba","02007","Comuna 1",28,564,592
"020072606","02","Caba","02007","Comuna 1",1,199,200
"020072607","02","Caba","02007","Comuna 1",8,322,330
"020072608","02","Caba","02007","Comuna 1",4,299,303
"020072609","02","Caba","02007","Comuna 1",9,392,401
"020072701","02","Caba","02007","Comuna 1",11,189,200
"020072702","02","Caba","02007","Comuna 1",137,195,332
"020072703","02","Caba","02007","Comuna 1",69,207,276
"020072704","02","Caba","02007","Comuna 1",128,175,303
"020072705","02","Caba","02007","Comuna 1",25,213,238
"020072706","02","Caba","02007","Comuna 1",131,212,343
"020072707","02","Caba","02007","Comuna 1",79,163,242
"020072708","02","Caba","02007","Comuna 1",88,351,439
"020072709","02","Caba","02007","Comuna 1",89,235,324
"020072710","02","Caba","02007","Comuna 1",24,236,260
"020072801","02","Caba","02007","Comuna 1",19,153,172
"020072802","02","Caba","02007","Comuna 1",116,203,319
"020072803","02","Caba","02007","Comuna 1",64,162,226
"020072804","02","Caba","02007","Comuna 1",77,223,300
"020072805","02","Caba","02007","Comuna 1",22,337,359
"020072806","02","Caba","02007","Comuna 1",120,212,332
"020072807","02","Caba","02007","Comuna 1",46,222,268
"020072808","02","Caba","02007","Comuna 1",17,113,130
"020072809","02","Caba","02007","Comuna 1",114,335,449
"020072810","02","Caba","02007","Comuna 1",86,328,414
"020072811","02","Caba","02007","Comuna 1",210,130,340
"020072812","02","Caba","02007","Comuna 1",66,161,227
"020072813","02","Caba","02007","Comuna 1",138,185,323
"020072901","02","Caba","02007","Comuna 1",145,331,476
"020072902","02","Caba","02007","Comuna 1",176,147,323
"020072903","02","Caba","02007","Comuna 1",73,243,316
"020072904","02","Caba","02007","Comuna 1",47,254,301
"020072905","02","Caba","02007","Comuna 1",154,340,494
"020072906","02","Caba","02007","Comuna 1",57,280,337
"020072907","02","Caba","02007","Comuna 1",30,285,315
"020072908","02","Caba","02007","Comuna 1",78,204,282
"020072909","02","Caba","02007","Comuna 1",72,339,411
"020073001","02","Caba","02007","Comuna 1",61,247,308
"020073002","02","Caba","02007","Comuna 1",53,276,329
"020073003","02","Caba","02007","Comuna 1",28,147,175
"020073004","02","Caba","02007","Comuna 1",57,142,199
"020073005","02","Caba","02007","Comuna 1",41,61,102
"020073006","02","Caba","02007","Comuna 1",73,184,257
"020073007","02","Caba","02007","Comuna 1",47,233,280
"020073008","02","Caba","02007","Comuna 1",80,179,259
"020073009","02","Caba","02007","Comuna 1",21,191,212
"020073010","02","Caba","02007","Comuna 1",110,180,290
"020073011","02","Caba","02007","Comuna 1",100,230,330
"020073012","02","Caba","02007","Comuna 1",111,283,394
"020073013","02","Caba","02007","Comuna 1",66,193,259
"020140101","02","Caba","02014","Comuna 2",2,20,22
"020140102","02","Caba","02014","Comuna 2",13,150,163
"020140201","02","Caba","02014","Comuna 2",7,377,384
"020140202","02","Caba","02014","Comuna 2",7,467,474
"020140203","02","Caba","02014","Comuna 2",4,247,251
"020140204","02","Caba","02014","Comuna 2",5,269,274
"020140205","02","Caba","02014","Comuna 2",5,292,297
"020140206","02","Caba","02014","Comuna 2",5,217,222
"020140207","02","Caba","02014","Comuna 2",1,172,173
"020140208","02","Caba","02014","Comuna 2",3,333,336
"020140301","02","Caba","02014","Comuna 2",6,483,489
"020140302","02","Caba","02014","Comuna 2",8,502,510
"020140303","02","Caba","02014","Comuna 2",4,137,141
"020140304","02","Caba","02014","Comuna 2",2,212,214
"020140305","02","Caba","02014","Comuna 2",10,355,365
"020140306","02","Caba","02014","Comuna 2",11,516,527
"020140307","02","Caba","02014","Comuna 2",2,391,393
"020140308","02","Caba","02014","Comuna 2",3,300,303
"020140401","02","Caba","02014","Comuna 2",7,395,402
"020140402","02","Caba","02014","Comuna 2",0,158,158
"020140403","02","Caba","02014","Comuna 2",2,182,184
"020140404","02","Caba","02014","Comuna 2",1,265,266
"020140405","02","Caba","02014","Comuna 2",2,373,375
"020140406","02","Caba","02014","Comuna 2",1,236,237
"020140407","02","Caba","02014","Comuna 2",2,307,309
"020140408","02","Caba","02014","Comuna 2",1,484,485
"020140409","02","Caba","02014","Comuna 2",1,332,333
"020140410","02","Caba","02014","Comuna 2",6,520,526
"020140501","02","Caba","02014","Comuna 2",7,328,335
"020140502","02","Caba","02014","Comuna 2",2,370,372
"020140503","02","Caba","02014","Comuna 2",5,301,306
"020140504","02","Caba","02014","Comuna 2",4,323,327
"020140505","02","Caba","02014","Comuna 2",9,422,431
"020140506","02","Caba","02014","Comuna 2",5,433,438
"020140507","02","Caba","02014","Comuna 2",5,407,412
"020140508","02","Caba","02014","Comuna 2",4,300,304
"020140509","02","Caba","02014","Comuna 2",4,232,236
"020140601","02","Caba","02014","Comuna 2",11,253,264
"020140602","02","Caba","02014","Comuna 2",5,631,636
"020140603","02","Caba","02014","Comuna 2",0,244,244
"020140604","02","Caba","02014","Comuna 2",4,367,371
"020140605","02","Caba","02014","Comuna 2",5,219,224
"020140606","02","Caba","02014","Comuna 2",19,356,375
"020140607","02","Caba","02014","Comuna 2",4,206,210
"020140608","02","Caba","02014","Comuna 2",8,245,253
"020140609","02","Caba","02014","Comuna 2",4,310,314
"020140610","02","Caba","02014","Comuna 2",5,239,244
"020140701","02","Caba","02014","Comuna 2",5,647,652
"020140702","02","Caba","02014","Comuna 2",4,509,513
"020140703","02","Caba","02014","Comuna 2",10,453,463
"020140704","02","Caba","02014","Comuna 2",1,373,374
"020140705","02","Caba","02014","Comuna 2",18,265,283
"020140706","02","Caba","02014","Comuna 2",3,341,344
"020140707","02","Caba","02014","Comuna 2",13,510,523
"020140708","02","Caba","02014","Comuna 2",8,226,234
"020140709","02","Caba","02014","Comuna 2",1,362,363
"020140801","02","Caba","02014","Comuna 2",4,374,378
"020140802","02","Caba","02014","Comuna 2",6,403,409
"020140803","02","Caba","02014","Comuna 2",10,556,566
"020140804","02","Caba","02014","Comuna 2",5,561,566
"020140805","02","Caba","02014","Comuna 2",10,600,610
"020140806","02","Caba","02014","Comuna 2",6,656,662
"020140807","02","Caba","02014","Comuna 2",31,1012,1043
"020140808","02","Caba","02014","Comuna 2",8,459,467
"020140901","02","Caba","02014","Comuna 2",4,396,400
"020140902","02","Caba","02014","Comuna 2",45,346,391
"020140903","02","Caba","02014","Comuna 2",17,479,496
"020140904","02","Caba","02014","Comuna 2",5,485,490
"020140905","02","Caba","02014","Comuna 2",9,536,545
"020140906","02","Caba","02014","Comuna 2",10,539,549
"020140907","02","Caba","02014","Comuna 2",5,459,464
"020140908","02","Caba","02014","Comuna 2",16,711,727
"020140909","02","Caba","02014","Comuna 2",8,639,647
"020141001","02","Caba","02014","Comuna 2",5,580,585
"020141002","02","Caba","02014","Comuna 2",4,374,378
"020141003","02","Caba","02014","Comuna 2",3,325,328
"020141004","02","Caba","02014","Comuna 2",1,504,505
"020141005","02","Caba","02014","Comuna 2",0,488,488
"020141006","02","Caba","02014","Comuna 2",3,329,332
"020141007","02","Caba","02014","Comuna 2",3,646,649
"020141008","02","Caba","02014","Comuna 2",1,497,498
"020141009","02","Caba","02014","Comuna 2",8,340,348
"020141101","02","Caba","02014","Comuna 2",9,693,702
"020141102","02","Caba","02014","Comuna 2",1,243,244
"020141103","02","Caba","02014","Comuna 2",13,708,721
"020141104","02","Caba","02014","Comuna 2",19,672,691
"020141105","02","Caba","02014","Comuna 2",1,287,288
"020141106","02","Caba","02014","Comuna 2",6,430,436
"020141201","02","Caba","02014","Comuna 2",3,367,370
"020141202","02","Caba","02014","Comuna 2",1,353,354
"020141203","02","Caba","02014","Comuna 2",2,450,452
"020141204","02","Caba","02014","Comuna 2",8,727,735
"020141205","02","Caba","02014","Comuna 2",11,608,619
"020141206","02","Caba","02014","Comuna 2",4,403,407
"020141207","02","Caba","02014","Comuna 2",0,276,276
"020141301","02","Caba","02014","Comuna 2",9,676,685
"020141302","02","Caba","02014","Comuna 2",6,457,463
"020141303","02","Caba","02014","Comuna 2",4,578,582
"020141304","02","Caba","02014","Comuna 2",2,577,579
"020141305","02","Caba","02014","Comuna 2",9,548,557
"020141306","02","Caba","02014","Comuna 2",9,400,409
"020141307","02","Caba","02014","Comuna 2",10,700,710
"020141401","02","Caba","02014","Comuna 2",2,304,306
"020141402","02","Caba","02014","Comuna 2",2,295,297
"020141403","02","Caba","02014","Comuna 2",2,245,247
"020141404","02","Caba","02014","Comuna 2",3,399,402
"020141405","02","Caba","02014","Comuna 2",15,419,434
"020141406","02","Caba","02014","Comuna 2",23,619,642
"020141407","02","Caba","02014","Comuna 2",29,384,413
"020141408","02","Caba","02014","Comuna 2",10,435,445
"020141409","02","Caba","02014","Comuna 2",11,618,629
"020141410","02","Caba","02014","Comuna 2",35,586,621
"020141501","02","Caba","02014","Comuna 2",7,283,290
"020141502","02","Caba","02014","Comuna 2",2,418,420
"020141503","02","Caba","02014","Comuna 2",14,744,758
"020141504","02","Caba","02014","Comuna 2",5,354,359
"020141505","02","Caba","02014","Comuna 2",4,232,236
"020141506","02","Caba","02014","Comuna 2",6,347,353
"020141507","02","Caba","02014","Comuna 2",3,326,329
"020141508","02","Caba","02014","Comuna 2",5,360,365
"020141601","02","Caba","02014","Comuna 2",23,338,361
"020141602","02","Caba","02014","Comuna 2",10,334,344
"020141603","02","Caba","02014","Comuna 2",2,366,368
"020141604","02","Caba","02014","Comuna 2",5,356,361
"020141605","02","Caba","02014","Comuna 2",6,405,411
"020141606","02","Caba","02014","Comuna 2",5,362,367
"020141607","02","Caba","02014","Comuna 2",5,506,511
"020141608","02","Caba","02014","Comuna 2",1,313,314
"020141701","02","Caba","02014","Comuna 2",11,555,566
"020141702","02","Caba","02014","Comuna 2",4,446,450
"020141703","02","Caba","02014","Comuna 2",9,535,544
"020141704","02","Caba","02014","Comuna 2",3,233,236
"020141705","02","Caba","02014","Comuna 2",10,388,398
"020141706","02","Caba","02014","Comuna 2",10,589,599
"020141707","02","Caba","02014","Comuna 2",11,592,603
"020141708","02","Caba","02014","Comuna 2",12,489,501
"020141709","02","Caba","02014","Comuna 2",1,362,363
"020141801","02","Caba","02014","Comuna 2",6,509,515
"020141802","02","Caba","02014","Comuna 2",14,644,658
"020141803","02","Caba","02014","Comuna 2",4,491,495
"020141804","02","Caba","02014","Comuna 2",4,297,301
"020141805","02","Caba","02014","Comuna 2",4,307,311
"020141806","02","Caba","02014","Comuna 2",2,421,423
"020141807","02","Caba","02014","Comuna 2",17,265,282
"020141808","02","Caba","02014","Comuna 2",16,270,286
"020141901","02","Caba","02014","Comuna 2",5,430,435
"020141902","02","Caba","02014","Comuna 2",9,392,401
"020141903","02","Caba","02014","Comuna 2",10,313,323
"020141904","02","Caba","02014","Comuna 2",10,558,568
"020141905","02","Caba","02014","Comuna 2",2,373,375
"020141906","02","Caba","02014","Comuna 2",8,428,436
"020141907","02","Caba","02014","Comuna 2",8,365,373
"020141908","02","Caba","02014","Comuna 2",17,432,449
"020142001","02","Caba","02014","Comuna 2",7,415,422
"020142002","02","Caba","02014","Comuna 2",42,482,524
"020142003","02","Caba","02014","Comuna 2",26,516,542
"020142004","02","Caba","02014","Comuna 2",16,307,323
"020142005","02","Caba","02014","Comuna 2",52,383,435
"020142006","02","Caba","02014","Comuna 2",50,362,412
"020142007","02","Caba","02014","Comuna 2",10,456,466
"020142008","02","Caba","02014","Comuna 2",3,367,370
"020142009","02","Caba","02014","Comuna 2",17,215,232
"020142101","02","Caba","02014","Comuna 2",12,462,474
"020142102","02","Caba","02014","Comuna 2",29,536,565
"020142103","02","Caba","02014","Comuna 2",14,384,398
"020142104","02","Caba","02014","Comuna 2",5,601,606
"020142105","02","Caba","02014","Comuna 2",8,524,532
"020142106","02","Caba","02014","Comuna 2",14,447,461
"020142201","02","Caba","02014","Comuna 2",3,402,405
"020142202","02","Caba","02014","Comuna 2",7,328,335
"020142203","02","Caba","02014","Comuna 2",4,342,346
"020142204","02","Caba","02014","Comuna 2",10,483,493
"020142205","02","Caba","02014","Comuna 2",5,550,555
"020142206","02","Caba","02014","Comuna 2",5,617,622
"020142301","02","Caba","02014","Comuna 2",2,333,335
"020142302","02","Caba","02014","Comuna 2",0,426,426
"020142303","02","Caba","02014","Comuna 2",3,495,498
"020142304","02","Caba","02014","Comuna 2",5,418,423
"020142305","02","Caba","02014","Comuna 2",1,278,279
"020142306","02","Caba","02014","Comuna 2",5,131,136
"020142307","02","Caba","02014","Comuna 2",2,226,228
"020142308","02","Caba","02014","Comuna 2",2,161,163
"020142309","02","Caba","02014","Comuna 2",4,454,458
"020142401","02","Caba","02014","Comuna 2",9,423,432
"020142402","02","Caba","02014","Comuna 2",18,283,301
"020142403","02","Caba","02014","Comuna 2",10,375,385
"020142404","02","Caba","02014","Comuna 2",6,478,484
"020142405","02","Caba","02014","Comuna 2",9,547,556
"020142406","02","Caba","02014","Comuna 2",7,505,512
"020142501","02","Caba","02014","Comuna 2",21,287,308
"020142502","02","Caba","02014","Comuna 2",17,416,433
"020142503","02","Caba","02014","Comuna 2",1,168,169
"020142504","02","Caba","02014","Comuna 2",7,408,415
"020142505","02","Caba","02014","Comuna 2",5,396,401
"020142506","02","Caba","02014","Comuna 2",47,340,387
"020142507","02","Caba","02014","Comuna 2",9,383,392
"020142508","02","Caba","02014","Comuna 2",3,358,361
"020142509","02","Caba","02014","Comuna 2",23,477,500
"020142510","02","Caba","02014","Comuna 2",2,274,276
"020142511","02","Caba","02014","Comuna 2",1,272,273
"020142512","02","Caba","02014","Comuna 2",0,345,345
"020142513","02","Caba","02014","Comuna 2",17,274,291
"020210101","02","Caba","02021","Comuna 3",24,289,313
"020210102","02","Caba","02021","Comuna 3",13,434,447
"020210103","02","Caba","02021","Comuna 3",18,414,432
"020210104","02","Caba","02021","Comuna 3",12,248,260
"020210105","02","Caba","02021","Comuna 3",23,359,382
"020210106","02","Caba","02021","Comuna 3",15,274,289
"020210107","02","Caba","02021","Comuna 3",83,210,293
"020210108","02","Caba","02021","Comuna 3",16,224,240
"020210109","02","Caba","02021","Comuna 3",16,379,395
"020210110","02","Caba","02021","Comuna 3",55,114,169
"020210111","02","Caba","02021","Comuna 3",28,271,299
"020210112","02","Caba","02021","Comuna 3",1,276,277
"020210201","02","Caba","02021","Comuna 3",23,362,385
"020210202","02","Caba","02021","Comuna 3",5,336,341
"020210203","02","Caba","02021","Comuna 3",3,225,228
"020210204","02","Caba","02021","Comuna 3",5,298,303
"020210205","02","Caba","02021","Comuna 3",53,405,458
"020210206","02","Caba","02021","Comuna 3",17,292,309
"020210207","02","Caba","02021","Comuna 3",24,414,438
"020210208","02","Caba","02021","Comuna 3",40,445,485
"020210209","02","Caba","02021","Comuna 3",19,373,392
"020210210","02","Caba","02021","Comuna 3",6,197,203
"020210211","02","Caba","02021","Comuna 3",11,263,274
"020210212","02","Caba","02021","Comuna 3",49,318,367
"020210301","02","Caba","02021","Comuna 3",9,502,511
"020210302","02","Caba","02021","Comuna 3",64,423,487
"020210303","02","Caba","02021","Comuna 3",27,381,408
"020210304","02","Caba","02021","Comuna 3",12,268,280
"020210305","02","Caba","02021","Comuna 3",15,338,353
"020210306","02","Caba","02021","Comuna 3",8,335,343
"020210307","02","Caba","02021","Comuna 3",7,362,369
"020210308","02","Caba","02021","Comuna 3",45,364,409
"020210309","02","Caba","02021","Comuna 3",13,197,210
"020210310","02","Caba","02021","Comuna 3",40,235,275
"020210311","02","Caba","02021","Comuna 3",61,285,346
"020210401","02","Caba","02021","Comuna 3",25,400,425
"020210402","02","Caba","02021","Comuna 3",14,251,265
"020210403","02","Caba","02021","Comuna 3",13,336,349
"020210404","02","Caba","02021","Comuna 3",60,382,442
"020210405","02","Caba","02021","Comuna 3",27,284,311
"020210406","02","Caba","02021","Comuna 3",12,379,391
"020210407","02","Caba","02021","Comuna 3",5,320,325
"020210408","02","Caba","02021","Comuna 3",18,197,215
"020210501","02","Caba","02021","Comuna 3",27,384,411
"020210502","02","Caba","02021","Comuna 3",7,319,326
"020210503","02","Caba","02021","Comuna 3",19,544,563
"020210504","02","Caba","02021","Comuna 3",17,263,280
"020210505","02","Caba","02021","Comuna 3",13,402,415
"020210506","02","Caba","02021","Comuna 3",3,232,235
"020210507","02","Caba","02021","Comuna 3",10,449,459
"020210601","02","Caba","02021","Comuna 3",34,518,552
"020210602","02","Caba","02021","Comuna 3",50,311,361
"020210603","02","Caba","02021","Comuna 3",11,405,416
"020210604","02","Caba","02021","Comuna 3",5,405,410
"020210605","02","Caba","02021","Comuna 3",66,326,392
"020210606","02","Caba","02021","Comuna 3",14,285,299
"020210607","02","Caba","02021","Comuna 3",5,349,354
"020210701","02","Caba","02021","Comuna 3",3,166,169
"020210702","02","Caba","02021","Comuna 3",20,464,484
"020210703","02","Caba","02021","Comuna 3",33,477,510
"020210704","02","Caba","02021","Comuna 3",38,472,510
"020210705","02","Caba","02021","Comuna 3",42,327,369
"020210706","02","Caba","02021","Comuna 3",26,308,334
"020210707","02","Caba","02021","Comuna 3",12,576,588
"020210708","02","Caba","02021","Comuna 3",47,192,239
"020210709","02","Caba","02021","Comuna 3",19,450,469
"020210801","02","Caba","02021","Comuna 3",2,388,390
"020210802","02","Caba","02021","Comuna 3",4,217,221
"020210803","02","Caba","02021","Comuna 3",12,381,393
"020210804","02","Caba","02021","Comuna 3",9,226,235
"020210805","02","Caba","02021","Comuna 3",8,228,236
"020210806","02","Caba","02021","Comuna 3",2,229,231
"020210807","02","Caba","02021","Comuna 3",16,226,242
"020210808","02","Caba","02021","Comuna 3",46,197,243
"020210809","02","Caba","02021","Comuna 3",12,302,314
"020210810","02","Caba","02021","Comuna 3",13,220,233
"020210901","02","Caba","02021","Comuna 3",7,399,406
"020210902","02","Caba","02021","Comuna 3",31,245,276
"020210903","02","Caba","02021","Comuna 3",15,485,500
"020210904","02","Caba","02021","Comuna 3",54,381,435
"020210905","02","Caba","02021","Comuna 3",21,227,248
"020210906","02","Caba","02021","Comuna 3",38,241,279
"020210907","02","Caba","02021","Comuna 3",92,210,302
"020210908","02","Caba","02021","Comuna 3",16,276,292
"020210909","02","Caba","02021","Comuna 3",47,419,466
"020210910","02","Caba","02021","Comuna 3",50,312,362
"020211001","02","Caba","02021","Comuna 3",10,425,435
"020211002","02","Caba","02021","Comuna 3",58,321,379
"020211003","02","Caba","02021","Comuna 3",18,227,245
"020211004","02","Caba","02021","Comuna 3",7,343,350
"020211005","02","Caba","02021","Comuna 3",22,270,292
"020211006","02","Caba","02021","Comuna 3",94,267,361
"020211007","02","Caba","02021","Comuna 3",36,326,362
"020211008","02","Caba","02021","Comuna 3",67,308,375
"020211009","02","Caba","02021","Comuna 3",4,67,71
"020211101","02","Caba","02021","Comuna 3",13,356,369
"020211102","02","Caba","02021","Comuna 3",82,363,445
"020211103","02","Caba","02021","Comuna 3",72,272,344
"020211104","02","Caba","02021","Comuna 3",17,397,414
"020211105","02","Caba","02021","Comuna 3",41,303,344
"020211106","02","Caba","02021","Comuna 3",139,414,553
"020211107","02","Caba","02021","Comuna 3",56,310,366
"020211108","02","Caba","02021","Comuna 3",35,376,411
"020211201","02","Caba","02021","Comuna 3",3,414,417
"020211202","02","Caba","02021","Comuna 3",88,456,544
"020211203","02","Caba","02021","Comuna 3",47,269,316
"020211204","02","Caba","02021","Comuna 3",74,196,270
"020211205","02","Caba","02021","Comuna 3",20,560,580
"020211206","02","Caba","02021","Comuna 3",51,100,151
"020211207","02","Caba","02021","Comuna 3",43,457,500
"020211208","02","Caba","02021","Comuna 3",80,334,414
"020211209","02","Caba","02021","Comuna 3",16,234,250
"020211210","02","Caba","02021","Comuna 3",79,286,365
"020211301","02","Caba","02021","Comuna 3",58,317,375
"020211302","02","Caba","02021","Comuna 3",111,278,389
"020211303","02","Caba","02021","Comuna 3",51,398,449
"020211304","02","Caba","02021","Comuna 3",75,208,283
"020211305","02","Caba","02021","Comuna 3",29,335,364
"020211306","02","Caba","02021","Comuna 3",15,343,358
"020211307","02","Caba","02021","Comuna 3",10,244,254
"020211308","02","Caba","02021","Comuna 3",45,248,293
"020211309","02","Caba","02021","Comuna 3",23,359,382
"020211310","02","Caba","02021","Comuna 3",47,206,253
"020211311","02","Caba","02021","Comuna 3",5,308,313
"020211401","02","Caba","02021","Comuna 3",109,420,529
"020211402","02","Caba","02021","Comuna 3",74,431,505
"020211403","02","Caba","02021","Comuna 3",7,499,506
"020211404","02","Caba","02021","Comuna 3",35,334,369
"020211405","02","Caba","02021","Comuna 3",76,300,376
"020211406","02","Caba","02021","Comuna 3",3,487,490
"020211407","02","Caba","02021","Comuna 3",7,274,281
"020211408","02","Caba","02021","Comuna 3",66,353,419
"020211409","02","Caba","02021","Comuna 3",52,305,357
"020211501","02","Caba","02021","Comuna 3",17,314,331
"020211502","02","Caba","02021","Comuna 3",11,435,446
"020211503","02","Caba","02021","Comuna 3",24,265,289
"020211504","02","Caba","02021","Comuna 3",12,315,327
"020211505","02","Caba","02021","Comuna 3",56,292,348
"020211506","02","Caba","02021","Comuna 3",71,330,401
"020211507","02","Caba","02021","Comuna 3",16,566,582
"020211508","02","Caba","02021","Comuna 3",7,630,637
"020211509","02","Caba","02021","Comuna 3",19,141,160
"020211601","02","Caba","02021","Comuna 3",20,338,358
"020211602","02","Caba","02021","Comuna 3",18,403,421
"020211603","02","Caba","02021","Comuna 3",61,336,397
"020211604","02","Caba","02021","Comuna 3",8,221,229
"020211605","02","Caba","02021","Comuna 3",20,223,243
"020211606","02","Caba","02021","Comuna 3",33,272,305
"020211607","02","Caba","02021","Comuna 3",127,270,397
"020211608","02","Caba","02021","Comuna 3",30,221,251
"020211609","02","Caba","02021","Comuna 3",94,500,594
"020211701","02","Caba","02021","Comuna 3",27,231,258
"020211702","02","Caba","02021","Comuna 3",35,305,340
"020211703","02","Caba","02021","Comuna 3",47,237,284
"020211704","02","Caba","02021","Comuna 3",114,193,307
"020211705","02","Caba","02021","Comuna 3",70,255,325
"020211706","02","Caba","02021","Comuna 3",27,316,343
"020211707","02","Caba","02021","Comuna 3",23,341,364
"020211708","02","Caba","02021","Comuna 3",142,226,368
"020211709","02","Caba","02021","Comuna 3",100,300,400
"020211801","02","Caba","02021","Comuna 3",110,216,326
"020211802","02","Caba","02021","Comuna 3",20,334,354
"020211803","02","Caba","02021","Comuna 3",17,247,264
"020211804","02","Caba","02021","Comuna 3",18,447,465
"020211805","02","Caba","02021","Comuna 3",9,219,228
"020211806","02","Caba","02021","Comuna 3",49,260,309
"020211807","02","Caba","02021","Comuna 3",33,292,325
"020211808","02","Caba","02021","Comuna 3",9,312,321
"020211809","02","Caba","02021","Comuna 3",52,427,479
"020211810","02","Caba","02021","Comuna 3",9,277,286
"020211811","02","Caba","02021","Comuna 3",10,324,334
"020211901","02","Caba","02021","Comuna 3",24,559,583
"020211902","02","Caba","02021","Comuna 3",17,180,197
"020211903","02","Caba","02021","Comuna 3",28,316,344
"020211904","02","Caba","02021","Comuna 3",55,286,341
"020211905","02","Caba","02021","Comuna 3",92,308,400
"020211906","02","Caba","02021","Comuna 3",22,362,384
"020211907","02","Caba","02021","Comuna 3",85,388,473
"020211908","02","Caba","02021","Comuna 3",80,475,555
"020211909","02","Caba","02021","Comuna 3",17,359,376
"020211910","02","Caba","02021","Comuna 3",43,223,266
"020212001","02","Caba","02021","Comuna 3",122,289,411
"020212002","02","Caba","02021","Comuna 3",48,387,435
"020212003","02","Caba","02021","Comuna 3",21,322,343
"020212004","02","Caba","02021","Comuna 3",5,312,317
"020212005","02","Caba","02021","Comuna 3",46,241,287
"020212006","02","Caba","02021","Comuna 3",53,192,245
"020212007","02","Caba","02021","Comuna 3",14,454,468
"020212008","02","Caba","02021","Comuna 3",84,352,436
"020212009","02","Caba","02021","Comuna 3",61,464,525
"020212010","02","Caba","02021","Comuna 3",16,316,332
"020212011","02","Caba","02021","Comuna 3",4,347,351
"020212101","02","Caba","02021","Comuna 3",37,383,420
"020212102","02","Caba","02021","Comuna 3",16,425,441
"020212103","02","Caba","02021","Comuna 3",11,353,364
"020212104","02","Caba","02021","Comuna 3",49,373,422
"020212105","02","Caba","02021","Comuna 3",51,150,201
"020212106","02","Caba","02021","Comuna 3",70,313,383
"020212107","02","Caba","02021","Comuna 3",39,220,259
"020212108","02","Caba","02021","Comuna 3",39,336,375
"020212109","02","Caba","02021","Comuna 3",18,217,235
"020212110","02","Caba","02021","Comuna 3",29,399,428
"020212201","02","Caba","02021","Comuna 3",92,381,473
"020212202","02","Caba","02021","Comuna 3",43,266,309
"020212203","02","Caba","02021","Comuna 3",34,146,180
"020212204","02","Caba","02021","Comuna 3",30,281,311
"020212205","02","Caba","02021","Comuna 3",38,435,473
"020212206","02","Caba","02021","Comuna 3",12,238,250
"020212207","02","Caba","02021","Comuna 3",36,361,397
"020212208","02","Caba","02021","Comuna 3",28,393,421
"020212209","02","Caba","02021","Comuna 3",35,368,403
"020212301","02","Caba","02021","Comuna 3",43,435,478
"020212302","02","Caba","02021","Comuna 3",15,328,343
"020212303","02","Caba","02021","Comuna 3",44,367,411
"020212304","02","Caba","02021","Comuna 3",23,174,197
"020212305","02","Caba","02021","Comuna 3",8,324,332
"020212306","02","Caba","02021","Comuna 3",34,265,299
"020212307","02","Caba","02021","Comuna 3",28,267,295
"020212308","02","Caba","02021","Comuna 3",24,341,365
"020212309","02","Caba","02021","Comuna 3",41,316,357
"020212310","02","Caba","02021","Comuna 3",14,321,335
"020212401","02","Caba","02021","Comuna 3",14,333,347
"020212402","02","Caba","02021","Comuna 3",58,423,481
"020212403","02","Caba","02021","Comuna 3",14,403,417
"020212404","02","Caba","02021","Comuna 3",57,352,409
"020212405","02","Caba","02021","Comuna 3",6,293,299
"020212406","02","Caba","02021","Comuna 3",53,405,458
"020212407","02","Caba","02021","Comuna 3",20,410,430
"020212408","02","Caba","02021","Comuna 3",31,358,389
"020212409","02","Caba","02021","Comuna 3",12,208,220
"020212501","02","Caba","02021","Comuna 3",32,181,213
"020212502","02","Caba","02021","Comuna 3",47,273,320
"020212503","02","Caba","02021","Comuna 3",63,141,204
"020212504","02","Caba","02021","Comuna 3",59,316,375
"020212505","02","Caba","02021","Comuna 3",12,638,650
"020212506","02","Caba","02021","Comuna 3",75,370,445
"020212507","02","Caba","02021","Comuna 3",93,219,312
"020212508","02","Caba","02021","Comuna 3",73,696,769
"020212509","02","Caba","02021","Comuna 3",78,311,389
"020212510","02","Caba","02021","Comuna 3",22,288,310
"020212601","02","Caba","02021","Comuna 3",62,341,403
"020212602","02","Caba","02021","Comuna 3",47,377,424
"020212603","02","Caba","02021","Comuna 3",81,291,372
"020212604","02","Caba","02021","Comuna 3",40,289,329
"020212605","02","Caba","02021","Comuna 3",56,347,403
"020212606","02","Caba","02021","Comuna 3",4,220,224
"020212607","02","Caba","02021","Comuna 3",14,325,339
"020212608","02","Caba","02021","Comuna 3",6,270,276
"020212609","02","Caba","02021","Comuna 3",36,237,273
"020212701","02","Caba","02021","Comuna 3",48,414,462
"020212702","02","Caba","02021","Comuna 3",43,457,500
"020212703","02","Caba","02021","Comuna 3",49,403,452
"020212704","02","Caba","02021","Comuna 3",19,392,411
"020212705","02","Caba","02021","Comuna 3",4,300,304
"020212706","02","Caba","02021","Comuna 3",57,314,371
"020212707","02","Caba","02021","Comuna 3",11,332,343
"020280101","02","Caba","02028","Comuna 4",17,275,292
"020280102","02","Caba","02028","Comuna 4",55,243,298
"020280103","02","Caba","02028","Comuna 4",15,196,211
"020280104","02","Caba","02028","Comuna 4",36,226,262
"020280105","02","Caba","02028","Comuna 4",33,199,232
"020280106","02","Caba","02028","Comuna 4",7,123,130
"020280107","02","Caba","02028","Comuna 4",10,165,175
"020280108","02","Caba","02028","Comuna 4",29,221,250
"020280109","02","Caba","02028","Comuna 4",24,254,278
"020280110","02","Caba","02028","Comuna 4",22,173,195
"020280111","02","Caba","02028","Comuna 4",24,184,208
"020280112","02","Caba","02028","Comuna 4",6,212,218
"020280113","02","Caba","02028","Comuna 4",3,145,148
"020280114","02","Caba","02028","Comuna 4",11,167,178
"020280201","02","Caba","02028","Comuna 4",42,289,331
"020280202","02","Caba","02028","Comuna 4",19,362,381
"020280203","02","Caba","02028","Comuna 4",62,433,495
"020280204","02","Caba","02028","Comuna 4",15,280,295
"020280205","02","Caba","02028","Comuna 4",36,205,241
"020280206","02","Caba","02028","Comuna 4",17,274,291
"020280207","02","Caba","02028","Comuna 4",40,396,436
"020280208","02","Caba","02028","Comuna 4",18,230,248
"020280209","02","Caba","02028","Comuna 4",30,248,278
"020280210","02","Caba","02028","Comuna 4",40,367,407
"020280301","02","Caba","02028","Comuna 4",12,311,323
"020280302","02","Caba","02028","Comuna 4",23,295,318
"020280303","02","Caba","02028","Comuna 4",7,205,212
"020280304","02","Caba","02028","Comuna 4",18,296,314
"020280305","02","Caba","02028","Comuna 4",7,377,384
"020280306","02","Caba","02028","Comuna 4",7,293,300
"020280307","02","Caba","02028","Comuna 4",9,262,271
"020280308","02","Caba","02028","Comuna 4",16,298,314
"020280309","02","Caba","02028","Comuna 4",9,174,183
"020280310","02","Caba","02028","Comuna 4",13,325,338
"020280311","02","Caba","02028","Comuna 4",9,320,329
"020280312","02","Caba","02028","Comuna 4",13,328,341
"020280313","02","Caba","02028","Comuna 4",22,396,418
"020280401","02","Caba","02028","Comuna 4",10,292,302
"020280402","02","Caba","02028","Comuna 4",5,261,266
"020280403","02","Caba","02028","Comuna 4",6,345,351
"020280404","02","Caba","02028","Comuna 4",13,385,398
"020280405","02","Caba","02028","Comuna 4",15,355,370
"020280406","02","Caba","02028","Comuna 4",7,490,497
"020280407","02","Caba","02028","Comuna 4",17,368,385
"020280408","02","Caba","02028","Comuna 4",22,382,404
"020280409","02","Caba","02028","Comuna 4",23,219,242
"020280410","02","Caba","02028","Comuna 4",16,287,303
"020280411","02","Caba","02028","Comuna 4",24,430,454
"020280501","02","Caba","02028","Comuna 4",22,401,423
"020280502","02","Caba","02028","Comuna 4",45,245,290
"020280503","02","Caba","02028","Comuna 4",16,426,442
"020280504","02","Caba","02028","Comuna 4",25,272,297
"020280505","02","Caba","02028","Comuna 4",10,225,235
"020280506","02","Caba","02028","Comuna 4",5,384,389
"020280507","02","Caba","02028","Comuna 4",16,287,303
"020280508","02","Caba","02028","Comuna 4",11,208,219
"020280509","02","Caba","02028","Comuna 4",16,356,372
"020280510","02","Caba","02028","Comuna 4",38,353,391
"020280511","02","Caba","02028","Comuna 4",28,350,378
"020280512","02","Caba","02028","Comuna 4",24,293,317
"020280601","02","Caba","02028","Comuna 4",21,454,475
"020280602","02","Caba","02028","Comuna 4",7,317,324
"020280603","02","Caba","02028","Comuna 4",35,382,417
"020280604","02","Caba","02028","Comuna 4",18,404,422
"020280605","02","Caba","02028","Comuna 4",16,274,290
"020280606","02","Caba","02028","Comuna 4",4,420,424
"020280607","02","Caba","02028","Comuna 4",16,335,351
"020280608","02","Caba","02028","Comuna 4",18,316,334
"020280609","02","Caba","02028","Comuna 4",9,282,291
"020280610","02","Caba","02028","Comuna 4",6,233,239
"020280611","02","Caba","02028","Comuna 4",11,246,257
"020280612","02","Caba","02028","Comuna 4",8,256,264
"020280701","02","Caba","02028","Comuna 4",17,468,485
"020280702","02","Caba","02028","Comuna 4",0,343,343
"020280703","02","Caba","02028","Comuna 4",74,294,368
"020280704","02","Caba","02028","Comuna 4",17,870,887
"020280705","02","Caba","02028","Comuna 4",48,293,341
"020280706","02","Caba","02028","Comuna 4",32,368,400
"020280707","02","Caba","02028","Comuna 4",13,327,340
"020280708","02","Caba","02028","Comuna 4",1,356,357
"020280709","02","Caba","02028","Comuna 4",35,350,385
"020280710","02","Caba","02028","Comuna 4",7,332,339
"020280711","02","Caba","02028","Comuna 4",31,254,285
"020280712","02","Caba","02028","Comuna 4",62,258,320
"020280801","02","Caba","02028","Comuna 4",9,333,342
"020280802","02","Caba","02028","Comuna 4",43,399,442
"020280803","02","Caba","02028","Comuna 4",26,320,346
"020280804","02","Caba","02028","Comuna 4",28,282,310
"020280805","02","Caba","02028","Comuna 4",7,307,314
"020280806","02","Caba","02028","Comuna 4",24,305,329
"020280807","02","Caba","02028","Comuna 4",2,197,199
"020280808","02","Caba","02028","Comuna 4",16,217,233
"020280809","02","Caba","02028","Comuna 4",30,349,379
"020280810","02","Caba","02028","Comuna 4",10,254,264
"020280811","02","Caba","02028","Comuna 4",35,324,359
"020280812","02","Caba","02028","Comuna 4",72,568,640
"020280901","02","Caba","02028","Comuna 4",49,364,413
"020280902","02","Caba","02028","Comuna 4",22,325,347
"020280903","02","Caba","02028","Comuna 4",21,254,275
"020280904","02","Caba","02028","Comuna 4",56,172,228
"020280905","02","Caba","02028","Comuna 4",16,251,267
"020280906","02","Caba","02028","Comuna 4",8,265,273
"020280907","02","Caba","02028","Comuna 4",37,528,565
"020281001","02","Caba","02028","Comuna 4",30,248,278
"020281002","02","Caba","02028","Comuna 4",79,199,278
"020281003","02","Caba","02028","Comuna 4",23,124,147
"020281004","02","Caba","02028","Comuna 4",30,188,218
"020281005","02","Caba","02028","Comuna 4",86,321,407
"020281006","02","Caba","02028","Comuna 4",74,288,362
"020281007","02","Caba","02028","Comuna 4",73,331,404
"020281008","02","Caba","02028","Comuna 4",101,398,499
"020281009","02","Caba","02028","Comuna 4",22,179,201
"020281101","02","Caba","02028","Comuna 4",14,300,314
"020281102","02","Caba","02028","Comuna 4",4,268,272
"020281103","02","Caba","02028","Comuna 4",8,303,311
"020281104","02","Caba","02028","Comuna 4",16,317,333
"020281105","02","Caba","02028","Comuna 4",22,278,300
"020281106","02","Caba","02028","Comuna 4",25,356,381
"020281107","02","Caba","02028","Comuna 4",66,559,625
"020281108","02","Caba","02028","Comuna 4",5,302,307
"020281109","02","Caba","02028","Comuna 4",4,88,92
"020281201","02","Caba","02028","Comuna 4",48,204,252
"020281202","02","Caba","02028","Comuna 4",65,214,279
"020281203","02","Caba","02028","Comuna 4",41,259,300
"020281204","02","Caba","02028","Comuna 4",7,292,299
"020281205","02","Caba","02028","Comuna 4",19,243,262
"020281206","02","Caba","02028","Comuna 4",51,338,389
"020281207","02","Caba","02028","Comuna 4",35,299,334
"020281208","02","Caba","02028","Comuna 4",24,203,227
"020281209","02","Caba","02028","Comuna 4",2,362,364
"020281210","02","Caba","02028","Comuna 4",18,309,327
"020281211","02","Caba","02028","Comuna 4",9,256,265
"020281212","02","Caba","02028","Comuna 4",1,358,359
"020281301","02","Caba","02028","Comuna 4",5,458,463
"020281302","02","Caba","02028","Comuna 4",25,298,323
"020281303","02","Caba","02028","Comuna 4",24,276,300
"020281304","02","Caba","02028","Comuna 4",2,247,249
"020281305","02","Caba","02028","Comuna 4",2,456,458
"020281306","02","Caba","02028","Comuna 4",23,214,237
"020281307","02","Caba","02028","Comuna 4",4,499,503
"020281308","02","Caba","02028","Comuna 4",29,164,193
"020281309","02","Caba","02028","Comuna 4",3,198,201
"020281310","02","Caba","02028","Comuna 4",1,245,246
"020281311","02","Caba","02028","Comuna 4",8,493,501
"020281401","02","Caba","02028","Comuna 4",67,266,333
"020281402","02","Caba","02028","Comuna 4",3,196,199
"020281403","02","Caba","02028","Comuna 4",15,312,327
"020281404","02","Caba","02028","Comuna 4",6,434,440
"020281405","02","Caba","02028","Comuna 4",2,329,331
"020281406","02","Caba","02028","Comuna 4",16,303,319
"020281407","02","Caba","02028","Comuna 4",46,382,428
"020281408","02","Caba","02028","Comuna 4",17,253,270
"020281409","02","Caba","02028","Comuna 4",27,258,285
"020281501","02","Caba","02028","Comuna 4",7,383,390
"020281502","02","Caba","02028","Comuna 4",7,686,693
"020281503","02","Caba","02028","Comuna 4",9,550,559
"020281504","02","Caba","02028","Comuna 4",2,306,308
"020281505","02","Caba","02028","Comuna 4",8,282,290
"020281506","02","Caba","02028","Comuna 4",36,398,434
"020281507","02","Caba","02028","Comuna 4",1,291,292
"020281508","02","Caba","02028","Comuna 4",3,321,324
"020281509","02","Caba","02028","Comuna 4",10,339,349
"020281510","02","Caba","02028","Comuna 4",3,219,222
"020281601","02","Caba","02028","Comuna 4",5,172,177
"020281602","02","Caba","02028","Comuna 4",24,860,884
"020281603","02","Caba","02028","Comuna 4",5,351,356
"020281604","02","Caba","02028","Comuna 4",17,249,266
"020281605","02","Caba","02028","Comuna 4",3,332,335
"020281606","02","Caba","02028","Comuna 4",24,323,347
"020281607","02","Caba","02028","Comuna 4",1,175,176
"020281608","02","Caba","02028","Comuna 4",34,507,541
"020281609","02","Caba","02028","Comuna 4",18,405,423
"020281610","02","Caba","02028","Comuna 4",38,266,304
"020281701","02","Caba","02028","Comuna 4",8,379,387
"020281702","02","Caba","02028","Comuna 4",12,288,300
"020281703","02","Caba","02028","Comuna 4",17,294,311
"020281704","02","Caba","02028","Comuna 4",1,292,293
"020281705","02","Caba","02028","Comuna 4",0,346,346
"020281706","02","Caba","02028","Comuna 4",1,301,302
"020281707","02","Caba","02028","Comuna 4",19,264,283
"020281708","02","Caba","02028","Comuna 4",79,310,389
"020281709","02","Caba","02028","Comuna 4",5,386,391
"020281710","02","Caba","02028","Comuna 4",30,287,317
"020281801","02","Caba","02028","Comuna 4",1,11,12
"020281901","02","Caba","02028","Comuna 4",41,251,292
"020281902","02","Caba","02028","Comuna 4",23,261,284
"020281903","02","Caba","02028","Comuna 4",41,338,379
"020281904","02","Caba","02028","Comuna 4",54,372,426
"020281905","02","Caba","02028","Comuna 4",15,278,293
"020281906","02","Caba","02028","Comuna 4",138,295,433
"020281907","02","Caba","02028","Comuna 4",74,164,238
"020281908","02","Caba","02028","Comuna 4",59,156,215
"020281909","02","Caba","02028","Comuna 4",105,274,379
"020281910","02","Caba","02028","Comuna 4",80,214,294
"020281911","02","Caba","02028","Comuna 4",96,245,341
"020282001","02","Caba","02028","Comuna 4",24,305,329
"020282002","02","Caba","02028","Comuna 4",20,253,273
"020282003","02","Caba","02028","Comuna 4",38,310,348
"020282004","02","Caba","02028","Comuna 4",89,168,257
"020282005","02","Caba","02028","Comuna 4",29,171,200
"020282006","02","Caba","02028","Comuna 4",39,293,332
"020282007","02","Caba","02028","Comuna 4",22,220,242
"020282008","02","Caba","02028","Comuna 4",35,240,275
"020282009","02","Caba","02028","Comuna 4",50,331,381
"020282010","02","Caba","02028","Comuna 4",95,303,398
"020282011","02","Caba","02028","Comuna 4",45,375,420
"020282012","02","Caba","02028","Comuna 4",18,530,548
"020282101","02","Caba","02028","Comuna 4",52,230,282
"020282102","02","Caba","02028","Comuna 4",91,161,252
"020282103","02","Caba","02028","Comuna 4",79,169,248
"020282104","02","Caba","02028","Comuna 4",41,204,245
"020282105","02","Caba","02028","Comuna 4",41,220,261
"020282106","02","Caba","02028","Comuna 4",29,244,273
"020282107","02","Caba","02028","Comuna 4",31,271,302
"020282108","02","Caba","02028","Comuna 4",97,220,317
"020282109","02","Caba","02028","Comuna 4",86,151,237
"020282110","02","Caba","02028","Comuna 4",136,157,293
"020282111","02","Caba","02028","Comuna 4",67,223,290
"020282112","02","Caba","02028","Comuna 4",29,210,239
"020282113","02","Caba","02028","Comuna 4",2,239,241
"020282201","02","Caba","02028","Comuna 4",12,262,274
"020282202","02","Caba","02028","Comuna 4",24,328,352
"020282203","02","Caba","02028","Comuna 4",5,385,390
"020282204","02","Caba","02028","Comuna 4",5,525,530
"020282205","02","Caba","02028","Comuna 4",23,316,339
"020282206","02","Caba","02028","Comuna 4",3,266,269
"020282207","02","Caba","02028","Comuna 4",3,435,438
"020282208","02","Caba","02028","Comuna 4",51,406,457
"020282209","02","Caba","02028","Comuna 4",26,265,291
"020282210","02","Caba","02028","Comuna 4",5,245,250
"020282211","02","Caba","02028","Comuna 4",17,291,308
"020282212","02","Caba","02028","Comuna 4",46,206,252
"020282301","02","Caba","02028","Comuna 4",50,326,376
"020282302","02","Caba","02028","Comuna 4",42,325,367
"020282303","02","Caba","02028","Comuna 4",37,196,233
"020282304","02","Caba","02028","Comuna 4",7,272,279
"020282305","02","Caba","02028","Comuna 4",7,364,371
"020282306","02","Caba","02028","Comuna 4",17,367,384
"020282307","02","Caba","02028","Comuna 4",11,236,247
"020282308","02","Caba","02028","Comuna 4",11,332,343
"020282309","02","Caba","02028","Comuna 4",16,166,182
"020282310","02","Caba","02028","Comuna 4",24,336,360
"020282311","02","Caba","02028","Comuna 4",54,162,216
"020282312","02","Caba","02028","Comuna 4",37,220,257
"020282401","02","Caba","02028","Comuna 4",42,244,286
"020282402","02","Caba","02028","Comuna 4",34,204,238
"020282403","02","Caba","02028","Comuna 4",13,102,115
"020282404","02","Caba","02028","Comuna 4",26,137,163
"020282405","02","Caba","02028","Comuna 4",28,142,170
"020282406","02","Caba","02028","Comuna 4",22,165,187
"020282407","02","Caba","02028","Comuna 4",8,118,126
"020282408","02","Caba","02028","Comuna 4",6,98,104
"020282409","02","Caba","02028","Comuna 4",10,99,109
"020282501","02","Caba","02028","Comuna 4",83,244,327
"020282502","02","Caba","02028","Comuna 4",97,374,471
"020282503","02","Caba","02028","Comuna 4",36,208,244
"020282504","02","Caba","02028","Comuna 4",46,266,312
"020282505","02","Caba","02028","Comuna 4",28,126,154
"020282506","02","Caba","02028","Comuna 4",55,253,308
"020282507","02","Caba","02028","Comuna 4",23,116,139
"020282508","02","Caba","02028","Comuna 4",76,240,316
"020282509","02","Caba","02028","Comuna 4",68,224,292
"020282510","02","Caba","02028","Comuna 4",64,164,228
"020282511","02","Caba","02028","Comuna 4",33,145,178
"020282512","02","Caba","02028","Comuna 4",76,239,315
"020282601","02","Caba","02028","Comuna 4",49,351,400
"020282602","02","Caba","02028","Comuna 4",17,291,308
"020282603","02","Caba","02028","Comuna 4",22,267,289
"020282701","02","Caba","02028","Comuna 4",1,247,248
"020282702","02","Caba","02028","Comuna 4",0,280,280
"020282703","02","Caba","02028","Comuna 4",1,190,191
"020282704","02","Caba","02028","Comuna 4",4,154,158
"020282705","02","Caba","02028","Comuna 4",1,110,111
"020282706","02","Caba","02028","Comuna 4",3,113,116
"020282707","02","Caba","02028","Comuna 4",9,429,438
"020282801","02","Caba","02028","Comuna 4",16,136,152
"020282802","02","Caba","02028","Comuna 4",38,239,277
"020282803","02","Caba","02028","Comuna 4",22,140,162
"020282804","02","Caba","02028","Comuna 4",44,195,239
"020282805","02","Caba","02028","Comuna 4",41,164,205
"020282806","02","Caba","02028","Comuna 4",86,289,375
"020282807","02","Caba","02028","Comuna 4",50,161,211
"020282808","02","Caba","02028","Comuna 4",60,214,274
"020282809","02","Caba","02028","Comuna 4",28,182,210
"020282810","02","Caba","02028","Comuna 4",21,141,162
"020282811","02","Caba","02028","Comuna 4",16,132,148
"020282901","02","Caba","02028","Comuna 4",55,210,265
"020282902","02","Caba","02028","Comuna 4",47,217,264
"020282903","02","Caba","02028","Comuna 4",14,103,117
"020282904","02","Caba","02028","Comuna 4",10,108,118
"020282905","02","Caba","02028","Comuna 4",25,174,199
"020282906","02","Caba","02028","Comuna 4",27,144,171
"020282907","02","Caba","02028","Comuna 4",45,208,253
"020282908","02","Caba","02028","Comuna 4",27,207,234
"020350101","02","Caba","02035","Comuna 5",29,461,490
"020350102","02","Caba","02035","Comuna 5",29,508,537
"020350103","02","Caba","02035","Comuna 5",38,457,495
"020350104","02","Caba","02035","Comuna 5",12,250,262
"020350105","02","Caba","02035","Comuna 5",6,387,393
"020350106","02","Caba","02035","Comuna 5",21,332,353
"020350107","02","Caba","02035","Comuna 5",13,344,357
"020350108","02","Caba","02035","Comuna 5",20,410,430
"020350109","02","Caba","02035","Comuna 5",14,397,411
"020350110","02","Caba","02035","Comuna 5",8,391,399
"020350111","02","Caba","02035","Comuna 5",4,273,277
"020350112","02","Caba","02035","Comuna 5",2,252,254
"020350201","02","Caba","02035","Comuna 5",9,467,476
"020350202","02","Caba","02035","Comuna 5",23,318,341
"020350203","02","Caba","02035","Comuna 5",10,427,437
"020350204","02","Caba","02035","Comuna 5",7,538,545
"020350205","02","Caba","02035","Comuna 5",22,258,280
"020350206","02","Caba","02035","Comuna 5",20,281,301
"020350207","02","Caba","02035","Comuna 5",103,246,349
"020350208","02","Caba","02035","Comuna 5",5,485,490
"020350209","02","Caba","02035","Comuna 5",51,329,380
"020350210","02","Caba","02035","Comuna 5",39,317,356
"020350211","02","Caba","02035","Comuna 5",50,407,457
"020350301","02","Caba","02035","Comuna 5",51,310,361
"020350302","02","Caba","02035","Comuna 5",17,252,269
"020350303","02","Caba","02035","Comuna 5",72,207,279
"020350304","02","Caba","02035","Comuna 5",42,276,318
"020350305","02","Caba","02035","Comuna 5",20,360,380
"020350306","02","Caba","02035","Comuna 5",22,384,406
"020350307","02","Caba","02035","Comuna 5",45,366,411
"020350308","02","Caba","02035","Comuna 5",6,183,189
"020350309","02","Caba","02035","Comuna 5",57,277,334
"020350310","02","Caba","02035","Comuna 5",19,285,304
"020350311","02","Caba","02035","Comuna 5",18,418,436
"020350312","02","Caba","02035","Comuna 5",33,316,349
"020350313","02","Caba","02035","Comuna 5",90,259,349
"020350401","02","Caba","02035","Comuna 5",18,584,602
"020350402","02","Caba","02035","Comuna 5",7,381,388
"020350403","02","Caba","02035","Comuna 5",11,420,431
"020350404","02","Caba","02035","Comuna 5",3,539,542
"020350405","02","Caba","02035","Comuna 5",14,444,458
"020350406","02","Caba","02035","Comuna 5",4,596,600
"020350407","02","Caba","02035","Comuna 5",6,331,337
"020350408","02","Caba","02035","Comuna 5",20,530,550
"020350409","02","Caba","02035","Comuna 5",21,328,349
"020350501","02","Caba","02035","Comuna 5",6,410,416
"020350502","02","Caba","02035","Comuna 5",11,599,610
"020350503","02","Caba","02035","Comuna 5",15,378,393
"020350504","02","Caba","02035","Comuna 5",16,360,376
"020350505","02","Caba","02035","Comuna 5",1,346,347
"020350506","02","Caba","02035","Comuna 5",13,319,332
"020350507","02","Caba","02035","Comuna 5",14,486,500
"020350508","02","Caba","02035","Comuna 5",3,372,375
"020350601","02","Caba","02035","Comuna 5",7,322,329
"020350602","02","Caba","02035","Comuna 5",12,469,481
"020350603","02","Caba","02035","Comuna 5",7,468,475
"020350604","02","Caba","02035","Comuna 5",4,727,731
"020350605","02","Caba","02035","Comuna 5",6,648,654
"020350606","02","Caba","02035","Comuna 5",2,386,388
"020350607","02","Caba","02035","Comuna 5",10,514,524
"020350608","02","Caba","02035","Comuna 5",3,440,443
"020350701","02","Caba","02035","Comuna 5",5,617,622
"020350702","02","Caba","02035","Comuna 5",2,260,262
"020350703","02","Caba","02035","Comuna 5",22,265,287
"020350704","02","Caba","02035","Comuna 5",32,699,731
"020350705","02","Caba","02035","Comuna 5",30,733,763
"020350706","02","Caba","02035","Comuna 5",44,340,384
"020350707","02","Caba","02035","Comuna 5",17,220,237
"020350708","02","Caba","02035","Comuna 5",70,443,513
"020350801","02","Caba","02035","Comuna 5",60,570,630
"020350802","02","Caba","02035","Comuna 5",23,344,367
"020350803","02","Caba","02035","Comuna 5",34,597,631
"020350804","02","Caba","02035","Comuna 5",14,422,436
"020350805","02","Caba","02035","Comuna 5",15,181,196
"020350806","02","Caba","02035","Comuna 5",29,467,496
"020350807","02","Caba","02035","Comuna 5",35,475,510
"020350808","02","Caba","02035","Comuna 5",40,436,476
"020350809","02","Caba","02035","Comuna 5",12,369,381
"020350901","02","Caba","02035","Comuna 5",5,541,546
"020350902","02","Caba","02035","Comuna 5",9,385,394
"020350903","02","Caba","02035","Comuna 5",4,313,317
"020350904","02","Caba","02035","Comuna 5",4,260,264
"020350905","02","Caba","02035","Comuna 5",28,290,318
"020350906","02","Caba","02035","Comuna 5",10,411,421
"020350907","02","Caba","02035","Comuna 5",6,297,303
"020350908","02","Caba","02035","Comuna 5",13,512,525
"020350909","02","Caba","02035","Comuna 5",43,429,472
"020350910","02","Caba","02035","Comuna 5",10,392,402
"020351001","02","Caba","02035","Comuna 5",30,683,713
"020351002","02","Caba","02035","Comuna 5",35,601,636
"020351003","02","Caba","02035","Comuna 5",55,322,377
"020351004","02","Caba","02035","Comuna 5",12,253,265
"020351005","02","Caba","02035","Comuna 5",3,148,151
"020351006","02","Caba","02035","Comuna 5",43,353,396
"020351007","02","Caba","02035","Comuna 5",8,607,615
"020351008","02","Caba","02035","Comuna 5",5,237,242
"020351009","02","Caba","02035","Comuna 5",14,428,442
"020351010","02","Caba","02035","Comuna 5",51,286,337
"020351101","02","Caba","02035","Comuna 5",30,378,408
"020351102","02","Caba","02035","Comuna 5",5,409,414
"020351103","02","Caba","02035","Comuna 5",6,385,391
"020351104","02","Caba","02035","Comuna 5",7,340,347
"020351105","02","Caba","02035","Comuna 5",11,402,413
"020351106","02","Caba","02035","Comuna 5",6,314,320
"020351107","02","Caba","02035","Comuna 5",16,623,639
"020351108","02","Caba","02035","Comuna 5",20,382,402
"020351109","02","Caba","02035","Comuna 5",15,435,450
"020351110","02","Caba","02035","Comuna 5",1,373,374
"020351111","02","Caba","02035","Comuna 5",9,377,386
"020351201","02","Caba","02035","Comuna 5",53,426,479
"020351202","02","Caba","02035","Comuna 5",16,903,919
"020351203","02","Caba","02035","Comuna 5",26,441,467
"020351204","02","Caba","02035","Comuna 5",4,353,357
"020351205","02","Caba","02035","Comuna 5",4,238,242
"020351206","02","Caba","02035","Comuna 5",39,853,892
"020351207","02","Caba","02035","Comuna 5",2,293,295
"020351301","02","Caba","02035","Comuna 5",5,399,404
"020351302","02","Caba","02035","Comuna 5",3,385,388
"020351303","02","Caba","02035","Comuna 5",21,355,376
"020351304","02","Caba","02035","Comuna 5",28,344,372
"020351305","02","Caba","02035","Comuna 5",35,363,398
"020351306","02","Caba","02035","Comuna 5",36,440,476
"020351307","02","Caba","02035","Comuna 5",13,404,417
"020351308","02","Caba","02035","Comuna 5",3,407,410
"020351309","02","Caba","02035","Comuna 5",7,476,483
"020351401","02","Caba","02035","Comuna 5",1,296,297
"020351402","02","Caba","02035","Comuna 5",29,495,524
"020351403","02","Caba","02035","Comuna 5",9,658,667
"020351404","02","Caba","02035","Comuna 5",6,483,489
"020351405","02","Caba","02035","Comuna 5",40,813,853
"020351406","02","Caba","02035","Comuna 5",12,621,633
"020351407","02","Caba","02035","Comuna 5",24,204,228
"020351408","02","Caba","02035","Comuna 5",3,407,410
"020351409","02","Caba","02035","Comuna 5",46,448,494
"020351501","02","Caba","02035","Comuna 5",21,478,499
"020351502","02","Caba","02035","Comuna 5",10,554,564
"020351503","02","Caba","02035","Comuna 5",13,292,305
"020351504","02","Caba","02035","Comuna 5",51,537,588
"020351505","02","Caba","02035","Comuna 5",19,499,518
"020351506","02","Caba","02035","Comuna 5",69,351,420
"020351507","02","Caba","02035","Comuna 5",30,309,339
"020351508","02","Caba","02035","Comuna 5",103,234,337
"020351509","02","Caba","02035","Comuna 5",45,188,233
"020351601","02","Caba","02035","Comuna 5",32,531,563
"020351602","02","Caba","02035","Comuna 5",11,308,319
"020351603","02","Caba","02035","Comuna 5",35,189,224
"020351604","02","Caba","02035","Comuna 5",39,455,494
"020351605","02","Caba","02035","Comuna 5",18,472,490
"020351606","02","Caba","02035","Comuna 5",19,382,401
"020351607","02","Caba","02035","Comuna 5",73,280,353
"020351608","02","Caba","02035","Comuna 5",57,445,502
"020351609","02","Caba","02035","Comuna 5",39,425,464
"020351610","02","Caba","02035","Comuna 5",35,578,613
"020351611","02","Caba","02035","Comuna 5",9,349,358
"020351612","02","Caba","02035","Comuna 5",1,210,211
"020351701","02","Caba","02035","Comuna 5",32,342,374
"020351702","02","Caba","02035","Comuna 5",37,342,379
"020351703","02","Caba","02035","Comuna 5",12,285,297
"020351704","02","Caba","02035","Comuna 5",7,380,387
"020351705","02","Caba","02035","Comuna 5",2,388,390
"020351706","02","Caba","02035","Comuna 5",2,421,423
"020351707","02","Caba","02035","Comuna 5",34,321,355
"020351708","02","Caba","02035","Comuna 5",29,441,470
"020351709","02","Caba","02035","Comuna 5",10,322,332
"020351710","02","Caba","02035","Comuna 5",2,401,403
"020351711","02","Caba","02035","Comuna 5",7,516,523
"020351801","02","Caba","02035","Comuna 5",24,507,531
"020351802","02","Caba","02035","Comuna 5",18,451,469
"020351803","02","Caba","02035","Comuna 5",19,559,578
"020351804","02","Caba","02035","Comuna 5",30,285,315
"020351805","02","Caba","02035","Comuna 5",27,422,449
"020351806","02","Caba","02035","Comuna 5",17,214,231
"020351807","02","Caba","02035","Comuna 5",12,315,327
"020351808","02","Caba","02035","Comuna 5",4,180,184
"020351809","02","Caba","02035","Comuna 5",20,307,327
"020351810","02","Caba","02035","Comuna 5",2,379,381
"020351811","02","Caba","02035","Comuna 5",11,450,461
"020351901","02","Caba","02035","Comuna 5",24,379,403
"020351902","02","Caba","02035","Comuna 5",4,352,356
"020351903","02","Caba","02035","Comuna 5",36,422,458
"020351904","02","Caba","02035","Comuna 5",23,384,407
"020351905","02","Caba","02035","Comuna 5",16,359,375
"020351906","02","Caba","02035","Comuna 5",29,441,470
"020351907","02","Caba","02035","Comuna 5",19,223,242
"020351908","02","Caba","02035","Comuna 5",4,500,504
"020351909","02","Caba","02035","Comuna 5",4,311,315
"020351910","02","Caba","02035","Comuna 5",12,442,454
"020351911","02","Caba","02035","Comuna 5",28,494,522
"020352001","02","Caba","02035","Comuna 5",26,376,402
"020352002","02","Caba","02035","Comuna 5",24,572,596
"020352003","02","Caba","02035","Comuna 5",55,399,454
"020352004","02","Caba","02035","Comuna 5",8,346,354
"020352005","02","Caba","02035","Comuna 5",22,335,357
"020352006","02","Caba","02035","Comuna 5",22,366,388
"020352007","02","Caba","02035","Comuna 5",11,259,270
"020352008","02","Caba","02035","Comuna 5",31,377,408
"020352009","02","Caba","02035","Comuna 5",9,330,339
"020352010","02","Caba","02035","Comuna 5",11,443,454
"020352011","02","Caba","02035","Comuna 5",20,285,305
"020352012","02","Caba","02035","Comuna 5",25,389,414
"020352101","02","Caba","02035","Comuna 5",6,303,309
"020352102","02","Caba","02035","Comuna 5",25,367,392
"020352103","02","Caba","02035","Comuna 5",35,311,346
"020352104","02","Caba","02035","Comuna 5",15,547,562
"020352105","02","Caba","02035","Comuna 5",6,323,329
"020352106","02","Caba","02035","Comuna 5",15,408,423
"020352107","02","Caba","02035","Comuna 5",26,340,366
"020352108","02","Caba","02035","Comuna 5",13,231,244
"020352109","02","Caba","02035","Comuna 5",9,231,240
"020352110","02","Caba","02035","Comuna 5",11,269,280
"020352111","02","Caba","02035","Comuna 5",3,288,291
"020352112","02","Caba","02035","Comuna 5",12,333,345
"020352201","02","Caba","02035","Comuna 5",6,311,317
"020352202","02","Caba","02035","Comuna 5",23,331,354
"020352203","02","Caba","02035","Comuna 5",31,389,420
"020352204","02","Caba","02035","Comuna 5",10,479,489
"020352205","02","Caba","02035","Comuna 5",8,274,282
"020352206","02","Caba","02035","Comuna 5",37,277,314
"020352207","02","Caba","02035","Comuna 5",23,739,762
"020352208","02","Caba","02035","Comuna 5",18,237,255
"020352209","02","Caba","02035","Comuna 5",9,349,358
"020352210","02","Caba","02035","Comuna 5",14,290,304
"020352211","02","Caba","02035","Comuna 5",15,319,334
"020352212","02","Caba","02035","Comuna 5",9,359,368
"020352213","02","Caba","02035","Comuna 5",11,227,238
"020420101","02","Caba","02042","Comuna 6",26,263,289
"020420102","02","Caba","02042","Comuna 6",11,354,365
"020420103","02","Caba","02042","Comuna 6",41,402,443
"020420104","02","Caba","02042","Comuna 6",23,378,401
"020420105","02","Caba","02042","Comuna 6",17,480,497
"020420106","02","Caba","02042","Comuna 6",24,432,456
"020420107","02","Caba","02042","Comuna 6",4,270,274
"020420108","02","Caba","02042","Comuna 6",9,306,315
"020420109","02","Caba","02042","Comuna 6",7,256,263
"020420110","02","Caba","02042","Comuna 6",5,167,172
"020420111","02","Caba","02042","Comuna 6",26,388,414
"020420112","02","Caba","02042","Comuna 6",2,289,291
"020420201","02","Caba","02042","Comuna 6",104,385,489
"020420202","02","Caba","02042","Comuna 6",6,382,388
"020420203","02","Caba","02042","Comuna 6",13,272,285
"020420204","02","Caba","02042","Comuna 6",27,263,290
"020420205","02","Caba","02042","Comuna 6",5,255,260
"020420206","02","Caba","02042","Comuna 6",15,389,404
"020420207","02","Caba","02042","Comuna 6",11,438,449
"020420208","02","Caba","02042","Comuna 6",14,398,412
"020420209","02","Caba","02042","Comuna 6",4,218,222
"020420210","02","Caba","02042","Comuna 6",5,416,421
"020420211","02","Caba","02042","Comuna 6",30,271,301
"020420212","02","Caba","02042","Comuna 6",25,373,398
"020420301","02","Caba","02042","Comuna 6",6,416,422
"020420302","02","Caba","02042","Comuna 6",6,349,355
"020420303","02","Caba","02042","Comuna 6",4,409,413
"020420304","02","Caba","02042","Comuna 6",3,301,304
"020420305","02","Caba","02042","Comuna 6",5,342,347
"020420306","02","Caba","02042","Comuna 6",2,440,442
"020420307","02","Caba","02042","Comuna 6",2,415,417
"020420308","02","Caba","02042","Comuna 6",3,344,347
"020420309","02","Caba","02042","Comuna 6",2,301,303
"020420310","02","Caba","02042","Comuna 6",7,442,449
"020420311","02","Caba","02042","Comuna 6",4,287,291
"020420401","02","Caba","02042","Comuna 6",7,231,238
"020420402","02","Caba","02042","Comuna 6",52,309,361
"020420403","02","Caba","02042","Comuna 6",27,432,459
"020420404","02","Caba","02042","Comuna 6",12,489,501
"020420405","02","Caba","02042","Comuna 6",6,339,345
"020420406","02","Caba","02042","Comuna 6",8,589,597
"020420407","02","Caba","02042","Comuna 6",24,284,308
"020420408","02","Caba","02042","Comuna 6",41,496,537
"020420409","02","Caba","02042","Comuna 6",15,403,418
"020420410","02","Caba","02042","Comuna 6",16,525,541
"020420411","02","Caba","02042","Comuna 6",6,443,449
"020420412","02","Caba","02042","Comuna 6",3,249,252
"020420501","02","Caba","02042","Comuna 6",2,385,387
"020420502","02","Caba","02042","Comuna 6",2,412,414
"020420503","02","Caba","02042","Comuna 6",14,513,527
"020420504","02","Caba","02042","Comuna 6",1,443,444
"020420505","02","Caba","02042","Comuna 6",14,464,478
"020420506","02","Caba","02042","Comuna 6",6,364,370
"020420507","02","Caba","02042","Comuna 6",1,592,593
"020420508","02","Caba","02042","Comuna 6",3,269,272
"020420509","02","Caba","02042","Comuna 6",1,384,385
"020420510","02","Caba","02042","Comuna 6",3,603,606
"020420511","02","Caba","02042","Comuna 6",5,473,478
"020420512","02","Caba","02042","Comuna 6",24,190,214
"020420513","02","Caba","02042","Comuna 6",0,229,229
"020420601","02","Caba","02042","Comuna 6",31,668,699
"020420602","02","Caba","02042","Comuna 6",28,939,967
"020420603","02","Caba","02042","Comuna 6",41,523,564
"020420604","02","Caba","02042","Comuna 6",9,302,311
"020420605","02","Caba","02042","Comuna 6",9,241,250
"020420606","02","Caba","02042","Comuna 6",7,562,569
"020420607","02","Caba","02042","Comuna 6",20,460,480
"020420608","02","Caba","02042","Comuna 6",22,540,562
"020420609","02","Caba","02042","Comuna 6",4,434,438
"020420701","02","Caba","02042","Comuna 6",7,341,348
"020420702","02","Caba","02042","Comuna 6",28,568,596
"020420703","02","Caba","02042","Comuna 6",8,287,295
"020420704","02","Caba","02042","Comuna 6",44,572,616
"020420705","02","Caba","02042","Comuna 6",24,523,547
"020420706","02","Caba","02042","Comuna 6",35,349,384
"020420707","02","Caba","02042","Comuna 6",34,557,591
"020420708","02","Caba","02042","Comuna 6",30,344,374
"020420709","02","Caba","02042","Comuna 6",28,379,407
"020420710","02","Caba","02042","Comuna 6",20,343,363
"020420711","02","Caba","02042","Comuna 6",42,354,396
"020420712","02","Caba","02042","Comuna 6",30,404,434
"020420713","02","Caba","02042","Comuna 6",7,315,322
"020420801","02","Caba","02042","Comuna 6",18,395,413
"020420802","02","Caba","02042","Comuna 6",55,451,506
"020420803","02","Caba","02042","Comuna 6",17,323,340
"020420804","02","Caba","02042","Comuna 6",32,324,356
"020420805","02","Caba","02042","Comuna 6",18,325,343
"020420806","02","Caba","02042","Comuna 6",31,547,578
"020420807","02","Caba","02042","Comuna 6",39,416,455
"020420808","02","Caba","02042","Comuna 6",8,337,345
"020420809","02","Caba","02042","Comuna 6",29,298,327
"020420810","02","Caba","02042","Comuna 6",23,444,467
"020420811","02","Caba","02042","Comuna 6",52,296,348
"020420901","02","Caba","02042","Comuna 6",5,329,334
"020420902","02","Caba","02042","Comuna 6",9,288,297
"020420903","02","Caba","02042","Comuna 6",11,269,280
"020420904","02","Caba","02042","Comuna 6",12,491,503
"020420905","02","Caba","02042","Comuna 6",0,184,184
"020420906","02","Caba","02042","Comuna 6",10,443,453
"020420907","02","Caba","02042","Comuna 6",48,250,298
"020420908","02","Caba","02042","Comuna 6",8,260,268
"020420909","02","Caba","02042","Comuna 6",39,372,411
"020420910","02","Caba","02042","Comuna 6",9,390,399
"020421001","02","Caba","02042","Comuna 6",10,396,406
"020421002","02","Caba","02042","Comuna 6",2,372,374
"020421003","02","Caba","02042","Comuna 6",4,463,467
"020421004","02","Caba","02042","Comuna 6",9,370,379
"020421005","02","Caba","02042","Comuna 6",2,448,450
"020421006","02","Caba","02042","Comuna 6",3,488,491
"020421007","02","Caba","02042","Comuna 6",8,349,357
"020421008","02","Caba","02042","Comuna 6",10,646,656
"020421009","02","Caba","02042","Comuna 6",11,337,348
"020421010","02","Caba","02042","Comuna 6",1,549,550
"020421101","02","Caba","02042","Comuna 6",34,570,604
"020421102","02","Caba","02042","Comuna 6",2,309,311
"020421103","02","Caba","02042","Comuna 6",9,451,460
"020421104","02","Caba","02042","Comuna 6",3,434,437
"020421105","02","Caba","02042","Comuna 6",6,841,847
"020421106","02","Caba","02042","Comuna 6",3,466,469
"020421107","02","Caba","02042","Comuna 6",11,412,423
"020421108","02","Caba","02042","Comuna 6",24,476,500
"020421109","02","Caba","02042","Comuna 6",9,459,468
"020421110","02","Caba","02042","Comuna 6",2,316,318
"020421201","02","Caba","02042","Comuna 6",8,238,246
"020421202","02","Caba","02042","Comuna 6",9,433,442
"020421203","02","Caba","02042","Comuna 6",9,450,459
"020421204","02","Caba","02042","Comuna 6",7,227,234
"020421205","02","Caba","02042","Comuna 6",3,396,399
"020421206","02","Caba","02042","Comuna 6",5,264,269
"020421207","02","Caba","02042","Comuna 6",5,486,491
"020421208","02","Caba","02042","Comuna 6",4,364,368
"020421209","02","Caba","02042","Comuna 6",5,322,327
"020421210","02","Caba","02042","Comuna 6",2,267,269
"020421211","02","Caba","02042","Comuna 6",8,316,324
"020421212","02","Caba","02042","Comuna 6",0,166,166
"020421301","02","Caba","02042","Comuna 6",2,417,419
"020421302","02","Caba","02042","Comuna 6",27,590,617
"020421303","02","Caba","02042","Comuna 6",2,357,359
"020421304","02","Caba","02042","Comuna 6",13,583,596
"020421305","02","Caba","02042","Comuna 6",4,497,501
"020421306","02","Caba","02042","Comuna 6",1,345,346
"020421307","02","Caba","02042","Comuna 6",2,282,284
"020421308","02","Caba","02042","Comuna 6",1,257,258
"020421309","02","Caba","02042","Comuna 6",1,270,271
"020421310","02","Caba","02042","Comuna 6",12,299,311
"020421311","02","Caba","02042","Comuna 6",6,253,259
"020421312","02","Caba","02042","Comuna 6",2,375,377
"020421313","02","Caba","02042","Comuna 6",0,338,338
"020421401","02","Caba","02042","Comuna 6",1,435,436
"020421402","02","Caba","02042","Comuna 6",1,328,329
"020421403","02","Caba","02042","Comuna 6",43,360,403
"020421404","02","Caba","02042","Comuna 6",3,573,576
"020421405","02","Caba","02042","Comuna 6",5,575,580
"020421406","02","Caba","02042","Comuna 6",12,336,348
"020421407","02","Caba","02042","Comuna 6",3,263,266
"020421408","02","Caba","02042","Comuna 6",4,283,287
"020421409","02","Caba","02042","Comuna 6",3,445,448
"020421410","02","Caba","02042","Comuna 6",12,347,359
"020421411","02","Caba","02042","Comuna 6",1,267,268
"020421412","02","Caba","02042","Comuna 6",9,280,289
"020421501","02","Caba","02042","Comuna 6",3,348,351
"020421502","02","Caba","02042","Comuna 6",14,846,860
"020421503","02","Caba","02042","Comuna 6",5,397,402
"020421504","02","Caba","02042","Comuna 6",0,377,377
"020421505","02","Caba","02042","Comuna 6",3,429,432
"020421506","02","Caba","02042","Comuna 6",1,354,355
"020421507","02","Caba","02042","Comuna 6",16,478,494
"020421508","02","Caba","02042","Comuna 6",9,392,401
"020421509","02","Caba","02042","Comuna 6",0,296,296
"020421510","02","Caba","02042","Comuna 6",6,381,387
"020421601","02","Caba","02042","Comuna 6",1,306,307
"020421602","02","Caba","02042","Comuna 6",1,454,455
"020421603","02","Caba","02042","Comuna 6",33,296,329
"020421604","02","Caba","02042","Comuna 6",3,385,388
"020421605","02","Caba","02042","Comuna 6",51,467,518
"020421606","02","Caba","02042","Comuna 6",3,522,525
"020421607","02","Caba","02042","Comuna 6",3,518,521
"020421608","02","Caba","02042","Comuna 6",1,483,484
"020421609","02","Caba","02042","Comuna 6",0,616,616
"020421610","02","Caba","02042","Comuna 6",6,120,126
"020421611","02","Caba","02042","Comuna 6",8,476,484
"020421612","02","Caba","02042","Comuna 6",4,337,341
"020421613","02","Caba","02042","Comuna 6",5,415,420
"020421614","02","Caba","02042","Comuna 6",1,556,557
"020421701","02","Caba","02042","Comuna 6",0,414,414
"020421702","02","Caba","02042","Comuna 6",29,435,464
"020421703","02","Caba","02042","Comuna 6",6,333,339
"020421704","02","Caba","02042","Comuna 6",3,401,404
"020421705","02","Caba","02042","Comuna 6",12,880,892
"020421706","02","Caba","02042","Comuna 6",28,689,717
"020421707","02","Caba","02042","Comuna 6",0,332,332
"020421801","02","Caba","02042","Comuna 6",2,338,340
"020421802","02","Caba","02042","Comuna 6",16,388,404
"020421803","02","Caba","02042","Comuna 6",14,342,356
"020421804","02","Caba","02042","Comuna 6",5,344,349
"020421805","02","Caba","02042","Comuna 6",14,414,428
"020421806","02","Caba","02042","Comuna 6",21,457,478
"020421807","02","Caba","02042","Comuna 6",30,498,528
"020421808","02","Caba","02042","Comuna 6",6,512,518
"020421809","02","Caba","02042","Comuna 6",18,423,441
"020421901","02","Caba","02042","Comuna 6",2,393,395
"020421902","02","Caba","02042","Comuna 6",6,691,697
"020421903","02","Caba","02042","Comuna 6",3,647,650
"020421904","02","Caba","02042","Comuna 6",7,468,475
"020421905","02","Caba","02042","Comuna 6",10,298,308
"020421906","02","Caba","02042","Comuna 6",7,507,514
"020421907","02","Caba","02042","Comuna 6",2,461,463
"020421908","02","Caba","02042","Comuna 6",6,459,465
"020422001","02","Caba","02042","Comuna 6",16,242,258
"020422002","02","Caba","02042","Comuna 6",12,336,348
"020422003","02","Caba","02042","Comuna 6",15,741,756
"020422004","02","Caba","02042","Comuna 6",5,294,299
"020422005","02","Caba","02042","Comuna 6",5,430,435
"020422006","02","Caba","02042","Comuna 6",1,418,419
"020422007","02","Caba","02042","Comuna 6",6,274,280
"020422008","02","Caba","02042","Comuna 6",13,574,587
"020422009","02","Caba","02042","Comuna 6",23,440,463
"020422010","02","Caba","02042","Comuna 6",5,406,411
"020422101","02","Caba","02042","Comuna 6",39,428,467
"020422102","02","Caba","02042","Comuna 6",49,510,559
"020422103","02","Caba","02042","Comuna 6",7,399,406
"020422104","02","Caba","02042","Comuna 6",2,388,390
"020422105","02","Caba","02042","Comuna 6",2,435,437
"020422106","02","Caba","02042","Comuna 6",4,264,268
"020422107","02","Caba","02042","Comuna 6",56,424,480
"020422108","02","Caba","02042","Comuna 6",21,374,395
"020422109","02","Caba","02042","Comuna 6",3,469,472
"020422110","02","Caba","02042","Comuna 6",5,487,492
"020422111","02","Caba","02042","Comuna 6",2,568,570
"020422112","02","Caba","02042","Comuna 6",1,230,231
"020490101","02","Caba","02049","Comuna 7",27,218,245
"020490102","02","Caba","02049","Comuna 7",30,325,355
"020490103","02","Caba","02049","Comuna 7",19,304,323
"020490104","02","Caba","02049","Comuna 7",21,168,189
"020490105","02","Caba","02049","Comuna 7",15,145,160
"020490106","02","Caba","02049","Comuna 7",5,123,128
"020490107","02","Caba","02049","Comuna 7",10,129,139
"020490108","02","Caba","02049","Comuna 7",12,336,348
"020490109","02","Caba","02049","Comuna 7",76,231,307
"020490110","02","Caba","02049","Comuna 7",37,320,357
"020490111","02","Caba","02049","Comuna 7",6,225,231
"020490201","02","Caba","02049","Comuna 7",10,368,378
"020490202","02","Caba","02049","Comuna 7",29,516,545
"020490203","02","Caba","02049","Comuna 7",38,289,327
"020490204","02","Caba","02049","Comuna 7",64,353,417
"020490205","02","Caba","02049","Comuna 7",90,276,366
"020490206","02","Caba","02049","Comuna 7",18,418,436
"020490207","02","Caba","02049","Comuna 7",64,241,305
"020490208","02","Caba","02049","Comuna 7",62,289,351
"020490209","02","Caba","02049","Comuna 7",41,366,407
"020490301","02","Caba","02049","Comuna 7",14,432,446
"020490302","02","Caba","02049","Comuna 7",12,476,488
"020490303","02","Caba","02049","Comuna 7",55,407,462
"020490304","02","Caba","02049","Comuna 7",24,356,380
"020490305","02","Caba","02049","Comuna 7",31,311,342
"020490306","02","Caba","02049","Comuna 7",20,461,481
"020490307","02","Caba","02049","Comuna 7",5,267,272
"020490308","02","Caba","02049","Comuna 7",9,342,351
"020490309","02","Caba","02049","Comuna 7",11,319,330
"020490310","02","Caba","02049","Comuna 7",5,269,274
"020490311","02","Caba","02049","Comuna 7",1,287,288
"020490312","02","Caba","02049","Comuna 7",16,276,292
"020490313","02","Caba","02049","Comuna 7",31,289,320
"020490401","02","Caba","02049","Comuna 7",49,369,418
"020490402","02","Caba","02049","Comuna 7",14,332,346
"020490403","02","Caba","02049","Comuna 7",7,454,461
"020490404","02","Caba","02049","Comuna 7",5,502,507
"020490405","02","Caba","02049","Comuna 7",10,446,456
"020490406","02","Caba","02049","Comuna 7",7,414,421
"020490407","02","Caba","02049","Comuna 7",6,297,303
"020490408","02","Caba","02049","Comuna 7",5,280,285
"020490409","02","Caba","02049","Comuna 7",12,242,254
"020490410","02","Caba","02049","Comuna 7",6,622,628
"020490411","02","Caba","02049","Comuna 7",64,350,414
"020490501","02","Caba","02049","Comuna 7",5,412,417
"020490502","02","Caba","02049","Comuna 7",3,347,350
"020490503","02","Caba","02049","Comuna 7",2,226,228
"020490504","02","Caba","02049","Comuna 7",6,547,553
"020490505","02","Caba","02049","Comuna 7",6,348,354
"020490506","02","Caba","02049","Comuna 7",8,327,335
"020490507","02","Caba","02049","Comuna 7",6,426,432
"020490508","02","Caba","02049","Comuna 7",4,341,345
"020490509","02","Caba","02049","Comuna 7",81,448,529
"020490510","02","Caba","02049","Comuna 7",4,353,357
"020490511","02","Caba","02049","Comuna 7",21,396,417
"020490601","02","Caba","02049","Comuna 7",6,429,435
"020490602","02","Caba","02049","Comuna 7",8,324,332
"020490603","02","Caba","02049","Comuna 7",52,247,299
"020490604","02","Caba","02049","Comuna 7",79,266,345
"020490605","02","Caba","02049","Comuna 7",56,443,499
"020490606","02","Caba","02049","Comuna 7",27,352,379
"020490607","02","Caba","02049","Comuna 7",8,424,432
"020490608","02","Caba","02049","Comuna 7",2,198,200
"020490609","02","Caba","02049","Comuna 7",22,278,300
"020490701","02","Caba","02049","Comuna 7",6,241,247
"020490702","02","Caba","02049","Comuna 7",17,186,203
"020490703","02","Caba","02049","Comuna 7",36,453,489
"020490704","02","Caba","02049","Comuna 7",41,233,274
"020490705","02","Caba","02049","Comuna 7",117,194,311
"020490706","02","Caba","02049","Comuna 7",84,398,482
"020490707","02","Caba","02049","Comuna 7",67,223,290
"020490708","02","Caba","02049","Comuna 7",19,304,323
"020490709","02","Caba","02049","Comuna 7",129,393,522
"020490710","02","Caba","02049","Comuna 7",32,451,483
"020490711","02","Caba","02049","Comuna 7",12,300,312
"020490801","02","Caba","02049","Comuna 7",19,400,419
"020490802","02","Caba","02049","Comuna 7",31,529,560
"020490803","02","Caba","02049","Comuna 7",5,321,326
"020490804","02","Caba","02049","Comuna 7",9,474,483
"020490805","02","Caba","02049","Comuna 7",22,542,564
"020490806","02","Caba","02049","Comuna 7",12,511,523
"020490807","02","Caba","02049","Comuna 7",12,326,338
"020490808","02","Caba","02049","Comuna 7",40,591,631
"020490901","02","Caba","02049","Comuna 7",5,307,312
"020490902","02","Caba","02049","Comuna 7",23,303,326
"020490903","02","Caba","02049","Comuna 7",7,306,313
"020490904","02","Caba","02049","Comuna 7",17,442,459
"020490905","02","Caba","02049","Comuna 7",5,318,323
"020490906","02","Caba","02049","Comuna 7",28,510,538
"020490907","02","Caba","02049","Comuna 7",14,356,370
"020490908","02","Caba","02049","Comuna 7",38,649,687
"020490909","02","Caba","02049","Comuna 7",74,328,402
"020490910","02","Caba","02049","Comuna 7",23,419,442
"020490911","02","Caba","02049","Comuna 7",27,328,355
"020491001","02","Caba","02049","Comuna 7",16,476,492
"020491002","02","Caba","02049","Comuna 7",18,233,251
"020491003","02","Caba","02049","Comuna 7",9,254,263
"020491004","02","Caba","02049","Comuna 7",4,331,335
"020491005","02","Caba","02049","Comuna 7",6,324,330
"020491006","02","Caba","02049","Comuna 7",54,441,495
"020491007","02","Caba","02049","Comuna 7",11,407,418
"020491008","02","Caba","02049","Comuna 7",10,517,527
"020491009","02","Caba","02049","Comuna 7",9,376,385
"020491010","02","Caba","02049","Comuna 7",15,447,462
"020491101","02","Caba","02049","Comuna 7",16,424,440
"020491102","02","Caba","02049","Comuna 7",21,406,427
"020491103","02","Caba","02049","Comuna 7",24,411,435
"020491104","02","Caba","02049","Comuna 7",11,548,559
"020491105","02","Caba","02049","Comuna 7",6,347,353
"020491106","02","Caba","02049","Comuna 7",12,484,496
"020491107","02","Caba","02049","Comuna 7",8,605,613
"020491108","02","Caba","02049","Comuna 7",72,221,293
"020491109","02","Caba","02049","Comuna 7",4,496,500
"020491110","02","Caba","02049","Comuna 7",4,302,306
"020491111","02","Caba","02049","Comuna 7",4,389,393
"020491201","02","Caba","02049","Comuna 7",13,519,532
"020491202","02","Caba","02049","Comuna 7",0,258,258
"020491203","02","Caba","02049","Comuna 7",28,307,335
"020491204","02","Caba","02049","Comuna 7",1,326,327
"020491205","02","Caba","02049","Comuna 7",1,318,319
"020491206","02","Caba","02049","Comuna 7",18,354,372
"020491207","02","Caba","02049","Comuna 7",9,266,275
"020491208","02","Caba","02049","Comuna 7",36,305,341
"020491209","02","Caba","02049","Comuna 7",7,354,361
"020491301","02","Caba","02049","Comuna 7",40,446,486
"020491302","02","Caba","02049","Comuna 7",10,424,434
"020491303","02","Caba","02049","Comuna 7",6,521,527
"020491304","02","Caba","02049","Comuna 7",2,308,310
"020491305","02","Caba","02049","Comuna 7",2,330,332
"020491306","02","Caba","02049","Comuna 7",6,302,308
"020491307","02","Caba","02049","Comuna 7",17,334,351
"020491308","02","Caba","02049","Comuna 7",10,369,379
"020491309","02","Caba","02049","Comuna 7",3,193,196
"020491310","02","Caba","02049","Comuna 7",5,233,238
"020491311","02","Caba","02049","Comuna 7",8,339,347
"020491312","02","Caba","02049","Comuna 7",0,268,268
"020491313","02","Caba","02049","Comuna 7",3,228,231
"020491314","02","Caba","02049","Comuna 7",3,250,253
"020491315","02","Caba","02049","Comuna 7",2,176,178
"020491401","02","Caba","02049","Comuna 7",9,374,383
"020491402","02","Caba","02049","Comuna 7",42,387,429
"020491403","02","Caba","02049","Comuna 7",15,290,305
"020491404","02","Caba","02049","Comuna 7",4,280,284
"020491405","02","Caba","02049","Comuna 7",13,336,349
"020491406","02","Caba","02049","Comuna 7",10,396,406
"020491407","02","Caba","02049","Comuna 7",13,346,359
"020491408","02","Caba","02049","Comuna 7",18,310,328
"020491409","02","Caba","02049","Comuna 7",6,285,291
"020491410","02","Caba","02049","Comuna 7",5,252,257
"020491411","02","Caba","02049","Comuna 7",15,398,413
"020491412","02","Caba","02049","Comuna 7",5,361,366
"020491413","02","Caba","02049","Comuna 7",8,253,261
"020491501","02","Caba","02049","Comuna 7",28,288,316
"020491502","02","Caba","02049","Comuna 7",33,272,305
"020491503","02","Caba","02049","Comuna 7",34,340,374
"020491504","02","Caba","02049","Comuna 7",9,272,281
"020491505","02","Caba","02049","Comuna 7",13,282,295
"020491506","02","Caba","02049","Comuna 7",4,368,372
"020491507","02","Caba","02049","Comuna 7",7,334,341
"020491508","02","Caba","02049","Comuna 7",1,329,330
"020491509","02","Caba","02049","Comuna 7",7,403,410
"020491510","02","Caba","02049","Comuna 7",13,369,382
"020491511","02","Caba","02049","Comuna 7",26,353,379
"020491601","02","Caba","02049","Comuna 7",6,265,271
"020491602","02","Caba","02049","Comuna 7",6,287,293
"020491603","02","Caba","02049","Comuna 7",4,286,290
"020491604","02","Caba","02049","Comuna 7",4,278,282
"020491605","02","Caba","02049","Comuna 7",14,266,280
"020491606","02","Caba","02049","Comuna 7",5,323,328
"020491607","02","Caba","02049","Comuna 7",24,380,404
"020491608","02","Caba","02049","Comuna 7",19,361,380
"020491609","02","Caba","02049","Comuna 7",39,424,463
"020491701","02","Caba","02049","Comuna 7",52,244,296
"020491702","02","Caba","02049","Comuna 7",19,59,78
"020491703","02","Caba","02049","Comuna 7",10,27,37
"020491704","02","Caba","02049","Comuna 7",9,64,73
"020491705","02","Caba","02049","Comuna 7",5,31,36
"020491706","02","Caba","02049","Comuna 7",15,77,92
"020491707","02","Caba","02049","Comuna 7",14,58,72
"020491708","02","Caba","02049","Comuna 7",10,23,33
"020491709","02","Caba","02049","Comuna 7",12,50,62
"020491710","02","Caba","02049","Comuna 7",20,57,77
"020491711","02","Caba","02049","Comuna 7",6,23,29
"020491712","02","Caba","02049","Comuna 7",3,30,33
"020491713","02","Caba","02049","Comuna 7",5,18,23
"020491801","02","Caba","02049","Comuna 7",14,61,75
"020491802","02","Caba","02049","Comuna 7",17,50,67
"020491803","02","Caba","02049","Comuna 7",10,61,71
"020491804","02","Caba","02049","Comuna 7",14,73,87
"020491805","02","Caba","02049","Comuna 7",11,86,97
"020491806","02","Caba","02049","Comuna 7",22,97,119
"020491807","02","Caba","02049","Comuna 7",16,156,172
"020491808","02","Caba","02049","Comuna 7",1,61,62
"020491809","02","Caba","02049","Comuna 7",9,56,65
"020491810","02","Caba","02049","Comuna 7",15,49,64
"020491811","02","Caba","02049","Comuna 7",3,20,23
"020491812","02","Caba","02049","Comuna 7",0,13,13
"020491813","02","Caba","02049","Comuna 7",14,101,115
"020491901","02","Caba","02049","Comuna 7",44,243,287
"020491902","02","Caba","02049","Comuna 7",63,221,284
"020491903","02","Caba","02049","Comuna 7",103,223,326
"020491904","02","Caba","02049","Comuna 7",60,369,429
"020491905","02","Caba","02049","Comuna 7",61,252,313
"020491906","02","Caba","02049","Comuna 7",45,359,404
"020492001","02","Caba","02049","Comuna 7",18,438,456
"020492002","02","Caba","02049","Comuna 7",4,258,262
"020492003","02","Caba","02049","Comuna 7",4,308,312
"020492004","02","Caba","02049","Comuna 7",15,261,276
"020492005","02","Caba","02049","Comuna 7",13,327,340
"020492006","02","Caba","02049","Comuna 7",23,286,309
"020492007","02","Caba","02049","Comuna 7",8,285,293
"020492008","02","Caba","02049","Comuna 7",19,590,609
"020492009","02","Caba","02049","Comuna 7",27,328,355
"020492010","02","Caba","02049","Comuna 7",61,472,533
"020492011","02","Caba","02049","Comuna 7",21,359,380
"020492012","02","Caba","02049","Comuna 7",11,254,265
"020492013","02","Caba","02049","Comuna 7",6,548,554
"020492101","02","Caba","02049","Comuna 7",27,523,550
"020492102","02","Caba","02049","Comuna 7",3,423,426
"020492103","02","Caba","02049","Comuna 7",37,590,627
"020492104","02","Caba","02049","Comuna 7",0,283,283
"020492105","02","Caba","02049","Comuna 7",3,288,291
"020492106","02","Caba","02049","Comuna 7",5,322,327
"020492107","02","Caba","02049","Comuna 7",8,421,429
"020492108","02","Caba","02049","Comuna 7",2,212,214
"020492109","02","Caba","02049","Comuna 7",3,462,465
"020492110","02","Caba","02049","Comuna 7",2,471,473
"020492111","02","Caba","02049","Comuna 7",4,397,401
"020492112","02","Caba","02049","Comuna 7",3,319,322
"020492113","02","Caba","02049","Comuna 7",1,227,228
"020492114","02","Caba","02049","Comuna 7",2,290,292
"020492201","02","Caba","02049","Comuna 7",6,484,490
"020492202","02","Caba","02049","Comuna 7",8,364,372
"020492203","02","Caba","02049","Comuna 7",4,467,471
"020492204","02","Caba","02049","Comuna 7",4,422,426
"020492205","02","Caba","02049","Comuna 7",6,482,488
"020492206","02","Caba","02049","Comuna 7",3,493,496
"020492207","02","Caba","02049","Comuna 7",4,330,334
"020492208","02","Caba","02049","Comuna 7",10,332,342
"020492209","02","Caba","02049","Comuna 7",15,205,220
"020492210","02","Caba","02049","Comuna 7",22,294,316
"020492211","02","Caba","02049","Comuna 7",1,341,342
"020492212","02","Caba","02049","Comuna 7",5,270,275
"020492213","02","Caba","02049","Comuna 7",1,323,324
"020492214","02","Caba","02049","Comuna 7",0,314,314
"020492301","02","Caba","02049","Comuna 7",14,375,389
"020492302","02","Caba","02049","Comuna 7",5,395,400
"020492303","02","Caba","02049","Comuna 7",12,334,346
"020492304","02","Caba","02049","Comuna 7",2,255,257
"020492305","02","Caba","02049","Comuna 7",6,342,348
"020492306","02","Caba","02049","Comuna 7",11,322,333
"020492307","02","Caba","02049","Comuna 7",10,457,467
"020492308","02","Caba","02049","Comuna 7",29,389,418
"020492309","02","Caba","02049","Comuna 7",7,383,390
"020492310","02","Caba","02049","Comuna 7",1,333,334
"020492401","02","Caba","02049","Comuna 7",8,419,427
"020492402","02","Caba","02049","Comuna 7",37,306,343
"020492403","02","Caba","02049","Comuna 7",7,377,384
"020492404","02","Caba","02049","Comuna 7",36,438,474
"020492405","02","Caba","02049","Comuna 7",24,394,418
"020492406","02","Caba","02049","Comuna 7",6,415,421
"020492407","02","Caba","02049","Comuna 7",14,355,369
"020492408","02","Caba","02049","Comuna 7",18,354,372
"020492409","02","Caba","02049","Comuna 7",11,442,453
"020492410","02","Caba","02049","Comuna 7",24,418,442
"020492411","02","Caba","02049","Comuna 7",14,359,373
"020560101","02","Caba","02056","Comuna 8",46,350,396
"020560102","02","Caba","02056","Comuna 8",44,302,346
"020560103","02","Caba","02056","Comuna 8",94,337,431
"020560104","02","Caba","02056","Comuna 8",49,225,274
"020560105","02","Caba","02056","Comuna 8",42,300,342
"020560106","02","Caba","02056","Comuna 8",32,208,240
"020560107","02","Caba","02056","Comuna 8",46,327,373
"020560108","02","Caba","02056","Comuna 8",46,231,277
"020560109","02","Caba","02056","Comuna 8",45,291,336
"020560110","02","Caba","02056","Comuna 8",24,201,225
"020560111","02","Caba","02056","Comuna 8",42,192,234
"020560112","02","Caba","02056","Comuna 8",48,245,293
"020560113","02","Caba","02056","Comuna 8",34,280,314
"020560114","02","Caba","02056","Comuna 8",160,499,659
"020560115","02","Caba","02056","Comuna 8",46,228,274
"020560116","02","Caba","02056","Comuna 8",51,261,312
"020560117","02","Caba","02056","Comuna 8",53,249,302
"020560118","02","Caba","02056","Comuna 8",31,178,209
"020560119","02","Caba","02056","Comuna 8",48,271,319
"020560120","02","Caba","02056","Comuna 8",34,219,253
"020560121","02","Caba","02056","Comuna 8",111,442,553
"020560122","02","Caba","02056","Comuna 8",56,318,374
"020560123","02","Caba","02056","Comuna 8",75,356,431
"020560124","02","Caba","02056","Comuna 8",31,168,199
"020560201","02","Caba","02056","Comuna 8",15,421,436
"020560202","02","Caba","02056","Comuna 8",9,197,206
"020560203","02","Caba","02056","Comuna 8",7,159,166
"020560204","02","Caba","02056","Comuna 8",18,301,319
"020560205","02","Caba","02056","Comuna 8",12,215,227
"020560206","02","Caba","02056","Comuna 8",3,249,252
"020560207","02","Caba","02056","Comuna 8",25,425,450
"020560208","02","Caba","02056","Comuna 8",17,308,325
"020560209","02","Caba","02056","Comuna 8",10,303,313
"020560210","02","Caba","02056","Comuna 8",14,219,233
"020560301","02","Caba","02056","Comuna 8",40,379,419
"020560302","02","Caba","02056","Comuna 8",12,269,281
"020560303","02","Caba","02056","Comuna 8",12,220,232
"020560304","02","Caba","02056","Comuna 8",10,243,253
"020560305","02","Caba","02056","Comuna 8",10,343,353
"020560306","02","Caba","02056","Comuna 8",20,242,262
"020560307","02","Caba","02056","Comuna 8",5,225,230
"020560308","02","Caba","02056","Comuna 8",90,428,518
"020560309","02","Caba","02056","Comuna 8",53,238,291
"020560310","02","Caba","02056","Comuna 8",46,305,351
"020560311","02","Caba","02056","Comuna 8",49,487,536
"020560312","02","Caba","02056","Comuna 8",27,131,158
"020560313","02","Caba","02056","Comuna 8",57,303,360
"020560314","02","Caba","02056","Comuna 8",16,97,113
"020560401","02","Caba","02056","Comuna 8",41,305,346
"020560402","02","Caba","02056","Comuna 8",4,246,250
"020560403","02","Caba","02056","Comuna 8",19,284,303
"020560404","02","Caba","02056","Comuna 8",7,263,270
"020560405","02","Caba","02056","Comuna 8",13,345,358
"020560406","02","Caba","02056","Comuna 8",9,389,398
"020560407","02","Caba","02056","Comuna 8",15,278,293
"020560408","02","Caba","02056","Comuna 8",9,314,323
"020560409","02","Caba","02056","Comuna 8",3,292,295
"020560410","02","Caba","02056","Comuna 8",8,374,382
"020560411","02","Caba","02056","Comuna 8",12,282,294
"020560501","02","Caba","02056","Comuna 8",12,305,317
"020560502","02","Caba","02056","Comuna 8",8,268,276
"020560503","02","Caba","02056","Comuna 8",14,345,359
"020560504","02","Caba","02056","Comuna 8",13,276,289
"020560505","02","Caba","02056","Comuna 8",9,234,243
"020560506","02","Caba","02056","Comuna 8",12,310,322
"020560507","02","Caba","02056","Comuna 8",18,372,390
"020560508","02","Caba","02056","Comuna 8",2,244,246
"020560509","02","Caba","02056","Comuna 8",8,301,309
"020560510","02","Caba","02056","Comuna 8",4,401,405
"020560511","02","Caba","02056","Comuna 8",7,357,364
"020560601","02","Caba","02056","Comuna 8",4,311,315
"020560602","02","Caba","02056","Comuna 8",8,425,433
"020560603","02","Caba","02056","Comuna 8",11,389,400
"020560604","02","Caba","02056","Comuna 8",11,280,291
"020560605","02","Caba","02056","Comuna 8",35,356,391
"020560606","02","Caba","02056","Comuna 8",83,316,399
"020560607","02","Caba","02056","Comuna 8",29,287,316
"020560608","02","Caba","02056","Comuna 8",15,263,278
"020560609","02","Caba","02056","Comuna 8",25,295,320
"020560610","02","Caba","02056","Comuna 8",23,306,329
"020560611","02","Caba","02056","Comuna 8",40,214,254
"020560701","02","Caba","02056","Comuna 8",68,351,419
"020560702","02","Caba","02056","Comuna 8",93,364,457
"020560703","02","Caba","02056","Comuna 8",40,229,269
"020560704","02","Caba","02056","Comuna 8",94,417,511
"020560705","02","Caba","02056","Comuna 8",94,286,380
"020560706","02","Caba","02056","Comuna 8",123,299,422
"020560707","02","Caba","02056","Comuna 8",188,309,497
"020560708","02","Caba","02056","Comuna 8",105,418,523
"020560709","02","Caba","02056","Comuna 8",92,304,396
"020560710","02","Caba","02056","Comuna 8",54,280,334
"020560711","02","Caba","02056","Comuna 8",65,248,313
"020560712","02","Caba","02056","Comuna 8",63,407,470
"020560713","02","Caba","02056","Comuna 8",77,433,510
"020560714","02","Caba","02056","Comuna 8",76,330,406
"020560715","02","Caba","02056","Comuna 8",44,289,333
"020560716","02","Caba","02056","Comuna 8",53,208,261
"020560801","02","Caba","02056","Comuna 8",2,342,344
"020560802","02","Caba","02056","Comuna 8",14,362,376
"020560803","02","Caba","02056","Comuna 8",8,314,322
"020560804","02","Caba","02056","Comuna 8",14,362,376
"020560805","02","Caba","02056","Comuna 8",14,387,401
"020560806","02","Caba","02056","Comuna 8",10,348,358
"020560807","02","Caba","02056","Comuna 8",8,325,333
"020560808","02","Caba","02056","Comuna 8",4,172,176
"020560809","02","Caba","02056","Comuna 8",4,321,325
"020560810","02","Caba","02056","Comuna 8",23,338,361
"020560811","02","Caba","02056","Comuna 8",16,294,310
"020560901","02","Caba","02056","Comuna 8",6,285,291
"020560902","02","Caba","02056","Comuna 8",8,350,358
"020560903","02","Caba","02056","Comuna 8",20,419,439
"020560904","02","Caba","02056","Comuna 8",5,340,345
"020560905","02","Caba","02056","Comuna 8",6,340,346
"020560906","02","Caba","02056","Comuna 8",7,283,290
"020560907","02","Caba","02056","Comuna 8",16,300,316
"020560908","02","Caba","02056","Comuna 8",4,308,312
"020560909","02","Caba","02056","Comuna 8",26,394,420
"020561001","02","Caba","02056","Comuna 8",6,290,296
"020561002","02","Caba","02056","Comuna 8",6,260,266
"020561003","02","Caba","02056","Comuna 8",18,459,477
"020561004","02","Caba","02056","Comuna 8",23,830,853
"020561005","02","Caba","02056","Comuna 8",14,737,751
"020561006","02","Caba","02056","Comuna 8",19,623,642
"020561007","02","Caba","02056","Comuna 8",36,682,718
"020561008","02","Caba","02056","Comuna 8",13,378,391
"020561101","02","Caba","02056","Comuna 8",27,1006,1033
"020561102","02","Caba","02056","Comuna 8",29,743,772
"020561103","02","Caba","02056","Comuna 8",14,990,1004
"020561104","02","Caba","02056","Comuna 8",15,682,697
"020561105","02","Caba","02056","Comuna 8",5,467,472
"020561201","02","Caba","02056","Comuna 8",25,256,281
"020561202","02","Caba","02056","Comuna 8",23,402,425
"020561203","02","Caba","02056","Comuna 8",24,366,390
"020561204","02","Caba","02056","Comuna 8",19,660,679
"020561205","02","Caba","02056","Comuna 8",13,360,373
"020561206","02","Caba","02056","Comuna 8",20,274,294
"020561207","02","Caba","02056","Comuna 8",15,346,361
"020561301","02","Caba","02056","Comuna 8",19,172,191
"020561302","02","Caba","02056","Comuna 8",13,129,142
"020561303","02","Caba","02056","Comuna 8",27,329,356
"020561304","02","Caba","02056","Comuna 8",23,483,506
"020561305","02","Caba","02056","Comuna 8",23,337,360
"020561306","02","Caba","02056","Comuna 8",17,223,240
"020561307","02","Caba","02056","Comuna 8",40,245,285
"020561308","02","Caba","02056","Comuna 8",20,263,283
"020561309","02","Caba","02056","Comuna 8",7,384,391
"020561310","02","Caba","02056","Comuna 8",21,335,356
"020561311","02","Caba","02056","Comuna 8",23,282,305
"020561401","02","Caba","02056","Comuna 8",65,353,418
"020561402","02","Caba","02056","Comuna 8",27,244,271
"020561403","02","Caba","02056","Comuna 8",63,299,362
"020561404","02","Caba","02056","Comuna 8",44,569,613
"020561405","02","Caba","02056","Comuna 8",56,358,414
"020561406","02","Caba","02056","Comuna 8",21,271,292
"020561407","02","Caba","02056","Comuna 8",26,332,358
"020561408","02","Caba","02056","Comuna 8",9,267,276
"020561409","02","Caba","02056","Comuna 8",52,314,366
"020561410","02","Caba","02056","Comuna 8",26,295,321
"020561411","02","Caba","02056","Comuna 8",75,363,438
"020561501","02","Caba","02056","Comuna 8",57,244,301
"020561502","02","Caba","02056","Comuna 8",60,318,378
"020561503","02","Caba","02056","Comuna 8",84,408,492
"020561504","02","Caba","02056","Comuna 8",40,215,255
"020561505","02","Caba","02056","Comuna 8",44,281,325
"020561506","02","Caba","02056","Comuna 8",49,274,323
"020561507","02","Caba","02056","Comuna 8",39,261,300
"020561508","02","Caba","02056","Comuna 8",55,247,302
"020561509","02","Caba","02056","Comuna 8",47,299,346
"020561510","02","Caba","02056","Comuna 8",46,666,712
"020561511","02","Caba","02056","Comuna 8",23,166,189
"020561512","02","Caba","02056","Comuna 8",8,232,240
"020561513","02","Caba","02056","Comuna 8",29,184,213
"020561514","02","Caba","02056","Comuna 8",50,284,334
"020561515","02","Caba","02056","Comuna 8",36,385,421
"020561516","02","Caba","02056","Comuna 8",21,191,212
"020561517","02","Caba","02056","Comuna 8",23,170,193
"020561518","02","Caba","02056","Comuna 8",39,248,287
"020561519","02","Caba","02056","Comuna 8",58,234,292
"020561601","02","Caba","02056","Comuna 8",10,312,322
"020561602","02","Caba","02056","Comuna 8",19,217,236
"020561603","02","Caba","02056","Comuna 8",32,300,332
"020561604","02","Caba","02056","Comuna 8",5,257,262
"020561605","02","Caba","02056","Comuna 8",14,331,345
"020561606","02","Caba","02056","Comuna 8",21,236,257
"020561607","02","Caba","02056","Comuna 8",11,296,307
"020561608","02","Caba","02056","Comuna 8",14,261,275
"020561609","02","Caba","02056","Comuna 8",14,282,296
"020561610","02","Caba","02056","Comuna 8",11,354,365
"020561701","02","Caba","02056","Comuna 8",2,287,289
"020561702","02","Caba","02056","Comuna 8",1,165,166
"020561703","02","Caba","02056","Comuna 8",7,233,240
"020561704","02","Caba","02056","Comuna 8",11,283,294
"020561705","02","Caba","02056","Comuna 8",8,596,604
"020561801","02","Caba","02056","Comuna 8",8,156,164
"020561802","02","Caba","02056","Comuna 8",6,178,184
"020561803","02","Caba","02056","Comuna 8",9,106,115
"020561804","02","Caba","02056","Comuna 8",14,175,189
"020561805","02","Caba","02056","Comuna 8",1,162,163
"020561806","02","Caba","02056","Comuna 8",21,277,298
"020561807","02","Caba","02056","Comuna 8",43,195,238
"020561808","02","Caba","02056","Comuna 8",39,132,171
"020561809","02","Caba","02056","Comuna 8",74,294,368
"020630101","02","Caba","02063","Comuna 9",0,194,194
"020630102","02","Caba","02063","Comuna 9",1,192,193
"020630103","02","Caba","02063","Comuna 9",17,302,319
"020630104","02","Caba","02063","Comuna 9",5,320,325
"020630105","02","Caba","02063","Comuna 9",11,319,330
"020630106","02","Caba","02063","Comuna 9",28,274,302
"020630107","02","Caba","02063","Comuna 9",5,270,275
"020630108","02","Caba","02063","Comuna 9",21,277,298
"020630109","02","Caba","02063","Comuna 9",10,389,399
"020630201","02","Caba","02063","Comuna 9",3,593,596
"020630202","02","Caba","02063","Comuna 9",4,405,409
"020630203","02","Caba","02063","Comuna 9",6,534,540
"020630204","02","Caba","02063","Comuna 9",5,291,296
"020630205","02","Caba","02063","Comuna 9",9,514,523
"020630206","02","Caba","02063","Comuna 9",2,306,308
"020630207","02","Caba","02063","Comuna 9",1,404,405
"020630208","02","Caba","02063","Comuna 9",0,312,312
"020630209","02","Caba","02063","Comuna 9",2,538,540
"020630210","02","Caba","02063","Comuna 9",4,361,365
"020630211","02","Caba","02063","Comuna 9",15,370,385
"020630212","02","Caba","02063","Comuna 9",15,329,344
"020630213","02","Caba","02063","Comuna 9",6,247,253
"020630301","02","Caba","02063","Comuna 9",10,269,279
"020630302","02","Caba","02063","Comuna 9",10,295,305
"020630303","02","Caba","02063","Comuna 9",5,253,258
"020630304","02","Caba","02063","Comuna 9",4,295,299
"020630305","02","Caba","02063","Comuna 9",8,306,314
"020630306","02","Caba","02063","Comuna 9",6,367,373
"020630307","02","Caba","02063","Comuna 9",2,334,336
"020630308","02","Caba","02063","Comuna 9",3,299,302
"020630309","02","Caba","02063","Comuna 9",2,281,283
"020630310","02","Caba","02063","Comuna 9",1,307,308
"020630311","02","Caba","02063","Comuna 9",2,262,264
"020630312","02","Caba","02063","Comuna 9",11,283,294
"020630313","02","Caba","02063","Comuna 9",12,337,349
"020630401","02","Caba","02063","Comuna 9",2,372,374
"020630402","02","Caba","02063","Comuna 9",7,431,438
"020630403","02","Caba","02063","Comuna 9",5,391,396
"020630404","02","Caba","02063","Comuna 9",2,382,384
"020630405","02","Caba","02063","Comuna 9",7,361,368
"020630406","02","Caba","02063","Comuna 9",4,253,257
"020630407","02","Caba","02063","Comuna 9",2,364,366
"020630408","02","Caba","02063","Comuna 9",0,328,328
"020630409","02","Caba","02063","Comuna 9",5,356,361
"020630410","02","Caba","02063","Comuna 9",1,280,281
"020630411","02","Caba","02063","Comuna 9",9,420,429
"020630501","02","Caba","02063","Comuna 9",9,381,390
"020630502","02","Caba","02063","Comuna 9",11,469,480
"020630503","02","Caba","02063","Comuna 9",3,312,315
"020630504","02","Caba","02063","Comuna 9",5,406,411
"020630505","02","Caba","02063","Comuna 9",12,460,472
"020630506","02","Caba","02063","Comuna 9",6,396,402
"020630507","02","Caba","02063","Comuna 9",4,403,407
"020630508","02","Caba","02063","Comuna 9",10,363,373
"020630509","02","Caba","02063","Comuna 9",9,501,510
"020630510","02","Caba","02063","Comuna 9",1,334,335
"020630511","02","Caba","02063","Comuna 9",4,383,387
"020630601","02","Caba","02063","Comuna 9",15,488,503
"020630602","02","Caba","02063","Comuna 9",7,297,304
"020630603","02","Caba","02063","Comuna 9",7,483,490
"020630604","02","Caba","02063","Comuna 9",7,484,491
"020630605","02","Caba","02063","Comuna 9",8,503,511
"020630606","02","Caba","02063","Comuna 9",4,305,309
"020630607","02","Caba","02063","Comuna 9",13,528,541
"020630608","02","Caba","02063","Comuna 9",9,398,407
"020630609","02","Caba","02063","Comuna 9",4,429,433
"020630610","02","Caba","02063","Comuna 9",16,440,456
"020630611","02","Caba","02063","Comuna 9",64,323,387
"020630612","02","Caba","02063","Comuna 9",15,244,259
"020630701","02","Caba","02063","Comuna 9",5,307,312
"020630702","02","Caba","02063","Comuna 9",4,352,356
"020630703","02","Caba","02063","Comuna 9",7,225,232
"020630704","02","Caba","02063","Comuna 9",4,285,289
"020630705","02","Caba","02063","Comuna 9",1,337,338
"020630706","02","Caba","02063","Comuna 9",3,355,358
"020630707","02","Caba","02063","Comuna 9",4,281,285
"020630708","02","Caba","02063","Comuna 9",3,298,301
"020630709","02","Caba","02063","Comuna 9",15,359,374
"020630710","02","Caba","02063","Comuna 9",2,268,270
"020630711","02","Caba","02063","Comuna 9",12,334,346
"020630712","02","Caba","02063","Comuna 9",15,390,405
"020630713","02","Caba","02063","Comuna 9",2,371,373
"020630714","02","Caba","02063","Comuna 9",8,368,376
"020630801","02","Caba","02063","Comuna 9",7,403,410
"020630802","02","Caba","02063","Comuna 9",8,348,356
"020630803","02","Caba","02063","Comuna 9",2,333,335
"020630804","02","Caba","02063","Comuna 9",11,360,371
"020630805","02","Caba","02063","Comuna 9",4,345,349
"020630806","02","Caba","02063","Comuna 9",62,359,421
"020630807","02","Caba","02063","Comuna 9",12,262,274
"020630808","02","Caba","02063","Comuna 9",28,353,381
"020630809","02","Caba","02063","Comuna 9",22,286,308
"020630810","02","Caba","02063","Comuna 9",47,310,357
"020630811","02","Caba","02063","Comuna 9",8,243,251
"020630812","02","Caba","02063","Comuna 9",6,291,297
"020630813","02","Caba","02063","Comuna 9",3,224,227
"020630901","02","Caba","02063","Comuna 9",9,321,330
"020630902","02","Caba","02063","Comuna 9",19,350,369
"020630903","02","Caba","02063","Comuna 9",26,470,496
"020630904","02","Caba","02063","Comuna 9",11,257,268
"020630905","02","Caba","02063","Comuna 9",29,286,315
"020630906","02","Caba","02063","Comuna 9",17,363,380
"020630907","02","Caba","02063","Comuna 9",4,409,413
"020630908","02","Caba","02063","Comuna 9",3,228,231
"020630909","02","Caba","02063","Comuna 9",10,289,299
"020630910","02","Caba","02063","Comuna 9",5,331,336
"020630911","02","Caba","02063","Comuna 9",7,308,315
"020630912","02","Caba","02063","Comuna 9",13,298,311
"020630913","02","Caba","02063","Comuna 9",3,234,237
"020630914","02","Caba","02063","Comuna 9",10,336,346
"020631001","02","Caba","02063","Comuna 9",4,356,360
"020631002","02","Caba","02063","Comuna 9",4,388,392
"020631003","02","Caba","02063","Comuna 9",10,345,355
"020631004","02","Caba","02063","Comuna 9",5,297,302
"020631005","02","Caba","02063","Comuna 9",9,384,393
"020631006","02","Caba","02063","Comuna 9",12,272,284
"020631007","02","Caba","02063","Comuna 9",19,281,300
"020631008","02","Caba","02063","Comuna 9",0,358,358
"020631009","02","Caba","02063","Comuna 9",5,219,224
"020631010","02","Caba","02063","Comuna 9",3,323,326
"020631011","02","Caba","02063","Comuna 9",0,254,254
"020631012","02","Caba","02063","Comuna 9",2,218,220
"020631101","02","Caba","02063","Comuna 9",13,423,436
"020631102","02","Caba","02063","Comuna 9",9,436,445
"020631103","02","Caba","02063","Comuna 9",13,292,305
"020631104","02","Caba","02063","Comuna 9",33,489,522
"020631105","02","Caba","02063","Comuna 9",8,311,319
"020631106","02","Caba","02063","Comuna 9",14,317,331
"020631107","02","Caba","02063","Comuna 9",10,365,375
"020631108","02","Caba","02063","Comuna 9",26,321,347
"020631109","02","Caba","02063","Comuna 9",19,372,391
"020631110","02","Caba","02063","Comuna 9",17,317,334
"020631111","02","Caba","02063","Comuna 9",7,320,327
"020631112","02","Caba","02063","Comuna 9",7,408,415
"020631201","02","Caba","02063","Comuna 9",22,388,410
"020631202","02","Caba","02063","Comuna 9",1,203,204
"020631203","02","Caba","02063","Comuna 9",8,271,279
"020631204","02","Caba","02063","Comuna 9",4,321,325
"020631205","02","Caba","02063","Comuna 9",12,288,300
"020631206","02","Caba","02063","Comuna 9",6,303,309
"020631207","02","Caba","02063","Comuna 9",7,281,288
"020631208","02","Caba","02063","Comuna 9",19,340,359
"020631209","02","Caba","02063","Comuna 9",3,310,313
"020631210","02","Caba","02063","Comuna 9",14,506,520
"020631211","02","Caba","02063","Comuna 9",23,294,317
"020631212","02","Caba","02063","Comuna 9",19,231,250
"020631301","02","Caba","02063","Comuna 9",16,321,337
"020631302","02","Caba","02063","Comuna 9",43,422,465
"020631303","02","Caba","02063","Comuna 9",13,372,385
"020631304","02","Caba","02063","Comuna 9",19,307,326
"020631305","02","Caba","02063","Comuna 9",63,368,431
"020631306","02","Caba","02063","Comuna 9",47,354,401
"020631307","02","Caba","02063","Comuna 9",64,418,482
"020631401","02","Caba","02063","Comuna 9",37,431,468
"020631402","02","Caba","02063","Comuna 9",47,335,382
"020631403","02","Caba","02063","Comuna 9",68,302,370
"020631404","02","Caba","02063","Comuna 9",30,262,292
"020631405","02","Caba","02063","Comuna 9",51,226,277
"020631406","02","Caba","02063","Comuna 9",41,143,184
"020631407","02","Caba","02063","Comuna 9",58,378,436
"020631408","02","Caba","02063","Comuna 9",26,182,208
"020631409","02","Caba","02063","Comuna 9",91,328,419
"020631410","02","Caba","02063","Comuna 9",28,192,220
"020631411","02","Caba","02063","Comuna 9",42,189,231
"020631412","02","Caba","02063","Comuna 9",22,195,217
"020631413","02","Caba","02063","Comuna 9",19,143,162
"020631414","02","Caba","02063","Comuna 9",43,231,274
"020631415","02","Caba","02063","Comuna 9",57,275,332
"020631501","02","Caba","02063","Comuna 9",16,230,246
"020631502","02","Caba","02063","Comuna 9",35,303,338
"020631503","02","Caba","02063","Comuna 9",20,351,371
"020631504","02","Caba","02063","Comuna 9",25,349,374
"020631505","02","Caba","02063","Comuna 9",5,375,380
"020631506","02","Caba","02063","Comuna 9",16,357,373
"020631507","02","Caba","02063","Comuna 9",13,370,383
"020631508","02","Caba","02063","Comuna 9",12,302,314
"020631509","02","Caba","02063","Comuna 9",9,333,342
"020631510","02","Caba","02063","Comuna 9",23,267,290
"020631511","02","Caba","02063","Comuna 9",8,389,397
"020631601","02","Caba","02063","Comuna 9",18,346,364
"020631602","02","Caba","02063","Comuna 9",9,368,377
"020631603","02","Caba","02063","Comuna 9",11,319,330
"020631604","02","Caba","02063","Comuna 9",23,279,302
"020631605","02","Caba","02063","Comuna 9",31,330,361
"020631606","02","Caba","02063","Comuna 9",18,395,413
"020631607","02","Caba","02063","Comuna 9",11,385,396
"020631608","02","Caba","02063","Comuna 9",7,369,376
"020631609","02","Caba","02063","Comuna 9",15,419,434
"020631610","02","Caba","02063","Comuna 9",6,296,302
"020631611","02","Caba","02063","Comuna 9",1,225,226
"020631612","02","Caba","02063","Comuna 9",9,246,255
"020631613","02","Caba","02063","Comuna 9",9,284,293
"020700101","02","Caba","02070","Comuna 10",4,266,270
"020700102","02","Caba","02070","Comuna 10",15,353,368
"020700103","02","Caba","02070","Comuna 10",4,412,416
"020700104","02","Caba","02070","Comuna 10",4,264,268
"020700105","02","Caba","02070","Comuna 10",10,330,340
"020700106","02","Caba","02070","Comuna 10",3,346,349
"020700107","02","Caba","02070","Comuna 10",8,337,345
"020700108","02","Caba","02070","Comuna 10",7,423,430
"020700201","02","Caba","02070","Comuna 10",4,356,360
"020700202","02","Caba","02070","Comuna 10",0,293,293
"020700203","02","Caba","02070","Comuna 10",2,288,290
"020700204","02","Caba","02070","Comuna 10",1,359,360
"020700205","02","Caba","02070","Comuna 10",10,338,348
"020700206","02","Caba","02070","Comuna 10",2,469,471
"020700207","02","Caba","02070","Comuna 10",3,403,406
"020700208","02","Caba","02070","Comuna 10",4,358,362
"020700301","02","Caba","02070","Comuna 10",8,313,321
"020700302","02","Caba","02070","Comuna 10",7,315,322
"020700303","02","Caba","02070","Comuna 10",2,408,410
"020700304","02","Caba","02070","Comuna 10",1,231,232
"020700305","02","Caba","02070","Comuna 10",6,303,309
"020700306","02","Caba","02070","Comuna 10",0,324,324
"020700307","02","Caba","02070","Comuna 10",1,384,385
"020700308","02","Caba","02070","Comuna 10",3,424,427
"020700401","02","Caba","02070","Comuna 10",4,438,442
"020700402","02","Caba","02070","Comuna 10",11,531,542
"020700403","02","Caba","02070","Comuna 10",1,367,368
"020700404","02","Caba","02070","Comuna 10",33,522,555
"020700405","02","Caba","02070","Comuna 10",7,396,403
"020700406","02","Caba","02070","Comuna 10",4,269,273
"020700407","02","Caba","02070","Comuna 10",13,400,413
"020700408","02","Caba","02070","Comuna 10",34,350,384
"020700409","02","Caba","02070","Comuna 10",5,325,330
"020700501","02","Caba","02070","Comuna 10",4,287,291
"020700502","02","Caba","02070","Comuna 10",5,313,318
"020700503","02","Caba","02070","Comuna 10",10,435,445
"020700504","02","Caba","02070","Comuna 10",6,338,344
"020700505","02","Caba","02070","Comuna 10",5,382,387
"020700506","02","Caba","02070","Comuna 10",5,395,400
"020700507","02","Caba","02070","Comuna 10",11,356,367
"020700508","02","Caba","02070","Comuna 10",2,487,489
"020700509","02","Caba","02070","Comuna 10",13,336,349
"020700510","02","Caba","02070","Comuna 10",4,353,357
"020700511","02","Caba","02070","Comuna 10",9,309,318
"020700512","02","Caba","02070","Comuna 10",5,291,296
"020700513","02","Caba","02070","Comuna 10",3,302,305
"020700514","02","Caba","02070","Comuna 10",3,321,324
"020700601","02","Caba","02070","Comuna 10",4,279,283
"020700602","02","Caba","02070","Comuna 10",1,312,313
"020700603","02","Caba","02070","Comuna 10",6,399,405
"020700604","02","Caba","02070","Comuna 10",3,343,346
"020700605","02","Caba","02070","Comuna 10",6,458,464
"020700606","02","Caba","02070","Comuna 10",21,400,421
"020700607","02","Caba","02070","Comuna 10",6,333,339
"020700608","02","Caba","02070","Comuna 10",8,464,472
"020700609","02","Caba","02070","Comuna 10",7,286,293
"020700610","02","Caba","02070","Comuna 10",47,562,609
"020700611","02","Caba","02070","Comuna 10",15,335,350
"020700612","02","Caba","02070","Comuna 10",9,314,323
"020700613","02","Caba","02070","Comuna 10",9,541,550
"020700614","02","Caba","02070","Comuna 10",7,288,295
"020700701","02","Caba","02070","Comuna 10",14,615,629
"020700702","02","Caba","02070","Comuna 10",5,581,586
"020700703","02","Caba","02070","Comuna 10",5,544,549
"020700704","02","Caba","02070","Comuna 10",7,548,555
"020700705","02","Caba","02070","Comuna 10",43,530,573
"020700706","02","Caba","02070","Comuna 10",19,363,382
"020700707","02","Caba","02070","Comuna 10",3,518,521
"020700708","02","Caba","02070","Comuna 10",3,405,408
"020700709","02","Caba","02070","Comuna 10",16,431,447
"020700710","02","Caba","02070","Comuna 10",13,459,472
"020700801","02","Caba","02070","Comuna 10",7,405,412
"020700802","02","Caba","02070","Comuna 10",7,463,470
"020700803","02","Caba","02070","Comuna 10",3,318,321
"020700804","02","Caba","02070","Comuna 10",6,494,500
"020700805","02","Caba","02070","Comuna 10",4,395,399
"020700806","02","Caba","02070","Comuna 10",1,370,371
"020700807","02","Caba","02070","Comuna 10",7,484,491
"020700808","02","Caba","02070","Comuna 10",14,483,497
"020700809","02","Caba","02070","Comuna 10",17,268,285
"020700901","02","Caba","02070","Comuna 10",12,449,461
"020700902","02","Caba","02070","Comuna 10",3,416,419
"020700903","02","Caba","02070","Comuna 10",9,364,373
"020700904","02","Caba","02070","Comuna 10",5,338,343
"020700905","02","Caba","02070","Comuna 10",5,310,315
"020700906","02","Caba","02070","Comuna 10",9,383,392
"020700907","02","Caba","02070","Comuna 10",4,350,354
"020700908","02","Caba","02070","Comuna 10",9,334,343
"020700909","02","Caba","02070","Comuna 10",2,292,294
"020700910","02","Caba","02070","Comuna 10",5,353,358
"020701001","02","Caba","02070","Comuna 10",14,325,339
"020701002","02","Caba","02070","Comuna 10",24,402,426
"020701003","02","Caba","02070","Comuna 10",7,353,360
"020701004","02","Caba","02070","Comuna 10",0,297,297
"020701005","02","Caba","02070","Comuna 10",7,373,380
"020701006","02","Caba","02070","Comuna 10",13,334,347
"020701007","02","Caba","02070","Comuna 10",3,317,320
"020701008","02","Caba","02070","Comuna 10",19,374,393
"020701009","02","Caba","02070","Comuna 10",15,421,436
"020701010","02","Caba","02070","Comuna 10",6,301,307
"020701011","02","Caba","02070","Comuna 10",17,332,349
"020701012","02","Caba","02070","Comuna 10",8,370,378
"020701101","02","Caba","02070","Comuna 10",16,365,381
"020701102","02","Caba","02070","Comuna 10",5,402,407
"020701103","02","Caba","02070","Comuna 10",20,404,424
"020701104","02","Caba","02070","Comuna 10",15,288,303
"020701105","02","Caba","02070","Comuna 10",10,213,223
"020701106","02","Caba","02070","Comuna 10",10,133,143
"020701107","02","Caba","02070","Comuna 10",16,313,329
"020701108","02","Caba","02070","Comuna 10",32,329,361
"020701109","02","Caba","02070","Comuna 10",52,354,406
"020701110","02","Caba","02070","Comuna 10",4,330,334
"020701111","02","Caba","02070","Comuna 10",3,243,246
"020701201","02","Caba","02070","Comuna 10",19,360,379
"020701202","02","Caba","02070","Comuna 10",8,417,425
"020701203","02","Caba","02070","Comuna 10",84,245,329
"020701204","02","Caba","02070","Comuna 10",61,207,268
"020701205","02","Caba","02070","Comuna 10",4,126,130
"020701206","02","Caba","02070","Comuna 10",8,127,135
"020701207","02","Caba","02070","Comuna 10",15,252,267
"020701208","02","Caba","02070","Comuna 10",8,337,345
"020701209","02","Caba","02070","Comuna 10",6,376,382
"020701210","02","Caba","02070","Comuna 10",6,315,321
"020701301","02","Caba","02070","Comuna 10",5,241,246
"020701302","02","Caba","02070","Comuna 10",6,407,413
"020701303","02","Caba","02070","Comuna 10",5,257,262
"020701304","02","Caba","02070","Comuna 10",7,248,255
"020701305","02","Caba","02070","Comuna 10",5,361,366
"020701306","02","Caba","02070","Comuna 10",5,328,333
"020701307","02","Caba","02070","Comuna 10",5,286,291
"020701308","02","Caba","02070","Comuna 10",3,295,298
"020701309","02","Caba","02070","Comuna 10",11,291,302
"020701310","02","Caba","02070","Comuna 10",1,282,283
"020701311","02","Caba","02070","Comuna 10",5,282,287
"020701312","02","Caba","02070","Comuna 10",5,274,279
"020701401","02","Caba","02070","Comuna 10",3,385,388
"020701402","02","Caba","02070","Comuna 10",8,434,442
"020701403","02","Caba","02070","Comuna 10",10,407,417
"020701404","02","Caba","02070","Comuna 10",10,359,369
"020701405","02","Caba","02070","Comuna 10",2,284,286
"020701406","02","Caba","02070","Comuna 10",0,219,219
"020701407","02","Caba","02070","Comuna 10",14,339,353
"020701408","02","Caba","02070","Comuna 10",8,309,317
"020701409","02","Caba","02070","Comuna 10",13,377,390
"020701410","02","Caba","02070","Comuna 10",7,478,485
"020701411","02","Caba","02070","Comuna 10",42,211,253
"020701501","02","Caba","02070","Comuna 10",2,277,279
"020701502","02","Caba","02070","Comuna 10",5,365,370
"020701503","02","Caba","02070","Comuna 10",8,246,254
"020701504","02","Caba","02070","Comuna 10",4,290,294
"020701505","02","Caba","02070","Comuna 10",4,364,368
"020701506","02","Caba","02070","Comuna 10",4,372,376
"020701507","02","Caba","02070","Comuna 10",56,352,408
"020701508","02","Caba","02070","Comuna 10",3,445,448
"020701509","02","Caba","02070","Comuna 10",9,477,486
"020701601","02","Caba","02070","Comuna 10",24,341,365
"020701602","02","Caba","02070","Comuna 10",0,502,502
"020701603","02","Caba","02070","Comuna 10",0,438,438
"020701604","02","Caba","02070","Comuna 10",2,411,413
"020701605","02","Caba","02070","Comuna 10",1,249,250
"020701606","02","Caba","02070","Comuna 10",7,522,529
"020701607","02","Caba","02070","Comuna 10",5,324,329
"020701608","02","Caba","02070","Comuna 10",8,470,478
"020701609","02","Caba","02070","Comuna 10",3,412,415
"020701610","02","Caba","02070","Comuna 10",3,258,261
"020701701","02","Caba","02070","Comuna 10",2,381,383
"020701702","02","Caba","02070","Comuna 10",5,537,542
"020701703","02","Caba","02070","Comuna 10",14,554,568
"020701704","02","Caba","02070","Comuna 10",2,460,462
"020701705","02","Caba","02070","Comuna 10",23,428,451
"020701706","02","Caba","02070","Comuna 10",10,428,438
"020701707","02","Caba","02070","Comuna 10",6,363,369
"020701708","02","Caba","02070","Comuna 10",3,302,305
"020701709","02","Caba","02070","Comuna 10",5,270,275
"020701710","02","Caba","02070","Comuna 10",7,403,410
"020701801","02","Caba","02070","Comuna 10",5,320,325
"020701802","02","Caba","02070","Comuna 10",7,383,390
"020701803","02","Caba","02070","Comuna 10",6,352,358
"020701804","02","Caba","02070","Comuna 10",60,393,453
"020701805","02","Caba","02070","Comuna 10",3,304,307
"020701806","02","Caba","02070","Comuna 10",14,271,285
"020701807","02","Caba","02070","Comuna 10",6,348,354
"020701808","02","Caba","02070","Comuna 10",16,295,311
"020701809","02","Caba","02070","Comuna 10",9,314,323
"020701810","02","Caba","02070","Comuna 10",7,220,227
"020701811","02","Caba","02070","Comuna 10",13,212,225
"020701812","02","Caba","02070","Comuna 10",4,316,320
"020701901","02","Caba","02070","Comuna 10",31,238,269
"020701902","02","Caba","02070","Comuna 10",122,424,546
"020701903","02","Caba","02070","Comuna 10",50,275,325
"020701904","02","Caba","02070","Comuna 10",59,349,408
"020701905","02","Caba","02070","Comuna 10",42,399,441
"020701906","02","Caba","02070","Comuna 10",45,437,482
"020701907","02","Caba","02070","Comuna 10",13,401,414
"020701908","02","Caba","02070","Comuna 10",11,237,248
"020701909","02","Caba","02070","Comuna 10",20,352,372
"020701910","02","Caba","02070","Comuna 10",15,307,322
"020701911","02","Caba","02070","Comuna 10",23,506,529
"020701912","02","Caba","02070","Comuna 10",17,479,496
"020701913","02","Caba","02070","Comuna 10",71,204,275
"020770101","02","Caba","02077","Comuna 11",3,389,392
"020770102","02","Caba","02077","Comuna 11",3,442,445
"020770103","02","Caba","02077","Comuna 11",5,300,305
"020770104","02","Caba","02077","Comuna 11",3,365,368
"020770105","02","Caba","02077","Comuna 11",5,258,263
"020770106","02","Caba","02077","Comuna 11",5,353,358
"020770107","02","Caba","02077","Comuna 11",5,417,422
"020770108","02","Caba","02077","Comuna 11",5,504,509
"020770109","02","Caba","02077","Comuna 11",4,268,272
"020770110","02","Caba","02077","Comuna 11",2,350,352
"020770111","02","Caba","02077","Comuna 11",6,501,507
"020770112","02","Caba","02077","Comuna 11",2,386,388
"020770113","02","Caba","02077","Comuna 11",3,239,242
"020770114","02","Caba","02077","Comuna 11",0,259,259
"020770201","02","Caba","02077","Comuna 11",13,335,348
"020770202","02","Caba","02077","Comuna 11",10,578,588
"020770203","02","Caba","02077","Comuna 11",6,398,404
"020770204","02","Caba","02077","Comuna 11",10,312,322
"020770205","02","Caba","02077","Comuna 11",2,437,439
"020770206","02","Caba","02077","Comuna 11",3,385,388
"020770207","02","Caba","02077","Comuna 11",4,402,406
"020770208","02","Caba","02077","Comuna 11",0,365,365
"020770209","02","Caba","02077","Comuna 11",1,300,301
"020770210","02","Caba","02077","Comuna 11",2,393,395
"020770211","02","Caba","02077","Comuna 11",4,309,313
"020770301","02","Caba","02077","Comuna 11",2,318,320
"020770302","02","Caba","02077","Comuna 11",2,349,351
"020770303","02","Caba","02077","Comuna 11",1,314,315
"020770304","02","Caba","02077","Comuna 11",1,233,234
"020770305","02","Caba","02077","Comuna 11",1,402,403
"020770306","02","Caba","02077","Comuna 11",3,315,318
"020770307","02","Caba","02077","Comuna 11",2,343,345
"020770308","02","Caba","02077","Comuna 11",13,315,328
"020770309","02","Caba","02077","Comuna 11",2,381,383
"020770310","02","Caba","02077","Comuna 11",1,300,301
"020770311","02","Caba","02077","Comuna 11",4,390,394
"020770312","02","Caba","02077","Comuna 11",2,303,305
"020770401","02","Caba","02077","Comuna 11",6,304,310
"020770402","02","Caba","02077","Comuna 11",2,325,327
"020770403","02","Caba","02077","Comuna 11",1,258,259
"020770404","02","Caba","02077","Comuna 11",0,346,346
"020770405","02","Caba","02077","Comuna 11",4,327,331
"020770406","02","Caba","02077","Comuna 11",1,275,276
"020770407","02","Caba","02077","Comuna 11",0,290,290
"020770408","02","Caba","02077","Comuna 11",4,486,490
"020770409","02","Caba","02077","Comuna 11",3,469,472
"020770410","02","Caba","02077","Comuna 11",1,301,302
"020770411","02","Caba","02077","Comuna 11",4,463,467
"020770412","02","Caba","02077","Comuna 11",3,426,429
"020770413","02","Caba","02077","Comuna 11",5,345,350
"020770501","02","Caba","02077","Comuna 11",0,292,292
"020770502","02","Caba","02077","Comuna 11",3,349,352
"020770503","02","Caba","02077","Comuna 11",1,316,317
"020770504","02","Caba","02077","Comuna 11",4,294,298
"020770505","02","Caba","02077","Comuna 11",2,396,398
"020770506","02","Caba","02077","Comuna 11",1,356,357
"020770507","02","Caba","02077","Comuna 11",6,308,314
"020770508","02","Caba","02077","Comuna 11",2,342,344
"020770509","02","Caba","02077","Comuna 11",7,313,320
"020770510","02","Caba","02077","Comuna 11",3,350,353
"020770601","02","Caba","02077","Comuna 11",6,379,385
"020770602","02","Caba","02077","Comuna 11",6,518,524
"020770603","02","Caba","02077","Comuna 11",11,517,528
"020770604","02","Caba","02077","Comuna 11",13,555,568
"020770605","02","Caba","02077","Comuna 11",31,508,539
"020770606","02","Caba","02077","Comuna 11",54,404,458
"020770607","02","Caba","02077","Comuna 11",9,445,454
"020770608","02","Caba","02077","Comuna 11",20,369,389
"020770609","02","Caba","02077","Comuna 11",10,329,339
"020770610","02","Caba","02077","Comuna 11",6,254,260
"020770611","02","Caba","02077","Comuna 11",31,349,380
"020770701","02","Caba","02077","Comuna 11",9,202,211
"020770702","02","Caba","02077","Comuna 11",10,385,395
"020770703","02","Caba","02077","Comuna 11",8,329,337
"020770704","02","Caba","02077","Comuna 11",43,382,425
"020770705","02","Caba","02077","Comuna 11",10,432,442
"020770706","02","Caba","02077","Comuna 11",22,404,426
"020770707","02","Caba","02077","Comuna 11",6,348,354
"020770708","02","Caba","02077","Comuna 11",12,340,352
"020770709","02","Caba","02077","Comuna 11",11,432,443
"020770710","02","Caba","02077","Comuna 11",12,411,423
"020770711","02","Caba","02077","Comuna 11",18,458,476
"020770712","02","Caba","02077","Comuna 11",25,341,366
"020770801","02","Caba","02077","Comuna 11",23,358,381
"020770802","02","Caba","02077","Comuna 11",4,369,373
"020770803","02","Caba","02077","Comuna 11",1,278,279
"020770804","02","Caba","02077","Comuna 11",18,339,357
"020770805","02","Caba","02077","Comuna 11",5,379,384
"020770806","02","Caba","02077","Comuna 11",9,457,466
"020770807","02","Caba","02077","Comuna 11",7,441,448
"020770808","02","Caba","02077","Comuna 11",16,459,475
"020770809","02","Caba","02077","Comuna 11",32,417,449
"020770901","02","Caba","02077","Comuna 11",9,383,392
"020770902","02","Caba","02077","Comuna 11",4,311,315
"020770903","02","Caba","02077","Comuna 11",5,427,432
"020770904","02","Caba","02077","Comuna 11",3,277,280
"020770905","02","Caba","02077","Comuna 11",4,372,376
"020770906","02","Caba","02077","Comuna 11",3,329,332
"020770907","02","Caba","02077","Comuna 11",7,331,338
"020770908","02","Caba","02077","Comuna 11",1,349,350
"020770909","02","Caba","02077","Comuna 11",2,289,291
"020770910","02","Caba","02077","Comuna 11",9,420,429
"020770911","02","Caba","02077","Comuna 11",6,305,311
"020770912","02","Caba","02077","Comuna 11",14,359,373
"020771001","02","Caba","02077","Comuna 11",3,408,411
"020771002","02","Caba","02077","Comuna 11",11,526,537
"020771003","02","Caba","02077","Comuna 11",3,360,363
"020771004","02","Caba","02077","Comuna 11",4,435,439
"020771005","02","Caba","02077","Comuna 11",12,524,536
"020771006","02","Caba","02077","Comuna 11",19,643,662
"020771007","02","Caba","02077","Comuna 11",12,587,599
"020771008","02","Caba","02077","Comuna 11",6,306,312
"020771009","02","Caba","02077","Comuna 11",7,527,534
"020771010","02","Caba","02077","Comuna 11",21,424,445
"020771011","02","Caba","02077","Comuna 11",15,278,293
"020771101","02","Caba","02077","Comuna 11",24,294,318
"020771102","02","Caba","02077","Comuna 11",19,401,420
"020771103","02","Caba","02077","Comuna 11",17,348,365
"020771104","02","Caba","02077","Comuna 11",16,110,126
"020771105","02","Caba","02077","Comuna 11",20,371,391
"020771106","02","Caba","02077","Comuna 11",29,391,420
"020771107","02","Caba","02077","Comuna 11",13,359,372
"020771108","02","Caba","02077","Comuna 11",22,339,361
"020771109","02","Caba","02077","Comuna 11",10,279,289
"020771201","02","Caba","02077","Comuna 11",8,368,376
"020771202","02","Caba","02077","Comuna 11",16,322,338
"020771203","02","Caba","02077","Comuna 11",9,490,499
"020771204","02","Caba","02077","Comuna 11",4,369,373
"020771205","02","Caba","02077","Comuna 11",5,268,273
"020771206","02","Caba","02077","Comuna 11",3,352,355
"020771207","02","Caba","02077","Comuna 11",13,285,298
"020771208","02","Caba","02077","Comuna 11",6,287,293
"020771209","02","Caba","02077","Comuna 11",4,331,335
"020771210","02","Caba","02077","Comuna 11",7,436,443
"020771301","02","Caba","02077","Comuna 11",2,390,392
"020771302","02","Caba","02077","Comuna 11",5,390,395
"020771303","02","Caba","02077","Comuna 11",11,352,363
"020771304","02","Caba","02077","Comuna 11",3,470,473
"020771305","02","Caba","02077","Comuna 11",4,395,399
"020771306","02","Caba","02077","Comuna 11",3,434,437
"020771307","02","Caba","02077","Comuna 11",2,316,318
"020771308","02","Caba","02077","Comuna 11",0,313,313
"020771309","02","Caba","02077","Comuna 11",7,448,455
"020771310","02","Caba","02077","Comuna 11",9,391,400
"020771311","02","Caba","02077","Comuna 11",3,394,397
"020771401","02","Caba","02077","Comuna 11",7,398,405
"020771402","02","Caba","02077","Comuna 11",5,369,374
"020771403","02","Caba","02077","Comuna 11",7,399,406
"020771404","02","Caba","02077","Comuna 11",1,310,311
"020771405","02","Caba","02077","Comuna 11",3,386,389
"020771406","02","Caba","02077","Comuna 11",2,308,310
"020771407","02","Caba","02077","Comuna 11",5,677,682
"020771408","02","Caba","02077","Comuna 11",4,403,407
"020771501","02","Caba","02077","Comuna 11",15,425,440
"020771502","02","Caba","02077","Comuna 11",10,343,353
"020771503","02","Caba","02077","Comuna 11",3,434,437
"020771504","02","Caba","02077","Comuna 11",7,396,403
"020771505","02","Caba","02077","Comuna 11",6,395,401
"020771506","02","Caba","02077","Comuna 11",1,267,268
"020771507","02","Caba","02077","Comuna 11",7,333,340
"020771508","02","Caba","02077","Comuna 11",9,403,412
"020771509","02","Caba","02077","Comuna 11",5,485,490
"020771510","02","Caba","02077","Comuna 11",3,363,366
"020771511","02","Caba","02077","Comuna 11",47,462,509
"020771601","02","Caba","02077","Comuna 11",3,426,429
"020771602","02","Caba","02077","Comuna 11",0,259,259
"020771603","02","Caba","02077","Comuna 11",19,363,382
"020771604","02","Caba","02077","Comuna 11",10,333,343
"020771605","02","Caba","02077","Comuna 11",14,519,533
"020771606","02","Caba","02077","Comuna 11",5,434,439
"020771607","02","Caba","02077","Comuna 11",17,473,490
"020771608","02","Caba","02077","Comuna 11",8,486,494
"020771609","02","Caba","02077","Comuna 11",3,369,372
"020771610","02","Caba","02077","Comuna 11",8,290,298
"020771611","02","Caba","02077","Comuna 11",8,282,290
"020771701","02","Caba","02077","Comuna 11",6,316,322
"020771702","02","Caba","02077","Comuna 11",2,318,320
"020771703","02","Caba","02077","Comuna 11",4,389,393
"020771704","02","Caba","02077","Comuna 11",6,319,325
"020771705","02","Caba","02077","Comuna 11",4,286,290
"020771706","02","Caba","02077","Comuna 11",7,326,333
"020771707","02","Caba","02077","Comuna 11",12,310,322
"020771708","02","Caba","02077","Comuna 11",13,273,286
"020771801","02","Caba","02077","Comuna 11",3,304,307
"020771802","02","Caba","02077","Comuna 11",5,348,353
"020771803","02","Caba","02077","Comuna 11",6,433,439
"020771804","02","Caba","02077","Comuna 11",32,484,516
"020771805","02","Caba","02077","Comuna 11",10,530,540
"020771806","02","Caba","02077","Comuna 11",24,347,371
"020771807","02","Caba","02077","Comuna 11",11,333,344
"020771808","02","Caba","02077","Comuna 11",14,268,282
"020771809","02","Caba","02077","Comuna 11",6,245,251
"020771810","02","Caba","02077","Comuna 11",6,477,483
"020771901","02","Caba","02077","Comuna 11",25,246,271
"020771902","02","Caba","02077","Comuna 11",3,388,391
"020771903","02","Caba","02077","Comuna 11",1,294,295
"020771904","02","Caba","02077","Comuna 11",15,350,365
"020771905","02","Caba","02077","Comuna 11",13,314,327
"020771906","02","Caba","02077","Comuna 11",18,362,380
"020771907","02","Caba","02077","Comuna 11",10,321,331
"020771908","02","Caba","02077","Comuna 11",14,294,308
"020771909","02","Caba","02077","Comuna 11",18,333,351
"020772001","02","Caba","02077","Comuna 11",3,319,322
"020772002","02","Caba","02077","Comuna 11",14,340,354
"020772003","02","Caba","02077","Comuna 11",54,525,579
"020772004","02","Caba","02077","Comuna 11",44,284,328
"020772005","02","Caba","02077","Comuna 11",4,386,390
"020772006","02","Caba","02077","Comuna 11",11,272,283
"020772007","02","Caba","02077","Comuna 11",2,324,326
"020772008","02","Caba","02077","Comuna 11",16,214,230
"020772009","02","Caba","02077","Comuna 11",11,286,297
"020772010","02","Caba","02077","Comuna 11",5,330,335
"020772011","02","Caba","02077","Comuna 11",5,254,259
"020772101","02","Caba","02077","Comuna 11",26,317,343
"020772102","02","Caba","02077","Comuna 11",18,301,319
"020772103","02","Caba","02077","Comuna 11",47,444,491
"020772104","02","Caba","02077","Comuna 11",60,372,432
"020772105","02","Caba","02077","Comuna 11",4,211,215
"020772106","02","Caba","02077","Comuna 11",21,352,373
"020772107","02","Caba","02077","Comuna 11",18,285,303
"020772108","02","Caba","02077","Comuna 11",15,272,287
"020772109","02","Caba","02077","Comuna 11",3,265,268
"020772110","02","Caba","02077","Comuna 11",28,289,317
"020772111","02","Caba","02077","Comuna 11",23,312,335
"020772112","02","Caba","02077","Comuna 11",2,270,272
"020772201","02","Caba","02077","Comuna 11",10,334,344
"020772202","02","Caba","02077","Comuna 11",13,319,332
"020772203","02","Caba","02077","Comuna 11",8,355,363
"020772204","02","Caba","02077","Comuna 11",9,282,291
"020772205","02","Caba","02077","Comuna 11",9,328,337
"020772206","02","Caba","02077","Comuna 11",14,484,498
"020772207","02","Caba","02077","Comuna 11",18,343,361
"020772208","02","Caba","02077","Comuna 11",5,321,326
"020772209","02","Caba","02077","Comuna 11",4,286,290
"020772210","02","Caba","02077","Comuna 11",4,387,391
"020772211","02","Caba","02077","Comuna 11",1,425,426
"020840101","02","Caba","02084","Comuna 12",3,221,224
"020840102","02","Caba","02084","Comuna 12",10,281,291
"020840103","02","Caba","02084","Comuna 12",3,234,237
"020840104","02","Caba","02084","Comuna 12",2,359,361
"020840105","02","Caba","02084","Comuna 12",3,250,253
"020840106","02","Caba","02084","Comuna 12",1,358,359
"020840107","02","Caba","02084","Comuna 12",15,451,466
"020840108","02","Caba","02084","Comuna 12",6,297,303
"020840109","02","Caba","02084","Comuna 12",17,393,410
"020840110","02","Caba","02084","Comuna 12",17,484,501
"020840111","02","Caba","02084","Comuna 12",10,447,457
"020840201","02","Caba","02084","Comuna 12",16,352,368
"020840202","02","Caba","02084","Comuna 12",9,390,399
"020840203","02","Caba","02084","Comuna 12",29,441,470
"020840204","02","Caba","02084","Comuna 12",3,598,601
"020840205","02","Caba","02084","Comuna 12",2,455,457
"020840206","02","Caba","02084","Comuna 12",9,443,452
"020840207","02","Caba","02084","Comuna 12",8,449,457
"020840208","02","Caba","02084","Comuna 12",6,446,452
"020840209","02","Caba","02084","Comuna 12",9,314,323
"020840301","02","Caba","02084","Comuna 12",1,190,191
"020840302","02","Caba","02084","Comuna 12",3,301,304
"020840303","02","Caba","02084","Comuna 12",2,390,392
"020840304","02","Caba","02084","Comuna 12",11,336,347
"020840305","02","Caba","02084","Comuna 12",5,384,389
"020840306","02","Caba","02084","Comuna 12",15,425,440
"020840307","02","Caba","02084","Comuna 12",4,383,387
"020840308","02","Caba","02084","Comuna 12",4,275,279
"020840309","02","Caba","02084","Comuna 12",3,242,245
"020840310","02","Caba","02084","Comuna 12",37,383,420
"020840311","02","Caba","02084","Comuna 12",3,366,369
"020840401","02","Caba","02084","Comuna 12",6,487,493
"020840402","02","Caba","02084","Comuna 12",12,550,562
"020840403","02","Caba","02084","Comuna 12",10,591,601
"020840404","02","Caba","02084","Comuna 12",1,381,382
"020840405","02","Caba","02084","Comuna 12",11,301,312
"020840406","02","Caba","02084","Comuna 12",17,374,391
"020840407","02","Caba","02084","Comuna 12",8,429,437
"020840408","02","Caba","02084","Comuna 12",3,210,213
"020840409","02","Caba","02084","Comuna 12",5,266,271
"020840410","02","Caba","02084","Comuna 12",6,327,333
"020840501","02","Caba","02084","Comuna 12",3,363,366
"020840502","02","Caba","02084","Comuna 12",21,314,335
"020840503","02","Caba","02084","Comuna 12",5,373,378
"020840504","02","Caba","02084","Comuna 12",3,265,268
"020840505","02","Caba","02084","Comuna 12",2,370,372
"020840506","02","Caba","02084","Comuna 12",7,363,370
"020840507","02","Caba","02084","Comuna 12",1,372,373
"020840508","02","Caba","02084","Comuna 12",2,396,398
"020840509","02","Caba","02084","Comuna 12",5,312,317
"020840510","02","Caba","02084","Comuna 12",28,309,337
"020840511","02","Caba","02084","Comuna 12",4,323,327
"020840512","02","Caba","02084","Comuna 12",4,374,378
"020840601","02","Caba","02084","Comuna 12",6,428,434
"020840602","02","Caba","02084","Comuna 12",12,520,532
"020840603","02","Caba","02084","Comuna 12",4,360,364
"020840604","02","Caba","02084","Comuna 12",1,424,425
"020840605","02","Caba","02084","Comuna 12",6,483,489
"020840606","02","Caba","02084","Comuna 12",3,341,344
"020840607","02","Caba","02084","Comuna 12",3,366,369
"020840608","02","Caba","02084","Comuna 12",0,495,495
"020840609","02","Caba","02084","Comuna 12",6,492,498
"020840610","02","Caba","02084","Comuna 12",3,377,380
"020840701","02","Caba","02084","Comuna 12",13,455,468
"020840702","02","Caba","02084","Comuna 12",7,351,358
"020840703","02","Caba","02084","Comuna 12",5,379,384
"020840704","02","Caba","02084","Comuna 12",3,409,412
"020840705","02","Caba","02084","Comuna 12",6,363,369
"020840706","02","Caba","02084","Comuna 12",11,442,453
"020840707","02","Caba","02084","Comuna 12",25,353,378
"020840708","02","Caba","02084","Comuna 12",12,400,412
"020840709","02","Caba","02084","Comuna 12",1,323,324
"020840710","02","Caba","02084","Comuna 12",21,284,305
"020840711","02","Caba","02084","Comuna 12",15,316,331
"020840712","02","Caba","02084","Comuna 12",3,211,214
"020840713","02","Caba","02084","Comuna 12",9,370,379
"020840801","02","Caba","02084","Comuna 12",6,538,544
"020840802","02","Caba","02084","Comuna 12",0,367,367
"020840803","02","Caba","02084","Comuna 12",0,370,370
"020840804","02","Caba","02084","Comuna 12",2,348,350
"020840805","02","Caba","02084","Comuna 12",3,351,354
"020840806","02","Caba","02084","Comuna 12",7,441,448
"020840807","02","Caba","02084","Comuna 12",26,359,385
"020840808","02","Caba","02084","Comuna 12",10,596,606
"020840809","02","Caba","02084","Comuna 12",5,458,463
"020840810","02","Caba","02084","Comuna 12",7,318,325
"020840811","02","Caba","02084","Comuna 12",0,288,288
"020840812","02","Caba","02084","Comuna 12",12,352,364
"020840901","02","Caba","02084","Comuna 12",36,461,497
"020840902","02","Caba","02084","Comuna 12",15,393,408
"020840903","02","Caba","02084","Comuna 12",19,360,379
"020840904","02","Caba","02084","Comuna 12",4,589,593
"020840905","02","Caba","02084","Comuna 12",22,542,564
"020840906","02","Caba","02084","Comuna 12",6,464,470
"020840907","02","Caba","02084","Comuna 12",6,415,421
"020840908","02","Caba","02084","Comuna 12",10,289,299
"020841001","02","Caba","02084","Comuna 12",5,537,542
"020841002","02","Caba","02084","Comuna 12",2,387,389
"020841003","02","Caba","02084","Comuna 12",1,393,394
"020841004","02","Caba","02084","Comuna 12",3,324,327
"020841005","02","Caba","02084","Comuna 12",5,346,351
"020841006","02","Caba","02084","Comuna 12",2,496,498
"020841007","02","Caba","02084","Comuna 12",8,495,503
"020841008","02","Caba","02084","Comuna 12",5,401,406
"020841009","02","Caba","02084","Comuna 12",5,431,436
"020841010","02","Caba","02084","Comuna 12",4,328,332
"020841011","02","Caba","02084","Comuna 12",10,554,564
"020841012","02","Caba","02084","Comuna 12",2,398,400
"020841013","02","Caba","02084","Comuna 12",2,315,317
"020841101","02","Caba","02084","Comuna 12",4,399,403
"020841102","02","Caba","02084","Comuna 12",11,291,302
"020841103","02","Caba","02084","Comuna 12",11,429,440
"020841104","02","Caba","02084","Comuna 12",4,371,375
"020841105","02","Caba","02084","Comuna 12",0,318,318
"020841106","02","Caba","02084","Comuna 12",6,384,390
"020841107","02","Caba","02084","Comuna 12",2,355,357
"020841108","02","Caba","02084","Comuna 12",7,346,353
"020841109","02","Caba","02084","Comuna 12",7,440,447
"020841110","02","Caba","02084","Comuna 12",13,315,328
"020841111","02","Caba","02084","Comuna 12",10,520,530
"020841112","02","Caba","02084","Comuna 12",1,311,312
"020841113","02","Caba","02084","Comuna 12",2,167,169
"020841201","02","Caba","02084","Comuna 12",11,408,419
"020841202","02","Caba","02084","Comuna 12",6,751,757
"020841203","02","Caba","02084","Comuna 12",8,522,530
"020841204","02","Caba","02084","Comuna 12",10,411,421
"020841205","02","Caba","02084","Comuna 12",7,471,478
"020841206","02","Caba","02084","Comuna 12",6,311,317
"020841207","02","Caba","02084","Comuna 12",22,439,461
"020841208","02","Caba","02084","Comuna 12",4,304,308
"020841209","02","Caba","02084","Comuna 12",3,305,308
"020841301","02","Caba","02084","Comuna 12",6,545,551
"020841302","02","Caba","02084","Comuna 12",23,559,582
"020841303","02","Caba","02084","Comuna 12",7,281,288
"020841304","02","Caba","02084","Comuna 12",11,534,545
"020841305","02","Caba","02084","Comuna 12",5,360,365
"020841306","02","Caba","02084","Comuna 12",13,533,546
"020841307","02","Caba","02084","Comuna 12",7,425,432
"020841308","02","Caba","02084","Comuna 12",2,389,391
"020841309","02","Caba","02084","Comuna 12",7,598,605
"020841310","02","Caba","02084","Comuna 12",8,326,334
"020841311","02","Caba","02084","Comuna 12",4,367,371
"020841401","02","Caba","02084","Comuna 12",23,377,400
"020841402","02","Caba","02084","Comuna 12",4,447,451
"020841403","02","Caba","02084","Comuna 12",4,443,447
"020841404","02","Caba","02084","Comuna 12",11,517,528
"020841405","02","Caba","02084","Comuna 12",1,476,477
"020841406","02","Caba","02084","Comuna 12",5,449,454
"020841407","02","Caba","02084","Comuna 12",17,765,782
"020841408","02","Caba","02084","Comuna 12",2,484,486
"020841409","02","Caba","02084","Comuna 12",5,740,745
"020841410","02","Caba","02084","Comuna 12",3,457,460
"020841411","02","Caba","02084","Comuna 12",7,411,418
"020841412","02","Caba","02084","Comuna 12",1,255,256
"020841501","02","Caba","02084","Comuna 12",4,317,321
"020841502","02","Caba","02084","Comuna 12",5,343,348
"020841503","02","Caba","02084","Comuna 12",1,218,219
"020841504","02","Caba","02084","Comuna 12",8,465,473
"020841505","02","Caba","02084","Comuna 12",5,553,558
"020841506","02","Caba","02084","Comuna 12",5,418,423
"020841507","02","Caba","02084","Comuna 12",11,464,475
"020841508","02","Caba","02084","Comuna 12",13,518,531
"020841509","02","Caba","02084","Comuna 12",4,721,725
"020841510","02","Caba","02084","Comuna 12",2,550,552
"020841511","02","Caba","02084","Comuna 12",1,345,346
"020841512","02","Caba","02084","Comuna 12",4,336,340
"020841513","02","Caba","02084","Comuna 12",4,249,253
"020841514","02","Caba","02084","Comuna 12",1,349,350
"020841515","02","Caba","02084","Comuna 12",0,279,279
"020841516","02","Caba","02084","Comuna 12",2,438,440
"020841601","02","Caba","02084","Comuna 12",10,503,513
"020841602","02","Caba","02084","Comuna 12",10,482,492
"020841603","02","Caba","02084","Comuna 12",8,591,599
"020841604","02","Caba","02084","Comuna 12",3,275,278
"020841605","02","Caba","02084","Comuna 12",28,258,286
"020841606","02","Caba","02084","Comuna 12",4,449,453
"020841607","02","Caba","02084","Comuna 12",5,508,513
"020841608","02","Caba","02084","Comuna 12",4,558,562
"020841609","02","Caba","02084","Comuna 12",15,430,445
"020841610","02","Caba","02084","Comuna 12",4,558,562
"020841611","02","Caba","02084","Comuna 12",3,419,422
"020841612","02","Caba","02084","Comuna 12",8,392,400
"020841613","02","Caba","02084","Comuna 12",10,281,291
"020841614","02","Caba","02084","Comuna 12",3,173,176
"020841615","02","Caba","02084","Comuna 12",4,370,374
"020841616","02","Caba","02084","Comuna 12",3,344,347
"020841617","02","Caba","02084","Comuna 12",3,503,506
"020841618","02","Caba","02084","Comuna 12",3,326,329
"020841619","02","Caba","02084","Comuna 12",2,295,297
"020841620","02","Caba","02084","Comuna 12",2,325,327
"020841621","02","Caba","02084","Comuna 12",2,338,340
"020841701","02","Caba","02084","Comuna 12",5,448,453
"020841702","02","Caba","02084","Comuna 12",4,432,436
"020841703","02","Caba","02084","Comuna 12",3,446,449
"020841704","02","Caba","02084","Comuna 12",3,436,439
"020841705","02","Caba","02084","Comuna 12",2,624,626
"020841706","02","Caba","02084","Comuna 12",1,519,520
"020841707","02","Caba","02084","Comuna 12",6,542,548
"020841708","02","Caba","02084","Comuna 12",3,223,226
"020841709","02","Caba","02084","Comuna 12",2,345,347
"020841710","02","Caba","02084","Comuna 12",6,495,501
"020841801","02","Caba","02084","Comuna 12",12,323,335
"020841802","02","Caba","02084","Comuna 12",10,415,425
"020841803","02","Caba","02084","Comuna 12",15,436,451
"020841804","02","Caba","02084","Comuna 12",5,422,427
"020841805","02","Caba","02084","Comuna 12",17,411,428
"020841806","02","Caba","02084","Comuna 12",2,446,448
"020841807","02","Caba","02084","Comuna 12",4,402,406
"020841808","02","Caba","02084","Comuna 12",17,404,421
"020841809","02","Caba","02084","Comuna 12",4,380,384
"020841810","02","Caba","02084","Comuna 12",2,485,487
"020841811","02","Caba","02084","Comuna 12",3,284,287
"020841812","02","Caba","02084","Comuna 12",4,280,284
"020841813","02","Caba","02084","Comuna 12",3,385,388
"020841814","02","Caba","02084","Comuna 12",0,266,266
"020841815","02","Caba","02084","Comuna 12",2,217,219
"020841901","02","Caba","02084","Comuna 12",3,412,415
"020841902","02","Caba","02084","Comuna 12",1,249,250
"020841903","02","Caba","02084","Comuna 12",1,279,280
"020841904","02","Caba","02084","Comuna 12",11,350,361
"020841905","02","Caba","02084","Comuna 12",6,529,535
"020841906","02","Caba","02084","Comuna 12",2,435,437
"020841907","02","Caba","02084","Comuna 12",9,348,357
"020841908","02","Caba","02084","Comuna 12",39,363,402
"020841909","02","Caba","02084","Comuna 12",4,455,459
"020841910","02","Caba","02084","Comuna 12",5,369,374
"020841911","02","Caba","02084","Comuna 12",3,436,439
"020841912","02","Caba","02084","Comuna 12",4,395,399
"020841913","02","Caba","02084","Comuna 12",5,310,315
"020842001","02","Caba","02084","Comuna 12",3,349,352
"020842002","02","Caba","02084","Comuna 12",15,335,350
"020842003","02","Caba","02084","Comuna 12",5,325,330
"020842004","02","Caba","02084","Comuna 12",25,550,575
"020842005","02","Caba","02084","Comuna 12",2,450,452
"020842006","02","Caba","02084","Comuna 12",5,635,640
"020842007","02","Caba","02084","Comuna 12",23,498,521
"020842008","02","Caba","02084","Comuna 12",12,531,543
"020842009","02","Caba","02084","Comuna 12",5,409,414
"020842010","02","Caba","02084","Comuna 12",4,327,331
"020842101","02","Caba","02084","Comuna 12",7,289,296
"020842102","02","Caba","02084","Comuna 12",20,332,352
"020842103","02","Caba","02084","Comuna 12",4,320,324
"020842104","02","Caba","02084","Comuna 12",10,608,618
"020842105","02","Caba","02084","Comuna 12",5,366,371
"020842106","02","Caba","02084","Comuna 12",5,350,355
"020842107","02","Caba","02084","Comuna 12",3,467,470
"020842108","02","Caba","02084","Comuna 12",40,435,475
"020842109","02","Caba","02084","Comuna 12",6,329,335
"020842110","02","Caba","02084","Comuna 12",9,393,402
"020842111","02","Caba","02084","Comuna 12",10,386,396
"020842112","02","Caba","02084","Comuna 12",6,347,353
"020842113","02","Caba","02084","Comuna 12",30,363,393
"020842201","02","Caba","02084","Comuna 12",4,324,328
"020842202","02","Caba","02084","Comuna 12",8,418,426
"020842203","02","Caba","02084","Comuna 12",11,383,394
"020842204","02","Caba","02084","Comuna 12",6,338,344
"020842205","02","Caba","02084","Comuna 12",24,432,456
"020842206","02","Caba","02084","Comuna 12",11,453,464
"020842207","02","Caba","02084","Comuna 12",13,355,368
"020842208","02","Caba","02084","Comuna 12",20,416,436
"020842209","02","Caba","02084","Comuna 12",15,265,280
"020842210","02","Caba","02084","Comuna 12",15,455,470
"020842211","02","Caba","02084","Comuna 12",4,499,503
"020842212","02","Caba","02084","Comuna 12",11,286,297
"020842213","02","Caba","02084","Comuna 12",1,235,236
"020842214","02","Caba","02084","Comuna 12",4,221,225
"020842215","02","Caba","02084","Comuna 12",14,301,315
"020910101","02","Caba","02091","Comuna 13",1,599,600
"020910102","02","Caba","02091","Comuna 13",5,412,417
"020910103","02","Caba","02091","Comuna 13",3,426,429
"020910104","02","Caba","02091","Comuna 13",1,362,363
"020910105","02","Caba","02091","Comuna 13",2,668,670
"020910106","02","Caba","02091","Comuna 13",9,650,659
"020910107","02","Caba","02091","Comuna 13",3,304,307
"020910108","02","Caba","02091","Comuna 13",1,325,326
"020910109","02","Caba","02091","Comuna 13",0,301,301
"020910110","02","Caba","02091","Comuna 13",0,387,387
"020910111","02","Caba","02091","Comuna 13",7,307,314
"020910112","02","Caba","02091","Comuna 13",2,274,276
"020910113","02","Caba","02091","Comuna 13",2,277,279
"020910114","02","Caba","02091","Comuna 13",5,303,308
"020910115","02","Caba","02091","Comuna 13",3,226,229
"020910201","02","Caba","02091","Comuna 13",2,322,324
"020910202","02","Caba","02091","Comuna 13",2,440,442
"020910203","02","Caba","02091","Comuna 13",1,404,405
"020910204","02","Caba","02091","Comuna 13",4,349,353
"020910205","02","Caba","02091","Comuna 13",2,509,511
"020910206","02","Caba","02091","Comuna 13",0,484,484
"020910207","02","Caba","02091","Comuna 13",2,383,385
"020910208","02","Caba","02091","Comuna 13",2,356,358
"020910209","02","Caba","02091","Comuna 13",6,522,528
"020910210","02","Caba","02091","Comuna 13",3,633,636
"020910211","02","Caba","02091","Comuna 13",0,345,345
"020910212","02","Caba","02091","Comuna 13",15,379,394
"020910213","02","Caba","02091","Comuna 13",2,344,346
"020910301","02","Caba","02091","Comuna 13",4,552,556
"020910302","02","Caba","02091","Comuna 13",3,315,318
"020910303","02","Caba","02091","Comuna 13",2,441,443
"020910304","02","Caba","02091","Comuna 13",1,305,306
"020910305","02","Caba","02091","Comuna 13",3,503,506
"020910306","02","Caba","02091","Comuna 13",10,423,433
"020910307","02","Caba","02091","Comuna 13",14,406,420
"020910308","02","Caba","02091","Comuna 13",3,549,552
"020910309","02","Caba","02091","Comuna 13",9,466,475
"020910310","02","Caba","02091","Comuna 13",21,309,330
"020910311","02","Caba","02091","Comuna 13",0,281,281
"020910312","02","Caba","02091","Comuna 13",0,250,250
"020910313","02","Caba","02091","Comuna 13",1,292,293
"020910401","02","Caba","02091","Comuna 13",4,510,514
"020910402","02","Caba","02091","Comuna 13",5,475,480
"020910403","02","Caba","02091","Comuna 13",8,423,431
"020910404","02","Caba","02091","Comuna 13",34,530,564
"020910405","02","Caba","02091","Comuna 13",11,480,491
"020910406","02","Caba","02091","Comuna 13",6,524,530
"020910407","02","Caba","02091","Comuna 13",3,407,410
"020910408","02","Caba","02091","Comuna 13",4,397,401
"020910409","02","Caba","02091","Comuna 13",6,408,414
"020910410","02","Caba","02091","Comuna 13",2,327,329
"020910411","02","Caba","02091","Comuna 13",28,417,445
"020910412","02","Caba","02091","Comuna 13",2,117,119
"020910413","02","Caba","02091","Comuna 13",7,371,378
"020910414","02","Caba","02091","Comuna 13",5,373,378
"020910415","02","Caba","02091","Comuna 13",1,364,365
"020910416","02","Caba","02091","Comuna 13",1,315,316
"020910501","02","Caba","02091","Comuna 13",13,387,400
"020910502","02","Caba","02091","Comuna 13",4,596,600
"020910503","02","Caba","02091","Comuna 13",1,298,299
"020910504","02","Caba","02091","Comuna 13",3,523,526
"020910505","02","Caba","02091","Comuna 13",1,489,490
"020910506","02","Caba","02091","Comuna 13",7,506,513
"020910507","02","Caba","02091","Comuna 13",10,503,513
"020910508","02","Caba","02091","Comuna 13",2,732,734
"020910509","02","Caba","02091","Comuna 13",2,373,375
"020910510","02","Caba","02091","Comuna 13",2,344,346
"020910511","02","Caba","02091","Comuna 13",5,392,397
"020910512","02","Caba","02091","Comuna 13",1,237,238
"020910601","02","Caba","02091","Comuna 13",2,352,354
"020910602","02","Caba","02091","Comuna 13",6,510,516
"020910603","02","Caba","02091","Comuna 13",20,451,471
"020910604","02","Caba","02091","Comuna 13",18,542,560
"020910605","02","Caba","02091","Comuna 13",5,610,615
"020910606","02","Caba","02091","Comuna 13",5,492,497
"020910607","02","Caba","02091","Comuna 13",27,535,562
"020910608","02","Caba","02091","Comuna 13",21,356,377
"020910701","02","Caba","02091","Comuna 13",0,280,280
"020910702","02","Caba","02091","Comuna 13",3,254,257
"020910703","02","Caba","02091","Comuna 13",5,669,674
"020910704","02","Caba","02091","Comuna 13",4,459,463
"020910705","02","Caba","02091","Comuna 13",3,496,499
"020910706","02","Caba","02091","Comuna 13",2,441,443
"020910707","02","Caba","02091","Comuna 13",5,456,461
"020910708","02","Caba","02091","Comuna 13",5,408,413
"020910709","02","Caba","02091","Comuna 13",0,636,636
"020910801","02","Caba","02091","Comuna 13",5,390,395
"020910802","02","Caba","02091","Comuna 13",9,348,357
"020910803","02","Caba","02091","Comuna 13",5,353,358
"020910804","02","Caba","02091","Comuna 13",3,551,554
"020910805","02","Caba","02091","Comuna 13",7,712,719
"020910806","02","Caba","02091","Comuna 13",2,336,338
"020910807","02","Caba","02091","Comuna 13",0,348,348
"020910808","02","Caba","02091","Comuna 13",5,540,545
"020910809","02","Caba","02091","Comuna 13",3,477,480
"020910810","02","Caba","02091","Comuna 13",2,342,344
"020910811","02","Caba","02091","Comuna 13",1,322,323
"020910901","02","Caba","02091","Comuna 13",4,331,335
"020910902","02","Caba","02091","Comuna 13",7,469,476
"020910903","02","Caba","02091","Comuna 13",0,290,290
"020910904","02","Caba","02091","Comuna 13",2,398,400
"020910905","02","Caba","02091","Comuna 13",4,352,356
"020910906","02","Caba","02091","Comuna 13",2,400,402
"020910907","02","Caba","02091","Comuna 13",5,363,368
"020910908","02","Caba","02091","Comuna 13",2,411,413
"020910909","02","Caba","02091","Comuna 13",2,411,413
"020910910","02","Caba","02091","Comuna 13",26,343,369
"020910911","02","Caba","02091","Comuna 13",3,265,268
"020911001","02","Caba","02091","Comuna 13",4,494,498
"020911002","02","Caba","02091","Comuna 13",2,297,299
"020911003","02","Caba","02091","Comuna 13",5,261,266
"020911004","02","Caba","02091","Comuna 13",3,256,259
"020911005","02","Caba","02091","Comuna 13",9,425,434
"020911006","02","Caba","02091","Comuna 13",2,414,416
"020911007","02","Caba","02091","Comuna 13",4,386,390
"020911008","02","Caba","02091","Comuna 13",4,523,527
"020911009","02","Caba","02091","Comuna 13",2,372,374
"020911010","02","Caba","02091","Comuna 13",5,479,484
"020911011","02","Caba","02091","Comuna 13",2,341,343
"020911012","02","Caba","02091","Comuna 13",5,234,239
"020911013","02","Caba","02091","Comuna 13",0,289,289
"020911014","02","Caba","02091","Comuna 13",11,460,471
"020911015","02","Caba","02091","Comuna 13",5,285,290
"020911101","02","Caba","02091","Comuna 13",5,173,178
"020911102","02","Caba","02091","Comuna 13",2,328,330
"020911103","02","Caba","02091","Comuna 13",4,245,249
"020911104","02","Caba","02091","Comuna 13",5,253,258
"020911105","02","Caba","02091","Comuna 13",0,223,223
"020911106","02","Caba","02091","Comuna 13",5,438,443
"020911107","02","Caba","02091","Comuna 13",13,388,401
"020911201","02","Caba","02091","Comuna 13",5,356,361
"020911202","02","Caba","02091","Comuna 13",2,324,326
"020911203","02","Caba","02091","Comuna 13",4,247,251
"020911204","02","Caba","02091","Comuna 13",10,390,400
"020911205","02","Caba","02091","Comuna 13",0,570,570
"020911206","02","Caba","02091","Comuna 13",4,276,280
"020911207","02","Caba","02091","Comuna 13",5,400,405
"020911208","02","Caba","02091","Comuna 13",2,320,322
"020911209","02","Caba","02091","Comuna 13",9,510,519
"020911210","02","Caba","02091","Comuna 13",1,317,318
"020911301","02","Caba","02091","Comuna 13",4,395,399
"020911302","02","Caba","02091","Comuna 13",17,168,185
"020911303","02","Caba","02091","Comuna 13",2,397,399
"020911304","02","Caba","02091","Comuna 13",3,471,474
"020911305","02","Caba","02091","Comuna 13",6,453,459
"020911306","02","Caba","02091","Comuna 13",1,187,188
"020911307","02","Caba","02091","Comuna 13",6,460,466
"020911308","02","Caba","02091","Comuna 13",0,292,292
"020911309","02","Caba","02091","Comuna 13",3,287,290
"020911310","02","Caba","02091","Comuna 13",0,392,392
"020911311","02","Caba","02091","Comuna 13",1,237,238
"020911312","02","Caba","02091","Comuna 13",0,313,313
"020911313","02","Caba","02091","Comuna 13",4,262,266
"020911314","02","Caba","02091","Comuna 13",4,452,456
"020911315","02","Caba","02091","Comuna 13",1,322,323
"020911401","02","Caba","02091","Comuna 13",7,374,381
"020911402","02","Caba","02091","Comuna 13",1,169,170
"020911403","02","Caba","02091","Comuna 13",5,396,401
"020911404","02","Caba","02091","Comuna 13",1,313,314
"020911405","02","Caba","02091","Comuna 13",5,258,263
"020911406","02","Caba","02091","Comuna 13",3,423,426
"020911407","02","Caba","02091","Comuna 13",2,187,189
"020911408","02","Caba","02091","Comuna 13",3,315,318
"020911409","02","Caba","02091","Comuna 13",2,307,309
"020911410","02","Caba","02091","Comuna 13",5,330,335
"020911411","02","Caba","02091","Comuna 13",5,300,305
"020911501","02","Caba","02091","Comuna 13",2,380,382
"020911502","02","Caba","02091","Comuna 13",7,414,421
"020911503","02","Caba","02091","Comuna 13",8,372,380
"020911504","02","Caba","02091","Comuna 13",9,246,255
"020911505","02","Caba","02091","Comuna 13",1,541,542
"020911506","02","Caba","02091","Comuna 13",4,314,318
"020911507","02","Caba","02091","Comuna 13",14,410,424
"020911508","02","Caba","02091","Comuna 13",5,400,405
"020911509","02","Caba","02091","Comuna 13",0,496,496
"020911510","02","Caba","02091","Comuna 13",8,435,443
"020911511","02","Caba","02091","Comuna 13",11,436,447
"020911512","02","Caba","02091","Comuna 13",25,306,331
"020911601","02","Caba","02091","Comuna 13",8,576,584
"020911602","02","Caba","02091","Comuna 13",7,471,478
"020911603","02","Caba","02091","Comuna 13",3,380,383
"020911604","02","Caba","02091","Comuna 13",4,452,456
"020911605","02","Caba","02091","Comuna 13",10,280,290
"020911606","02","Caba","02091","Comuna 13",3,325,328
"020911607","02","Caba","02091","Comuna 13",6,486,492
"020911608","02","Caba","02091","Comuna 13",2,366,368
"020911609","02","Caba","02091","Comuna 13",17,392,409
"020911610","02","Caba","02091","Comuna 13",5,445,450
"020911611","02","Caba","02091","Comuna 13",4,450,454
"020911612","02","Caba","02091","Comuna 13",2,420,422
"020911613","02","Caba","02091","Comuna 13",1,245,246
"020911701","02","Caba","02091","Comuna 13",7,437,444
"020911702","02","Caba","02091","Comuna 13",1,293,294
"020911703","02","Caba","02091","Comuna 13",13,600,613
"020911704","02","Caba","02091","Comuna 13",1,285,286
"020911705","02","Caba","02091","Comuna 13",7,518,525
"020911706","02","Caba","02091","Comuna 13",5,398,403
"020911707","02","Caba","02091","Comuna 13",5,470,475
"020911708","02","Caba","02091","Comuna 13",4,330,334
"020911709","02","Caba","02091","Comuna 13",7,545,552
"020911710","02","Caba","02091","Comuna 13",0,483,483
"020911711","02","Caba","02091","Comuna 13",1,331,332
"020911712","02","Caba","02091","Comuna 13",2,318,320
"020911713","02","Caba","02091","Comuna 13",7,501,508
"020911801","02","Caba","02091","Comuna 13",4,476,480
"020911802","02","Caba","02091","Comuna 13",11,388,399
"020911803","02","Caba","02091","Comuna 13",13,437,450
"020911804","02","Caba","02091","Comuna 13",17,314,331
"020911805","02","Caba","02091","Comuna 13",7,308,315
"020911806","02","Caba","02091","Comuna 13",5,288,293
"020911807","02","Caba","02091","Comuna 13",7,390,397
"020911808","02","Caba","02091","Comuna 13",2,313,315
"020911809","02","Caba","02091","Comuna 13",0,191,191
"020911810","02","Caba","02091","Comuna 13",16,293,309
"020911901","02","Caba","02091","Comuna 13",0,373,373
"020911902","02","Caba","02091","Comuna 13",5,442,447
"020911903","02","Caba","02091","Comuna 13",3,351,354
"020911904","02","Caba","02091","Comuna 13",3,329,332
"020911905","02","Caba","02091","Comuna 13",4,394,398
"020911906","02","Caba","02091","Comuna 13",2,222,224
"020911907","02","Caba","02091","Comuna 13",36,226,262
"020911908","02","Caba","02091","Comuna 13",4,316,320
"020911909","02","Caba","02091","Comuna 13",3,360,363
"020911910","02","Caba","02091","Comuna 13",1,490,491
"020911911","02","Caba","02091","Comuna 13",3,182,185
"020911912","02","Caba","02091","Comuna 13",2,289,291
"020912001","02","Caba","02091","Comuna 13",5,336,341
"020912002","02","Caba","02091","Comuna 13",27,414,441
"020912003","02","Caba","02091","Comuna 13",4,250,254
"020912004","02","Caba","02091","Comuna 13",4,354,358
"020912005","02","Caba","02091","Comuna 13",2,356,358
"020912006","02","Caba","02091","Comuna 13",17,524,541
"020912007","02","Caba","02091","Comuna 13",3,409,412
"020912008","02","Caba","02091","Comuna 13",1,511,512
"020912009","02","Caba","02091","Comuna 13",2,358,360
"020912010","02","Caba","02091","Comuna 13",2,313,315
"020912011","02","Caba","02091","Comuna 13",10,295,305
"020912012","02","Caba","02091","Comuna 13",7,372,379
"020912101","02","Caba","02091","Comuna 13",2,294,296
"020912102","02","Caba","02091","Comuna 13",2,181,183
"020912103","02","Caba","02091","Comuna 13",4,274,278
"020912104","02","Caba","02091","Comuna 13",6,314,320
"020912105","02","Caba","02091","Comuna 13",4,336,340
"020912106","02","Caba","02091","Comuna 13",28,330,358
"020912107","02","Caba","02091","Comuna 13",21,502,523
"020912108","02","Caba","02091","Comuna 13",1,385,386
"020912109","02","Caba","02091","Comuna 13",10,556,566
"020912110","02","Caba","02091","Comuna 13",2,365,367
"020912201","02","Caba","02091","Comuna 13",3,489,492
"020912202","02","Caba","02091","Comuna 13",4,261,265
"020912203","02","Caba","02091","Comuna 13",1,276,277
"020912204","02","Caba","02091","Comuna 13",1,358,359
"020912205","02","Caba","02091","Comuna 13",8,438,446
"020912206","02","Caba","02091","Comuna 13",3,436,439
"020912207","02","Caba","02091","Comuna 13",1,514,515
"020912208","02","Caba","02091","Comuna 13",13,480,493
"020912209","02","Caba","02091","Comuna 13",24,320,344
"020912301","02","Caba","02091","Comuna 13",5,433,438
"020912302","02","Caba","02091","Comuna 13",3,326,329
"020912303","02","Caba","02091","Comuna 13",4,645,649
"020912304","02","Caba","02091","Comuna 13",3,327,330
"020912305","02","Caba","02091","Comuna 13",4,288,292
"020912306","02","Caba","02091","Comuna 13",8,437,445
"020912307","02","Caba","02091","Comuna 13",2,301,303
"020912308","02","Caba","02091","Comuna 13",12,578,590
"020912309","02","Caba","02091","Comuna 13",14,526,540
"020912310","02","Caba","02091","Comuna 13",2,255,257
"020912311","02","Caba","02091","Comuna 13",4,488,492
"020912312","02","Caba","02091","Comuna 13",3,221,224
"020912401","02","Caba","02091","Comuna 13",3,244,247
"020912402","02","Caba","02091","Comuna 13",1,306,307
"020912403","02","Caba","02091","Comuna 13",25,323,348
"020912404","02","Caba","02091","Comuna 13",3,437,440
"020912405","02","Caba","02091","Comuna 13",1,307,308
"020912406","02","Caba","02091","Comuna 13",6,424,430
"020912407","02","Caba","02091","Comuna 13",27,346,373
"020912408","02","Caba","02091","Comuna 13",4,408,412
"020912409","02","Caba","02091","Comuna 13",10,421,431
"020912410","02","Caba","02091","Comuna 13",0,325,325
"020912501","02","Caba","02091","Comuna 13",7,263,270
"020912502","02","Caba","02091","Comuna 13",8,295,303
"020912503","02","Caba","02091","Comuna 13",7,403,410
"020912504","02","Caba","02091","Comuna 13",8,340,348
"020912505","02","Caba","02091","Comuna 13",2,245,247
"020912506","02","Caba","02091","Comuna 13",1,319,320
"020912507","02","Caba","02091","Comuna 13",7,655,662
"020912508","02","Caba","02091","Comuna 13",16,517,533
"020912601","02","Caba","02091","Comuna 13",42,398,440
"020912602","02","Caba","02091","Comuna 13",19,388,407
"020912603","02","Caba","02091","Comuna 13",8,305,313
"020912604","02","Caba","02091","Comuna 13",28,397,425
"020912605","02","Caba","02091","Comuna 13",4,312,316
"020912606","02","Caba","02091","Comuna 13",3,243,246
"020912607","02","Caba","02091","Comuna 13",1,277,278
"020912608","02","Caba","02091","Comuna 13",8,228,236
"020912609","02","Caba","02091","Comuna 13",22,267,289
"020912610","02","Caba","02091","Comuna 13",3,469,472
"020912611","02","Caba","02091","Comuna 13",1,327,328
"020912701","02","Caba","02091","Comuna 13",0,225,225
"020912702","02","Caba","02091","Comuna 13",3,434,437
"020912703","02","Caba","02091","Comuna 13",1,510,511
"020912704","02","Caba","02091","Comuna 13",12,347,359
"020912705","02","Caba","02091","Comuna 13",3,335,338
"020912706","02","Caba","02091","Comuna 13",26,515,541
"020912707","02","Caba","02091","Comuna 13",5,191,196
"020912708","02","Caba","02091","Comuna 13",2,355,357
"020912709","02","Caba","02091","Comuna 13",2,473,475
"020912710","02","Caba","02091","Comuna 13",1,259,260
"020912711","02","Caba","02091","Comuna 13",6,309,315
"020912801","02","Caba","02091","Comuna 13",44,270,314
"020912802","02","Caba","02091","Comuna 13",2,232,234
"020912803","02","Caba","02091","Comuna 13",5,316,321
"020912804","02","Caba","02091","Comuna 13",23,211,234
"020912805","02","Caba","02091","Comuna 13",3,334,337
"020912806","02","Caba","02091","Comuna 13",0,429,429
"020912807","02","Caba","02091","Comuna 13",15,380,395
"020912808","02","Caba","02091","Comuna 13",8,548,556
"020912809","02","Caba","02091","Comuna 13",2,452,454
"020912810","02","Caba","02091","Comuna 13",0,325,325
"020912901","02","Caba","02091","Comuna 13",24,228,252
"020912902","02","Caba","02091","Comuna 13",17,312,329
"020912903","02","Caba","02091","Comuna 13",7,288,295
"020912904","02","Caba","02091","Comuna 13",8,366,374
"020912905","02","Caba","02091","Comuna 13",12,285,297
"020912906","02","Caba","02091","Comuna 13",1,371,372
"020912907","02","Caba","02091","Comuna 13",5,433,438
"020912908","02","Caba","02091","Comuna 13",5,508,513
"020912909","02","Caba","02091","Comuna 13",1,294,295
"020912910","02","Caba","02091","Comuna 13",0,199,199
"020912911","02","Caba","02091","Comuna 13",10,357,367
"020980101","02","Caba","02098","Comuna 14",28,181,209
"020980102","02","Caba","02098","Comuna 14",0,181,181
"020980103","02","Caba","02098","Comuna 14",4,387,391
"020980104","02","Caba","02098","Comuna 14",56,301,357
"020980105","02","Caba","02098","Comuna 14",19,489,508
"020980106","02","Caba","02098","Comuna 14",3,415,418
"020980107","02","Caba","02098","Comuna 14",16,347,363
"020980108","02","Caba","02098","Comuna 14",4,287,291
"020980109","02","Caba","02098","Comuna 14",3,332,335
"020980110","02","Caba","02098","Comuna 14",22,460,482
"020980201","02","Caba","02098","Comuna 14",11,465,476
"020980202","02","Caba","02098","Comuna 14",17,306,323
"020980203","02","Caba","02098","Comuna 14",11,493,504
"020980204","02","Caba","02098","Comuna 14",20,325,345
"020980205","02","Caba","02098","Comuna 14",28,371,399
"020980206","02","Caba","02098","Comuna 14",2,302,304
"020980207","02","Caba","02098","Comuna 14",10,308,318
"020980208","02","Caba","02098","Comuna 14",6,378,384
"020980209","02","Caba","02098","Comuna 14",7,435,442
"020980210","02","Caba","02098","Comuna 14",11,535,546
"020980301","02","Caba","02098","Comuna 14",17,735,752
"020980302","02","Caba","02098","Comuna 14",0,294,294
"020980303","02","Caba","02098","Comuna 14",24,337,361
"020980304","02","Caba","02098","Comuna 14",5,368,373
"020980305","02","Caba","02098","Comuna 14",17,472,489
"020980306","02","Caba","02098","Comuna 14",5,278,283
"020980307","02","Caba","02098","Comuna 14",8,308,316
"020980308","02","Caba","02098","Comuna 14",7,516,523
"020980309","02","Caba","02098","Comuna 14",1,496,497
"020980310","02","Caba","02098","Comuna 14",2,420,422
"020980311","02","Caba","02098","Comuna 14",4,398,402
"020980312","02","Caba","02098","Comuna 14",1,330,331
"020980401","02","Caba","02098","Comuna 14",0,318,318
"020980402","02","Caba","02098","Comuna 14",2,212,214
"020980403","02","Caba","02098","Comuna 14",6,261,267
"020980404","02","Caba","02098","Comuna 14",2,337,339
"020980405","02","Caba","02098","Comuna 14",1,317,318
"020980406","02","Caba","02098","Comuna 14",10,521,531
"020980407","02","Caba","02098","Comuna 14",9,493,502
"020980408","02","Caba","02098","Comuna 14",14,605,619
"020980409","02","Caba","02098","Comuna 14",9,483,492
"020980410","02","Caba","02098","Comuna 14",9,965,974
"020980501","02","Caba","02098","Comuna 14",1,270,271
"020980502","02","Caba","02098","Comuna 14",0,345,345
"020980503","02","Caba","02098","Comuna 14",9,498,507
"020980504","02","Caba","02098","Comuna 14",4,272,276
"020980505","02","Caba","02098","Comuna 14",8,496,504
"020980506","02","Caba","02098","Comuna 14",1,344,345
"020980507","02","Caba","02098","Comuna 14",18,341,359
"020980508","02","Caba","02098","Comuna 14",9,348,357
"020980509","02","Caba","02098","Comuna 14",1,561,562
"020980510","02","Caba","02098","Comuna 14",12,562,574
"020980601","02","Caba","02098","Comuna 14",8,241,249
"020980602","02","Caba","02098","Comuna 14",5,310,315
"020980603","02","Caba","02098","Comuna 14",58,550,608
"020980604","02","Caba","02098","Comuna 14",4,551,555
"020980605","02","Caba","02098","Comuna 14",3,417,420
"020980606","02","Caba","02098","Comuna 14",39,563,602
"020980607","02","Caba","02098","Comuna 14",3,412,415
"020980608","02","Caba","02098","Comuna 14",16,292,308
"020980609","02","Caba","02098","Comuna 14",18,385,403
"020980610","02","Caba","02098","Comuna 14",2,301,303
"020980611","02","Caba","02098","Comuna 14",5,239,244
"020980612","02","Caba","02098","Comuna 14",5,309,314
"020980613","02","Caba","02098","Comuna 14",23,334,357
"020980701","02","Caba","02098","Comuna 14",14,293,307
"020980702","02","Caba","02098","Comuna 14",4,302,306
"020980703","02","Caba","02098","Comuna 14",5,463,468
"020980704","02","Caba","02098","Comuna 14",13,484,497
"020980705","02","Caba","02098","Comuna 14",19,345,364
"020980706","02","Caba","02098","Comuna 14",40,309,349
"020980707","02","Caba","02098","Comuna 14",20,344,364
"020980708","02","Caba","02098","Comuna 14",8,323,331
"020980709","02","Caba","02098","Comuna 14",16,306,322
"020980710","02","Caba","02098","Comuna 14",3,252,255
"020980711","02","Caba","02098","Comuna 14",8,283,291
"020980712","02","Caba","02098","Comuna 14",7,263,270
"020980713","02","Caba","02098","Comuna 14",3,249,252
"020980714","02","Caba","02098","Comuna 14",4,164,168
"020980715","02","Caba","02098","Comuna 14",14,206,220
"020980716","02","Caba","02098","Comuna 14",4,191,195
"020980801","02","Caba","02098","Comuna 14",3,163,166
"020980802","02","Caba","02098","Comuna 14",2,300,302
"020980803","02","Caba","02098","Comuna 14",6,207,213
"020980804","02","Caba","02098","Comuna 14",37,304,341
"020980805","02","Caba","02098","Comuna 14",4,660,664
"020980806","02","Caba","02098","Comuna 14",38,580,618
"020980807","02","Caba","02098","Comuna 14",5,337,342
"020980808","02","Caba","02098","Comuna 14",1,463,464
"020980809","02","Caba","02098","Comuna 14",10,376,386
"020980810","02","Caba","02098","Comuna 14",1,214,215
"020980811","02","Caba","02098","Comuna 14",2,270,272
"020980812","02","Caba","02098","Comuna 14",3,205,208
"020980813","02","Caba","02098","Comuna 14",5,231,236
"020980814","02","Caba","02098","Comuna 14",2,227,229
"020980815","02","Caba","02098","Comuna 14",0,276,276
"020980901","02","Caba","02098","Comuna 14",37,440,477
"020980902","02","Caba","02098","Comuna 14",13,290,303
"020980903","02","Caba","02098","Comuna 14",11,293,304
"020980904","02","Caba","02098","Comuna 14",20,626,646
"020980905","02","Caba","02098","Comuna 14",3,234,237
"020980906","02","Caba","02098","Comuna 14",6,380,386
"020980907","02","Caba","02098","Comuna 14",0,312,312
"020980908","02","Caba","02098","Comuna 14",7,407,414
"020980909","02","Caba","02098","Comuna 14",10,506,516
"020980910","02","Caba","02098","Comuna 14",6,464,470
"020980911","02","Caba","02098","Comuna 14",3,360,363
"020980912","02","Caba","02098","Comuna 14",30,489,519
"020980913","02","Caba","02098","Comuna 14",14,428,442
"020980914","02","Caba","02098","Comuna 14",2,336,338
"020980915","02","Caba","02098","Comuna 14",2,388,390
"020980916","02","Caba","02098","Comuna 14",14,165,179
"020981001","02","Caba","02098","Comuna 14",5,60,65
"020981002","02","Caba","02098","Comuna 14",2,19,21
"020981101","02","Caba","02098","Comuna 14",6,602,608
"020981102","02","Caba","02098","Comuna 14",0,180,180
"020981103","02","Caba","02098","Comuna 14",7,421,428
"020981104","02","Caba","02098","Comuna 14",6,353,359
"020981105","02","Caba","02098","Comuna 14",8,473,481
"020981106","02","Caba","02098","Comuna 14",2,395,397
"020981107","02","Caba","02098","Comuna 14",13,357,370
"020981108","02","Caba","02098","Comuna 14",4,631,635
"020981109","02","Caba","02098","Comuna 14",19,506,525
"020981110","02","Caba","02098","Comuna 14",2,277,279
"020981111","02","Caba","02098","Comuna 14",4,360,364
"020981112","02","Caba","02098","Comuna 14",7,498,505
"020981113","02","Caba","02098","Comuna 14",0,155,155
"020981114","02","Caba","02098","Comuna 14",2,256,258
"020981115","02","Caba","02098","Comuna 14",1,296,297
"020981116","02","Caba","02098","Comuna 14",1,230,231
"020981117","02","Caba","02098","Comuna 14",3,240,243
"020981201","02","Caba","02098","Comuna 14",40,316,356
"020981202","02","Caba","02098","Comuna 14",20,414,434
"020981203","02","Caba","02098","Comuna 14",6,432,438
"020981204","02","Caba","02098","Comuna 14",34,495,529
"020981205","02","Caba","02098","Comuna 14",8,505,513
"020981206","02","Caba","02098","Comuna 14",12,352,364
"020981207","02","Caba","02098","Comuna 14",0,206,206
"020981208","02","Caba","02098","Comuna 14",7,244,251
"020981209","02","Caba","02098","Comuna 14",6,292,298
"020981210","02","Caba","02098","Comuna 14",5,481,486
"020981211","02","Caba","02098","Comuna 14",25,298,323
"020981212","02","Caba","02098","Comuna 14",0,178,178
"020981301","02","Caba","02098","Comuna 14",10,325,335
"020981302","02","Caba","02098","Comuna 14",27,386,413
"020981303","02","Caba","02098","Comuna 14",45,564,609
"020981304","02","Caba","02098","Comuna 14",26,263,289
"020981305","02","Caba","02098","Comuna 14",6,344,350
"020981306","02","Caba","02098","Comuna 14",5,303,308
"020981307","02","Caba","02098","Comuna 14",6,78,84
"020981308","02","Caba","02098","Comuna 14",17,251,268
"020981309","02","Caba","02098","Comuna 14",15,317,332
"020981310","02","Caba","02098","Comuna 14",9,310,319
"020981311","02","Caba","02098","Comuna 14",31,255,286
"020981312","02","Caba","02098","Comuna 14",1,278,279
"020981401","02","Caba","02098","Comuna 14",10,448,458
"020981402","02","Caba","02098","Comuna 14",3,390,393
"020981403","02","Caba","02098","Comuna 14",2,583,585
"020981404","02","Caba","02098","Comuna 14",3,217,220
"020981405","02","Caba","02098","Comuna 14",23,222,245
"020981406","02","Caba","02098","Comuna 14",1,210,211
"020981407","02","Caba","02098","Comuna 14",1,135,136
"020981408","02","Caba","02098","Comuna 14",3,524,527
"020981409","02","Caba","02098","Comuna 14",7,488,495
"020981410","02","Caba","02098","Comuna 14",8,370,378
"020981411","02","Caba","02098","Comuna 14",2,483,485
"020981501","02","Caba","02098","Comuna 14",13,448,461
"020981502","02","Caba","02098","Comuna 14",5,576,581
"020981503","02","Caba","02098","Comuna 14",4,441,445
"020981504","02","Caba","02098","Comuna 14",9,478,487
"020981505","02","Caba","02098","Comuna 14",4,520,524
"020981506","02","Caba","02098","Comuna 14",33,516,549
"020981507","02","Caba","02098","Comuna 14",3,408,411
"020981508","02","Caba","02098","Comuna 14",2,829,831
"020981601","02","Caba","02098","Comuna 14",10,613,623
"020981602","02","Caba","02098","Comuna 14",9,402,411
"020981603","02","Caba","02098","Comuna 14",25,592,617
"020981604","02","Caba","02098","Comuna 14",16,615,631
"020981605","02","Caba","02098","Comuna 14",7,390,397
"020981606","02","Caba","02098","Comuna 14",2,152,154
"020981607","02","Caba","02098","Comuna 14",0,198,198
"020981701","02","Caba","02098","Comuna 14",5,448,453
"020981702","02","Caba","02098","Comuna 14",0,423,423
"020981703","02","Caba","02098","Comuna 14",1,449,450
"020981704","02","Caba","02098","Comuna 14",1,256,257
"020981705","02","Caba","02098","Comuna 14",3,416,419
"020981706","02","Caba","02098","Comuna 14",3,442,445
"020981707","02","Caba","02098","Comuna 14",5,337,342
"020981708","02","Caba","02098","Comuna 14",2,764,766
"020981801","02","Caba","02098","Comuna 14",2,399,401
"020981802","02","Caba","02098","Comuna 14",4,346,350
"020981803","02","Caba","02098","Comuna 14",8,483,491
"020981804","02","Caba","02098","Comuna 14",4,433,437
"020981805","02","Caba","02098","Comuna 14",10,606,616
"020981806","02","Caba","02098","Comuna 14",2,387,389
"020981807","02","Caba","02098","Comuna 14",4,317,321
"020981808","02","Caba","02098","Comuna 14",3,484,487
"020981901","02","Caba","02098","Comuna 14",2,308,310
"020981902","02","Caba","02098","Comuna 14",3,558,561
"020981903","02","Caba","02098","Comuna 14",8,710,718
"020981904","02","Caba","02098","Comuna 14",2,754,756
"020981905","02","Caba","02098","Comuna 14",2,612,614
"020982001","02","Caba","02098","Comuna 14",6,673,679
"020982002","02","Caba","02098","Comuna 14",4,919,923
"020982003","02","Caba","02098","Comuna 14",5,541,546
"020982004","02","Caba","02098","Comuna 14",6,405,411
"020982005","02","Caba","02098","Comuna 14",19,401,420
"020982006","02","Caba","02098","Comuna 14",11,380,391
"020982007","02","Caba","02098","Comuna 14",15,237,252
"020982101","02","Caba","02098","Comuna 14",6,488,494
"020982102","02","Caba","02098","Comuna 14",8,232,240
"020982103","02","Caba","02098","Comuna 14",2,180,182
"020982104","02","Caba","02098","Comuna 14",9,336,345
"020982105","02","Caba","02098","Comuna 14",0,162,162
"020982106","02","Caba","02098","Comuna 14",3,443,446
"020982107","02","Caba","02098","Comuna 14",10,341,351
"020982108","02","Caba","02098","Comuna 14",0,440,440
"020982109","02","Caba","02098","Comuna 14",55,335,390
"020982110","02","Caba","02098","Comuna 14",13,376,389
"020982111","02","Caba","02098","Comuna 14",25,460,485
"020982201","02","Caba","02098","Comuna 14",10,407,417
"020982202","02","Caba","02098","Comuna 14",47,470,517
"020982203","02","Caba","02098","Comuna 14",4,293,297
"020982204","02","Caba","02098","Comuna 14",5,314,319
"020982205","02","Caba","02098","Comuna 14",37,447,484
"020982206","02","Caba","02098","Comuna 14",3,388,391
"020982207","02","Caba","02098","Comuna 14",2,366,368
"020982208","02","Caba","02098","Comuna 14",5,416,421
"020982209","02","Caba","02098","Comuna 14",2,250,252
"020982210","02","Caba","02098","Comuna 14",0,217,217
"020982211","02","Caba","02098","Comuna 14",10,408,418
"020982212","02","Caba","02098","Comuna 14",9,410,419
"020982301","02","Caba","02098","Comuna 14",11,483,494
"020982302","02","Caba","02098","Comuna 14",6,338,344
"020982303","02","Caba","02098","Comuna 14",7,354,361
"020982304","02","Caba","02098","Comuna 14",4,524,528
"020982305","02","Caba","02098","Comuna 14",10,732,742
"020982306","02","Caba","02098","Comuna 14",7,217,224
"020982307","02","Caba","02098","Comuna 14",39,337,376
"020982308","02","Caba","02098","Comuna 14",39,343,382
"020982309","02","Caba","02098","Comuna 14",11,319,330
"020982310","02","Caba","02098","Comuna 14",2,382,384
"020982311","02","Caba","02098","Comuna 14",18,628,646
"020982312","02","Caba","02098","Comuna 14",20,417,437
"020982313","02","Caba","02098","Comuna 14",8,525,533
"020982314","02","Caba","02098","Comuna 14",5,284,289
"020982401","02","Caba","02098","Comuna 14",6,365,371
"020982402","02","Caba","02098","Comuna 14",3,282,285
"020982403","02","Caba","02098","Comuna 14",1,362,363
"020982404","02","Caba","02098","Comuna 14",8,316,324
"020982405","02","Caba","02098","Comuna 14",3,555,558
"020982406","02","Caba","02098","Comuna 14",25,382,407
"020982407","02","Caba","02098","Comuna 14",4,380,384
"020982408","02","Caba","02098","Comuna 14",4,387,391
"020982409","02","Caba","02098","Comuna 14",2,408,410
"020982501","02","Caba","02098","Comuna 14",16,501,517
"020982502","02","Caba","02098","Comuna 14",13,337,350
"020982503","02","Caba","02098","Comuna 14",8,399,407
"020982504","02","Caba","02098","Comuna 14",15,338,353
"020982505","02","Caba","02098","Comuna 14",10,389,399
"020982506","02","Caba","02098","Comuna 14",39,388,427
"020982507","02","Caba","02098","Comuna 14",30,461,491
"020982508","02","Caba","02098","Comuna 14",5,552,557
"020982509","02","Caba","02098","Comuna 14",14,448,462
"020982601","02","Caba","02098","Comuna 14",6,576,582
"020982602","02","Caba","02098","Comuna 14",1,359,360
"020982603","02","Caba","02098","Comuna 14",2,194,196
"020982604","02","Caba","02098","Comuna 14",10,847,857
"020982605","02","Caba","02098","Comuna 14",2,444,446
"020982606","02","Caba","02098","Comuna 14",8,377,385
"020982607","02","Caba","02098","Comuna 14",5,540,545
"020982701","02","Caba","02098","Comuna 14",6,732,738
"020982702","02","Caba","02098","Comuna 14",6,601,607
"020982703","02","Caba","02098","Comuna 14",7,319,326
"020982704","02","Caba","02098","Comuna 14",5,616,621
"020982705","02","Caba","02098","Comuna 14",5,625,630
"020982706","02","Caba","02098","Comuna 14",2,311,313
"020982707","02","Caba","02098","Comuna 14",0,173,173
"020982801","02","Caba","02098","Comuna 14",2,344,346
"020982802","02","Caba","02098","Comuna 14",0,291,291
"020982803","02","Caba","02098","Comuna 14",8,308,316
"020982804","02","Caba","02098","Comuna 14",4,363,367
"020982805","02","Caba","02098","Comuna 14",2,269,271
"020982806","02","Caba","02098","Comuna 14",3,566,569
"020982807","02","Caba","02098","Comuna 14",1,440,441
"020982808","02","Caba","02098","Comuna 14",8,337,345
"020982809","02","Caba","02098","Comuna 14",2,341,343
"020982810","02","Caba","02098","Comuna 14",2,479,481
"020982811","02","Caba","02098","Comuna 14",2,630,632
"020982812","02","Caba","02098","Comuna 14",2,339,341
"020982901","02","Caba","02098","Comuna 14",2,366,368
"020982902","02","Caba","02098","Comuna 14",4,321,325
"020982903","02","Caba","02098","Comuna 14",7,366,373
"020982904","02","Caba","02098","Comuna 14",18,420,438
"020982905","02","Caba","02098","Comuna 14",5,377,382
"020982906","02","Caba","02098","Comuna 14",10,554,564
"020982907","02","Caba","02098","Comuna 14",13,393,406
"020982908","02","Caba","02098","Comuna 14",4,328,332
"020982909","02","Caba","02098","Comuna 14",1,485,486
"020982910","02","Caba","02098","Comuna 14",2,459,461
"020982911","02","Caba","02098","Comuna 14",5,367,372
"020983001","02","Caba","02098","Comuna 14",3,358,361
"020983002","02","Caba","02098","Comuna 14",3,471,474
"020983003","02","Caba","02098","Comuna 14",3,428,431
"020983004","02","Caba","02098","Comuna 14",1,396,397
"020983005","02","Caba","02098","Comuna 14",3,400,403
"020983006","02","Caba","02098","Comuna 14",2,237,239
"020983007","02","Caba","02098","Comuna 14",11,262,273
"020983008","02","Caba","02098","Comuna 14",11,738,749
"020983009","02","Caba","02098","Comuna 14",12,501,513
"020983101","02","Caba","02098","Comuna 14",0,280,280
"020983102","02","Caba","02098","Comuna 14",4,316,320
"020983103","02","Caba","02098","Comuna 14",4,341,345
"020983104","02","Caba","02098","Comuna 14",1,292,293
"020983105","02","Caba","02098","Comuna 14",0,287,287
"020983106","02","Caba","02098","Comuna 14",2,475,477
"020983107","02","Caba","02098","Comuna 14",2,333,335
"020983108","02","Caba","02098","Comuna 14",3,260,263
"020983109","02","Caba","02098","Comuna 14",4,233,237
"020983110","02","Caba","02098","Comuna 14",3,221,224
"020983111","02","Caba","02098","Comuna 14",3,236,239
"020983112","02","Caba","02098","Comuna 14",10,281,291
"021050101","02","Caba","02105","Comuna 15",19,490,509
"021050102","02","Caba","02105","Comuna 15",13,393,406
"021050103","02","Caba","02105","Comuna 15",13,299,312
"021050104","02","Caba","02105","Comuna 15",3,255,258
"021050105","02","Caba","02105","Comuna 15",6,315,321
"021050106","02","Caba","02105","Comuna 15",9,261,270
"021050107","02","Caba","02105","Comuna 15",8,310,318
"021050108","02","Caba","02105","Comuna 15",5,305,310
"021050109","02","Caba","02105","Comuna 15",6,350,356
"021050110","02","Caba","02105","Comuna 15",11,374,385
"021050111","02","Caba","02105","Comuna 15",1,253,254
"021050112","02","Caba","02105","Comuna 15",3,301,304
"021050201","02","Caba","02105","Comuna 15",2,252,254
"021050202","02","Caba","02105","Comuna 15",2,329,331
"021050203","02","Caba","02105","Comuna 15",3,324,327
"021050204","02","Caba","02105","Comuna 15",0,206,206
"021050205","02","Caba","02105","Comuna 15",1,219,220
"021050206","02","Caba","02105","Comuna 15",2,281,283
"021050207","02","Caba","02105","Comuna 15",2,270,272
"021050208","02","Caba","02105","Comuna 15",2,245,247
"021050209","02","Caba","02105","Comuna 15",1,320,321
"021050210","02","Caba","02105","Comuna 15",5,303,308
"021050301","02","Caba","02105","Comuna 15",3,367,370
"021050302","02","Caba","02105","Comuna 15",5,469,474
"021050303","02","Caba","02105","Comuna 15",9,262,271
"021050304","02","Caba","02105","Comuna 15",7,372,379
"021050305","02","Caba","02105","Comuna 15",9,289,298
"021050306","02","Caba","02105","Comuna 15",0,266,266
"021050307","02","Caba","02105","Comuna 15",4,268,272
"021050308","02","Caba","02105","Comuna 15",2,373,375
"021050309","02","Caba","02105","Comuna 15",4,430,434
"021050310","02","Caba","02105","Comuna 15",6,372,378
"021050311","02","Caba","02105","Comuna 15",40,321,361
"021050312","02","Caba","02105","Comuna 15",20,441,461
"021050313","02","Caba","02105","Comuna 15",1,328,329
"021050401","02","Caba","02105","Comuna 15",8,462,470
"021050402","02","Caba","02105","Comuna 15",12,455,467
"021050403","02","Caba","02105","Comuna 15",11,394,405
"021050404","02","Caba","02105","Comuna 15",17,299,316
"021050405","02","Caba","02105","Comuna 15",9,315,324
"021050406","02","Caba","02105","Comuna 15",25,509,534
"021050407","02","Caba","02105","Comuna 15",8,403,411
"021050408","02","Caba","02105","Comuna 15",8,330,338
"021050409","02","Caba","02105","Comuna 15",7,373,380
"021050410","02","Caba","02105","Comuna 15",9,318,327
"021050411","02","Caba","02105","Comuna 15",7,429,436
"021050412","02","Caba","02105","Comuna 15",21,462,483
"021050413","02","Caba","02105","Comuna 15",3,392,395
"021050414","02","Caba","02105","Comuna 15",31,288,319
"021050501","02","Caba","02105","Comuna 15",1,305,306
"021050502","02","Caba","02105","Comuna 15",3,458,461
"021050503","02","Caba","02105","Comuna 15",5,319,324
"021050504","02","Caba","02105","Comuna 15",4,400,404
"021050505","02","Caba","02105","Comuna 15",12,536,548
"021050506","02","Caba","02105","Comuna 15",6,575,581
"021050507","02","Caba","02105","Comuna 15",7,479,486
"021050508","02","Caba","02105","Comuna 15",15,516,531
"021050509","02","Caba","02105","Comuna 15",6,291,297
"021050510","02","Caba","02105","Comuna 15",5,300,305
"021050511","02","Caba","02105","Comuna 15",3,319,322
"021050512","02","Caba","02105","Comuna 15",5,425,430
"021050513","02","Caba","02105","Comuna 15",13,413,426
"021050514","02","Caba","02105","Comuna 15",1,201,202
"021050601","02","Caba","02105","Comuna 15",4,293,297
"021050602","02","Caba","02105","Comuna 15",7,281,288
"021050603","02","Caba","02105","Comuna 15",5,273,278
"021050604","02","Caba","02105","Comuna 15",1,264,265
"021050605","02","Caba","02105","Comuna 15",4,225,229
"021050606","02","Caba","02105","Comuna 15",6,202,208
"021050607","02","Caba","02105","Comuna 15",3,289,292
"021050701","02","Caba","02105","Comuna 15",24,293,317
"021050702","02","Caba","02105","Comuna 15",18,229,247
"021050703","02","Caba","02105","Comuna 15",17,242,259
"021050704","02","Caba","02105","Comuna 15",18,227,245
"021050705","02","Caba","02105","Comuna 15",60,316,376
"021050706","02","Caba","02105","Comuna 15",14,177,191
"021050707","02","Caba","02105","Comuna 15",28,402,430
"021050708","02","Caba","02105","Comuna 15",16,346,362
"021050709","02","Caba","02105","Comuna 15",21,292,313
"021050710","02","Caba","02105","Comuna 15",22,451,473
"021050711","02","Caba","02105","Comuna 15",5,384,389
"021050712","02","Caba","02105","Comuna 15",6,352,358
"021050713","02","Caba","02105","Comuna 15",218,624,842
"021050801","02","Caba","02105","Comuna 15",31,340,371
"021050802","02","Caba","02105","Comuna 15",11,173,184
"021050803","02","Caba","02105","Comuna 15",26,433,459
"021050804","02","Caba","02105","Comuna 15",12,322,334
"021050805","02","Caba","02105","Comuna 15",10,318,328
"021050806","02","Caba","02105","Comuna 15",7,394,401
"021050807","02","Caba","02105","Comuna 15",9,359,368
"021050808","02","Caba","02105","Comuna 15",11,282,293
"021050809","02","Caba","02105","Comuna 15",19,636,655
"021050810","02","Caba","02105","Comuna 15",12,508,520
"021050901","02","Caba","02105","Comuna 15",11,327,338
"021050902","02","Caba","02105","Comuna 15",5,231,236
"021050903","02","Caba","02105","Comuna 15",7,351,358
"021050904","02","Caba","02105","Comuna 15",19,262,281
"021050905","02","Caba","02105","Comuna 15",12,257,269
"021050906","02","Caba","02105","Comuna 15",17,174,191
"021050907","02","Caba","02105","Comuna 15",13,224,237
"021050908","02","Caba","02105","Comuna 15",63,304,367
"021050909","02","Caba","02105","Comuna 15",35,492,527
"021050910","02","Caba","02105","Comuna 15",6,391,397
"021050911","02","Caba","02105","Comuna 15",65,228,293
"021051001","02","Caba","02105","Comuna 15",14,427,441
"021051002","02","Caba","02105","Comuna 15",15,431,446
"021051003","02","Caba","02105","Comuna 15",4,469,473
"021051004","02","Caba","02105","Comuna 15",12,391,403
"021051005","02","Caba","02105","Comuna 15",2,377,379
"021051006","02","Caba","02105","Comuna 15",0,304,304
"021051007","02","Caba","02105","Comuna 15",23,438,461
"021051008","02","Caba","02105","Comuna 15",14,405,419
"021051009","02","Caba","02105","Comuna 15",28,482,510
"021051010","02","Caba","02105","Comuna 15",10,392,402
"021051011","02","Caba","02105","Comuna 15",6,272,278
"021051012","02","Caba","02105","Comuna 15",11,340,351
"021051013","02","Caba","02105","Comuna 15",13,420,433
"021051101","02","Caba","02105","Comuna 15",23,218,241
"021051102","02","Caba","02105","Comuna 15",4,336,340
"021051103","02","Caba","02105","Comuna 15",33,323,356
"021051104","02","Caba","02105","Comuna 15",15,529,544
"021051105","02","Caba","02105","Comuna 15",18,327,345
"021051106","02","Caba","02105","Comuna 15",18,272,290
"021051107","02","Caba","02105","Comuna 15",7,300,307
"021051108","02","Caba","02105","Comuna 15",3,359,362
"021051109","02","Caba","02105","Comuna 15",13,469,482
"021051110","02","Caba","02105","Comuna 15",8,308,316
"021051111","02","Caba","02105","Comuna 15",4,442,446
"021051112","02","Caba","02105","Comuna 15",13,498,511
"021051113","02","Caba","02105","Comuna 15",29,372,401
"021051114","02","Caba","02105","Comuna 15",28,238,266
"021051115","02","Caba","02105","Comuna 15",0,231,231
"021051116","02","Caba","02105","Comuna 15",4,393,397
"021051201","02","Caba","02105","Comuna 15",26,319,345
"021051202","02","Caba","02105","Comuna 15",10,330,340
"021051203","02","Caba","02105","Comuna 15",8,342,350
"021051204","02","Caba","02105","Comuna 15",8,667,675
"021051205","02","Caba","02105","Comuna 15",9,423,432
"021051206","02","Caba","02105","Comuna 15",9,412,421
"021051207","02","Caba","02105","Comuna 15",7,280,287
"021051208","02","Caba","02105","Comuna 15",3,291,294
"021051209","02","Caba","02105","Comuna 15",9,300,309
"021051210","02","Caba","02105","Comuna 15",6,326,332
"021051301","02","Caba","02105","Comuna 15",5,315,320
"021051302","02","Caba","02105","Comuna 15",4,193,197
"021051303","02","Caba","02105","Comuna 15",6,331,337
"021051304","02","Caba","02105","Comuna 15",2,267,269
"021051305","02","Caba","02105","Comuna 15",2,374,376
"021051306","02","Caba","02105","Comuna 15",9,463,472
"021051307","02","Caba","02105","Comuna 15",1,332,333
"021051308","02","Caba","02105","Comuna 15",0,254,254
"021051309","02","Caba","02105","Comuna 15",5,580,585
"021051310","02","Caba","02105","Comuna 15",11,456,467
"021051401","02","Caba","02105","Comuna 15",6,455,461
"021051402","02","Caba","02105","Comuna 15",3,425,428
"021051403","02","Caba","02105","Comuna 15",3,340,343
"021051404","02","Caba","02105","Comuna 15",20,402,422
"021051405","02","Caba","02105","Comuna 15",5,558,563
"021051406","02","Caba","02105","Comuna 15",2,344,346
"021051407","02","Caba","02105","Comuna 15",3,438,441
"021051408","02","Caba","02105","Comuna 15",18,549,567
"021051409","02","Caba","02105","Comuna 15",9,336,345
"021051410","02","Caba","02105","Comuna 15",4,301,305
"021051411","02","Caba","02105","Comuna 15",15,422,437
"021051501","02","Caba","02105","Comuna 15",11,322,333
"021051502","02","Caba","02105","Comuna 15",28,223,251
"021051503","02","Caba","02105","Comuna 15",0,393,393
"021051504","02","Caba","02105","Comuna 15",55,433,488
"021051505","02","Caba","02105","Comuna 15",27,312,339
"021051506","02","Caba","02105","Comuna 15",23,367,390
"021051507","02","Caba","02105","Comuna 15",41,348,389
"021051508","02","Caba","02105","Comuna 15",23,295,318
"021051509","02","Caba","02105","Comuna 15",8,603,611
"021051510","02","Caba","02105","Comuna 15",29,418,447
"021051601","02","Caba","02105","Comuna 15",6,509,515
"021051602","02","Caba","02105","Comuna 15",11,344,355
"021051603","02","Caba","02105","Comuna 15",1,421,422
"021051604","02","Caba","02105","Comuna 15",3,328,331
"021051605","02","Caba","02105","Comuna 15",1,281,282
"021051606","02","Caba","02105","Comuna 15",14,410,424
"021051607","02","Caba","02105","Comuna 15",15,356,371
"021051608","02","Caba","02105","Comuna 15",6,396,402
"021051609","02","Caba","02105","Comuna 15",3,318,321
"021051610","02","Caba","02105","Comuna 15",21,481,502
"021051611","02","Caba","02105","Comuna 15",8,272,280
"021051701","02","Caba","02105","Comuna 15",2,346,348
"021051702","02","Caba","02105","Comuna 15",3,356,359
"021051703","02","Caba","02105","Comuna 15",7,377,384
"021051704","02","Caba","02105","Comuna 15",8,346,354
"021051705","02","Caba","02105","Comuna 15",21,372,393
"021051706","02","Caba","02105","Comuna 15",2,309,311
"021051707","02","Caba","02105","Comuna 15",21,340,361
"021051708","02","Caba","02105","Comuna 15",2,305,307
"021051709","02","Caba","02105","Comuna 15",7,292,299
"021051710","02","Caba","02105","Comuna 15",13,378,391
"021051711","02","Caba","02105","Comuna 15",12,362,374
"021051712","02","Caba","02105","Comuna 15",3,313,316
"021051801","02","Caba","02105","Comuna 15",9,269,278
"021051802","02","Caba","02105","Comuna 15",5,208,213
"021051803","02","Caba","02105","Comuna 15",22,469,491
"021051804","02","Caba","02105","Comuna 15",6,293,299
"021051805","02","Caba","02105","Comuna 15",2,292,294
"021051806","02","Caba","02105","Comuna 15",2,265,267
"021051807","02","Caba","02105","Comuna 15",3,322,325
"021051808","02","Caba","02105","Comuna 15",3,249,252
"021051809","02","Caba","02105","Comuna 15",1,309,310
"021051810","02","Caba","02105","Comuna 15",2,257,259
"021051811","02","Caba","02105","Comuna 15",1,327,328
"021051812","02","Caba","02105","Comuna 15",7,367,374
"021051813","02","Caba","02105","Comuna 15",8,283,291
"021051901","02","Caba","02105","Comuna 15",4,296,300
"021051902","02","Caba","02105","Comuna 15",1,421,422
"021051903","02","Caba","02105","Comuna 15",2,349,351
"021051904","02","Caba","02105","Comuna 15",2,420,422
"021051905","02","Caba","02105","Comuna 15",8,518,526
"021051906","02","Caba","02105","Comuna 15",0,488,488
"021051907","02","Caba","02105","Comuna 15",2,444,446
"021051908","02","Caba","02105","Comuna 15",1,376,377
"021051909","02","Caba","02105","Comuna 15",4,359,363
"021051910","02","Caba","02105","Comuna 15",0,446,446
"021051911","02","Caba","02105","Comuna 15",5,338,343
"021052001","02","Caba","02105","Comuna 15",1,548,549
"021052002","02","Caba","02105","Comuna 15",8,443,451
"021052003","02","Caba","02105","Comuna 15",6,408,414
"021052004","02","Caba","02105","Comuna 15",8,340,348
"021052005","02","Caba","02105","Comuna 15",4,333,337
"021052006","02","Caba","02105","Comuna 15",9,348,357
"021052007","02","Caba","02105","Comuna 15",10,368,378
"021052008","02","Caba","02105","Comuna 15",5,233,238
"021052009","02","Caba","02105","Comuna 15",6,218,224
"021052010","02","Caba","02105","Comuna 15",10,333,343
"021052011","02","Caba","02105","Comuna 15",17,365,382
"021052012","02","Caba","02105","Comuna 15",5,332,337
"021052101","02","Caba","02105","Comuna 15",8,461,469
"021052102","02","Caba","02105","Comuna 15",10,510,520
"021052103","02","Caba","02105","Comuna 15",19,344,363
"021052104","02","Caba","02105","Comuna 15",12,409,421
"021052105","02","Caba","02105","Comuna 15",12,303,315
"021052106","02","Caba","02105","Comuna 15",44,638,682
"021052107","02","Caba","02105","Comuna 15",6,265,271
"021052108","02","Caba","02105","Comuna 15",8,366,374
"021052109","02","Caba","02105","Comuna 15",33,545,578
"021052110","02","Caba","02105","Comuna 15",49,421,470
"021052111","02","Caba","02105","Comuna 15",11,442,453
"021052112","02","Caba","02105","Comuna 15",14,275,289
"021052113","02","Caba","02105","Comuna 15",13,393,406
