"radios","cod_prov","Provincia","cod_depto","Departamento","PNIV_ASI_Sin instrucción","PNIV_ASI_Primario incompleto","PNIV_ASI_Primario completo","PNIV_ASI_EGB incompleto","PNIV_ASI_EGB completo","PNIV_ASI_Secundario incompleto","PNIV_ASI_Secundario completo","PNIV_ASI_Polimodal incompleto","PNIV_ASI_Polimodal completo","PNIV_ASI_Terciario no universitario incompleto","PNIV_ASI_Terciario no universitario completo","PNIV_ASI_Universitario de grado incompleto","PNIV_ASI_Universitario de grado completo","PNIV_ASI_Posgrado (especialización, maestría o doctorado) incompleto","PNIV_ASI_Posgrado (especialización, maestría o doctorado) completo","PNIV_ASI_Ignorado","Total"
"020070101","02","Caba","02007","Comuna 1",1,2,12,0,0,15,39,0,1,4,8,6,24,1,5,4,122
"020070201","02","Caba","02007","Comuna 1",4,19,39,0,0,79,96,2,2,6,20,11,15,0,5,0,298
"020070202","02","Caba","02007","Comuna 1",5,26,35,0,0,75,58,0,2,3,6,6,2,0,1,2,221
"020070203","02","Caba","02007","Comuna 1",1,8,21,0,0,30,47,0,1,8,9,3,0,0,0,1,129
"020070204","02","Caba","02007","Comuna 1",5,23,73,0,0,92,90,0,0,9,19,7,2,0,3,3,326
"020070205","02","Caba","02007","Comuna 1",7,22,59,0,0,101,86,1,0,11,11,7,5,0,5,7,322
"020070207","02","Caba","02007","Comuna 1",8,38,64,0,1,149,126,1,1,13,16,6,9,1,2,7,442
"020070208","02","Caba","02007","Comuna 1",5,30,57,0,0,88,121,1,1,10,15,10,11,1,3,0,353
"020070209","02","Caba","02007","Comuna 1",1,19,30,0,0,59,101,1,1,8,14,5,2,1,1,1,244
"020070210","02","Caba","02007","Comuna 1",2,15,39,0,0,45,66,0,1,4,13,7,4,0,2,4,202
"020070211","02","Caba","02007","Comuna 1",11,41,45,0,0,86,113,0,3,9,11,10,11,1,2,7,350
"020070212","02","Caba","02007","Comuna 1",19,35,111,1,1,169,215,1,1,15,20,12,14,0,1,2,617
"020070213","02","Caba","02007","Comuna 1",3,18,33,0,0,71,79,0,0,9,11,11,13,1,4,2,255
"020070214","02","Caba","02007","Comuna 1",4,25,46,0,1,67,117,2,0,8,17,6,15,0,2,3,313
"020070215","02","Caba","02007","Comuna 1",5,34,75,0,2,111,127,1,1,6,11,8,11,0,0,4,396
"020070216","02","Caba","02007","Comuna 1",3,11,46,0,0,56,76,0,1,3,6,8,5,0,1,1,217
"020070217","02","Caba","02007","Comuna 1",16,26,64,1,0,78,119,1,3,5,9,6,7,0,1,2,338
"020070218","02","Caba","02007","Comuna 1",8,24,62,0,0,57,117,1,0,7,12,5,4,0,0,11,308
"020070219","02","Caba","02007","Comuna 1",5,16,39,0,0,43,58,0,0,2,8,1,3,1,0,2,178
"020070220","02","Caba","02007","Comuna 1",2,20,34,0,0,47,65,0,0,6,8,5,2,0,0,1,190
"020070221","02","Caba","02007","Comuna 1",3,33,91,0,1,106,176,0,2,10,20,18,4,0,2,5,471
"020070222","02","Caba","02007","Comuna 1",16,36,74,0,1,86,162,1,3,13,19,6,5,0,2,9,433
"020070223","02","Caba","02007","Comuna 1",19,43,82,0,0,99,164,3,0,6,19,5,6,0,0,2,448
"020070301","02","Caba","02007","Comuna 1",4,23,46,0,0,61,55,1,0,5,6,3,3,0,0,3,210
"020070302","02","Caba","02007","Comuna 1",25,68,154,1,0,154,199,2,3,6,20,14,18,0,11,12,687
"020070303","02","Caba","02007","Comuna 1",2,25,35,0,0,61,52,0,1,2,11,5,1,0,1,0,196
"020070304","02","Caba","02007","Comuna 1",4,27,29,0,0,70,69,0,0,7,2,3,0,0,0,1,212
"020070305","02","Caba","02007","Comuna 1",18,67,105,0,0,100,127,1,2,6,17,4,2,1,0,6,456
"020070306","02","Caba","02007","Comuna 1",4,21,26,1,0,51,62,0,2,4,10,6,3,1,3,3,197
"020070307","02","Caba","02007","Comuna 1",12,37,85,0,0,100,195,0,1,9,17,2,10,0,2,4,474
"020070308","02","Caba","02007","Comuna 1",10,60,107,0,0,88,162,3,3,4,16,8,6,0,1,3,471
"020070309","02","Caba","02007","Comuna 1",10,24,47,0,0,45,81,1,0,8,11,4,14,0,5,6,256
"020070310","02","Caba","02007","Comuna 1",20,69,156,0,0,137,230,1,0,12,19,9,15,0,3,3,674
"020070311","02","Caba","02007","Comuna 1",12,30,70,0,1,67,116,1,2,5,9,4,5,0,2,2,326
"020070312","02","Caba","02007","Comuna 1",33,23,48,0,0,50,106,0,1,9,23,12,17,1,7,1,331
"020070313","02","Caba","02007","Comuna 1",1,29,53,0,0,61,98,0,0,3,4,3,6,0,1,1,260
"020070314","02","Caba","02007","Comuna 1",7,24,63,0,0,74,101,0,0,4,0,4,0,0,0,3,280
"020070315","02","Caba","02007","Comuna 1",9,59,83,0,0,95,123,0,2,5,6,6,0,0,2,2,392
"020070316","02","Caba","02007","Comuna 1",2,29,38,0,1,45,52,0,0,1,2,1,0,0,0,0,171
"020070317","02","Caba","02007","Comuna 1",8,32,86,0,0,64,79,0,0,1,5,1,2,0,2,6,286
"020070318","02","Caba","02007","Comuna 1",2,16,37,0,0,27,60,0,0,1,3,3,2,0,0,1,152
"020070319","02","Caba","02007","Comuna 1",2,26,39,1,1,32,43,0,0,0,4,6,1,0,0,2,157
"020070401","02","Caba","02007","Comuna 1",4,4,20,0,0,26,106,0,2,20,68,45,193,2,91,6,587
"020070402","02","Caba","02007","Comuna 1",12,12,41,1,3,31,110,7,5,14,89,61,201,9,98,5,699
"020070403","02","Caba","02007","Comuna 1",14,4,13,0,0,8,65,1,0,9,39,31,120,1,60,2,367
"020070404","02","Caba","02007","Comuna 1",2,4,21,0,2,22,113,1,1,8,42,31,167,3,75,0,492
"020070405","02","Caba","02007","Comuna 1",2,2,15,0,2,13,39,0,1,5,34,20,97,2,40,3,275
"020070406","02","Caba","02007","Comuna 1",7,5,19,1,0,25,84,0,2,10,46,37,150,7,68,2,463
"020070407","02","Caba","02007","Comuna 1",0,4,20,0,4,12,85,1,2,3,49,31,173,4,64,3,455
"020070408","02","Caba","02007","Comuna 1",0,5,25,0,1,15,89,0,1,11,45,27,136,6,95,3,459
"020070501","02","Caba","02007","Comuna 1",0,20,45,1,1,30,91,0,0,10,53,22,146,9,64,11,503
"020070502","02","Caba","02007","Comuna 1",1,2,10,0,4,10,55,0,0,8,40,31,130,2,53,2,348
"020070503","02","Caba","02007","Comuna 1",4,6,30,0,2,18,81,3,14,13,81,55,249,10,100,2,668
"020070504","02","Caba","02007","Comuna 1",0,2,28,0,1,33,100,0,2,14,88,59,215,3,111,5,661
"020070505","02","Caba","02007","Comuna 1",2,3,18,0,0,15,50,0,1,6,36,32,117,3,51,2,336
"020070506","02","Caba","02007","Comuna 1",0,7,14,0,2,17,71,0,3,18,69,55,182,8,91,2,539
"020070507","02","Caba","02007","Comuna 1",0,6,18,0,2,14,63,1,0,5,56,25,148,8,66,2,414
"020070601","02","Caba","02007","Comuna 1",4,3,24,0,0,19,87,0,4,16,57,32,224,4,108,3,585
"020070602","02","Caba","02007","Comuna 1",0,3,12,0,2,15,50,0,2,14,50,45,140,4,89,1,427
"020070603","02","Caba","02007","Comuna 1",0,3,15,0,2,20,116,0,0,23,79,63,242,11,135,4,713
"020070604","02","Caba","02007","Comuna 1",1,2,26,0,0,25,81,1,2,22,69,50,191,7,112,7,596
"020070605","02","Caba","02007","Comuna 1",0,1,13,0,0,11,39,1,1,7,24,19,109,6,46,2,279
"020070606","02","Caba","02007","Comuna 1",0,1,13,0,0,16,63,0,2,4,34,30,129,11,76,3,382
"020070607","02","Caba","02007","Comuna 1",0,1,14,0,0,15,37,0,2,4,31,33,119,5,67,3,331
"020070608","02","Caba","02007","Comuna 1",1,3,19,0,0,15,58,0,2,9,38,34,102,7,67,3,358
"020070609","02","Caba","02007","Comuna 1",1,6,45,0,0,20,95,0,5,14,98,61,317,8,129,12,811
"020070610","02","Caba","02007","Comuna 1",1,3,23,0,1,22,59,2,3,14,40,27,145,5,56,0,401
"020070701","02","Caba","02007","Comuna 1",1,6,45,0,0,28,96,1,1,15,68,49,160,5,62,6,543
"020070702","02","Caba","02007","Comuna 1",1,4,3,0,0,2,32,0,0,3,25,18,58,5,36,4,191
"020070703","02","Caba","02007","Comuna 1",3,7,7,0,0,8,26,0,2,5,23,22,49,5,14,4,175
"020070704","02","Caba","02007","Comuna 1",2,1,9,0,1,15,38,0,1,9,36,30,62,2,30,1,237
"020070705","02","Caba","02007","Comuna 1",1,1,12,0,0,12,59,1,2,12,30,28,86,3,31,5,283
"020070706","02","Caba","02007","Comuna 1",0,5,15,1,0,21,59,0,0,11,31,24,46,0,18,3,234
"020070707","02","Caba","02007","Comuna 1",1,9,22,0,2,32,93,4,3,13,65,49,135,9,43,8,488
"020070708","02","Caba","02007","Comuna 1",0,3,19,0,1,16,78,2,2,7,37,46,108,1,45,4,369
"020070709","02","Caba","02007","Comuna 1",0,4,15,0,0,21,50,1,2,6,43,41,81,4,40,8,316
"020070710","02","Caba","02007","Comuna 1",0,2,16,0,0,26,76,0,2,13,47,42,112,6,22,4,368
"020070711","02","Caba","02007","Comuna 1",1,5,9,0,0,16,48,1,4,8,21,24,61,1,19,3,221
"020070712","02","Caba","02007","Comuna 1",3,4,14,0,0,20,78,0,2,8,45,34,72,4,31,2,317
"020070713","02","Caba","02007","Comuna 1",13,2,10,0,0,7,46,1,1,8,17,18,38,1,6,1,169
"020070801","02","Caba","02007","Comuna 1",1,6,10,0,1,24,49,0,2,7,31,24,110,3,29,0,297
"020070802","02","Caba","02007","Comuna 1",1,13,23,0,1,45,128,0,3,17,90,70,230,10,99,4,734
"020070803","02","Caba","02007","Comuna 1",2,5,18,0,0,33,88,0,0,17,57,43,162,8,74,5,512
"020070804","02","Caba","02007","Comuna 1",1,2,12,0,0,17,45,1,3,16,32,43,104,11,47,2,336
"020070805","02","Caba","02007","Comuna 1",0,5,15,0,0,18,40,0,1,6,47,22,85,7,29,4,279
"020070806","02","Caba","02007","Comuna 1",3,4,30,0,0,29,112,1,6,14,85,69,243,10,87,9,702
"020070807","02","Caba","02007","Comuna 1",5,8,23,0,0,34,124,0,3,18,107,77,260,12,119,6,796
"020070808","02","Caba","02007","Comuna 1",3,5,5,1,2,16,57,1,2,10,51,24,110,4,56,2,349
"020070809","02","Caba","02007","Comuna 1",1,2,11,1,0,10,61,0,0,7,41,21,93,6,31,1,286
"020070810","02","Caba","02007","Comuna 1",0,1,10,0,2,18,59,0,1,12,20,18,57,2,17,2,219
"020070811","02","Caba","02007","Comuna 1",0,1,15,0,1,11,29,0,0,7,25,17,72,1,34,1,214
"020070901","02","Caba","02007","Comuna 1",10,7,15,0,0,15,55,0,1,12,36,28,73,4,30,3,289
"020070902","02","Caba","02007","Comuna 1",3,7,38,0,1,46,88,2,2,17,39,41,93,5,16,3,401
"020070903","02","Caba","02007","Comuna 1",6,5,30,1,0,21,59,3,1,6,33,25,61,6,22,4,283
"020070904","02","Caba","02007","Comuna 1",16,5,10,0,0,22,58,0,1,9,44,32,74,1,16,3,291
"020070905","02","Caba","02007","Comuna 1",13,2,22,0,0,35,80,1,4,12,29,41,74,8,16,1,338
"020070906","02","Caba","02007","Comuna 1",13,5,22,2,0,37,91,2,9,17,54,43,100,5,24,10,434
"020070907","02","Caba","02007","Comuna 1",21,7,26,0,0,39,94,1,7,15,50,46,125,2,28,5,466
"020070908","02","Caba","02007","Comuna 1",10,3,16,0,0,22,76,0,3,9,36,45,81,2,37,3,343
"020070909","02","Caba","02007","Comuna 1",3,10,30,0,0,43,152,1,4,15,65,76,169,6,36,9,619
"020070910","02","Caba","02007","Comuna 1",3,8,12,0,0,11,49,0,4,8,39,37,96,5,21,1,294
"020070911","02","Caba","02007","Comuna 1",12,1,7,0,0,9,29,0,4,5,26,32,61,2,25,0,213
"020070912","02","Caba","02007","Comuna 1",11,3,14,0,1,13,26,1,2,6,28,22,54,1,15,1,198
"020070913","02","Caba","02007","Comuna 1",11,0,3,0,1,7,37,1,4,7,59,23,144,6,77,3,383
"020070914","02","Caba","02007","Comuna 1",2,7,27,0,0,19,84,0,2,11,46,31,77,3,18,6,333
"020070915","02","Caba","02007","Comuna 1",0,2,18,0,0,22,54,0,2,14,15,20,67,5,17,3,239
"020070916","02","Caba","02007","Comuna 1",21,6,16,0,1,33,76,0,1,10,30,25,68,2,7,4,300
"020070917","02","Caba","02007","Comuna 1",8,3,5,0,0,23,44,0,4,6,9,13,40,2,3,2,162
"020070918","02","Caba","02007","Comuna 1",10,5,5,0,0,15,67,0,4,16,27,23,54,2,11,4,243
"020070919","02","Caba","02007","Comuna 1",5,5,19,0,0,12,26,0,1,9,21,17,32,3,7,0,157
"020070920","02","Caba","02007","Comuna 1",17,4,24,1,0,40,104,1,2,12,35,36,91,4,18,3,392
"020070921","02","Caba","02007","Comuna 1",9,5,10,1,2,19,54,0,0,8,23,20,51,6,13,3,224
"020071001","02","Caba","02007","Comuna 1",4,2,8,2,1,14,47,0,1,4,24,26,58,3,42,1,237
"020071002","02","Caba","02007","Comuna 1",28,2,14,2,0,22,85,0,7,10,41,34,137,8,43,6,439
"020071003","02","Caba","02007","Comuna 1",4,7,33,0,2,29,112,0,3,19,87,55,124,4,61,4,544
"020071004","02","Caba","02007","Comuna 1",14,3,15,0,0,25,64,0,5,14,40,31,101,4,46,1,363
"020071005","02","Caba","02007","Comuna 1",11,9,23,0,1,24,68,0,3,7,46,40,107,7,36,2,384
"020071006","02","Caba","02007","Comuna 1",33,8,42,1,1,46,113,0,6,13,57,43,122,8,55,3,551
"020071007","02","Caba","02007","Comuna 1",0,3,30,0,0,20,72,0,3,14,34,31,67,2,7,9,292
"020071008","02","Caba","02007","Comuna 1",7,5,16,0,0,18,62,0,3,15,31,31,93,3,22,1,307
"020071009","02","Caba","02007","Comuna 1",24,8,38,0,1,33,78,1,4,17,36,44,67,2,25,6,384
"020071010","02","Caba","02007","Comuna 1",10,6,33,0,0,49,97,4,6,19,56,58,118,4,47,6,513
"020071011","02","Caba","02007","Comuna 1",17,13,30,0,0,44,95,1,2,21,56,59,127,11,58,5,539
"020071012","02","Caba","02007","Comuna 1",22,4,20,0,2,27,75,0,1,13,41,39,104,6,34,7,395
"020071013","02","Caba","02007","Comuna 1",31,3,15,1,0,19,73,0,7,15,46,31,86,4,32,4,367
"020071014","02","Caba","02007","Comuna 1",6,4,18,0,0,13,57,1,4,10,22,29,47,4,13,2,230
"020071015","02","Caba","02007","Comuna 1",9,1,7,0,1,10,41,0,0,9,23,18,41,3,12,4,179
"020071016","02","Caba","02007","Comuna 1",4,2,16,0,1,7,41,0,1,13,25,18,45,1,11,2,187
"020071101","02","Caba","02007","Comuna 1",1,4,19,0,1,25,79,1,3,10,46,33,72,4,14,5,317
"020071102","02","Caba","02007","Comuna 1",0,2,25,0,1,37,95,0,1,19,49,51,96,6,30,7,419
"020071103","02","Caba","02007","Comuna 1",1,5,38,0,1,32,78,0,6,9,23,20,39,1,6,2,261
"020071104","02","Caba","02007","Comuna 1",0,4,31,0,2,35,106,0,2,17,60,36,118,1,37,4,453
"020071105","02","Caba","02007","Comuna 1",0,2,29,0,0,39,99,1,2,11,36,40,76,1,18,7,361
"020071106","02","Caba","02007","Comuna 1",1,8,19,0,0,22,68,0,1,10,35,26,86,4,16,2,298
"020071107","02","Caba","02007","Comuna 1",2,7,40,0,0,28,91,0,4,22,35,42,100,1,29,2,403
"020071108","02","Caba","02007","Comuna 1",1,5,24,0,1,29,105,0,1,21,56,56,108,4,35,1,447
"020071109","02","Caba","02007","Comuna 1",0,2,23,2,0,12,76,0,1,18,41,28,65,9,20,3,300
"020071110","02","Caba","02007","Comuna 1",3,7,29,0,2,34,101,0,2,9,44,35,77,4,19,1,367
"020071111","02","Caba","02007","Comuna 1",1,4,20,0,0,20,58,1,1,11,32,14,50,1,17,1,231
"020071112","02","Caba","02007","Comuna 1",1,2,10,0,0,21,41,1,3,13,24,24,61,4,11,4,220
"020071113","02","Caba","02007","Comuna 1",0,11,20,0,0,26,80,0,0,17,53,28,63,5,30,3,336
"020071114","02","Caba","02007","Comuna 1",2,7,19,0,1,36,93,0,1,12,54,35,115,5,19,5,404
"020071115","02","Caba","02007","Comuna 1",2,11,20,0,2,26,103,0,4,16,38,52,79,5,32,2,392
"020071201","02","Caba","02007","Comuna 1",2,2,17,0,0,31,52,0,2,9,21,14,52,0,9,0,211
"020071202","02","Caba","02007","Comuna 1",3,2,18,0,0,25,55,0,2,13,25,19,69,6,15,2,254
"020071203","02","Caba","02007","Comuna 1",8,2,11,0,0,21,49,0,5,2,20,17,44,0,5,4,188
"020071204","02","Caba","02007","Comuna 1",2,2,22,0,0,39,97,0,1,18,28,27,61,1,5,6,309
"020071205","02","Caba","02007","Comuna 1",0,6,20,0,1,15,71,0,1,11,39,35,76,3,38,1,317
"020071206","02","Caba","02007","Comuna 1",2,5,28,0,1,39,85,0,3,18,51,37,80,2,16,2,369
"020071207","02","Caba","02007","Comuna 1",1,20,44,1,1,80,169,3,8,17,68,74,126,8,24,4,648
"020071208","02","Caba","02007","Comuna 1",0,4,13,0,0,22,44,1,1,10,19,16,43,2,9,1,185
"020071209","02","Caba","02007","Comuna 1",2,11,30,0,1,22,92,0,1,14,36,35,99,3,22,2,370
"020071210","02","Caba","02007","Comuna 1",2,6,19,1,0,27,70,0,1,5,20,22,42,4,10,2,231
"020071211","02","Caba","02007","Comuna 1",1,6,37,1,0,33,87,0,4,14,29,28,64,2,11,8,325
"020071212","02","Caba","02007","Comuna 1",2,2,8,1,1,29,52,1,1,12,24,25,49,3,6,3,219
"020071213","02","Caba","02007","Comuna 1",0,3,27,0,0,31,71,1,0,9,22,20,47,2,19,3,255
"020071214","02","Caba","02007","Comuna 1",5,3,22,0,0,38,68,0,0,16,40,30,69,5,17,2,315
"020071301","02","Caba","02007","Comuna 1",1,1,17,0,1,19,68,0,2,10,37,48,135,3,63,4,409
"020071302","02","Caba","02007","Comuna 1",5,3,7,0,1,8,22,0,0,5,15,11,40,0,33,1,151
"020071303","02","Caba","02007","Comuna 1",4,1,6,1,1,10,45,0,0,7,32,22,63,6,33,6,237
"020071304","02","Caba","02007","Comuna 1",4,7,42,0,0,30,76,1,0,14,52,26,109,1,52,3,417
"020071305","02","Caba","02007","Comuna 1",12,3,14,0,0,28,68,0,2,7,57,38,110,4,61,1,405
"020071306","02","Caba","02007","Comuna 1",11,4,12,1,1,20,46,0,3,6,22,35,82,4,39,2,288
"020071307","02","Caba","02007","Comuna 1",13,6,29,0,1,32,148,0,7,17,62,52,228,7,114,6,722
"020071308","02","Caba","02007","Comuna 1",8,1,14,0,1,18,47,0,0,10,62,25,104,6,56,2,354
"020071309","02","Caba","02007","Comuna 1",2,2,6,0,1,19,57,0,1,9,51,34,144,4,60,4,394
"020071310","02","Caba","02007","Comuna 1",6,7,25,0,1,37,143,2,2,11,80,87,253,1,101,7,763
"020071311","02","Caba","02007","Comuna 1",3,0,11,0,0,3,44,0,0,7,37,22,99,1,52,3,282
"020071312","02","Caba","02007","Comuna 1",8,1,10,0,0,25,54,1,1,14,29,48,121,0,58,4,374
"020071313","02","Caba","02007","Comuna 1",3,1,8,0,0,11,42,0,2,3,18,11,58,1,29,3,190
"020071314","02","Caba","02007","Comuna 1",2,3,14,0,0,20,97,0,3,17,41,41,118,3,64,7,430
"020071315","02","Caba","02007","Comuna 1",2,1,10,0,0,24,84,0,1,11,54,49,159,6,64,5,470
"020071316","02","Caba","02007","Comuna 1",14,29,72,0,0,84,214,2,0,28,35,12,25,0,4,4,523
"020071317","02","Caba","02007","Comuna 1",5,13,53,0,0,65,146,0,1,14,26,15,19,0,4,7,368
"020071318","02","Caba","02007","Comuna 1",0,22,50,0,1,58,116,3,1,14,23,14,8,0,3,1,314
"020071401","02","Caba","02007","Comuna 1",0,6,29,0,0,39,88,0,1,17,57,42,73,6,35,7,400
"020071402","02","Caba","02007","Comuna 1",0,25,73,0,1,82,128,0,0,15,44,26,57,1,23,3,478
"020071403","02","Caba","02007","Comuna 1",0,3,25,0,0,28,62,0,0,18,34,18,41,0,8,4,241
"020071404","02","Caba","02007","Comuna 1",1,1,10,0,2,16,47,1,0,12,32,31,47,2,21,5,228
"020071405","02","Caba","02007","Comuna 1",2,12,31,0,0,67,116,0,1,17,52,44,93,4,25,4,468
"020071406","02","Caba","02007","Comuna 1",7,9,25,0,0,41,89,0,5,15,51,33,74,4,40,3,396
"020071407","02","Caba","02007","Comuna 1",2,7,30,0,0,33,89,0,1,16,58,43,104,6,28,3,420
"020071408","02","Caba","02007","Comuna 1",1,9,24,0,1,41,74,0,1,12,18,23,55,3,18,4,284
"020071409","02","Caba","02007","Comuna 1",1,8,24,0,0,41,78,0,0,12,44,30,47,1,19,2,307
"020071410","02","Caba","02007","Comuna 1",1,2,25,1,0,28,47,0,0,15,39,41,71,7,34,6,317
"020071411","02","Caba","02007","Comuna 1",0,2,11,0,0,13,57,0,4,16,32,29,40,1,22,1,228
"020071412","02","Caba","02007","Comuna 1",0,11,13,0,0,37,54,0,3,10,27,34,63,3,22,3,280
"020071501","02","Caba","02007","Comuna 1",2,7,29,0,0,36,114,0,7,21,68,38,102,2,23,6,455
"020071502","02","Caba","02007","Comuna 1",5,7,35,1,1,48,118,0,5,18,70,56,91,4,35,8,502
"020071503","02","Caba","02007","Comuna 1",1,6,35,1,1,31,86,0,4,11,36,40,86,8,21,7,374
"020071504","02","Caba","02007","Comuna 1",2,6,41,0,1,38,94,1,9,24,95,82,184,9,66,2,654
"020071505","02","Caba","02007","Comuna 1",0,15,31,0,1,32,73,0,3,16,52,29,88,5,27,2,374
"020071506","02","Caba","02007","Comuna 1",0,12,29,0,1,37,89,2,3,16,35,39,90,6,20,6,385
"020071507","02","Caba","02007","Comuna 1",0,1,12,0,0,39,92,0,7,23,60,29,75,9,38,3,388
"020071508","02","Caba","02007","Comuna 1",9,12,36,0,0,65,146,1,4,15,55,33,87,3,31,6,503
"020071509","02","Caba","02007","Comuna 1",9,11,41,0,2,62,124,0,4,15,85,66,133,5,49,3,609
"020071510","02","Caba","02007","Comuna 1",4,13,42,0,0,36,141,1,4,12,48,36,88,3,26,2,456
"020071511","02","Caba","02007","Comuna 1",1,3,18,0,1,45,97,2,0,12,51,39,77,2,28,3,379
"020071601","02","Caba","02007","Comuna 1",1,16,28,0,0,40,89,0,1,6,47,26,81,4,12,1,352
"020071602","02","Caba","02007","Comuna 1",0,3,12,0,2,22,63,0,2,16,32,21,39,3,15,3,233
"020071603","02","Caba","02007","Comuna 1",7,4,21,0,0,42,122,2,5,16,57,44,112,4,33,6,475
"020071604","02","Caba","02007","Comuna 1",0,2,26,1,1,25,80,1,3,17,52,32,87,2,26,4,359
"020071605","02","Caba","02007","Comuna 1",0,1,14,0,0,16,51,0,1,11,32,17,47,0,19,1,210
"020071606","02","Caba","02007","Comuna 1",2,8,25,0,0,26,66,0,3,17,46,21,54,4,21,2,295
"020071607","02","Caba","02007","Comuna 1",1,19,42,3,1,61,164,1,3,23,83,58,143,3,48,9,662
"020071608","02","Caba","02007","Comuna 1",1,5,23,1,0,33,98,1,3,16,43,29,59,3,19,4,338
"020071609","02","Caba","02007","Comuna 1",0,5,18,0,0,15,51,0,1,3,33,22,52,7,20,3,230
"020071610","02","Caba","02007","Comuna 1",0,8,33,1,1,34,101,1,0,8,45,26,76,6,15,3,358
"020071611","02","Caba","02007","Comuna 1",0,2,19,0,0,22,63,0,3,17,22,16,67,2,21,2,256
"020071612","02","Caba","02007","Comuna 1",0,6,11,1,0,15,47,0,0,10,26,27,41,4,11,3,202
"020071701","02","Caba","02007","Comuna 1",1,14,77,4,0,87,159,0,4,22,50,64,96,6,36,6,626
"020071702","02","Caba","02007","Comuna 1",0,6,29,0,0,24,62,0,2,13,28,25,53,4,24,5,275
"020071703","02","Caba","02007","Comuna 1",2,10,29,1,1,35,110,0,1,19,47,27,90,5,25,4,406
"020071704","02","Caba","02007","Comuna 1",7,7,21,0,0,43,101,0,0,13,41,32,81,8,21,8,383
"020071705","02","Caba","02007","Comuna 1",2,8,43,0,0,37,88,0,5,14,43,30,80,2,40,7,399
"020071706","02","Caba","02007","Comuna 1",8,9,42,0,1,53,177,1,1,24,61,67,103,11,25,5,588
"020071707","02","Caba","02007","Comuna 1",5,9,44,0,1,46,95,0,0,12,59,39,86,1,30,1,428
"020071708","02","Caba","02007","Comuna 1",6,11,37,0,2,51,105,1,0,24,48,55,87,5,23,5,460
"020071709","02","Caba","02007","Comuna 1",2,7,25,0,0,36,78,0,0,19,34,24,52,3,16,3,299
"020071710","02","Caba","02007","Comuna 1",0,9,40,0,0,34,87,0,2,11,43,39,83,4,31,2,385
"020071711","02","Caba","02007","Comuna 1",0,7,17,0,0,38,72,0,1,9,48,27,68,1,16,6,310
"020071801","02","Caba","02007","Comuna 1",13,12,69,0,1,79,174,5,3,19,76,58,138,6,32,6,691
"020071802","02","Caba","02007","Comuna 1",0,13,42,0,1,49,127,0,3,24,70,45,97,4,36,3,514
"020071803","02","Caba","02007","Comuna 1",8,9,38,0,0,45,99,1,1,17,39,33,89,5,27,0,411
"020071804","02","Caba","02007","Comuna 1",18,10,53,2,0,80,186,2,6,41,93,66,151,5,28,8,749
"020071805","02","Caba","02007","Comuna 1",25,9,25,1,0,45,106,0,4,18,47,49,104,4,30,3,470
"020071806","02","Caba","02007","Comuna 1",26,5,47,0,0,37,156,3,2,24,81,69,109,2,33,5,599
"020071807","02","Caba","02007","Comuna 1",5,6,26,0,0,40,139,0,2,23,51,29,78,3,19,2,423
"020071808","02","Caba","02007","Comuna 1",21,7,43,0,1,48,121,0,7,13,38,39,71,1,19,2,431
"020071809","02","Caba","02007","Comuna 1",10,17,42,0,1,63,140,0,3,18,68,61,84,4,27,7,545
"020071901","02","Caba","02007","Comuna 1",3,9,65,1,0,83,172,1,4,22,64,63,137,6,27,8,665
"020071902","02","Caba","02007","Comuna 1",4,9,62,1,0,71,168,0,4,27,83,45,107,6,48,6,641
"020071903","02","Caba","02007","Comuna 1",0,4,18,0,0,30,48,1,0,11,14,40,32,0,10,6,214
"020071904","02","Caba","02007","Comuna 1",0,14,42,1,0,45,106,1,0,22,66,42,95,6,42,9,491
"020071905","02","Caba","02007","Comuna 1",0,8,36,0,1,24,69,0,0,9,34,24,41,6,17,2,271
"020071906","02","Caba","02007","Comuna 1",0,13,22,0,1,40,86,0,0,14,41,36,83,1,31,4,372
"020071907","02","Caba","02007","Comuna 1",1,13,61,0,3,57,146,2,2,22,42,57,66,2,28,1,503
"020071908","02","Caba","02007","Comuna 1",1,8,14,0,0,23,59,0,1,9,21,24,37,1,12,6,216
"020071909","02","Caba","02007","Comuna 1",0,5,26,0,0,43,73,0,1,23,45,36,70,4,18,3,347
"020072001","02","Caba","02007","Comuna 1",0,12,29,0,2,40,83,0,0,12,49,27,71,2,21,4,352
"020072002","02","Caba","02007","Comuna 1",4,11,43,0,0,78,124,0,3,18,65,50,79,5,22,2,504
"020072003","02","Caba","02007","Comuna 1",3,11,46,1,0,51,135,0,2,17,57,34,82,3,22,6,470
"020072004","02","Caba","02007","Comuna 1",0,11,33,0,1,74,124,0,0,17,43,50,84,4,15,3,459
"020072005","02","Caba","02007","Comuna 1",5,19,62,0,0,52,130,1,3,22,63,59,88,3,22,5,534
"020072006","02","Caba","02007","Comuna 1",2,8,43,0,0,45,91,0,2,15,51,29,70,3,20,5,384
"020072007","02","Caba","02007","Comuna 1",0,5,25,0,0,41,98,0,1,20,41,31,61,1,18,2,344
"020072008","02","Caba","02007","Comuna 1",1,9,46,1,0,53,110,0,2,27,45,50,86,7,13,3,453
"020072009","02","Caba","02007","Comuna 1",1,12,47,0,0,62,116,1,1,24,33,38,56,3,14,3,411
"020072010","02","Caba","02007","Comuna 1",2,7,43,0,1,71,169,0,2,23,53,55,100,3,21,4,554
"020072101","02","Caba","02007","Comuna 1",0,10,31,0,1,41,72,0,1,6,35,15,65,2,12,5,296
"020072102","02","Caba","02007","Comuna 1",1,11,23,1,0,59,106,0,1,24,51,42,78,8,26,8,439
"020072103","02","Caba","02007","Comuna 1",2,11,50,0,0,40,92,0,1,18,52,40,70,0,13,1,390
"020072104","02","Caba","02007","Comuna 1",3,26,77,2,1,120,202,1,4,18,78,61,118,3,23,6,743
"020072105","02","Caba","02007","Comuna 1",2,18,43,0,0,65,145,0,1,19,58,48,76,2,13,6,496
"020072106","02","Caba","02007","Comuna 1",1,10,43,0,0,50,114,0,0,20,51,36,68,2,16,2,413
"020072107","02","Caba","02007","Comuna 1",2,11,53,1,4,64,154,0,2,24,55,46,75,4,20,9,524
"020072108","02","Caba","02007","Comuna 1",1,13,19,0,1,30,88,0,1,12,46,34,60,4,14,1,324
"020072109","02","Caba","02007","Comuna 1",1,9,43,0,4,59,119,0,2,21,54,52,66,2,23,1,456
"020072110","02","Caba","02007","Comuna 1",1,17,44,1,0,53,128,2,5,20,69,48,93,3,34,2,520
"020072201","02","Caba","02007","Comuna 1",4,5,31,0,2,42,96,0,0,13,75,49,132,7,39,3,498
"020072202","02","Caba","02007","Comuna 1",6,9,44,0,0,40,123,2,3,25,67,51,107,1,24,8,510
"020072203","02","Caba","02007","Comuna 1",6,14,35,1,1,68,136,2,0,23,59,34,67,4,31,3,484
"020072204","02","Caba","02007","Comuna 1",2,7,24,0,0,30,68,0,1,16,49,32,48,0,22,4,303
"020072205","02","Caba","02007","Comuna 1",3,5,16,0,0,31,68,0,1,11,39,22,68,6,19,7,296
"020072206","02","Caba","02007","Comuna 1",8,6,25,0,1,23,81,1,2,17,34,27,103,1,28,4,361
"020072207","02","Caba","02007","Comuna 1",1,2,30,0,0,37,101,2,1,11,41,37,96,4,22,3,388
"020072208","02","Caba","02007","Comuna 1",0,8,40,0,0,49,106,4,10,13,61,44,75,0,22,1,433
"020072209","02","Caba","02007","Comuna 1",6,18,56,1,1,70,153,1,2,23,79,68,110,5,26,10,629
"020072210","02","Caba","02007","Comuna 1",13,28,95,0,1,108,246,2,2,36,102,82,144,8,53,7,927
"020072301","02","Caba","02007","Comuna 1",4,3,28,0,0,43,101,0,3,22,68,59,94,9,18,2,454
"020072302","02","Caba","02007","Comuna 1",0,6,14,1,0,25,75,0,1,12,57,33,91,5,24,3,347
"020072303","02","Caba","02007","Comuna 1",1,8,30,0,2,56,137,0,2,27,75,51,100,4,29,5,527
"020072304","02","Caba","02007","Comuna 1",0,4,17,1,0,16,60,0,1,17,22,13,32,2,11,2,198
"020072305","02","Caba","02007","Comuna 1",0,9,30,0,0,38,96,0,0,15,37,30,47,2,23,4,331
"020072306","02","Caba","02007","Comuna 1",1,2,23,0,2,40,69,1,1,17,46,30,80,4,27,2,345
"020072307","02","Caba","02007","Comuna 1",0,7,34,0,0,40,71,2,1,9,35,35,53,0,17,2,306
"020072308","02","Caba","02007","Comuna 1",1,5,27,0,0,32,102,0,1,13,47,51,86,4,44,2,415
"020072309","02","Caba","02007","Comuna 1",2,14,51,1,1,49,128,1,1,16,93,55,111,7,37,3,570
"020072310","02","Caba","02007","Comuna 1",0,5,19,0,0,10,36,0,1,4,27,12,33,1,19,1,168
"020072401","02","Caba","02007","Comuna 1",0,7,15,0,0,18,47,0,2,3,22,21,26,5,18,3,187
"020072402","02","Caba","02007","Comuna 1",0,3,8,0,0,23,65,0,2,16,50,45,123,4,52,4,395
"020072403","02","Caba","02007","Comuna 1",0,4,32,1,0,30,68,0,1,18,38,42,68,2,24,2,330
"020072404","02","Caba","02007","Comuna 1",2,4,18,0,0,25,60,0,0,12,26,33,54,2,13,3,252
"020072405","02","Caba","02007","Comuna 1",0,5,10,0,0,22,50,0,4,5,26,31,47,0,25,0,225
"020072406","02","Caba","02007","Comuna 1",0,7,32,0,0,51,131,0,1,19,95,67,138,5,41,4,591
"020072407","02","Caba","02007","Comuna 1",1,8,43,0,2,55,133,0,2,22,71,54,169,5,43,8,616
"020072408","02","Caba","02007","Comuna 1",0,8,28,0,0,29,73,0,1,7,33,27,67,2,13,4,292
"020072501","02","Caba","02007","Comuna 1",2,4,13,0,1,25,67,0,1,14,31,35,76,3,15,1,288
"020072502","02","Caba","02007","Comuna 1",8,9,12,0,1,28,74,0,1,11,37,30,64,4,16,4,299
"020072503","02","Caba","02007","Comuna 1",0,6,26,0,0,36,61,1,0,15,37,38,65,4,19,5,313
"020072504","02","Caba","02007","Comuna 1",0,8,41,1,1,54,125,0,7,33,69,54,105,2,28,1,529
"020072505","02","Caba","02007","Comuna 1",0,6,30,0,0,42,110,0,0,9,60,34,72,7,25,2,397
"020072506","02","Caba","02007","Comuna 1",0,8,44,0,0,30,100,0,1,14,57,41,58,4,16,4,377
"020072507","02","Caba","02007","Comuna 1",0,5,30,0,1,27,70,1,1,8,28,25,57,4,23,3,283
"020072508","02","Caba","02007","Comuna 1",3,16,37,0,0,50,100,0,5,26,59,54,78,6,23,3,460
"020072509","02","Caba","02007","Comuna 1",0,4,11,0,1,33,50,0,1,14,46,29,43,4,26,4,266
"020072510","02","Caba","02007","Comuna 1",0,11,25,0,1,23,79,1,0,13,50,34,72,4,20,3,336
"020072511","02","Caba","02007","Comuna 1",1,5,26,0,0,13,48,3,0,11,51,35,80,3,42,3,321
"020072601","02","Caba","02007","Comuna 1",3,7,25,0,0,17,51,0,1,8,22,19,32,2,15,4,206
"020072602","02","Caba","02007","Comuna 1",4,7,25,1,0,45,102,0,2,17,51,56,67,8,29,5,419
"020072603","02","Caba","02007","Comuna 1",2,2,20,0,1,29,71,0,0,19,31,42,65,5,21,1,309
"020072604","02","Caba","02007","Comuna 1",9,6,27,0,1,21,86,1,3,27,50,36,96,3,24,3,393
"020072605","02","Caba","02007","Comuna 1",8,13,37,1,0,79,162,0,2,24,101,83,178,3,50,8,749
"020072606","02","Caba","02007","Comuna 1",6,1,21,0,0,22,65,0,4,11,35,31,52,2,11,0,261
"020072607","02","Caba","02007","Comuna 1",10,3,23,0,1,24,88,0,1,7,65,56,110,5,24,3,420
"020072608","02","Caba","02007","Comuna 1",1,5,31,0,0,26,93,0,0,14,49,33,84,6,25,5,372
"020072609","02","Caba","02007","Comuna 1",6,9,44,1,3,54,121,0,2,20,56,63,111,3,31,4,528
"020072701","02","Caba","02007","Comuna 1",0,8,31,0,1,39,63,0,1,8,40,20,40,1,10,1,263
"020072702","02","Caba","02007","Comuna 1",5,24,73,0,0,79,111,1,4,14,31,26,27,1,5,5,406
"020072703","02","Caba","02007","Comuna 1",2,14,55,1,3,76,125,0,0,12,31,26,33,0,5,4,387
"020072704","02","Caba","02007","Comuna 1",2,23,68,1,2,68,107,0,1,19,39,19,37,0,4,4,394
"020072705","02","Caba","02007","Comuna 1",1,12,40,0,1,61,102,0,2,10,37,26,36,0,7,3,338
"020072706","02","Caba","02007","Comuna 1",2,35,75,0,1,107,133,0,1,12,23,20,20,4,3,3,439
"020072707","02","Caba","02007","Comuna 1",0,17,83,0,1,78,98,1,5,15,30,19,17,2,2,10,378
"020072708","02","Caba","02007","Comuna 1",2,27,77,0,0,93,176,0,1,13,65,45,82,1,19,5,606
"020072709","02","Caba","02007","Comuna 1",1,21,49,1,0,70,139,0,2,16,41,31,59,3,11,8,452
"020072710","02","Caba","02007","Comuna 1",2,7,21,0,0,26,67,0,2,13,33,37,78,2,33,2,323
"020072801","02","Caba","02007","Comuna 1",1,5,23,0,0,19,68,1,0,9,39,14,33,0,10,2,224
"020072802","02","Caba","02007","Comuna 1",3,16,50,0,1,68,108,3,0,12,31,32,37,2,6,8,377
"020072803","02","Caba","02007","Comuna 1",4,10,37,0,0,70,115,0,0,12,31,24,33,2,10,0,348
"020072804","02","Caba","02007","Comuna 1",0,12,47,0,0,39,120,1,5,14,33,22,55,5,9,4,366
"020072805","02","Caba","02007","Comuna 1",4,14,61,0,0,84,137,2,2,32,46,33,43,2,15,9,484
"020072806","02","Caba","02007","Comuna 1",5,21,64,2,1,98,177,0,1,14,26,28,24,0,4,3,468
"020072807","02","Caba","02007","Comuna 1",1,8,27,0,1,51,118,0,1,10,38,28,56,1,12,4,356
"020072808","02","Caba","02007","Comuna 1",1,12,26,0,0,21,49,0,0,5,10,12,19,2,4,2,163
"020072809","02","Caba","02007","Comuna 1",8,18,85,1,0,90,196,0,3,22,48,55,54,2,8,7,597
"020072810","02","Caba","02007","Comuna 1",3,36,72,0,1,141,195,1,0,21,50,35,54,1,8,9,627
"020072811","02","Caba","02007","Comuna 1",12,31,65,2,2,109,138,4,7,14,30,41,21,4,12,4,496
"020072812","02","Caba","02007","Comuna 1",2,9,42,2,1,57,103,4,0,7,29,28,22,2,7,5,320
"020072813","02","Caba","02007","Comuna 1",3,12,56,0,0,72,131,0,0,12,40,43,42,1,17,7,436
"020072901","02","Caba","02007","Comuna 1",13,16,84,0,6,117,213,2,10,15,62,33,71,6,15,12,675
"020072902","02","Caba","02007","Comuna 1",3,34,58,0,0,85,134,1,3,5,27,27,26,0,3,6,412
"020072903","02","Caba","02007","Comuna 1",3,34,83,0,2,84,137,0,5,18,25,18,24,3,8,8,452
"020072904","02","Caba","02007","Comuna 1",2,21,47,2,0,64,142,0,0,13,41,34,59,3,10,5,443
"020072905","02","Caba","02007","Comuna 1",0,27,91,0,0,111,170,3,4,28,50,55,56,1,23,2,621
"020072906","02","Caba","02007","Comuna 1",0,16,43,0,2,66,126,2,1,24,73,37,119,2,36,5,552
"020072907","02","Caba","02007","Comuna 1",3,8,59,1,0,56,120,0,0,24,37,41,59,2,14,6,430
"020072908","02","Caba","02007","Comuna 1",2,17,63,0,2,77,115,0,2,12,33,27,41,1,6,7,405
"020072909","02","Caba","02007","Comuna 1",4,14,81,1,0,95,172,0,1,29,62,31,61,2,13,7,573
"020073001","02","Caba","02007","Comuna 1",9,36,63,1,0,71,138,5,0,10,15,9,5,1,4,2,369
"020073002","02","Caba","02007","Comuna 1",7,46,67,0,0,99,151,0,1,9,17,9,13,1,0,2,422
"020073003","02","Caba","02007","Comuna 1",5,32,63,0,1,52,61,0,2,2,9,2,5,0,2,3,239
"020073004","02","Caba","02007","Comuna 1",2,29,49,1,0,62,78,1,0,7,11,2,7,0,0,4,253
"020073005","02","Caba","02007","Comuna 1",1,10,27,0,0,32,48,0,2,2,2,4,1,0,1,3,133
"020073006","02","Caba","02007","Comuna 1",11,39,70,0,1,88,131,0,0,13,7,4,4,1,0,2,371
"020073007","02","Caba","02007","Comuna 1",6,45,61,0,0,89,130,0,2,3,9,5,6,2,5,0,363
"020073008","02","Caba","02007","Comuna 1",24,38,78,1,0,42,104,1,2,5,6,4,5,1,3,1,315
"020073009","02","Caba","02007","Comuna 1",4,26,62,1,1,43,128,0,2,12,10,6,5,0,1,0,301
"020073010","02","Caba","02007","Comuna 1",10,24,50,0,1,66,160,0,1,4,13,4,9,3,0,1,346
"020073011","02","Caba","02007","Comuna 1",10,40,61,0,0,106,165,0,1,4,20,7,13,0,2,4,433
"020073012","02","Caba","02007","Comuna 1",13,47,74,0,0,112,207,1,0,10,21,12,10,0,1,6,514
"020073013","02","Caba","02007","Comuna 1",10,44,67,0,0,80,114,0,0,5,5,5,3,0,1,2,336
"020140101","02","Caba","02014","Comuna 2",0,1,2,0,0,6,5,0,2,0,6,1,4,0,1,1,29
"020140102","02","Caba","02014","Comuna 2",2,23,37,0,5,71,86,0,1,6,15,7,10,2,6,3,274
"020140201","02","Caba","02014","Comuna 2",2,8,19,0,0,20,55,1,4,8,55,29,166,9,65,1,442
"020140202","02","Caba","02014","Comuna 2",0,1,24,0,4,32,78,0,2,10,68,60,252,9,109,7,656
"020140203","02","Caba","02014","Comuna 2",0,6,22,0,2,20,63,0,2,11,33,35,140,3,81,0,418
"020140204","02","Caba","02014","Comuna 2",2,3,11,0,0,17,52,0,1,7,54,37,136,8,80,10,418
"020140205","02","Caba","02014","Comuna 2",0,2,16,0,0,24,78,0,2,4,48,31,148,8,68,1,430
"020140206","02","Caba","02014","Comuna 2",0,9,9,0,1,9,50,0,3,11,23,34,115,5,60,2,331
"020140207","02","Caba","02014","Comuna 2",0,1,11,0,0,10,23,1,1,6,25,25,84,5,30,1,223
"020140208","02","Caba","02014","Comuna 2",0,4,16,0,0,16,65,0,1,10,55,31,169,1,90,4,462
"020140301","02","Caba","02014","Comuna 2",0,2,24,0,1,23,97,0,3,13,72,56,196,9,82,9,587
"020140302","02","Caba","02014","Comuna 2",1,1,18,0,2,38,89,0,0,13,72,48,176,5,71,5,539
"020140303","02","Caba","02014","Comuna 2",0,3,14,0,0,6,35,0,2,2,26,21,68,1,32,2,212
"020140304","02","Caba","02014","Comuna 2",1,1,10,0,0,5,45,0,0,2,35,21,76,7,45,0,248
"020140305","02","Caba","02014","Comuna 2",1,3,16,0,0,7,61,0,0,13,50,34,159,14,85,1,444
"020140306","02","Caba","02014","Comuna 2",6,2,17,0,0,23,58,0,4,16,65,64,188,8,76,4,531
"020140307","02","Caba","02014","Comuna 2",3,4,18,0,0,22,79,0,0,13,61,50,224,4,114,3,595
"020140308","02","Caba","02014","Comuna 2",1,0,7,0,0,19,67,0,1,12,47,34,163,5,80,6,442
"020140401","02","Caba","02014","Comuna 2",1,3,11,0,1,17,92,0,1,19,75,27,205,7,94,5,558
"020140402","02","Caba","02014","Comuna 2",0,1,9,0,0,8,41,0,1,3,21,14,59,2,39,1,199
"020140403","02","Caba","02014","Comuna 2",1,3,13,0,1,13,43,0,0,3,28,27,100,6,51,6,295
"020140404","02","Caba","02014","Comuna 2",0,4,10,0,1,16,66,0,1,10,60,36,132,4,42,3,385
"020140405","02","Caba","02014","Comuna 2",4,6,24,1,0,18,78,0,0,6,57,55,186,7,87,4,533
"020140406","02","Caba","02014","Comuna 2",1,2,17,0,0,10,50,0,5,11,39,24,150,2,56,4,371
"020140407","02","Caba","02014","Comuna 2",0,8,13,0,0,7,63,0,3,16,51,39,148,2,62,5,417
"020140408","02","Caba","02014","Comuna 2",2,5,22,0,0,17,106,0,0,16,52,52,203,6,121,8,610
"020140409","02","Caba","02014","Comuna 2",0,2,23,1,0,12,73,1,3,7,62,38,162,3,92,5,484
"020140410","02","Caba","02014","Comuna 2",2,3,21,0,0,28,106,0,4,17,83,61,261,11,125,4,726
"020140501","02","Caba","02014","Comuna 2",4,5,26,0,0,18,84,1,3,13,51,44,178,5,75,4,511
"020140502","02","Caba","02014","Comuna 2",0,12,25,0,0,30,78,1,2,15,43,39,213,9,86,8,561
"020140503","02","Caba","02014","Comuna 2",2,5,20,0,1,11,69,0,1,12,46,36,174,5,64,1,447
"020140504","02","Caba","02014","Comuna 2",0,5,14,0,1,24,67,0,2,11,47,29,151,4,77,4,436
"020140505","02","Caba","02014","Comuna 2",3,6,20,0,0,20,111,0,2,24,62,64,217,6,79,10,624
"020140506","02","Caba","02014","Comuna 2",4,4,30,0,0,14,115,0,1,19,66,35,188,3,111,4,594
"020140507","02","Caba","02014","Comuna 2",1,4,13,1,0,21,122,0,3,14,58,50,212,10,110,8,627
"020140508","02","Caba","02014","Comuna 2",3,1,15,0,1,12,85,0,2,9,39,29,153,6,68,3,426
"020140509","02","Caba","02014","Comuna 2",0,2,11,0,0,14,42,1,0,6,52,23,116,2,52,3,324
"020140601","02","Caba","02014","Comuna 2",0,3,21,0,0,15,61,0,3,11,38,25,136,2,54,0,369
"020140602","02","Caba","02014","Comuna 2",2,9,34,0,0,33,148,0,5,24,97,80,283,7,165,9,896
"020140603","02","Caba","02014","Comuna 2",0,5,15,0,1,10,39,0,0,2,34,27,138,5,74,2,352
"020140604","02","Caba","02014","Comuna 2",0,3,29,0,9,20,71,0,1,9,57,41,191,11,93,7,542
"020140605","02","Caba","02014","Comuna 2",0,0,12,0,0,16,54,0,3,8,41,32,98,4,41,0,309
"020140606","02","Caba","02014","Comuna 2",0,2,16,1,1,18,84,0,2,13,47,45,173,2,65,3,472
"020140607","02","Caba","02014","Comuna 2",0,2,8,0,0,11,33,0,0,9,32,27,85,1,39,0,247
"020140608","02","Caba","02014","Comuna 2",2,3,22,0,1,17,48,0,0,9,48,31,96,8,60,6,351
"020140609","02","Caba","02014","Comuna 2",1,3,25,0,0,9,63,1,4,6,39,28,117,6,47,7,356
"020140610","02","Caba","02014","Comuna 2",1,2,16,1,0,13,60,0,4,9,38,29,91,4,39,3,310
"020140701","02","Caba","02014","Comuna 2",6,11,35,0,1,32,133,0,1,30,115,81,334,11,173,8,971
"020140702","02","Caba","02014","Comuna 2",1,3,32,0,0,25,108,0,2,20,72,63,230,9,89,5,659
"020140703","02","Caba","02014","Comuna 2",2,4,28,2,3,27,98,2,1,12,74,48,208,14,117,5,645
"020140704","02","Caba","02014","Comuna 2",0,3,21,0,1,14,79,0,1,15,57,46,152,13,91,5,498
"020140705","02","Caba","02014","Comuna 2",0,1,13,1,0,12,62,0,2,4,38,42,123,5,54,3,360
"020140706","02","Caba","02014","Comuna 2",0,2,18,0,1,22,75,0,2,9,63,43,147,7,66,5,460
"020140707","02","Caba","02014","Comuna 2",1,4,24,0,1,27,82,0,3,20,66,57,231,11,100,8,635
"020140708","02","Caba","02014","Comuna 2",0,6,15,0,0,17,48,0,0,13,33,16,82,1,29,4,264
"020140709","02","Caba","02014","Comuna 2",0,3,21,0,1,23,64,0,0,7,58,42,133,4,49,5,410
"020140801","02","Caba","02014","Comuna 2",0,1,10,0,0,17,58,0,2,11,48,45,129,3,69,9,402
"020140802","02","Caba","02014","Comuna 2",1,3,24,0,0,13,87,0,2,11,57,45,209,6,71,4,533
"020140803","02","Caba","02014","Comuna 2",9,8,28,0,0,26,111,0,3,21,63,75,220,10,116,2,692
"020140804","02","Caba","02014","Comuna 2",3,7,23,1,0,33,108,0,1,16,84,68,267,10,138,10,769
"020140805","02","Caba","02014","Comuna 2",4,5,11,0,0,21,95,0,5,21,80,65,263,10,80,3,663
"020140806","02","Caba","02014","Comuna 2",0,7,29,1,1,35,123,1,2,22,98,58,256,9,136,7,785
"020140807","02","Caba","02014","Comuna 2",1,5,54,0,1,36,220,1,13,52,161,112,500,18,222,6,1402
"020140808","02","Caba","02014","Comuna 2",7,4,23,0,3,11,101,2,3,21,72,45,219,6,111,9,637
"020140901","02","Caba","02014","Comuna 2",0,2,13,1,0,13,61,1,2,12,45,33,164,9,52,2,410
"020140902","02","Caba","02014","Comuna 2",3,3,13,0,1,14,59,0,0,11,48,42,131,6,81,2,414
"020140903","02","Caba","02014","Comuna 2",0,6,26,0,0,21,89,0,5,16,58,48,209,12,84,4,578
"020140904","02","Caba","02014","Comuna 2",0,6,23,0,2,27,96,0,7,23,85,62,200,10,94,9,644
"020140905","02","Caba","02014","Comuna 2",8,3,24,0,1,31,104,0,7,18,88,60,228,3,95,6,676
"020140906","02","Caba","02014","Comuna 2",3,7,27,0,1,23,105,0,5,13,72,66,228,13,83,5,651
"020140907","02","Caba","02014","Comuna 2",12,3,17,0,2,30,75,0,1,16,62,61,196,11,72,4,562
"020140908","02","Caba","02014","Comuna 2",5,12,24,0,1,52,142,0,4,22,104,83,333,15,102,3,902
"020140909","02","Caba","02014","Comuna 2",0,7,30,0,0,20,130,4,4,30,92,64,295,20,98,3,797
"020141001","02","Caba","02014","Comuna 2",4,2,21,0,0,26,100,0,3,27,67,52,217,19,87,3,628
"020141002","02","Caba","02014","Comuna 2",3,8,12,0,2,13,62,1,1,16,60,48,128,8,42,4,408
"020141003","02","Caba","02014","Comuna 2",0,3,15,0,0,11,45,0,1,9,62,28,132,6,59,1,372
"020141004","02","Caba","02014","Comuna 2",0,1,21,0,0,17,80,0,3,17,59,69,226,10,103,2,608
"020141005","02","Caba","02014","Comuna 2",1,1,14,0,0,16,91,0,2,16,71,62,160,6,46,1,487
"020141006","02","Caba","02014","Comuna 2",2,1,16,0,0,16,49,0,0,9,44,32,144,7,71,4,395
"020141007","02","Caba","02014","Comuna 2",0,8,26,0,0,17,96,1,0,19,82,80,235,14,95,9,682
"020141008","02","Caba","02014","Comuna 2",5,2,16,0,1,16,93,0,0,13,66,55,222,4,73,1,567
"020141009","02","Caba","02014","Comuna 2",0,7,14,0,0,12,61,0,4,6,55,47,141,4,59,0,410
"020141101","02","Caba","02014","Comuna 2",3,5,28,0,1,38,114,0,3,19,107,55,252,15,135,4,779
"020141102","02","Caba","02014","Comuna 2",0,1,13,0,0,11,44,0,0,8,30,26,133,3,35,3,307
"020141103","02","Caba","02014","Comuna 2",13,9,20,0,1,36,98,1,2,25,98,84,306,25,153,9,880
"020141104","02","Caba","02014","Comuna 2",2,10,25,0,1,38,115,1,2,33,105,75,286,12,132,9,846
"020141105","02","Caba","02014","Comuna 2",3,3,9,0,0,11,37,0,1,11,36,30,136,6,61,2,346
"020141106","02","Caba","02014","Comuna 2",3,3,16,0,1,20,55,0,0,15,52,53,150,6,63,3,440
"020141201","02","Caba","02014","Comuna 2",1,2,14,0,1,16,85,0,3,15,65,43,179,6,92,5,527
"020141202","02","Caba","02014","Comuna 2",0,2,14,0,0,16,72,1,0,17,50,38,152,7,74,4,447
"020141203","02","Caba","02014","Comuna 2",0,5,25,0,0,26,72,0,0,10,67,49,186,7,69,7,523
"020141204","02","Caba","02014","Comuna 2",5,2,26,1,2,21,109,1,2,23,105,74,297,9,105,5,787
"020141205","02","Caba","02014","Comuna 2",6,6,21,0,0,34,112,0,4,25,101,55,234,13,106,4,721
"020141206","02","Caba","02014","Comuna 2",4,4,26,0,0,18,54,0,0,7,56,45,178,5,79,0,476
"020141207","02","Caba","02014","Comuna 2",0,2,11,0,0,16,29,0,1,5,37,27,109,5,50,1,293
"020141301","02","Caba","02014","Comuna 2",0,4,26,0,0,33,119,0,10,19,80,62,261,9,105,6,734
"020141302","02","Caba","02014","Comuna 2",5,3,24,0,0,20,69,0,2,16,67,50,213,14,83,2,568
"020141303","02","Caba","02014","Comuna 2",4,7,19,0,0,23,73,0,1,17,74,65,244,8,89,4,628
"020141304","02","Caba","02014","Comuna 2",1,2,17,0,0,21,93,2,2,11,68,55,217,14,101,9,613
"020141305","02","Caba","02014","Comuna 2",2,5,15,0,0,20,84,0,3,33,79,60,206,5,104,6,622
"020141306","02","Caba","02014","Comuna 2",0,2,23,0,1,16,67,0,2,7,46,43,157,8,72,3,447
"020141307","02","Caba","02014","Comuna 2",0,9,28,0,2,30,134,0,3,14,93,81,255,7,106,14,776
"020141401","02","Caba","02014","Comuna 2",0,2,18,0,0,14,50,0,1,13,39,32,103,5,50,3,330
"020141402","02","Caba","02014","Comuna 2",0,2,12,0,0,8,51,0,2,8,39,37,118,5,46,3,331
"020141403","02","Caba","02014","Comuna 2",0,5,7,0,0,10,27,0,1,11,34,25,90,5,40,1,256
"020141404","02","Caba","02014","Comuna 2",0,3,14,0,0,19,73,0,1,16,50,49,157,8,61,5,456
"020141405","02","Caba","02014","Comuna 2",1,6,19,0,0,30,69,0,0,19,64,45,180,5,78,5,521
"020141406","02","Caba","02014","Comuna 2",5,6,31,0,0,24,94,0,2,22,84,70,249,5,116,4,712
"020141407","02","Caba","02014","Comuna 2",4,2,16,0,3,30,84,0,7,9,58,48,159,20,92,6,538
"020141408","02","Caba","02014","Comuna 2",5,5,23,0,0,27,71,2,2,21,70,52,184,10,59,3,534
"020141409","02","Caba","02014","Comuna 2",0,8,29,0,1,38,118,1,2,22,86,79,265,17,116,6,788
"020141410","02","Caba","02014","Comuna 2",6,7,37,0,0,37,103,0,1,14,80,58,223,10,92,7,675
"020141501","02","Caba","02014","Comuna 2",1,2,19,0,0,13,66,0,0,5,55,23,145,5,72,0,406
"020141502","02","Caba","02014","Comuna 2",2,5,17,0,0,21,63,0,1,11,45,65,151,8,88,2,479
"020141503","02","Caba","02014","Comuna 2",2,4,26,0,1,28,96,1,4,17,103,86,338,15,159,6,886
"020141504","02","Caba","02014","Comuna 2",1,2,23,0,0,11,69,0,4,9,66,35,141,7,71,4,443
"020141505","02","Caba","02014","Comuna 2",4,0,11,1,0,6,28,0,2,10,30,38,85,3,35,4,257
"020141506","02","Caba","02014","Comuna 2",1,5,20,0,0,18,79,0,0,9,53,35,157,7,71,3,458
"020141507","02","Caba","02014","Comuna 2",4,1,15,0,0,10,54,0,1,11,55,33,140,10,55,3,392
"020141508","02","Caba","02014","Comuna 2",5,1,17,1,0,18,78,0,3,14,49,40,176,10,80,5,497
"020141601","02","Caba","02014","Comuna 2",11,2,10,1,0,18,67,1,3,9,47,47,144,6,50,1,417
"020141602","02","Caba","02014","Comuna 2",0,3,23,0,0,14,76,1,3,8,39,43,175,9,73,1,468
"020141603","02","Caba","02014","Comuna 2",1,5,17,0,2,25,75,0,2,13,54,35,177,5,74,2,487
"020141604","02","Caba","02014","Comuna 2",3,3,10,0,0,19,63,0,2,8,47,36,126,9,79,3,408
"020141605","02","Caba","02014","Comuna 2",1,5,22,0,1,18,66,1,0,15,55,39,199,7,89,7,525
"020141606","02","Caba","02014","Comuna 2",10,3,16,0,1,11,82,0,2,9,57,52,151,8,71,4,477
"020141607","02","Caba","02014","Comuna 2",22,4,26,1,2,24,110,7,11,21,82,64,194,14,80,3,665
"020141608","02","Caba","02014","Comuna 2",0,5,14,0,0,14,75,4,2,7,47,25,153,7,66,3,422
"020141701","02","Caba","02014","Comuna 2",0,6,26,0,0,37,96,1,3,12,80,62,231,9,100,6,669
"020141702","02","Caba","02014","Comuna 2",1,2,27,0,0,16,85,1,1,9,85,44,193,6,69,4,543
"020141703","02","Caba","02014","Comuna 2",2,2,24,0,1,38,103,0,0,22,83,61,228,8,94,1,667
"020141704","02","Caba","02014","Comuna 2",0,1,9,0,0,16,45,0,1,8,39,17,78,7,39,4,264
"020141705","02","Caba","02014","Comuna 2",0,4,21,0,3,21,59,1,1,12,48,47,147,5,63,0,432
"020141706","02","Caba","02014","Comuna 2",7,7,26,2,2,37,116,0,1,24,82,64,234,7,109,10,728
"020141707","02","Caba","02014","Comuna 2",1,6,29,0,1,46,90,1,8,24,85,50,215,4,73,4,637
"020141708","02","Caba","02014","Comuna 2",8,9,36,0,1,19,81,0,4,12,74,44,167,8,60,3,526
"020141709","02","Caba","02014","Comuna 2",0,3,11,0,1,16,64,0,2,13,54,45,138,6,67,7,427
"020141801","02","Caba","02014","Comuna 2",7,1,22,0,0,27,95,0,2,15,75,44,201,13,91,1,594
"020141802","02","Caba","02014","Comuna 2",23,10,30,1,1,43,130,1,1,21,91,91,282,11,108,4,848
"020141803","02","Caba","02014","Comuna 2",0,5,28,0,0,24,80,0,3,16,72,50,183,3,86,4,554
"020141804","02","Caba","02014","Comuna 2",1,4,13,0,0,16,45,0,1,7,51,36,86,7,36,3,306
"020141805","02","Caba","02014","Comuna 2",2,2,16,1,0,25,69,0,1,10,53,39,123,9,53,5,408
"020141806","02","Caba","02014","Comuna 2",4,3,27,0,0,24,94,0,2,12,60,55,152,10,75,3,521
"020141807","02","Caba","02014","Comuna 2",0,4,19,0,0,17,70,0,2,14,47,32,134,10,55,2,406
"020141808","02","Caba","02014","Comuna 2",0,4,23,0,0,17,67,0,1,4,42,31,90,2,29,1,311
"020141901","02","Caba","02014","Comuna 2",0,12,23,0,0,18,105,0,0,17,68,43,170,4,57,6,523
"020141902","02","Caba","02014","Comuna 2",6,15,17,1,1,25,98,1,3,9,54,53,162,9,75,2,531
"020141903","02","Caba","02014","Comuna 2",2,3,27,0,0,21,80,0,1,10,44,44,138,3,65,1,439
"020141904","02","Caba","02014","Comuna 2",0,6,25,1,3,42,137,1,0,25,81,54,213,7,87,7,689
"020141905","02","Caba","02014","Comuna 2",0,4,17,0,0,16,62,0,0,13,55,42,117,13,67,3,409
"020141906","02","Caba","02014","Comuna 2",2,2,26,0,0,29,84,0,1,21,55,47,153,3,48,5,476
"020141907","02","Caba","02014","Comuna 2",1,4,24,0,0,24,86,0,4,12,55,56,119,2,51,3,441
"020141908","02","Caba","02014","Comuna 2",3,8,27,0,0,34,80,0,1,17,75,55,154,3,37,2,496
"020142001","02","Caba","02014","Comuna 2",0,6,24,0,1,37,92,0,3,15,91,49,161,8,63,3,553
"020142002","02","Caba","02014","Comuna 2",1,8,25,0,0,36,89,0,2,16,70,65,159,7,63,6,547
"020142003","02","Caba","02014","Comuna 2",7,11,32,0,1,27,102,0,4,17,94,45,170,12,80,5,607
"020142004","02","Caba","02014","Comuna 2",0,10,29,0,0,33,61,1,1,5,40,35,100,6,43,3,367
"020142005","02","Caba","02014","Comuna 2",3,12,25,0,1,26,86,0,3,10,54,39,156,6,44,8,473
"020142006","02","Caba","02014","Comuna 2",12,6,26,2,0,44,87,0,3,13,56,55,148,10,52,0,514
"020142007","02","Caba","02014","Comuna 2",2,6,23,0,1,29,124,0,3,12,59,58,150,7,77,8,559
"020142008","02","Caba","02014","Comuna 2",4,5,21,0,0,14,77,1,0,20,47,47,127,1,62,5,431
"020142009","02","Caba","02014","Comuna 2",0,0,20,1,0,12,69,1,4,14,31,29,84,3,30,7,305
"020142101","02","Caba","02014","Comuna 2",1,7,27,0,0,16,98,0,4,13,67,45,226,9,116,4,633
"020142102","02","Caba","02014","Comuna 2",1,9,31,0,1,22,114,0,2,28,83,63,233,13,104,5,709
"020142103","02","Caba","02014","Comuna 2",2,10,17,1,0,26,83,4,8,20,62,49,161,6,59,5,513
"020142104","02","Caba","02014","Comuna 2",2,7,28,0,1,36,105,0,8,18,89,53,235,5,102,4,693
"020142105","02","Caba","02014","Comuna 2",3,8,30,0,0,43,109,0,4,18,70,46,207,9,59,3,609
"020142106","02","Caba","02014","Comuna 2",2,2,24,0,0,25,93,0,1,14,57,58,158,4,55,7,500
"020142201","02","Caba","02014","Comuna 2",1,6,24,0,0,23,49,0,1,11,58,47,160,13,61,2,456
"020142202","02","Caba","02014","Comuna 2",5,8,22,0,0,19,41,1,2,6,66,42,134,8,71,2,427
"020142203","02","Caba","02014","Comuna 2",0,3,10,0,1,12,52,0,1,6,31,44,159,11,82,5,417
"020142204","02","Caba","02014","Comuna 2",0,2,23,0,1,12,84,1,3,14,80,49,188,16,89,1,563
"020142205","02","Caba","02014","Comuna 2",6,6,30,0,0,31,97,0,3,13,80,57,246,10,120,5,704
"020142206","02","Caba","02014","Comuna 2",4,5,18,0,1,30,95,1,8,14,65,71,245,12,73,4,646
"020142301","02","Caba","02014","Comuna 2",0,3,17,1,0,16,60,0,3,12,51,33,144,3,67,0,410
"020142302","02","Caba","02014","Comuna 2",0,4,22,0,0,13,67,1,0,11,63,35,192,9,87,1,505
"020142303","02","Caba","02014","Comuna 2",1,6,18,0,0,25,80,0,0,13,74,47,212,13,93,5,587
"020142304","02","Caba","02014","Comuna 2",1,3,19,0,1,17,62,0,1,12,60,51,190,4,57,2,480
"020142305","02","Caba","02014","Comuna 2",3,3,7,0,0,17,54,0,0,8,38,33,119,7,60,4,353
"020142306","02","Caba","02014","Comuna 2",1,0,3,1,0,5,23,0,0,3,30,10,55,5,21,0,157
"020142307","02","Caba","02014","Comuna 2",0,1,8,0,0,6,45,0,0,3,41,26,113,5,26,1,275
"020142308","02","Caba","02014","Comuna 2",2,2,5,0,0,6,41,0,0,4,16,22,70,6,42,3,219
"020142309","02","Caba","02014","Comuna 2",8,2,17,0,0,23,82,0,3,10,68,48,223,6,80,5,575
"020142401","02","Caba","02014","Comuna 2",21,3,23,2,2,18,72,0,3,17,73,74,202,11,86,1,608
"020142402","02","Caba","02014","Comuna 2",2,1,13,0,0,15,66,0,0,12,46,35,118,11,61,2,382
"020142403","02","Caba","02014","Comuna 2",19,2,15,1,0,29,57,1,6,10,66,51,195,5,84,3,544
"020142404","02","Caba","02014","Comuna 2",5,1,23,0,2,20,67,1,3,11,76,59,205,16,85,1,575
"020142405","02","Caba","02014","Comuna 2",1,2,22,0,0,23,109,1,3,16,87,79,195,11,88,7,644
"020142406","02","Caba","02014","Comuna 2",0,6,36,0,0,27,96,0,2,5,68,48,240,13,110,5,656
"020142501","02","Caba","02014","Comuna 2",3,1,26,0,0,25,53,1,1,12,36,47,94,9,40,2,350
"020142502","02","Caba","02014","Comuna 2",27,5,21,0,0,21,76,0,1,19,55,52,159,12,58,1,507
"020142503","02","Caba","02014","Comuna 2",0,1,8,0,0,7,39,0,0,5,28,23,63,3,28,1,206
"020142504","02","Caba","02014","Comuna 2",4,10,15,0,0,23,87,0,4,21,59,47,146,5,43,3,467
"020142505","02","Caba","02014","Comuna 2",1,4,11,0,1,21,89,0,1,20,69,46,136,3,64,5,471
"020142506","02","Caba","02014","Comuna 2",5,7,32,0,2,38,64,0,6,10,37,43,113,10,33,3,403
"020142507","02","Caba","02014","Comuna 2",4,9,30,0,1,22,66,0,3,17,71,41,117,3,59,2,445
"020142508","02","Caba","02014","Comuna 2",0,6,27,0,0,18,59,0,0,11,50,39,141,7,64,0,422
"020142509","02","Caba","02014","Comuna 2",23,2,18,0,0,22,77,0,5,14,68,76,184,10,76,2,577
"020142510","02","Caba","02014","Comuna 2",0,1,23,0,1,22,66,1,0,11,49,31,86,5,34,2,332
"020142511","02","Caba","02014","Comuna 2",1,2,12,0,0,11,52,0,0,7,36,38,88,4,34,4,289
"020142512","02","Caba","02014","Comuna 2",0,3,13,0,0,24,62,0,2,12,63,41,115,12,57,3,407
"020142513","02","Caba","02014","Comuna 2",1,1,14,0,0,21,55,0,4,13,32,31,100,5,35,2,314
"020210101","02","Caba","02021","Comuna 3",0,5,23,1,2,33,115,0,0,16,46,25,71,5,17,8,367
"020210102","02","Caba","02021","Comuna 3",1,9,42,0,0,23,115,0,4,17,74,60,130,9,46,5,535
"020210103","02","Caba","02021","Comuna 3",0,9,55,2,0,34,115,0,4,17,66,48,110,2,35,4,501
"020210104","02","Caba","02021","Comuna 3",0,5,26,0,0,17,66,0,1,7,38,21,60,1,17,4,263
"020210105","02","Caba","02021","Comuna 3",4,9,56,0,0,62,113,0,4,24,60,36,90,8,21,2,489
"020210106","02","Caba","02021","Comuna 3",0,10,22,1,0,54,99,0,2,21,45,37,72,2,18,7,390
"020210107","02","Caba","02021","Comuna 3",2,12,60,0,0,52,96,0,4,6,47,25,46,1,10,5,366
"020210108","02","Caba","02021","Comuna 3",0,5,8,0,0,15,52,0,2,17,26,30,52,3,6,1,217
"020210109","02","Caba","02021","Comuna 3",0,12,37,0,0,56,121,1,1,14,47,36,107,2,26,12,472
"020210110","02","Caba","02021","Comuna 3",0,5,28,1,0,32,74,0,1,7,19,19,28,2,11,2,229
"020210111","02","Caba","02021","Comuna 3",2,4,27,0,0,41,101,0,2,18,45,21,61,3,23,6,354
"020210112","02","Caba","02021","Comuna 3",0,0,12,0,0,13,39,0,1,6,40,21,112,7,46,2,299
"020210201","02","Caba","02021","Comuna 3",2,2,44,1,0,43,143,0,0,14,66,58,103,7,32,4,519
"020210202","02","Caba","02021","Comuna 3",0,4,24,0,2,23,87,1,3,17,61,43,99,4,32,3,403
"020210203","02","Caba","02021","Comuna 3",1,2,18,0,0,16,60,0,1,9,51,27,57,0,13,2,257
"020210204","02","Caba","02021","Comuna 3",0,5,33,0,0,24,103,0,2,13,61,38,86,5,36,4,410
"020210205","02","Caba","02021","Comuna 3",2,12,71,0,1,75,179,1,1,30,71,49,79,6,21,2,600
"020210206","02","Caba","02021","Comuna 3",2,11,40,1,1,57,118,1,3,24,36,40,58,1,17,4,414
"020210207","02","Caba","02021","Comuna 3",5,12,67,0,2,55,159,1,1,25,66,37,96,3,37,14,580
"020210208","02","Caba","02021","Comuna 3",4,15,61,0,0,51,181,0,4,30,92,51,127,4,27,8,655
"020210209","02","Caba","02021","Comuna 3",6,7,66,0,0,37,199,1,1,14,56,41,81,2,22,13,546
"020210210","02","Caba","02021","Comuna 3",0,6,24,1,0,21,60,0,0,11,35,38,42,2,8,4,252
"020210211","02","Caba","02021","Comuna 3",0,9,33,0,0,46,106,0,1,12,39,45,80,6,22,6,405
"020210212","02","Caba","02021","Comuna 3",2,10,50,0,0,51,154,0,5,30,73,30,81,4,25,5,520
"020210301","02","Caba","02021","Comuna 3",0,4,41,0,0,53,185,0,3,34,69,57,146,8,47,4,651
"020210302","02","Caba","02021","Comuna 3",7,7,44,0,3,59,149,0,1,19,73,54,117,3,33,6,575
"020210303","02","Caba","02021","Comuna 3",11,15,74,0,0,69,132,1,1,24,52,34,76,6,30,4,529
"020210304","02","Caba","02021","Comuna 3",6,7,33,0,1,53,105,0,2,18,36,30,63,3,27,3,387
"020210305","02","Caba","02021","Comuna 3",9,1,26,0,2,31,123,1,1,12,52,34,96,4,34,3,429
"020210306","02","Caba","02021","Comuna 3",4,6,37,0,1,41,133,0,2,17,60,29,83,0,31,4,448
"020210307","02","Caba","02021","Comuna 3",0,7,52,0,1,44,206,0,4,15,50,46,92,7,24,5,553
"020210308","02","Caba","02021","Comuna 3",6,14,51,0,2,38,174,1,2,22,59,39,111,4,41,7,571
"020210309","02","Caba","02021","Comuna 3",2,3,22,0,0,19,43,0,0,10,45,26,58,1,21,5,255
"020210310","02","Caba","02021","Comuna 3",1,6,29,0,0,48,103,0,2,16,44,38,75,2,14,6,384
"020210311","02","Caba","02021","Comuna 3",7,12,48,0,1,44,156,0,4,20,63,38,75,3,18,2,491
"020210401","02","Caba","02021","Comuna 3",1,4,33,0,1,35,102,0,0,15,59,31,141,2,38,5,467
"020210402","02","Caba","02021","Comuna 3",1,6,32,0,0,34,99,0,0,20,45,55,65,1,23,2,383
"020210403","02","Caba","02021","Comuna 3",0,3,31,0,0,30,91,0,3,19,60,33,93,9,27,2,401
"020210404","02","Caba","02021","Comuna 3",3,3,36,0,1,56,144,0,0,28,64,33,84,1,36,11,500
"020210405","02","Caba","02021","Comuna 3",1,8,45,0,2,51,122,0,1,15,63,29,61,1,12,3,414
"020210406","02","Caba","02021","Comuna 3",1,10,28,0,1,63,113,1,3,16,67,53,103,2,27,4,492
"020210407","02","Caba","02021","Comuna 3",2,5,34,0,1,44,104,0,1,23,59,37,64,4,26,5,409
"020210408","02","Caba","02021","Comuna 3",0,12,17,0,0,44,94,0,1,9,37,16,69,3,10,4,316
"020210501","02","Caba","02021","Comuna 3",0,10,31,0,0,52,100,0,0,23,63,36,82,6,24,10,437
"020210502","02","Caba","02021","Comuna 3",2,4,32,1,0,33,98,0,1,14,45,38,110,3,24,5,410
"020210503","02","Caba","02021","Comuna 3",0,13,36,1,2,58,142,0,7,22,65,79,147,2,37,4,615
"020210504","02","Caba","02021","Comuna 3",2,5,15,0,0,29,72,0,3,7,43,31,103,3,25,0,338
"020210505","02","Caba","02021","Comuna 3",3,2,20,0,0,23,81,0,3,17,47,61,110,8,46,5,426
"020210506","02","Caba","02021","Comuna 3",0,0,11,0,0,16,43,1,0,9,30,27,66,5,47,8,263
"020210507","02","Caba","02021","Comuna 3",5,6,18,0,2,28,86,0,2,23,54,55,167,7,72,3,528
"020210601","02","Caba","02021","Comuna 3",5,6,48,1,1,40,137,1,6,24,90,54,143,9,42,5,612
"020210602","02","Caba","02021","Comuna 3",2,14,39,0,0,57,97,0,6,17,48,22,77,3,40,7,429
"020210603","02","Caba","02021","Comuna 3",0,7,21,1,3,26,99,0,0,13,47,45,149,10,44,6,471
"020210604","02","Caba","02021","Comuna 3",0,7,22,0,0,36,103,1,2,20,54,46,115,6,44,7,463
"020210605","02","Caba","02021","Comuna 3",0,11,42,1,1,52,99,0,1,21,48,44,91,1,29,3,444
"020210606","02","Caba","02021","Comuna 3",1,3,22,0,0,28,99,2,1,26,42,27,77,3,16,4,351
"020210607","02","Caba","02021","Comuna 3",0,13,37,0,1,46,107,0,4,26,55,36,93,4,23,7,452
"020210701","02","Caba","02021","Comuna 3",1,5,22,0,0,22,55,0,2,9,26,18,52,2,7,1,222
"020210702","02","Caba","02021","Comuna 3",0,10,47,1,1,53,137,0,2,18,75,51,153,4,37,5,594
"020210703","02","Caba","02021","Comuna 3",8,9,52,0,1,55,133,0,3,23,68,65,134,9,47,10,617
"020210704","02","Caba","02021","Comuna 3",0,12,46,0,0,41,127,3,9,16,63,51,160,4,43,5,580
"020210705","02","Caba","02021","Comuna 3",0,6,34,0,1,39,86,2,4,21,45,52,80,5,23,4,402
"020210706","02","Caba","02021","Comuna 3",1,5,29,0,0,27,96,0,8,16,48,33,85,7,36,4,395
"020210707","02","Caba","02021","Comuna 3",7,13,61,0,2,75,179,0,3,31,93,66,149,4,45,6,734
"020210708","02","Caba","02021","Comuna 3",4,1,16,0,0,25,63,2,2,12,44,23,77,3,24,1,297
"020210709","02","Caba","02021","Comuna 3",4,7,67,0,0,61,179,0,3,24,72,41,126,5,24,8,621
"020210801","02","Caba","02021","Comuna 3",2,8,49,0,0,57,141,0,3,21,48,43,100,3,24,5,504
"020210802","02","Caba","02021","Comuna 3",0,4,41,1,0,48,113,0,2,9,32,25,73,3,14,3,368
"020210803","02","Caba","02021","Comuna 3",1,8,56,0,1,65,189,0,4,17,76,46,82,1,29,6,581
"020210804","02","Caba","02021","Comuna 3",5,3,45,0,0,35,113,0,2,22,31,31,55,1,10,3,356
"020210805","02","Caba","02021","Comuna 3",12,6,10,0,0,38,80,0,5,22,29,25,58,1,13,3,302
"020210806","02","Caba","02021","Comuna 3",0,5,26,0,0,32,94,0,0,14,27,35,60,3,23,2,321
"020210807","02","Caba","02021","Comuna 3",5,14,48,0,0,55,108,0,0,16,28,29,44,0,11,1,359
"020210808","02","Caba","02021","Comuna 3",10,9,31,0,0,34,111,1,2,10,37,37,38,3,16,9,348
"020210809","02","Caba","02021","Comuna 3",4,16,44,2,0,44,133,1,9,21,51,44,58,0,13,5,445
"020210810","02","Caba","02021","Comuna 3",3,7,35,1,0,41,104,0,2,12,27,26,46,2,14,6,326
"020210901","02","Caba","02021","Comuna 3",7,14,66,0,0,61,121,3,1,26,57,55,90,7,35,9,552
"020210902","02","Caba","02021","Comuna 3",8,5,24,0,0,44,98,2,1,18,59,35,70,5,23,5,397
"020210903","02","Caba","02021","Comuna 3",4,22,57,0,0,76,195,5,0,36,80,76,106,4,33,12,706
"020210904","02","Caba","02021","Comuna 3",13,12,61,0,1,77,193,5,0,34,74,59,88,5,23,10,655
"020210905","02","Caba","02021","Comuna 3",10,7,41,0,1,40,126,2,3,9,40,32,50,1,18,9,389
"020210906","02","Caba","02021","Comuna 3",2,10,46,2,0,64,120,0,2,14,36,20,54,3,10,10,393
"020210907","02","Caba","02021","Comuna 3",2,17,66,0,0,77,117,1,0,15,50,27,55,4,9,6,446
"020210908","02","Caba","02021","Comuna 3",4,20,44,1,0,77,116,1,1,17,46,42,67,2,13,5,456
"020210909","02","Caba","02021","Comuna 3",37,10,59,0,0,56,138,1,8,32,88,71,115,6,36,3,660
"020210910","02","Caba","02021","Comuna 3",6,9,58,0,0,57,160,4,9,18,61,39,83,5,29,5,543
"020211001","02","Caba","02021","Comuna 3",1,15,48,0,2,64,173,2,8,14,72,42,77,2,17,4,541
"020211002","02","Caba","02021","Comuna 3",8,18,58,0,2,62,154,0,3,15,58,31,78,4,12,5,508
"020211003","02","Caba","02021","Comuna 3",5,5,25,3,0,46,100,0,0,10,41,17,48,1,18,4,323
"020211004","02","Caba","02021","Comuna 3",5,7,38,0,0,46,91,1,5,20,62,34,80,3,26,4,422
"020211005","02","Caba","02021","Comuna 3",2,13,28,1,0,50,86,0,0,12,53,36,62,4,25,4,376
"020211006","02","Caba","02021","Comuna 3",9,9,47,0,0,67,129,0,5,17,48,30,60,2,20,6,449
"020211007","02","Caba","02021","Comuna 3",0,5,50,2,0,52,133,0,2,19,56,36,72,2,20,8,457
"020211008","02","Caba","02021","Comuna 3",0,12,56,0,1,67,144,0,4,9,68,44,75,0,33,7,520
"020211009","02","Caba","02021","Comuna 3",1,1,10,0,0,11,24,0,3,5,10,6,22,0,2,0,95
"020211101","02","Caba","02021","Comuna 3",4,10,44,0,0,38,151,0,0,13,62,37,102,7,31,7,506
"020211102","02","Caba","02021","Comuna 3",5,14,63,0,1,62,156,1,2,17,71,48,97,5,35,7,584
"020211103","02","Caba","02021","Comuna 3",1,12,27,0,0,42,127,0,1,17,47,46,57,5,15,2,399
"020211104","02","Caba","02021","Comuna 3",5,7,32,0,1,26,106,2,1,21,71,60,140,4,42,4,522
"020211105","02","Caba","02021","Comuna 3",5,6,34,0,0,33,83,1,6,11,51,45,115,7,25,5,427
"020211106","02","Caba","02021","Comuna 3",0,15,55,0,1,63,145,2,3,19,89,65,162,7,54,3,683
"020211107","02","Caba","02021","Comuna 3",0,3,26,0,0,30,123,0,1,15,51,47,98,9,31,4,438
"020211108","02","Caba","02021","Comuna 3",0,13,37,0,1,41,123,0,2,17,66,50,96,5,36,15,502
"020211201","02","Caba","02021","Comuna 3",0,7,46,0,2,38,141,0,2,25,78,51,110,4,30,4,538
"020211202","02","Caba","02021","Comuna 3",31,15,55,1,0,70,163,1,8,26,81,68,133,9,39,10,710
"020211203","02","Caba","02021","Comuna 3",2,5,36,0,0,39,85,0,2,19,47,32,92,1,28,6,394
"020211204","02","Caba","02021","Comuna 3",6,7,32,0,0,34,87,0,2,12,53,26,52,5,18,3,337
"020211205","02","Caba","02021","Comuna 3",23,19,51,0,0,69,159,0,5,30,74,60,139,6,42,7,684
"020211206","02","Caba","02021","Comuna 3",1,7,27,0,0,20,50,0,1,6,13,14,22,1,16,5,183
"020211207","02","Caba","02021","Comuna 3",2,14,54,0,2,98,143,0,7,24,74,58,114,7,43,10,650
"020211208","02","Caba","02021","Comuna 3",43,13,42,1,0,51,115,0,9,21,69,60,92,3,33,5,557
"020211209","02","Caba","02021","Comuna 3",3,4,24,0,0,31,77,0,0,17,44,35,48,0,14,3,300
"020211210","02","Caba","02021","Comuna 3",5,11,42,0,2,60,161,1,4,21,55,33,70,4,22,9,500
"020211301","02","Caba","02021","Comuna 3",3,13,42,0,0,56,156,1,4,13,60,34,123,4,18,11,538
"020211302","02","Caba","02021","Comuna 3",2,11,64,0,0,72,150,0,1,25,52,44,59,1,7,9,497
"020211303","02","Caba","02021","Comuna 3",12,10,59,0,0,61,160,1,1,18,77,53,108,9,31,4,604
"020211304","02","Caba","02021","Comuna 3",6,14,22,0,0,29,87,0,1,11,43,31,71,3,22,2,342
"020211305","02","Caba","02021","Comuna 3",6,14,38,0,1,29,100,1,3,18,52,56,91,7,17,13,446
"020211306","02","Caba","02021","Comuna 3",2,6,44,0,0,52,127,2,3,21,58,37,102,2,21,7,484
"020211307","02","Caba","02021","Comuna 3",1,7,26,0,0,39,84,0,2,10,52,32,68,3,24,3,351
"020211308","02","Caba","02021","Comuna 3",3,9,30,0,0,44,106,0,2,21,46,31,75,2,15,2,386
"020211309","02","Caba","02021","Comuna 3",13,6,47,0,0,52,127,3,8,18,54,49,85,7,34,6,509
"020211310","02","Caba","02021","Comuna 3",1,10,30,0,2,47,97,0,0,11,43,29,46,1,20,4,341
"020211311","02","Caba","02021","Comuna 3",2,7,31,1,1,51,100,0,2,18,62,40,73,7,21,1,417
"020211401","02","Caba","02021","Comuna 3",4,18,72,0,0,102,204,0,2,20,71,59,129,5,18,9,713
"020211402","02","Caba","02021","Comuna 3",4,17,69,1,4,82,201,0,2,34,71,58,100,6,14,9,672
"020211403","02","Caba","02021","Comuna 3",1,8,63,1,2,86,189,4,5,32,110,47,94,2,21,7,672
"020211404","02","Caba","02021","Comuna 3",3,13,70,0,0,70,149,1,3,22,63,36,69,1,27,6,533
"020211405","02","Caba","02021","Comuna 3",1,11,47,1,0,55,118,0,0,20,59,54,78,2,19,11,476
"020211406","02","Caba","02021","Comuna 3",1,11,58,1,0,92,150,1,3,32,80,59,115,4,26,10,643
"020211407","02","Caba","02021","Comuna 3",0,11,39,0,0,44,96,0,2,8,60,40,59,4,20,8,391
"020211408","02","Caba","02021","Comuna 3",0,18,62,0,1,72,146,0,1,25,67,38,96,4,20,9,559
"020211409","02","Caba","02021","Comuna 3",0,10,44,0,0,65,133,0,1,20,41,52,92,1,19,7,485
"020211501","02","Caba","02021","Comuna 3",1,12,40,0,0,50,124,1,5,20,50,37,61,1,15,15,432
"020211502","02","Caba","02021","Comuna 3",1,13,82,1,2,75,177,0,5,23,75,40,75,3,17,12,601
"020211503","02","Caba","02021","Comuna 3",0,7,44,0,0,49,94,0,1,26,49,43,72,1,15,5,406
"020211504","02","Caba","02021","Comuna 3",1,5,30,0,2,37,132,0,4,21,59,51,88,4,36,7,477
"020211505","02","Caba","02021","Comuna 3",2,7,43,1,0,52,99,0,1,17,63,24,83,1,22,10,425
"020211506","02","Caba","02021","Comuna 3",1,9,45,0,0,58,148,1,4,20,60,49,82,5,20,4,506
"020211507","02","Caba","02021","Comuna 3",1,8,59,0,2,71,170,0,1,42,87,61,147,4,47,11,711
"020211508","02","Caba","02021","Comuna 3",3,12,82,0,0,77,214,1,4,38,92,65,141,7,32,7,775
"020211509","02","Caba","02021","Comuna 3",0,10,33,0,3,20,41,0,2,6,26,13,45,0,11,3,213
"020211601","02","Caba","02021","Comuna 3",12,10,40,0,2,42,103,1,3,20,53,54,127,5,30,4,506
"020211602","02","Caba","02021","Comuna 3",3,19,46,0,0,58,139,0,3,35,69,68,112,7,28,10,597
"020211603","02","Caba","02021","Comuna 3",2,17,53,0,0,73,157,1,2,17,70,50,77,4,11,10,544
"020211604","02","Caba","02021","Comuna 3",1,7,24,0,1,43,78,2,1,10,23,43,47,1,14,2,297
"020211605","02","Caba","02021","Comuna 3",3,4,41,0,0,41,91,2,0,15,37,24,48,0,9,10,325
"020211606","02","Caba","02021","Comuna 3",3,11,29,0,1,64,147,2,1,14,55,34,57,3,7,5,433
"020211607","02","Caba","02021","Comuna 3",1,20,49,0,1,71,152,0,1,19,66,39,65,4,18,6,512
"020211608","02","Caba","02021","Comuna 3",1,9,34,0,0,44,91,0,3,23,58,38,53,2,19,6,381
"020211609","02","Caba","02021","Comuna 3",16,20,64,0,1,112,221,3,3,35,101,65,150,4,48,6,849
"020211701","02","Caba","02021","Comuna 3",0,9,35,0,0,42,85,1,0,19,42,31,53,4,7,6,334
"020211702","02","Caba","02021","Comuna 3",2,10,43,0,1,50,112,0,1,16,70,33,112,0,19,8,477
"020211703","02","Caba","02021","Comuna 3",0,8,41,1,0,58,105,1,4,12,51,25,51,2,12,1,372
"020211704","02","Caba","02021","Comuna 3",0,11,82,1,0,98,137,0,3,12,37,26,35,1,10,6,459
"020211705","02","Caba","02021","Comuna 3",3,16,36,0,0,70,135,0,0,22,52,36,66,1,9,3,449
"020211706","02","Caba","02021","Comuna 3",1,6,40,0,0,50,141,0,2,19,62,41,73,1,17,2,455
"020211707","02","Caba","02021","Comuna 3",2,14,46,6,3,51,140,1,7,18,86,53,79,3,16,9,534
"020211708","02","Caba","02021","Comuna 3",2,17,60,1,0,80,154,0,0,19,52,30,75,3,15,3,511
"020211709","02","Caba","02021","Comuna 3",0,13,48,2,3,72,125,2,1,31,56,43,98,6,21,6,527
"020211801","02","Caba","02021","Comuna 3",0,11,68,0,1,57,126,0,0,19,57,30,53,1,14,3,440
"020211802","02","Caba","02021","Comuna 3",0,11,39,0,1,61,140,1,1,15,59,41,88,4,24,13,498
"020211803","02","Caba","02021","Comuna 3",4,1,31,1,0,48,94,0,0,9,53,29,63,1,14,3,351
"020211804","02","Caba","02021","Comuna 3",2,6,61,0,1,55,143,1,2,22,77,61,94,4,24,7,560
"020211805","02","Caba","02021","Comuna 3",0,4,32,0,0,25,95,0,0,15,42,26,43,1,13,7,303
"020211806","02","Caba","02021","Comuna 3",2,12,58,2,4,66,124,0,1,16,51,32,46,3,12,6,435
"020211807","02","Caba","02021","Comuna 3",7,6,41,0,2,48,103,0,1,17,50,36,54,2,13,10,390
"020211808","02","Caba","02021","Comuna 3",2,11,33,0,0,39,88,1,4,10,44,42,80,10,20,7,391
"020211809","02","Caba","02021","Comuna 3",0,15,76,0,0,87,187,0,2,21,77,54,86,6,17,6,634
"020211810","02","Caba","02021","Comuna 3",2,6,33,0,1,58,103,0,1,19,55,35,67,4,16,5,405
"020211811","02","Caba","02021","Comuna 3",7,7,32,1,1,54,103,1,4,14,53,45,94,3,16,0,435
"020211901","02","Caba","02021","Comuna 3",1,12,73,0,2,91,206,1,7,21,105,80,156,7,41,7,810
"020211902","02","Caba","02021","Comuna 3",1,7,19,0,0,20,80,0,1,10,38,13,46,2,13,3,253
"020211903","02","Caba","02021","Comuna 3",6,13,52,1,2,42,102,0,1,23,55,47,89,7,35,2,477
"020211904","02","Caba","02021","Comuna 3",5,16,43,0,0,46,113,0,1,21,51,63,85,10,14,6,474
"020211905","02","Caba","02021","Comuna 3",1,20,60,0,0,74,120,0,1,23,63,33,92,3,23,9,522
"020211906","02","Caba","02021","Comuna 3",2,17,49,1,0,50,145,1,1,24,63,42,107,3,16,6,527
"020211907","02","Caba","02021","Comuna 3",5,13,77,1,1,71,169,0,4,30,78,58,117,5,26,4,659
"020211908","02","Caba","02021","Comuna 3",22,20,98,1,1,84,188,5,6,43,72,64,145,7,38,7,801
"020211909","02","Caba","02021","Comuna 3",2,7,39,0,0,46,131,2,3,26,70,47,90,2,23,3,491
"020211910","02","Caba","02021","Comuna 3",0,8,33,2,0,38,88,0,6,11,32,37,76,2,22,1,356
"020212001","02","Caba","02021","Comuna 3",2,9,51,0,0,64,121,0,1,28,46,47,99,0,18,3,489
"020212002","02","Caba","02021","Comuna 3",1,11,48,1,0,49,149,1,1,26,73,36,102,3,26,3,530
"020212003","02","Caba","02021","Comuna 3",1,4,22,2,1,53,108,2,0,21,64,37,88,5,21,13,442
"020212004","02","Caba","02021","Comuna 3",0,9,38,0,0,41,81,1,1,20,55,31,81,4,31,4,397
"020212005","02","Caba","02021","Comuna 3",1,8,25,1,0,58,85,0,2,14,43,45,59,1,12,3,357
"020212006","02","Caba","02021","Comuna 3",0,14,39,0,0,69,95,0,1,16,43,22,36,1,13,7,356
"020212007","02","Caba","02021","Comuna 3",3,11,76,0,0,90,154,0,6,21,84,65,110,3,32,7,662
"020212008","02","Caba","02021","Comuna 3",0,15,34,0,0,75,166,0,1,21,62,35,102,2,19,3,535
"020212009","02","Caba","02021","Comuna 3",2,14,56,0,0,72,183,0,3,37,96,67,110,4,41,8,693
"020212010","02","Caba","02021","Comuna 3",1,5,34,1,0,39,121,0,2,22,58,43,86,4,24,5,445
"020212011","02","Caba","02021","Comuna 3",0,3,37,0,3,52,128,0,1,22,57,30,96,4,25,6,464
"020212101","02","Caba","02021","Comuna 3",5,13,44,0,0,52,135,1,2,23,88,54,112,5,29,4,567
"020212102","02","Caba","02021","Comuna 3",3,6,59,1,1,64,171,0,0,34,94,50,101,6,30,7,627
"020212103","02","Caba","02021","Comuna 3",2,9,50,0,2,41,148,1,7,29,77,43,74,7,17,5,512
"020212104","02","Caba","02021","Comuna 3",4,14,53,1,1,79,176,0,2,24,69,56,109,4,29,5,626
"020212105","02","Caba","02021","Comuna 3",15,6,39,0,0,26,86,0,1,7,27,27,46,2,9,5,296
"020212106","02","Caba","02021","Comuna 3",5,9,54,0,2,72,123,0,6,11,61,42,80,8,23,4,500
"020212107","02","Caba","02021","Comuna 3",1,3,17,0,1,47,85,1,2,7,38,34,56,2,15,5,314
"020212108","02","Caba","02021","Comuna 3",4,12,51,0,2,64,145,1,1,24,73,43,72,1,23,0,516
"020212109","02","Caba","02021","Comuna 3",2,15,34,1,0,41,107,1,1,12,45,37,34,1,18,2,351
"020212110","02","Caba","02021","Comuna 3",7,13,60,0,0,106,168,1,0,21,88,42,98,1,19,7,631
"020212201","02","Caba","02021","Comuna 3",1,18,52,1,1,85,179,0,7,22,67,66,104,0,22,2,627
"020212202","02","Caba","02021","Comuna 3",1,13,33,0,2,38,124,1,3,17,55,33,60,2,24,4,410
"020212203","02","Caba","02021","Comuna 3",1,5,30,0,0,34,56,0,3,12,35,21,37,4,5,1,244
"020212204","02","Caba","02021","Comuna 3",0,8,34,1,0,35,95,0,2,19,43,34,81,5,18,1,376
"020212205","02","Caba","02021","Comuna 3",0,16,57,0,0,70,176,0,2,29,90,60,88,4,24,12,628
"020212206","02","Caba","02021","Comuna 3",0,9,37,0,0,52,81,0,0,11,45,27,51,3,17,5,338
"020212207","02","Caba","02021","Comuna 3",1,14,73,0,0,84,120,1,1,26,80,42,61,3,16,13,535
"020212208","02","Caba","02021","Comuna 3",1,14,61,0,1,66,163,0,1,20,83,46,93,5,27,6,587
"020212209","02","Caba","02021","Comuna 3",2,17,89,0,0,86,144,0,3,24,56,51,75,7,13,4,571
"020212301","02","Caba","02021","Comuna 3",1,11,53,0,2,60,147,1,0,24,74,75,118,6,29,4,605
"020212302","02","Caba","02021","Comuna 3",0,6,40,1,1,37,101,0,2,25,55,37,86,3,34,9,437
"020212303","02","Caba","02021","Comuna 3",2,13,60,1,1,65,134,1,5,28,70,51,81,2,31,9,554
"020212304","02","Caba","02021","Comuna 3",0,6,33,0,0,51,59,0,0,3,31,27,42,3,9,3,267
"020212305","02","Caba","02021","Comuna 3",0,10,37,0,0,53,111,0,2,14,75,43,74,2,21,6,448
"020212306","02","Caba","02021","Comuna 3",1,8,39,1,1,43,100,0,2,12,50,28,90,0,19,5,399
"020212307","02","Caba","02021","Comuna 3",0,11,37,0,1,35,121,0,4,21,54,35,79,4,22,9,433
"020212308","02","Caba","02021","Comuna 3",0,14,43,0,1,74,130,0,4,24,73,38,73,7,22,7,510
"020212309","02","Caba","02021","Comuna 3",1,19,76,0,3,82,170,1,1,13,61,41,64,4,11,8,555
"020212310","02","Caba","02021","Comuna 3",2,15,63,0,0,73,136,0,1,23,63,30,69,2,15,7,499
"020212401","02","Caba","02021","Comuna 3",7,8,35,0,1,52,117,0,4,17,57,39,66,3,19,8,433
"020212402","02","Caba","02021","Comuna 3",12,14,56,1,1,64,149,0,1,28,84,59,121,8,31,12,641
"020212403","02","Caba","02021","Comuna 3",2,12,58,0,0,46,152,0,3,21,73,53,114,4,22,5,565
"020212404","02","Caba","02021","Comuna 3",4,8,62,0,3,44,144,2,3,25,75,56,101,3,31,2,563
"020212405","02","Caba","02021","Comuna 3",0,5,44,0,0,48,118,0,3,17,43,40,70,3,17,3,411
"020212406","02","Caba","02021","Comuna 3",4,15,50,0,2,70,153,0,4,24,95,67,128,4,58,4,678
"020212407","02","Caba","02021","Comuna 3",5,11,39,0,1,44,130,0,2,27,90,69,147,11,33,3,612
"020212408","02","Caba","02021","Comuna 3",4,3,60,0,1,52,140,3,2,27,67,46,103,3,17,9,537
"020212409","02","Caba","02021","Comuna 3",4,4,22,0,0,27,75,1,0,13,38,34,59,1,21,1,300
"020212501","02","Caba","02021","Comuna 3",0,8,19,0,0,26,76,1,0,6,38,23,55,1,15,0,268
"020212502","02","Caba","02021","Comuna 3",0,8,45,0,0,48,120,3,1,9,45,37,77,6,14,1,414
"020212503","02","Caba","02021","Comuna 3",1,3,33,2,0,46,79,0,2,21,28,15,38,0,11,0,279
"020212504","02","Caba","02021","Comuna 3",0,5,54,1,0,61,137,0,1,27,42,33,81,4,18,4,468
"020212505","02","Caba","02021","Comuna 3",14,8,37,1,2,42,165,1,1,42,135,104,266,18,81,3,920
"020212506","02","Caba","02021","Comuna 3",10,16,67,0,0,82,164,0,1,26,70,42,89,2,22,5,596
"020212507","02","Caba","02021","Comuna 3",16,9,35,5,5,52,103,1,2,12,45,38,83,8,17,3,434
"020212508","02","Caba","02021","Comuna 3",20,23,101,2,1,140,265,2,4,37,121,81,124,4,35,8,968
"020212509","02","Caba","02021","Comuna 3",11,17,61,0,1,79,140,1,2,14,53,41,66,2,22,6,516
"020212510","02","Caba","02021","Comuna 3",4,6,18,0,0,28,109,0,5,18,65,41,97,4,12,4,411
"020212601","02","Caba","02021","Comuna 3",10,6,49,0,0,57,128,1,7,30,67,42,98,4,30,2,531
"020212602","02","Caba","02021","Comuna 3",9,9,50,0,1,78,172,0,4,32,70,49,110,3,30,11,628
"020212603","02","Caba","02021","Comuna 3",4,18,45,0,0,98,131,0,3,19,68,43,70,3,19,8,529
"020212604","02","Caba","02021","Comuna 3",3,10,37,0,0,58,103,0,2,19,59,48,104,3,27,4,477
"020212605","02","Caba","02021","Comuna 3",6,6,41,0,0,57,147,0,0,27,70,41,121,3,37,2,558
"020212606","02","Caba","02021","Comuna 3",0,9,33,0,0,42,87,1,1,12,44,25,45,2,5,1,307
"020212607","02","Caba","02021","Comuna 3",0,8,47,0,0,55,123,1,3,17,72,41,95,1,17,7,487
"020212608","02","Caba","02021","Comuna 3",6,12,38,0,0,51,103,0,1,12,65,29,59,4,15,4,399
"020212609","02","Caba","02021","Comuna 3",3,2,38,0,2,51,126,2,4,14,56,30,56,1,15,7,407
"020212701","02","Caba","02021","Comuna 3",0,14,41,0,1,69,186,0,1,22,92,53,102,3,26,6,616
"020212702","02","Caba","02021","Comuna 3",0,15,54,0,1,65,167,1,4,25,87,69,175,4,45,6,718
"020212703","02","Caba","02021","Comuna 3",3,13,55,0,2,68,156,1,2,23,84,76,113,3,28,5,632
"020212704","02","Caba","02021","Comuna 3",2,12,66,0,2,87,182,0,0,25,82,42,83,3,25,15,626
"020212705","02","Caba","02021","Comuna 3",2,10,36,0,0,46,111,1,1,14,59,36,65,2,9,0,392
"020212706","02","Caba","02021","Comuna 3",4,16,56,0,0,81,151,0,4,31,68,34,78,1,20,9,553
"020212707","02","Caba","02021","Comuna 3",2,9,49,0,0,68,154,0,0,26,82,41,82,1,23,3,540
"020280101","02","Caba","02028","Comuna 4",7,30,106,0,2,98,151,0,1,19,45,13,20,0,8,7,507
"020280102","02","Caba","02028","Comuna 4",8,28,100,1,1,97,192,1,2,14,40,16,19,0,2,5,526
"020280103","02","Caba","02028","Comuna 4",2,14,58,0,1,73,122,0,0,13,32,20,22,0,2,8,367
"020280104","02","Caba","02028","Comuna 4",4,31,92,0,1,105,150,2,6,12,24,15,24,1,2,6,475
"020280105","02","Caba","02028","Comuna 4",3,32,79,0,0,82,125,0,2,13,25,17,19,0,3,6,406
"020280106","02","Caba","02028","Comuna 4",0,11,53,0,1,59,79,0,0,10,13,4,11,0,1,1,243
"020280107","02","Caba","02028","Comuna 4",0,11,43,0,2,64,104,1,2,13,37,12,15,0,4,13,321
"020280108","02","Caba","02028","Comuna 4",13,15,81,0,1,95,130,0,9,10,42,16,34,0,12,4,462
"020280109","02","Caba","02028","Comuna 4",9,13,76,1,1,87,150,0,4,25,50,30,40,1,9,3,499
"020280110","02","Caba","02028","Comuna 4",4,4,70,0,0,52,111,0,1,14,34,15,21,2,4,5,337
"020280111","02","Caba","02028","Comuna 4",4,7,70,0,1,57,104,0,0,12,30,22,27,0,4,7,345
"020280112","02","Caba","02028","Comuna 4",0,7,75,1,2,63,137,0,2,14,30,24,22,1,5,7,390
"020280113","02","Caba","02028","Comuna 4",0,8,42,0,0,44,78,0,0,3,25,12,18,0,5,4,239
"020280114","02","Caba","02028","Comuna 4",1,19,63,0,0,67,123,0,0,10,23,13,10,0,3,9,341
"020280201","02","Caba","02028","Comuna 4",1,16,82,0,2,83,180,2,0,20,54,29,47,0,5,6,527
"020280202","02","Caba","02028","Comuna 4",2,30,84,0,1,79,210,1,6,21,69,37,45,0,14,9,608
"020280203","02","Caba","02028","Comuna 4",3,17,82,1,2,148,215,1,3,32,73,43,48,2,6,9,685
"020280204","02","Caba","02028","Comuna 4",9,26,71,0,0,96,182,0,1,27,51,31,44,0,2,5,545
"020280205","02","Caba","02028","Comuna 4",3,14,75,3,2,59,117,0,3,14,34,20,22,0,0,7,373
"020280206","02","Caba","02028","Comuna 4",2,10,75,0,2,93,154,0,2,15,42,31,40,1,5,3,475
"020280207","02","Caba","02028","Comuna 4",5,30,129,0,2,136,223,0,2,23,62,55,39,1,8,9,724
"020280208","02","Caba","02028","Comuna 4",2,19,65,0,0,74,133,0,0,13,57,19,36,0,5,6,429
"020280209","02","Caba","02028","Comuna 4",0,17,79,0,0,105,159,1,0,22,43,30,15,0,3,2,476
"020280210","02","Caba","02028","Comuna 4",4,47,130,1,0,174,247,0,2,16,70,25,22,1,4,6,749
"020280301","02","Caba","02028","Comuna 4",2,20,62,0,0,78,177,1,0,16,69,31,48,2,16,7,529
"020280302","02","Caba","02028","Comuna 4",1,12,85,1,1,95,180,0,1,27,78,31,33,1,6,12,564
"020280303","02","Caba","02028","Comuna 4",3,12,48,0,0,61,107,0,0,5,47,16,38,2,8,5,352
"020280304","02","Caba","02028","Comuna 4",2,21,79,0,0,87,172,0,0,17,60,39,41,1,8,12,539
"020280305","02","Caba","02028","Comuna 4",0,14,73,1,1,109,192,0,1,26,80,54,69,2,20,6,648
"020280306","02","Caba","02028","Comuna 4",0,17,89,0,0,74,150,0,1,25,67,36,68,3,7,5,542
"020280307","02","Caba","02028","Comuna 4",0,20,61,1,0,63,127,1,0,14,52,43,49,0,5,6,442
"020280308","02","Caba","02028","Comuna 4",2,14,81,0,1,68,151,1,1,18,61,39,50,0,9,7,503
"020280309","02","Caba","02028","Comuna 4",1,9,32,0,0,49,88,1,1,10,40,27,27,0,6,0,291
"020280310","02","Caba","02028","Comuna 4",0,22,57,3,0,88,196,2,4,23,71,32,59,3,12,3,575
"020280311","02","Caba","02028","Comuna 4",1,17,107,0,2,98,183,1,3,24,64,23,32,2,10,9,576
"020280312","02","Caba","02028","Comuna 4",0,17,96,0,0,100,184,1,1,26,76,33,47,3,6,12,602
"020280313","02","Caba","02028","Comuna 4",0,12,79,1,0,85,184,2,3,30,82,32,93,4,8,5,620
"020280401","02","Caba","02028","Comuna 4",2,20,45,0,0,55,149,0,3,18,74,37,59,0,16,5,483
"020280402","02","Caba","02028","Comuna 4",1,6,32,0,0,62,118,0,1,14,50,49,50,3,16,4,406
"020280403","02","Caba","02028","Comuna 4",0,13,77,0,1,72,185,1,0,29,70,44,79,5,15,13,604
"020280404","02","Caba","02028","Comuna 4",2,16,98,0,0,94,194,1,6,24,59,27,64,1,20,4,610
"020280405","02","Caba","02028","Comuna 4",1,15,64,1,0,87,187,0,2,25,59,53,80,1,11,7,593
"020280406","02","Caba","02028","Comuna 4",2,13,71,1,3,77,197,1,7,42,103,69,115,2,30,12,745
"020280407","02","Caba","02028","Comuna 4",7,14,72,0,4,69,162,1,5,25,53,45,65,3,13,8,546
"020280408","02","Caba","02028","Comuna 4",1,17,87,0,1,69,190,2,2,16,75,49,68,8,12,7,604
"020280409","02","Caba","02028","Comuna 4",1,7,50,1,0,64,128,0,0,10,40,26,36,1,6,6,376
"020280410","02","Caba","02028","Comuna 4",2,17,72,1,0,60,124,1,9,20,51,27,40,1,6,4,435
"020280411","02","Caba","02028","Comuna 4",0,8,96,0,0,123,219,0,0,27,88,40,75,3,18,5,702
"020280501","02","Caba","02028","Comuna 4",3,11,69,1,0,87,166,2,2,19,75,41,104,3,17,11,611
"020280502","02","Caba","02028","Comuna 4",1,8,40,1,1,71,121,0,0,18,51,21,58,1,13,8,413
"020280503","02","Caba","02028","Comuna 4",5,13,68,0,2,67,177,0,1,34,81,51,89,2,18,7,615
"020280504","02","Caba","02028","Comuna 4",8,11,46,1,0,55,156,2,0,14,62,30,47,2,19,4,457
"020280505","02","Caba","02028","Comuna 4",2,3,29,0,0,30,112,1,0,12,40,22,52,1,19,6,329
"020280506","02","Caba","02028","Comuna 4",3,10,67,1,1,78,188,1,3,23,70,35,85,3,28,4,600
"020280507","02","Caba","02028","Comuna 4",1,14,72,0,1,55,169,0,1,29,43,22,53,1,15,3,479
"020280508","02","Caba","02028","Comuna 4",0,9,35,1,3,40,115,0,1,14,44,28,41,1,4,6,342
"020280509","02","Caba","02028","Comuna 4",2,14,74,0,4,105,189,0,4,26,71,28,52,3,15,3,590
"020280510","02","Caba","02028","Comuna 4",2,32,85,0,2,113,198,1,3,30,59,39,38,1,9,10,622
"020280511","02","Caba","02028","Comuna 4",0,22,80,0,1,133,205,0,3,17,77,43,50,1,8,9,649
"020280512","02","Caba","02028","Comuna 4",3,33,66,1,2,127,230,1,4,22,24,17,15,0,4,5,554
"020280601","02","Caba","02028","Comuna 4",4,19,44,1,0,60,176,1,6,45,110,77,122,5,28,4,702
"020280602","02","Caba","02028","Comuna 4",4,6,49,0,0,55,145,3,2,18,74,32,59,2,12,5,466
"020280603","02","Caba","02028","Comuna 4",2,8,52,1,1,66,146,0,3,25,102,57,110,4,24,6,607
"020280604","02","Caba","02028","Comuna 4",4,11,57,0,0,90,197,1,5,33,83,37,130,6,33,7,694
"020280605","02","Caba","02028","Comuna 4",1,12,69,0,0,65,115,1,0,19,66,33,63,1,11,8,464
"020280606","02","Caba","02028","Comuna 4",5,9,56,0,1,65,206,0,4,31,90,68,97,3,30,9,674
"020280607","02","Caba","02028","Comuna 4",4,8,51,0,1,69,145,4,1,22,72,42,78,3,28,9,537
"020280608","02","Caba","02028","Comuna 4",1,10,62,0,1,64,151,0,3,23,68,41,57,3,22,4,510
"020280609","02","Caba","02028","Comuna 4",0,11,31,0,0,48,103,0,0,27,66,34,94,3,21,5,443
"020280610","02","Caba","02028","Comuna 4",0,6,37,0,0,49,91,1,0,22,45,40,63,1,11,5,371
"020280611","02","Caba","02028","Comuna 4",0,5,39,1,0,51,101,0,2,25,76,33,56,2,25,6,422
"020280612","02","Caba","02028","Comuna 4",1,11,32,0,0,39,83,1,4,10,39,33,74,4,24,3,358
"020280701","02","Caba","02028","Comuna 4",2,6,47,0,0,74,166,0,0,34,108,68,135,10,40,5,695
"020280702","02","Caba","02028","Comuna 4",0,8,58,0,0,56,161,0,2,22,62,44,71,2,16,10,512
"020280703","02","Caba","02028","Comuna 4",1,26,50,0,1,101,154,2,1,14,56,44,56,3,20,11,540
"020280704","02","Caba","02028","Comuna 4",1,28,142,1,4,198,445,0,4,76,182,91,141,8,28,15,1364
"020280705","02","Caba","02028","Comuna 4",0,10,44,0,1,53,163,1,2,27,70,35,78,1,15,7,507
"020280706","02","Caba","02028","Comuna 4",3,10,60,0,0,86,172,0,3,25,85,53,84,2,25,10,618
"020280707","02","Caba","02028","Comuna 4",1,12,46,0,0,59,124,0,2,18,69,46,95,2,15,2,491
"020280708","02","Caba","02028","Comuna 4",0,5,47,0,2,53,122,0,3,27,66,51,90,6,28,4,504
"020280709","02","Caba","02028","Comuna 4",0,14,44,0,0,59,141,1,2,36,77,47,84,1,20,7,533
"020280710","02","Caba","02028","Comuna 4",3,5,53,0,0,57,134,1,3,23,64,41,67,2,13,5,471
"020280711","02","Caba","02028","Comuna 4",1,9,42,0,4,58,104,1,0,16,63,36,65,1,10,5,415
"020280712","02","Caba","02028","Comuna 4",0,19,44,0,0,47,119,0,0,22,42,38,55,0,17,9,412
"020280801","02","Caba","02028","Comuna 4",0,18,54,0,0,60,129,0,1,18,55,28,78,3,23,3,470
"020280802","02","Caba","02028","Comuna 4",2,26,78,0,0,111,188,0,4,23,76,34,83,4,23,10,662
"020280803","02","Caba","02028","Comuna 4",1,11,67,0,1,78,142,0,1,10,52,34,61,4,22,12,496
"020280804","02","Caba","02028","Comuna 4",0,14,58,1,2,66,129,0,5,18,78,38,58,0,14,7,488
"020280805","02","Caba","02028","Comuna 4",0,10,44,0,0,34,126,0,1,17,47,52,90,5,15,13,454
"020280806","02","Caba","02028","Comuna 4",4,11,40,0,0,72,160,0,2,19,64,43,60,2,15,4,496
"020280807","02","Caba","02028","Comuna 4",1,10,35,0,0,36,74,0,3,9,42,29,50,1,6,2,298
"020280808","02","Caba","02028","Comuna 4",0,13,37,0,0,51,102,0,0,9,36,26,63,4,10,3,354
"020280809","02","Caba","02028","Comuna 4",3,23,97,1,0,110,219,0,3,21,69,45,34,0,17,7,649
"020280810","02","Caba","02028","Comuna 4",0,13,63,0,0,82,144,1,1,14,40,19,36,1,9,8,431
"020280811","02","Caba","02028","Comuna 4",2,11,91,1,1,85,211,0,3,14,68,31,41,1,13,16,589
"020280812","02","Caba","02028","Comuna 4",9,28,80,4,1,163,312,0,4,49,92,46,51,0,8,15,862
"020280901","02","Caba","02028","Comuna 4",2,32,119,0,0,158,244,1,0,12,56,29,30,0,6,5,694
"020280902","02","Caba","02028","Comuna 4",3,30,104,0,0,124,189,0,2,19,39,20,37,0,8,8,583
"020280903","02","Caba","02028","Comuna 4",2,18,98,1,1,110,142,0,0,24,24,18,22,1,6,4,471
"020280904","02","Caba","02028","Comuna 4",5,23,62,0,0,94,129,0,0,10,27,19,19,1,2,2,393
"020280905","02","Caba","02028","Comuna 4",3,20,65,0,2,105,125,0,1,17,40,16,16,0,3,3,416
"020280906","02","Caba","02028","Comuna 4",2,15,72,0,0,81,161,0,0,16,31,20,24,1,9,3,435
"020280907","02","Caba","02028","Comuna 4",17,77,175,1,0,222,244,0,3,24,43,33,21,1,5,12,878
"020281001","02","Caba","02028","Comuna 4",2,37,59,0,0,105,120,0,3,7,14,5,3,1,2,9,367
"020281002","02","Caba","02028","Comuna 4",1,26,126,1,1,93,144,0,1,5,11,3,2,0,1,4,419
"020281003","02","Caba","02028","Comuna 4",4,20,59,0,0,55,52,0,1,3,3,0,2,1,0,6,206
"020281004","02","Caba","02028","Comuna 4",4,30,77,0,0,95,72,0,1,1,7,2,0,0,2,2,293
"020281005","02","Caba","02028","Comuna 4",5,95,179,0,0,155,186,2,1,12,11,16,9,2,6,6,685
"020281006","02","Caba","02028","Comuna 4",3,35,99,1,0,94,174,0,0,12,19,8,15,4,2,3,469
"020281007","02","Caba","02028","Comuna 4",5,52,182,1,1,136,177,0,2,6,8,8,7,0,0,4,589
"020281008","02","Caba","02028","Comuna 4",11,102,171,1,1,152,242,0,2,6,14,10,18,0,2,10,742
"020281009","02","Caba","02028","Comuna 4",4,31,62,0,0,76,61,0,0,4,8,2,3,1,1,5,258
"020281101","02","Caba","02028","Comuna 4",2,20,65,0,0,90,154,0,2,22,40,37,46,0,13,13,504
"020281102","02","Caba","02028","Comuna 4",7,5,33,0,0,47,93,0,2,26,58,45,89,1,25,4,435
"020281103","02","Caba","02028","Comuna 4",0,11,67,0,1,80,153,1,2,25,61,31,71,0,7,8,518
"020281104","02","Caba","02028","Comuna 4",3,23,64,0,0,85,147,0,0,19,60,41,52,2,16,5,517
"020281105","02","Caba","02028","Comuna 4",1,27,67,0,0,72,158,0,0,12,38,26,35,1,7,12,456
"020281106","02","Caba","02028","Comuna 4",4,25,101,2,0,108,198,0,5,20,45,36,34,4,10,8,600
"020281107","02","Caba","02028","Comuna 4",3,56,152,1,0,260,273,0,3,28,50,37,28,0,9,19,919
"020281108","02","Caba","02028","Comuna 4",2,14,67,0,1,75,159,0,0,21,55,47,54,2,14,6,517
"020281109","02","Caba","02028","Comuna 4",0,3,23,0,0,27,48,0,0,5,12,10,6,0,4,3,141
"020281201","02","Caba","02028","Comuna 4",7,25,73,0,2,70,103,0,0,18,34,20,34,1,9,6,402
"020281202","02","Caba","02028","Comuna 4",0,18,92,0,1,76,137,0,0,12,35,18,22,1,3,9,424
"020281203","02","Caba","02028","Comuna 4",1,19,60,0,0,65,125,1,1,17,51,36,62,0,14,3,455
"020281204","02","Caba","02028","Comuna 4",0,14,64,0,0,66,139,0,1,26,55,26,47,0,13,7,458
"020281205","02","Caba","02028","Comuna 4",4,7,74,0,0,71,118,0,5,12,54,22,57,2,11,7,444
"020281206","02","Caba","02028","Comuna 4",10,25,153,0,0,172,194,0,2,17,33,21,22,0,7,8,664
"020281207","02","Caba","02028","Comuna 4",7,14,54,0,1,108,130,0,2,21,69,40,50,4,18,9,527
"020281208","02","Caba","02028","Comuna 4",9,4,28,0,0,36,87,0,0,10,46,23,65,3,13,4,328
"020281209","02","Caba","02028","Comuna 4",4,11,34,1,0,54,135,0,0,19,72,39,108,3,34,9,523
"020281210","02","Caba","02028","Comuna 4",1,20,73,1,0,108,171,0,3,25,47,23,64,0,8,6,550
"020281211","02","Caba","02028","Comuna 4",2,5,47,0,0,49,110,1,0,15,58,33,74,3,23,5,425
"020281212","02","Caba","02028","Comuna 4",2,9,48,0,0,49,145,0,1,17,68,59,94,3,21,7,523
"020281301","02","Caba","02028","Comuna 4",0,9,29,0,0,61,121,0,0,23,86,71,183,7,75,7,672
"020281302","02","Caba","02028","Comuna 4",1,10,30,0,0,52,108,0,2,18,50,40,114,2,36,10,473
"020281303","02","Caba","02028","Comuna 4",2,9,46,0,1,39,98,0,4,17,47,42,73,3,26,7,414
"020281304","02","Caba","02028","Comuna 4",1,4,29,0,0,16,86,0,0,15,50,40,72,6,25,1,345
"020281305","02","Caba","02028","Comuna 4",1,9,51,0,0,37,160,0,0,24,131,47,150,7,55,5,677
"020281306","02","Caba","02028","Comuna 4",0,8,44,0,1,59,122,0,4,14,54,39,49,2,13,6,415
"020281307","02","Caba","02028","Comuna 4",2,11,51,0,0,65,168,1,3,25,103,79,165,4,59,7,743
"020281308","02","Caba","02028","Comuna 4",0,3,34,0,0,36,69,0,2,15,33,19,60,1,12,1,285
"020281309","02","Caba","02028","Comuna 4",0,0,29,0,0,24,71,0,1,10,44,30,77,3,16,1,306
"020281310","02","Caba","02028","Comuna 4",1,5,31,0,0,27,77,0,0,13,42,31,93,3,29,4,356
"020281311","02","Caba","02028","Comuna 4",0,12,76,1,0,81,182,0,3,25,102,60,128,4,43,17,734
"020281401","02","Caba","02028","Comuna 4",0,11,46,0,0,39,102,1,3,28,46,36,72,1,35,7,427
"020281402","02","Caba","02028","Comuna 4",0,6,17,1,0,36,69,0,3,10,43,21,52,5,22,2,287
"020281403","02","Caba","02028","Comuna 4",0,12,29,0,0,34,88,0,1,14,54,27,90,9,51,7,416
"020281404","02","Caba","02028","Comuna 4",4,10,52,0,0,49,130,0,4,29,79,52,125,4,37,11,586
"020281405","02","Caba","02028","Comuna 4",0,14,40,1,0,43,106,2,2,25,72,50,77,3,23,5,463
"020281406","02","Caba","02028","Comuna 4",3,8,35,0,0,38,87,0,1,17,45,50,111,6,36,5,442
"020281407","02","Caba","02028","Comuna 4",9,10,49,0,4,65,118,1,0,19,91,54,139,4,39,6,608
"020281408","02","Caba","02028","Comuna 4",1,7,33,0,1,39,88,1,3,17,45,17,66,4,16,3,341
"020281409","02","Caba","02028","Comuna 4",3,4,48,0,1,30,106,0,0,13,62,38,91,4,21,4,425
"020281501","02","Caba","02028","Comuna 4",0,9,34,0,0,60,119,0,3,19,60,55,118,6,15,6,504
"020281502","02","Caba","02028","Comuna 4",0,18,74,0,2,72,220,0,4,31,134,94,168,1,61,7,886
"020281503","02","Caba","02028","Comuna 4",0,10,64,0,1,72,201,1,2,32,116,64,215,5,57,10,850
"020281504","02","Caba","02028","Comuna 4",3,8,52,0,0,39,116,0,6,22,49,40,92,0,26,8,461
"020281505","02","Caba","02028","Comuna 4",16,8,36,0,0,37,116,1,1,16,53,36,103,8,19,5,455
"020281506","02","Caba","02028","Comuna 4",7,14,60,2,0,52,164,4,1,23,78,49,107,5,49,4,619
"020281507","02","Caba","02028","Comuna 4",0,6,39,1,3,34,95,0,2,31,68,39,85,2,18,1,424
"020281508","02","Caba","02028","Comuna 4",2,6,57,0,0,35,118,0,2,16,67,56,104,5,23,2,493
"020281509","02","Caba","02028","Comuna 4",5,11,42,0,2,49,152,0,1,26,71,28,101,5,20,5,518
"020281510","02","Caba","02028","Comuna 4",3,2,28,0,0,40,113,0,0,14,50,30,54,3,10,1,348
"020281601","02","Caba","02028","Comuna 4",0,10,29,0,0,32,78,0,0,11,40,27,31,1,7,2,268
"020281602","02","Caba","02028","Comuna 4",1,23,94,1,0,109,315,3,8,38,171,72,170,8,37,18,1068
"020281603","02","Caba","02028","Comuna 4",1,9,71,2,0,103,172,1,1,34,49,39,62,1,11,9,565
"020281604","02","Caba","02028","Comuna 4",1,11,51,0,0,45,101,1,1,21,50,40,59,2,17,6,406
"020281605","02","Caba","02028","Comuna 4",1,16,41,0,0,45,130,1,3,17,69,29,72,2,17,6,449
"020281606","02","Caba","02028","Comuna 4",1,17,65,0,1,44,129,0,4,13,60,24,79,4,19,11,471
"020281607","02","Caba","02028","Comuna 4",0,2,39,0,1,40,76,1,0,11,38,18,31,2,3,3,265
"020281608","02","Caba","02028","Comuna 4",1,25,102,0,0,119,230,1,2,58,93,59,83,5,10,6,794
"020281609","02","Caba","02028","Comuna 4",1,16,77,0,0,94,166,1,8,25,68,51,52,4,14,3,580
"020281610","02","Caba","02028","Comuna 4",2,14,72,0,0,82,134,1,1,19,61,25,42,1,15,1,470
"020281701","02","Caba","02028","Comuna 4",0,5,28,0,1,38,152,0,8,18,100,61,137,4,36,5,593
"020281702","02","Caba","02028","Comuna 4",0,10,31,0,0,37,119,0,3,20,56,38,74,3,13,2,406
"020281703","02","Caba","02028","Comuna 4",4,12,43,0,0,76,129,0,3,16,60,27,57,1,12,4,444
"020281704","02","Caba","02028","Comuna 4",1,3,31,1,1,42,112,0,1,33,57,36,67,5,9,5,404
"020281705","02","Caba","02028","Comuna 4",0,4,43,0,0,38,139,0,4,17,84,34,105,1,13,3,485
"020281706","02","Caba","02028","Comuna 4",1,13,35,0,0,32,129,0,2,14,62,29,68,2,19,8,414
"020281707","02","Caba","02028","Comuna 4",0,6,44,0,1,57,119,0,0,13,62,28,57,1,16,3,407
"020281708","02","Caba","02028","Comuna 4",3,39,83,0,1,100,163,0,0,19,49,24,55,2,7,13,558
"020281709","02","Caba","02028","Comuna 4",3,6,50,0,0,58,151,0,2,24,123,50,88,3,18,5,581
"020281710","02","Caba","02028","Comuna 4",0,21,95,0,0,114,174,3,2,14,36,19,38,3,4,7,530
"020281801","02","Caba","02028","Comuna 4",0,0,1,0,0,3,7,0,0,0,0,0,1,0,0,0,12
"020281901","02","Caba","02028","Comuna 4",0,20,50,0,1,96,132,0,3,12,52,21,45,2,4,5,443
"020281902","02","Caba","02028","Comuna 4",1,17,66,1,0,80,132,0,0,15,53,32,40,4,9,6,456
"020281903","02","Caba","02028","Comuna 4",2,18,89,0,1,84,158,0,2,25,67,21,56,4,9,6,542
"020281904","02","Caba","02028","Comuna 4",7,31,114,1,2,155,205,2,6,14,39,29,21,2,7,6,641
"020281905","02","Caba","02028","Comuna 4",0,10,71,0,0,89,146,1,2,19,38,20,36,4,4,8,448
"020281906","02","Caba","02028","Comuna 4",1,39,117,0,1,189,217,1,1,24,37,25,28,0,5,3,688
"020281907","02","Caba","02028","Comuna 4",2,28,82,0,0,104,104,1,2,8,17,7,8,0,0,6,369
"020281908","02","Caba","02028","Comuna 4",4,24,73,0,1,91,99,1,1,18,18,4,13,2,0,2,351
"020281909","02","Caba","02028","Comuna 4",2,53,94,0,0,160,208,0,1,15,28,15,12,0,1,10,599
"020281910","02","Caba","02028","Comuna 4",2,25,87,0,1,80,156,0,1,15,27,21,32,6,6,10,469
"020281911","02","Caba","02028","Comuna 4",8,38,121,1,0,171,209,0,0,17,15,9,3,0,0,11,603
"020282001","02","Caba","02028","Comuna 4",1,20,93,1,3,93,163,0,3,18,51,31,43,3,13,10,546
"020282002","02","Caba","02028","Comuna 4",5,9,56,1,1,49,138,1,1,19,52,23,32,0,10,4,401
"020282003","02","Caba","02028","Comuna 4",5,26,98,2,0,100,195,0,4,13,38,20,19,1,3,13,537
"020282004","02","Caba","02028","Comuna 4",1,26,86,0,1,69,133,1,1,12,21,11,20,0,2,7,391
"020282005","02","Caba","02028","Comuna 4",3,11,40,0,1,60,101,0,0,11,25,14,17,1,4,6,294
"020282006","02","Caba","02028","Comuna 4",2,35,72,0,0,114,166,0,1,21,38,24,26,1,9,6,515
"020282007","02","Caba","02028","Comuna 4",0,13,53,1,0,71,116,0,2,13,34,19,36,1,10,5,374
"020282008","02","Caba","02028","Comuna 4",0,26,104,0,0,121,130,2,0,13,42,12,18,2,9,4,483
"020282009","02","Caba","02028","Comuna 4",5,21,103,1,1,113,175,0,0,18,57,31,30,1,12,7,575
"020282010","02","Caba","02028","Comuna 4",8,45,108,1,0,143,191,0,2,27,48,18,24,1,10,4,630
"020282011","02","Caba","02028","Comuna 4",3,20,86,0,0,124,232,1,7,27,66,24,42,1,8,9,650
"020282012","02","Caba","02028","Comuna 4",2,25,98,1,1,135,303,0,1,36,89,56,76,0,13,10,846
"020282101","02","Caba","02028","Comuna 4",3,27,71,1,0,81,157,0,1,13,22,19,23,2,5,3,428
"020282102","02","Caba","02028","Comuna 4",1,34,92,0,0,69,132,0,1,13,21,20,12,0,2,4,401
"020282103","02","Caba","02028","Comuna 4",4,23,70,0,0,90,127,2,0,8,15,20,24,0,1,2,386
"020282104","02","Caba","02028","Comuna 4",1,20,75,1,0,98,130,1,0,11,32,12,22,1,3,5,412
"020282105","02","Caba","02028","Comuna 4",2,25,57,0,2,84,114,0,1,9,32,29,22,1,3,6,387
"020282106","02","Caba","02028","Comuna 4",3,19,61,0,0,86,130,1,1,18,35,18,31,2,10,7,422
"020282107","02","Caba","02028","Comuna 4",0,16,77,1,3,99,138,1,3,19,34,25,41,3,6,6,472
"020282108","02","Caba","02028","Comuna 4",1,29,117,0,0,159,154,1,2,10,31,15,29,1,7,6,562
"020282109","02","Caba","02028","Comuna 4",2,36,72,0,2,109,133,0,0,9,16,14,9,0,2,3,407
"020282110","02","Caba","02028","Comuna 4",2,31,91,0,2,136,139,3,0,14,31,8,9,2,0,8,476
"020282111","02","Caba","02028","Comuna 4",2,32,97,0,1,111,138,0,2,9,26,16,21,2,8,4,469
"020282112","02","Caba","02028","Comuna 4",0,21,86,0,1,90,110,1,2,9,24,11,25,0,5,5,390
"020282113","02","Caba","02028","Comuna 4",0,0,3,0,0,13,47,2,5,14,42,43,80,11,29,4,293
"020282201","02","Caba","02028","Comuna 4",1,2,31,0,0,36,125,0,0,15,52,26,71,4,26,3,392
"020282202","02","Caba","02028","Comuna 4",4,14,58,0,0,52,145,0,0,18,59,43,94,1,24,7,519
"020282203","02","Caba","02028","Comuna 4",0,5,35,0,0,54,160,0,2,23,68,48,132,4,33,12,576
"020282204","02","Caba","02028","Comuna 4",6,14,68,0,1,92,204,0,4,24,112,65,136,5,24,10,765
"020282205","02","Caba","02028","Comuna 4",10,15,52,0,1,88,153,0,3,21,84,32,81,1,14,6,561
"020282206","02","Caba","02028","Comuna 4",1,3,33,0,0,31,99,0,1,17,71,51,70,0,20,4,401
"020282207","02","Caba","02028","Comuna 4",1,5,74,0,0,49,163,0,4,23,86,40,122,8,22,8,605
"020282208","02","Caba","02028","Comuna 4",9,19,77,0,0,81,204,1,3,31,91,51,98,2,24,4,695
"020282209","02","Caba","02028","Comuna 4",2,8,44,0,0,70,129,0,2,16,53,40,51,2,6,8,431
"020282210","02","Caba","02028","Comuna 4",0,3,44,0,0,38,106,2,1,9,45,36,54,2,19,2,361
"020282211","02","Caba","02028","Comuna 4",1,10,50,0,0,59,149,1,0,16,62,34,93,1,22,4,502
"020282212","02","Caba","02028","Comuna 4",2,16,48,0,0,78,129,0,3,11,49,28,24,1,7,4,400
"020282301","02","Caba","02028","Comuna 4",17,28,86,0,0,119,231,2,0,18,56,16,35,2,9,9,628
"020282302","02","Caba","02028","Comuna 4",3,32,80,1,0,130,197,0,1,24,46,38,48,4,12,3,619
"020282303","02","Caba","02028","Comuna 4",1,12,51,0,0,67,114,3,1,10,49,26,20,0,3,3,360
"020282304","02","Caba","02028","Comuna 4",3,14,70,0,0,79,146,0,0,14,50,36,40,2,8,7,469
"020282305","02","Caba","02028","Comuna 4",3,8,43,1,0,90,140,1,3,31,62,59,111,3,27,4,586
"020282306","02","Caba","02028","Comuna 4",1,16,61,0,0,71,149,0,5,22,78,42,72,0,14,5,536
"020282307","02","Caba","02028","Comuna 4",1,7,61,1,2,76,110,1,2,16,44,28,35,1,7,4,396
"020282308","02","Caba","02028","Comuna 4",7,17,73,1,0,99,157,0,1,20,72,35,61,4,22,9,578
"020282309","02","Caba","02028","Comuna 4",0,6,50,0,3,54,91,0,1,11,32,17,19,0,1,3,288
"020282310","02","Caba","02028","Comuna 4",6,34,92,0,2,134,196,3,0,23,30,29,32,1,8,7,597
"020282311","02","Caba","02028","Comuna 4",2,18,60,0,1,70,111,0,0,11,29,19,13,1,1,5,341
"020282312","02","Caba","02028","Comuna 4",2,23,69,1,3,99,132,1,3,14,26,16,14,1,2,7,413
"020282401","02","Caba","02028","Comuna 4",12,51,121,1,2,103,122,1,2,11,18,9,4,1,1,6,465
"020282402","02","Caba","02028","Comuna 4",7,40,85,0,0,78,89,0,0,5,4,5,2,0,1,1,317
"020282403","02","Caba","02028","Comuna 4",4,25,54,0,1,51,55,1,0,4,5,2,1,0,0,1,204
"020282404","02","Caba","02028","Comuna 4",6,26,83,0,0,83,74,0,0,8,3,6,3,1,1,2,296
"020282405","02","Caba","02028","Comuna 4",3,37,76,0,0,66,83,1,1,7,6,2,2,0,0,6,290
"020282406","02","Caba","02028","Comuna 4",2,20,61,0,0,67,66,0,1,3,6,3,1,0,2,0,232
"020282407","02","Caba","02028","Comuna 4",3,25,55,0,0,49,51,0,0,7,2,1,1,0,0,0,194
"020282408","02","Caba","02028","Comuna 4",1,14,38,0,0,38,45,1,0,2,8,7,1,0,0,3,158
"020282409","02","Caba","02028","Comuna 4",0,22,26,0,0,36,39,0,0,4,3,1,0,0,1,4,136
"020282501","02","Caba","02028","Comuna 4",4,40,122,2,3,123,172,0,0,9,14,10,11,1,1,4,516
"020282502","02","Caba","02028","Comuna 4",5,62,156,0,2,186,238,0,2,10,26,15,9,0,1,9,721
"020282503","02","Caba","02028","Comuna 4",7,32,69,0,0,103,127,1,2,15,20,11,10,1,2,1,401
"020282504","02","Caba","02028","Comuna 4",10,59,110,2,0,96,142,0,0,17,11,4,5,1,3,16,476
"020282505","02","Caba","02028","Comuna 4",5,30,56,1,0,57,58,0,0,0,5,1,5,0,3,0,221
"020282506","02","Caba","02028","Comuna 4",4,43,105,1,1,112,131,0,1,9,6,3,4,0,2,4,426
"020282507","02","Caba","02028","Comuna 4",1,27,39,0,0,42,50,0,0,5,3,4,3,1,3,2,180
"020282508","02","Caba","02028","Comuna 4",4,44,108,0,1,92,182,0,2,9,21,13,14,0,2,5,497
"020282509","02","Caba","02028","Comuna 4",8,48,68,0,0,115,115,0,0,7,7,4,4,0,2,5,383
"020282510","02","Caba","02028","Comuna 4",8,31,92,0,0,76,101,0,0,3,5,6,5,1,3,0,331
"020282511","02","Caba","02028","Comuna 4",0,17,48,0,1,65,80,0,0,7,13,13,11,1,1,6,263
"020282512","02","Caba","02028","Comuna 4",10,30,86,0,0,144,147,0,0,8,19,5,5,0,3,11,468
"020282601","02","Caba","02028","Comuna 4",4,71,143,1,0,224,161,0,1,7,14,15,4,0,3,5,653
"020282602","02","Caba","02028","Comuna 4",3,55,136,1,3,218,139,1,1,10,8,5,7,0,1,6,594
"020282603","02","Caba","02028","Comuna 4",7,50,99,0,0,147,121,0,1,8,14,7,6,0,0,4,464
"020282701","02","Caba","02028","Comuna 4",0,7,13,0,0,13,45,0,3,15,45,34,87,7,19,1,289
"020282702","02","Caba","02028","Comuna 4",2,1,7,0,0,13,70,0,4,14,56,48,91,5,21,1,333
"020282703","02","Caba","02028","Comuna 4",2,0,7,0,0,15,36,1,2,13,34,23,71,5,23,3,235
"020282704","02","Caba","02028","Comuna 4",1,2,8,0,0,21,56,0,2,19,37,24,40,1,9,1,221
"020282705","02","Caba","02028","Comuna 4",0,0,9,1,0,5,35,0,2,6,19,13,44,4,10,7,155
"020282706","02","Caba","02028","Comuna 4",0,2,6,0,0,8,30,0,0,6,21,12,42,1,12,1,141
"020282707","02","Caba","02028","Comuna 4",1,9,40,0,0,76,118,0,8,27,80,66,131,7,30,4,597
"020282801","02","Caba","02028","Comuna 4",2,25,54,0,0,61,71,0,1,1,5,5,2,0,0,1,228
"020282802","02","Caba","02028","Comuna 4",10,52,101,1,1,101,131,0,1,4,15,4,4,1,1,11,438
"020282803","02","Caba","02028","Comuna 4",5,20,50,0,1,55,55,0,0,9,3,6,6,0,1,2,213
"020282804","02","Caba","02028","Comuna 4",2,43,76,1,1,119,98,0,0,8,5,6,3,3,1,4,370
"020282805","02","Caba","02028","Comuna 4",4,27,62,1,0,87,76,2,1,1,3,4,3,0,0,5,276
"020282806","02","Caba","02028","Comuna 4",5,65,131,0,0,143,160,0,0,5,8,2,9,0,4,3,535
"020282807","02","Caba","02028","Comuna 4",1,31,93,0,0,63,104,0,0,1,4,3,4,0,0,3,307
"020282808","02","Caba","02028","Comuna 4",10,56,98,1,1,110,102,0,0,2,3,1,1,1,0,4,390
"020282809","02","Caba","02028","Comuna 4",11,34,91,0,0,84,73,0,0,7,7,2,2,0,3,1,315
"020282810","02","Caba","02028","Comuna 4",7,39,67,0,0,68,47,0,1,2,3,1,2,0,0,8,245
"020282811","02","Caba","02028","Comuna 4",5,33,67,0,0,62,70,0,1,2,5,2,8,0,0,0,255
"020282901","02","Caba","02028","Comuna 4",10,53,94,0,2,99,102,0,2,6,13,1,6,0,0,3,391
"020282902","02","Caba","02028","Comuna 4",6,48,87,0,0,109,108,0,0,3,6,5,3,0,1,8,384
"020282903","02","Caba","02028","Comuna 4",1,20,52,0,0,48,40,0,0,2,1,5,5,1,0,0,175
"020282904","02","Caba","02028","Comuna 4",1,16,50,0,1,53,67,0,0,3,6,5,1,0,2,0,205
"020282905","02","Caba","02028","Comuna 4",3,18,62,0,0,72,73,0,1,4,7,8,14,0,2,2,266
"020282906","02","Caba","02028","Comuna 4",2,26,77,0,0,100,80,2,0,4,7,5,3,0,5,2,313
"020282907","02","Caba","02028","Comuna 4",6,47,107,1,0,101,83,0,1,6,9,3,6,0,0,2,372
"020282908","02","Caba","02028","Comuna 4",13,23,78,0,1,100,120,4,0,5,4,2,7,0,1,3,361
"020350101","02","Caba","02035","Comuna 5",2,12,40,0,2,48,126,2,4,15,87,77,162,10,52,3,642
"020350102","02","Caba","02035","Comuna 5",36,6,42,2,1,45,132,1,3,14,88,56,188,20,72,4,710
"020350103","02","Caba","02035","Comuna 5",3,6,29,1,1,52,114,0,3,21,84,61,154,7,48,6,590
"020350104","02","Caba","02035","Comuna 5",2,5,26,0,1,33,62,1,2,13,47,38,96,13,35,2,376
"020350105","02","Caba","02035","Comuna 5",1,5,22,0,0,29,73,0,1,34,66,53,164,5,62,4,519
"020350106","02","Caba","02035","Comuna 5",5,4,28,0,0,25,91,0,2,25,45,52,94,5,34,5,415
"020350107","02","Caba","02035","Comuna 5",0,12,24,0,0,30,87,0,2,15,67,38,90,8,29,7,409
"020350108","02","Caba","02035","Comuna 5",0,9,32,0,3,42,113,0,7,25,60,60,141,7,46,7,552
"020350109","02","Caba","02035","Comuna 5",2,12,29,0,0,40,110,0,5,24,62,65,106,10,42,3,510
"020350110","02","Caba","02035","Comuna 5",0,7,31,0,0,37,93,0,0,21,63,52,112,14,37,2,469
"020350111","02","Caba","02035","Comuna 5",0,3,11,0,0,18,55,1,2,17,36,31,103,4,54,3,338
"020350112","02","Caba","02035","Comuna 5",0,4,17,0,0,23,52,1,1,11,56,45,104,11,41,3,369
"020350201","02","Caba","02035","Comuna 5",2,8,20,0,0,43,80,3,5,10,81,62,128,12,64,3,521
"020350202","02","Caba","02035","Comuna 5",2,2,38,0,0,24,71,1,1,13,62,35,112,6,48,1,416
"020350203","02","Caba","02035","Comuna 5",1,7,32,1,1,30,75,1,2,14,74,62,168,6,48,2,524
"020350204","02","Caba","02035","Comuna 5",3,6,30,0,2,34,127,1,2,19,93,58,199,20,68,9,671
"020350205","02","Caba","02035","Comuna 5",3,1,18,1,0,17,55,0,5,13,46,25,85,6,40,6,321
"020350206","02","Caba","02035","Comuna 5",1,11,29,0,0,24,100,1,8,18,51,31,75,7,28,2,386
"020350207","02","Caba","02035","Comuna 5",9,18,47,0,0,60,128,0,3,17,52,36,62,6,16,5,459
"020350208","02","Caba","02035","Comuna 5",4,7,30,0,0,41,119,2,3,28,90,60,198,6,78,8,674
"020350209","02","Caba","02035","Comuna 5",0,10,32,1,0,50,137,2,2,14,60,62,101,2,42,2,517
"020350210","02","Caba","02035","Comuna 5",3,9,51,0,0,47,97,0,2,9,50,28,103,7,31,5,442
"020350211","02","Caba","02035","Comuna 5",2,7,41,0,3,49,128,0,1,19,61,58,131,9,53,5,567
"020350301","02","Caba","02035","Comuna 5",19,12,56,0,1,55,131,1,3,17,54,48,92,7,38,3,537
"020350302","02","Caba","02035","Comuna 5",2,0,12,0,1,19,77,2,1,7,38,47,76,8,37,3,330
"020350303","02","Caba","02035","Comuna 5",1,2,35,0,0,55,96,0,3,15,39,33,55,5,11,2,352
"020350304","02","Caba","02035","Comuna 5",0,4,29,0,1,34,117,3,5,15,49,50,101,7,45,6,466
"020350305","02","Caba","02035","Comuna 5",2,7,26,0,0,42,100,0,3,20,70,52,131,11,40,4,508
"020350306","02","Caba","02035","Comuna 5",7,10,36,2,2,36,106,1,2,11,81,74,145,17,44,1,575
"020350307","02","Caba","02035","Comuna 5",3,10,30,1,0,49,99,4,9,13,83,66,115,13,36,6,537
"020350308","02","Caba","02035","Comuna 5",0,4,24,0,1,24,46,0,2,12,38,26,71,1,14,1,264
"020350309","02","Caba","02035","Comuna 5",0,6,34,0,0,41,102,0,4,13,55,41,76,4,22,4,402
"020350310","02","Caba","02035","Comuna 5",0,4,35,2,2,33,98,0,3,14,55,40,72,2,32,4,396
"020350311","02","Caba","02035","Comuna 5",0,8,56,0,0,50,141,0,2,24,69,45,98,4,29,10,536
"020350312","02","Caba","02035","Comuna 5",2,6,32,1,1,33,81,1,5,14,35,57,94,7,50,3,422
"020350313","02","Caba","02035","Comuna 5",8,5,40,0,0,36,107,2,6,15,40,33,115,4,54,2,467
"020350401","02","Caba","02035","Comuna 5",6,6,59,0,0,58,156,1,8,38,112,84,185,13,57,7,790
"020350402","02","Caba","02035","Comuna 5",2,6,34,1,0,30,97,0,1,19,62,55,115,3,51,1,477
"020350403","02","Caba","02035","Comuna 5",1,6,36,1,0,43,123,0,2,21,64,48,130,7,37,5,524
"020350404","02","Caba","02035","Comuna 5",1,3,27,0,1,43,122,0,4,25,72,71,170,9,58,5,611
"020350405","02","Caba","02035","Comuna 5",3,7,39,1,1,33,135,1,0,24,93,55,147,3,36,7,585
"020350406","02","Caba","02035","Comuna 5",6,5,46,0,0,58,141,0,4,30,102,88,215,11,71,7,784
"020350407","02","Caba","02035","Comuna 5",6,5,31,0,1,32,103,1,2,26,70,60,113,2,24,4,480
"020350408","02","Caba","02035","Comuna 5",4,14,52,0,0,71,153,1,1,29,118,79,169,5,55,9,760
"020350409","02","Caba","02035","Comuna 5",1,7,34,0,0,41,108,1,2,19,60,42,100,3,27,9,454
"020350501","02","Caba","02035","Comuna 5",0,10,32,0,0,50,126,0,3,20,89,68,144,6,32,5,585
"020350502","02","Caba","02035","Comuna 5",6,6,45,0,1,77,178,0,2,15,129,103,224,2,67,6,861
"020350503","02","Caba","02035","Comuna 5",2,2,53,2,1,32,93,1,4,13,61,58,128,6,48,3,507
"020350504","02","Caba","02035","Comuna 5",2,5,39,1,0,44,99,0,0,22,65,54,110,5,39,6,491
"020350505","02","Caba","02035","Comuna 5",0,3,18,0,1,23,78,1,0,17,76,41,111,11,35,4,419
"020350506","02","Caba","02035","Comuna 5",0,9,26,0,2,43,87,0,3,13,58,43,100,10,29,5,428
"020350507","02","Caba","02035","Comuna 5",6,13,37,0,1,44,145,0,7,20,82,66,150,3,39,2,615
"020350508","02","Caba","02035","Comuna 5",3,3,23,0,0,35,106,0,3,14,65,65,135,5,48,4,509
"020350601","02","Caba","02035","Comuna 5",2,4,25,0,0,38,102,1,0,21,47,33,127,8,51,3,462
"020350602","02","Caba","02035","Comuna 5",2,6,33,0,0,48,133,0,2,26,84,73,181,5,65,7,665
"020350603","02","Caba","02035","Comuna 5",0,7,40,0,1,53,106,0,0,23,87,63,162,6,47,6,601
"020350604","02","Caba","02035","Comuna 5",1,9,71,1,1,80,201,0,4,39,139,106,262,6,65,13,998
"020350605","02","Caba","02035","Comuna 5",1,12,60,1,0,78,178,1,6,40,112,95,206,11,56,6,863
"020350606","02","Caba","02035","Comuna 5",0,1,49,0,0,28,108,0,6,28,71,50,113,6,40,5,505
"020350607","02","Caba","02035","Comuna 5",1,10,49,1,0,34,155,0,4,22,84,67,166,14,55,8,670
"020350608","02","Caba","02035","Comuna 5",0,6,38,1,1,45,108,0,4,30,72,59,170,9,74,3,620
"020350701","02","Caba","02035","Comuna 5",6,7,39,2,0,85,177,0,1,25,129,97,194,13,62,11,848
"020350702","02","Caba","02035","Comuna 5",0,3,28,0,0,28,56,2,0,10,40,35,96,8,35,1,342
"020350703","02","Caba","02035","Comuna 5",0,6,23,0,0,37,84,0,1,21,56,36,94,6,29,3,396
"020350704","02","Caba","02035","Comuna 5",4,28,76,0,2,96,234,4,5,44,128,112,217,11,64,8,1033
"020350705","02","Caba","02035","Comuna 5",10,18,54,0,0,76,201,0,5,36,137,91,170,14,63,9,884
"020350706","02","Caba","02035","Comuna 5",6,15,41,0,1,42,102,2,3,18,56,59,88,8,41,4,486
"020350707","02","Caba","02035","Comuna 5",6,2,31,0,1,28,65,0,1,16,34,32,56,4,20,2,298
"020350708","02","Caba","02035","Comuna 5",8,8,43,0,0,62,164,0,2,26,82,94,154,4,44,7,698
"020350801","02","Caba","02035","Comuna 5",31,21,59,0,1,73,183,1,2,28,93,94,182,6,81,11,866
"020350802","02","Caba","02035","Comuna 5",25,6,27,1,1,44,112,3,2,18,62,61,118,5,39,4,528
"020350803","02","Caba","02035","Comuna 5",15,27,58,2,0,73,188,0,8,23,128,95,186,9,69,4,885
"020350804","02","Caba","02035","Comuna 5",6,4,35,0,0,55,120,0,2,18,93,59,132,2,52,4,582
"020350805","02","Caba","02035","Comuna 5",35,6,30,0,0,32,73,0,5,15,38,30,51,4,19,7,345
"020350806","02","Caba","02035","Comuna 5",30,18,60,0,2,70,131,1,2,23,107,61,129,9,33,2,678
"020350807","02","Caba","02035","Comuna 5",20,15,34,0,5,50,131,1,1,22,92,80,169,16,61,7,704
"020350808","02","Caba","02035","Comuna 5",9,11,51,1,2,58,142,2,2,23,90,53,145,9,56,9,663
"020350809","02","Caba","02035","Comuna 5",7,6,30,0,0,40,92,1,0,20,74,45,140,3,51,4,513
"020350901","02","Caba","02035","Comuna 5",5,15,53,0,0,52,125,0,1,34,96,81,173,7,59,4,705
"020350902","02","Caba","02035","Comuna 5",3,5,34,0,0,48,117,0,1,16,65,53,122,11,40,3,518
"020350903","02","Caba","02035","Comuna 5",1,5,28,0,0,37,83,0,0,11,55,52,98,5,30,4,409
"020350904","02","Caba","02035","Comuna 5",6,3,22,0,0,19,89,1,2,13,43,35,98,2,26,3,362
"020350905","02","Caba","02035","Comuna 5",7,5,35,0,1,20,76,1,3,20,70,33,107,5,45,2,430
"020350906","02","Caba","02035","Comuna 5",4,7,29,0,1,42,111,0,1,19,77,42,131,8,42,11,525
"020350907","02","Caba","02035","Comuna 5",6,6,31,0,1,38,75,0,3,9,51,34,93,2,27,3,379
"020350908","02","Caba","02035","Comuna 5",0,14,54,0,1,65,168,0,3,25,97,71,141,7,40,5,691
"020350909","02","Caba","02035","Comuna 5",3,7,43,0,0,50,136,0,3,34,68,55,125,9,36,10,579
"020350910","02","Caba","02035","Comuna 5",4,17,39,0,1,59,129,0,4,16,79,47,122,4,42,8,571
"020351001","02","Caba","02035","Comuna 5",14,8,58,1,0,62,188,3,5,50,115,101,222,8,89,7,931
"020351002","02","Caba","02035","Comuna 5",7,11,61,0,2,62,184,1,3,37,129,93,191,9,79,13,882
"020351003","02","Caba","02035","Comuna 5",22,12,47,0,2,67,120,2,7,26,85,50,93,6,24,4,567
"020351004","02","Caba","02035","Comuna 5",9,8,34,0,3,25,92,0,0,18,50,35,76,1,23,3,377
"020351005","02","Caba","02035","Comuna 5",1,6,25,0,0,27,37,0,2,8,28,12,32,1,6,0,185
"020351006","02","Caba","02035","Comuna 5",10,6,49,0,0,44,121,0,1,23,70,43,109,6,27,9,518
"020351007","02","Caba","02035","Comuna 5",5,13,58,0,1,72,209,1,9,38,139,76,199,8,46,9,883
"020351008","02","Caba","02035","Comuna 5",2,3,14,0,1,20,54,0,0,14,43,40,80,8,29,2,310
"020351009","02","Caba","02035","Comuna 5",7,6,48,0,2,48,158,0,5,24,66,52,109,2,44,4,575
"020351010","02","Caba","02035","Comuna 5",6,11,52,0,0,34,106,0,0,24,50,41,81,5,33,6,449
"020351101","02","Caba","02035","Comuna 5",0,2,38,3,1,45,110,2,4,26,67,51,115,8,50,3,525
"020351102","02","Caba","02035","Comuna 5",2,4,27,0,0,33,86,0,2,19,76,64,137,7,64,8,529
"020351103","02","Caba","02035","Comuna 5",9,7,26,0,1,36,104,0,2,20,94,58,120,10,41,4,532
"020351104","02","Caba","02035","Comuna 5",0,1,44,0,0,36,119,0,1,22,61,47,96,2,25,1,455
"020351105","02","Caba","02035","Comuna 5",0,9,28,0,1,36,111,0,1,25,65,65,126,7,42,6,522
"020351106","02","Caba","02035","Comuna 5",0,7,26,0,1,36,97,0,3,12,61,45,85,6,22,6,407
"020351107","02","Caba","02035","Comuna 5",1,10,43,0,0,52,200,0,3,35,128,96,192,5,71,5,841
"020351108","02","Caba","02035","Comuna 5",7,7,36,0,0,49,138,0,0,21,70,52,103,10,36,1,530
"020351109","02","Caba","02035","Comuna 5",5,7,24,0,0,44,114,2,2,30,91,62,133,6,37,2,559
"020351110","02","Caba","02035","Comuna 5",4,3,17,0,0,17,97,1,1,28,87,58,140,8,48,6,515
"020351111","02","Caba","02035","Comuna 5",6,4,30,0,0,33,93,0,4,18,72,53,135,10,36,3,497
"020351201","02","Caba","02035","Comuna 5",2,8,37,0,6,53,117,0,5,26,88,52,133,8,48,7,590
"020351202","02","Caba","02035","Comuna 5",4,12,61,0,1,73,286,1,2,56,160,114,346,13,98,8,1235
"020351203","02","Caba","02035","Comuna 5",1,2,35,0,0,36,128,0,2,23,67,72,166,6,57,2,597
"020351204","02","Caba","02035","Comuna 5",2,7,32,1,0,32,121,0,2,21,71,39,123,5,28,3,487
"020351205","02","Caba","02035","Comuna 5",0,0,14,0,0,30,84,0,1,9,58,32,76,6,31,4,345
"020351206","02","Caba","02035","Comuna 5",3,13,56,0,0,76,210,0,7,35,172,132,313,10,102,11,1140
"020351207","02","Caba","02035","Comuna 5",0,5,15,0,0,31,81,0,2,22,78,38,120,7,37,2,438
"020351301","02","Caba","02035","Comuna 5",0,6,36,0,1,34,133,0,1,25,74,82,160,3,44,4,603
"020351302","02","Caba","02035","Comuna 5",0,5,32,0,3,36,110,1,3,19,82,50,134,6,44,0,525
"020351303","02","Caba","02035","Comuna 5",0,2,31,0,0,43,119,2,1,17,72,31,131,6,41,5,501
"020351304","02","Caba","02035","Comuna 5",3,6,30,0,1,37,94,0,1,24,66,51,118,3,24,6,464
"020351305","02","Caba","02035","Comuna 5",3,13,34,0,0,42,121,0,2,21,66,58,111,11,37,3,522
"020351306","02","Caba","02035","Comuna 5",2,5,39,0,1,37,113,0,1,28,105,70,179,7,53,4,644
"020351307","02","Caba","02035","Comuna 5",1,5,34,0,0,44,102,0,3,24,74,45,134,7,70,2,545
"020351308","02","Caba","02035","Comuna 5",1,3,25,0,0,31,109,2,3,19,90,65,150,8,48,5,559
"020351309","02","Caba","02035","Comuna 5",6,3,31,0,0,35,125,0,2,20,105,76,207,9,71,5,695
"020351401","02","Caba","02035","Comuna 5",0,8,19,0,0,31,94,0,1,7,65,60,120,1,30,4,440
"020351402","02","Caba","02035","Comuna 5",0,10,46,0,0,44,159,1,1,25,92,67,129,8,53,4,639
"020351403","02","Caba","02035","Comuna 5",1,11,64,0,1,67,190,0,2,43,119,72,187,4,55,9,825
"020351404","02","Caba","02035","Comuna 5",2,14,56,0,2,68,152,0,1,35,89,65,134,6,42,7,673
"020351405","02","Caba","02035","Comuna 5",1,20,80,3,0,106,227,1,2,42,150,116,268,10,59,8,1093
"020351406","02","Caba","02035","Comuna 5",1,4,49,0,0,59,204,0,2,23,114,82,191,4,65,6,804
"020351407","02","Caba","02035","Comuna 5",0,6,18,0,0,22,81,0,1,13,41,29,63,1,28,2,305
"020351408","02","Caba","02035","Comuna 5",1,8,29,0,0,32,100,0,3,37,80,42,149,9,48,4,542
"020351409","02","Caba","02035","Comuna 5",0,8,52,0,0,56,142,0,2,26,68,74,136,7,36,6,613
"020351501","02","Caba","02035","Comuna 5",2,11,47,0,0,61,135,0,1,26,82,58,140,2,37,5,607
"020351502","02","Caba","02035","Comuna 5",1,20,66,0,1,63,168,0,2,34,99,74,147,4,39,3,721
"020351503","02","Caba","02035","Comuna 5",3,6,40,0,0,38,111,0,0,13,72,40,81,3,22,5,434
"020351504","02","Caba","02035","Comuna 5",5,18,77,0,0,72,188,0,4,31,90,58,142,5,48,19,757
"020351505","02","Caba","02035","Comuna 5",6,17,49,0,2,74,159,2,6,30,83,81,156,7,41,3,716
"020351506","02","Caba","02035","Comuna 5",21,11,38,0,1,67,120,2,2,17,67,39,130,5,36,6,562
"020351507","02","Caba","02035","Comuna 5",4,8,36,0,0,39,105,0,2,17,61,45,108,4,28,7,464
"020351508","02","Caba","02035","Comuna 5",1,9,51,0,1,65,113,0,0,22,36,41,59,5,21,3,427
"020351509","02","Caba","02035","Comuna 5",2,9,30,0,0,45,95,0,1,8,42,36,47,2,13,4,334
"020351601","02","Caba","02035","Comuna 5",1,12,67,0,0,53,178,0,1,27,111,76,146,4,41,11,728
"020351602","02","Caba","02035","Comuna 5",2,14,54,1,0,50,112,0,0,19,60,39,78,4,16,4,453
"020351603","02","Caba","02035","Comuna 5",5,6,33,0,0,49,84,1,4,11,51,34,40,3,15,3,339
"020351604","02","Caba","02035","Comuna 5",2,15,79,1,10,92,211,0,4,23,91,43,89,4,28,7,699
"020351605","02","Caba","02035","Comuna 5",2,12,63,0,1,63,164,0,2,35,94,60,123,4,29,4,656
"020351606","02","Caba","02035","Comuna 5",1,9,60,1,2,57,128,1,4,16,80,58,100,7,28,6,558
"020351607","02","Caba","02035","Comuna 5",6,8,48,0,2,50,105,1,0,18,62,55,74,6,32,3,470
"020351608","02","Caba","02035","Comuna 5",9,6,71,1,2,55,168,1,3,37,88,61,122,10,41,7,682
"020351609","02","Caba","02035","Comuna 5",1,11,50,1,2,87,140,0,2,24,97,59,107,3,29,8,621
"020351610","02","Caba","02035","Comuna 5",7,12,62,0,0,94,190,1,6,35,112,93,142,12,48,3,817
"020351611","02","Caba","02035","Comuna 5",0,7,48,0,2,32,136,1,1,18,56,50,110,5,42,5,513
"020351612","02","Caba","02035","Comuna 5",1,4,19,0,0,19,68,0,2,15,44,29,58,5,24,0,288
"020351701","02","Caba","02035","Comuna 5",2,12,44,0,0,62,128,0,1,26,68,42,129,6,26,4,550
"020351702","02","Caba","02035","Comuna 5",6,10,45,0,1,53,137,1,4,18,77,48,106,6,32,3,547
"020351703","02","Caba","02035","Comuna 5",1,7,35,0,0,37,113,0,1,21,60,38,88,1,28,5,435
"020351704","02","Caba","02035","Comuna 5",2,11,52,0,0,70,120,1,0,21,71,54,120,5,38,5,570
"020351705","02","Caba","02035","Comuna 5",0,6,27,0,0,25,105,0,1,22,92,65,159,4,59,4,569
"020351706","02","Caba","02035","Comuna 5",0,4,41,1,0,34,109,0,0,23,86,60,157,7,43,4,569
"020351707","02","Caba","02035","Comuna 5",2,16,39,0,0,60,134,0,0,19,95,50,98,3,35,7,558
"020351708","02","Caba","02035","Comuna 5",5,12,49,0,0,60,145,0,4,26,114,70,125,7,41,9,667
"020351709","02","Caba","02035","Comuna 5",1,9,37,0,0,62,123,0,1,14,57,46,87,0,22,5,464
"020351710","02","Caba","02035","Comuna 5",0,10,33,0,0,55,130,0,2,32,105,63,134,2,34,5,605
"020351711","02","Caba","02035","Comuna 5",0,7,38,0,0,53,147,0,2,25,123,86,175,12,63,7,738
"020351801","02","Caba","02035","Comuna 5",3,6,45,0,1,48,137,1,1,30,128,57,192,5,55,8,717
"020351802","02","Caba","02035","Comuna 5",0,5,43,0,4,49,147,1,3,19,103,64,152,6,45,9,650
"020351803","02","Caba","02035","Comuna 5",5,14,50,0,0,74,177,0,3,31,109,102,187,11,62,8,833
"020351804","02","Caba","02035","Comuna 5",5,12,19,0,1,57,116,0,3,14,59,42,109,7,34,6,484
"020351805","02","Caba","02035","Comuna 5",3,6,39,0,1,65,129,1,2,28,77,53,120,2,47,4,577
"020351806","02","Caba","02035","Comuna 5",11,4,22,0,0,42,67,0,2,20,73,49,74,1,27,0,392
"020351807","02","Caba","02035","Comuna 5",1,8,33,0,0,45,113,1,0,18,77,41,97,5,30,5,474
"020351808","02","Caba","02035","Comuna 5",4,7,26,0,0,35,84,1,1,10,36,19,40,1,20,2,286
"020351809","02","Caba","02035","Comuna 5",6,11,54,1,1,55,113,0,1,15,66,62,84,5,25,4,503
"020351810","02","Caba","02035","Comuna 5",2,3,51,0,0,44,136,0,2,10,77,57,104,3,32,6,527
"020351811","02","Caba","02035","Comuna 5",3,3,34,0,1,52,125,0,0,24,110,62,137,2,40,9,602
"020351901","02","Caba","02035","Comuna 5",4,16,45,0,1,45,136,0,0,27,69,49,121,3,39,4,559
"020351902","02","Caba","02035","Comuna 5",2,10,42,0,0,53,145,1,3,20,70,44,82,5,23,3,503
"020351903","02","Caba","02035","Comuna 5",6,19,60,0,2,81,149,1,0,28,91,56,90,7,35,11,636
"020351904","02","Caba","02035","Comuna 5",1,14,52,1,0,74,156,0,1,21,96,39,100,5,39,5,604
"020351905","02","Caba","02035","Comuna 5",3,13,60,0,0,65,141,0,5,21,62,44,76,4,28,5,527
"020351906","02","Caba","02035","Comuna 5",0,11,57,0,2,67,167,1,1,21,99,56,129,3,30,7,651
"020351907","02","Caba","02035","Comuna 5",1,5,33,0,3,36,87,0,0,8,49,22,57,1,18,4,324
"020351908","02","Caba","02035","Comuna 5",0,9,65,0,0,69,165,1,10,28,86,80,128,5,36,9,691
"020351909","02","Caba","02035","Comuna 5",1,7,37,0,0,42,122,0,1,15,66,36,70,1,29,5,432
"020351910","02","Caba","02035","Comuna 5",1,6,57,0,0,67,151,1,1,29,66,63,131,5,39,6,623
"020351911","02","Caba","02035","Comuna 5",1,9,64,2,0,64,187,1,1,36,112,68,140,7,42,5,739
"020352001","02","Caba","02035","Comuna 5",2,5,48,0,2,45,169,2,1,27,70,50,113,4,24,6,568
"020352002","02","Caba","02035","Comuna 5",9,15,62,1,1,74,207,3,5,36,130,79,156,7,35,7,827
"020352003","02","Caba","02035","Comuna 5",1,16,100,0,1,108,173,1,5,22,92,64,91,5,31,10,720
"020352004","02","Caba","02035","Comuna 5",0,8,46,0,0,74,138,0,2,20,56,38,80,2,26,13,503
"020352005","02","Caba","02035","Comuna 5",0,10,48,0,0,64,154,0,1,16,70,59,82,2,16,11,533
"020352006","02","Caba","02035","Comuna 5",1,14,69,0,2,90,180,0,1,25,91,38,80,4,17,13,625
"020352007","02","Caba","02035","Comuna 5",0,7,33,0,0,59,99,0,2,15,67,38,66,2,21,6,415
"020352008","02","Caba","02035","Comuna 5",3,8,89,0,0,85,167,2,2,30,69,54,108,5,18,6,646
"020352009","02","Caba","02035","Comuna 5",1,12,59,1,0,51,160,0,6,14,91,37,65,5,25,3,530
"020352010","02","Caba","02035","Comuna 5",10,18,70,0,0,80,180,2,0,34,103,73,87,3,27,10,697
"020352011","02","Caba","02035","Comuna 5",16,16,74,0,0,58,108,0,2,22,50,46,70,0,15,2,479
"020352012","02","Caba","02035","Comuna 5",17,9,54,1,0,61,167,1,0,15,86,64,91,4,35,4,609
"020352101","02","Caba","02035","Comuna 5",0,1,18,0,0,22,89,2,2,16,69,48,103,2,30,1,403
"020352102","02","Caba","02035","Comuna 5",0,8,64,0,1,75,157,0,3,26,79,43,88,6,17,2,569
"020352103","02","Caba","02035","Comuna 5",0,11,45,0,3,64,108,0,2,19,56,61,67,4,22,8,470
"020352104","02","Caba","02035","Comuna 5",0,14,60,1,2,80,211,1,1,21,106,80,130,1,46,14,768
"020352105","02","Caba","02035","Comuna 5",0,8,39,0,1,39,125,0,0,20,80,38,87,2,22,4,465
"020352106","02","Caba","02035","Comuna 5",0,7,41,0,1,53,140,0,3,26,80,56,89,3,24,7,530
"020352107","02","Caba","02035","Comuna 5",0,6,51,0,1,58,154,0,0,26,76,47,92,7,26,6,550
"020352108","02","Caba","02035","Comuna 5",0,6,33,0,0,45,109,0,3,16,48,36,61,4,10,2,373
"020352109","02","Caba","02035","Comuna 5",0,7,31,1,0,36,110,0,2,11,61,34,63,7,22,9,394
"020352110","02","Caba","02035","Comuna 5",4,9,42,1,0,50,100,0,1,19,56,30,66,2,14,1,395
"020352111","02","Caba","02035","Comuna 5",3,20,37,0,0,56,143,2,1,17,58,38,76,4,27,3,485
"020352112","02","Caba","02035","Comuna 5",6,4,40,0,2,56,91,1,1,15,69,49,99,2,30,6,471
"020352201","02","Caba","02035","Comuna 5",1,8,53,0,1,55,159,1,0,29,51,40,66,4,36,3,507
"020352202","02","Caba","02035","Comuna 5",0,12,62,0,2,88,180,0,2,20,71,54,75,1,28,4,599
"020352203","02","Caba","02035","Comuna 5",1,11,50,1,0,63,146,0,1,25,91,47,102,2,24,8,572
"020352204","02","Caba","02035","Comuna 5",0,8,61,0,2,78,168,0,5,30,98,70,129,4,38,6,697
"020352205","02","Caba","02035","Comuna 5",1,8,34,0,1,65,108,0,0,16,78,41,73,2,22,3,452
"020352206","02","Caba","02035","Comuna 5",2,10,62,0,2,70,119,1,3,25,72,61,96,5,30,10,568
"020352207","02","Caba","02035","Comuna 5",0,31,117,0,2,169,301,1,6,39,106,103,130,5,34,12,1056
"020352208","02","Caba","02035","Comuna 5",0,10,54,0,0,49,107,0,0,20,54,24,54,3,24,2,401
"020352209","02","Caba","02035","Comuna 5",0,16,73,1,1,81,170,0,1,28,104,55,76,3,21,7,637
"020352210","02","Caba","02035","Comuna 5",1,9,39,0,3,73,125,1,3,29,67,45,73,3,18,4,493
"020352211","02","Caba","02035","Comuna 5",2,17,63,0,0,64,157,0,1,17,71,43,76,2,14,4,531
"020352212","02","Caba","02035","Comuna 5",0,18,72,0,1,67,164,0,1,23,81,48,85,2,23,4,589
"020352213","02","Caba","02035","Comuna 5",0,13,47,1,2,46,101,0,6,20,50,23,48,2,8,5,372
"020420101","02","Caba","02042","Comuna 6",3,6,37,0,0,49,121,4,8,11,59,46,89,9,21,5,468
"020420102","02","Caba","02042","Comuna 6",23,14,48,1,0,70,138,2,7,28,76,54,79,4,20,9,573
"020420103","02","Caba","02042","Comuna 6",29,20,53,0,0,67,142,2,2,23,93,67,107,4,26,7,642
"020420104","02","Caba","02042","Comuna 6",28,12,41,0,4,60,125,3,7,28,81,51,105,3,20,9,577
"020420105","02","Caba","02042","Comuna 6",4,11,35,0,1,76,163,0,4,22,97,90,161,6,60,5,735
"020420106","02","Caba","02042","Comuna 6",1,7,49,1,1,74,156,3,6,27,115,60,149,16,38,8,711
"020420107","02","Caba","02042","Comuna 6",1,4,39,0,0,47,115,0,0,15,63,32,70,1,26,4,417
"020420108","02","Caba","02042","Comuna 6",13,9,33,0,1,64,122,5,1,22,68,42,86,5,25,7,503
"020420109","02","Caba","02042","Comuna 6",5,3,30,0,0,54,104,0,1,16,62,49,72,3,34,3,436
"020420110","02","Caba","02042","Comuna 6",8,5,15,0,1,24,75,0,4,12,37,34,71,3,23,4,316
"020420111","02","Caba","02042","Comuna 6",33,5,50,0,0,68,157,1,7,21,102,51,143,5,35,7,685
"020420112","02","Caba","02042","Comuna 6",3,2,36,0,0,32,95,0,2,15,59,45,83,4,20,1,397
"020420201","02","Caba","02042","Comuna 6",10,6,41,0,0,53,138,3,7,23,135,97,195,8,91,4,811
"020420202","02","Caba","02042","Comuna 6",1,6,34,1,0,38,120,1,0,20,115,72,149,6,47,7,617
"020420203","02","Caba","02042","Comuna 6",14,3,29,0,0,29,93,4,2,15,54,70,107,9,31,4,464
"020420204","02","Caba","02042","Comuna 6",3,10,34,0,0,41,83,0,1,11,63,53,114,5,34,4,456
"020420205","02","Caba","02042","Comuna 6",0,3,17,0,1,29,78,0,1,25,75,48,93,5,33,1,409
"020420206","02","Caba","02042","Comuna 6",1,1,37,0,0,46,121,1,1,25,104,60,143,5,65,2,612
"020420207","02","Caba","02042","Comuna 6",7,2,24,0,0,31,122,0,2,35,67,71,169,8,40,6,584
"020420208","02","Caba","02042","Comuna 6",6,7,35,2,0,46,116,0,1,21,93,77,161,10,56,11,642
"020420209","02","Caba","02042","Comuna 6",0,4,15,0,1,29,90,0,0,25,42,26,72,5,34,6,349
"020420210","02","Caba","02042","Comuna 6",6,8,38,0,0,40,165,1,5,28,85,68,157,7,47,6,661
"020420211","02","Caba","02042","Comuna 6",18,6,27,2,0,51,97,7,0,10,65,36,121,2,33,7,482
"020420212","02","Caba","02042","Comuna 6",2,13,27,1,0,38,106,3,6,16,69,72,158,6,52,5,574
"020420301","02","Caba","02042","Comuna 6",2,3,40,0,0,57,132,3,4,22,99,82,157,4,43,6,654
"020420302","02","Caba","02042","Comuna 6",0,14,37,0,1,45,119,1,1,19,77,55,118,2,47,4,540
"020420303","02","Caba","02042","Comuna 6",0,6,36,1,0,40,116,0,3,21,79,57,133,5,50,5,552
"020420304","02","Caba","02042","Comuna 6",1,5,25,0,0,29,90,1,1,17,64,49,123,4,46,5,460
"020420305","02","Caba","02042","Comuna 6",0,4,26,0,1,36,120,0,1,19,98,59,119,4,35,5,527
"020420306","02","Caba","02042","Comuna 6",4,7,42,0,0,58,120,1,5,26,98,64,151,8,55,3,642
"020420307","02","Caba","02042","Comuna 6",0,4,39,0,0,40,156,1,0,19,86,55,154,5,45,3,607
"020420308","02","Caba","02042","Comuna 6",2,6,26,0,0,40,110,1,0,23,80,44,129,3,37,4,505
"020420309","02","Caba","02042","Comuna 6",1,4,21,0,1,27,94,0,2,19,52,31,111,7,38,5,413
"020420310","02","Caba","02042","Comuna 6",2,11,56,0,0,59,155,1,1,23,80,66,144,10,37,4,649
"020420311","02","Caba","02042","Comuna 6",2,3,23,0,0,32,87,0,4,15,57,44,96,3,33,1,400
"020420401","02","Caba","02042","Comuna 6",11,8,20,0,0,42,73,0,7,13,62,42,70,4,41,2,395
"020420402","02","Caba","02042","Comuna 6",30,1,45,0,2,58,107,2,5,26,81,80,155,8,65,3,668
"020420403","02","Caba","02042","Comuna 6",20,7,49,0,3,73,145,0,7,23,86,101,171,12,39,3,739
"020420404","02","Caba","02042","Comuna 6",16,5,41,1,1,44,160,0,5,31,116,88,155,7,49,2,721
"020420405","02","Caba","02042","Comuna 6",9,3,30,0,0,25,99,0,1,19,103,61,117,6,45,5,523
"020420406","02","Caba","02042","Comuna 6",21,6,18,0,2,45,127,0,2,31,110,99,259,10,91,5,826
"020420407","02","Caba","02042","Comuna 6",18,4,41,0,0,40,102,2,2,23,75,36,104,6,44,2,499
"020420408","02","Caba","02042","Comuna 6",30,16,46,1,0,51,126,1,5,29,104,77,204,19,94,9,812
"020420409","02","Caba","02042","Comuna 6",12,5,44,3,1,46,129,2,10,16,86,70,136,6,54,4,624
"020420410","02","Caba","02042","Comuna 6",22,13,39,1,4,50,155,1,6,37,98,74,187,10,72,4,773
"020420411","02","Caba","02042","Comuna 6",23,3,22,0,0,32,91,3,0,18,102,76,161,9,73,5,618
"020420412","02","Caba","02042","Comuna 6",3,2,18,0,0,27,60,1,0,6,51,39,92,5,34,2,340
"020420501","02","Caba","02042","Comuna 6",0,2,21,0,0,42,99,1,2,17,81,59,104,6,46,4,484
"020420502","02","Caba","02042","Comuna 6",0,6,37,0,0,42,108,0,1,19,87,57,140,3,42,4,546
"020420503","02","Caba","02042","Comuna 6",0,8,38,1,0,44,141,1,2,19,97,65,161,9,54,6,646
"020420504","02","Caba","02042","Comuna 6",1,4,26,0,0,32,124,0,0,18,67,75,139,12,58,3,559
"020420505","02","Caba","02042","Comuna 6",1,7,40,0,1,55,113,1,3,26,103,82,172,13,66,6,689
"020420506","02","Caba","02042","Comuna 6",1,9,31,0,0,34,122,0,3,15,71,35,124,4,42,7,498
"020420507","02","Caba","02042","Comuna 6",2,6,45,0,1,40,180,1,4,40,103,69,189,15,54,8,757
"020420508","02","Caba","02042","Comuna 6",0,3,14,0,0,32,89,0,1,11,50,39,109,3,29,2,382
"020420509","02","Caba","02042","Comuna 6",0,7,28,0,0,40,102,0,1,18,74,56,127,6,36,4,499
"020420510","02","Caba","02042","Comuna 6",0,6,46,1,0,45,146,0,6,31,114,82,216,9,73,3,778
"020420511","02","Caba","02042","Comuna 6",3,6,23,0,2,35,118,2,7,28,120,56,158,8,54,7,627
"020420512","02","Caba","02042","Comuna 6",0,6,17,0,1,29,74,0,2,18,37,29,60,0,23,0,296
"020420513","02","Caba","02042","Comuna 6",0,2,12,0,0,17,43,0,1,13,38,27,93,2,19,4,271
"020420601","02","Caba","02042","Comuna 6",37,9,55,0,2,62,179,2,6,40,131,102,229,14,77,7,952
"020420602","02","Caba","02042","Comuna 6",41,11,54,0,1,78,254,1,6,48,232,140,402,11,147,9,1435
"020420603","02","Caba","02042","Comuna 6",7,2,39,0,1,62,200,0,1,29,109,71,175,11,62,4,773
"020420604","02","Caba","02042","Comuna 6",17,4,14,0,2,26,93,0,10,17,65,43,120,23,33,2,469
"020420605","02","Caba","02042","Comuna 6",3,5,26,0,1,27,72,0,1,4,54,31,100,4,38,2,368
"020420606","02","Caba","02042","Comuna 6",3,6,31,0,1,37,138,0,1,25,101,93,218,4,86,5,749
"020420607","02","Caba","02042","Comuna 6",7,7,45,0,1,43,122,1,2,25,96,68,167,6,57,2,649
"020420608","02","Caba","02042","Comuna 6",19,9,62,0,1,43,156,1,3,34,124,70,198,3,62,4,789
"020420609","02","Caba","02042","Comuna 6",4,6,40,0,2,32,119,0,1,21,73,61,152,14,81,1,607
"020420701","02","Caba","02042","Comuna 6",25,8,29,0,0,32,110,1,0,17,67,49,117,8,45,6,514
"020420702","02","Caba","02042","Comuna 6",67,8,36,2,1,32,136,1,7,22,100,87,195,9,88,2,793
"020420703","02","Caba","02042","Comuna 6",14,6,24,1,0,33,87,0,3,14,55,43,94,6,58,2,440
"020420704","02","Caba","02042","Comuna 6",22,14,47,0,1,50,170,0,3,25,118,79,213,14,68,5,829
"020420705","02","Caba","02042","Comuna 6",16,15,57,0,2,51,134,2,3,29,102,86,187,9,60,6,759
"020420706","02","Caba","02042","Comuna 6",16,4,37,0,1,32,89,1,2,11,69,50,124,8,62,7,513
"020420707","02","Caba","02042","Comuna 6",29,7,38,0,0,56,128,2,3,27,133,73,215,13,81,3,808
"020420708","02","Caba","02042","Comuna 6",3,2,33,0,2,37,109,1,1,26,75,70,132,7,45,1,544
"020420709","02","Caba","02042","Comuna 6",53,6,37,1,1,25,104,0,3,15,88,76,161,7,72,4,653
"020420710","02","Caba","02042","Comuna 6",20,6,32,0,1,36,102,1,2,14,62,71,149,5,52,4,557
"020420711","02","Caba","02042","Comuna 6",42,3,30,0,1,39,84,0,3,17,60,54,143,9,42,5,532
"020420712","02","Caba","02042","Comuna 6",24,6,28,1,1,39,89,1,5,14,83,69,153,11,66,0,590
"020420713","02","Caba","02042","Comuna 6",1,7,18,0,0,22,89,0,4,11,60,48,109,7,35,4,415
"020420801","02","Caba","02042","Comuna 6",12,7,39,0,0,46,107,0,6,15,103,53,146,11,57,5,607
"020420802","02","Caba","02042","Comuna 6",10,7,38,0,0,61,122,0,5,32,91,62,156,4,72,5,665
"020420803","02","Caba","02042","Comuna 6",22,2,26,0,0,31,84,0,4,19,60,64,115,10,47,6,490
"020420804","02","Caba","02042","Comuna 6",12,9,20,0,0,37,80,0,0,21,69,57,111,3,43,3,465
"020420805","02","Caba","02042","Comuna 6",22,4,18,0,1,19,77,0,2,13,59,48,109,4,79,0,455
"020420806","02","Caba","02042","Comuna 6",13,13,53,0,1,61,190,2,3,25,119,100,152,6,65,8,811
"020420807","02","Caba","02042","Comuna 6",5,16,39,2,0,39,97,1,5,27,99,43,169,9,76,4,631
"020420808","02","Caba","02042","Comuna 6",7,7,24,0,0,31,75,3,1,9,61,61,133,7,57,0,476
"020420809","02","Caba","02042","Comuna 6",27,7,34,2,1,47,89,1,3,11,71,54,84,7,35,9,482
"020420810","02","Caba","02042","Comuna 6",20,5,28,0,0,29,131,1,8,21,96,67,153,15,57,5,636
"020420811","02","Caba","02042","Comuna 6",16,5,23,0,0,34,71,5,3,15,67,55,151,8,54,3,510
"020420901","02","Caba","02042","Comuna 6",4,4,24,0,0,27,112,1,4,24,68,38,112,5,31,2,456
"020420902","02","Caba","02042","Comuna 6",14,4,17,1,0,21,96,2,2,19,79,31,115,6,27,4,438
"020420903","02","Caba","02042","Comuna 6",15,4,24,0,4,31,76,0,2,9,61,47,86,7,26,3,395
"020420904","02","Caba","02042","Comuna 6",4,6,39,1,1,22,114,0,7,15,130,78,213,11,100,4,745
"020420905","02","Caba","02042","Comuna 6",1,1,16,0,0,21,53,1,0,14,30,34,43,1,9,3,227
"020420906","02","Caba","02042","Comuna 6",4,6,43,0,0,31,119,2,2,19,95,55,173,10,97,6,662
"020420907","02","Caba","02042","Comuna 6",4,4,20,1,0,21,99,0,5,10,63,43,114,4,32,2,422
"020420908","02","Caba","02042","Comuna 6",2,4,12,0,0,22,69,2,0,5,42,48,138,6,54,4,408
"020420909","02","Caba","02042","Comuna 6",3,5,27,0,0,51,110,0,4,12,73,57,183,8,54,2,589
"020420910","02","Caba","02042","Comuna 6",1,6,28,0,0,29,109,0,5,25,84,59,176,8,46,4,580
"020421001","02","Caba","02042","Comuna 6",4,4,39,0,0,42,138,0,2,22,77,48,105,3,35,12,531
"020421002","02","Caba","02042","Comuna 6",2,5,33,0,3,41,84,2,5,18,63,54,90,4,24,5,433
"020421003","02","Caba","02042","Comuna 6",1,6,37,0,0,25,110,1,1,21,82,71,172,11,52,4,594
"020421004","02","Caba","02042","Comuna 6",0,4,32,0,0,33,90,0,1,22,72,44,109,7,36,2,452
"020421005","02","Caba","02042","Comuna 6",1,9,38,0,1,34,138,0,1,20,90,73,158,7,57,7,634
"020421006","02","Caba","02042","Comuna 6",2,3,35,0,0,38,130,1,1,22,98,75,194,7,65,5,676
"020421007","02","Caba","02042","Comuna 6",1,3,13,1,0,18,91,0,1,16,80,56,95,3,31,3,412
"020421008","02","Caba","02042","Comuna 6",4,9,50,0,1,54,187,1,5,37,123,114,248,9,74,8,924
"020421009","02","Caba","02042","Comuna 6",9,5,25,0,1,28,99,0,2,31,72,39,129,4,42,4,490
"020421010","02","Caba","02042","Comuna 6",5,11,44,1,0,34,143,0,2,26,102,90,197,8,55,6,724
"020421101","02","Caba","02042","Comuna 6",5,10,47,0,0,64,190,3,8,34,123,76,217,6,66,4,853
"020421102","02","Caba","02042","Comuna 6",1,2,30,0,0,28,99,0,0,17,55,43,95,7,39,4,420
"020421103","02","Caba","02042","Comuna 6",0,10,48,0,1,55,158,1,2,30,105,65,135,4,47,8,669
"020421104","02","Caba","02042","Comuna 6",1,1,29,0,1,35,117,0,0,17,96,62,145,10,55,1,570
"020421105","02","Caba","02042","Comuna 6",2,9,40,1,0,63,204,0,4,38,169,117,342,13,114,10,1126
"020421106","02","Caba","02042","Comuna 6",3,2,31,0,1,30,128,1,1,23,87,68,175,7,64,1,622
"020421107","02","Caba","02042","Comuna 6",1,4,25,0,0,32,122,1,0,18,92,52,141,8,37,7,540
"020421108","02","Caba","02042","Comuna 6",3,7,47,0,1,59,154,3,7,27,107,66,160,6,50,2,699
"020421109","02","Caba","02042","Comuna 6",3,12,41,0,0,55,124,0,0,35,90,60,144,6,50,6,626
"020421110","02","Caba","02042","Comuna 6",5,4,26,0,0,31,94,0,2,15,48,45,98,8,38,0,414
"020421201","02","Caba","02042","Comuna 6",0,4,13,0,0,20,72,0,0,15,47,37,83,8,20,1,320
"020421202","02","Caba","02042","Comuna 6",2,7,32,0,0,39,126,0,0,21,91,62,171,7,38,3,599
"020421203","02","Caba","02042","Comuna 6",0,2,43,2,1,50,126,1,1,16,82,64,158,5,57,6,614
"020421204","02","Caba","02042","Comuna 6",1,6,25,0,0,21,52,2,3,5,39,30,75,0,19,2,280
"020421205","02","Caba","02042","Comuna 6",0,5,21,0,0,37,106,0,1,23,88,47,112,4,46,2,492
"020421206","02","Caba","02042","Comuna 6",1,4,22,0,0,20,94,0,1,15,61,29,90,4,30,0,371
"020421207","02","Caba","02042","Comuna 6",4,4,38,2,0,42,131,1,3,30,81,78,160,3,48,2,627
"020421208","02","Caba","02042","Comuna 6",0,6,20,0,0,28,87,1,0,26,76,41,143,4,69,5,506
"020421209","02","Caba","02042","Comuna 6",0,3,21,0,0,33,89,0,0,16,77,35,101,12,39,6,432
"020421210","02","Caba","02042","Comuna 6",0,4,18,0,1,16,58,0,4,17,47,48,113,2,38,1,367
"020421211","02","Caba","02042","Comuna 6",2,3,23,1,1,25,87,2,1,14,77,40,139,9,28,3,455
"020421212","02","Caba","02042","Comuna 6",1,2,11,0,2,16,46,0,1,10,38,25,63,2,20,5,242
"020421301","02","Caba","02042","Comuna 6",2,5,44,0,0,34,101,0,3,20,78,58,155,6,55,3,564
"020421302","02","Caba","02042","Comuna 6",7,9,39,0,0,45,167,0,2,23,124,111,221,12,69,6,835
"020421303","02","Caba","02042","Comuna 6",3,1,20,0,0,21,94,0,2,16,90,39,158,2,56,0,502
"020421304","02","Caba","02042","Comuna 6",13,6,47,3,0,44,177,0,4,32,124,123,249,7,79,8,916
"020421305","02","Caba","02042","Comuna 6",0,6,31,0,1,31,131,0,3,24,103,78,225,7,52,5,697
"020421306","02","Caba","02042","Comuna 6",3,6,23,0,0,25,105,0,3,18,73,43,129,1,42,4,475
"020421307","02","Caba","02042","Comuna 6",9,1,13,0,0,20,73,0,2,10,54,43,123,6,40,3,397
"020421308","02","Caba","02042","Comuna 6",1,1,10,0,0,18,56,0,1,9,42,39,91,9,40,7,324
"020421309","02","Caba","02042","Comuna 6",1,0,22,0,0,17,63,0,2,7,56,34,93,5,37,6,343
"020421310","02","Caba","02042","Comuna 6",11,2,20,0,7,26,83,1,5,15,75,43,120,3,38,2,451
"020421311","02","Caba","02042","Comuna 6",7,1,16,0,0,12,51,1,0,9,41,50,106,3,34,4,335
"020421312","02","Caba","02042","Comuna 6",9,3,18,1,2,30,89,0,3,20,74,50,165,8,60,3,535
"020421313","02","Caba","02042","Comuna 6",4,1,16,0,0,20,95,0,1,16,77,43,145,3,46,5,472
"020421401","02","Caba","02042","Comuna 6",0,3,18,0,0,39,100,2,1,18,95,87,186,3,66,4,622
"020421402","02","Caba","02042","Comuna 6",10,3,21,0,1,29,79,2,1,15,62,65,160,8,54,6,516
"020421403","02","Caba","02042","Comuna 6",1,3,22,0,0,39,108,0,2,29,70,58,123,8,34,11,508
"020421404","02","Caba","02042","Comuna 6",7,7,37,1,3,40,158,1,2,38,93,85,230,10,53,11,776
"020421405","02","Caba","02042","Comuna 6",0,6,30,1,0,45,174,1,0,23,124,85,236,8,101,9,843
"020421406","02","Caba","02042","Comuna 6",1,10,30,0,0,34,101,0,6,9,53,56,162,5,51,4,522
"020421407","02","Caba","02042","Comuna 6",10,5,16,1,1,18,67,0,0,13,51,31,123,7,28,0,371
"020421408","02","Caba","02042","Comuna 6",2,5,23,1,0,10,58,1,0,12,58,48,129,4,50,4,405
"020421409","02","Caba","02042","Comuna 6",4,5,32,0,1,41,139,0,1,20,79,57,215,6,67,4,671
"020421410","02","Caba","02042","Comuna 6",0,2,34,0,0,27,81,3,5,19,66,48,163,3,73,3,527
"020421411","02","Caba","02042","Comuna 6",0,2,22,0,1,19,61,2,2,17,54,38,124,3,40,4,389
"020421412","02","Caba","02042","Comuna 6",0,2,13,0,0,20,65,1,1,18,53,29,122,5,68,4,401
"020421501","02","Caba","02042","Comuna 6",0,2,22,0,1,28,82,1,1,14,78,63,162,4,50,8,516
"020421502","02","Caba","02042","Comuna 6",1,16,74,0,3,73,237,0,3,38,173,120,327,8,109,9,1191
"020421503","02","Caba","02042","Comuna 6",3,5,35,0,0,42,118,1,4,20,74,64,150,3,47,2,568
"020421504","02","Caba","02042","Comuna 6",6,4,26,0,0,21,83,1,2,17,78,56,227,12,42,4,579
"020421505","02","Caba","02042","Comuna 6",8,9,36,0,0,30,109,0,2,22,96,70,193,2,72,9,658
"020421506","02","Caba","02042","Comuna 6",9,4,19,0,0,27,98,0,2,17,68,62,217,3,68,3,597
"020421507","02","Caba","02042","Comuna 6",1,2,27,0,2,36,110,0,0,21,73,86,184,6,83,5,636
"020421508","02","Caba","02042","Comuna 6",9,6,24,0,1,50,116,1,1,30,65,63,97,6,38,6,513
"020421509","02","Caba","02042","Comuna 6",4,3,28,0,0,22,85,0,3,11,60,54,115,4,36,3,428
"020421510","02","Caba","02042","Comuna 6",3,2,14,0,0,21,67,0,2,25,70,56,175,9,67,7,518
"020421601","02","Caba","02042","Comuna 6",0,5,24,0,0,39,96,0,0,16,74,46,102,5,52,1,460
"020421602","02","Caba","02042","Comuna 6",0,4,25,0,0,33,126,0,4,20,87,50,210,9,86,2,656
"020421603","02","Caba","02042","Comuna 6",5,6,20,1,0,24,77,0,1,20,76,54,136,9,53,0,482
"020421604","02","Caba","02042","Comuna 6",2,2,22,2,0,22,92,0,2,18,64,51,183,8,72,3,543
"020421605","02","Caba","02042","Comuna 6",11,9,38,0,1,59,180,1,9,13,95,85,240,11,77,6,835
"020421606","02","Caba","02042","Comuna 6",0,8,31,0,0,41,151,0,1,30,101,74,210,8,86,5,746
"020421607","02","Caba","02042","Comuna 6",1,13,42,0,0,36,135,1,1,24,98,92,237,8,94,5,787
"020421608","02","Caba","02042","Comuna 6",0,1,39,0,1,42,120,0,2,27,86,64,206,6,64,8,666
"020421609","02","Caba","02042","Comuna 6",0,5,56,1,0,44,170,0,0,43,120,95,275,6,94,7,916
"020421610","02","Caba","02042","Comuna 6",0,3,12,0,0,12,40,0,0,6,32,11,40,0,4,2,162
"020421611","02","Caba","02042","Comuna 6",1,4,51,0,1,27,135,3,2,28,98,70,189,2,61,4,676
"020421612","02","Caba","02042","Comuna 6",0,5,24,0,0,21,91,0,2,14,58,57,147,5,44,3,471
"020421613","02","Caba","02042","Comuna 6",2,9,28,0,0,45,102,0,1,17,78,75,166,5,65,6,599
"020421614","02","Caba","02042","Comuna 6",0,3,33,0,0,36,139,0,3,26,117,75,218,3,91,4,748
"020421701","02","Caba","02042","Comuna 6",1,8,30,0,0,38,124,0,5,24,90,45,147,5,41,8,566
"020421702","02","Caba","02042","Comuna 6",16,3,52,0,0,44,140,0,1,12,124,71,155,9,55,2,684
"020421703","02","Caba","02042","Comuna 6",25,6,33,0,0,33,88,0,2,17,78,40,108,5,54,6,495
"020421704","02","Caba","02042","Comuna 6",4,5,30,0,1,39,121,1,4,19,93,52,155,5,42,5,576
"020421705","02","Caba","02042","Comuna 6",25,12,77,0,1,74,281,2,6,54,173,126,277,17,98,11,1234
"020421706","02","Caba","02042","Comuna 6",35,14,45,0,2,58,206,2,4,31,134,108,232,12,76,15,974
"020421707","02","Caba","02042","Comuna 6",0,5,26,0,0,22,77,0,0,16,76,48,119,5,42,5,441
"020421801","02","Caba","02042","Comuna 6",0,3,22,0,1,29,107,1,1,16,78,52,116,4,56,4,490
"020421802","02","Caba","02042","Comuna 6",9,4,34,0,0,40,119,0,4,15,83,57,170,14,50,6,605
"020421803","02","Caba","02042","Comuna 6",5,3,31,0,1,30,109,0,4,11,79,47,96,5,50,6,477
"020421804","02","Caba","02042","Comuna 6",6,10,27,0,0,24,79,2,2,15,67,56,168,7,61,6,530
"020421805","02","Caba","02042","Comuna 6",15,6,31,0,0,43,125,0,3,16,85,52,145,9,67,2,599
"020421806","02","Caba","02042","Comuna 6",6,5,43,0,1,46,123,1,2,31,82,68,243,6,90,6,753
"020421807","02","Caba","02042","Comuna 6",4,9,45,0,0,50,141,2,3,32,105,89,212,10,57,5,764
"020421808","02","Caba","02042","Comuna 6",2,8,49,1,0,31,153,0,2,23,93,75,172,10,61,7,687
"020421809","02","Caba","02042","Comuna 6",3,7,23,0,1,34,129,1,3,22,99,60,192,4,62,1,641
"020421901","02","Caba","02042","Comuna 6",0,3,31,0,0,31,101,0,3,14,68,67,179,10,53,6,566
"020421902","02","Caba","02042","Comuna 6",5,7,60,0,2,46,188,0,6,34,132,81,300,12,110,8,991
"020421903","02","Caba","02042","Comuna 6",1,5,38,0,2,55,180,2,8,32,117,87,236,9,88,6,866
"020421904","02","Caba","02042","Comuna 6",0,10,44,1,1,41,138,0,2,29,81,73,170,3,50,3,646
"020421905","02","Caba","02042","Comuna 6",0,3,26,1,0,34,94,0,3,16,57,42,120,9,38,5,448
"020421906","02","Caba","02042","Comuna 6",7,8,41,0,0,38,127,0,3,27,106,88,174,13,79,6,717
"020421907","02","Caba","02042","Comuna 6",1,6,45,0,0,30,124,0,3,23,81,82,166,4,64,5,634
"020421908","02","Caba","02042","Comuna 6",4,5,34,0,1,34,145,1,1,18,88,68,145,10,60,4,618
"020422001","02","Caba","02042","Comuna 6",10,2,15,0,0,22,74,1,0,12,62,37,97,7,32,3,374
"020422002","02","Caba","02042","Comuna 6",8,6,16,0,1,22,84,1,1,17,72,60,104,8,34,5,439
"020422003","02","Caba","02042","Comuna 6",4,9,55,3,0,42,207,1,6,30,129,96,304,10,79,8,983
"020422004","02","Caba","02042","Comuna 6",8,7,20,0,0,20,84,0,0,12,64,39,109,4,33,3,403
"020422005","02","Caba","02042","Comuna 6",2,5,24,0,0,42,117,2,0,34,77,64,180,12,64,7,630
"020422006","02","Caba","02042","Comuna 6",1,6,35,1,1,30,114,1,0,21,89,63,134,5,75,8,584
"020422007","02","Caba","02042","Comuna 6",5,5,21,0,0,17,79,1,1,16,64,40,94,6,37,3,389
"020422008","02","Caba","02042","Comuna 6",10,16,40,0,0,44,156,1,2,20,120,103,286,2,88,3,891
"020422009","02","Caba","02042","Comuna 6",14,1,43,0,1,56,141,0,3,26,95,79,181,8,42,5,695
"020422010","02","Caba","02042","Comuna 6",7,6,29,0,0,39,125,0,7,13,102,53,156,3,65,10,615
"020422101","02","Caba","02042","Comuna 6",0,2,53,0,1,42,110,0,2,25,107,61,148,2,35,3,591
"020422102","02","Caba","02042","Comuna 6",3,8,35,0,1,57,172,1,0,12,107,70,195,5,72,3,741
"020422103","02","Caba","02042","Comuna 6",1,4,43,0,1,23,122,0,2,20,97,59,141,6,66,4,589
"020422104","02","Caba","02042","Comuna 6",2,7,30,0,0,29,103,1,2,21,66,50,162,7,33,3,516
"020422105","02","Caba","02042","Comuna 6",0,3,38,0,1,40,130,0,6,20,87,56,180,5,70,5,641
"020422106","02","Caba","02042","Comuna 6",2,2,22,0,0,37,75,0,0,12,59,29,108,5,18,4,373
"020422107","02","Caba","02042","Comuna 6",0,9,48,1,1,42,162,1,1,27,82,69,142,6,74,4,669
"020422108","02","Caba","02042","Comuna 6",6,12,28,0,0,33,110,1,1,24,75,48,148,3,53,6,548
"020422109","02","Caba","02042","Comuna 6",3,6,37,0,0,44,112,0,1,34,97,92,176,2,65,4,673
"020422110","02","Caba","02042","Comuna 6",6,14,42,0,0,49,165,0,1,26,89,67,126,2,50,10,647
"020422111","02","Caba","02042","Comuna 6",2,18,61,0,0,61,143,0,1,31,105,81,210,4,56,7,780
"020422112","02","Caba","02042","Comuna 6",0,3,20,0,0,13,64,0,1,10,54,39,101,1,44,6,356
"020490101","02","Caba","02049","Comuna 7",13,19,57,1,3,64,143,3,3,16,29,27,37,1,14,8,438
"020490102","02","Caba","02049","Comuna 7",4,23,66,0,0,69,166,2,1,19,70,50,62,1,9,6,548
"020490103","02","Caba","02049","Comuna 7",2,15,55,0,0,65,156,0,2,26,43,49,48,2,9,9,481
"020490104","02","Caba","02049","Comuna 7",3,7,41,0,2,38,99,0,0,8,28,22,31,2,6,9,296
"020490105","02","Caba","02049","Comuna 7",2,5,32,1,0,42,84,0,0,14,21,16,27,1,1,0,246
"020490106","02","Caba","02049","Comuna 7",1,10,23,0,0,27,77,0,0,6,21,16,14,0,8,3,206
"020490107","02","Caba","02049","Comuna 7",2,7,24,0,0,27,63,0,1,10,16,15,24,1,7,3,200
"020490108","02","Caba","02049","Comuna 7",8,8,42,0,1,53,151,0,6,22,55,27,84,2,17,8,484
"020490109","02","Caba","02049","Comuna 7",1,13,47,0,2,59,135,1,1,10,56,35,53,0,10,2,425
"020490110","02","Caba","02049","Comuna 7",0,10,32,1,0,66,129,0,2,22,55,45,98,3,21,6,490
"020490111","02","Caba","02049","Comuna 7",5,5,23,0,1,41,77,1,1,15,41,27,57,3,16,1,314
"020490201","02","Caba","02049","Comuna 7",4,17,61,0,1,61,148,2,2,26,98,60,105,2,24,5,616
"020490202","02","Caba","02049","Comuna 7",6,15,74,0,0,87,204,0,3,22,122,74,147,9,39,12,814
"020490203","02","Caba","02049","Comuna 7",1,7,37,1,3,49,148,1,3,16,57,52,106,2,30,3,516
"020490204","02","Caba","02049","Comuna 7",8,14,61,0,0,60,197,0,2,25,94,62,97,4,35,3,662
"020490205","02","Caba","02049","Comuna 7",11,4,68,0,1,69,166,0,2,27,56,31,83,3,19,5,545
"020490206","02","Caba","02049","Comuna 7",3,16,82,2,0,86,225,2,2,19,79,61,82,2,12,17,690
"020490207","02","Caba","02049","Comuna 7",4,12,49,0,0,46,139,0,2,22,57,33,74,2,15,8,463
"020490208","02","Caba","02049","Comuna 7",2,11,39,0,0,68,123,2,1,15,70,53,83,2,17,9,495
"020490209","02","Caba","02049","Comuna 7",7,6,54,0,0,75,150,0,4,37,96,59,115,10,28,3,644
"020490301","02","Caba","02049","Comuna 7",3,6,59,2,0,66,150,5,4,18,97,67,120,7,17,12,633
"020490302","02","Caba","02049","Comuna 7",3,7,62,0,0,58,171,1,2,25,100,67,166,5,33,5,705
"020490303","02","Caba","02049","Comuna 7",2,7,51,0,0,59,132,0,4,19,87,64,161,6,60,1,653
"020490304","02","Caba","02049","Comuna 7",7,10,62,0,1,60,159,1,3,25,93,49,124,4,43,5,646
"020490305","02","Caba","02049","Comuna 7",4,8,27,0,0,44,116,1,1,21,65,52,116,0,39,4,498
"020490306","02","Caba","02049","Comuna 7",2,8,46,0,0,64,154,1,1,28,96,72,161,4,50,5,692
"020490307","02","Caba","02049","Comuna 7",0,7,30,0,0,25,120,0,1,15,64,32,80,9,28,7,418
"020490308","02","Caba","02049","Comuna 7",1,7,38,1,0,54,141,0,1,17,70,57,119,2,30,6,544
"020490309","02","Caba","02049","Comuna 7",3,2,39,0,3,44,136,0,0,20,82,48,94,2,23,6,502
"020490310","02","Caba","02049","Comuna 7",2,10,21,0,0,32,96,0,2,18,58,34,78,3,19,3,376
"020490311","02","Caba","02049","Comuna 7",1,1,16,0,0,34,82,0,2,13,71,50,128,0,35,4,437
"020490312","02","Caba","02049","Comuna 7",0,3,27,0,2,32,91,0,1,15,72,43,112,2,24,8,432
"020490313","02","Caba","02049","Comuna 7",0,6,34,0,1,44,160,0,2,16,61,54,109,1,19,11,518
"020490401","02","Caba","02049","Comuna 7",2,12,54,0,2,79,172,3,2,20,60,45,113,2,36,4,606
"020490402","02","Caba","02049","Comuna 7",9,6,44,0,0,50,129,0,2,23,69,56,102,3,23,6,522
"020490403","02","Caba","02049","Comuna 7",8,8,36,0,2,58,178,0,1,31,108,70,138,4,33,7,682
"020490404","02","Caba","02049","Comuna 7",1,7,33,0,2,36,147,0,2,21,135,90,205,5,56,8,748
"020490405","02","Caba","02049","Comuna 7",3,8,42,0,2,38,131,0,3,21,90,75,153,6,45,5,622
"020490406","02","Caba","02049","Comuna 7",13,12,43,0,1,53,122,0,4,23,113,44,146,2,41,3,620
"020490407","02","Caba","02049","Comuna 7",3,8,28,1,1,28,97,0,1,7,69,44,102,2,42,4,437
"020490408","02","Caba","02049","Comuna 7",2,6,27,1,0,63,91,0,0,23,61,58,78,3,23,2,438
"020490409","02","Caba","02049","Comuna 7",2,5,28,1,0,51,96,0,3,18,60,42,72,2,17,2,399
"020490410","02","Caba","02049","Comuna 7",11,5,44,0,2,54,213,0,3,24,128,97,257,11,81,3,933
"020490411","02","Caba","02049","Comuna 7",20,9,33,0,0,41,113,1,1,21,69,60,114,2,61,5,550
"020490501","02","Caba","02049","Comuna 7",5,6,43,1,0,35,144,0,4,20,80,42,163,8,32,4,587
"020490502","02","Caba","02049","Comuna 7",2,3,33,0,0,28,116,0,3,14,63,56,113,3,40,3,477
"020490503","02","Caba","02049","Comuna 7",0,1,16,0,0,20,66,0,2,13,44,32,75,3,22,0,294
"020490504","02","Caba","02049","Comuna 7",5,17,41,1,0,48,193,0,2,32,111,69,187,5,61,7,779
"020490505","02","Caba","02049","Comuna 7",1,8,33,1,1,34,143,0,2,17,70,46,119,7,40,5,527
"020490506","02","Caba","02049","Comuna 7",0,7,24,0,2,50,124,1,3,17,64,44,107,2,31,4,480
"020490507","02","Caba","02049","Comuna 7",1,7,30,0,0,46,148,0,3,30,89,67,141,5,48,6,621
"020490508","02","Caba","02049","Comuna 7",1,9,30,0,1,42,117,0,0,25,61,58,113,2,35,4,498
"020490509","02","Caba","02049","Comuna 7",3,10,51,1,4,69,179,0,4,25,83,72,166,5,52,4,728
"020490510","02","Caba","02049","Comuna 7",1,4,29,0,0,27,98,0,2,15,54,52,133,3,39,6,463
"020490511","02","Caba","02049","Comuna 7",12,6,40,0,0,36,135,3,4,22,76,69,135,5,36,10,589
"020490601","02","Caba","02049","Comuna 7",4,14,40,1,0,60,202,2,3,35,88,77,130,2,53,9,720
"020490602","02","Caba","02049","Comuna 7",2,4,44,0,0,37,148,1,2,27,74,51,99,3,31,4,527
"020490603","02","Caba","02049","Comuna 7",3,12,35,1,0,61,151,2,0,21,67,45,77,5,13,5,498
"020490604","02","Caba","02049","Comuna 7",4,10,35,0,0,74,138,1,1,13,65,31,69,2,21,4,468
"020490605","02","Caba","02049","Comuna 7",15,12,47,0,0,99,170,11,10,30,91,71,130,2,33,2,723
"020490606","02","Caba","02049","Comuna 7",6,12,43,1,2,57,137,1,1,25,79,47,92,3,17,3,526
"020490607","02","Caba","02049","Comuna 7",4,9,30,0,0,70,144,0,2,19,106,59,137,6,37,7,630
"020490608","02","Caba","02049","Comuna 7",3,4,31,0,0,28,66,0,0,9,38,29,75,2,17,1,303
"020490609","02","Caba","02049","Comuna 7",4,11,47,0,3,54,98,0,3,18,56,52,97,5,23,4,475
"020490701","02","Caba","02049","Comuna 7",12,12,48,0,0,40,119,1,3,10,30,27,61,0,13,6,382
"020490702","02","Caba","02049","Comuna 7",8,5,30,0,0,38,79,2,1,16,55,23,38,1,11,0,307
"020490703","02","Caba","02049","Comuna 7",16,8,54,1,2,74,197,2,2,38,108,75,127,4,41,10,759
"020490704","02","Caba","02049","Comuna 7",11,11,47,1,0,38,124,0,2,19,52,28,72,1,20,9,435
"020490705","02","Caba","02049","Comuna 7",0,9,58,1,1,55,121,0,1,16,54,26,74,4,14,4,438
"020490706","02","Caba","02049","Comuna 7",66,16,71,0,0,82,183,2,6,42,100,71,103,15,39,4,800
"020490707","02","Caba","02049","Comuna 7",13,6,44,2,0,46,112,2,5,21,52,42,64,2,8,7,426
"020490708","02","Caba","02049","Comuna 7",17,5,41,1,0,43,138,1,5,19,53,41,108,0,24,1,497
"020490709","02","Caba","02049","Comuna 7",36,15,82,3,3,84,211,0,2,32,86,54,101,5,29,9,752
"020490710","02","Caba","02049","Comuna 7",5,14,57,0,0,44,160,0,1,19,97,81,168,5,37,6,694
"020490711","02","Caba","02049","Comuna 7",8,8,42,0,0,46,137,4,3,19,65,54,77,4,27,7,501
"020490801","02","Caba","02049","Comuna 7",5,12,41,0,0,33,135,1,0,27,79,45,122,5,21,3,529
"020490802","02","Caba","02049","Comuna 7",5,15,55,0,0,65,217,0,4,35,109,73,135,6,39,8,766
"020490803","02","Caba","02049","Comuna 7",1,5,41,1,0,31,122,0,1,20,64,44,87,3,15,5,440
"020490804","02","Caba","02049","Comuna 7",0,12,51,0,2,59,176,1,3,26,84,70,154,10,24,7,679
"020490805","02","Caba","02049","Comuna 7",3,7,66,1,1,85,208,0,2,37,127,78,156,7,37,5,820
"020490806","02","Caba","02049","Comuna 7",2,13,44,1,3,53,195,0,5,45,112,70,140,1,30,7,721
"020490807","02","Caba","02049","Comuna 7",2,7,30,1,1,30,97,0,2,15,70,50,126,4,24,2,461
"020490808","02","Caba","02049","Comuna 7",5,11,53,3,1,68,179,2,7,30,115,77,197,4,35,8,795
"020490901","02","Caba","02049","Comuna 7",9,8,31,1,0,38,131,2,2,16,68,49,101,3,28,5,492
"020490902","02","Caba","02049","Comuna 7",1,5,40,1,1,35,112,0,3,14,84,31,102,2,25,5,461
"020490903","02","Caba","02049","Comuna 7",0,6,46,0,1,41,129,0,1,31,70,37,81,2,15,8,468
"020490904","02","Caba","02049","Comuna 7",4,11,59,2,1,54,147,1,5,21,78,49,128,5,24,7,596
"020490905","02","Caba","02049","Comuna 7",0,7,35,0,0,37,114,3,1,14,72,40,97,2,29,6,457
"020490906","02","Caba","02049","Comuna 7",16,11,53,0,0,63,202,0,1,29,125,80,157,1,46,10,794
"020490907","02","Caba","02049","Comuna 7",3,6,43,0,2,49,125,0,3,19,89,65,113,4,22,5,548
"020490908","02","Caba","02049","Comuna 7",15,10,82,0,3,76,228,0,10,37,125,107,213,12,60,7,985
"020490909","02","Caba","02049","Comuna 7",8,18,56,0,0,68,147,0,2,24,71,51,71,2,25,10,553
"020490910","02","Caba","02049","Comuna 7",2,23,56,2,1,84,183,0,4,25,91,44,108,4,18,11,656
"020490911","02","Caba","02049","Comuna 7",3,10,45,0,0,53,136,0,2,15,67,39,87,3,17,5,482
"020491001","02","Caba","02049","Comuna 7",2,20,63,0,1,71,164,0,0,20,85,69,163,8,44,11,721
"020491002","02","Caba","02049","Comuna 7",8,9,25,1,0,36,105,1,2,19,38,28,67,2,18,5,364
"020491003","02","Caba","02049","Comuna 7",24,2,28,0,0,23,94,0,1,16,73,49,74,4,28,4,420
"020491004","02","Caba","02049","Comuna 7",12,4,39,0,0,33,115,0,1,15,71,51,123,1,33,6,504
"020491005","02","Caba","02049","Comuna 7",8,4,23,0,0,31,104,0,2,6,73,42,130,4,33,1,461
"020491006","02","Caba","02049","Comuna 7",12,6,51,0,1,72,194,1,1,30,108,55,148,9,39,3,730
"020491007","02","Caba","02049","Comuna 7",4,12,39,0,0,47,146,2,0,18,90,54,147,4,31,2,596
"020491008","02","Caba","02049","Comuna 7",18,15,55,0,2,82,187,1,1,22,106,71,188,9,57,2,816
"020491009","02","Caba","02049","Comuna 7",9,6,44,0,0,54,119,2,1,10,71,52,121,2,34,6,531
"020491010","02","Caba","02049","Comuna 7",2,8,60,1,0,68,161,0,1,25,97,50,164,1,54,11,703
"020491101","02","Caba","02049","Comuna 7",23,8,45,0,0,55,148,0,4,21,62,72,119,8,42,6,613
"020491102","02","Caba","02049","Comuna 7",23,10,36,0,0,38,133,2,6,25,99,59,153,6,48,5,643
"020491103","02","Caba","02049","Comuna 7",0,7,45,0,1,54,169,1,4,19,96,64,163,5,40,5,673
"020491104","02","Caba","02049","Comuna 7",1,13,59,2,1,55,175,0,2,13,147,74,212,5,58,9,826
"020491105","02","Caba","02049","Comuna 7",8,6,30,0,0,38,131,0,1,25,55,48,129,8,40,2,521
"020491106","02","Caba","02049","Comuna 7",28,5,35,1,1,44,117,0,0,16,102,75,192,11,70,9,706
"020491107","02","Caba","02049","Comuna 7",40,7,59,0,0,65,155,1,4,20,128,82,220,4,82,6,873
"020491108","02","Caba","02049","Comuna 7",25,3,34,1,0,41,86,0,7,8,38,38,77,2,32,7,399
"020491109","02","Caba","02049","Comuna 7",22,6,40,0,0,39,135,0,3,34,114,60,214,7,60,7,741
"020491110","02","Caba","02049","Comuna 7",14,1,37,0,1,32,100,0,6,16,83,45,108,0,48,9,500
"020491111","02","Caba","02049","Comuna 7",12,4,29,0,0,47,141,0,1,25,76,36,145,11,43,7,577
"020491201","02","Caba","02049","Comuna 7",0,10,53,0,0,53,184,1,1,32,126,88,175,9,62,3,797
"020491202","02","Caba","02049","Comuna 7",0,3,27,0,0,46,124,0,1,16,69,32,84,4,29,5,440
"020491203","02","Caba","02049","Comuna 7",7,11,45,0,1,40,132,1,1,16,76,45,101,3,32,11,522
"020491204","02","Caba","02049","Comuna 7",2,2,32,0,0,35,117,0,0,28,91,53,111,4,28,4,507
"020491205","02","Caba","02049","Comuna 7",1,8,41,0,0,50,128,0,1,11,59,54,105,2,23,2,485
"020491206","02","Caba","02049","Comuna 7",19,14,66,1,1,61,160,0,1,25,81,50,98,2,27,9,615
"020491207","02","Caba","02049","Comuna 7",2,9,43,0,0,40,126,0,3,17,53,45,77,1,23,2,441
"020491208","02","Caba","02049","Comuna 7",2,19,60,1,0,89,164,0,2,16,48,31,53,4,7,3,499
"020491209","02","Caba","02049","Comuna 7",0,4,48,0,1,58,174,0,2,23,117,43,86,3,24,1,584
"020491301","02","Caba","02049","Comuna 7",0,10,58,0,0,79,169,1,1,30,93,61,111,5,24,8,650
"020491302","02","Caba","02049","Comuna 7",0,9,54,1,1,57,156,0,2,24,89,50,140,3,41,8,635
"020491303","02","Caba","02049","Comuna 7",1,10,40,0,0,69,160,2,1,29,119,96,172,4,44,11,758
"020491304","02","Caba","02049","Comuna 7",0,4,30,0,0,32,130,1,1,20,69,33,99,7,40,5,471
"020491305","02","Caba","02049","Comuna 7",0,4,46,0,0,26,107,0,1,22,77,49,152,4,41,6,535
"020491306","02","Caba","02049","Comuna 7",1,3,26,2,0,32,114,0,1,10,68,56,143,4,49,4,513
"020491307","02","Caba","02049","Comuna 7",21,26,55,1,0,53,137,1,1,22,64,49,98,4,28,4,564
"020491308","02","Caba","02049","Comuna 7",3,4,42,0,0,63,146,1,0,35,99,47,101,2,21,1,565
"020491309","02","Caba","02049","Comuna 7",2,6,23,0,1,18,53,2,0,15,59,34,78,2,20,2,315
"020491310","02","Caba","02049","Comuna 7",0,8,27,0,2,26,81,0,2,13,55,40,91,4,23,0,372
"020491311","02","Caba","02049","Comuna 7",10,7,41,0,0,49,134,1,1,29,88,57,121,3,43,7,591
"020491312","02","Caba","02049","Comuna 7",1,4,24,0,0,49,112,0,3,23,71,49,87,2,28,2,455
"020491313","02","Caba","02049","Comuna 7",0,2,30,0,0,44,92,1,1,16,71,37,72,4,36,5,411
"020491314","02","Caba","02049","Comuna 7",2,5,19,0,0,38,89,0,0,21,73,44,90,6,23,6,416
"020491315","02","Caba","02049","Comuna 7",0,6,15,0,0,24,66,0,3,7,58,26,54,2,13,4,278
"020491401","02","Caba","02049","Comuna 7",3,15,56,0,3,69,148,0,3,30,96,50,105,3,33,5,619
"020491402","02","Caba","02049","Comuna 7",1,17,75,1,0,88,190,1,1,30,76,57,96,11,31,3,678
"020491403","02","Caba","02049","Comuna 7",3,10,30,1,1,52,135,0,2,14,63,39,79,1,38,11,479
"020491404","02","Caba","02049","Comuna 7",1,5,43,0,0,59,113,2,2,18,56,39,72,6,19,4,439
"020491405","02","Caba","02049","Comuna 7",1,12,43,1,2,57,143,1,0,32,85,59,105,3,38,8,590
"020491406","02","Caba","02049","Comuna 7",2,16,50,0,1,72,195,2,2,17,107,80,105,3,35,9,696
"020491407","02","Caba","02049","Comuna 7",17,15,48,3,2,60,150,0,0,15,83,39,115,6,27,8,588
"020491408","02","Caba","02049","Comuna 7",2,12,55,0,1,46,132,1,1,14,58,53,111,3,32,14,535
"020491409","02","Caba","02049","Comuna 7",1,11,50,0,1,47,152,1,1,15,76,28,60,1,15,5,464
"020491410","02","Caba","02049","Comuna 7",0,8,42,1,0,46,119,2,0,18,58,25,66,3,19,4,411
"020491411","02","Caba","02049","Comuna 7",15,12,65,1,0,86,167,0,5,29,90,47,119,2,31,8,677
"020491412","02","Caba","02049","Comuna 7",7,5,54,0,1,60,148,0,1,33,86,60,112,1,27,2,597
"020491413","02","Caba","02049","Comuna 7",3,7,53,0,0,47,145,0,0,17,48,35,55,1,13,5,429
"020491501","02","Caba","02049","Comuna 7",4,27,92,1,0,118,177,1,0,11,36,29,32,1,5,11,545
"020491502","02","Caba","02049","Comuna 7",0,23,69,0,1,76,179,1,0,12,50,25,32,0,7,6,481
"020491503","02","Caba","02049","Comuna 7",2,16,88,0,1,107,199,1,1,22,60,45,60,1,14,9,626
"020491504","02","Caba","02049","Comuna 7",1,12,48,1,0,61,116,0,1,18,53,45,50,2,16,8,432
"020491505","02","Caba","02049","Comuna 7",1,17,64,0,2,62,124,1,1,15,45,47,55,1,9,5,449
"020491506","02","Caba","02049","Comuna 7",0,11,70,0,0,108,182,0,0,28,50,34,48,1,9,8,549
"020491507","02","Caba","02049","Comuna 7",0,16,66,0,2,90,118,0,4,21,70,40,62,2,14,10,515
"020491508","02","Caba","02049","Comuna 7",0,14,63,0,0,96,175,0,2,9,47,38,41,1,5,5,496
"020491509","02","Caba","02049","Comuna 7",3,19,125,1,0,165,202,1,0,16,67,41,29,1,5,12,687
"020491510","02","Caba","02049","Comuna 7",5,22,104,0,2,111,222,1,5,17,66,44,51,2,14,18,684
"020491511","02","Caba","02049","Comuna 7",5,30,144,0,0,146,191,0,1,25,52,31,40,0,11,4,680
"020491601","02","Caba","02049","Comuna 7",0,9,39,0,1,65,136,0,0,23,78,34,94,3,23,7,512
"020491602","02","Caba","02049","Comuna 7",2,7,37,0,0,48,100,1,0,24,76,58,97,3,25,8,486
"020491603","02","Caba","02049","Comuna 7",1,5,49,2,0,55,124,0,0,22,80,40,107,3,16,7,511
"020491604","02","Caba","02049","Comuna 7",0,8,35,0,1,74,136,0,1,27,57,49,81,4,12,4,489
"020491605","02","Caba","02049","Comuna 7",1,9,53,2,0,74,165,2,0,27,48,42,56,1,12,11,503
"020491606","02","Caba","02049","Comuna 7",0,17,72,1,0,69,158,0,0,21,65,55,56,2,16,7,539
"020491607","02","Caba","02049","Comuna 7",29,21,94,2,3,106,217,5,1,20,81,44,81,1,11,10,726
"020491608","02","Caba","02049","Comuna 7",12,14,103,0,1,102,202,0,1,25,58,33,52,2,4,15,624
"020491609","02","Caba","02049","Comuna 7",6,39,118,1,1,135,277,0,1,25,74,42,59,0,12,6,796
"020491701","02","Caba","02049","Comuna 7",3,36,87,0,1,107,181,0,1,10,35,15,13,0,3,20,512
"020491702","02","Caba","02049","Comuna 7",1,12,19,0,0,24,34,1,0,3,11,3,7,0,0,5,120
"020491703","02","Caba","02049","Comuna 7",0,4,7,0,0,17,20,0,0,1,4,2,1,0,0,0,56
"020491704","02","Caba","02049","Comuna 7",0,4,12,0,0,10,39,0,0,4,10,6,15,0,1,1,102
"020491705","02","Caba","02049","Comuna 7",0,2,4,0,0,10,18,0,0,1,2,5,4,0,1,1,48
"020491706","02","Caba","02049","Comuna 7",2,7,21,0,0,29,43,1,1,6,12,6,16,0,1,3,148
"020491707","02","Caba","02049","Comuna 7",0,3,11,0,0,26,42,0,0,0,4,3,4,0,1,4,98
"020491708","02","Caba","02049","Comuna 7",0,4,6,0,0,12,17,0,0,2,2,2,5,0,1,2,53
"020491709","02","Caba","02049","Comuna 7",3,9,11,0,0,20,37,0,0,3,6,4,0,0,0,0,93
"020491710","02","Caba","02049","Comuna 7",0,14,18,0,0,28,39,0,0,2,5,7,9,1,0,7,130
"020491711","02","Caba","02049","Comuna 7",0,0,9,0,0,8,22,0,0,0,4,2,2,0,3,1,51
"020491712","02","Caba","02049","Comuna 7",0,4,4,0,0,8,26,0,0,5,1,1,1,0,0,3,53
"020491713","02","Caba","02049","Comuna 7",1,1,7,0,0,9,11,0,0,0,3,2,3,0,0,1,38
"020491801","02","Caba","02049","Comuna 7",0,6,19,0,1,20,47,0,0,4,9,1,4,0,0,2,113
"020491802","02","Caba","02049","Comuna 7",3,3,18,0,0,16,36,0,0,4,9,2,5,0,0,3,99
"020491803","02","Caba","02049","Comuna 7",0,3,21,0,0,34,31,0,0,4,7,6,5,0,4,4,119
"020491804","02","Caba","02049","Comuna 7",0,10,15,0,0,35,45,0,0,10,5,3,5,0,1,3,132
"020491805","02","Caba","02049","Comuna 7",0,13,26,0,0,25,52,0,1,10,11,4,7,0,5,4,158
"020491806","02","Caba","02049","Comuna 7",1,19,23,0,0,46,69,1,0,7,16,13,1,0,0,8,204
"020491807","02","Caba","02049","Comuna 7",0,20,74,1,0,84,114,0,1,8,19,8,11,1,5,4,350
"020491808","02","Caba","02049","Comuna 7",0,8,28,0,0,16,42,0,0,0,7,7,5,0,1,2,116
"020491809","02","Caba","02049","Comuna 7",0,4,13,0,0,18,40,0,1,1,8,2,5,0,0,5,97
"020491810","02","Caba","02049","Comuna 7",0,5,17,0,0,16,22,0,0,2,10,5,7,0,0,1,85
"020491811","02","Caba","02049","Comuna 7",0,5,3,1,0,7,16,0,0,0,2,1,2,0,0,0,37
"020491812","02","Caba","02049","Comuna 7",0,0,3,0,0,7,7,0,0,0,1,0,0,0,0,1,19
"020491813","02","Caba","02049","Comuna 7",1,13,29,0,0,48,78,0,0,7,11,6,5,1,0,6,205
"020491901","02","Caba","02049","Comuna 7",6,39,87,0,0,101,182,4,0,7,42,10,19,4,4,4,509
"020491902","02","Caba","02049","Comuna 7",4,28,104,0,0,109,165,0,1,19,41,26,19,0,6,5,527
"020491903","02","Caba","02049","Comuna 7",14,26,137,1,0,105,195,4,2,18,34,11,30,0,8,7,592
"020491904","02","Caba","02049","Comuna 7",14,49,108,0,0,171,245,1,5,30,47,19,29,1,3,10,732
"020491905","02","Caba","02049","Comuna 7",1,26,110,0,0,109,162,0,0,12,31,14,15,5,2,12,499
"020491906","02","Caba","02049","Comuna 7",13,59,136,0,0,200,219,2,1,11,40,12,11,3,10,11,728
"020492001","02","Caba","02049","Comuna 7",9,12,63,1,0,90,201,2,1,43,107,63,100,3,29,11,735
"020492002","02","Caba","02049","Comuna 7",3,4,33,1,0,38,114,0,0,18,72,46,86,3,19,6,443
"020492003","02","Caba","02049","Comuna 7",3,6,48,0,1,50,131,1,0,25,81,45,75,1,26,9,502
"020492004","02","Caba","02049","Comuna 7",7,7,54,0,0,69,116,3,1,17,59,40,56,1,14,12,456
"020492005","02","Caba","02049","Comuna 7",4,10,53,0,0,79,158,2,1,25,60,56,80,1,18,8,555
"020492006","02","Caba","02049","Comuna 7",3,17,54,0,1,73,129,2,2,14,84,37,67,1,24,6,514
"020492007","02","Caba","02049","Comuna 7",0,15,66,0,0,77,149,0,0,20,44,33,46,1,11,5,467
"020492008","02","Caba","02049","Comuna 7",0,17,112,0,0,135,296,1,5,39,121,55,135,5,29,10,960
"020492009","02","Caba","02049","Comuna 7",4,19,74,0,1,100,197,0,1,26,52,41,52,2,7,7,583
"020492010","02","Caba","02049","Comuna 7",6,44,147,0,0,189,293,0,2,44,67,58,44,1,7,17,919
"020492011","02","Caba","02049","Comuna 7",4,16,108,0,1,119,220,1,1,30,67,24,54,0,5,11,661
"020492012","02","Caba","02049","Comuna 7",0,15,96,0,2,80,115,0,0,20,57,34,42,1,4,7,473
"020492013","02","Caba","02049","Comuna 7",4,25,120,2,2,160,298,0,0,39,90,56,54,2,4,19,875
"020492101","02","Caba","02049","Comuna 7",1,12,65,0,1,62,195,0,4,17,123,69,194,6,44,5,798
"020492102","02","Caba","02049","Comuna 7",0,3,41,0,0,41,118,0,8,31,102,43,145,6,52,3,593
"020492103","02","Caba","02049","Comuna 7",2,10,66,0,2,66,171,0,2,25,131,94,185,11,72,5,842
"020492104","02","Caba","02049","Comuna 7",0,0,15,0,0,24,95,0,0,17,64,43,104,3,36,1,402
"020492105","02","Caba","02049","Comuna 7",0,9,30,0,0,35,102,0,0,24,74,56,101,5,26,6,468
"020492106","02","Caba","02049","Comuna 7",3,6,29,0,0,29,97,0,1,17,80,52,134,5,38,3,494
"020492107","02","Caba","02049","Comuna 7",4,5,45,0,2,47,144,0,0,22,83,58,134,4,46,4,598
"020492108","02","Caba","02049","Comuna 7",3,9,31,0,0,20,90,0,2,7,51,24,40,1,19,6,303
"020492109","02","Caba","02049","Comuna 7",4,8,44,1,2,48,134,2,0,25,103,72,147,3,40,9,642
"020492110","02","Caba","02049","Comuna 7",0,12,49,0,5,55,177,0,1,26,99,60,158,6,50,7,705
"020492111","02","Caba","02049","Comuna 7",5,3,48,0,0,65,164,0,1,22,80,60,112,3,36,9,608
"020492112","02","Caba","02049","Comuna 7",2,7,47,0,3,43,124,0,0,6,69,68,108,3,35,2,517
"020492113","02","Caba","02049","Comuna 7",1,2,13,0,1,17,63,0,2,17,39,29,86,2,29,4,305
"020492114","02","Caba","02049","Comuna 7",0,2,24,1,0,14,85,0,3,12,42,40,106,5,32,2,368
"020492201","02","Caba","02049","Comuna 7",7,3,44,0,0,52,113,0,3,23,87,68,157,10,53,2,622
"020492202","02","Caba","02049","Comuna 7",3,3,38,0,0,30,112,0,4,11,69,43,125,7,36,6,487
"020492203","02","Caba","02049","Comuna 7",11,9,40,0,0,58,161,1,2,29,96,73,174,3,47,6,710
"020492204","02","Caba","02049","Comuna 7",3,9,30,0,1,49,165,0,1,23,108,63,156,6,53,2,669
"020492205","02","Caba","02049","Comuna 7",0,7,41,0,0,58,131,1,2,26,105,83,162,9,44,4,673
"020492206","02","Caba","02049","Comuna 7",8,11,45,1,0,65,155,0,3,27,103,83,160,6,48,6,721
"020492207","02","Caba","02049","Comuna 7",6,8,29,0,0,40,108,0,0,18,71,53,116,8,26,7,490
"020492208","02","Caba","02049","Comuna 7",24,3,29,0,0,40,98,0,6,23,58,54,112,6,46,4,503
"020492209","02","Caba","02049","Comuna 7",3,3,34,0,0,26,69,1,1,12,51,26,91,3,27,1,348
"020492210","02","Caba","02049","Comuna 7",5,12,37,0,0,45,151,0,0,27,45,38,93,5,34,6,498
"020492211","02","Caba","02049","Comuna 7",0,5,38,0,0,35,124,0,0,23,78,52,134,6,37,3,535
"020492212","02","Caba","02049","Comuna 7",9,3,38,0,0,35,104,0,0,10,48,23,89,5,27,5,396
"020492213","02","Caba","02049","Comuna 7",1,10,43,2,0,49,112,1,1,17,72,54,109,6,36,2,515
"020492214","02","Caba","02049","Comuna 7",0,5,27,2,0,28,73,2,4,13,62,43,101,6,40,1,407
"020492301","02","Caba","02049","Comuna 7",0,4,38,1,0,57,114,0,0,21,90,53,125,4,32,4,543
"020492302","02","Caba","02049","Comuna 7",1,4,35,1,0,28,93,0,1,22,68,56,152,8,56,6,531
"020492303","02","Caba","02049","Comuna 7",0,4,27,0,1,32,111,2,0,18,68,47,113,4,57,4,488
"020492304","02","Caba","02049","Comuna 7",0,6,26,0,0,32,83,0,1,15,63,34,71,1,27,3,362
"020492305","02","Caba","02049","Comuna 7",1,8,32,0,0,54,130,0,1,18,70,60,110,3,26,3,516
"020492306","02","Caba","02049","Comuna 7",1,3,45,0,1,56,136,0,1,28,77,63,86,5,24,1,527
"020492307","02","Caba","02049","Comuna 7",1,12,61,0,0,75,153,0,0,29,90,70,101,4,22,9,627
"020492308","02","Caba","02049","Comuna 7",1,9,55,0,0,56,141,1,0,25,91,69,102,1,28,5,584
"020492309","02","Caba","02049","Comuna 7",3,11,66,0,0,56,137,0,8,22,102,56,130,2,31,5,629
"020492310","02","Caba","02049","Comuna 7",0,5,16,0,1,25,75,0,2,16,64,43,97,3,33,1,381
"020492401","02","Caba","02049","Comuna 7",0,9,77,0,1,68,180,0,3,23,99,47,114,3,27,18,669
"020492402","02","Caba","02049","Comuna 7",1,13,65,0,0,79,144,0,0,24,65,45,96,2,25,5,564
"020492403","02","Caba","02049","Comuna 7",1,7,64,0,0,82,199,0,0,20,91,50,99,4,26,8,651
"020492404","02","Caba","02049","Comuna 7",10,17,71,2,2,83,205,0,6,29,102,45,102,3,23,10,710
"020492405","02","Caba","02049","Comuna 7",16,9,86,0,2,76,160,1,3,42,72,57,96,2,29,9,660
"020492406","02","Caba","02049","Comuna 7",2,11,67,0,1,105,179,1,0,24,96,75,95,3,27,12,698
"020492407","02","Caba","02049","Comuna 7",1,12,57,0,1,75,197,0,6,15,101,42,100,4,23,10,644
"020492408","02","Caba","02049","Comuna 7",0,8,67,0,0,86,152,1,1,22,80,46,70,3,15,5,556
"020492409","02","Caba","02049","Comuna 7",2,11,68,1,1,92,218,2,0,26,111,75,94,4,11,9,725
"020492410","02","Caba","02049","Comuna 7",0,14,72,1,0,98,237,4,2,26,105,52,72,4,23,3,713
"020492411","02","Caba","02049","Comuna 7",4,22,86,0,0,75,164,1,2,26,80,46,83,1,14,12,616
"020560101","02","Caba","02056","Comuna 8",18,53,155,1,4,189,259,6,13,26,33,15,18,4,7,8,809
"020560102","02","Caba","02056","Comuna 8",9,41,108,0,2,113,165,2,3,9,11,11,29,0,4,11,518
"020560103","02","Caba","02056","Comuna 8",22,84,167,0,1,195,199,3,9,5,10,17,11,0,4,2,729
"020560104","02","Caba","02056","Comuna 8",4,20,109,0,1,91,135,0,2,11,25,10,13,1,3,5,430
"020560105","02","Caba","02056","Comuna 8",9,70,150,1,0,149,148,1,0,6,5,4,11,2,0,12,568
"020560106","02","Caba","02056","Comuna 8",10,33,99,1,0,101,116,0,0,10,18,2,5,1,0,3,399
"020560107","02","Caba","02056","Comuna 8",7,72,138,2,4,154,167,1,2,10,15,14,7,2,2,6,603
"020560108","02","Caba","02056","Comuna 8",13,29,92,0,1,81,159,3,7,16,16,21,16,0,7,9,470
"020560109","02","Caba","02056","Comuna 8",13,34,121,1,0,140,213,0,5,16,34,26,21,0,4,11,639
"020560110","02","Caba","02056","Comuna 8",3,38,83,0,1,93,114,2,1,9,10,4,9,2,0,7,376
"020560111","02","Caba","02056","Comuna 8",3,53,104,0,0,91,86,0,0,5,6,8,3,0,4,4,367
"020560112","02","Caba","02056","Comuna 8",10,80,113,0,0,120,119,0,0,5,2,5,2,1,1,4,462
"020560113","02","Caba","02056","Comuna 8",5,54,137,0,0,93,152,0,5,6,11,4,5,0,1,5,478
"020560114","02","Caba","02056","Comuna 8",19,118,211,1,1,229,352,5,6,20,23,28,16,4,7,9,1049
"020560115","02","Caba","02056","Comuna 8",7,47,98,0,0,155,103,0,1,7,3,2,3,1,2,3,432
"020560116","02","Caba","02056","Comuna 8",21,49,124,0,0,162,135,3,4,8,9,7,6,3,4,9,544
"020560117","02","Caba","02056","Comuna 8",9,87,155,0,0,173,99,4,2,6,10,6,2,1,1,12,567
"020560118","02","Caba","02056","Comuna 8",12,38,73,0,0,104,101,0,5,3,12,2,7,1,3,1,362
"020560119","02","Caba","02056","Comuna 8",15,63,126,0,0,114,158,2,4,9,10,13,6,2,4,3,529
"020560120","02","Caba","02056","Comuna 8",8,50,110,0,0,107,116,1,1,2,6,5,7,1,4,7,425
"020560121","02","Caba","02056","Comuna 8",23,126,168,0,0,173,226,6,5,8,9,4,5,0,2,10,765
"020560122","02","Caba","02056","Comuna 8",14,77,131,2,0,154,167,1,3,7,15,11,9,0,6,38,635
"020560123","02","Caba","02056","Comuna 8",17,62,131,0,1,134,212,7,5,3,7,15,16,0,4,1,615
"020560124","02","Caba","02056","Comuna 8",8,30,69,0,2,74,73,0,2,5,8,4,1,0,0,7,283
"020560201","02","Caba","02056","Comuna 8",0,28,139,1,9,175,259,2,3,18,53,17,20,0,6,15,745
"020560202","02","Caba","02056","Comuna 8",0,13,67,1,1,87,127,1,0,7,35,8,13,0,1,2,363
"020560203","02","Caba","02056","Comuna 8",1,10,48,0,1,76,90,1,0,7,16,13,13,0,2,4,282
"020560204","02","Caba","02056","Comuna 8",2,27,99,4,2,118,188,0,1,9,40,14,18,0,4,10,536
"020560205","02","Caba","02056","Comuna 8",8,16,75,1,2,80,140,2,1,8,18,4,15,0,0,3,373
"020560206","02","Caba","02056","Comuna 8",2,18,80,0,0,89,145,1,0,15,34,12,17,1,3,7,424
"020560207","02","Caba","02056","Comuna 8",4,33,139,2,1,193,235,3,2,22,57,30,29,2,8,9,769
"020560208","02","Caba","02056","Comuna 8",8,28,76,0,0,144,176,3,3,27,31,23,10,0,6,2,537
"020560209","02","Caba","02056","Comuna 8",8,14,95,0,1,103,209,0,6,22,45,32,27,0,6,6,574
"020560210","02","Caba","02056","Comuna 8",1,13,80,0,0,73,144,1,4,17,36,4,23,0,2,6,404
"020560301","02","Caba","02056","Comuna 8",6,23,135,0,1,139,228,0,5,22,63,42,39,0,7,9,719
"020560302","02","Caba","02056","Comuna 8",7,11,75,0,0,93,157,0,5,13,56,38,44,0,9,6,514
"020560303","02","Caba","02056","Comuna 8",6,14,90,0,1,69,142,0,0,11,23,16,23,0,1,6,402
"020560304","02","Caba","02056","Comuna 8",5,18,88,0,0,90,131,0,2,21,36,16,30,1,6,10,454
"020560305","02","Caba","02056","Comuna 8",2,21,79,0,1,89,163,1,3,15,73,45,64,2,9,11,578
"020560306","02","Caba","02056","Comuna 8",1,19,84,0,0,81,138,0,1,12,31,14,19,1,5,6,412
"020560307","02","Caba","02056","Comuna 8",1,19,73,0,0,66,124,0,3,13,36,20,25,0,2,6,388
"020560308","02","Caba","02056","Comuna 8",15,88,218,0,0,169,203,0,1,9,18,11,4,0,3,5,744
"020560309","02","Caba","02056","Comuna 8",11,55,146,0,1,121,151,3,2,4,12,6,2,0,1,2,517
"020560310","02","Caba","02056","Comuna 8",15,55,140,4,0,140,169,0,0,5,17,8,8,0,5,4,570
"020560311","02","Caba","02056","Comuna 8",15,103,237,1,0,257,258,1,2,16,21,13,15,1,2,16,958
"020560312","02","Caba","02056","Comuna 8",4,10,63,0,0,67,73,0,0,2,8,0,6,0,3,2,238
"020560313","02","Caba","02056","Comuna 8",12,95,188,1,4,128,179,1,3,5,19,11,9,2,2,8,667
"020560314","02","Caba","02056","Comuna 8",1,21,51,0,1,48,53,0,1,3,5,2,4,0,0,1,191
"020560401","02","Caba","02056","Comuna 8",3,28,116,0,2,117,202,1,0,23,48,22,42,1,7,5,617
"020560402","02","Caba","02056","Comuna 8",0,12,79,0,2,85,121,0,1,10,32,16,30,1,10,3,402
"020560403","02","Caba","02056","Comuna 8",0,23,92,0,0,99,204,0,0,12,50,31,29,0,4,8,552
"020560404","02","Caba","02056","Comuna 8",1,18,82,0,0,89,153,0,1,13,58,25,39,1,6,4,490
"020560405","02","Caba","02056","Comuna 8",6,24,94,0,2,101,198,1,2,29,53,49,59,2,7,6,633
"020560406","02","Caba","02056","Comuna 8",1,20,115,0,2,131,231,0,0,30,74,34,42,1,11,14,706
"020560407","02","Caba","02056","Comuna 8",2,14,102,1,2,86,164,0,0,13,66,26,29,2,7,9,523
"020560408","02","Caba","02056","Comuna 8",2,19,99,0,1,112,203,0,0,18,50,33,54,1,9,8,609
"020560409","02","Caba","02056","Comuna 8",0,6,89,1,0,64,158,0,0,12,65,39,63,1,18,3,519
"020560410","02","Caba","02056","Comuna 8",4,19,120,0,0,97,236,1,1,17,64,27,42,2,10,10,650
"020560411","02","Caba","02056","Comuna 8",1,16,81,0,0,74,158,0,2,26,68,33,53,0,8,7,527
"020560501","02","Caba","02056","Comuna 8",4,14,81,0,0,89,176,1,0,25,51,31,51,0,9,7,539
"020560502","02","Caba","02056","Comuna 8",3,17,81,2,1,82,147,1,3,8,48,24,35,1,9,7,469
"020560503","02","Caba","02056","Comuna 8",6,32,102,0,3,98,213,2,6,15,62,20,40,0,7,8,614
"020560504","02","Caba","02056","Comuna 8",3,16,89,3,0,87,179,0,2,16,57,27,30,1,10,12,532
"020560505","02","Caba","02056","Comuna 8",0,13,76,0,3,74,142,0,1,9,48,22,31,1,2,6,428
"020560506","02","Caba","02056","Comuna 8",3,31,93,0,2,108,175,0,1,22,62,26,21,0,10,8,562
"020560507","02","Caba","02056","Comuna 8",0,21,90,2,3,136,246,1,0,29,63,19,34,1,6,9,660
"020560508","02","Caba","02056","Comuna 8",3,12,56,2,0,70,128,0,0,14,43,20,31,0,3,4,386
"020560509","02","Caba","02056","Comuna 8",5,10,61,0,3,88,225,0,3,12,64,22,29,0,10,8,540
"020560510","02","Caba","02056","Comuna 8",2,10,78,1,1,109,230,0,2,18,74,43,36,0,12,8,624
"020560511","02","Caba","02056","Comuna 8",3,9,79,2,0,94,234,1,6,26,58,34,20,2,3,9,580
"020560601","02","Caba","02056","Comuna 8",1,9,75,1,0,116,166,0,2,33,53,24,16,0,2,6,504
"020560602","02","Caba","02056","Comuna 8",0,17,110,2,1,133,235,1,1,33,68,29,31,1,2,8,672
"020560603","02","Caba","02056","Comuna 8",2,19,106,4,0,107,210,0,2,25,73,39,25,1,3,14,630
"020560604","02","Caba","02056","Comuna 8",4,13,85,1,0,84,157,1,1,25,51,24,39,1,12,7,505
"020560605","02","Caba","02056","Comuna 8",1,33,116,0,1,120,208,0,4,23,65,31,41,0,6,9,658
"020560606","02","Caba","02056","Comuna 8",2,46,120,0,1,154,214,1,2,22,59,26,34,2,6,4,693
"020560607","02","Caba","02056","Comuna 8",3,19,112,0,3,86,181,0,1,15,57,30,47,2,6,5,567
"020560608","02","Caba","02056","Comuna 8",3,13,91,0,0,75,198,0,2,14,56,27,26,1,10,3,519
"020560609","02","Caba","02056","Comuna 8",5,21,83,1,0,96,178,1,1,16,70,31,39,1,5,8,556
"020560610","02","Caba","02056","Comuna 8",1,32,87,0,0,118,150,3,0,19,63,30,43,3,9,8,566
"020560611","02","Caba","02056","Comuna 8",4,23,88,0,1,95,157,0,0,17,38,15,28,0,5,1,472
"020560701","02","Caba","02056","Comuna 8",14,54,158,0,1,232,223,0,0,16,47,15,24,0,3,11,798
"020560702","02","Caba","02056","Comuna 8",6,68,115,0,2,170,245,0,4,21,47,22,22,1,1,14,738
"020560703","02","Caba","02056","Comuna 8",3,21,79,0,1,113,134,0,3,13,21,8,13,0,2,12,423
"020560704","02","Caba","02056","Comuna 8",10,86,133,2,0,199,236,0,1,16,22,19,10,2,3,13,752
"020560705","02","Caba","02056","Comuna 8",9,62,130,0,0,154,144,0,0,9,9,6,9,0,3,6,541
"020560706","02","Caba","02056","Comuna 8",6,88,153,5,1,163,216,1,5,11,22,13,4,2,0,4,694
"020560707","02","Caba","02056","Comuna 8",17,97,141,1,0,191,236,1,3,13,21,16,18,1,2,16,774
"020560708","02","Caba","02056","Comuna 8",12,93,149,0,0,198,252,2,0,13,24,12,11,1,5,14,786
"020560709","02","Caba","02056","Comuna 8",12,66,95,0,0,151,175,0,0,10,16,9,12,0,1,8,555
"020560710","02","Caba","02056","Comuna 8",6,81,76,2,1,136,158,1,1,4,19,11,5,0,0,9,510
"020560711","02","Caba","02056","Comuna 8",4,31,82,0,1,142,169,0,0,11,24,13,9,0,0,8,494
"020560712","02","Caba","02056","Comuna 8",14,68,141,1,5,257,268,1,3,11,48,24,23,1,3,13,881
"020560713","02","Caba","02056","Comuna 8",8,64,170,1,0,168,286,2,3,23,52,22,27,1,9,4,840
"020560714","02","Caba","02056","Comuna 8",9,65,157,0,3,168,179,0,2,13,18,18,7,0,2,4,645
"020560715","02","Caba","02056","Comuna 8",2,46,107,0,0,103,140,0,1,13,25,4,13,0,5,6,465
"020560716","02","Caba","02056","Comuna 8",16,33,76,2,1,113,96,1,1,7,17,15,21,1,8,2,410
"020560801","02","Caba","02056","Comuna 8",2,20,99,0,0,81,176,1,0,20,79,44,55,1,11,1,590
"020560802","02","Caba","02056","Comuna 8",1,16,112,0,1,90,202,0,3,18,85,25,69,2,6,9,639
"020560803","02","Caba","02056","Comuna 8",2,17,68,1,2,72,151,0,2,19,84,32,63,1,10,4,528
"020560804","02","Caba","02056","Comuna 8",0,10,63,0,1,85,163,0,2,17,90,49,85,6,25,6,602
"020560805","02","Caba","02056","Comuna 8",4,17,74,2,1,92,178,0,8,32,67,33,70,2,17,10,607
"020560806","02","Caba","02056","Comuna 8",5,16,66,1,0,71,160,0,2,42,72,47,73,4,19,10,588
"020560807","02","Caba","02056","Comuna 8",2,14,56,0,4,76,145,1,3,25,69,42,62,0,17,7,523
"020560808","02","Caba","02056","Comuna 8",0,7,40,1,1,42,76,0,0,10,43,26,33,1,14,3,297
"020560809","02","Caba","02056","Comuna 8",3,13,71,0,0,71,189,1,1,16,66,42,58,1,17,7,556
"020560810","02","Caba","02056","Comuna 8",2,29,94,2,2,105,217,2,1,18,59,27,28,1,8,7,602
"020560811","02","Caba","02056","Comuna 8",6,15,78,0,0,89,172,2,0,17,51,30,35,0,5,12,512
"020560901","02","Caba","02056","Comuna 8",1,25,82,0,1,81,152,1,3,14,43,30,42,1,3,5,484
"020560902","02","Caba","02056","Comuna 8",2,19,107,0,2,104,203,0,3,25,74,53,49,2,12,2,657
"020560903","02","Caba","02056","Comuna 8",0,51,90,0,3,120,198,1,7,44,79,41,66,3,13,8,724
"020560904","02","Caba","02056","Comuna 8",1,14,84,0,1,78,169,0,5,20,63,34,50,2,13,10,544
"020560905","02","Caba","02056","Comuna 8",2,17,97,0,0,90,132,1,4,18,62,38,67,0,13,2,543
"020560906","02","Caba","02056","Comuna 8",2,22,108,0,1,107,170,0,0,20,33,19,23,1,1,5,512
"020560907","02","Caba","02056","Comuna 8",0,14,76,1,0,56,150,0,0,16,70,35,66,5,15,4,508
"020560908","02","Caba","02056","Comuna 8",2,13,76,1,0,57,189,1,1,28,58,30,61,1,14,6,538
"020560909","02","Caba","02056","Comuna 8",8,15,104,3,2,97,222,1,1,34,82,45,63,3,7,9,696
"020561001","02","Caba","02056","Comuna 8",0,10,84,0,0,100,199,0,0,21,54,19,33,1,10,11,542
"020561002","02","Caba","02056","Comuna 8",2,16,75,1,0,80,163,0,2,23,58,33,36,1,7,2,499
"020561003","02","Caba","02056","Comuna 8",0,21,122,0,2,156,261,2,5,40,61,37,27,3,8,7,752
"020561004","02","Caba","02056","Comuna 8",11,42,237,2,2,270,459,5,7,59,152,91,95,4,18,18,1472
"020561005","02","Caba","02056","Comuna 8",6,36,203,0,8,212,428,2,7,60,118,52,54,2,4,14,1206
"020561006","02","Caba","02056","Comuna 8",6,39,194,1,2,194,351,4,6,55,92,43,41,1,8,17,1054
"020561007","02","Caba","02056","Comuna 8",7,25,192,2,2,203,433,2,12,32,116,53,55,4,12,20,1170
"020561008","02","Caba","02056","Comuna 8",3,33,128,1,1,135,209,1,0,18,69,23,24,1,12,8,666
"020561101","02","Caba","02056","Comuna 8",21,73,310,0,2,373,578,2,7,73,147,72,53,3,13,30,1757
"020561102","02","Caba","02056","Comuna 8",11,39,172,0,1,228,429,5,7,45,119,55,62,6,12,23,1214
"020561103","02","Caba","02056","Comuna 8",5,51,243,1,3,319,572,5,7,64,162,75,72,4,14,24,1621
"020561104","02","Caba","02056","Comuna 8",8,45,198,0,3,210,398,1,1,45,115,47,54,1,16,16,1158
"020561105","02","Caba","02056","Comuna 8",3,31,126,0,0,146,283,4,5,25,73,29,36,0,5,7,773
"020561201","02","Caba","02056","Comuna 8",2,24,68,0,0,78,147,4,2,23,61,40,51,3,15,6,524
"020561202","02","Caba","02056","Comuna 8",2,25,97,0,2,94,241,0,5,29,84,54,62,0,19,8,722
"020561203","02","Caba","02056","Comuna 8",9,24,96,0,1,96,227,2,6,17,60,40,48,1,22,18,667
"020561204","02","Caba","02056","Comuna 8",9,45,165,0,3,190,370,3,7,54,144,54,84,1,17,10,1156
"020561205","02","Caba","02056","Comuna 8",3,10,84,0,1,89,217,1,0,19,86,28,49,1,13,12,613
"020561206","02","Caba","02056","Comuna 8",2,8,87,3,6,92,174,0,4,18,59,38,44,0,10,7,552
"020561207","02","Caba","02056","Comuna 8",1,21,109,2,0,115,181,1,3,14,55,35,46,0,11,7,601
"020561301","02","Caba","02056","Comuna 8",5,10,34,0,0,60,59,1,4,9,25,18,22,1,4,3,255
"020561302","02","Caba","02056","Comuna 8",5,14,68,0,0,42,65,0,3,11,20,8,8,1,5,3,253
"020561303","02","Caba","02056","Comuna 8",11,25,110,3,3,128,210,1,0,18,55,34,35,1,8,6,648
"020561304","02","Caba","02056","Comuna 8",11,40,199,1,1,171,272,1,6,24,79,31,38,2,3,23,902
"020561305","02","Caba","02056","Comuna 8",9,24,131,2,0,127,225,2,1,15,49,25,22,4,4,16,656
"020561306","02","Caba","02056","Comuna 8",6,17,86,1,0,66,132,3,6,21,28,19,23,2,7,5,422
"020561307","02","Caba","02056","Comuna 8",6,26,110,1,0,110,157,1,13,21,39,23,27,2,8,4,548
"020561308","02","Caba","02056","Comuna 8",9,27,115,0,2,96,158,1,8,16,55,24,21,1,4,13,550
"020561309","02","Caba","02056","Comuna 8",4,2,40,0,0,66,175,1,4,38,85,32,49,5,24,5,530
"020561310","02","Caba","02056","Comuna 8",12,5,15,1,2,46,156,0,5,21,83,34,61,5,15,5,466
"020561311","02","Caba","02056","Comuna 8",9,1,15,0,1,54,122,2,13,24,86,25,59,2,21,3,437
"020561401","02","Caba","02056","Comuna 8",9,103,146,2,3,194,215,1,1,14,28,6,10,0,2,10,744
"020561402","02","Caba","02056","Comuna 8",3,55,105,0,0,94,136,0,1,15,19,13,5,0,0,18,464
"020561403","02","Caba","02056","Comuna 8",3,54,111,2,0,159,192,0,0,10,27,11,17,1,2,10,599
"020561404","02","Caba","02056","Comuna 8",11,80,262,1,1,245,291,0,2,30,61,28,30,0,2,11,1055
"020561405","02","Caba","02056","Comuna 8",5,41,149,4,4,126,172,0,4,18,52,32,32,1,5,9,654
"020561406","02","Caba","02056","Comuna 8",0,37,82,0,1,130,177,1,3,13,45,13,21,2,6,8,539
"020561407","02","Caba","02056","Comuna 8",4,34,148,0,1,110,232,0,0,24,53,25,29,1,4,11,676
"020561408","02","Caba","02056","Comuna 8",3,20,108,0,0,107,156,0,0,13,24,22,37,2,2,7,501
"020561409","02","Caba","02056","Comuna 8",8,36,130,1,0,109,189,0,3,18,50,33,21,1,5,6,610
"020561410","02","Caba","02056","Comuna 8",2,35,146,2,0,129,165,1,0,21,36,29,27,0,4,8,605
"020561411","02","Caba","02056","Comuna 8",13,84,151,0,0,224,159,1,1,8,10,7,2,0,2,11,673
"020561501","02","Caba","02056","Comuna 8",3,45,95,0,0,103,153,1,2,9,12,9,11,0,2,6,451
"020561502","02","Caba","02056","Comuna 8",7,53,98,0,0,142,216,1,1,7,26,13,13,0,1,3,581
"020561503","02","Caba","02056","Comuna 8",3,77,176,0,1,190,273,0,2,20,39,12,18,0,2,7,820
"020561504","02","Caba","02056","Comuna 8",6,30,85,0,0,94,141,0,0,8,21,7,9,1,0,7,409
"020561505","02","Caba","02056","Comuna 8",6,71,111,0,0,127,134,0,0,6,21,6,6,1,2,7,498
"020561506","02","Caba","02056","Comuna 8",3,53,101,1,0,132,159,2,0,11,29,15,10,0,1,3,520
"020561507","02","Caba","02056","Comuna 8",0,61,93,0,0,133,151,0,3,17,17,11,8,0,1,3,498
"020561508","02","Caba","02056","Comuna 8",3,48,105,0,1,103,147,0,2,4,27,7,10,0,1,11,469
"020561509","02","Caba","02056","Comuna 8",5,42,93,0,1,140,204,0,0,18,37,13,12,0,5,9,579
"020561510","02","Caba","02056","Comuna 8",14,72,243,1,5,281,341,1,4,27,85,30,42,2,11,22,1181
"020561511","02","Caba","02056","Comuna 8",4,23,54,0,2,70,103,0,0,5,18,6,8,0,0,13,306
"020561512","02","Caba","02056","Comuna 8",6,28,114,0,0,76,110,0,2,10,16,2,7,0,0,0,371
"020561513","02","Caba","02056","Comuna 8",2,36,53,0,0,65,127,0,0,3,21,7,3,0,0,2,319
"020561514","02","Caba","02056","Comuna 8",2,59,138,0,1,123,162,0,0,6,13,0,3,0,0,6,513
"020561515","02","Caba","02056","Comuna 8",7,79,198,0,2,213,219,4,0,16,30,12,7,0,0,9,796
"020561516","02","Caba","02056","Comuna 8",5,28,61,0,0,85,84,0,0,5,3,4,4,0,0,6,285
"020561517","02","Caba","02056","Comuna 8",2,28,59,0,0,86,88,0,0,5,8,8,3,0,1,1,289
"020561518","02","Caba","02056","Comuna 8",2,43,84,1,0,107,141,1,0,10,18,6,6,0,1,2,422
"020561519","02","Caba","02056","Comuna 8",3,37,92,1,6,96,109,0,0,3,6,3,2,0,0,3,361
"020561601","02","Caba","02056","Comuna 8",2,38,130,0,0,163,224,0,0,18,39,12,12,0,1,12,651
"020561602","02","Caba","02056","Comuna 8",1,18,75,0,0,126,137,2,2,9,11,7,11,0,1,6,406
"020561603","02","Caba","02056","Comuna 8",23,37,118,2,0,162,162,3,6,15,33,11,9,1,6,12,600
"020561604","02","Caba","02056","Comuna 8",2,26,96,0,0,122,157,1,1,23,27,9,12,0,1,10,487
"020561605","02","Caba","02056","Comuna 8",21,28,137,0,1,182,203,2,11,21,20,9,11,1,5,12,664
"020561606","02","Caba","02056","Comuna 8",40,25,109,0,1,106,123,3,10,18,26,8,13,2,3,5,492
"020561607","02","Caba","02056","Comuna 8",29,32,133,1,1,149,173,1,5,9,19,8,22,2,7,4,595
"020561608","02","Caba","02056","Comuna 8",3,17,83,1,1,118,173,0,0,13,24,8,6,0,0,7,454
"020561609","02","Caba","02056","Comuna 8",31,24,127,1,0,152,151,5,0,11,28,17,6,0,1,3,557
"020561610","02","Caba","02056","Comuna 8",5,61,163,0,0,178,171,1,1,24,31,14,12,1,0,8,670
"020561701","02","Caba","02056","Comuna 8",0,16,82,1,1,75,132,0,1,31,45,28,41,0,11,8,472
"020561702","02","Caba","02056","Comuna 8",2,9,24,0,0,49,85,0,0,5,40,19,15,1,5,2,256
"020561703","02","Caba","02056","Comuna 8",24,13,50,1,0,57,100,1,1,13,33,12,27,0,5,3,340
"020561704","02","Caba","02056","Comuna 8",14,6,50,0,0,66,121,0,1,12,68,31,42,2,10,9,432
"020561705","02","Caba","02056","Comuna 8",6,16,91,1,0,143,264,0,8,44,114,49,75,6,8,7,832
"020561801","02","Caba","02056","Comuna 8",7,21,56,0,0,100,84,1,1,4,5,3,4,0,0,1,287
"020561802","02","Caba","02056","Comuna 8",1,20,68,0,0,82,107,0,3,6,11,4,3,0,0,3,308
"020561803","02","Caba","02056","Comuna 8",1,12,34,0,0,54,55,0,1,1,6,3,1,0,1,3,172
"020561804","02","Caba","02056","Comuna 8",2,25,43,0,0,82,72,0,1,6,9,2,3,1,3,2,251
"020561805","02","Caba","02056","Comuna 8",1,8,33,0,0,41,68,1,0,4,11,6,2,0,1,2,178
"020561806","02","Caba","02056","Comuna 8",2,46,90,0,0,143,119,2,4,5,15,10,5,0,2,5,448
"020561807","02","Caba","02056","Comuna 8",2,59,89,2,1,87,85,0,0,2,6,4,8,0,0,1,346
"020561808","02","Caba","02056","Comuna 8",10,51,54,0,0,62,78,1,0,3,6,2,1,0,3,3,274
"020561809","02","Caba","02056","Comuna 8",11,57,92,0,0,143,155,2,0,10,16,8,11,0,1,3,509
"020630101","02","Caba","02063","Comuna 9",0,4,39,0,0,33,98,1,1,19,42,22,38,1,6,3,307
"020630102","02","Caba","02063","Comuna 9",1,3,40,0,0,31,80,0,0,11,48,30,40,0,5,0,289
"020630103","02","Caba","02063","Comuna 9",2,4,46,0,2,49,129,0,5,17,50,39,77,3,14,5,442
"020630104","02","Caba","02063","Comuna 9",1,13,59,0,0,50,144,0,1,17,72,43,66,1,22,5,494
"020630105","02","Caba","02063","Comuna 9",1,14,62,1,3,69,168,1,0,16,54,36,61,0,14,6,506
"020630106","02","Caba","02063","Comuna 9",1,14,60,0,2,89,145,1,0,17,48,30,53,1,11,9,481
"020630107","02","Caba","02063","Comuna 9",3,6,43,0,1,58,134,1,1,20,62,43,48,0,15,6,441
"020630108","02","Caba","02063","Comuna 9",0,7,45,0,0,74,144,0,0,16,54,33,56,0,8,2,439
"020630109","02","Caba","02063","Comuna 9",3,12,80,0,0,81,176,0,3,26,66,39,56,3,13,5,563
"020630201","02","Caba","02063","Comuna 9",0,8,67,0,0,77,208,1,0,24,103,96,150,7,33,5,779
"020630202","02","Caba","02063","Comuna 9",2,6,61,0,0,71,171,0,1,28,90,58,110,2,31,4,635
"020630203","02","Caba","02063","Comuna 9",0,18,68,0,0,75,199,2,5,21,110,63,154,2,30,5,752
"020630204","02","Caba","02063","Comuna 9",0,5,33,0,0,52,118,0,2,9,51,39,85,1,23,1,419
"020630205","02","Caba","02063","Comuna 9",2,8,69,0,0,88,237,0,1,35,114,77,163,6,38,12,850
"020630206","02","Caba","02063","Comuna 9",2,6,52,0,0,52,136,0,1,19,68,46,84,5,20,2,493
"020630207","02","Caba","02063","Comuna 9",0,7,51,0,0,57,174,0,1,28,96,69,107,3,28,11,632
"020630208","02","Caba","02063","Comuna 9",0,5,35,0,0,45,128,0,1,19,61,54,81,4,30,2,465
"020630209","02","Caba","02063","Comuna 9",0,4,72,0,0,102,183,1,1,35,106,73,123,2,30,7,739
"020630210","02","Caba","02063","Comuna 9",0,10,48,0,2,67,158,2,2,22,90,60,107,1,20,9,598
"020630211","02","Caba","02063","Comuna 9",0,12,71,0,0,57,173,0,0,19,80,60,89,0,37,7,605
"020630212","02","Caba","02063","Comuna 9",0,9,59,0,2,61,141,0,0,21,78,45,84,2,19,7,528
"020630213","02","Caba","02063","Comuna 9",0,9,31,0,2,29,90,0,0,12,58,28,48,1,14,6,328
"020630301","02","Caba","02063","Comuna 9",3,16,66,1,0,71,146,1,4,14,44,23,46,1,14,7,457
"020630302","02","Caba","02063","Comuna 9",2,24,53,0,1,51,146,0,4,12,50,17,63,3,15,8,449
"020630303","02","Caba","02063","Comuna 9",0,16,41,0,0,45,107,0,1,9,57,34,73,2,17,4,406
"020630304","02","Caba","02063","Comuna 9",0,7,37,0,1,49,138,0,2,32,74,27,72,3,15,5,462
"020630305","02","Caba","02063","Comuna 9",5,5,37,0,1,39,122,0,1,23,54,32,60,2,20,2,403
"020630306","02","Caba","02063","Comuna 9",2,10,43,0,0,75,157,0,1,13,56,59,101,3,23,7,550
"020630307","02","Caba","02063","Comuna 9",2,6,40,1,0,41,141,0,6,22,87,52,98,3,27,4,530
"020630308","02","Caba","02063","Comuna 9",1,7,35,1,0,53,107,0,1,21,81,57,79,5,35,4,487
"020630309","02","Caba","02063","Comuna 9",1,13,50,1,0,58,123,1,1,8,62,49,82,1,27,5,482
"020630310","02","Caba","02063","Comuna 9",1,7,41,0,0,49,144,0,1,26,104,48,82,3,25,6,537
"020630311","02","Caba","02063","Comuna 9",0,9,44,1,0,40,122,0,0,18,70,45,74,0,25,2,450
"020630312","02","Caba","02063","Comuna 9",3,3,42,0,3,51,136,0,2,17,71,42,55,1,15,7,448
"020630313","02","Caba","02063","Comuna 9",2,16,66,0,1,93,179,1,0,31,54,43,58,4,10,4,562
"020630401","02","Caba","02063","Comuna 9",0,11,83,0,3,68,169,0,6,15,83,56,95,2,29,8,628
"020630402","02","Caba","02063","Comuna 9",0,10,111,0,0,101,197,1,3,31,87,57,83,3,10,8,702
"020630403","02","Caba","02063","Comuna 9",0,13,69,1,0,89,163,0,3,33,84,49,103,1,13,8,629
"020630404","02","Caba","02063","Comuna 9",2,12,61,0,0,77,204,0,4,11,82,45,97,4,21,7,627
"020630405","02","Caba","02063","Comuna 9",2,9,82,0,0,78,183,0,3,23,96,43,74,0,23,5,621
"020630406","02","Caba","02063","Comuna 9",0,10,71,0,1,47,104,0,1,16,60,36,52,0,16,2,416
"020630407","02","Caba","02063","Comuna 9",0,5,72,1,1,58,152,1,6,14,96,49,87,3,15,5,565
"020630408","02","Caba","02063","Comuna 9",1,11,57,0,0,53,152,0,4,22,74,34,87,1,15,5,516
"020630409","02","Caba","02063","Comuna 9",0,14,76,0,0,76,147,2,0,22,89,61,89,2,19,6,603
"020630410","02","Caba","02063","Comuna 9",3,5,55,0,0,48,157,0,0,13,63,43,56,1,13,7,464
"020630411","02","Caba","02063","Comuna 9",1,10,96,0,0,77,177,0,3,35,85,70,98,3,17,8,680
"020630501","02","Caba","02063","Comuna 9",5,9,83,0,0,77,192,0,3,16,87,59,98,1,28,12,670
"020630502","02","Caba","02063","Comuna 9",1,14,77,0,0,82,208,1,3,23,102,59,113,1,27,6,717
"020630503","02","Caba","02063","Comuna 9",0,10,59,0,0,68,135,0,2,11,67,37,52,1,23,3,468
"020630504","02","Caba","02063","Comuna 9",5,16,81,1,0,77,197,1,3,34,98,59,83,0,15,8,678
"020630505","02","Caba","02063","Comuna 9",5,9,89,0,1,74,219,2,8,31,112,66,100,1,38,7,762
"020630506","02","Caba","02063","Comuna 9",6,11,60,0,1,74,186,0,6,20,83,64,98,6,25,5,645
"020630507","02","Caba","02063","Comuna 9",0,14,56,0,1,91,182,0,6,19,73,56,103,2,23,7,633
"020630508","02","Caba","02063","Comuna 9",0,12,51,0,3,77,188,2,1,20,82,48,100,1,23,1,609
"020630509","02","Caba","02063","Comuna 9",7,11,56,0,1,86,210,0,4,34,115,75,135,2,20,5,761
"020630510","02","Caba","02063","Comuna 9",2,8,60,2,0,63,167,0,3,22,89,47,72,1,19,2,557
"020630511","02","Caba","02063","Comuna 9",0,11,79,0,1,69,169,0,0,24,90,65,96,3,29,10,646
"020630601","02","Caba","02063","Comuna 9",0,18,81,0,0,86,244,2,2,41,122,72,103,5,19,10,805
"020630602","02","Caba","02063","Comuna 9",0,20,51,0,0,63,153,0,1,24,65,47,65,1,12,5,507
"020630603","02","Caba","02063","Comuna 9",1,10,73,0,0,90,209,0,2,26,103,53,87,4,26,18,702
"020630604","02","Caba","02063","Comuna 9",0,15,107,1,0,87,197,1,3,33,92,64,91,2,20,8,721
"020630605","02","Caba","02063","Comuna 9",0,18,109,1,0,93,239,1,5,31,119,63,105,4,15,8,811
"020630606","02","Caba","02063","Comuna 9",1,15,68,0,0,59,156,0,0,14,75,43,50,3,18,6,508
"020630607","02","Caba","02063","Comuna 9",1,10,83,1,0,110,252,0,2,24,121,78,122,5,28,6,843
"020630608","02","Caba","02063","Comuna 9",0,8,65,1,1,84,203,1,1,22,90,46,91,2,22,3,640
"020630609","02","Caba","02063","Comuna 9",2,2,46,0,0,41,191,1,6,32,105,68,80,2,19,7,602
"020630610","02","Caba","02063","Comuna 9",3,14,98,1,2,94,209,0,3,29,96,46,67,2,18,7,689
"020630611","02","Caba","02063","Comuna 9",5,13,117,1,0,83,180,0,1,22,80,48,66,1,23,9,649
"020630612","02","Caba","02063","Comuna 9",1,5,58,0,0,59,108,1,3,16,58,38,56,2,15,8,428
"020630701","02","Caba","02063","Comuna 9",0,11,65,0,1,66,137,0,3,22,85,46,83,2,21,5,547
"020630702","02","Caba","02063","Comuna 9",1,9,84,0,1,73,166,0,1,26,80,53,76,2,18,7,597
"020630703","02","Caba","02063","Comuna 9",5,10,45,0,1,26,127,0,6,9,51,32,43,3,12,3,373
"020630704","02","Caba","02063","Comuna 9",2,12,59,0,0,53,119,0,5,27,68,44,81,2,20,9,501
"020630705","02","Caba","02063","Comuna 9",1,8,65,0,0,50,168,1,3,19,75,45,84,1,14,10,544
"020630706","02","Caba","02063","Comuna 9",2,11,75,0,0,90,189,0,2,22,59,39,81,1,17,12,600
"020630707","02","Caba","02063","Comuna 9",0,10,47,1,1,46,132,0,1,19,71,36,65,3,13,7,452
"020630708","02","Caba","02063","Comuna 9",1,10,46,0,0,52,154,0,1,9,85,46,80,3,18,1,506
"020630709","02","Caba","02063","Comuna 9",4,10,77,0,0,77,195,0,6,16,99,37,86,3,18,4,632
"020630710","02","Caba","02063","Comuna 9",1,5,61,0,0,42,123,0,2,19,73,38,53,1,15,2,435
"020630711","02","Caba","02063","Comuna 9",0,8,78,0,0,54,166,0,3,16,76,39,89,1,17,7,554
"020630712","02","Caba","02063","Comuna 9",7,23,83,0,0,62,208,0,1,35,76,41,104,0,17,4,661
"020630713","02","Caba","02063","Comuna 9",2,7,87,0,0,86,174,0,5,17,70,34,65,1,24,1,573
"020630714","02","Caba","02063","Comuna 9",2,5,76,0,0,76,182,0,0,19,83,36,76,4,17,5,581
"020630801","02","Caba","02063","Comuna 9",3,15,94,0,0,86,184,3,6,29,82,63,70,2,26,13,676
"020630802","02","Caba","02063","Comuna 9",1,12,78,0,0,76,179,1,2,24,69,39,70,1,16,6,574
"020630803","02","Caba","02063","Comuna 9",0,10,75,0,1,57,191,1,4,24,57,48,78,1,21,7,575
"020630804","02","Caba","02063","Comuna 9",10,14,83,1,0,77,187,1,5,20,61,45,53,0,11,7,575
"020630805","02","Caba","02063","Comuna 9",2,14,86,1,1,67,213,0,1,26,65,46,56,3,14,6,601
"020630806","02","Caba","02063","Comuna 9",20,32,108,0,0,102,198,1,2,31,80,46,49,3,19,11,702
"020630807","02","Caba","02063","Comuna 9",2,23,112,1,1,84,133,1,1,16,48,25,32,2,6,7,494
"020630808","02","Caba","02063","Comuna 9",7,20,110,0,0,109,228,0,3,25,63,16,53,5,10,3,652
"020630809","02","Caba","02063","Comuna 9",6,22,88,0,0,114,175,2,4,13,50,32,33,0,3,7,549
"020630810","02","Caba","02063","Comuna 9",2,17,85,0,0,115,206,0,4,16,63,35,59,2,11,6,621
"020630811","02","Caba","02063","Comuna 9",4,4,68,1,1,67,115,0,1,18,57,31,31,0,8,7,413
"020630812","02","Caba","02063","Comuna 9",13,7,80,1,1,94,166,1,3,19,57,41,38,1,13,9,544
"020630813","02","Caba","02063","Comuna 9",3,8,64,0,1,59,149,1,3,11,48,21,33,0,11,2,414
"020630901","02","Caba","02063","Comuna 9",1,16,75,0,0,61,180,1,3,17,69,40,67,2,9,6,547
"020630902","02","Caba","02063","Comuna 9",2,21,86,0,2,93,190,0,0,19,80,27,46,1,14,6,587
"020630903","02","Caba","02063","Comuna 9",0,17,100,1,3,107,242,3,3,18,78,47,77,6,19,5,726
"020630904","02","Caba","02063","Comuna 9",0,18,65,0,1,79,141,1,3,15,51,20,30,1,3,6,434
"020630905","02","Caba","02063","Comuna 9",0,14,81,0,0,96,161,0,1,16,63,39,53,1,7,5,537
"020630906","02","Caba","02063","Comuna 9",3,14,89,0,5,81,192,1,2,20,85,41,71,0,14,8,626
"020630907","02","Caba","02063","Comuna 9",0,9,78,0,1,81,200,0,4,22,81,58,86,3,11,5,639
"020630908","02","Caba","02063","Comuna 9",0,9,58,0,1,48,135,1,0,6,46,26,45,0,9,3,387
"020630909","02","Caba","02063","Comuna 9",3,18,69,1,1,67,173,0,0,13,61,47,55,2,8,4,522
"020630910","02","Caba","02063","Comuna 9",0,19,68,0,2,100,174,0,0,16,64,39,63,1,11,10,567
"020630911","02","Caba","02063","Comuna 9",0,16,90,1,2,70,171,0,0,11,75,37,32,2,6,4,517
"020630912","02","Caba","02063","Comuna 9",0,18,93,0,0,87,149,0,3,9,59,32,52,2,11,8,523
"020630913","02","Caba","02063","Comuna 9",1,9,61,1,0,51,132,0,0,17,37,37,31,0,3,7,387
"020630914","02","Caba","02063","Comuna 9",1,16,76,0,3,84,175,2,1,25,82,52,64,1,20,7,609
"020631001","02","Caba","02063","Comuna 9",2,6,67,1,3,83,203,0,3,28,74,44,77,1,15,2,609
"020631002","02","Caba","02063","Comuna 9",1,15,70,0,1,93,195,0,1,28,77,47,77,2,15,11,633
"020631003","02","Caba","02063","Comuna 9",5,7,75,1,1,107,179,1,1,39,55,38,65,2,16,7,599
"020631004","02","Caba","02063","Comuna 9",0,10,41,2,1,67,146,0,0,27,64,43,66,4,17,9,497
"020631005","02","Caba","02063","Comuna 9",2,22,58,0,1,82,170,0,2,27,96,52,71,2,16,6,607
"020631006","02","Caba","02063","Comuna 9",0,14,63,0,0,65,143,1,3,13,69,28,53,1,9,6,468
"020631007","02","Caba","02063","Comuna 9",5,14,52,1,0,72,138,0,1,22,49,31,45,1,24,3,458
"020631008","02","Caba","02063","Comuna 9",0,8,65,0,0,68,191,2,1,21,98,46,93,1,23,12,629
"020631009","02","Caba","02063","Comuna 9",1,5,29,0,0,56,120,0,1,12,43,26,30,6,4,2,335
"020631010","02","Caba","02063","Comuna 9",2,6,53,0,2,52,130,0,0,22,88,53,67,1,22,3,501
"020631011","02","Caba","02063","Comuna 9",1,8,40,0,2,46,127,0,3,20,52,26,34,0,2,4,365
"020631012","02","Caba","02063","Comuna 9",0,8,45,0,0,54,111,0,0,8,45,22,29,1,9,2,334
"020631101","02","Caba","02063","Comuna 9",3,14,72,0,0,81,191,0,4,26,105,62,97,4,26,6,691
"020631102","02","Caba","02063","Comuna 9",3,12,61,0,1,78,170,0,3,33,117,72,124,3,22,7,706
"020631103","02","Caba","02063","Comuna 9",6,14,62,0,0,75,158,1,0,20,69,28,59,0,15,4,511
"020631104","02","Caba","02063","Comuna 9",3,11,93,0,0,92,211,1,3,29,125,51,125,4,24,10,782
"020631105","02","Caba","02063","Comuna 9",5,9,57,0,0,46,161,0,1,16,86,53,102,1,31,10,578
"020631106","02","Caba","02063","Comuna 9",4,7,68,2,0,43,149,0,2,21,73,37,71,4,22,6,509
"020631107","02","Caba","02063","Comuna 9",4,18,63,0,2,99,181,0,0,23,81,42,79,4,8,9,613
"020631108","02","Caba","02063","Comuna 9",11,9,48,0,0,53,180,2,0,32,73,65,71,5,17,10,576
"020631109","02","Caba","02063","Comuna 9",18,15,64,0,0,102,197,1,3,36,79,48,71,0,12,4,650
"020631110","02","Caba","02063","Comuna 9",0,14,77,0,0,73,180,0,1,25,58,43,67,1,12,7,558
"020631111","02","Caba","02063","Comuna 9",7,9,70,1,1,75,166,0,0,16,84,54,65,1,13,4,566
"020631112","02","Caba","02063","Comuna 9",4,20,66,1,5,112,204,0,2,30,78,65,65,1,19,10,682
"020631201","02","Caba","02063","Comuna 9",4,21,90,3,1,102,228,0,1,22,82,37,61,4,17,5,678
"020631202","02","Caba","02063","Comuna 9",2,8,38,1,1,55,109,0,0,10,38,29,22,0,10,3,326
"020631203","02","Caba","02063","Comuna 9",0,15,76,0,1,69,137,0,0,14,82,43,38,2,6,7,490
"020631204","02","Caba","02063","Comuna 9",1,15,87,2,0,80,158,0,0,13,64,42,71,3,11,3,550
"020631205","02","Caba","02063","Comuna 9",4,9,74,1,0,76,181,0,1,15,62,30,57,1,14,5,530
"020631206","02","Caba","02063","Comuna 9",0,12,81,3,1,71,184,0,4,18,71,28,35,1,10,7,526
"020631207","02","Caba","02063","Comuna 9",2,15,51,0,0,78,161,0,3,17,79,27,37,1,6,8,485
"020631208","02","Caba","02063","Comuna 9",6,24,73,0,0,91,208,0,0,14,81,53,53,0,8,8,619
"020631209","02","Caba","02063","Comuna 9",5,13,95,0,0,64,171,0,0,13,71,44,65,0,11,7,559
"020631210","02","Caba","02063","Comuna 9",4,28,117,0,0,136,269,0,1,38,114,56,85,1,20,13,882
"020631211","02","Caba","02063","Comuna 9",3,20,85,0,3,88,173,2,4,20,58,32,33,0,12,8,541
"020631212","02","Caba","02063","Comuna 9",0,14,56,0,0,88,147,0,0,19,46,24,27,0,12,3,436
"020631301","02","Caba","02063","Comuna 9",6,19,91,3,1,96,189,0,2,19,68,38,48,5,5,13,603
"020631302","02","Caba","02063","Comuna 9",37,29,88,1,0,123,212,2,5,42,109,46,85,8,21,12,820
"020631303","02","Caba","02063","Comuna 9",3,24,96,0,0,117,210,0,0,22,77,39,59,0,15,3,665
"020631304","02","Caba","02063","Comuna 9",18,35,72,1,2,90,197,4,6,19,60,40,42,7,9,3,605
"020631305","02","Caba","02063","Comuna 9",52,36,117,1,0,152,225,1,4,18,73,43,45,5,12,13,797
"020631306","02","Caba","02063","Comuna 9",20,28,99,0,0,129,257,2,4,17,54,43,60,4,14,5,736
"020631307","02","Caba","02063","Comuna 9",36,57,153,3,1,188,260,3,7,28,66,38,54,1,13,4,912
"020631401","02","Caba","02063","Comuna 9",50,39,104,0,0,113,224,3,3,29,93,45,66,1,31,5,806
"020631402","02","Caba","02063","Comuna 9",41,24,84,1,2,127,202,2,4,18,62,28,52,2,11,5,665
"020631403","02","Caba","02063","Comuna 9",51,20,102,0,7,118,196,3,2,11,45,23,34,1,5,5,623
"020631404","02","Caba","02063","Comuna 9",19,26,91,0,1,135,165,0,1,13,23,28,19,3,8,3,535
"020631405","02","Caba","02063","Comuna 9",58,40,129,0,0,117,156,1,3,12,25,14,11,4,1,3,574
"020631406","02","Caba","02063","Comuna 9",41,30,24,0,0,53,70,5,1,9,11,10,7,1,1,1,264
"020631407","02","Caba","02063","Comuna 9",30,74,158,2,1,190,222,1,11,13,39,19,27,2,4,10,803
"020631408","02","Caba","02063","Comuna 9",19,33,70,0,0,97,110,0,2,0,11,12,3,0,1,4,362
"020631409","02","Caba","02063","Comuna 9",23,61,154,0,1,177,235,1,4,29,49,24,19,1,11,11,800
"020631410","02","Caba","02063","Comuna 9",14,20,98,0,2,85,113,0,5,13,12,14,7,2,1,3,389
"020631411","02","Caba","02063","Comuna 9",13,41,71,0,3,99,141,0,3,8,7,9,8,1,5,6,415
"020631412","02","Caba","02063","Comuna 9",1,28,63,1,4,93,135,0,0,4,14,14,8,0,0,4,369
"020631413","02","Caba","02063","Comuna 9",9,18,89,1,0,67,71,1,1,10,9,5,8,1,2,4,296
"020631414","02","Caba","02063","Comuna 9",35,38,129,3,0,105,130,1,3,14,24,10,7,0,3,5,507
"020631415","02","Caba","02063","Comuna 9",30,59,115,3,0,129,180,0,3,11,24,11,18,3,10,2,598
"020631501","02","Caba","02063","Comuna 9",2,18,70,0,0,86,151,1,0,12,34,13,21,0,3,2,413
"020631502","02","Caba","02063","Comuna 9",1,26,114,1,0,114,184,0,1,17,48,31,32,2,6,15,592
"020631503","02","Caba","02063","Comuna 9",0,20,122,0,1,99,209,1,1,16,72,47,50,3,7,8,656
"020631504","02","Caba","02063","Comuna 9",2,17,104,1,0,123,202,0,3,25,63,49,48,0,5,6,648
"020631505","02","Caba","02063","Comuna 9",1,16,65,0,0,104,249,1,1,21,62,41,52,2,19,8,642
"020631506","02","Caba","02063","Comuna 9",1,29,81,0,0,109,211,0,0,25,91,39,55,0,17,7,665
"020631507","02","Caba","02063","Comuna 9",3,18,98,0,0,124,238,0,0,26,57,46,42,0,12,6,670
"020631508","02","Caba","02063","Comuna 9",4,18,69,0,1,92,183,0,1,20,58,51,57,1,6,9,570
"020631509","02","Caba","02063","Comuna 9",2,26,93,0,1,100,192,1,3,25,50,36,42,2,8,5,586
"020631510","02","Caba","02063","Comuna 9",5,18,58,0,1,113,158,1,0,13,34,27,24,0,4,6,462
"020631511","02","Caba","02063","Comuna 9",1,23,101,2,1,114,222,1,1,20,78,41,56,1,10,11,683
"020631601","02","Caba","02063","Comuna 9",6,27,100,0,0,106,182,0,5,23,59,35,52,0,11,7,613
"020631602","02","Caba","02063","Comuna 9",1,18,96,1,0,108,180,0,0,29,69,53,63,1,16,7,642
"020631603","02","Caba","02063","Comuna 9",0,17,100,0,0,80,186,0,2,18,64,35,32,1,9,2,546
"020631604","02","Caba","02063","Comuna 9",2,15,97,0,1,97,174,0,1,18,49,28,26,0,5,5,518
"020631605","02","Caba","02063","Comuna 9",1,27,82,1,0,122,214,2,3,21,48,41,48,2,13,6,631
"020631606","02","Caba","02063","Comuna 9",13,21,109,1,0,115,225,1,6,24,85,53,54,0,11,12,730
"020631607","02","Caba","02063","Comuna 9",2,24,119,1,0,117,208,1,2,31,83,36,60,0,7,14,705
"020631608","02","Caba","02063","Comuna 9",1,27,120,0,0,75,240,2,5,34,64,49,52,0,5,3,677
"020631609","02","Caba","02063","Comuna 9",0,22,137,2,2,96,247,0,5,34,77,36,52,1,15,11,737
"020631610","02","Caba","02063","Comuna 9",0,20,74,0,0,123,170,1,3,14,39,27,22,1,4,11,509
"020631611","02","Caba","02063","Comuna 9",3,14,73,0,0,80,117,0,1,11,24,13,13,0,4,9,362
"020631612","02","Caba","02063","Comuna 9",2,19,103,1,0,98,133,0,3,11,23,14,20,0,6,7,440
"020631613","02","Caba","02063","Comuna 9",4,19,105,0,0,84,169,0,3,11,34,14,25,2,4,6,480
"020700101","02","Caba","02070","Comuna 10",4,15,53,0,0,43,100,0,0,20,63,35,64,1,19,5,422
"020700102","02","Caba","02070","Comuna 10",7,6,83,0,2,75,144,2,2,23,86,44,96,2,20,3,595
"020700103","02","Caba","02070","Comuna 10",1,10,76,0,0,69,179,0,3,21,112,50,101,2,21,3,648
"020700104","02","Caba","02070","Comuna 10",0,7,50,0,0,61,139,0,0,21,62,36,68,2,13,12,471
"020700105","02","Caba","02070","Comuna 10",0,11,69,0,0,68,147,2,1,16,70,52,104,0,12,4,556
"020700106","02","Caba","02070","Comuna 10",0,4,45,0,0,64,169,0,2,19,86,58,106,2,18,8,581
"020700107","02","Caba","02070","Comuna 10",1,17,62,1,1,49,146,1,2,14,80,51,79,4,24,6,538
"020700108","02","Caba","02070","Comuna 10",2,6,65,1,0,65,180,1,2,28,108,64,97,1,23,16,659
"020700201","02","Caba","02070","Comuna 10",0,11,68,1,0,71,146,0,2,16,77,64,91,0,22,3,572
"020700202","02","Caba","02070","Comuna 10",0,4,63,1,0,55,126,0,3,19,61,49,71,0,21,4,477
"020700203","02","Caba","02070","Comuna 10",0,4,43,0,0,50,140,0,3,17,75,43,72,0,12,7,466
"020700204","02","Caba","02070","Comuna 10",0,8,50,2,0,72,181,0,2,15,86,61,97,3,17,5,599
"020700205","02","Caba","02070","Comuna 10",2,5,64,0,1,80,159,0,1,17,82,54,70,1,20,10,566
"020700206","02","Caba","02070","Comuna 10",2,8,67,0,0,80,199,0,3,30,134,78,131,1,28,7,768
"020700207","02","Caba","02070","Comuna 10",3,3,61,2,1,58,196,0,2,28,104,74,116,1,19,4,672
"020700208","02","Caba","02070","Comuna 10",3,8,61,0,2,63,137,2,1,29,98,66,108,1,18,7,604
"020700301","02","Caba","02070","Comuna 10",9,19,65,0,3,71,141,0,2,18,65,35,66,4,22,8,528
"020700302","02","Caba","02070","Comuna 10",7,6,40,2,0,58,147,1,1,25,75,43,110,4,19,8,546
"020700303","02","Caba","02070","Comuna 10",3,9,45,0,1,47,163,1,0,27,107,65,134,5,45,4,656
"020700304","02","Caba","02070","Comuna 10",2,3,36,0,0,37,95,0,2,17,56,42,75,2,28,4,399
"020700305","02","Caba","02070","Comuna 10",3,5,44,0,0,59,163,0,3,23,70,52,72,1,20,6,521
"020700306","02","Caba","02070","Comuna 10",3,11,52,2,0,72,131,0,4,21,66,44,79,3,17,5,510
"020700307","02","Caba","02070","Comuna 10",3,8,58,1,0,65,163,0,0,43,91,48,95,0,41,11,627
"020700308","02","Caba","02070","Comuna 10",5,9,64,1,1,68,227,1,1,25,98,62,111,6,22,3,704
"020700401","02","Caba","02070","Comuna 10",5,6,53,0,0,70,209,3,1,27,112,72,129,8,34,9,738
"020700402","02","Caba","02070","Comuna 10",0,14,67,0,0,76,216,0,4,34,130,79,182,6,49,6,863
"020700403","02","Caba","02070","Comuna 10",8,10,44,0,0,77,134,1,0,24,81,44,124,4,36,5,592
"020700404","02","Caba","02070","Comuna 10",33,9,75,2,2,100,207,0,5,39,156,85,164,10,60,8,955
"020700405","02","Caba","02070","Comuna 10",10,10,49,1,1,67,165,3,8,23,112,71,107,5,34,8,674
"020700406","02","Caba","02070","Comuna 10",7,4,46,0,1,45,131,0,1,20,63,44,83,4,26,2,477
"020700407","02","Caba","02070","Comuna 10",16,12,75,1,0,82,183,1,4,25,119,69,97,2,30,7,723
"020700408","02","Caba","02070","Comuna 10",6,7,72,1,0,77,174,1,2,27,102,58,95,1,15,6,644
"020700409","02","Caba","02070","Comuna 10",3,6,48,1,0,59,135,1,2,18,69,54,94,2,31,5,528
"020700501","02","Caba","02070","Comuna 10",4,8,53,1,0,80,136,0,3,12,63,40,73,1,14,2,490
"020700502","02","Caba","02070","Comuna 10",1,1,55,1,0,45,131,0,0,25,85,42,61,2,7,8,464
"020700503","02","Caba","02070","Comuna 10",3,10,87,0,3,69,185,0,1,27,110,68,116,0,23,6,708
"020700504","02","Caba","02070","Comuna 10",1,15,65,0,1,69,164,0,0,24,71,42,94,2,26,6,580
"020700505","02","Caba","02070","Comuna 10",1,10,86,0,0,76,154,3,1,33,74,51,95,2,31,2,619
"020700506","02","Caba","02070","Comuna 10",0,13,80,0,0,57,170,1,3,28,78,68,77,3,11,13,602
"020700507","02","Caba","02070","Comuna 10",2,17,74,1,0,70,152,0,0,21,99,41,79,0,17,7,580
"020700508","02","Caba","02070","Comuna 10",0,7,73,0,0,79,176,0,2,26,126,77,134,3,44,8,755
"020700509","02","Caba","02070","Comuna 10",1,8,60,0,0,65,119,0,2,27,82,54,74,2,27,11,532
"020700510","02","Caba","02070","Comuna 10",3,11,80,0,0,64,180,1,2,19,73,36,75,1,15,7,567
"020700511","02","Caba","02070","Comuna 10",0,11,77,0,2,57,152,0,2,18,70,45,83,2,12,3,534
"020700512","02","Caba","02070","Comuna 10",1,3,64,0,2,70,153,0,0,17,66,47,65,0,30,6,524
"020700513","02","Caba","02070","Comuna 10",1,18,55,0,1,67,145,0,0,19,82,39,77,0,20,6,530
"020700514","02","Caba","02070","Comuna 10",0,15,54,0,0,67,142,0,3,21,79,38,80,2,18,4,523
"020700601","02","Caba","02070","Comuna 10",0,3,57,0,0,59,138,0,0,12,75,31,76,0,12,5,468
"020700602","02","Caba","02070","Comuna 10",8,6,64,0,0,52,145,0,1,25,80,55,61,2,22,8,529
"020700603","02","Caba","02070","Comuna 10",2,7,63,0,1,77,173,0,1,27,87,58,118,2,28,8,652
"020700604","02","Caba","02070","Comuna 10",1,10,48,0,0,53,158,4,1,17,81,51,90,1,30,5,550
"020700605","02","Caba","02070","Comuna 10",2,13,65,0,1,72,185,2,1,33,123,47,126,5,35,9,719
"020700606","02","Caba","02070","Comuna 10",22,5,71,0,0,61,166,0,3,21,101,63,122,3,26,6,670
"020700607","02","Caba","02070","Comuna 10",0,13,48,0,2,59,130,0,3,25,87,53,84,6,19,7,536
"020700608","02","Caba","02070","Comuna 10",10,10,66,0,0,70,170,0,2,33,101,74,118,5,22,3,684
"020700609","02","Caba","02070","Comuna 10",13,5,46,0,1,53,119,0,3,22,74,38,79,1,18,2,474
"020700610","02","Caba","02070","Comuna 10",8,14,79,0,0,92,221,0,7,38,122,91,146,10,31,10,869
"020700611","02","Caba","02070","Comuna 10",13,8,56,0,2,50,153,0,1,22,79,43,94,2,27,7,557
"020700612","02","Caba","02070","Comuna 10",6,9,45,0,1,51,128,0,1,9,71,55,95,1,25,3,500
"020700613","02","Caba","02070","Comuna 10",2,11,84,0,0,75,222,3,2,36,136,70,156,4,27,5,833
"020700614","02","Caba","02070","Comuna 10",2,11,38,0,0,37,118,0,1,14,66,23,60,0,24,3,397
"020700701","02","Caba","02070","Comuna 10",3,24,112,0,1,129,256,0,5,39,125,54,119,3,26,15,911
"020700702","02","Caba","02070","Comuna 10",3,11,93,0,0,88,233,0,0,27,136,85,130,1,40,9,856
"020700703","02","Caba","02070","Comuna 10",4,14,73,0,0,81,184,2,0,39,135,80,124,3,33,12,784
"020700704","02","Caba","02070","Comuna 10",3,11,78,1,0,90,231,1,7,32,120,59,125,4,31,16,809
"020700705","02","Caba","02070","Comuna 10",5,16,82,1,2,82,223,0,8,35,98,75,115,4,29,11,786
"020700706","02","Caba","02070","Comuna 10",18,12,62,0,0,73,162,0,4,23,94,79,74,4,26,2,633
"020700707","02","Caba","02070","Comuna 10",4,16,94,0,1,106,251,0,0,34,140,93,107,3,30,14,893
"020700708","02","Caba","02070","Comuna 10",3,12,75,0,1,73,195,0,2,39,97,72,93,1,25,3,691
"020700709","02","Caba","02070","Comuna 10",0,29,85,0,0,71,181,1,1,24,101,51,115,0,32,9,700
"020700710","02","Caba","02070","Comuna 10",2,9,90,1,0,80,224,0,3,26,108,61,114,4,23,5,750
"020700801","02","Caba","02070","Comuna 10",4,13,76,0,0,84,178,0,3,26,86,52,105,1,17,6,651
"020700802","02","Caba","02070","Comuna 10",4,12,71,3,3,85,228,2,1,31,123,82,118,1,39,5,808
"020700803","02","Caba","02070","Comuna 10",1,11,40,1,1,47,110,0,3,30,80,32,100,1,41,4,502
"020700804","02","Caba","02070","Comuna 10",3,12,71,0,0,88,226,0,6,33,119,74,128,5,35,8,808
"020700805","02","Caba","02070","Comuna 10",2,16,72,0,0,76,190,0,3,27,88,59,102,2,32,1,670
"020700806","02","Caba","02070","Comuna 10",0,9,60,2,0,62,169,0,3,28,89,64,91,0,33,13,623
"020700807","02","Caba","02070","Comuna 10",6,17,82,1,3,82,216,3,1,46,101,71,121,5,28,10,793
"020700808","02","Caba","02070","Comuna 10",3,14,91,1,0,69,235,2,3,39,138,59,95,1,32,16,798
"020700809","02","Caba","02070","Comuna 10",0,9,36,0,0,42,121,0,3,19,72,33,78,3,19,5,440
"020700901","02","Caba","02070","Comuna 10",2,8,54,1,1,75,174,0,5,32,96,70,111,5,21,13,668
"020700902","02","Caba","02070","Comuna 10",0,6,84,0,0,79,183,0,3,28,86,68,86,4,23,10,660
"020700903","02","Caba","02070","Comuna 10",1,6,62,0,0,79,184,1,3,30,80,53,86,0,22,8,615
"020700904","02","Caba","02070","Comuna 10",0,5,53,0,0,66,134,2,2,18,81,57,92,1,14,5,530
"020700905","02","Caba","02070","Comuna 10",2,15,51,0,1,57,141,0,0,19,71,35,77,4,20,4,497
"020700906","02","Caba","02070","Comuna 10",0,12,76,0,0,79,165,0,2,36,90,62,102,1,23,7,655
"020700907","02","Caba","02070","Comuna 10",0,6,53,0,1,84,151,1,0,17,85,61,72,2,28,12,573
"020700908","02","Caba","02070","Comuna 10",0,12,48,4,0,58,149,0,2,16,91,58,74,1,19,5,537
"020700909","02","Caba","02070","Comuna 10",1,9,59,0,1,38,145,0,1,21,79,50,64,4,25,3,500
"020700910","02","Caba","02070","Comuna 10",1,5,52,0,0,69,153,0,3,21,96,58,98,3,17,6,582
"020701001","02","Caba","02070","Comuna 10",0,10,63,0,2,69,140,0,1,17,82,49,97,0,25,2,557
"020701002","02","Caba","02070","Comuna 10",0,8,61,0,2,87,186,2,6,32,102,66,102,2,37,9,702
"020701003","02","Caba","02070","Comuna 10",2,5,52,0,3,51,134,0,1,25,99,62,101,6,45,4,590
"020701004","02","Caba","02070","Comuna 10",0,4,37,0,0,51,123,0,0,27,86,56,103,5,26,4,522
"020701005","02","Caba","02070","Comuna 10",0,7,49,1,0,66,184,0,2,31,106,49,79,4,25,7,610
"020701006","02","Caba","02070","Comuna 10",1,8,45,0,0,60,150,1,2,21,98,58,117,4,45,6,616
"020701007","02","Caba","02070","Comuna 10",1,13,53,0,1,50,148,0,0,15,72,36,86,1,18,7,501
"020701008","02","Caba","02070","Comuna 10",1,13,72,0,0,73,156,2,2,23,88,49,108,1,31,2,621
"020701009","02","Caba","02070","Comuna 10",2,17,66,0,1,71,175,3,4,32,81,61,93,2,34,7,649
"020701010","02","Caba","02070","Comuna 10",0,8,53,1,0,56,117,0,0,20,76,51,80,3,19,9,493
"020701011","02","Caba","02070","Comuna 10",0,14,43,0,0,94,172,0,2,31,61,42,60,2,22,4,547
"020701012","02","Caba","02070","Comuna 10",3,13,64,1,0,71,186,0,0,26,74,43,76,0,21,6,584
"020701101","02","Caba","02070","Comuna 10",1,17,48,0,0,78,163,3,2,23,80,56,86,5,25,5,592
"020701102","02","Caba","02070","Comuna 10",1,16,70,1,2,76,222,0,1,28,74,49,84,1,17,13,655
"020701103","02","Caba","02070","Comuna 10",9,15,89,0,0,85,186,0,2,32,80,52,90,2,22,7,671
"020701104","02","Caba","02070","Comuna 10",4,9,42,1,1,71,143,1,3,16,54,46,60,2,11,8,472
"020701105","02","Caba","02070","Comuna 10",1,13,45,1,0,77,164,0,0,6,30,22,53,0,7,3,422
"020701106","02","Caba","02070","Comuna 10",3,7,30,0,0,39,115,0,3,5,22,12,17,0,3,2,258
"020701107","02","Caba","02070","Comuna 10",3,18,47,0,0,64,182,1,3,17,55,45,55,4,11,6,511
"020701108","02","Caba","02070","Comuna 10",8,19,61,0,0,67,155,2,3,12,73,58,75,3,17,6,559
"020701109","02","Caba","02070","Comuna 10",1,9,54,0,0,69,187,0,2,37,99,55,86,3,13,7,622
"020701110","02","Caba","02070","Comuna 10",1,7,44,0,0,65,134,0,1,21,58,44,76,3,15,6,475
"020701111","02","Caba","02070","Comuna 10",2,3,43,0,0,41,124,0,1,15,34,39,57,0,7,7,373
"020701201","02","Caba","02070","Comuna 10",1,5,57,0,1,75,142,1,5,22,89,56,108,1,31,7,601
"020701202","02","Caba","02070","Comuna 10",0,11,48,1,0,51,151,0,1,29,100,56,112,4,21,7,592
"020701203","02","Caba","02070","Comuna 10",10,17,42,0,1,61,146,0,2,30,51,53,63,5,14,7,502
"020701204","02","Caba","02070","Comuna 10",8,7,42,1,0,61,121,1,1,13,38,36,45,1,17,0,392
"020701205","02","Caba","02070","Comuna 10",3,6,19,1,1,40,59,1,2,2,21,16,28,1,4,2,206
"020701206","02","Caba","02070","Comuna 10",3,5,14,0,1,36,82,0,3,5,24,19,24,1,5,6,228
"020701207","02","Caba","02070","Comuna 10",4,8,38,0,0,50,142,0,1,22,32,38,53,2,10,8,408
"020701208","02","Caba","02070","Comuna 10",3,6,54,0,0,60,173,1,5,28,68,53,53,3,16,6,529
"020701209","02","Caba","02070","Comuna 10",4,7,39,1,1,45,143,0,1,37,81,55,103,1,29,5,552
"020701210","02","Caba","02070","Comuna 10",1,3,36,0,0,61,124,1,3,13,65,45,87,5,15,7,466
"020701301","02","Caba","02070","Comuna 10",1,8,43,0,0,45,107,1,0,15,57,31,71,3,11,8,401
"020701302","02","Caba","02070","Comuna 10",9,11,63,0,0,68,160,1,2,20,98,68,95,5,44,6,650
"020701303","02","Caba","02070","Comuna 10",4,8,43,0,0,66,103,0,2,13,51,42,64,0,10,6,412
"020701304","02","Caba","02070","Comuna 10",3,6,35,1,0,48,124,0,3,14,52,36,42,0,18,3,385
"020701305","02","Caba","02070","Comuna 10",2,12,58,0,0,59,158,0,1,20,78,55,110,0,17,9,579
"020701306","02","Caba","02070","Comuna 10",0,6,46,0,1,45,127,0,2,25,97,50,94,1,17,2,513
"020701307","02","Caba","02070","Comuna 10",0,7,31,0,0,28,124,0,2,18,75,56,82,0,17,3,443
"020701308","02","Caba","02070","Comuna 10",1,7,40,0,0,49,103,0,0,22,84,39,117,0,25,2,489
"020701309","02","Caba","02070","Comuna 10",0,8,28,0,0,50,119,0,3,20,77,42,97,5,23,5,477
"020701310","02","Caba","02070","Comuna 10",0,9,29,1,2,42,92,0,1,14,84,53,103,0,25,4,459
"020701311","02","Caba","02070","Comuna 10",0,10,29,1,0,46,109,0,1,33,70,38,68,2,20,2,429
"020701312","02","Caba","02070","Comuna 10",1,9,34,0,0,52,101,0,0,15,65,34,62,2,17,1,393
"020701401","02","Caba","02070","Comuna 10",1,16,73,1,1,81,156,0,0,16,89,55,102,4,24,8,627
"020701402","02","Caba","02070","Comuna 10",3,19,83,0,0,90,225,0,1,19,101,61,92,1,23,7,725
"020701403","02","Caba","02070","Comuna 10",2,20,80,0,2,95,177,0,1,35,80,62,64,3,18,1,640
"020701404","02","Caba","02070","Comuna 10",1,10,50,1,1,56,153,1,4,23,92,64,101,1,26,4,588
"020701405","02","Caba","02070","Comuna 10",0,2,54,1,0,56,122,0,0,23,68,57,88,0,19,2,492
"020701406","02","Caba","02070","Comuna 10",0,4,25,1,0,35,91,0,1,17,66,26,71,4,27,5,373
"020701407","02","Caba","02070","Comuna 10",2,10,44,0,0,53,171,2,0,18,82,56,96,4,21,7,566
"020701408","02","Caba","02070","Comuna 10",1,8,46,0,1,64,123,0,0,21,63,45,58,1,13,1,445
"020701409","02","Caba","02070","Comuna 10",1,13,49,0,0,89,162,1,1,25,74,43,88,2,16,7,571
"020701410","02","Caba","02070","Comuna 10",0,13,68,1,0,81,195,1,3,25,101,65,105,1,22,7,688
"020701411","02","Caba","02070","Comuna 10",1,11,36,0,1,45,113,0,1,6,50,35,53,4,15,3,374
"020701501","02","Caba","02070","Comuna 10",0,6,42,1,1,45,117,0,0,28,74,35,64,4,15,0,432
"020701502","02","Caba","02070","Comuna 10",2,7,64,3,0,72,165,0,1,27,78,42,96,7,25,2,591
"020701503","02","Caba","02070","Comuna 10",1,11,39,1,0,49,107,0,0,20,55,40,79,2,17,3,424
"020701504","02","Caba","02070","Comuna 10",0,6,40,0,0,47,139,0,2,23,87,35,64,2,10,7,462
"020701505","02","Caba","02070","Comuna 10",1,9,49,1,1,81,154,1,3,19,104,56,80,2,25,9,595
"020701506","02","Caba","02070","Comuna 10",0,6,52,0,1,74,132,0,5,33,67,47,103,2,24,7,553
"020701507","02","Caba","02070","Comuna 10",2,10,47,1,0,68,166,1,5,27,66,46,72,3,23,2,539
"020701508","02","Caba","02070","Comuna 10",1,11,63,1,2,81,203,0,4,24,86,66,94,4,25,6,671
"020701509","02","Caba","02070","Comuna 10",2,11,78,0,0,111,203,2,3,34,122,70,129,2,28,12,807
"020701601","02","Caba","02070","Comuna 10",9,6,42,0,0,68,156,0,4,22,81,58,98,4,16,2,566
"020701602","02","Caba","02070","Comuna 10",1,10,84,1,0,79,212,1,2,35,94,69,103,8,31,11,741
"020701603","02","Caba","02070","Comuna 10",2,2,54,1,0,55,164,0,2,29,64,61,120,1,30,8,593
"020701604","02","Caba","02070","Comuna 10",1,7,63,2,1,66,166,3,5,16,85,71,127,2,20,3,638
"020701605","02","Caba","02070","Comuna 10",1,2,28,0,0,30,91,1,3,12,65,46,85,2,25,5,396
"020701606","02","Caba","02070","Comuna 10",4,19,70,1,1,96,224,0,5,32,115,63,159,1,35,6,831
"020701607","02","Caba","02070","Comuna 10",1,3,52,0,0,70,162,0,0,20,74,56,79,3,20,9,549
"020701608","02","Caba","02070","Comuna 10",1,11,77,0,0,77,213,0,0,36,100,70,118,2,27,9,741
"020701609","02","Caba","02070","Comuna 10",3,16,68,2,0,85,177,0,1,30,107,64,85,0,17,8,663
"020701610","02","Caba","02070","Comuna 10",0,10,52,0,0,29,116,0,2,13,42,30,84,0,17,1,396
"020701701","02","Caba","02070","Comuna 10",0,7,61,1,0,51,121,0,1,22,78,63,102,5,22,2,536
"020701702","02","Caba","02070","Comuna 10",0,15,67,0,0,64,182,1,4,34,87,60,149,7,45,8,723
"020701703","02","Caba","02070","Comuna 10",2,8,68,0,1,65,241,0,3,26,119,85,157,3,34,7,819
"020701704","02","Caba","02070","Comuna 10",0,10,25,0,0,60,202,0,3,26,145,71,146,3,45,6,742
"020701705","02","Caba","02070","Comuna 10",1,11,77,0,0,96,192,0,3,40,91,65,108,1,21,5,711
"020701706","02","Caba","02070","Comuna 10",3,22,76,0,1,95,187,2,0,42,114,77,90,3,39,6,757
"020701707","02","Caba","02070","Comuna 10",0,8,66,0,0,73,200,1,2,26,100,44,78,3,22,3,626
"020701708","02","Caba","02070","Comuna 10",1,8,50,0,1,56,120,0,1,16,72,58,79,2,15,4,483
"020701709","02","Caba","02070","Comuna 10",0,10,51,1,0,48,132,0,0,25,59,45,74,1,15,2,463
"020701710","02","Caba","02070","Comuna 10",2,9,56,0,0,85,197,0,2,34,69,55,79,2,14,5,609
"020701801","02","Caba","02070","Comuna 10",3,23,50,1,0,77,148,0,1,33,66,54,76,2,16,7,557
"020701802","02","Caba","02070","Comuna 10",0,9,57,0,2,64,163,0,0,26,71,52,94,4,15,6,563
"020701803","02","Caba","02070","Comuna 10",0,11,58,0,1,64,132,1,4,24,89,46,73,1,19,6,529
"020701804","02","Caba","02070","Comuna 10",1,11,45,0,1,101,168,0,3,23,97,61,97,2,14,5,629
"020701805","02","Caba","02070","Comuna 10",1,7,36,0,1,56,96,0,1,26,49,43,81,3,14,12,426
"020701806","02","Caba","02070","Comuna 10",0,6,41,0,0,41,103,0,0,13,51,45,76,2,14,6,398
"020701807","02","Caba","02070","Comuna 10",1,8,43,0,1,50,154,0,0,22,54,54,77,2,15,0,481
"020701808","02","Caba","02070","Comuna 10",2,13,38,1,0,54,122,0,1,23,77,46,72,1,22,8,480
"020701809","02","Caba","02070","Comuna 10",1,5,52,1,1,39,147,0,2,13,66,43,98,4,13,9,494
"020701810","02","Caba","02070","Comuna 10",1,5,32,0,1,41,104,0,1,15,46,41,65,0,14,3,369
"020701811","02","Caba","02070","Comuna 10",1,5,27,0,0,41,104,0,2,19,49,31,42,2,10,5,338
"020701812","02","Caba","02070","Comuna 10",0,8,34,0,1,69,145,1,2,20,63,69,82,3,27,3,527
"020701901","02","Caba","02070","Comuna 10",2,4,44,0,3,45,95,1,0,15,54,38,50,1,28,6,386
"020701902","02","Caba","02070","Comuna 10",25,28,83,0,0,90,220,4,4,40,91,60,92,14,35,7,793
"020701903","02","Caba","02070","Comuna 10",7,12,47,1,1,61,147,2,2,19,59,36,60,0,8,4,466
"020701904","02","Caba","02070","Comuna 10",11,6,48,0,1,49,149,2,4,14,68,75,90,7,24,0,548
"020701905","02","Caba","02070","Comuna 10",11,19,56,0,0,62,144,0,1,30,94,56,96,4,32,9,614
"020701906","02","Caba","02070","Comuna 10",21,13,62,0,0,84,174,1,5,34,81,59,113,9,36,5,697
"020701907","02","Caba","02070","Comuna 10",10,17,50,0,0,69,154,1,6,24,84,63,88,2,21,8,597
"020701908","02","Caba","02070","Comuna 10",1,8,39,2,1,43,105,0,1,11,48,52,60,2,7,9,389
"020701909","02","Caba","02070","Comuna 10",1,7,32,0,0,54,137,0,2,16,83,47,105,1,21,8,514
"020701910","02","Caba","02070","Comuna 10",6,8,37,0,0,39,127,1,2,21,57,34,60,2,23,4,421
"020701911","02","Caba","02070","Comuna 10",3,12,51,2,2,82,171,1,3,43,108,84,125,4,43,11,745
"020701912","02","Caba","02070","Comuna 10",9,12,67,1,0,57,157,0,6,28,104,77,159,8,47,7,739
"020701913","02","Caba","02070","Comuna 10",9,2,30,1,0,49,96,2,3,17,40,32,53,3,15,7,359
"020770101","02","Caba","02077","Comuna 11",1,12,51,0,1,72,165,0,1,32,92,56,103,2,37,3,628
"020770102","02","Caba","02077","Comuna 11",3,6,62,1,0,76,125,1,1,38,119,64,129,4,40,12,681
"020770103","02","Caba","02077","Comuna 11",0,12,42,0,2,66,143,1,8,19,71,50,94,3,27,4,542
"020770104","02","Caba","02077","Comuna 11",6,11,49,0,0,49,142,1,0,32,72,79,112,6,42,6,607
"020770105","02","Caba","02077","Comuna 11",0,5,36,0,0,36,106,2,0,17,59,44,79,0,28,5,417
"020770106","02","Caba","02077","Comuna 11",0,6,59,1,1,64,154,0,3,23,86,53,88,5,30,4,577
"020770107","02","Caba","02077","Comuna 11",0,10,34,1,0,62,139,0,5,19,105,54,123,5,40,5,602
"020770108","02","Caba","02077","Comuna 11",1,2,54,0,1,61,149,0,3,30,119,73,132,2,43,9,679
"020770109","02","Caba","02077","Comuna 11",1,3,32,0,0,23,103,0,2,14,54,29,93,2,17,4,377
"020770110","02","Caba","02077","Comuna 11",2,7,30,0,0,39,111,0,1,17,82,44,107,2,29,5,476
"020770111","02","Caba","02077","Comuna 11",2,10,43,0,0,46,128,1,4,33,126,60,197,5,52,7,714
"020770112","02","Caba","02077","Comuna 11",2,6,28,0,0,35,95,0,2,24,73,46,151,3,48,0,513
"020770113","02","Caba","02077","Comuna 11",1,2,15,1,0,16,65,0,2,14,57,28,66,5,19,8,299
"020770114","02","Caba","02077","Comuna 11",1,1,21,0,2,18,85,2,2,15,58,37,95,2,23,2,364
"020770201","02","Caba","02077","Comuna 11",4,7,47,2,0,48,141,1,3,32,90,59,120,7,35,2,598
"020770202","02","Caba","02077","Comuna 11",1,13,66,0,0,90,227,0,2,38,137,86,189,5,58,9,921
"020770203","02","Caba","02077","Comuna 11",1,10,32,0,3,43,139,0,1,23,79,70,137,7,31,10,586
"020770204","02","Caba","02077","Comuna 11",0,6,20,1,0,31,110,2,5,24,54,48,114,2,38,2,457
"020770205","02","Caba","02077","Comuna 11",1,11,40,1,0,55,167,0,5,22,100,75,186,6,47,10,726
"020770206","02","Caba","02077","Comuna 11",1,7,41,1,0,52,157,0,3,29,116,61,161,3,41,8,681
"020770207","02","Caba","02077","Comuna 11",1,5,18,0,2,34,130,0,4,13,106,71,202,3,61,3,653
"020770208","02","Caba","02077","Comuna 11",0,5,38,0,0,37,121,0,0,22,88,63,169,5,51,6,605
"020770209","02","Caba","02077","Comuna 11",0,4,31,0,1,33,112,1,3,17,72,53,122,2,46,3,500
"020770210","02","Caba","02077","Comuna 11",2,3,24,0,0,33,139,0,4,24,99,83,187,4,59,6,667
"020770211","02","Caba","02077","Comuna 11",1,6,31,0,0,27,103,1,2,28,74,41,125,6,44,4,493
"020770301","02","Caba","02077","Comuna 11",0,4,36,0,1,16,110,1,1,13,65,56,149,1,45,7,505
"020770302","02","Caba","02077","Comuna 11",0,4,24,0,0,38,123,0,0,12,85,64,134,6,60,5,555
"020770303","02","Caba","02077","Comuna 11",2,0,21,1,0,29,91,1,2,18,59,57,150,4,53,3,491
"020770304","02","Caba","02077","Comuna 11",2,6,16,0,0,22,84,0,2,17,54,35,126,1,37,5,407
"020770305","02","Caba","02077","Comuna 11",0,5,19,0,0,32,129,1,0,15,93,48,160,2,65,2,571
"020770306","02","Caba","02077","Comuna 11",0,1,38,0,2,38,87,0,3,15,81,62,132,3,47,2,511
"020770307","02","Caba","02077","Comuna 11",1,5,30,3,0,33,132,1,0,16,95,46,163,5,44,3,577
"020770308","02","Caba","02077","Comuna 11",2,7,24,0,0,40,109,0,1,20,83,45,110,2,38,7,488
"020770309","02","Caba","02077","Comuna 11",1,3,35,0,0,28,106,0,0,26,87,64,144,7,59,2,562
"020770310","02","Caba","02077","Comuna 11",3,4,21,0,2,34,108,0,0,9,72,40,122,2,51,3,471
"020770311","02","Caba","02077","Comuna 11",0,6,52,0,1,53,122,0,4,19,75,69,160,2,39,5,607
"020770312","02","Caba","02077","Comuna 11",1,2,20,0,0,44,100,1,1,25,67,61,120,4,22,3,471
"020770401","02","Caba","02077","Comuna 11",1,1,27,0,0,25,97,0,1,17,73,67,156,5,47,0,517
"020770402","02","Caba","02077","Comuna 11",2,3,22,0,1,27,95,1,4,13,73,53,168,2,43,7,514
"020770403","02","Caba","02077","Comuna 11",4,3,15,0,2,26,123,1,2,11,59,37,111,5,29,0,428
"020770404","02","Caba","02077","Comuna 11",2,3,21,1,0,33,125,0,1,15,76,65,156,3,63,6,570
"020770405","02","Caba","02077","Comuna 11",0,2,28,0,1,25,99,0,1,24,82,55,153,4,47,3,524
"020770406","02","Caba","02077","Comuna 11",1,0,24,1,0,18,97,0,1,14,54,42,131,2,48,3,436
"020770407","02","Caba","02077","Comuna 11",1,5,17,0,0,27,103,0,0,16,84,39,127,7,47,3,476
"020770408","02","Caba","02077","Comuna 11",1,6,27,0,1,37,155,0,1,17,90,80,197,5,80,8,705
"020770409","02","Caba","02077","Comuna 11",0,7,32,0,1,30,141,0,1,22,84,82,219,8,75,7,709
"020770410","02","Caba","02077","Comuna 11",0,11,40,0,1,39,111,1,2,15,73,41,83,3,25,5,450
"020770411","02","Caba","02077","Comuna 11",2,5,47,0,0,50,139,0,1,28,82,77,173,9,59,8,680
"020770412","02","Caba","02077","Comuna 11",1,3,37,1,1,29,161,0,3,32,101,72,161,0,57,4,663
"020770413","02","Caba","02077","Comuna 11",1,1,25,0,1,39,119,0,0,19,69,59,137,7,41,2,520
"020770501","02","Caba","02077","Comuna 11",0,1,60,0,0,56,101,0,0,20,69,42,110,2,26,3,490
"020770502","02","Caba","02077","Comuna 11",1,1,34,0,2,48,121,0,2,15,74,69,132,6,44,8,557
"020770503","02","Caba","02077","Comuna 11",2,3,29,0,0,36,114,0,0,19,94,49,146,5,37,7,541
"020770504","02","Caba","02077","Comuna 11",1,8,31,1,2,34,96,0,1,13,64,45,122,3,35,4,460
"020770505","02","Caba","02077","Comuna 11",0,5,61,0,1,69,178,1,2,22,76,66,128,1,30,7,647
"020770506","02","Caba","02077","Comuna 11",0,11,54,0,0,58,141,0,5,18,95,49,119,5,33,3,591
"020770507","02","Caba","02077","Comuna 11",0,4,45,0,0,44,137,1,1,22,66,74,111,2,27,8,542
"020770508","02","Caba","02077","Comuna 11",1,4,52,2,1,56,146,0,2,24,102,39,99,2,29,5,564
"020770509","02","Caba","02077","Comuna 11",0,9,58,2,0,80,160,0,1,18,76,42,76,2,10,5,539
"020770510","02","Caba","02077","Comuna 11",3,11,73,0,0,54,128,0,1,21,75,42,85,4,17,4,518
"020770601","02","Caba","02077","Comuna 11",9,5,49,4,1,55,141,1,0,17,82,40,112,4,32,10,562
"020770602","02","Caba","02077","Comuna 11",8,7,67,0,3,74,165,0,9,49,114,90,163,7,50,9,815
"020770603","02","Caba","02077","Comuna 11",0,12,57,1,0,67,218,0,1,39,114,82,148,9,49,13,810
"020770604","02","Caba","02077","Comuna 11",5,14,89,0,3,91,200,1,2,38,120,76,161,5,44,10,859
"020770605","02","Caba","02077","Comuna 11",8,12,74,0,1,100,210,1,4,31,107,70,152,3,41,6,820
"020770606","02","Caba","02077","Comuna 11",7,14,77,1,0,84,211,0,2,24,111,71,113,2,24,7,748
"020770607","02","Caba","02077","Comuna 11",0,6,61,0,0,87,187,0,1,20,102,72,127,3,31,9,706
"020770608","02","Caba","02077","Comuna 11",20,10,65,0,2,92,169,1,2,15,83,59,92,4,19,2,635
"020770609","02","Caba","02077","Comuna 11",4,14,66,1,0,73,167,2,2,13,66,54,75,1,30,11,579
"020770610","02","Caba","02077","Comuna 11",3,7,40,0,0,67,107,0,3,17,57,36,46,1,8,3,395
"020770611","02","Caba","02077","Comuna 11",7,4,73,0,3,82,175,1,3,24,85,43,93,1,22,3,619
"020770701","02","Caba","02077","Comuna 11",0,7,40,0,3,47,105,1,3,10,42,19,49,0,12,4,342
"020770702","02","Caba","02077","Comuna 11",16,9,51,0,2,94,176,0,4,27,101,63,94,5,33,6,681
"020770703","02","Caba","02077","Comuna 11",10,6,45,1,1,65,147,1,2,19,98,58,79,6,39,4,581
"020770704","02","Caba","02077","Comuna 11",9,13,67,1,0,69,180,3,2,25,108,59,120,4,30,2,692
"020770705","02","Caba","02077","Comuna 11",12,10,55,2,0,64,178,0,6,28,99,71,115,7,57,5,709
"020770706","02","Caba","02077","Comuna 11",21,9,52,2,1,51,155,1,4,17,117,76,143,2,47,3,701
"020770707","02","Caba","02077","Comuna 11",9,5,43,0,0,66,162,0,5,22,92,56,115,2,44,9,630
"020770708","02","Caba","02077","Comuna 11",9,8,38,0,0,53,116,0,1,25,102,67,115,2,42,3,581
"020770709","02","Caba","02077","Comuna 11",11,9,73,0,1,69,164,0,1,20,98,56,147,4,44,5,702
"020770710","02","Caba","02077","Comuna 11",8,8,50,1,1,63,172,3,2,24,78,72,133,6,26,9,656
"020770711","02","Caba","02077","Comuna 11",13,18,74,0,0,59,206,0,5,33,98,60,134,3,39,9,751
"020770712","02","Caba","02077","Comuna 11",8,11,77,1,2,88,188,0,5,28,67,66,61,3,20,12,637
"020770801","02","Caba","02077","Comuna 11",2,2,41,0,0,40,130,2,1,25,75,72,135,4,37,2,568
"020770802","02","Caba","02077","Comuna 11",3,2,36,1,1,36,138,0,1,24,92,68,149,6,37,3,597
"020770803","02","Caba","02077","Comuna 11",1,1,23,0,1,29,100,0,0,15,66,44,114,3,27,2,426
"020770804","02","Caba","02077","Comuna 11",4,3,38,1,1,48,134,0,4,14,73,42,107,3,22,6,500
"020770805","02","Caba","02077","Comuna 11",1,3,33,1,0,43,135,2,2,12,81,49,118,7,39,9,535
"020770806","02","Caba","02077","Comuna 11",4,8,47,0,0,52,171,0,2,20,112,83,192,3,40,10,744
"020770807","02","Caba","02077","Comuna 11",14,5,59,2,2,73,190,2,4,25,97,72,143,6,41,9,744
"020770808","02","Caba","02077","Comuna 11",2,6,54,0,0,62,178,1,0,16,110,62,177,6,42,7,723
"020770809","02","Caba","02077","Comuna 11",2,7,56,0,2,57,144,0,3,27,97,70,125,6,44,7,647
"020770901","02","Caba","02077","Comuna 11",6,7,42,0,1,57,144,1,4,29,77,70,134,7,54,3,636
"020770902","02","Caba","02077","Comuna 11",5,4,24,0,0,51,102,0,6,10,80,63,112,5,33,10,505
"020770903","02","Caba","02077","Comuna 11",0,3,39,0,0,36,136,0,2,25,108,69,191,4,59,5,677
"020770904","02","Caba","02077","Comuna 11",4,7,20,0,0,31,104,1,3,17,68,57,78,3,30,6,429
"020770905","02","Caba","02077","Comuna 11",0,3,42,0,0,41,116,1,2,25,80,57,114,3,36,4,524
"020770906","02","Caba","02077","Comuna 11",0,5,39,0,0,47,111,1,0,20,87,52,97,3,28,3,493
"020770907","02","Caba","02077","Comuna 11",1,3,21,0,0,36,115,0,0,27,80,44,120,3,27,5,482
"020770908","02","Caba","02077","Comuna 11",2,4,32,0,0,33,117,0,2,18,102,69,108,2,54,4,547
"020770909","02","Caba","02077","Comuna 11",0,6,24,0,0,29,111,2,0,11,66,34,102,1,33,4,423
"020770910","02","Caba","02077","Comuna 11",0,3,32,0,1,27,117,4,6,16,91,64,142,6,67,5,581
"020770911","02","Caba","02077","Comuna 11",3,4,25,0,1,39,113,0,3,21,61,43,85,5,36,2,441
"020770912","02","Caba","02077","Comuna 11",5,9,31,0,0,42,141,2,4,11,78,55,103,3,22,1,507
"020771001","02","Caba","02077","Comuna 11",3,6,32,0,1,50,126,0,6,32,99,50,146,9,45,6,611
"020771002","02","Caba","02077","Comuna 11",7,8,44,0,1,55,183,0,4,29,112,73,186,7,60,7,776
"020771003","02","Caba","02077","Comuna 11",2,3,29,1,1,37,110,2,1,26,89,60,141,5,36,7,550
"020771004","02","Caba","02077","Comuna 11",7,4,28,0,0,48,173,3,5,24,95,73,148,6,57,9,680
"020771005","02","Caba","02077","Comuna 11",0,5,41,0,1,57,187,1,2,24,124,87,179,2,66,3,779
"020771006","02","Caba","02077","Comuna 11",4,11,53,1,3,76,191,1,4,39,137,94,204,4,80,9,911
"020771007","02","Caba","02077","Comuna 11",4,12,54,1,3,47,190,3,4,36,133,84,242,8,62,5,888
"020771008","02","Caba","02077","Comuna 11",1,3,22,1,1,25,79,0,1,18,73,38,93,9,35,3,402
"020771009","02","Caba","02077","Comuna 11",3,7,46,0,0,73,146,2,7,25,123,85,157,7,57,8,746
"020771010","02","Caba","02077","Comuna 11",0,10,47,1,0,69,140,1,1,22,86,72,117,8,35,3,612
"020771011","02","Caba","02077","Comuna 11",12,4,26,0,0,42,103,0,0,7,60,44,107,2,41,4,452
"020771101","02","Caba","02077","Comuna 11",2,6,41,0,1,51,171,0,0,24,75,54,85,1,19,6,536
"020771102","02","Caba","02077","Comuna 11",6,14,68,2,2,76,187,0,8,19,88,83,128,5,66,4,756
"020771103","02","Caba","02077","Comuna 11",4,9,92,0,1,116,205,1,2,16,75,52,52,1,20,7,653
"020771104","02","Caba","02077","Comuna 11",0,7,21,0,0,31,63,0,0,8,21,18,33,3,2,3,210
"020771105","02","Caba","02077","Comuna 11",5,9,67,1,0,66,157,2,4,33,91,74,109,5,35,8,666
"020771106","02","Caba","02077","Comuna 11",9,1,48,0,0,70,205,1,1,34,97,63,106,3,29,5,672
"020771107","02","Caba","02077","Comuna 11",3,9,50,0,0,62,166,0,1,17,80,61,111,4,24,6,594
"020771108","02","Caba","02077","Comuna 11",15,1,61,4,1,74,162,0,3,21,67,59,78,1,19,5,571
"020771109","02","Caba","02077","Comuna 11",5,6,49,1,1,71,109,0,4,13,62,46,63,4,23,7,464
"020771201","02","Caba","02077","Comuna 11",12,8,36,0,1,51,141,2,15,29,88,45,118,6,39,7,598
"020771202","02","Caba","02077","Comuna 11",1,7,39,0,0,45,93,1,2,17,74,55,124,4,30,4,496
"020771203","02","Caba","02077","Comuna 11",5,10,38,0,2,74,180,0,2,23,121,76,162,10,68,9,780
"020771204","02","Caba","02077","Comuna 11",0,4,39,1,1,55,128,0,3,25,77,70,115,6,25,5,554
"020771205","02","Caba","02077","Comuna 11",3,6,30,0,2,37,114,0,1,13,80,47,81,3,11,7,435
"020771206","02","Caba","02077","Comuna 11",1,5,42,0,1,71,125,0,1,18,101,42,112,7,24,5,555
"020771207","02","Caba","02077","Comuna 11",8,3,39,0,0,51,112,1,3,23,79,29,98,1,19,10,476
"020771208","02","Caba","02077","Comuna 11",0,9,35,0,0,65,116,0,1,14,74,39,77,2,25,6,463
"020771209","02","Caba","02077","Comuna 11",0,9,42,0,1,39,127,0,1,32,69,43,104,0,33,5,505
"020771210","02","Caba","02077","Comuna 11",1,7,40,0,0,59,130,1,1,28,100,56,140,3,28,8,602
"020771301","02","Caba","02077","Comuna 11",1,5,45,1,0,35,141,0,3,17,78,47,114,1,37,6,531
"020771302","02","Caba","02077","Comuna 11",1,5,60,0,1,38,138,0,2,25,89,38,114,2,29,3,545
"020771303","02","Caba","02077","Comuna 11",1,6,37,0,0,50,132,0,1,20,75,42,103,2,33,8,510
"020771304","02","Caba","02077","Comuna 11",0,4,46,0,0,58,153,0,3,20,96,70,154,5,35,7,651
"020771305","02","Caba","02077","Comuna 11",0,7,59,1,0,47,158,0,0,22,95,64,113,3,35,6,610
"020771306","02","Caba","02077","Comuna 11",1,8,49,0,0,54,151,0,2,22,99,71,135,6,36,7,641
"020771307","02","Caba","02077","Comuna 11",0,3,47,0,0,44,120,0,3,22,78,60,105,5,31,3,521
"020771308","02","Caba","02077","Comuna 11",2,5,32,0,0,49,135,0,0,27,71,58,106,0,37,2,524
"020771309","02","Caba","02077","Comuna 11",0,10,75,0,0,69,156,1,0,26,91,57,144,7,37,5,678
"020771310","02","Caba","02077","Comuna 11",0,7,43,4,0,54,169,2,5,22,80,61,101,4,37,4,593
"020771311","02","Caba","02077","Comuna 11",0,8,52,0,0,58,147,0,4,29,86,56,101,4,29,6,580
"020771401","02","Caba","02077","Comuna 11",1,7,48,0,0,61,167,2,2,29,101,63,124,4,30,2,641
"020771402","02","Caba","02077","Comuna 11",4,11,50,0,1,51,162,1,1,16,105,54,114,3,25,3,601
"020771403","02","Caba","02077","Comuna 11",2,7,49,0,2,62,163,0,1,17,98,67,128,6,43,5,650
"020771404","02","Caba","02077","Comuna 11",2,4,42,0,0,57,124,0,3,19,66,43,87,3,8,4,462
"020771405","02","Caba","02077","Comuna 11",2,3,59,0,0,61,158,0,1,22,107,69,125,0,32,7,646
"020771406","02","Caba","02077","Comuna 11",0,5,41,0,0,38,92,0,1,22,66,33,89,0,31,5,423
"020771407","02","Caba","02077","Comuna 11",0,12,71,0,3,83,281,1,1,29,152,102,167,3,48,8,961
"020771408","02","Caba","02077","Comuna 11",2,4,31,0,0,55,113,1,2,20,79,52,132,6,38,5,540
"020771501","02","Caba","02077","Comuna 11",8,12,52,0,0,80,184,2,2,37,96,64,108,4,38,6,693
"020771502","02","Caba","02077","Comuna 11",1,6,41,0,1,71,145,0,2,28,94,63,99,6,40,2,599
"020771503","02","Caba","02077","Comuna 11",5,7,78,1,3,69,195,2,2,30,108,71,110,3,30,4,718
"020771504","02","Caba","02077","Comuna 11",10,10,61,0,0,84,153,4,5,34,73,59,119,4,36,9,661
"020771505","02","Caba","02077","Comuna 11",1,9,49,0,2,49,143,0,5,22,80,64,93,2,23,10,552
"020771506","02","Caba","02077","Comuna 11",2,4,36,0,0,44,102,0,1,16,65,58,99,2,24,4,457
"020771507","02","Caba","02077","Comuna 11",2,6,40,1,0,52,148,0,3,19,73,47,71,3,22,4,491
"020771508","02","Caba","02077","Comuna 11",5,5,51,0,3,41,158,0,2,16,89,64,120,2,26,4,586
"020771509","02","Caba","02077","Comuna 11",3,7,61,0,3,66,188,0,2,18,101,74,136,9,33,3,704
"020771510","02","Caba","02077","Comuna 11",0,5,35,0,3,61,147,1,0,18,92,68,128,3,35,8,604
"020771511","02","Caba","02077","Comuna 11",9,14,71,0,0,84,161,0,2,33,112,88,125,5,25,9,738
"020771601","02","Caba","02077","Comuna 11",4,11,70,0,0,74,168,2,5,23,98,58,139,2,23,6,683
"020771602","02","Caba","02077","Comuna 11",0,2,29,0,0,39,77,0,1,16,60,42,83,3,12,3,367
"020771603","02","Caba","02077","Comuna 11",8,1,61,0,0,56,136,2,1,21,85,53,95,3,30,3,555
"020771604","02","Caba","02077","Comuna 11",9,5,47,0,0,48,125,2,4,18,67,53,93,5,23,4,503
"020771605","02","Caba","02077","Comuna 11",10,7,51,0,0,73,203,1,3,37,106,79,117,4,34,13,738
"020771606","02","Caba","02077","Comuna 11",0,7,42,0,0,56,129,0,2,17,116,64,142,8,37,5,625
"020771607","02","Caba","02077","Comuna 11",6,9,62,0,1,79,166,0,5,35,106,82,116,4,30,7,708
"020771608","02","Caba","02077","Comuna 11",12,6,52,1,1,54,204,3,7,39,105,59,129,9,26,5,712
"020771609","02","Caba","02077","Comuna 11",0,4,35,0,0,37,133,1,2,18,88,45,103,4,35,3,508
"020771610","02","Caba","02077","Comuna 11",4,13,36,0,0,41,116,0,4,19,65,45,96,3,25,1,468
"020771611","02","Caba","02077","Comuna 11",10,6,27,0,0,35,103,1,4,16,45,34,80,4,21,2,388
"020771701","02","Caba","02077","Comuna 11",1,6,59,0,0,59,156,0,0,22,57,38,106,4,24,7,539
"020771702","02","Caba","02077","Comuna 11",0,4,59,1,0,42,156,2,4,19,75,52,72,2,25,7,520
"020771703","02","Caba","02077","Comuna 11",3,8,53,0,0,67,176,0,1,25,87,60,118,7,34,4,643
"020771704","02","Caba","02077","Comuna 11",2,13,52,0,0,66,144,1,2,26,69,44,86,4,11,8,528
"020771705","02","Caba","02077","Comuna 11",0,11,58,0,1,49,112,0,0,16,71,34,81,5,29,4,471
"020771706","02","Caba","02077","Comuna 11",0,10,66,0,0,55,137,0,2,28,81,52,76,0,25,9,541
"020771707","02","Caba","02077","Comuna 11",5,10,34,2,2,66,129,0,1,27,91,55,60,5,19,6,512
"020771708","02","Caba","02077","Comuna 11",3,8,39,0,2,57,151,0,3,19,51,35,55,6,10,4,443
"020771801","02","Caba","02077","Comuna 11",0,16,49,1,0,56,138,0,2,32,60,61,74,3,17,6,515
"020771802","02","Caba","02077","Comuna 11",1,7,53,0,0,58,148,0,2,28,68,46,87,4,34,7,543
"020771803","02","Caba","02077","Comuna 11",9,7,52,0,1,84,202,1,3,18,109,60,119,4,40,9,718
"020771804","02","Caba","02077","Comuna 11",5,17,59,2,0,92,191,0,7,25,82,72,110,3,22,6,693
"020771805","02","Caba","02077","Comuna 11",4,7,47,0,2,81,158,1,7,32,99,66,150,7,51,12,724
"020771806","02","Caba","02077","Comuna 11",2,14,52,0,0,63,156,0,5,16,76,42,94,8,25,4,557
"020771807","02","Caba","02077","Comuna 11",5,12,48,0,0,61,144,0,2,20,64,55,77,5,13,7,513
"020771808","02","Caba","02077","Comuna 11",11,8,50,0,1,45,153,1,3,17,56,33,51,2,23,4,458
"020771809","02","Caba","02077","Comuna 11",9,10,46,0,1,48,134,1,4,21,42,23,48,0,13,5,405
"020771810","02","Caba","02077","Comuna 11",8,7,25,0,1,54,147,5,9,33,133,88,165,8,46,5,734
"020771901","02","Caba","02077","Comuna 11",7,7,34,1,1,48,122,1,5,22,53,30,62,0,21,4,418
"020771902","02","Caba","02077","Comuna 11",4,5,37,0,0,73,189,0,3,28,78,58,113,4,21,3,616
"020771903","02","Caba","02077","Comuna 11",0,4,26,2,0,41,120,0,2,18,72,38,75,1,25,5,429
"020771904","02","Caba","02077","Comuna 11",2,12,44,0,0,72,183,0,1,20,67,54,78,6,28,7,574
"020771905","02","Caba","02077","Comuna 11",6,14,50,0,0,62,128,0,2,17,83,43,75,1,32,5,518
"020771906","02","Caba","02077","Comuna 11",0,11,62,1,3,79,149,2,2,19,95,48,101,3,42,4,621
"020771907","02","Caba","02077","Comuna 11",1,8,60,0,0,78,158,1,2,20,85,38,77,3,17,7,555
"020771908","02","Caba","02077","Comuna 11",14,10,37,0,1,56,155,2,7,23,56,44,68,2,19,6,500
"020771909","02","Caba","02077","Comuna 11",9,9,29,0,0,76,127,0,3,20,65,60,94,4,22,4,522
"020772001","02","Caba","02077","Comuna 11",4,9,57,0,0,72,151,0,1,18,63,49,67,1,13,2,507
"020772002","02","Caba","02077","Comuna 11",1,14,47,0,2,63,178,0,2,25,73,51,74,4,29,5,568
"020772003","02","Caba","02077","Comuna 11",13,21,79,0,2,85,202,0,9,39,91,97,125,7,50,8,828
"020772004","02","Caba","02077","Comuna 11",6,11,49,2,0,72,136,4,5,25,59,59,93,7,43,6,577
"020772005","02","Caba","02077","Comuna 11",1,4,51,0,0,68,174,0,1,33,78,64,112,5,26,7,624
"020772006","02","Caba","02077","Comuna 11",6,11,36,0,0,51,128,0,1,20,61,34,71,2,25,4,450
"020772007","02","Caba","02077","Comuna 11",3,16,43,0,0,68,125,0,2,22,86,45,78,0,23,8,519
"020772008","02","Caba","02077","Comuna 11",2,4,28,0,0,26,102,0,2,15,50,28,64,2,16,5,344
"020772009","02","Caba","02077","Comuna 11",1,7,31,1,1,38,113,0,0,30,69,38,145,5,57,2,538
"020772010","02","Caba","02077","Comuna 11",0,8,47,0,0,57,144,0,0,26,69,51,100,3,21,4,530
"020772011","02","Caba","02077","Comuna 11",0,4,43,0,0,50,122,0,0,13,59,45,73,3,20,5,437
"020772101","02","Caba","02077","Comuna 11",3,5,54,0,1,69,130,0,10,26,47,51,89,5,25,3,518
"020772102","02","Caba","02077","Comuna 11",2,4,44,0,0,61,122,3,5,20,63,69,74,9,27,4,507
"020772103","02","Caba","02077","Comuna 11",25,7,64,2,3,46,155,2,7,27,104,62,126,8,48,7,693
"020772104","02","Caba","02077","Comuna 11",26,12,45,0,1,61,168,0,1,24,82,50,107,6,37,0,620
"020772105","02","Caba","02077","Comuna 11",4,5,22,0,0,24,80,2,1,8,33,28,59,1,13,1,281
"020772106","02","Caba","02077","Comuna 11",17,7,79,0,0,74,150,3,3,40,79,48,71,2,23,6,602
"020772107","02","Caba","02077","Comuna 11",3,6,37,0,0,61,97,3,2,20,76,46,78,3,28,9,469
"020772108","02","Caba","02077","Comuna 11",1,7,33,0,2,47,106,1,0,16,78,41,75,2,25,6,440
"020772109","02","Caba","02077","Comuna 11",7,3,31,0,1,61,114,1,2,18,62,28,56,3,21,3,411
"020772110","02","Caba","02077","Comuna 11",12,12,48,0,0,83,140,2,7,17,78,48,89,6,22,3,567
"020772111","02","Caba","02077","Comuna 11",16,8,60,1,0,67,153,3,5,21,69,44,75,9,27,5,563
"020772112","02","Caba","02077","Comuna 11",2,4,35,0,0,26,88,0,1,16,63,33,66,5,17,2,358
"020772201","02","Caba","02077","Comuna 11",1,5,31,1,1,51,147,0,0,13,65,65,89,10,27,5,511
"020772202","02","Caba","02077","Comuna 11",0,10,60,0,0,67,118,0,3,20,57,58,89,4,27,7,520
"020772203","02","Caba","02077","Comuna 11",2,9,38,0,0,62,164,1,2,23,72,48,113,4,31,4,573
"020772204","02","Caba","02077","Comuna 11",3,12,44,2,0,62,137,0,2,13,73,29,63,3,17,8,468
"020772205","02","Caba","02077","Comuna 11",5,7,55,0,0,58,152,0,5,26,82,51,94,5,37,3,580
"020772206","02","Caba","02077","Comuna 11",1,5,46,0,0,61,196,0,1,31,90,70,147,3,40,9,700
"020772207","02","Caba","02077","Comuna 11",8,3,35,0,1,58,140,0,2,23,69,50,96,2,33,4,524
"020772208","02","Caba","02077","Comuna 11",0,13,27,2,0,56,115,1,3,18,83,50,105,3,32,4,512
"020772209","02","Caba","02077","Comuna 11",0,11,38,0,1,67,129,0,1,14,68,44,84,1,25,4,487
"020772210","02","Caba","02077","Comuna 11",1,6,41,0,0,59,127,0,1,19,72,59,113,5,34,2,539
"020772211","02","Caba","02077","Comuna 11",0,5,47,0,0,43,115,0,2,22,83,67,144,7,37,5,577
"020840101","02","Caba","02084","Comuna 12",1,15,26,0,0,36,82,0,1,13,58,29,69,1,32,7,370
"020840102","02","Caba","02084","Comuna 12",0,6,34,0,1,38,108,1,4,19,58,50,133,4,34,2,492
"020840103","02","Caba","02084","Comuna 12",3,8,33,0,0,40,97,1,2,16,63,33,69,0,30,3,398
"020840104","02","Caba","02084","Comuna 12",1,10,58,0,1,49,162,1,2,16,85,56,112,5,29,6,593
"020840105","02","Caba","02084","Comuna 12",1,7,23,0,0,32,104,0,3,22,74,47,85,4,21,5,428
"020840106","02","Caba","02084","Comuna 12",0,5,51,0,1,77,133,0,4,15,89,43,106,3,33,3,563
"020840107","02","Caba","02084","Comuna 12",2,18,63,1,2,88,202,1,3,30,119,68,133,5,47,12,794
"020840108","02","Caba","02084","Comuna 12",3,2,29,1,0,44,136,0,4,27,70,48,88,7,17,7,483
"020840109","02","Caba","02084","Comuna 12",4,6,81,1,0,79,171,0,4,20,101,67,110,2,30,12,688
"020840110","02","Caba","02084","Comuna 12",2,5,48,2,3,69,185,3,6,34,97,91,171,10,56,9,791
"020840111","02","Caba","02084","Comuna 12",1,15,59,0,0,82,166,2,6,25,98,75,143,4,39,9,724
"020840201","02","Caba","02084","Comuna 12",0,7,44,0,0,53,110,0,2,22,82,56,95,1,30,4,506
"020840202","02","Caba","02084","Comuna 12",2,10,44,1,0,60,152,1,1,24,96,52,108,3,37,4,595
"020840203","02","Caba","02084","Comuna 12",12,15,42,1,0,56,148,2,6,33,94,63,140,3,30,2,647
"020840204","02","Caba","02084","Comuna 12",5,15,71,2,3,76,196,0,7,36,135,92,200,12,48,8,906
"020840205","02","Caba","02084","Comuna 12",3,6,48,1,0,72,191,0,2,36,123,61,121,9,32,5,710
"020840206","02","Caba","02084","Comuna 12",12,8,48,0,0,62,198,2,0,32,106,72,137,2,44,8,731
"020840207","02","Caba","02084","Comuna 12",4,11,71,0,2,64,216,0,1,35,102,65,140,7,35,4,757
"020840208","02","Caba","02084","Comuna 12",1,12,48,1,0,78,172,3,2,34,101,74,144,11,44,5,730
"020840209","02","Caba","02084","Comuna 12",0,10,27,1,0,30,108,0,4,14,62,47,103,2,31,5,444
"020840301","02","Caba","02084","Comuna 12",0,7,21,0,0,52,83,0,2,14,32,20,41,3,10,2,287
"020840302","02","Caba","02084","Comuna 12",1,6,59,1,0,50,147,0,1,11,61,52,81,4,18,4,496
"020840303","02","Caba","02084","Comuna 12",1,5,63,0,0,91,133,0,4,30,89,56,115,3,44,5,639
"020840304","02","Caba","02084","Comuna 12",2,18,50,1,0,69,135,0,2,20,79,42,101,4,38,4,565
"020840305","02","Caba","02084","Comuna 12",2,4,62,0,0,68,153,0,1,16,84,61,119,9,31,4,614
"020840306","02","Caba","02084","Comuna 12",7,43,175,2,1,211,303,0,3,20,45,23,28,1,5,5,872
"020840307","02","Caba","02084","Comuna 12",3,16,51,1,2,71,163,0,1,25,112,55,99,1,25,6,631
"020840308","02","Caba","02084","Comuna 12",1,4,45,0,0,54,112,0,1,12,64,38,81,2,28,6,448
"020840309","02","Caba","02084","Comuna 12",1,1,34,0,0,49,105,0,1,14,53,34,81,2,25,6,406
"020840310","02","Caba","02084","Comuna 12",6,9,32,2,1,43,113,4,1,25,90,99,182,7,62,5,681
"020840311","02","Caba","02084","Comuna 12",1,7,37,1,0,41,111,0,5,26,76,65,102,11,39,2,524
"020840401","02","Caba","02084","Comuna 12",3,10,44,0,1,50,140,0,1,22,104,74,162,9,48,4,672
"020840402","02","Caba","02084","Comuna 12",4,11,48,0,0,65,156,1,6,21,108,93,195,10,63,3,784
"020840403","02","Caba","02084","Comuna 12",1,6,48,1,0,46,211,2,6,33,115,91,213,13,96,9,891
"020840404","02","Caba","02084","Comuna 12",1,6,44,1,0,51,107,1,0,18,82,69,166,4,68,2,620
"020840405","02","Caba","02084","Comuna 12",0,4,25,0,0,27,110,0,5,21,76,44,123,7,44,4,490
"020840406","02","Caba","02084","Comuna 12",5,9,26,0,1,45,95,0,4,22,77,60,158,9,57,4,572
"020840407","02","Caba","02084","Comuna 12",6,7,45,0,2,41,149,3,1,24,86,57,141,6,59,5,632
"020840408","02","Caba","02084","Comuna 12",3,1,17,0,1,16,60,0,1,14,52,38,86,4,35,2,330
"020840409","02","Caba","02084","Comuna 12",1,0,24,0,1,35,83,0,2,17,61,41,98,5,42,1,411
"020840410","02","Caba","02084","Comuna 12",0,2,25,1,0,38,88,0,1,21,88,49,119,3,47,5,487
"020840501","02","Caba","02084","Comuna 12",0,4,35,0,0,41,93,0,0,17,77,52,173,4,47,9,552
"020840502","02","Caba","02084","Comuna 12",0,6,18,0,0,34,87,2,2,17,69,56,113,2,48,6,460
"020840503","02","Caba","02084","Comuna 12",2,3,14,0,2,14,60,0,1,11,83,47,178,9,77,2,503
"020840504","02","Caba","02084","Comuna 12",1,4,23,1,0,28,65,1,2,12,57,43,100,3,34,4,378
"020840505","02","Caba","02084","Comuna 12",0,1,25,2,0,33,109,1,3,15,75,54,110,5,37,4,474
"020840506","02","Caba","02084","Comuna 12",0,1,28,0,0,46,104,0,1,14,61,54,102,6,26,6,449
"020840507","02","Caba","02084","Comuna 12",0,3,25,0,0,31,96,0,2,10,81,49,137,4,44,3,485
"020840508","02","Caba","02084","Comuna 12",2,5,39,0,0,31,129,0,1,21,76,62,139,5,40,4,554
"020840509","02","Caba","02084","Comuna 12",2,8,37,0,0,33,96,0,0,24,85,48,114,2,37,6,492
"020840510","02","Caba","02084","Comuna 12",3,4,50,0,1,42,101,0,3,12,61,43,112,3,44,3,482
"020840511","02","Caba","02084","Comuna 12",3,7,30,1,1,27,86,0,0,18,70,44,126,6,48,6,473
"020840512","02","Caba","02084","Comuna 12",3,4,12,0,2,25,78,0,1,23,75,59,178,6,64,5,535
"020840601","02","Caba","02084","Comuna 12",1,7,46,0,0,61,135,0,4,35,106,55,111,7,34,8,610
"020840602","02","Caba","02084","Comuna 12",0,9,66,0,0,71,181,1,2,30,110,86,149,7,47,4,763
"020840603","02","Caba","02084","Comuna 12",0,6,40,0,1,31,127,0,3,20,83,57,124,5,37,1,535
"020840604","02","Caba","02084","Comuna 12",0,9,43,0,1,71,131,0,2,29,84,60,143,6,41,5,625
"020840605","02","Caba","02084","Comuna 12",1,4,41,0,0,82,137,0,3,27,116,57,182,3,53,7,713
"020840606","02","Caba","02084","Comuna 12",0,5,25,0,0,54,100,1,0,8,85,50,137,3,53,4,525
"020840607","02","Caba","02084","Comuna 12",1,8,20,0,0,27,105,0,2,23,82,44,137,4,27,5,485
"020840608","02","Caba","02084","Comuna 12",0,5,45,0,0,47,132,0,5,30,99,88,216,13,53,9,742
"020840609","02","Caba","02084","Comuna 12",1,7,35,1,3,44,137,1,5,17,115,77,192,12,45,6,698
"020840610","02","Caba","02084","Comuna 12",0,2,34,0,0,42,127,0,2,14,77,76,156,3,43,3,579
"020840701","02","Caba","02084","Comuna 12",14,4,33,1,1,41,139,0,9,22,104,68,164,14,49,4,667
"020840702","02","Caba","02084","Comuna 12",8,4,48,0,1,32,104,0,1,19,76,55,148,5,56,7,564
"020840703","02","Caba","02084","Comuna 12",2,7,32,0,1,40,135,0,1,20,101,60,149,15,55,3,621
"020840704","02","Caba","02084","Comuna 12",1,7,30,0,0,34,114,0,1,26,92,67,173,9,62,7,623
"020840705","02","Caba","02084","Comuna 12",3,9,27,0,1,42,123,0,1,22,77,44,145,10,57,5,566
"020840706","02","Caba","02084","Comuna 12",3,5,51,0,1,65,138,0,2,16,93,78,175,3,52,6,688
"020840707","02","Caba","02084","Comuna 12",6,14,34,1,0,36,92,0,1,29,90,62,165,4,64,5,603
"020840708","02","Caba","02084","Comuna 12",10,0,30,0,0,23,122,1,4,27,69,82,159,6,59,7,599
"020840709","02","Caba","02084","Comuna 12",1,1,8,0,0,19,68,0,0,14,47,54,158,6,64,6,446
"020840710","02","Caba","02084","Comuna 12",0,5,25,0,1,29,73,0,2,19,64,35,103,7,43,2,408
"020840711","02","Caba","02084","Comuna 12",0,2,18,0,1,19,43,0,2,10,56,46,146,16,47,4,410
"020840712","02","Caba","02084","Comuna 12",0,1,8,0,0,12,39,0,1,8,50,31,78,2,34,4,268
"020840713","02","Caba","02084","Comuna 12",0,3,18,0,0,36,100,1,1,18,89,69,158,12,53,3,561
"020840801","02","Caba","02084","Comuna 12",0,3,37,0,1,55,139,0,3,26,109,83,192,9,63,3,723
"020840802","02","Caba","02084","Comuna 12",1,4,25,0,0,43,123,1,2,19,87,54,132,8,42,5,546
"020840803","02","Caba","02084","Comuna 12",1,4,41,0,5,42,119,0,0,24,87,61,147,9,67,5,612
"020840804","02","Caba","02084","Comuna 12",0,4,30,0,0,48,128,1,2,22,91,58,131,8,44,3,570
"020840805","02","Caba","02084","Comuna 12",3,2,15,0,0,43,93,0,1,23,61,53,105,4,23,4,430
"020840806","02","Caba","02084","Comuna 12",17,7,46,0,0,48,130,1,2,18,82,81,170,3,57,7,669
"020840807","02","Caba","02084","Comuna 12",4,5,29,1,0,30,118,0,0,21,79,50,159,3,66,3,568
"020840808","02","Caba","02084","Comuna 12",5,8,28,0,1,39,106,2,2,32,105,100,251,12,69,5,765
"020840809","02","Caba","02084","Comuna 12",1,4,40,0,2,49,148,0,2,29,96,83,169,5,69,7,704
"020840810","02","Caba","02084","Comuna 12",12,2,12,1,0,23,87,0,5,15,72,54,151,4,41,3,482
"020840811","02","Caba","02084","Comuna 12",0,3,16,0,0,19,57,0,0,14,72,54,132,5,53,4,429
"020840812","02","Caba","02084","Comuna 12",4,4,20,0,0,39,66,0,3,19,74,57,163,9,80,5,543
"020840901","02","Caba","02084","Comuna 12",2,13,72,0,1,81,197,0,3,32,123,83,141,7,33,5,793
"020840902","02","Caba","02084","Comuna 12",0,2,58,0,0,72,158,0,4,19,94,71,142,3,27,11,661
"020840903","02","Caba","02084","Comuna 12",1,8,29,0,0,53,118,0,1,24,112,64,102,7,35,8,562
"020840904","02","Caba","02084","Comuna 12",4,6,80,0,0,87,217,0,4,28,139,91,166,6,61,5,894
"020840905","02","Caba","02084","Comuna 12",8,7,75,1,1,93,210,1,6,35,110,80,150,10,72,8,867
"020840906","02","Caba","02084","Comuna 12",6,7,50,0,0,62,154,2,4,22,108,73,152,5,58,9,712
"020840907","02","Caba","02084","Comuna 12",2,17,62,0,0,71,142,1,1,27,92,76,124,4,52,7,678
"020840908","02","Caba","02084","Comuna 12",4,2,34,0,1,40,106,0,2,12,63,55,87,4,36,1,447
"020841001","02","Caba","02084","Comuna 12",2,5,51,0,0,63,185,0,1,34,117,102,171,5,56,12,804
"020841002","02","Caba","02084","Comuna 12",0,4,43,1,1,49,135,0,1,21,86,55,127,9,40,5,577
"020841003","02","Caba","02084","Comuna 12",1,11,41,0,0,48,152,1,1,17,92,62,137,5,38,5,611
"020841004","02","Caba","02084","Comuna 12",1,5,36,1,0,41,105,0,0,26,72,56,113,6,37,9,508
"020841005","02","Caba","02084","Comuna 12",3,9,11,0,0,35,89,0,3,24,70,59,135,8,73,5,524
"020841006","02","Caba","02084","Comuna 12",2,18,51,1,0,65,151,1,0,13,95,69,172,4,69,2,713
"020841007","02","Caba","02084","Comuna 12",2,5,36,1,3,61,126,2,1,30,105,66,179,8,51,2,678
"020841008","02","Caba","02084","Comuna 12",3,4,44,0,1,55,126,0,1,18,80,47,138,3,43,9,572
"020841009","02","Caba","02084","Comuna 12",1,7,38,0,0,67,133,0,2,20,105,76,169,7,50,8,683
"020841010","02","Caba","02084","Comuna 12",1,9,26,1,0,38,105,0,1,17,87,54,114,2,38,6,499
"020841011","02","Caba","02084","Comuna 12",3,13,55,0,0,87,143,0,8,33,94,81,187,6,86,10,806
"020841012","02","Caba","02084","Comuna 12",0,1,25,0,1,36,83,0,2,19,91,55,133,4,51,1,502
"020841013","02","Caba","02084","Comuna 12",0,5,26,0,0,26,85,3,1,13,65,51,118,7,33,4,437
"020841101","02","Caba","02084","Comuna 12",0,8,35,0,0,29,141,0,1,22,93,59,127,7,40,5,567
"020841102","02","Caba","02084","Comuna 12",0,10,24,0,1,33,82,0,3,18,65,47,81,7,29,5,405
"020841103","02","Caba","02084","Comuna 12",0,6,20,0,2,27,94,0,6,14,65,74,166,12,63,8,557
"020841104","02","Caba","02084","Comuna 12",3,4,33,1,1,52,112,0,1,18,77,64,123,8,57,8,562
"020841105","02","Caba","02084","Comuna 12",3,12,24,0,0,41,79,1,2,16,37,38,125,4,48,6,436
"020841106","02","Caba","02084","Comuna 12",2,5,42,1,1,41,98,2,2,22,79,71,139,5,49,2,561
"020841107","02","Caba","02084","Comuna 12",5,3,27,0,1,29,98,0,4,17,85,63,120,6,60,5,523
"020841108","02","Caba","02084","Comuna 12",2,2,25,1,2,39,73,1,1,15,77,53,142,3,70,5,511
"020841109","02","Caba","02084","Comuna 12",2,1,21,1,0,46,100,0,6,24,102,76,191,9,57,5,641
"020841110","02","Caba","02084","Comuna 12",0,4,19,0,0,38,98,0,2,18,74,47,169,9,79,8,565
"020841111","02","Caba","02084","Comuna 12",1,10,23,0,0,34,101,0,4,19,103,106,256,10,108,2,777
"020841112","02","Caba","02084","Comuna 12",0,1,6,0,0,5,45,1,0,14,44,32,165,10,80,7,410
"020841113","02","Caba","02084","Comuna 12",0,1,9,0,0,10,44,0,1,5,50,16,70,4,29,3,242
"020841201","02","Caba","02084","Comuna 12",0,6,31,0,0,50,103,0,4,17,75,56,137,3,56,5,543
"020841202","02","Caba","02084","Comuna 12",6,7,48,0,2,65,181,0,4,45,143,127,277,19,84,8,1016
"020841203","02","Caba","02084","Comuna 12",3,4,41,0,0,52,112,1,1,37,105,83,228,7,66,5,745
"020841204","02","Caba","02084","Comuna 12",0,10,31,0,0,54,133,0,3,30,108,79,161,3,48,7,667
"020841205","02","Caba","02084","Comuna 12",16,8,47,0,1,43,150,0,1,18,120,76,184,8,61,9,742
"020841206","02","Caba","02084","Comuna 12",3,2,32,1,1,31,88,0,5,16,72,47,127,1,31,2,459
"020841207","02","Caba","02084","Comuna 12",0,5,43,0,0,50,141,0,1,21,73,65,142,6,51,2,600
"020841208","02","Caba","02084","Comuna 12",0,8,26,0,1,35,95,0,0,24,74,49,111,6,43,2,474
"020841209","02","Caba","02084","Comuna 12",3,1,11,0,0,12,57,0,0,17,50,51,148,4,46,0,400
"020841301","02","Caba","02084","Comuna 12",0,6,29,0,1,51,124,0,7,30,108,87,227,13,59,8,750
"020841302","02","Caba","02084","Comuna 12",6,9,49,0,0,52,145,0,7,32,111,96,185,9,50,8,759
"020841303","02","Caba","02084","Comuna 12",2,2,21,0,1,23,60,0,3,17,40,37,116,4,34,1,361
"020841304","02","Caba","02084","Comuna 12",4,5,38,0,1,58,145,0,4,26,89,93,214,16,48,3,744
"020841305","02","Caba","02084","Comuna 12",6,8,25,0,0,37,111,1,2,18,72,59,128,4,50,2,523
"020841306","02","Caba","02084","Comuna 12",1,7,42,0,2,47,135,5,3,20,119,94,198,7,67,4,751
"020841307","02","Caba","02084","Comuna 12",0,9,45,1,0,30,108,0,0,20,96,70,132,6,44,5,566
"020841308","02","Caba","02084","Comuna 12",0,3,37,0,0,26,76,1,2,14,71,68,145,11,51,4,509
"020841309","02","Caba","02084","Comuna 12",7,1,24,1,1,40,119,2,5,26,112,109,253,11,91,3,805
"020841310","02","Caba","02084","Comuna 12",2,5,13,1,1,17,63,3,0,19,53,63,127,3,56,2,428
"020841311","02","Caba","02084","Comuna 12",2,4,23,0,0,26,90,1,3,17,65,71,145,13,44,1,505
"020841401","02","Caba","02084","Comuna 12",1,10,33,0,0,47,142,2,2,19,77,53,140,2,47,3,578
"020841402","02","Caba","02084","Comuna 12",16,3,57,0,0,63,140,1,4,33,95,69,156,8,57,4,706
"020841403","02","Caba","02084","Comuna 12",1,3,33,0,0,31,119,0,6,22,89,66,197,3,64,3,637
"020841404","02","Caba","02084","Comuna 12",0,7,48,0,0,47,148,0,3,30,106,77,230,7,71,4,778
"020841405","02","Caba","02084","Comuna 12",2,2,28,2,0,38,140,1,1,18,119,72,204,7,56,6,696
"020841406","02","Caba","02084","Comuna 12",0,6,29,0,0,43,136,0,0,21,78,81,203,9,61,4,671
"020841407","02","Caba","02084","Comuna 12",5,12,52,0,1,56,213,2,5,53,147,102,336,8,96,6,1094
"020841408","02","Caba","02084","Comuna 12",0,1,37,0,0,25,102,0,1,18,99,58,203,6,90,4,644
"020841409","02","Caba","02084","Comuna 12",2,7,30,1,1,53,159,1,5,30,137,112,329,12,118,5,1002
"020841410","02","Caba","02084","Comuna 12",15,7,44,0,0,49,126,0,1,20,86,66,154,5,55,4,632
"020841411","02","Caba","02084","Comuna 12",17,2,29,1,1,23,111,2,1,26,85,47,152,8,48,3,556
"020841412","02","Caba","02084","Comuna 12",3,0,11,0,1,9,56,0,1,10,40,31,114,4,30,5,315
"020841501","02","Caba","02084","Comuna 12",1,4,39,0,1,33,74,1,0,21,66,55,118,4,23,6,446
"020841502","02","Caba","02084","Comuna 12",0,6,36,1,0,33,98,0,2,12,62,50,89,3,28,4,424
"020841503","02","Caba","02084","Comuna 12",0,1,22,0,0,21,55,0,1,12,39,33,93,1,21,5,304
"020841504","02","Caba","02084","Comuna 12",0,7,40,0,0,36,140,2,4,12,85,74,204,10,84,4,702
"020841505","02","Caba","02084","Comuna 12",1,6,38,0,2,46,126,0,2,25,105,73,218,8,93,8,751
"020841506","02","Caba","02084","Comuna 12",1,6,54,1,1,45,125,0,1,26,101,64,157,9,50,4,645
"020841507","02","Caba","02084","Comuna 12",6,4,31,0,0,41,136,0,3,30,85,84,200,9,59,9,697
"020841508","02","Caba","02084","Comuna 12",6,4,34,0,1,52,147,0,1,27,122,79,223,11,98,1,806
"020841509","02","Caba","02084","Comuna 12",14,12,42,0,0,41,172,0,4,37,163,110,303,12,84,6,1000
"020841510","02","Caba","02084","Comuna 12",2,10,58,1,0,57,196,1,3,28,117,88,167,5,58,8,799
"020841511","02","Caba","02084","Comuna 12",1,3,38,0,0,45,106,1,0,26,79,65,135,6,56,10,571
"020841512","02","Caba","02084","Comuna 12",5,7,31,0,0,49,93,1,1,21,84,57,147,2,34,3,535
"020841513","02","Caba","02084","Comuna 12",2,3,19,0,0,22,87,1,2,17,66,33,123,2,41,2,420
"020841514","02","Caba","02084","Comuna 12",14,1,22,0,0,31,97,1,2,18,72,44,110,9,31,6,458
"020841515","02","Caba","02084","Comuna 12",1,2,19,0,0,30,51,0,1,18,56,29,93,3,46,4,353
"020841516","02","Caba","02084","Comuna 12",7,4,26,0,0,40,108,0,4,24,94,70,166,3,67,1,614
"020841601","02","Caba","02084","Comuna 12",2,11,52,0,0,68,161,0,1,24,106,88,204,11,93,6,827
"020841602","02","Caba","02084","Comuna 12",1,9,54,0,0,59,152,1,0,18,94,59,165,6,65,3,686
"020841603","02","Caba","02084","Comuna 12",9,5,28,1,0,39,159,0,3,34,124,75,227,6,78,6,794
"020841604","02","Caba","02084","Comuna 12",1,6,20,0,0,23,54,0,3,10,61,32,110,2,31,3,356
"020841605","02","Caba","02084","Comuna 12",0,1,35,0,0,33,84,0,1,16,46,43,119,3,24,1,406
"020841606","02","Caba","02084","Comuna 12",1,7,30,0,0,37,149,0,2,14,87,53,156,10,48,6,600
"020841607","02","Caba","02084","Comuna 12",4,5,33,0,0,52,130,2,3,27,104,67,160,6,43,4,640
"020841608","02","Caba","02084","Comuna 12",0,3,24,0,1,46,103,1,4,27,88,80,198,19,52,3,649
"020841609","02","Caba","02084","Comuna 12",0,3,28,0,2,33,118,0,0,18,91,69,167,4,60,5,598
"020841610","02","Caba","02084","Comuna 12",1,12,55,0,0,54,169,0,2,40,101,66,159,8,47,4,718
"020841611","02","Caba","02084","Comuna 12",3,7,45,0,1,54,139,0,2,21,89,57,133,3,43,6,603
"020841612","02","Caba","02084","Comuna 12",0,3,32,0,0,56,104,0,1,25,79,52,115,2,42,7,518
"020841613","02","Caba","02084","Comuna 12",0,2,32,0,0,31,103,0,1,13,57,44,93,6,22,3,407
"020841614","02","Caba","02084","Comuna 12",0,5,33,0,0,24,50,0,0,8,30,19,41,3,12,4,229
"020841615","02","Caba","02084","Comuna 12",2,1,34,0,0,22,76,1,3,15,71,47,155,6,50,5,488
"020841616","02","Caba","02084","Comuna 12",1,1,17,1,0,29,72,3,3,19,67,44,125,6,41,4,433
"020841617","02","Caba","02084","Comuna 12",1,6,26,0,0,39,109,0,2,25,96,77,196,11,59,4,651
"020841618","02","Caba","02084","Comuna 12",0,2,20,0,0,27,64,0,2,15,76,39,132,6,43,4,430
"020841619","02","Caba","02084","Comuna 12",2,6,14,0,1,29,70,0,2,17,53,47,100,6,27,3,377
"020841620","02","Caba","02084","Comuna 12",1,4,18,0,0,16,70,0,0,19,65,54,117,5,57,3,429
"020841621","02","Caba","02084","Comuna 12",0,2,32,0,0,28,99,0,2,18,69,48,127,5,43,4,477
"020841701","02","Caba","02084","Comuna 12",3,10,81,0,1,90,179,0,2,24,99,73,126,12,53,11,764
"020841702","02","Caba","02084","Comuna 12",5,4,61,1,0,65,117,0,1,18,94,75,139,4,56,5,645
"020841703","02","Caba","02084","Comuna 12",3,6,62,0,0,64,176,0,2,27,101,55,133,9,67,6,711
"020841704","02","Caba","02084","Comuna 12",1,11,33,0,0,67,132,0,0,25,109,68,163,7,46,5,667
"020841705","02","Caba","02084","Comuna 12",1,12,54,0,0,80,187,1,3,45,145,91,224,6,65,10,924
"020841706","02","Caba","02084","Comuna 12",1,12,54,1,0,75,170,1,3,28,119,67,145,6,60,8,750
"020841707","02","Caba","02084","Comuna 12",0,10,57,0,0,52,191,0,3,29,119,91,192,10,57,3,814
"020841708","02","Caba","02084","Comuna 12",0,4,25,0,1,34,63,1,0,10,52,20,77,2,26,4,319
"020841709","02","Caba","02084","Comuna 12",0,3,11,1,0,22,76,0,1,13,56,49,154,7,45,2,440
"020841710","02","Caba","02084","Comuna 12",4,5,30,0,0,41,109,0,4,28,90,72,205,6,50,4,648
"020841801","02","Caba","02084","Comuna 12",0,7,50,0,0,49,119,0,2,21,86,46,90,6,37,3,516
"020841802","02","Caba","02084","Comuna 12",5,13,88,0,0,91,194,0,3,27,83,47,111,3,45,2,712
"020841803","02","Caba","02084","Comuna 12",2,14,71,2,0,71,180,0,4,41,93,62,127,5,48,8,728
"020841804","02","Caba","02084","Comuna 12",9,7,56,0,0,62,171,0,2,30,94,72,125,3,27,8,666
"020841805","02","Caba","02084","Comuna 12",15,4,69,0,0,74,148,0,1,25,106,58,116,4,52,2,674
"020841806","02","Caba","02084","Comuna 12",2,14,75,2,1,86,188,0,1,21,114,67,129,2,42,11,755
"020841807","02","Caba","02084","Comuna 12",0,5,57,0,0,76,196,1,2,27,99,47,117,3,19,4,653
"020841808","02","Caba","02084","Comuna 12",3,10,48,0,1,61,184,0,2,24,95,70,99,3,42,1,643
"020841809","02","Caba","02084","Comuna 12",0,7,47,1,0,48,142,1,2,20,97,58,133,5,35,2,598
"020841810","02","Caba","02084","Comuna 12",1,15,55,0,0,69,145,2,2,29,100,81,158,5,61,5,728
"020841811","02","Caba","02084","Comuna 12",2,3,31,1,0,49,82,1,2,26,70,33,109,4,26,1,440
"020841812","02","Caba","02084","Comuna 12",1,5,23,0,0,52,108,0,1,20,60,37,107,2,24,2,442
"020841813","02","Caba","02084","Comuna 12",1,6,37,1,0,36,122,0,2,24,79,51,136,5,47,4,551
"020841814","02","Caba","02084","Comuna 12",0,2,22,0,1,28,72,1,3,26,48,49,80,6,28,2,368
"020841815","02","Caba","02084","Comuna 12",2,2,11,1,0,9,48,0,1,15,36,32,99,5,20,2,283
"020841901","02","Caba","02084","Comuna 12",5,16,90,0,2,118,187,3,4,31,77,46,74,1,15,10,679
"020841902","02","Caba","02084","Comuna 12",1,3,48,0,0,66,114,1,1,24,45,33,42,0,7,11,396
"020841903","02","Caba","02084","Comuna 12",0,8,63,0,0,70,149,0,0,17,50,29,33,1,9,6,435
"020841904","02","Caba","02084","Comuna 12",0,11,80,0,0,86,174,0,3,25,83,58,76,1,20,5,622
"020841905","02","Caba","02084","Comuna 12",1,10,95,0,0,106,220,0,2,34,126,69,185,3,42,7,900
"020841906","02","Caba","02084","Comuna 12",0,5,69,0,0,71,174,1,0,27,114,73,147,5,40,11,737
"020841907","02","Caba","02084","Comuna 12",0,8,67,0,0,64,143,0,2,35,98,37,102,5,31,5,597
"020841908","02","Caba","02084","Comuna 12",2,11,56,0,3,60,153,0,2,30,102,54,113,4,40,5,635
"020841909","02","Caba","02084","Comuna 12",3,14,59,0,1,64,165,1,3,24,98,75,134,8,51,4,704
"020841910","02","Caba","02084","Comuna 12",4,7,42,0,1,57,148,0,1,40,106,66,120,4,28,7,631
"020841911","02","Caba","02084","Comuna 12",7,8,65,0,1,85,181,2,3,35,109,75,99,3,33,4,710
"020841912","02","Caba","02084","Comuna 12",6,4,51,0,1,41,128,0,2,19,121,67,129,6,27,7,609
"020841913","02","Caba","02084","Comuna 12",6,9,43,0,1,36,115,2,1,26,57,50,93,2,39,6,486
"020842001","02","Caba","02084","Comuna 12",1,9,45,0,0,54,142,1,0,21,90,46,124,4,25,4,566
"020842002","02","Caba","02084","Comuna 12",16,7,34,0,1,38,138,1,4,13,74,46,124,2,25,5,528
"020842003","02","Caba","02084","Comuna 12",5,3,21,0,1,49,106,0,0,20,75,52,103,4,28,5,472
"020842004","02","Caba","02084","Comuna 12",1,6,69,1,0,75,187,2,3,35,132,112,193,7,74,8,905
"020842005","02","Caba","02084","Comuna 12",0,6,48,0,1,69,146,1,1,30,97,58,159,2,54,11,683
"020842006","02","Caba","02084","Comuna 12",6,9,82,0,1,86,226,0,1,41,143,82,170,5,63,9,924
"020842007","02","Caba","02084","Comuna 12",27,8,60,0,3,76,211,1,7,37,120,83,130,9,37,6,815
"020842008","02","Caba","02084","Comuna 12",0,4,60,0,2,63,169,0,4,41,98,78,147,6,47,6,725
"020842009","02","Caba","02084","Comuna 12",6,6,45,1,0,55,154,0,1,23,88,58,119,3,31,3,593
"020842010","02","Caba","02084","Comuna 12",4,5,25,0,0,45,75,1,4,20,61,59,112,1,32,2,446
"020842101","02","Caba","02084","Comuna 12",2,3,42,1,0,37,104,0,4,16,62,46,96,0,13,3,429
"020842102","02","Caba","02084","Comuna 12",1,6,25,0,1,38,114,2,0,19,73,46,109,0,27,6,467
"020842103","02","Caba","02084","Comuna 12",1,4,26,0,0,45,107,0,1,16,68,18,96,5,29,9,425
"020842104","02","Caba","02084","Comuna 12",0,7,61,0,0,72,195,1,2,37,141,90,171,7,48,3,835
"020842105","02","Caba","02084","Comuna 12",0,6,55,0,0,53,133,0,1,24,85,64,124,2,39,2,588
"020842106","02","Caba","02084","Comuna 12",3,12,51,4,0,41,140,0,2,21,97,53,116,5,37,9,591
"020842107","02","Caba","02084","Comuna 12",1,13,70,0,2,70,181,2,1,36,112,75,163,3,44,4,777
"020842108","02","Caba","02084","Comuna 12",16,11,53,6,0,65,174,2,14,18,121,54,142,6,35,7,724
"020842109","02","Caba","02084","Comuna 12",2,9,51,0,0,38,116,0,1,20,89,46,106,4,27,3,512
"020842110","02","Caba","02084","Comuna 12",0,10,54,0,1,70,158,0,4,22,73,58,104,3,30,7,594
"020842111","02","Caba","02084","Comuna 12",1,4,34,1,1,40,145,0,0,23,76,56,116,2,29,3,531
"020842112","02","Caba","02084","Comuna 12",0,4,35,0,1,41,104,1,4,20,61,52,113,4,17,3,460
"020842113","02","Caba","02084","Comuna 12",24,10,36,0,1,49,124,0,3,21,91,51,90,6,26,4,536
"020842201","02","Caba","02084","Comuna 12",0,5,53,0,0,50,145,2,4,14,85,51,78,3,34,4,528
"020842202","02","Caba","02084","Comuna 12",6,3,62,1,2,71,187,1,3,31,97,84,98,3,33,9,691
"020842203","02","Caba","02084","Comuna 12",3,8,55,0,1,44,155,3,7,25,92,65,125,7,44,4,638
"020842204","02","Caba","02084","Comuna 12",0,3,47,0,2,53,140,0,2,32,80,55,107,6,30,5,562
"020842205","02","Caba","02084","Comuna 12",10,13,68,3,0,58,178,0,3,28,100,76,136,4,35,5,717
"020842206","02","Caba","02084","Comuna 12",10,4,43,1,1,54,143,1,8,16,84,52,134,5,34,8,598
"020842207","02","Caba","02084","Comuna 12",26,7,29,0,1,28,114,1,5,28,72,53,121,6,31,2,524
"020842208","02","Caba","02084","Comuna 12",1,5,28,0,0,56,146,1,3,36,100,73,173,9,34,5,670
"020842209","02","Caba","02084","Comuna 12",4,3,28,0,0,39,94,0,2,18,69,42,83,6,25,1,414
"020842210","02","Caba","02084","Comuna 12",2,9,67,0,2,69,156,0,1,33,120,71,159,2,41,2,734
"020842211","02","Caba","02084","Comuna 12",1,9,44,0,0,56,164,0,7,38,102,61,178,9,69,8,746
"020842212","02","Caba","02084","Comuna 12",5,2,30,0,0,40,123,1,3,19,55,54,118,6,25,3,484
"020842213","02","Caba","02084","Comuna 12",1,2,21,0,0,27,62,0,4,10,47,39,95,2,26,4,340
"020842214","02","Caba","02084","Comuna 12",4,4,18,1,0,26,66,0,0,13,63,41,62,2,22,3,325
"020842215","02","Caba","02084","Comuna 12",11,6,12,0,1,32,97,0,1,16,52,33,97,6,33,1,398
"020910101","02","Caba","02091","Comuna 13",0,7,31,1,1,59,164,0,3,31,126,75,227,10,83,6,824
"020910102","02","Caba","02091","Comuna 13",1,3,13,0,0,22,110,0,1,21,106,64,152,10,80,4,587
"020910103","02","Caba","02091","Comuna 13",1,5,24,0,1,24,91,0,2,19,86,79,170,6,62,8,578
"020910104","02","Caba","02091","Comuna 13",0,5,4,0,0,22,77,0,3,10,62,36,173,5,55,4,456
"020910105","02","Caba","02091","Comuna 13",0,2,19,1,1,27,118,0,1,31,117,81,321,9,127,8,863
"020910106","02","Caba","02091","Comuna 13",3,6,27,0,1,52,148,0,7,28,125,86,274,9,129,14,909
"020910107","02","Caba","02091","Comuna 13",0,8,15,1,0,20,79,0,1,19,63,34,154,4,77,5,480
"020910108","02","Caba","02091","Comuna 13",2,4,15,1,1,24,74,0,1,25,54,43,165,4,67,1,481
"020910109","02","Caba","02091","Comuna 13",0,2,21,0,0,12,78,0,0,16,57,41,135,3,58,2,425
"020910110","02","Caba","02091","Comuna 13",2,3,33,0,1,19,112,0,2,15,84,61,150,2,67,7,558
"020910111","02","Caba","02091","Comuna 13",4,3,27,0,1,30,73,1,3,14,59,51,122,7,43,9,447
"020910112","02","Caba","02091","Comuna 13",0,5,20,0,0,26,82,0,1,12,49,39,110,3,41,1,389
"020910113","02","Caba","02091","Comuna 13",1,1,12,0,0,19,66,1,1,20,62,54,121,2,42,2,404
"020910114","02","Caba","02091","Comuna 13",4,1,18,0,0,42,62,1,4,12,53,46,105,3,35,2,388
"020910115","02","Caba","02091","Comuna 13",2,1,10,0,1,13,60,0,1,4,47,38,104,6,19,1,307
"020910201","02","Caba","02091","Comuna 13",3,1,30,1,0,37,77,0,2,11,66,50,119,7,46,3,453
"020910202","02","Caba","02091","Comuna 13",2,4,42,0,0,35,101,0,2,17,76,69,187,7,80,1,623
"020910203","02","Caba","02091","Comuna 13",4,4,21,0,0,26,117,0,2,21,82,57,173,13,75,4,599
"020910204","02","Caba","02091","Comuna 13",2,1,18,0,0,31,87,2,2,10,65,50,168,5,61,10,512
"020910205","02","Caba","02091","Comuna 13",0,6,24,0,0,31,117,0,2,22,80,80,214,11,109,6,702
"020910206","02","Caba","02091","Comuna 13",2,3,14,1,1,21,100,1,3,20,82,70,229,1,88,6,642
"020910207","02","Caba","02091","Comuna 13",2,4,18,1,0,27,113,0,3,21,91,48,140,8,59,4,539
"020910208","02","Caba","02091","Comuna 13",0,4,27,1,0,27,76,0,2,25,81,47,154,6,73,3,526
"020910209","02","Caba","02091","Comuna 13",4,5,24,0,2,25,116,1,1,23,97,82,275,10,114,5,784
"020910210","02","Caba","02091","Comuna 13",0,8,30,1,1,46,140,2,3,33,141,123,256,15,84,14,897
"020910211","02","Caba","02091","Comuna 13",1,3,11,0,0,20,62,0,2,18,52,59,175,5,73,1,482
"020910212","02","Caba","02091","Comuna 13",3,6,20,0,0,26,99,1,6,17,55,55,163,5,51,3,510
"020910213","02","Caba","02091","Comuna 13",0,2,14,0,0,14,56,0,3,15,59,54,142,2,60,1,422
"020910301","02","Caba","02091","Comuna 13",2,5,28,0,0,42,136,0,4,12,97,77,232,6,100,4,745
"020910302","02","Caba","02091","Comuna 13",0,1,28,0,0,35,79,0,4,11,68,47,127,2,58,5,465
"020910303","02","Caba","02091","Comuna 13",3,8,28,0,1,38,117,0,3,16,64,66,160,3,55,6,568
"020910304","02","Caba","02091","Comuna 13",1,3,21,0,0,19,84,0,1,17,57,41,99,6,51,1,401
"020910305","02","Caba","02091","Comuna 13",3,8,19,0,0,50,146,0,2,16,96,64,211,4,95,12,726
"020910306","02","Caba","02091","Comuna 13",32,7,32,0,1,33,100,0,2,19,78,88,190,3,93,3,681
"020910307","02","Caba","02091","Comuna 13",0,1,24,1,0,26,86,0,2,18,86,68,184,10,64,1,571
"020910308","02","Caba","02091","Comuna 13",2,3,26,0,0,30,120,1,2,24,112,70,244,6,109,3,752
"020910309","02","Caba","02091","Comuna 13",3,3,35,1,0,42,126,0,1,24,97,60,208,9,117,4,730
"020910310","02","Caba","02091","Comuna 13",8,1,12,0,0,16,76,0,3,19,59,46,122,8,69,5,444
"020910311","02","Caba","02091","Comuna 13",0,1,14,0,1,19,82,0,0,15,68,51,166,2,55,3,477
"020910312","02","Caba","02091","Comuna 13",0,1,12,0,2,19,38,0,2,8,36,33,121,3,65,1,341
"020910313","02","Caba","02091","Comuna 13",0,0,8,0,0,20,43,0,1,14,45,36,111,6,61,5,350
"020910401","02","Caba","02091","Comuna 13",0,1,34,0,1,36,133,1,1,14,91,60,176,5,80,4,637
"020910402","02","Caba","02091","Comuna 13",1,5,18,0,0,40,106,1,0,26,67,68,224,17,96,2,671
"020910403","02","Caba","02091","Comuna 13",5,3,31,0,0,29,93,0,1,22,81,66,189,7,71,6,604
"020910404","02","Caba","02091","Comuna 13",0,9,42,0,0,50,145,4,3,29,114,86,214,10,84,7,797
"020910405","02","Caba","02091","Comuna 13",30,10,38,1,0,51,130,4,6,34,114,84,174,5,68,3,752
"020910406","02","Caba","02091","Comuna 13",1,3,31,0,0,34,125,0,2,24,100,63,231,14,89,2,719
"020910407","02","Caba","02091","Comuna 13",0,3,37,0,1,39,99,1,1,19,112,52,148,4,51,10,577
"020910408","02","Caba","02091","Comuna 13",5,2,16,0,0,23,97,0,5,21,81,62,148,6,69,7,542
"020910409","02","Caba","02091","Comuna 13",2,5,20,0,1,28,109,0,1,22,79,52,159,3,64,4,549
"020910410","02","Caba","02091","Comuna 13",1,9,26,0,0,25,90,0,2,9,55,44,93,8,26,5,393
"020910411","02","Caba","02091","Comuna 13",1,10,21,0,0,45,120,0,2,24,72,64,174,10,75,9,627
"020910412","02","Caba","02091","Comuna 13",0,1,13,0,0,10,30,0,0,2,19,15,40,3,21,0,154
"020910413","02","Caba","02091","Comuna 13",2,5,23,0,0,22,89,0,0,12,74,60,165,6,58,3,519
"020910414","02","Caba","02091","Comuna 13",2,4,23,0,0,29,77,0,0,17,55,61,182,5,53,2,510
"020910415","02","Caba","02091","Comuna 13",1,2,14,0,0,14,42,0,1,13,56,46,164,8,76,7,444
"020910416","02","Caba","02091","Comuna 13",0,4,16,1,0,19,56,0,2,15,51,50,133,5,60,3,415
"020910501","02","Caba","02091","Comuna 13",1,6,34,1,0,41,109,0,2,20,76,58,152,3,50,4,557
"020910502","02","Caba","02091","Comuna 13",1,7,31,1,1,58,162,0,3,33,140,74,232,10,80,6,839
"020910503","02","Caba","02091","Comuna 13",0,3,8,0,0,16,58,0,3,8,57,55,109,4,47,4,372
"020910504","02","Caba","02091","Comuna 13",1,7,45,0,0,29,116,1,4,29,93,71,209,15,75,3,698
"020910505","02","Caba","02091","Comuna 13",0,5,27,0,1,44,132,1,2,29,101,81,219,5,82,7,736
"020910506","02","Caba","02091","Comuna 13",1,9,31,0,1,27,100,0,2,32,94,57,218,8,73,4,657
"020910507","02","Caba","02091","Comuna 13",3,10,31,0,0,34,143,0,2,23,88,78,213,10,77,4,716
"020910508","02","Caba","02091","Comuna 13",2,5,31,0,0,31,134,1,3,25,118,111,317,20,113,10,921
"020910509","02","Caba","02091","Comuna 13",0,2,14,0,1,30,74,0,0,8,78,46,154,11,76,8,502
"020910510","02","Caba","02091","Comuna 13",5,4,29,0,0,24,78,1,2,18,63,62,117,4,53,4,464
"020910511","02","Caba","02091","Comuna 13",9,0,9,0,1,20,56,0,1,13,58,68,157,13,64,3,472
"020910512","02","Caba","02091","Comuna 13",0,0,7,0,0,13,36,1,0,13,37,36,85,4,51,3,286
"020910601","02","Caba","02091","Comuna 13",3,4,33,0,0,36,87,1,3,20,77,49,121,3,45,7,489
"020910602","02","Caba","02091","Comuna 13",8,10,31,0,1,40,134,0,0,29,106,67,216,17,106,4,769
"020910603","02","Caba","02091","Comuna 13",12,4,25,0,0,39,118,2,3,27,99,88,199,6,82,4,708
"020910604","02","Caba","02091","Comuna 13",3,5,19,0,0,32,109,0,5,19,99,82,253,13,82,5,726
"020910605","02","Caba","02091","Comuna 13",6,11,41,0,2,41,136,0,4,24,105,81,225,9,77,9,771
"020910606","02","Caba","02091","Comuna 13",1,5,29,1,1,21,100,1,2,36,104,58,212,9,80,3,663
"020910607","02","Caba","02091","Comuna 13",29,8,34,1,1,45,127,1,9,27,100,76,240,9,70,4,781
"020910608","02","Caba","02091","Comuna 13",0,2,39,0,1,43,130,2,6,15,84,54,142,6,36,3,563
"020910701","02","Caba","02091","Comuna 13",0,1,24,0,0,25,85,0,1,16,63,32,119,3,43,2,414
"020910702","02","Caba","02091","Comuna 13",3,2,22,0,0,22,89,0,1,11,55,30,103,6,42,1,387
"020910703","02","Caba","02091","Comuna 13",2,3,45,0,2,38,143,0,1,33,138,92,295,10,88,7,897
"020910704","02","Caba","02091","Comuna 13",1,5,23,1,0,23,103,0,3,20,94,59,192,8,63,5,600
"020910705","02","Caba","02091","Comuna 13",4,4,25,1,0,45,124,0,3,23,100,64,200,11,80,8,692
"020910706","02","Caba","02091","Comuna 13",4,3,31,0,0,25,102,0,0,24,74,74,193,8,55,0,593
"020910707","02","Caba","02091","Comuna 13",4,1,35,0,2,37,81,1,2,28,96,83,200,15,81,6,672
"020910708","02","Caba","02091","Comuna 13",0,1,34,0,0,22,75,0,1,22,92,61,196,8,86,5,603
"020910709","02","Caba","02091","Comuna 13",1,1,37,0,0,30,134,0,0,33,110,85,273,18,103,5,830
"020910801","02","Caba","02091","Comuna 13",0,3,20,0,0,22,59,0,2,15,72,41,160,12,76,7,489
"020910802","02","Caba","02091","Comuna 13",3,4,23,0,0,30,66,0,5,15,64,38,114,6,43,1,412
"020910803","02","Caba","02091","Comuna 13",0,4,22,0,1,15,87,0,4,8,69,54,131,8,48,7,458
"020910804","02","Caba","02091","Comuna 13",0,7,24,1,1,27,121,0,4,32,86,69,226,11,101,6,716
"020910805","02","Caba","02091","Comuna 13",2,3,24,0,0,39,128,0,2,30,110,89,318,20,137,11,913
"020910806","02","Caba","02091","Comuna 13",0,3,29,1,0,18,76,0,0,15,64,55,149,4,46,6,466
"020910807","02","Caba","02091","Comuna 13",0,1,25,0,0,27,88,0,0,18,69,39,159,7,66,1,500
"020910808","02","Caba","02091","Comuna 13",2,7,45,0,1,35,145,1,0,18,96,81,206,10,83,2,732
"020910809","02","Caba","02091","Comuna 13",1,6,30,0,0,33,110,1,1,26,83,69,195,9,70,3,637
"020910810","02","Caba","02091","Comuna 13",0,3,22,0,0,23,77,1,1,13,69,54,149,1,41,2,456
"020910811","02","Caba","02091","Comuna 13",0,3,10,0,0,8,65,0,1,14,63,32,189,8,80,4,477
"020910901","02","Caba","02091","Comuna 13",0,2,24,1,1,29,73,1,3,11,67,38,168,3,80,3,504
"020910902","02","Caba","02091","Comuna 13",11,7,35,0,0,35,103,0,8,19,87,60,185,13,85,4,652
"020910903","02","Caba","02091","Comuna 13",0,3,14,0,1,13,71,0,4,15,56,49,100,4,50,6,386
"020910904","02","Caba","02091","Comuna 13",0,3,19,0,0,32,88,0,0,12,69,50,148,2,50,7,480
"020910905","02","Caba","02091","Comuna 13",0,2,20,1,0,19,79,0,4,15,57,49,170,8,66,9,499
"020910906","02","Caba","02091","Comuna 13",0,4,26,1,0,21,87,0,2,18,72,56,170,7,78,7,549
"020910907","02","Caba","02091","Comuna 13",0,7,22,0,0,22,91,1,2,19,69,66,139,4,65,3,510
"020910908","02","Caba","02091","Comuna 13",2,5,24,0,0,13,93,0,2,15,79,39,202,7,84,5,570
"020910909","02","Caba","02091","Comuna 13",0,3,17,0,0,25,104,0,1,13,87,55,195,4,94,4,602
"020910910","02","Caba","02091","Comuna 13",0,3,29,0,0,26,72,1,3,10,54,44,152,3,66,4,467
"020910911","02","Caba","02091","Comuna 13",3,0,6,0,0,9,57,0,1,7,49,38,164,5,72,2,413
"020911001","02","Caba","02091","Comuna 13",3,2,10,0,0,18,72,0,2,21,87,82,207,4,70,6,584
"020911002","02","Caba","02091","Comuna 13",4,2,14,0,1,14,46,0,2,7,45,47,134,3,50,6,375
"020911003","02","Caba","02091","Comuna 13",12,4,11,0,0,14,70,0,0,9,43,38,111,3,42,3,360
"020911004","02","Caba","02091","Comuna 13",2,1,12,0,1,20,52,0,0,8,44,42,112,5,45,4,348
"020911005","02","Caba","02091","Comuna 13",2,2,31,0,2,38,124,1,3,20,81,57,153,4,56,7,581
"020911006","02","Caba","02091","Comuna 13",2,1,25,0,0,28,109,0,1,16,89,67,177,14,58,5,592
"020911007","02","Caba","02091","Comuna 13",0,3,23,1,1,17,76,1,0,17,74,48,160,8,63,1,493
"020911008","02","Caba","02091","Comuna 13",0,4,30,0,0,32,117,0,2,21,74,70,237,6,97,3,693
"020911009","02","Caba","02091","Comuna 13",0,6,23,0,0,22,96,0,1,15,59,52,186,3,49,1,513
"020911010","02","Caba","02091","Comuna 13",4,9,52,1,0,39,134,0,3,19,91,58,155,7,41,4,617
"020911011","02","Caba","02091","Comuna 13",1,6,15,0,0,23,78,0,2,13,66,42,125,3,41,7,422
"020911012","02","Caba","02091","Comuna 13",0,3,9,1,0,17,46,0,0,9,40,42,122,4,41,5,339
"020911013","02","Caba","02091","Comuna 13",0,2,9,0,0,12,41,0,1,10,53,44,102,10,62,5,351
"020911014","02","Caba","02091","Comuna 13",5,8,24,1,0,26,91,0,3,27,80,54,198,5,63,6,591
"020911015","02","Caba","02091","Comuna 13",4,3,13,0,0,19,67,0,2,8,50,42,119,8,34,1,370
"020911101","02","Caba","02091","Comuna 13",0,3,11,0,0,10,50,0,1,9,41,17,93,3,38,3,279
"020911102","02","Caba","02091","Comuna 13",0,6,21,0,0,20,84,2,2,17,70,47,186,9,72,9,545
"020911103","02","Caba","02091","Comuna 13",0,3,18,0,1,15,73,2,0,17,65,45,124,2,53,6,424
"020911104","02","Caba","02091","Comuna 13",0,4,15,0,2,20,91,0,1,9,60,32,97,3,38,5,377
"020911105","02","Caba","02091","Comuna 13",1,2,15,0,0,20,75,0,0,10,42,23,88,2,50,1,329
"020911106","02","Caba","02091","Comuna 13",1,7,24,0,0,37,122,0,2,17,77,79,199,3,98,6,672
"020911107","02","Caba","02091","Comuna 13",4,6,26,0,0,30,96,0,1,16,57,51,186,12,88,9,582
"020911201","02","Caba","02091","Comuna 13",2,5,28,0,0,26,75,0,0,13,79,51,147,9,82,0,517
"020911202","02","Caba","02091","Comuna 13",1,1,21,0,0,23,66,0,0,13,91,38,206,5,75,2,542
"020911203","02","Caba","02091","Comuna 13",13,6,11,0,0,24,54,0,0,5,53,29,132,7,51,4,389
"020911204","02","Caba","02091","Comuna 13",7,2,12,0,1,16,67,1,0,12,68,55,228,8,109,3,589
"020911205","02","Caba","02091","Comuna 13",0,4,28,0,0,25,120,1,0,22,86,74,380,8,168,6,922
"020911206","02","Caba","02091","Comuna 13",1,8,12,0,0,16,56,0,1,12,48,37,123,2,70,2,388
"020911207","02","Caba","02091","Comuna 13",0,8,45,2,0,65,114,1,2,16,50,45,140,11,71,7,577
"020911208","02","Caba","02091","Comuna 13",2,2,17,0,0,28,88,0,2,16,70,37,129,5,68,2,466
"020911209","02","Caba","02091","Comuna 13",2,10,17,1,1,29,112,0,3,21,103,64,258,11,140,12,784
"020911210","02","Caba","02091","Comuna 13",0,2,20,0,0,26,77,1,2,8,60,46,138,9,63,5,457
"020911301","02","Caba","02091","Comuna 13",0,2,23,0,0,26,108,0,1,14,72,66,224,4,114,11,665
"020911302","02","Caba","02091","Comuna 13",1,4,24,0,1,19,67,0,0,15,31,21,47,0,14,4,248
"020911303","02","Caba","02091","Comuna 13",0,1,25,0,0,39,111,0,1,17,71,56,157,7,52,2,539
"020911304","02","Caba","02091","Comuna 13",4,5,30,0,0,25,105,0,5,24,77,71,159,11,81,6,603
"020911305","02","Caba","02091","Comuna 13",3,5,37,1,1,40,107,0,5,15,99,75,144,5,57,10,604
"020911306","02","Caba","02091","Comuna 13",0,0,15,0,0,13,53,0,0,3,33,27,66,0,30,1,241
"020911307","02","Caba","02091","Comuna 13",1,5,10,0,1,26,88,1,1,26,59,54,192,8,61,4,537
"020911308","02","Caba","02091","Comuna 13",1,4,20,0,1,15,59,1,1,5,57,34,144,5,104,6,457
"020911309","02","Caba","02091","Comuna 13",4,1,11,0,1,11,54,0,1,14,56,39,183,6,84,11,476
"020911310","02","Caba","02091","Comuna 13",2,3,20,0,0,20,91,0,2,9,70,60,215,6,99,3,600
"020911311","02","Caba","02091","Comuna 13",0,1,15,0,0,16,61,1,1,6,27,43,149,2,68,5,395
"020911312","02","Caba","02091","Comuna 13",1,1,21,0,1,19,57,0,0,16,58,29,207,4,109,3,526
"020911313","02","Caba","02091","Comuna 13",0,2,18,0,0,10,59,0,0,5,50,36,134,3,45,2,364
"020911314","02","Caba","02091","Comuna 13",3,3,16,0,0,19,65,0,1,12,62,71,194,9,109,5,569
"020911315","02","Caba","02091","Comuna 13",1,2,14,0,2,17,57,0,2,13,59,45,186,7,88,3,496
"020911401","02","Caba","02091","Comuna 13",11,4,27,0,0,17,76,0,8,14,67,53,184,9,78,5,553
"020911402","02","Caba","02091","Comuna 13",3,3,11,0,0,10,47,0,1,5,36,21,74,2,36,0,249
"020911403","02","Caba","02091","Comuna 13",3,5,15,0,0,20,75,2,3,12,56,57,161,11,60,5,485
"020911404","02","Caba","02091","Comuna 13",5,5,11,0,0,17,93,1,0,15,54,48,163,4,95,4,515
"020911405","02","Caba","02091","Comuna 13",0,3,10,0,0,20,65,0,1,7,51,29,132,5,45,4,372
"020911406","02","Caba","02091","Comuna 13",0,3,16,0,1,29,80,0,1,15,81,52,233,8,100,3,622
"020911407","02","Caba","02091","Comuna 13",0,0,15,0,0,12,38,0,2,6,45,20,96,5,37,0,276
"020911408","02","Caba","02091","Comuna 13",3,0,20,0,1,15,66,0,3,8,71,44,146,9,61,4,451
"020911409","02","Caba","02091","Comuna 13",0,2,27,0,0,23,76,0,4,7,55,44,142,2,75,1,458
"020911410","02","Caba","02091","Comuna 13",12,1,20,0,0,18,76,0,1,11,77,28,211,2,86,9,552
"020911411","02","Caba","02091","Comuna 13",12,1,16,0,2,19,93,0,1,9,50,37,168,3,80,2,493
"020911501","02","Caba","02091","Comuna 13",2,2,25,0,0,31,94,0,2,12,90,53,143,6,71,7,538
"020911502","02","Caba","02091","Comuna 13",3,7,25,0,0,18,121,0,1,22,76,53,167,4,62,5,564
"020911503","02","Caba","02091","Comuna 13",19,7,30,1,1,22,95,0,8,16,71,61,158,6,59,6,560
"020911504","02","Caba","02091","Comuna 13",15,2,17,0,0,14,64,1,1,17,36,30,85,3,38,1,324
"020911505","02","Caba","02091","Comuna 13",0,6,28,0,0,22,120,0,3,17,93,72,214,14,104,10,703
"020911506","02","Caba","02091","Comuna 13",1,4,15,0,2,13,68,0,2,9,60,52,159,3,61,5,454
"020911507","02","Caba","02091","Comuna 13",22,5,17,0,1,26,91,1,8,19,99,53,163,8,77,3,593
"020911508","02","Caba","02091","Comuna 13",1,0,19,1,1,30,81,0,1,21,68,57,148,8,60,5,501
"020911509","02","Caba","02091","Comuna 13",4,7,29,0,0,40,118,0,3,31,82,70,210,12,78,5,689
"020911510","02","Caba","02091","Comuna 13",18,3,24,0,0,30,104,2,2,15,69,65,148,8,64,5,557
"020911511","02","Caba","02091","Comuna 13",32,5,24,1,0,30,92,1,9,19,64,53,173,13,86,3,605
"020911512","02","Caba","02091","Comuna 13",1,1,19,0,0,19,56,0,4,21,61,46,129,4,46,2,409
"020911601","02","Caba","02091","Comuna 13",1,14,37,0,0,33,123,0,1,20,125,88,222,4,89,8,765
"020911602","02","Caba","02091","Comuna 13",2,7,37,0,0,43,117,1,3,20,90,55,192,6,61,4,638
"020911603","02","Caba","02091","Comuna 13",0,6,35,1,0,28,103,0,0,18,64,41,142,6,44,6,494
"020911604","02","Caba","02091","Comuna 13",4,0,23,0,0,23,106,0,1,11,88,61,170,10,52,6,555
"020911605","02","Caba","02091","Comuna 13",5,2,14,1,1,20,76,0,0,17,57,35,97,3,45,3,376
"020911606","02","Caba","02091","Comuna 13",2,7,19,0,1,32,107,1,3,11,58,47,109,3,43,2,445
"020911607","02","Caba","02091","Comuna 13",9,10,23,0,0,31,126,1,2,16,73,56,200,4,69,8,628
"020911608","02","Caba","02091","Comuna 13",11,4,33,0,0,25,97,0,1,8,54,58,170,6,66,5,538
"020911609","02","Caba","02091","Comuna 13",4,1,31,0,1,20,83,0,1,18,62,44,185,11,67,3,531
"020911610","02","Caba","02091","Comuna 13",6,7,21,0,0,31,102,0,4,13,80,54,170,12,67,7,574
"020911611","02","Caba","02091","Comuna 13",2,2,39,0,0,27,94,0,7,17,87,44,190,4,58,4,575
"020911612","02","Caba","02091","Comuna 13",8,5,12,0,0,27,96,1,2,21,77,54,166,5,67,1,542
"020911613","02","Caba","02091","Comuna 13",1,2,22,0,0,11,54,0,3,13,58,37,123,5,43,2,374
"020911701","02","Caba","02091","Comuna 13",0,4,24,0,0,19,114,0,3,15,62,59,191,9,70,3,573
"020911702","02","Caba","02091","Comuna 13",0,4,7,0,0,19,39,0,3,17,44,39,115,6,56,3,352
"020911703","02","Caba","02091","Comuna 13",3,9,40,0,1,41,128,0,6,32,84,88,256,20,97,4,809
"020911704","02","Caba","02091","Comuna 13",1,5,16,0,0,12,54,0,1,9,65,48,131,5,55,1,403
"020911705","02","Caba","02091","Comuna 13",0,8,25,0,0,41,101,0,3,34,92,73,187,8,78,13,663
"020911706","02","Caba","02091","Comuna 13",0,0,16,0,0,16,74,0,2,15,102,68,179,5,82,3,562
"020911707","02","Caba","02091","Comuna 13",0,2,25,1,0,15,87,0,0,21,86,82,223,10,100,1,653
"020911708","02","Caba","02091","Comuna 13",0,5,14,0,2,16,82,0,3,17,58,58,153,4,58,3,473
"020911709","02","Caba","02091","Comuna 13",2,5,43,0,0,34,127,0,3,23,94,82,251,9,114,5,792
"020911710","02","Caba","02091","Comuna 13",1,7,18,0,4,28,126,0,7,30,70,81,240,2,118,1,733
"020911711","02","Caba","02091","Comuna 13",2,8,12,0,0,24,63,0,1,17,66,52,160,4,71,2,482
"020911712","02","Caba","02091","Comuna 13",0,4,23,0,1,19,84,0,2,8,51,37,135,9,44,4,421
"020911713","02","Caba","02091","Comuna 13",1,6,27,0,0,27,122,0,1,18,88,73,268,4,91,2,728
"020911801","02","Caba","02091","Comuna 13",3,2,31,0,0,44,102,0,3,19,76,83,192,13,84,3,655
"020911802","02","Caba","02091","Comuna 13",24,6,33,0,2,30,99,0,7,18,71,46,135,7,61,5,544
"020911803","02","Caba","02091","Comuna 13",46,11,38,1,0,45,122,1,5,10,88,70,184,7,67,3,698
"020911804","02","Caba","02091","Comuna 13",27,9,20,0,1,40,87,3,1,17,66,58,131,8,58,4,530
"020911805","02","Caba","02091","Comuna 13",9,0,14,0,3,16,63,0,1,10,52,68,172,8,88,5,509
"020911806","02","Caba","02091","Comuna 13",16,4,26,0,0,24,65,0,0,14,53,42,152,3,54,5,458
"020911807","02","Caba","02091","Comuna 13",5,3,19,1,1,25,64,3,1,13,58,78,198,5,100,5,579
"020911808","02","Caba","02091","Comuna 13",19,9,14,0,0,15,94,2,2,14,63,52,168,6,76,3,537
"020911809","02","Caba","02091","Comuna 13",3,5,14,0,0,7,46,0,0,4,34,34,99,4,68,1,319
"020911810","02","Caba","02091","Comuna 13",25,4,19,0,1,12,59,0,2,10,57,43,203,12,91,5,543
"020911901","02","Caba","02091","Comuna 13",3,3,15,1,0,31,100,0,0,17,68,55,197,8,82,3,583
"020911902","02","Caba","02091","Comuna 13",3,9,24,0,0,37,95,0,2,16,80,87,222,7,88,3,673
"020911903","02","Caba","02091","Comuna 13",3,6,23,0,1,19,74,0,1,11,72,54,174,9,75,6,528
"020911904","02","Caba","02091","Comuna 13",0,3,14,0,0,15,72,0,2,9,60,41,155,4,74,1,450
"020911905","02","Caba","02091","Comuna 13",0,6,20,0,1,16,78,1,0,21,75,44,209,9,97,3,580
"020911906","02","Caba","02091","Comuna 13",0,1,10,0,1,20,65,1,1,17,57,39,88,5,33,1,339
"020911907","02","Caba","02091","Comuna 13",1,3,11,2,0,17,56,1,0,15,62,32,127,6,69,4,406
"020911908","02","Caba","02091","Comuna 13",0,3,18,0,1,12,55,1,1,16,60,57,140,7,95,3,469
"020911909","02","Caba","02091","Comuna 13",0,7,20,0,0,17,63,0,4,19,73,52,167,5,47,5,479
"020911910","02","Caba","02091","Comuna 13",2,6,11,0,0,25,107,0,0,15,86,54,251,10,122,5,694
"020911911","02","Caba","02091","Comuna 13",0,0,10,0,0,13,39,1,1,6,33,27,77,1,29,1,238
"020911912","02","Caba","02091","Comuna 13",0,3,8,0,1,18,65,1,1,14,66,51,152,8,81,7,476
"020912001","02","Caba","02091","Comuna 13",3,1,16,1,3,19,79,0,1,10,55,55,175,7,68,1,494
"020912002","02","Caba","02091","Comuna 13",17,6,35,0,3,33,105,0,2,18,87,59,203,11,92,2,673
"020912003","02","Caba","02091","Comuna 13",9,2,20,0,1,11,53,1,3,17,47,35,117,9,40,4,369
"020912004","02","Caba","02091","Comuna 13",6,5,17,0,0,21,95,0,0,23,51,53,158,14,72,3,518
"020912005","02","Caba","02091","Comuna 13",2,4,19,0,0,16,64,0,0,6,75,37,133,5,61,7,429
"020912006","02","Caba","02091","Comuna 13",9,5,37,0,1,33,102,0,1,21,107,82,206,12,98,4,718
"020912007","02","Caba","02091","Comuna 13",11,3,26,0,1,14,75,0,1,11,84,44,205,13,64,5,557
"020912008","02","Caba","02091","Comuna 13",7,3,29,0,1,24,89,1,0,24,81,71,228,14,86,1,659
"020912009","02","Caba","02091","Comuna 13",2,7,19,0,1,17,79,0,1,12,63,37,154,4,65,4,465
"020912010","02","Caba","02091","Comuna 13",3,5,21,0,1,18,78,0,2,8,59,44,142,9,57,1,448
"020912011","02","Caba","02091","Comuna 13",4,5,13,0,0,22,73,0,1,15,54,50,135,6,62,6,446
"020912012","02","Caba","02091","Comuna 13",1,7,22,0,0,25,81,0,4,7,75,65,166,8,52,4,517
"020912101","02","Caba","02091","Comuna 13",0,4,19,0,1,18,68,0,2,9,58,45,184,6,61,2,477
"020912102","02","Caba","02091","Comuna 13",2,2,13,0,0,8,45,1,1,5,41,29,80,4,40,0,271
"020912103","02","Caba","02091","Comuna 13",7,2,10,0,2,7,52,3,1,13,54,50,149,5,76,3,434
"020912104","02","Caba","02091","Comuna 13",3,1,12,0,0,15,71,0,1,14,52,58,220,8,82,3,540
"020912105","02","Caba","02091","Comuna 13",3,2,16,0,0,27,88,1,1,9,61,47,200,6,80,6,547
"020912106","02","Caba","02091","Comuna 13",11,3,16,1,0,23,95,1,2,21,73,49,186,7,101,7,596
"020912107","02","Caba","02091","Comuna 13",0,7,27,0,0,28,110,0,0,17,95,79,321,19,142,4,849
"020912108","02","Caba","02091","Comuna 13",0,5,16,0,0,18,60,0,3,14,67,52,205,7,86,4,537
"020912109","02","Caba","02091","Comuna 13",5,4,30,1,2,31,113,2,2,19,101,67,279,11,144,5,816
"020912110","02","Caba","02091","Comuna 13",0,7,15,0,1,17,76,1,2,8,66,41,261,8,100,6,609
"020912201","02","Caba","02091","Comuna 13",4,6,21,0,0,24,90,0,1,19,88,75,237,7,122,6,700
"020912202","02","Caba","02091","Comuna 13",4,5,14,0,0,18,52,1,1,10,46,31,120,11,84,3,400
"020912203","02","Caba","02091","Comuna 13",2,1,18,0,1,16,58,0,0,10,42,42,151,3,59,5,408
"020912204","02","Caba","02091","Comuna 13",2,5,20,0,1,13,88,0,0,11,58,39,229,6,101,2,575
"020912205","02","Caba","02091","Comuna 13",9,5,31,0,0,26,111,0,2,10,70,58,303,11,143,11,790
"020912206","02","Caba","02091","Comuna 13",9,4,22,0,3,20,79,0,2,15,88,65,281,5,154,12,759
"020912207","02","Caba","02091","Comuna 13",6,2,20,2,0,23,96,0,0,25,79,81,305,6,130,5,780
"020912208","02","Caba","02091","Comuna 13",4,3,31,0,1,28,86,1,1,17,89,57,280,11,111,5,725
"020912209","02","Caba","02091","Comuna 13",5,4,23,0,0,20,72,2,2,19,61,45,172,5,96,7,533
"020912301","02","Caba","02091","Comuna 13",2,9,27,0,0,35,68,0,2,26,75,60,174,5,81,5,569
"020912302","02","Caba","02091","Comuna 13",0,3,14,0,0,17,61,1,4,8,60,60,119,5,63,1,416
"020912303","02","Caba","02091","Comuna 13",9,4,31,0,2,42,113,0,4,17,116,98,292,7,133,5,873
"020912304","02","Caba","02091","Comuna 13",0,3,21,0,0,26,67,0,4,15,66,42,130,10,55,4,443
"020912305","02","Caba","02091","Comuna 13",1,3,14,0,0,22,67,1,0,7,53,41,137,10,51,4,411
"020912306","02","Caba","02091","Comuna 13",5,8,34,0,4,36,118,0,4,17,86,67,165,7,80,4,635
"020912307","02","Caba","02091","Comuna 13",1,4,21,0,1,12,63,0,2,4,54,49,119,11,53,0,394
"020912308","02","Caba","02091","Comuna 13",5,8,22,0,1,36,129,0,3,29,127,68,243,10,75,9,765
"020912309","02","Caba","02091","Comuna 13",24,11,25,1,1,23,107,1,2,16,106,68,257,6,120,6,774
"020912310","02","Caba","02091","Comuna 13",1,2,21,0,0,16,67,1,0,12,42,39,117,4,42,1,365
"020912311","02","Caba","02091","Comuna 13",1,3,29,2,0,27,99,1,2,19,101,73,197,12,82,8,656
"020912312","02","Caba","02091","Comuna 13",1,0,20,0,0,19,55,1,0,8,54,28,89,6,55,0,336
"020912401","02","Caba","02091","Comuna 13",1,2,26,0,0,19,48,0,3,9,55,42,118,6,52,2,383
"020912402","02","Caba","02091","Comuna 13",0,1,11,0,0,8,54,0,2,8,61,39,152,8,70,2,416
"020912403","02","Caba","02091","Comuna 13",1,4,17,0,0,34,93,0,0,17,72,55,150,3,59,4,509
"020912404","02","Caba","02091","Comuna 13",3,3,29,0,0,20,84,0,1,9,92,70,188,5,87,4,595
"020912405","02","Caba","02091","Comuna 13",2,6,23,0,1,35,80,0,2,18,65,42,147,2,61,1,485
"020912406","02","Caba","02091","Comuna 13",3,6,35,0,0,39,98,0,2,21,85,56,147,4,60,8,564
"020912407","02","Caba","02091","Comuna 13",2,7,28,0,0,28,86,0,0,19,93,54,143,5,61,3,529
"020912408","02","Caba","02091","Comuna 13",1,6,28,1,0,50,95,0,0,12,96,52,190,12,75,3,621
"020912409","02","Caba","02091","Comuna 13",0,6,27,0,0,31,102,0,0,26,102,63,209,10,97,4,677
"020912410","02","Caba","02091","Comuna 13",3,2,21,0,0,22,73,0,0,22,74,51,172,4,66,3,513
"020912501","02","Caba","02091","Comuna 13",0,4,27,0,0,16,62,0,2,8,57,26,125,4,59,2,392
"020912502","02","Caba","02091","Comuna 13",0,4,29,0,0,29,71,0,0,13,54,43,129,6,58,4,440
"020912503","02","Caba","02091","Comuna 13",0,6,31,0,1,35,109,0,1,25,91,65,153,8,60,2,587
"020912504","02","Caba","02091","Comuna 13",13,7,23,0,2,34,90,1,2,15,83,72,129,8,39,1,519
"020912505","02","Caba","02091","Comuna 13",1,4,13,0,0,27,63,1,2,11,50,35,104,5,38,1,355
"020912506","02","Caba","02091","Comuna 13",9,6,20,0,0,26,62,0,2,16,77,81,116,6,63,2,486
"020912507","02","Caba","02091","Comuna 13",1,6,48,1,0,76,206,2,1,34,132,96,203,8,82,4,900
"020912508","02","Caba","02091","Comuna 13",29,5,49,0,0,49,139,0,4,25,101,67,182,5,72,5,732
"020912601","02","Caba","02091","Comuna 13",3,7,23,0,0,52,120,2,1,18,78,77,163,13,90,2,649
"020912602","02","Caba","02091","Comuna 13",21,3,32,0,0,43,104,1,6,15,97,61,173,7,54,3,620
"020912603","02","Caba","02091","Comuna 13",16,3,14,1,0,22,77,0,3,12,66,43,146,5,77,1,486
"020912604","02","Caba","02091","Comuna 13",4,7,30,1,0,48,108,1,4,29,73,64,154,6,69,2,600
"020912605","02","Caba","02091","Comuna 13",5,3,21,0,0,20,79,1,1,27,62,47,116,9,55,2,448
"020912606","02","Caba","02091","Comuna 13",2,2,19,0,0,31,53,0,1,23,38,35,83,4,27,2,320
"020912607","02","Caba","02091","Comuna 13",2,5,18,0,0,28,68,0,2,6,47,48,130,7,37,3,401
"020912608","02","Caba","02091","Comuna 13",5,6,23,0,1,33,66,0,3,19,57,28,69,1,29,0,340
"020912609","02","Caba","02091","Comuna 13",2,6,21,1,2,35,51,1,1,15,42,59,113,4,42,1,396
"020912610","02","Caba","02091","Comuna 13",5,4,39,1,1,40,111,1,5,17,101,58,166,9,50,7,615
"020912611","02","Caba","02091","Comuna 13",0,3,18,0,0,40,95,1,5,16,52,47,121,5,45,1,449
"020912701","02","Caba","02091","Comuna 13",1,3,6,0,0,15,48,0,0,9,55,24,105,4,45,3,318
"020912702","02","Caba","02091","Comuna 13",0,6,20,0,0,19,69,0,2,16,72,53,195,6,90,3,551
"020912703","02","Caba","02091","Comuna 13",1,3,30,0,0,32,132,1,3,15,93,60,215,12,81,1,679
"020912704","02","Caba","02091","Comuna 13",8,3,21,0,0,13,61,3,6,24,60,44,164,15,66,4,492
"020912705","02","Caba","02091","Comuna 13",0,2,14,0,0,16,47,0,0,21,65,55,159,6,53,0,438
"020912706","02","Caba","02091","Comuna 13",4,13,39,0,0,36,118,2,0,25,85,90,204,12,90,5,723
"020912707","02","Caba","02091","Comuna 13",0,1,15,0,1,8,26,0,1,6,24,28,101,8,35,4,258
"020912708","02","Caba","02091","Comuna 13",0,3,32,0,0,27,77,0,1,11,67,48,162,4,66,1,499
"020912709","02","Caba","02091","Comuna 13",2,4,21,0,2,23,98,1,3,10,87,85,188,7,71,2,604
"020912710","02","Caba","02091","Comuna 13",0,4,4,0,2,7,46,0,0,14,55,28,100,3,41,2,306
"020912711","02","Caba","02091","Comuna 13",3,3,16,0,1,14,53,1,3,10,58,44,133,4,44,2,389
"020912801","02","Caba","02091","Comuna 13",23,14,23,1,0,33,85,0,2,28,45,39,113,4,51,3,464
"020912802","02","Caba","02091","Comuna 13",17,1,16,0,0,15,52,0,3,8,42,38,102,3,27,1,325
"020912803","02","Caba","02091","Comuna 13",9,9,29,0,0,21,66,1,0,15,56,46,150,8,52,3,465
"020912804","02","Caba","02091","Comuna 13",25,4,15,0,1,29,57,0,1,9,52,41,78,5,32,1,350
"020912805","02","Caba","02091","Comuna 13",11,7,29,0,0,23,86,0,2,12,57,47,123,7,57,2,463
"020912806","02","Caba","02091","Comuna 13",1,2,30,0,0,25,79,0,1,15,85,69,212,7,76,3,605
"020912807","02","Caba","02091","Comuna 13",26,2,21,0,0,29,68,0,3,20,88,57,177,7,63,4,565
"020912808","02","Caba","02091","Comuna 13",5,9,29,1,0,26,98,1,3,18,98,60,246,18,98,5,715
"020912809","02","Caba","02091","Comuna 13",1,4,21,0,1,22,93,0,0,24,87,52,188,16,82,2,593
"020912810","02","Caba","02091","Comuna 13",0,0,25,0,1,15,76,0,2,16,78,36,125,8,57,1,440
"020912901","02","Caba","02091","Comuna 13",0,7,11,0,0,29,70,0,2,6,66,40,82,7,42,4,366
"020912902","02","Caba","02091","Comuna 13",0,3,38,0,0,38,104,0,3,14,65,37,117,4,36,2,461
"020912903","02","Caba","02091","Comuna 13",6,5,29,1,2,23,61,0,5,14,52,43,107,8,26,1,383
"020912904","02","Caba","02091","Comuna 13",5,6,25,0,0,29,104,0,2,20,80,47,144,4,51,7,524
"020912905","02","Caba","02091","Comuna 13",0,2,17,0,0,21,55,0,3,12,50,39,117,1,51,5,373
"020912906","02","Caba","02091","Comuna 13",3,5,17,0,0,27,82,0,4,23,96,59,145,5,61,5,532
"020912907","02","Caba","02091","Comuna 13",0,8,36,0,0,34,83,1,1,29,87,78,157,5,63,4,586
"020912908","02","Caba","02091","Comuna 13",7,6,40,0,2,44,130,0,3,30,124,85,225,5,94,5,800
"020912909","02","Caba","02091","Comuna 13",0,3,27,0,0,51,128,1,1,21,50,43,82,2,23,5,437
"020912910","02","Caba","02091","Comuna 13",2,2,12,0,0,30,113,0,0,11,56,30,61,3,16,1,337
"020912911","02","Caba","02091","Comuna 13",5,4,31,0,1,50,78,1,1,24,66,35,127,7,62,2,494
"020980101","02","Caba","02098","Comuna 14",26,2,12,0,1,10,53,0,1,8,30,33,85,4,39,2,306
"020980102","02","Caba","02098","Comuna 14",4,1,10,0,0,13,37,0,1,6,39,30,64,1,30,0,236
"020980103","02","Caba","02098","Comuna 14",9,3,17,1,0,29,75,5,13,17,51,61,176,10,67,3,537
"020980104","02","Caba","02098","Comuna 14",7,2,10,0,0,12,56,0,1,13,63,43,197,9,107,4,524
"020980105","02","Caba","02098","Comuna 14",12,8,22,0,0,30,113,0,5,18,70,62,262,13,100,4,719
"020980106","02","Caba","02098","Comuna 14",5,4,16,0,1,19,77,0,4,9,71,58,224,14,100,7,609
"020980107","02","Caba","02098","Comuna 14",3,5,21,0,0,13,73,1,2,4,59,45,188,10,85,4,513
"020980108","02","Caba","02098","Comuna 14",8,7,19,0,0,15,75,0,1,7,57,47,202,5,81,4,528
"020980109","02","Caba","02098","Comuna 14",1,5,22,0,0,17,64,0,3,12,69,39,182,5,85,2,506
"020980110","02","Caba","02098","Comuna 14",1,8,20,0,1,25,86,0,2,29,83,72,298,4,132,8,769
"020980201","02","Caba","02098","Comuna 14",0,2,17,0,1,28,81,0,1,15,68,65,240,11,125,5,659
"020980202","02","Caba","02098","Comuna 14",27,3,16,3,0,14,38,0,4,10,51,49,138,9,39,3,404
"020980203","02","Caba","02098","Comuna 14",15,3,35,0,0,26,85,1,2,18,74,69,279,5,114,5,731
"020980204","02","Caba","02098","Comuna 14",1,9,12,1,0,10,57,4,4,8,51,46,145,9,78,1,436
"020980205","02","Caba","02098","Comuna 14",7,2,14,1,2,34,69,2,10,14,81,54,166,7,69,3,535
"020980206","02","Caba","02098","Comuna 14",9,4,9,0,0,10,57,1,3,10,38,40,154,4,60,8,407
"020980207","02","Caba","02098","Comuna 14",4,8,15,0,1,16,62,2,0,8,75,49,128,6,64,1,439
"020980208","02","Caba","02098","Comuna 14",14,3,21,0,0,22,79,0,1,20,82,57,167,6,93,2,567
"020980209","02","Caba","02098","Comuna 14",14,7,25,1,1,17,102,1,2,37,91,58,206,6,106,0,674
"020980210","02","Caba","02098","Comuna 14",5,3,38,0,0,24,121,0,5,20,104,72,282,7,90,10,781
"020980301","02","Caba","02098","Comuna 14",5,5,33,0,2,41,158,0,2,28,146,83,352,11,170,7,1043
"020980302","02","Caba","02098","Comuna 14",1,2,10,0,0,10,64,0,0,7,46,39,127,6,74,3,389
"020980303","02","Caba","02098","Comuna 14",3,11,36,0,1,28,80,0,5,11,58,38,121,5,48,1,446
"020980304","02","Caba","02098","Comuna 14",12,7,20,0,0,24,92,1,1,8,62,45,169,5,95,7,548
"020980305","02","Caba","02098","Comuna 14",17,3,38,1,0,30,128,1,8,18,76,75,203,8,99,6,711
"020980306","02","Caba","02098","Comuna 14",2,1,12,1,0,16,65,0,1,5,54,37,148,3,55,8,408
"020980307","02","Caba","02098","Comuna 14",5,2,24,0,1,20,78,1,0,11,60,38,148,7,56,3,454
"020980308","02","Caba","02098","Comuna 14",10,12,39,0,1,45,102,1,3,19,89,63,183,11,73,5,656
"020980309","02","Caba","02098","Comuna 14",0,2,33,0,0,17,94,0,4,13,78,77,196,7,102,5,628
"020980310","02","Caba","02098","Comuna 14",2,2,18,0,0,14,81,0,2,12,59,46,158,6,78,9,487
"020980311","02","Caba","02098","Comuna 14",0,6,20,0,1,25,97,0,0,15,61,47,163,6,73,4,518
"020980312","02","Caba","02098","Comuna 14",2,1,13,0,0,16,66,0,3,10,53,49,158,3,51,3,428
"020980401","02","Caba","02098","Comuna 14",2,1,10,0,2,11,62,0,2,10,65,46,172,3,69,3,458
"020980402","02","Caba","02098","Comuna 14",0,4,11,0,0,13,65,0,1,8,39,26,115,3,70,2,357
"020980403","02","Caba","02098","Comuna 14",0,4,8,0,0,7,53,0,1,14,33,32,182,6,67,1,408
"020980404","02","Caba","02098","Comuna 14",0,2,13,0,0,18,70,0,3,10,62,36,150,7,70,0,441
"020980405","02","Caba","02098","Comuna 14",1,2,15,0,0,20,62,0,2,8,56,40,147,4,82,4,443
"020980406","02","Caba","02098","Comuna 14",1,4,22,0,0,24,111,0,2,15,85,60,233,11,99,3,670
"020980407","02","Caba","02098","Comuna 14",4,2,12,0,0,19,83,0,5,21,99,75,236,9,83,3,651
"020980408","02","Caba","02098","Comuna 14",6,7,20,0,0,34,102,0,7,27,98,90,304,16,151,4,866
"020980409","02","Caba","02098","Comuna 14",4,4,23,0,0,30,103,0,4,13,67,60,189,8,82,7,594
"020980410","02","Caba","02098","Comuna 14",5,8,35,1,0,65,161,0,5,40,168,159,446,13,162,8,1276
"020980501","02","Caba","02098","Comuna 14",2,8,36,0,0,36,87,0,0,15,38,38,70,3,24,6,363
"020980502","02","Caba","02098","Comuna 14",2,3,28,0,0,34,97,0,1,26,78,74,98,2,44,7,494
"020980503","02","Caba","02098","Comuna 14",1,7,29,0,1,25,88,1,2,16,90,74,215,13,100,5,667
"020980504","02","Caba","02098","Comuna 14",0,4,11,0,0,15,69,0,3,9,53,33,114,7,38,3,359
"020980505","02","Caba","02098","Comuna 14",0,7,25,0,1,22,94,1,7,18,94,79,197,9,67,7,628
"020980506","02","Caba","02098","Comuna 14",0,0,13,0,0,15,77,0,3,13,50,41,140,11,52,1,416
"020980507","02","Caba","02098","Comuna 14",0,0,13,0,0,17,45,0,2,13,43,41,141,12,77,3,407
"020980508","02","Caba","02098","Comuna 14",2,3,15,0,0,18,38,0,2,8,47,60,174,10,62,4,443
"020980509","02","Caba","02098","Comuna 14",1,6,12,0,1,10,97,0,0,16,90,76,300,11,163,1,784
"020980510","02","Caba","02098","Comuna 14",1,2,26,0,0,30,99,1,6,30,98,75,256,14,143,8,789
"020980601","02","Caba","02098","Comuna 14",3,5,10,0,0,11,53,0,2,13,32,30,86,13,39,1,298
"020980602","02","Caba","02098","Comuna 14",8,3,13,0,0,21,45,0,1,15,47,28,105,11,44,2,343
"020980603","02","Caba","02098","Comuna 14",1,5,28,0,0,33,117,1,5,31,86,85,250,16,115,3,776
"020980604","02","Caba","02098","Comuna 14",0,5,23,0,0,34,96,2,5,20,74,69,209,14,107,5,663
"020980605","02","Caba","02098","Comuna 14",2,4,20,0,1,29,91,0,0,20,62,61,160,5,57,5,517
"020980606","02","Caba","02098","Comuna 14",4,10,49,0,1,42,122,0,3,24,91,75,231,16,120,4,792
"020980607","02","Caba","02098","Comuna 14",0,7,32,0,0,30,90,1,0,17,55,60,141,11,78,7,529
"020980608","02","Caba","02098","Comuna 14",3,5,21,0,0,20,62,0,1,9,58,39,116,4,50,2,390
"020980609","02","Caba","02098","Comuna 14",1,6,23,0,3,30,72,0,1,10,63,63,144,15,71,4,506
"020980610","02","Caba","02098","Comuna 14",1,3,13,0,0,27,59,3,0,11,50,42,91,4,40,3,347
"020980611","02","Caba","02098","Comuna 14",0,3,12,0,0,11,40,0,0,5,28,28,99,5,64,1,296
"020980612","02","Caba","02098","Comuna 14",0,3,12,0,0,12,36,0,1,18,31,34,158,1,80,2,388
"020980613","02","Caba","02098","Comuna 14",10,2,14,0,0,17,47,0,8,9,58,44,143,9,60,1,422
"020980701","02","Caba","02098","Comuna 14",2,3,12,0,0,13,45,0,1,15,38,46,91,4,45,4,319
"020980702","02","Caba","02098","Comuna 14",5,2,18,0,0,15,27,0,4,8,36,40,121,5,68,0,349
"020980703","02","Caba","02098","Comuna 14",2,7,37,0,1,49,116,0,6,13,73,57,192,14,72,6,645
"020980704","02","Caba","02098","Comuna 14",2,2,17,0,0,22,70,0,6,12,78,65,260,13,93,4,644
"020980705","02","Caba","02098","Comuna 14",0,10,35,0,2,35,72,0,3,24,62,49,145,4,55,3,499
"020980706","02","Caba","02098","Comuna 14",11,12,40,0,0,42,115,1,1,17,51,54,106,5,53,6,514
"020980707","02","Caba","02098","Comuna 14",12,11,21,0,1,27,62,3,6,13,68,59,123,3,57,9,475
"020980708","02","Caba","02098","Comuna 14",6,5,26,0,0,20,83,0,2,8,53,46,103,10,50,5,417
"020980709","02","Caba","02098","Comuna 14",1,6,20,0,0,39,91,0,2,18,59,39,111,1,39,6,432
"020980710","02","Caba","02098","Comuna 14",5,3,16,0,0,18,49,0,4,15,44,38,77,3,41,5,318
"020980711","02","Caba","02098","Comuna 14",10,1,15,0,0,20,38,0,2,14,39,40,73,3,51,1,307
"020980712","02","Caba","02098","Comuna 14",6,4,20,0,1,28,56,0,2,11,47,31,116,6,40,5,373
"020980713","02","Caba","02098","Comuna 14",4,2,14,0,0,14,24,0,2,15,27,43,96,7,55,4,307
"020980714","02","Caba","02098","Comuna 14",4,1,4,0,0,13,38,1,2,6,45,30,75,2,35,1,257
"020980715","02","Caba","02098","Comuna 14",1,2,9,0,0,12,36,0,1,8,34,34,76,7,27,0,247
"020980716","02","Caba","02098","Comuna 14",1,2,9,0,0,12,31,0,0,10,24,26,59,4,34,4,216
"020980801","02","Caba","02098","Comuna 14",1,2,8,0,0,11,34,0,2,5,32,32,62,1,27,4,221
"020980802","02","Caba","02098","Comuna 14",1,0,6,0,1,9,32,0,1,10,40,27,119,11,57,1,315
"020980803","02","Caba","02098","Comuna 14",0,5,5,0,0,17,37,0,0,5,34,31,87,2,39,1,263
"020980804","02","Caba","02098","Comuna 14",1,8,24,2,1,27,69,2,3,13,43,55,96,2,54,5,405
"020980805","02","Caba","02098","Comuna 14",3,8,26,1,0,37,141,0,2,28,120,106,234,7,84,8,805
"020980806","02","Caba","02098","Comuna 14",2,9,39,0,1,48,138,2,2,20,102,86,200,10,94,7,760
"020980807","02","Caba","02098","Comuna 14",0,5,35,0,0,30,78,1,1,17,39,48,122,1,38,2,417
"020980808","02","Caba","02098","Comuna 14",1,8,30,0,2,28,95,2,3,18,80,63,164,13,61,3,571
"020980809","02","Caba","02098","Comuna 14",0,6,26,0,3,25,85,0,3,16,57,60,118,5,44,5,453
"020980810","02","Caba","02098","Comuna 14",1,1,7,0,1,12,33,0,2,4,23,33,103,4,45,0,269
"020980811","02","Caba","02098","Comuna 14",0,3,6,0,0,6,37,0,1,7,39,35,145,2,80,4,365
"020980812","02","Caba","02098","Comuna 14",0,2,5,0,0,10,18,0,1,8,29,25,95,5,31,1,230
"020980813","02","Caba","02098","Comuna 14",2,2,7,0,0,9,26,0,2,14,18,21,99,6,49,5,260
"020980814","02","Caba","02098","Comuna 14",1,4,12,0,0,16,46,0,0,2,20,18,71,5,30,2,227
"020980815","02","Caba","02098","Comuna 14",0,0,6,0,0,11,26,0,2,6,35,44,131,4,70,1,336
"020980901","02","Caba","02098","Comuna 14",4,6,15,0,1,18,66,1,4,16,87,62,192,13,84,4,573
"020980902","02","Caba","02098","Comuna 14",9,4,31,0,0,12,47,1,7,9,43,44,126,9,62,3,407
"020980903","02","Caba","02098","Comuna 14",3,2,11,0,0,15,80,0,4,11,38,41,123,7,73,2,410
"020980904","02","Caba","02098","Comuna 14",3,6,22,0,0,33,130,1,10,25,127,70,264,18,131,6,846
"020980905","02","Caba","02098","Comuna 14",5,2,13,0,0,14,54,0,4,13,33,29,95,2,28,5,297
"020980906","02","Caba","02098","Comuna 14",3,0,25,0,1,30,97,0,3,20,73,42,159,9,76,8,546
"020980907","02","Caba","02098","Comuna 14",0,2,17,0,3,17,62,0,0,17,50,42,149,7,58,8,432
"020980908","02","Caba","02098","Comuna 14",0,6,21,0,0,27,67,0,2,16,68,53,171,10,88,7,536
"020980909","02","Caba","02098","Comuna 14",4,4,30,0,0,30,82,0,1,11,69,64,230,11,106,3,645
"020980910","02","Caba","02098","Comuna 14",3,7,25,0,0,26,71,0,2,22,59,35,208,10,107,5,580
"020980911","02","Caba","02098","Comuna 14",1,1,9,0,0,16,48,0,1,6,49,41,146,7,75,2,402
"020980912","02","Caba","02098","Comuna 14",4,4,27,1,1,22,102,1,5,11,91,64,185,8,114,5,645
"020980913","02","Caba","02098","Comuna 14",1,4,12,0,0,8,78,0,4,21,72,59,217,11,80,1,568
"020980914","02","Caba","02098","Comuna 14",0,0,12,0,1,9,50,0,1,17,48,41,179,9,84,2,453
"020980915","02","Caba","02098","Comuna 14",0,2,15,0,1,27,49,0,1,7,68,57,174,4,78,3,486
"020980916","02","Caba","02098","Comuna 14",3,2,12,0,0,15,34,0,4,8,22,24,78,1,23,3,229
"020981001","02","Caba","02098","Comuna 14",0,2,10,0,0,12,15,0,0,0,8,10,15,0,13,1,86
"020981002","02","Caba","02098","Comuna 14",0,0,3,0,0,2,9,0,0,0,2,2,2,2,4,0,26
"020981101","02","Caba","02098","Comuna 14",0,2,22,0,2,35,134,0,4,17,77,59,307,5,150,0,814
"020981102","02","Caba","02098","Comuna 14",1,2,9,1,0,7,33,0,0,12,29,20,114,1,41,1,271
"020981103","02","Caba","02098","Comuna 14",2,1,28,0,0,20,91,0,1,7,45,53,228,9,99,8,592
"020981104","02","Caba","02098","Comuna 14",1,8,30,0,2,27,95,0,1,18,69,52,190,4,81,6,584
"020981105","02","Caba","02098","Comuna 14",0,7,17,0,0,23,84,1,3,17,61,59,242,12,115,8,649
"020981106","02","Caba","02098","Comuna 14",2,5,30,0,0,23,115,0,2,16,44,44,235,5,94,3,618
"020981107","02","Caba","02098","Comuna 14",3,2,21,0,0,29,58,0,1,15,60,48,143,12,93,3,488
"020981108","02","Caba","02098","Comuna 14",2,10,23,0,0,29,115,0,5,25,87,91,279,9,167,9,851
"020981109","02","Caba","02098","Comuna 14",5,3,23,0,2,32,88,1,1,18,64,58,165,15,83,4,562
"020981110","02","Caba","02098","Comuna 14",0,5,20,0,1,26,53,0,1,12,36,32,97,4,39,3,329
"020981111","02","Caba","02098","Comuna 14",0,3,20,0,0,24,67,0,2,10,45,34,125,7,38,2,377
"020981112","02","Caba","02098","Comuna 14",1,3,15,0,0,25,93,0,3,23,54,58,214,13,78,9,589
"020981113","02","Caba","02098","Comuna 14",0,3,6,0,0,10,29,0,1,8,25,25,81,1,25,0,214
"020981114","02","Caba","02098","Comuna 14",1,5,11,0,0,10,84,0,2,6,37,52,128,6,47,3,392
"020981115","02","Caba","02098","Comuna 14",0,1,5,0,1,7,53,0,1,6,39,32,153,3,60,4,365
"020981116","02","Caba","02098","Comuna 14",0,0,10,0,1,6,28,1,1,6,31,19,91,6,49,2,251
"020981117","02","Caba","02098","Comuna 14",1,1,7,0,0,2,39,0,0,9,27,20,111,3,56,1,277
"020981201","02","Caba","02098","Comuna 14",1,9,31,0,2,34,70,0,0,13,44,37,118,7,42,5,413
"020981202","02","Caba","02098","Comuna 14",5,11,22,0,0,37,80,0,2,19,67,51,150,6,45,4,499
"020981203","02","Caba","02098","Comuna 14",2,7,30,1,1,30,64,0,2,13,46,48,163,6,71,5,489
"020981204","02","Caba","02098","Comuna 14",0,6,32,0,0,48,112,2,2,28,79,51,160,9,54,6,589
"020981205","02","Caba","02098","Comuna 14",1,5,38,0,0,33,109,0,3,23,81,73,197,8,81,10,662
"020981206","02","Caba","02098","Comuna 14",16,4,22,0,1,30,80,3,8,14,63,49,132,7,42,3,474
"020981207","02","Caba","02098","Comuna 14",0,1,12,0,0,15,36,0,0,8,45,20,96,2,26,1,262
"020981208","02","Caba","02098","Comuna 14",3,5,13,0,0,27,60,0,1,13,42,28,66,4,31,4,297
"020981209","02","Caba","02098","Comuna 14",0,4,20,0,0,18,53,0,1,12,45,39,105,4,44,2,347
"020981210","02","Caba","02098","Comuna 14",1,9,28,1,2,30,85,0,6,11,68,70,197,16,98,4,626
"020981211","02","Caba","02098","Comuna 14",7,4,21,1,1,19,56,1,0,21,45,35,107,6,32,3,359
"020981212","02","Caba","02098","Comuna 14",0,3,11,0,0,6,30,0,2,10,28,27,62,2,38,0,219
"020981301","02","Caba","02098","Comuna 14",6,12,22,0,0,47,100,1,1,19,49,55,98,7,30,7,454
"020981302","02","Caba","02098","Comuna 14",1,3,20,0,1,38,71,0,0,11,64,56,140,7,60,2,474
"020981303","02","Caba","02098","Comuna 14",11,3,28,0,1,33,124,0,6,22,77,52,201,18,83,7,666
"020981304","02","Caba","02098","Comuna 14",0,1,20,0,0,30,57,2,2,19,53,34,98,5,53,3,377
"020981305","02","Caba","02098","Comuna 14",0,8,18,0,0,30,64,0,3,15,52,49,122,11,55,4,431
"020981306","02","Caba","02098","Comuna 14",0,11,24,1,0,17,52,6,6,10,45,36,103,2,60,4,377
"020981307","02","Caba","02098","Comuna 14",0,3,3,0,0,8,28,0,0,1,14,13,29,1,6,3,109
"020981308","02","Caba","02098","Comuna 14",1,6,23,0,0,31,53,0,2,16,41,31,102,2,40,3,351
"020981309","02","Caba","02098","Comuna 14",1,12,33,0,2,36,77,0,0,24,47,45,74,4,47,8,410
"020981310","02","Caba","02098","Comuna 14",1,5,22,0,0,26,85,0,0,16,57,42,108,5,49,1,417
"020981311","02","Caba","02098","Comuna 14",0,2,28,0,0,15,72,1,5,9,41,60,109,9,39,3,393
"020981312","02","Caba","02098","Comuna 14",0,4,23,0,1,17,72,0,2,12,49,36,137,3,46,1,403
"020981401","02","Caba","02098","Comuna 14",1,2,25,0,1,23,80,1,4,17,69,60,168,9,72,5,537
"020981402","02","Caba","02098","Comuna 14",0,4,15,0,0,30,60,1,3,15,73,34,134,5,79,6,459
"020981403","02","Caba","02098","Comuna 14",1,0,30,0,2,39,125,0,2,17,78,75,256,11,106,2,744
"020981404","02","Caba","02098","Comuna 14",1,4,11,0,0,6,42,0,1,10,43,15,97,3,27,2,262
"020981405","02","Caba","02098","Comuna 14",0,3,24,0,0,19,63,0,2,8,33,29,98,6,30,2,317
"020981406","02","Caba","02098","Comuna 14",0,2,21,0,0,16,35,0,1,13,34,25,95,2,32,2,278
"020981407","02","Caba","02098","Comuna 14",1,1,7,0,0,12,29,0,0,8,27,23,38,2,19,0,167
"020981408","02","Caba","02098","Comuna 14",2,7,24,1,0,39,111,1,0,22,91,74,160,12,72,9,625
"020981409","02","Caba","02098","Comuna 14",0,6,22,0,1,30,98,0,2,22,55,73,194,16,99,5,623
"020981410","02","Caba","02098","Comuna 14",2,9,21,0,0,24,83,0,3,12,67,50,133,12,50,3,469
"020981411","02","Caba","02098","Comuna 14",0,7,20,0,2,24,80,0,2,20,91,59,196,5,79,7,592
"020981501","02","Caba","02098","Comuna 14",1,10,26,0,0,22,86,0,1,16,82,67,189,11,87,6,604
"020981502","02","Caba","02098","Comuna 14",0,7,32,0,1,24,112,0,0,25,87,70,253,9,117,3,740
"020981503","02","Caba","02098","Comuna 14",3,4,23,0,0,35,83,0,2,15,62,68,141,14,72,4,526
"020981504","02","Caba","02098","Comuna 14",3,5,34,0,0,36,120,1,4,12,77,62,210,3,75,5,647
"020981505","02","Caba","02098","Comuna 14",0,7,29,0,1,29,108,2,2,11,95,70,199,9,72,4,638
"020981506","02","Caba","02098","Comuna 14",2,5,23,0,0,24,98,0,1,14,75,66,226,17,110,3,664
"020981507","02","Caba","02098","Comuna 14",0,6,21,0,0,23,74,0,1,15,67,37,142,8,70,2,466
"020981508","02","Caba","02098","Comuna 14",0,8,31,0,0,49,188,3,1,31,151,120,341,21,160,6,1110
"020981601","02","Caba","02098","Comuna 14",15,7,19,0,0,32,109,4,15,16,119,79,306,14,174,10,919
"020981602","02","Caba","02098","Comuna 14",7,4,11,2,1,27,82,20,2,10,58,49,230,7,104,2,616
"020981603","02","Caba","02098","Comuna 14",7,6,35,3,0,37,124,15,12,27,93,92,314,8,168,6,947
"020981604","02","Caba","02098","Comuna 14",14,5,36,0,6,54,141,1,12,26,104,76,276,16,175,5,947
"020981605","02","Caba","02098","Comuna 14",5,2,32,0,1,34,91,0,8,13,55,68,214,7,93,8,631
"020981606","02","Caba","02098","Comuna 14",2,5,19,0,0,9,49,3,8,6,37,22,71,6,30,1,268
"020981607","02","Caba","02098","Comuna 14",0,1,8,0,0,15,34,0,0,4,32,17,101,2,55,0,269
"020981701","02","Caba","02098","Comuna 14",6,9,14,0,0,28,108,2,5,13,70,53,248,7,111,6,680
"020981702","02","Caba","02098","Comuna 14",1,1,24,0,3,26,81,0,3,14,45,66,190,3,74,4,535
"020981703","02","Caba","02098","Comuna 14",1,1,20,0,0,14,77,0,4,15,61,60,260,8,114,5,640
"020981704","02","Caba","02098","Comuna 14",1,4,13,0,0,16,47,0,1,9,30,18,106,6,37,1,289
"020981705","02","Caba","02098","Comuna 14",0,4,18,0,0,31,106,0,3,17,79,56,174,6,92,5,591
"020981706","02","Caba","02098","Comuna 14",0,6,23,0,0,26,117,0,1,7,70,57,214,5,95,9,630
"020981707","02","Caba","02098","Comuna 14",0,8,37,0,0,24,87,0,1,12,47,52,195,4,68,6,541
"020981708","02","Caba","02098","Comuna 14",0,2,26,0,0,40,125,0,1,29,104,88,347,16,184,9,971
"020981801","02","Caba","02098","Comuna 14",0,5,12,0,0,20,65,0,0,12,64,55,181,3,83,0,500
"020981802","02","Caba","02098","Comuna 14",2,2,14,0,0,13,86,0,3,6,61,45,204,7,88,4,535
"020981803","02","Caba","02098","Comuna 14",4,7,33,0,0,25,99,0,0,19,78,59,240,14,118,5,701
"020981804","02","Caba","02098","Comuna 14",6,5,27,0,0,16,80,0,0,11,65,62,219,6,98,2,597
"020981805","02","Caba","02098","Comuna 14",1,7,33,0,0,31,102,0,2,25,99,55,300,13,155,5,828
"020981806","02","Caba","02098","Comuna 14",1,2,19,0,0,21,72,0,0,10,77,50,189,6,98,9,554
"020981807","02","Caba","02098","Comuna 14",2,3,10,0,0,27,69,0,0,7,64,42,134,5,73,2,438
"020981808","02","Caba","02098","Comuna 14",1,3,25,0,1,20,87,0,0,14,87,44,191,8,78,1,560
"020981901","02","Caba","02098","Comuna 14",0,5,18,0,0,15,55,0,0,6,67,38,119,5,44,7,379
"020981902","02","Caba","02098","Comuna 14",11,5,38,0,0,25,109,1,2,21,93,67,190,12,81,4,659
"020981903","02","Caba","02098","Comuna 14",5,5,33,0,0,35,121,0,0,24,106,101,337,11,150,6,934
"020981904","02","Caba","02098","Comuna 14",1,10,43,2,3,41,141,0,1,22,122,71,275,20,124,7,883
"020981905","02","Caba","02098","Comuna 14",0,3,33,0,1,41,117,0,2,28,104,92,280,10,132,15,858
"020982001","02","Caba","02098","Comuna 14",2,7,22,0,0,55,129,0,4,35,117,88,276,15,116,7,873
"020982002","02","Caba","02098","Comuna 14",2,2,68,0,0,53,186,0,2,27,154,115,357,15,170,6,1157
"020982003","02","Caba","02098","Comuna 14",2,3,33,1,3,35,111,0,1,14,83,73,230,7,103,10,709
"020982004","02","Caba","02098","Comuna 14",3,3,22,0,0,25,78,1,2,25,65,61,163,4,75,1,528
"020982005","02","Caba","02098","Comuna 14",2,4,15,0,1,19,88,1,2,12,69,46,151,6,53,6,475
"020982006","02","Caba","02098","Comuna 14",2,3,18,0,0,24,64,0,2,19,54,45,156,5,54,3,449
"020982007","02","Caba","02098","Comuna 14",0,4,28,0,1,32,58,2,1,13,40,28,76,6,49,12,350
"020982101","02","Caba","02098","Comuna 14",1,1,28,0,0,34,103,0,2,13,94,85,195,10,89,3,658
"020982102","02","Caba","02098","Comuna 14",0,4,22,0,0,31,48,0,0,16,40,29,90,2,35,1,318
"020982103","02","Caba","02098","Comuna 14",1,2,7,1,1,16,41,0,0,16,36,31,72,3,27,5,259
"020982104","02","Caba","02098","Comuna 14",0,6,22,1,0,30,76,0,3,12,50,56,108,3,41,7,415
"020982105","02","Caba","02098","Comuna 14",1,4,27,0,0,15,28,0,2,8,37,18,62,2,27,2,233
"020982106","02","Caba","02098","Comuna 14",1,5,17,0,0,31,95,0,3,15,71,65,153,14,70,4,544
"020982107","02","Caba","02098","Comuna 14",1,7,17,0,0,26,70,0,0,15,80,42,137,7,43,3,448
"020982108","02","Caba","02098","Comuna 14",0,8,29,0,0,36,99,0,3,14,69,48,177,2,92,3,580
"020982109","02","Caba","02098","Comuna 14",3,6,26,1,0,32,87,0,0,8,64,58,140,3,55,5,488
"020982110","02","Caba","02098","Comuna 14",1,6,15,0,2,24,81,0,2,19,57,47,126,4,57,4,445
"020982111","02","Caba","02098","Comuna 14",0,4,37,0,0,46,124,0,3,14,70,71,170,8,55,8,610
"020982201","02","Caba","02098","Comuna 14",0,14,25,0,0,35,91,0,1,20,73,79,150,7,63,5,563
"020982202","02","Caba","02098","Comuna 14",2,8,32,0,2,26,123,0,1,30,95,69,165,11,85,7,656
"020982203","02","Caba","02098","Comuna 14",4,8,22,0,0,20,50,0,2,17,44,49,104,6,44,6,376
"020982204","02","Caba","02098","Comuna 14",2,3,17,0,0,19,79,0,1,12,58,46,129,8,49,1,424
"020982205","02","Caba","02098","Comuna 14",2,14,41,0,1,48,107,0,7,26,68,82,178,14,56,5,649
"020982206","02","Caba","02098","Comuna 14",0,4,30,0,0,29,89,0,1,21,85,53,164,14,67,3,560
"020982207","02","Caba","02098","Comuna 14",0,12,21,1,0,26,71,1,1,21,60,51,119,9,42,2,437
"020982208","02","Caba","02098","Comuna 14",0,11,30,0,0,38,116,0,1,22,66,67,157,3,58,11,580
"020982209","02","Caba","02098","Comuna 14",0,3,11,0,1,16,43,0,1,6,33,41,77,3,27,3,265
"020982210","02","Caba","02098","Comuna 14",1,1,14,0,0,9,38,0,1,6,46,34,62,4,45,0,261
"020982211","02","Caba","02098","Comuna 14",1,3,17,0,1,24,67,2,1,18,65,62,133,6,67,2,469
"020982212","02","Caba","02098","Comuna 14",2,6,9,0,0,22,86,0,3,15,61,53,138,6,73,5,479
"020982301","02","Caba","02098","Comuna 14",2,10,28,0,1,39,96,0,2,19,63,72,190,10,111,5,648
"020982302","02","Caba","02098","Comuna 14",2,2,11,0,0,22,67,0,1,13,51,54,160,3,47,7,440
"020982303","02","Caba","02098","Comuna 14",0,3,25,1,1,21,78,0,1,19,71,42,160,7,69,4,502
"020982304","02","Caba","02098","Comuna 14",0,5,30,1,3,45,90,1,3,20,83,51,228,10,78,3,651
"020982305","02","Caba","02098","Comuna 14",1,6,33,0,0,41,123,1,3,27,92,84,310,19,112,9,861
"020982306","02","Caba","02098","Comuna 14",0,3,21,0,0,17,43,0,0,7,35,32,73,2,41,3,277
"020982307","02","Caba","02098","Comuna 14",2,8,17,0,2,35,91,0,1,14,58,38,112,5,58,6,447
"020982308","02","Caba","02098","Comuna 14",0,7,22,0,1,32,80,2,0,21,60,48,131,4,60,2,470
"020982309","02","Caba","02098","Comuna 14",0,0,20,0,2,34,59,0,3,15,70,49,112,6,46,6,422
"020982310","02","Caba","02098","Comuna 14",0,2,12,0,0,22,83,1,5,9,54,48,128,2,57,5,428
"020982311","02","Caba","02098","Comuna 14",1,4,39,0,0,48,142,1,4,20,90,90,218,11,75,8,751
"020982312","02","Caba","02098","Comuna 14",2,6,30,0,0,31,70,1,2,14,49,55,160,6,78,0,504
"020982313","02","Caba","02098","Comuna 14",0,3,11,0,0,12,73,0,3,14,47,64,197,15,92,5,536
"020982314","02","Caba","02098","Comuna 14",0,2,23,0,0,23,57,0,3,6,35,27,95,2,37,1,311
"020982401","02","Caba","02098","Comuna 14",2,5,18,0,0,13,55,0,0,19,39,41,154,6,48,4,404
"020982402","02","Caba","02098","Comuna 14",0,1,17,0,0,14,48,0,2,13,47,41,108,3,39,4,337
"020982403","02","Caba","02098","Comuna 14",0,2,22,0,0,12,78,0,0,17,70,51,147,6,47,7,459
"020982404","02","Caba","02098","Comuna 14",0,1,9,0,1,15,67,0,0,13,54,44,114,4,53,1,376
"020982405","02","Caba","02098","Comuna 14",0,5,21,1,0,25,102,0,6,11,68,60,212,13,81,2,607
"020982406","02","Caba","02098","Comuna 14",0,3,22,0,1,29,86,0,1,10,61,42,162,8,70,6,501
"020982407","02","Caba","02098","Comuna 14",0,5,17,0,0,22,96,1,1,16,64,39,141,6,60,3,471
"020982408","02","Caba","02098","Comuna 14",1,2,15,0,0,27,78,1,2,12,56,48,150,8,59,7,466
"020982409","02","Caba","02098","Comuna 14",0,2,19,0,0,25,75,0,5,17,66,53,168,11,72,2,515
"020982501","02","Caba","02098","Comuna 14",2,3,21,4,0,34,110,1,1,19,73,108,208,12,81,3,680
"020982502","02","Caba","02098","Comuna 14",7,3,22,0,0,19,68,2,1,13,42,60,146,2,58,5,448
"020982503","02","Caba","02098","Comuna 14",1,6,28,1,0,19,75,0,0,20,70,43,173,8,65,3,512
"020982504","02","Caba","02098","Comuna 14",5,7,12,3,0,20,51,0,3,13,40,43,143,6,51,8,405
"020982505","02","Caba","02098","Comuna 14",4,7,24,0,1,25,54,0,4,14,65,67,169,11,74,5,524
"020982506","02","Caba","02098","Comuna 14",0,6,19,0,0,45,69,1,5,11,63,55,182,14,76,2,548
"020982507","02","Caba","02098","Comuna 14",0,4,21,0,0,36,117,3,6,19,71,94,199,8,100,4,682
"020982508","02","Caba","02098","Comuna 14",0,3,34,0,0,31,80,2,3,22,95,81,260,13,99,0,723
"020982509","02","Caba","02098","Comuna 14",3,4,21,0,0,37,77,2,3,19,88,75,166,18,68,2,583
"020982601","02","Caba","02098","Comuna 14",0,4,30,0,1,34,115,0,2,17,94,62,247,14,86,4,710
"020982602","02","Caba","02098","Comuna 14",0,4,19,0,0,17,67,0,2,25,57,40,147,10,52,7,447
"020982603","02","Caba","02098","Comuna 14",0,1,7,0,0,13,36,0,0,7,36,26,80,3,40,1,250
"020982604","02","Caba","02098","Comuna 14",0,7,55,1,2,43,184,0,4,53,146,96,334,17,141,4,1087
"020982605","02","Caba","02098","Comuna 14",3,5,37,0,0,28,94,0,3,10,76,45,174,8,81,2,566
"020982606","02","Caba","02098","Comuna 14",0,5,13,0,0,25,67,0,2,17,76,49,178,5,86,4,527
"020982607","02","Caba","02098","Comuna 14",4,2,23,0,1,26,114,1,3,16,90,64,244,8,112,6,714
"020982701","02","Caba","02098","Comuna 14",2,7,44,0,0,39,138,0,4,25,116,83,312,12,126,7,915
"020982702","02","Caba","02098","Comuna 14",7,7,31,0,0,26,94,1,4,18,65,70,253,12,118,7,713
"020982703","02","Caba","02098","Comuna 14",0,2,15,0,1,17,56,0,2,7,47,39,132,4,64,4,390
"020982704","02","Caba","02098","Comuna 14",0,4,28,0,0,28,118,1,2,18,105,96,265,9,124,2,800
"020982705","02","Caba","02098","Comuna 14",7,3,32,0,0,26,91,0,4,16,88,72,237,16,141,3,736
"020982706","02","Caba","02098","Comuna 14",0,1,11,0,1,11,44,0,2,10,48,26,134,7,51,4,350
"020982707","02","Caba","02098","Comuna 14",0,1,6,0,0,9,25,0,1,2,17,11,85,3,24,1,185
"020982801","02","Caba","02098","Comuna 14",1,5,18,0,1,22,79,0,1,10,66,62,166,4,61,4,500
"020982802","02","Caba","02098","Comuna 14",0,0,10,1,2,9,52,0,1,9,66,31,148,3,76,1,409
"020982803","02","Caba","02098","Comuna 14",1,1,9,0,1,12,64,0,3,12,52,31,171,2,64,2,425
"020982804","02","Caba","02098","Comuna 14",2,7,18,1,1,24,69,0,2,14,43,39,166,8,64,3,461
"020982805","02","Caba","02098","Comuna 14",3,3,22,0,0,12,43,1,1,10,60,39,146,7,63,1,411
"020982806","02","Caba","02098","Comuna 14",1,1,24,1,2,23,100,1,3,16,87,58,262,9,124,7,719
"020982807","02","Caba","02098","Comuna 14",6,4,19,0,0,22,77,0,1,13,48,50,186,10,80,8,524
"020982808","02","Caba","02098","Comuna 14",7,4,21,0,2,13,70,0,5,15,46,26,135,4,43,5,396
"020982809","02","Caba","02098","Comuna 14",1,3,15,0,0,17,58,0,0,8,53,35,137,5,63,4,399
"020982810","02","Caba","02098","Comuna 14",0,2,21,0,0,17,92,0,3,14,58,55,234,8,122,0,626
"020982811","02","Caba","02098","Comuna 14",3,8,31,1,2,26,123,0,3,23,90,76,316,14,168,8,892
"020982812","02","Caba","02098","Comuna 14",0,1,19,0,0,13,69,1,2,13,57,38,136,7,77,6,439
"020982901","02","Caba","02098","Comuna 14",0,1,20,0,0,28,72,1,0,18,63,38,163,5,58,1,468
"020982902","02","Caba","02098","Comuna 14",6,1,17,0,0,20,43,0,2,9,48,34,146,10,67,6,409
"020982903","02","Caba","02098","Comuna 14",6,5,13,0,0,19,59,0,3,9,40,51,156,8,59,5,433
"020982904","02","Caba","02098","Comuna 14",13,2,26,0,0,22,77,0,1,13,48,49,179,11,94,2,537
"020982905","02","Caba","02098","Comuna 14",5,6,19,0,0,22,63,0,1,13,56,40,125,5,64,7,426
"020982906","02","Caba","02098","Comuna 14",0,2,26,2,0,24,99,3,3,22,57,63,218,10,91,4,624
"020982907","02","Caba","02098","Comuna 14",11,2,16,0,0,16,90,1,0,16,51,41,161,8,78,6,497
"020982908","02","Caba","02098","Comuna 14",6,2,14,0,1,19,55,0,3,14,61,41,152,11,79,1,459
"020982909","02","Caba","02098","Comuna 14",1,1,27,0,2,29,87,0,2,19,93,58,200,10,108,9,646
"020982910","02","Caba","02098","Comuna 14",3,2,15,0,0,25,72,0,1,12,80,47,188,8,120,5,578
"020982911","02","Caba","02098","Comuna 14",2,2,15,0,0,16,70,0,2,10,54,38,208,10,84,4,515
"020983001","02","Caba","02098","Comuna 14",9,6,26,0,2,22,97,0,0,4,57,38,182,5,90,6,544
"020983002","02","Caba","02098","Comuna 14",9,5,23,0,2,23,105,0,2,18,55,57,230,8,116,4,657
"020983003","02","Caba","02098","Comuna 14",6,0,23,3,1,15,85,0,3,11,45,43,212,6,116,10,579
"020983004","02","Caba","02098","Comuna 14",3,1,17,0,1,19,83,1,1,13,54,46,202,2,120,4,567
"020983005","02","Caba","02098","Comuna 14",0,4,28,0,1,32,92,0,1,14,60,47,217,3,123,8,630
"020983006","02","Caba","02098","Comuna 14",2,2,13,0,0,15,47,0,0,11,36,23,123,6,60,4,342
"020983007","02","Caba","02098","Comuna 14",5,1,13,1,1,17,44,0,1,6,31,37,131,5,55,1,349
"020983008","02","Caba","02098","Comuna 14",19,5,51,0,3,43,163,0,3,25,127,90,397,11,196,14,1147
"020983009","02","Caba","02098","Comuna 14",13,3,24,0,3,17,74,0,2,18,81,52,259,17,119,4,686
"020983101","02","Caba","02098","Comuna 14",2,5,18,0,0,11,98,0,0,10,45,49,151,2,63,9,463
"020983102","02","Caba","02098","Comuna 14",0,2,14,0,1,18,76,0,1,9,61,38,178,6,86,8,498
"020983103","02","Caba","02098","Comuna 14",2,7,19,0,0,17,70,1,3,9,48,47,179,7,92,9,510
"020983104","02","Caba","02098","Comuna 14",0,1,18,1,0,13,69,0,1,13,60,51,173,4,72,8,484
"020983105","02","Caba","02098","Comuna 14",1,5,22,0,0,23,61,0,4,10,43,42,155,5,74,8,453
"020983106","02","Caba","02098","Comuna 14",0,1,27,0,1,32,122,0,1,16,66,72,239,7,110,7,701
"020983107","02","Caba","02098","Comuna 14",2,4,16,0,1,24,72,0,3,9,48,49,230,3,95,4,560
"020983108","02","Caba","02098","Comuna 14",3,3,22,0,0,8,60,0,2,9,32,40,179,3,71,6,438
"020983109","02","Caba","02098","Comuna 14",0,3,11,2,2,14,73,0,2,7,28,34,129,4,67,12,388
"020983110","02","Caba","02098","Comuna 14",0,6,9,0,4,22,47,0,0,6,30,18,144,6,85,5,382
"020983111","02","Caba","02098","Comuna 14",0,1,10,0,0,9,46,0,2,15,32,33,94,6,56,4,308
"020983112","02","Caba","02098","Comuna 14",0,1,9,0,0,13,51,0,0,12,38,39,150,4,63,6,386
"021050101","02","Caba","02105","Comuna 15",24,4,50,0,2,46,115,1,8,31,95,76,173,8,54,2,689
"021050102","02","Caba","02105","Comuna 15",8,2,35,0,4,42,155,2,5,17,102,79,152,8,34,4,649
"021050103","02","Caba","02105","Comuna 15",2,3,47,0,1,35,108,0,2,20,77,60,100,2,25,4,486
"021050104","02","Caba","02105","Comuna 15",6,3,32,0,0,23,89,0,1,18,64,41,85,5,15,4,386
"021050105","02","Caba","02105","Comuna 15",4,1,25,0,1,47,102,1,3,19,87,53,120,4,29,4,500
"021050106","02","Caba","02105","Comuna 15",7,3,36,1,0,41,110,1,0,16,81,44,98,4,24,3,469
"021050107","02","Caba","02105","Comuna 15",0,7,42,0,0,46,90,0,3,20,73,48,110,3,32,6,480
"021050108","02","Caba","02105","Comuna 15",3,8,39,0,0,48,106,0,4,13,67,45,119,2,23,2,479
"021050109","02","Caba","02105","Comuna 15",2,4,39,0,1,49,131,0,2,25,82,52,116,3,43,4,553
"021050110","02","Caba","02105","Comuna 15",0,3,42,1,3,75,159,0,3,23,115,61,93,7,37,9,631
"021050111","02","Caba","02105","Comuna 15",2,6,21,0,0,49,89,0,3,14,56,41,88,4,26,4,403
"021050112","02","Caba","02105","Comuna 15",11,5,38,0,0,58,130,2,2,16,73,39,90,3,26,4,497
"021050201","02","Caba","02105","Comuna 15",0,3,37,0,0,37,98,0,0,18,67,36,88,1,36,2,423
"021050202","02","Caba","02105","Comuna 15",2,7,50,0,1,48,133,0,1,14,80,45,111,4,40,5,541
"021050203","02","Caba","02105","Comuna 15",1,4,33,0,0,41,141,1,0,14,69,55,124,7,59,5,554
"021050204","02","Caba","02105","Comuna 15",1,2,20,0,0,25,58,1,0,8,44,45,86,7,22,0,319
"021050205","02","Caba","02105","Comuna 15",0,1,21,0,1,17,64,0,0,9,77,27,85,0,21,2,325
"021050206","02","Caba","02105","Comuna 15",0,4,24,0,0,47,101,0,1,22,69,32,103,2,33,4,442
"021050207","02","Caba","02105","Comuna 15",2,2,37,0,0,50,98,1,0,14,58,45,89,6,34,3,439
"021050208","02","Caba","02105","Comuna 15",0,4,40,0,0,36,94,0,1,18,39,39,99,4,39,3,416
"021050209","02","Caba","02105","Comuna 15",1,5,45,0,1,44,123,1,0,16,57,49,108,5,21,3,479
"021050210","02","Caba","02105","Comuna 15",3,5,43,0,0,39,96,0,6,19,65,52,84,4,29,5,450
"021050301","02","Caba","02105","Comuna 15",0,8,39,0,0,58,120,0,3,25,87,43,108,5,32,4,532
"021050302","02","Caba","02105","Comuna 15",0,4,34,0,0,52,116,0,2,23,104,70,161,13,43,5,627
"021050303","02","Caba","02105","Comuna 15",3,3,29,0,1,37,79,0,0,17,60,39,86,2,32,5,393
"021050304","02","Caba","02105","Comuna 15",2,1,24,0,0,25,99,0,1,20,77,66,157,6,75,1,554
"021050305","02","Caba","02105","Comuna 15",1,7,47,0,0,43,111,0,4,13,60,44,88,7,34,5,464
"021050306","02","Caba","02105","Comuna 15",0,5,26,0,1,13,93,0,0,15,61,37,130,1,63,4,449
"021050307","02","Caba","02105","Comuna 15",0,1,18,0,0,12,53,0,0,14,43,41,210,2,74,3,471
"021050308","02","Caba","02105","Comuna 15",0,8,41,0,0,26,116,0,0,17,78,55,174,7,71,8,601
"021050309","02","Caba","02105","Comuna 15",0,2,37,0,0,42,119,0,2,14,79,66,177,2,67,4,611
"021050310","02","Caba","02105","Comuna 15",0,7,31,0,0,38,96,0,1,11,82,81,141,10,58,1,557
"021050311","02","Caba","02105","Comuna 15",0,8,49,0,0,56,118,0,1,22,61,45,90,7,27,6,490
"021050312","02","Caba","02105","Comuna 15",1,14,70,0,1,82,172,2,0,24,99,59,135,3,41,6,709
"021050313","02","Caba","02105","Comuna 15",2,5,31,0,0,38,116,0,1,13,69,49,114,6,41,5,490
"021050401","02","Caba","02105","Comuna 15",3,4,60,0,2,83,156,0,0,19,94,55,144,10,44,18,692
"021050402","02","Caba","02105","Comuna 15",8,10,50,0,1,60,143,0,2,16,104,54,140,10,48,11,657
"021050403","02","Caba","02105","Comuna 15",10,2,31,4,1,40,73,0,0,25,77,56,175,10,59,6,569
"021050404","02","Caba","02105","Comuna 15",15,4,32,3,2,39,116,1,2,25,55,47,92,9,19,1,462
"021050405","02","Caba","02105","Comuna 15",1,5,51,0,0,62,109,0,1,26,57,49,84,3,19,5,472
"021050406","02","Caba","02105","Comuna 15",13,15,58,0,0,75,150,0,5,37,119,70,139,10,59,3,753
"021050407","02","Caba","02105","Comuna 15",0,9,42,0,1,64,132,0,2,23,80,63,137,10,42,5,610
"021050408","02","Caba","02105","Comuna 15",1,4,37,2,2,50,104,0,1,19,64,45,112,4,41,6,492
"021050409","02","Caba","02105","Comuna 15",0,7,44,0,0,50,109,1,3,25,68,54,105,6,19,4,495
"021050410","02","Caba","02105","Comuna 15",3,12,55,0,0,53,115,1,1,24,50,41,83,3,23,5,469
"021050411","02","Caba","02105","Comuna 15",9,12,25,0,0,43,102,0,2,21,87,70,155,5,53,5,589
"021050412","02","Caba","02105","Comuna 15",3,3,46,1,0,50,128,1,1,31,90,64,135,2,72,9,636
"021050413","02","Caba","02105","Comuna 15",0,9,55,0,0,52,125,1,2,21,60,68,103,7,31,5,539
"021050414","02","Caba","02105","Comuna 15",1,15,53,0,0,86,130,1,2,17,50,53,79,5,19,7,518
"021050501","02","Caba","02105","Comuna 15",0,7,29,1,1,33,107,0,2,24,71,53,83,10,35,0,456
"021050502","02","Caba","02105","Comuna 15",0,9,52,0,0,60,175,0,2,25,96,84,151,5,65,4,728
"021050503","02","Caba","02105","Comuna 15",0,5,44,0,0,48,159,0,1,18,85,47,84,4,37,4,536
"021050504","02","Caba","02105","Comuna 15",0,5,31,0,0,47,88,0,3,23,68,50,133,5,41,7,501
"021050505","02","Caba","02105","Comuna 15",17,12,41,0,2,49,153,0,2,26,79,73,189,9,52,5,709
"021050506","02","Caba","02105","Comuna 15",2,13,41,0,1,82,137,1,2,43,109,75,189,12,60,6,773
"021050507","02","Caba","02105","Comuna 15",16,14,73,0,0,58,139,1,2,30,114,70,141,3,40,8,709
"021050508","02","Caba","02105","Comuna 15",0,12,75,1,0,72,162,2,1,24,106,90,181,10,37,5,778
"021050509","02","Caba","02105","Comuna 15",1,11,50,0,2,57,127,1,1,18,58,39,62,2,14,4,447
"021050510","02","Caba","02105","Comuna 15",1,8,52,0,0,64,114,0,3,19,66,54,79,6,24,4,494
"021050511","02","Caba","02105","Comuna 15",1,10,54,0,1,66,128,0,0,27,62,50,73,1,20,12,505
"021050512","02","Caba","02105","Comuna 15",1,12,52,0,0,65,131,0,3,20,87,63,132,11,49,6,632
"021050513","02","Caba","02105","Comuna 15",2,12,49,0,0,67,130,2,2,26,89,68,115,5,43,7,617
"021050514","02","Caba","02105","Comuna 15",3,5,34,0,0,27,87,0,0,13,55,26,61,1,15,3,330
"021050601","02","Caba","02105","Comuna 15",4,3,26,0,0,29,94,0,1,31,84,46,88,1,32,1,440
"021050602","02","Caba","02105","Comuna 15",5,4,29,0,0,40,65,1,0,21,57,40,97,4,36,3,402
"021050603","02","Caba","02105","Comuna 15",3,5,25,0,1,33,98,0,1,10,76,41,93,2,26,2,416
"021050604","02","Caba","02105","Comuna 15",1,4,22,0,1,26,83,0,1,16,48,36,110,6,38,1,393
"021050605","02","Caba","02105","Comuna 15",1,2,25,1,0,37,95,0,2,19,51,31,69,3,24,4,364
"021050606","02","Caba","02105","Comuna 15",3,2,8,0,0,20,64,0,0,10,53,38,90,6,35,3,332
"021050607","02","Caba","02105","Comuna 15",0,5,28,0,1,33,91,0,1,22,60,53,94,8,36,2,434
"021050701","02","Caba","02105","Comuna 15",1,4,59,0,1,66,158,0,0,21,64,47,56,4,21,8,510
"021050702","02","Caba","02105","Comuna 15",2,16,54,0,0,91,122,0,0,11,37,30,39,1,13,6,422
"021050703","02","Caba","02105","Comuna 15",2,11,50,0,2,64,139,1,0,16,55,32,41,3,18,6,440
"021050704","02","Caba","02105","Comuna 15",4,9,35,0,2,55,123,0,1,16,43,28,47,2,6,2,373
"021050705","02","Caba","02105","Comuna 15",3,23,76,2,0,84,172,1,1,26,54,42,53,5,18,9,569
"021050706","02","Caba","02105","Comuna 15",0,6,39,0,0,64,99,0,0,11,22,27,33,1,8,1,311
"021050707","02","Caba","02105","Comuna 15",0,6,73,0,1,96,184,0,4,33,81,64,87,4,30,9,672
"021050708","02","Caba","02105","Comuna 15",4,16,79,0,0,132,177,0,1,17,89,49,68,4,13,7,656
"021050709","02","Caba","02105","Comuna 15",4,11,54,2,1,73,163,0,2,21,51,44,51,3,30,8,518
"021050710","02","Caba","02105","Comuna 15",6,13,67,0,2,94,198,0,6,29,125,59,104,2,29,7,741
"021050711","02","Caba","02105","Comuna 15",5,6,78,0,1,85,158,0,1,25,95,48,106,2,27,6,643
"021050712","02","Caba","02105","Comuna 15",2,18,73,1,0,102,135,0,1,29,81,57,76,2,24,4,605
"021050713","02","Caba","02105","Comuna 15",19,54,136,1,0,302,507,0,0,38,75,28,29,3,3,4,1199
"021050801","02","Caba","02105","Comuna 15",10,20,81,0,2,85,172,2,4,21,62,56,69,0,11,6,601
"021050802","02","Caba","02105","Comuna 15",2,4,25,0,1,55,85,2,1,14,39,24,31,2,8,5,298
"021050803","02","Caba","02105","Comuna 15",1,17,93,0,1,115,177,2,2,31,79,68,106,2,16,4,714
"021050804","02","Caba","02105","Comuna 15",0,12,56,0,1,62,151,0,2,32,77,36,63,1,25,9,527
"021050805","02","Caba","02105","Comuna 15",3,11,48,1,0,47,114,0,2,18,67,35,80,4,21,7,458
"021050806","02","Caba","02105","Comuna 15",1,10,44,0,1,58,123,1,1,29,87,55,96,4,28,7,545
"021050807","02","Caba","02105","Comuna 15",0,12,54,0,0,60,148,0,0,20,76,47,96,5,25,6,549
"021050808","02","Caba","02105","Comuna 15",3,9,40,0,0,53,135,1,0,19,50,51,70,4,24,6,465
"021050809","02","Caba","02105","Comuna 15",2,18,86,0,1,98,225,0,5,29,148,100,172,6,56,12,958
"021050810","02","Caba","02105","Comuna 15",3,11,66,0,1,76,179,2,5,46,102,65,120,3,26,8,713
"021050901","02","Caba","02105","Comuna 15",3,7,36,0,1,42,92,0,2,18,73,58,92,0,43,3,470
"021050902","02","Caba","02105","Comuna 15",0,8,33,0,1,43,74,0,0,12,52,36,61,6,15,1,342
"021050903","02","Caba","02105","Comuna 15",0,7,24,1,0,41,83,1,0,21,70,50,109,8,38,4,457
"021050904","02","Caba","02105","Comuna 15",4,16,71,0,0,65,132,2,0,27,44,33,48,7,20,5,474
"021050905","02","Caba","02105","Comuna 15",6,15,56,0,0,67,117,2,3,16,51,46,69,2,14,6,470
"021050906","02","Caba","02105","Comuna 15",0,12,44,0,0,58,84,1,0,14,36,20,26,0,2,1,298
"021050907","02","Caba","02105","Comuna 15",4,12,51,0,1,70,91,0,1,18,42,34,32,1,2,8,367
"021050908","02","Caba","02105","Comuna 15",13,31,51,0,0,117,215,1,0,25,46,26,21,1,2,2,551
"021050909","02","Caba","02105","Comuna 15",22,30,93,0,0,134,242,0,2,24,53,46,46,4,14,13,723
"021050910","02","Caba","02105","Comuna 15",8,29,65,0,2,129,227,1,4,20,38,31,22,0,3,6,585
"021050911","02","Caba","02105","Comuna 15",13,17,26,0,0,71,157,1,1,10,40,19,29,1,5,5,395
"021051001","02","Caba","02105","Comuna 15",2,5,34,0,1,34,118,0,2,20,89,63,148,9,57,4,586
"021051002","02","Caba","02105","Comuna 15",3,9,34,0,1,55,130,0,1,24,86,68,119,4,66,7,607
"021051003","02","Caba","02105","Comuna 15",1,10,40,1,2,39,141,1,2,34,96,78,166,9,77,5,702
"021051004","02","Caba","02105","Comuna 15",8,8,61,0,1,59,147,0,3,21,92,64,104,8,36,5,617
"021051005","02","Caba","02105","Comuna 15",8,9,45,0,2,66,106,1,1,18,94,68,110,2,45,2,577
"021051006","02","Caba","02105","Comuna 15",1,3,23,0,0,34,70,0,1,11,60,62,98,5,37,4,409
"021051007","02","Caba","02105","Comuna 15",5,3,34,0,0,40,107,0,5,24,86,62,154,2,51,8,581
"021051008","02","Caba","02105","Comuna 15",0,11,43,0,0,70,100,0,2,22,84,52,90,6,29,12,521
"021051009","02","Caba","02105","Comuna 15",10,15,38,0,2,78,129,0,2,28,102,73,180,5,74,7,743
"021051010","02","Caba","02105","Comuna 15",3,3,22,0,0,27,74,1,6,19,62,52,141,12,58,3,483
"021051011","02","Caba","02105","Comuna 15",2,0,28,0,0,32,84,0,3,17,51,49,79,3,50,3,401
"021051012","02","Caba","02105","Comuna 15",10,9,45,0,0,47,119,0,0,21,60,52,95,4,33,8,503
"021051013","02","Caba","02105","Comuna 15",1,5,31,1,0,42,116,0,1,25,96,65,122,11,50,4,570
"021051101","02","Caba","02105","Comuna 15",3,8,19,0,0,39,72,0,2,10,53,28,70,4,26,3,337
"021051102","02","Caba","02105","Comuna 15",3,6,17,0,0,21,55,0,0,17,58,62,123,5,65,4,436
"021051103","02","Caba","02105","Comuna 15",4,6,36,0,1,45,112,1,1,16,72,53,113,16,41,2,519
"021051104","02","Caba","02105","Comuna 15",3,4,51,0,3,68,145,1,6,29,95,90,168,6,78,8,755
"021051105","02","Caba","02105","Comuna 15",3,10,37,1,0,75,102,0,5,23,71,52,88,6,31,5,509
"021051106","02","Caba","02105","Comuna 15",0,10,60,1,1,69,126,0,2,10,41,39,78,3,27,5,472
"021051107","02","Caba","02105","Comuna 15",1,8,30,0,0,59,113,0,2,14,61,36,110,8,32,10,484
"021051108","02","Caba","02105","Comuna 15",1,9,35,1,0,39,118,0,1,19,66,56,120,5,47,6,523
"021051109","02","Caba","02105","Comuna 15",5,6,53,0,0,62,135,0,2,30,105,69,152,8,41,5,673
"021051110","02","Caba","02105","Comuna 15",0,8,31,0,0,43,106,1,2,23,47,35,84,7,27,5,419
"021051111","02","Caba","02105","Comuna 15",3,4,37,0,0,44,101,0,2,25,90,78,139,6,63,4,596
"021051112","02","Caba","02105","Comuna 15",0,5,30,0,2,32,106,0,4,32,96,82,166,4,55,4,618
"021051113","02","Caba","02105","Comuna 15",0,13,63,0,1,78,152,1,0,33,81,61,110,9,35,3,640
"021051114","02","Caba","02105","Comuna 15",0,2,20,0,0,21,67,1,1,14,37,37,95,6,29,2,332
"021051115","02","Caba","02105","Comuna 15",0,1,14,0,1,14,42,0,1,27,39,24,77,4,33,0,277
"021051116","02","Caba","02105","Comuna 15",1,2,36,1,0,27,84,0,1,19,73,61,107,7,29,2,450
"021051201","02","Caba","02105","Comuna 15",2,10,101,0,0,78,108,3,1,16,42,38,73,6,33,5,516
"021051202","02","Caba","02105","Comuna 15",1,9,49,2,0,46,104,0,2,14,50,52,92,7,48,6,482
"021051203","02","Caba","02105","Comuna 15",4,3,39,0,0,49,112,2,1,17,75,52,96,5,24,3,482
"021051204","02","Caba","02105","Comuna 15",2,10,54,0,0,83,147,2,6,30,104,74,193,5,64,12,786
"021051205","02","Caba","02105","Comuna 15",2,8,37,0,1,46,122,0,3,30,72,66,116,6,47,9,565
"021051206","02","Caba","02105","Comuna 15",1,11,32,0,1,41,126,0,2,19,61,67,111,6,32,6,516
"021051207","02","Caba","02105","Comuna 15",0,6,37,0,0,40,105,0,2,13,39,34,66,6,19,9,376
"021051208","02","Caba","02105","Comuna 15",1,3,23,0,1,33,73,0,1,20,45,38,76,7,20,3,344
"021051209","02","Caba","02105","Comuna 15",0,3,27,0,0,30,94,0,3,15,52,43,92,3,39,6,407
"021051210","02","Caba","02105","Comuna 15",1,6,22,3,0,36,82,0,2,16,51,30,103,5,32,4,393
"021051301","02","Caba","02105","Comuna 15",1,11,60,0,0,61,120,0,1,20,67,48,99,4,41,5,538
"021051302","02","Caba","02105","Comuna 15",0,3,25,0,0,21,54,1,1,16,44,26,66,4,34,1,296
"021051303","02","Caba","02105","Comuna 15",0,3,21,0,2,42,91,1,2,18,89,48,96,2,31,4,450
"021051304","02","Caba","02105","Comuna 15",0,6,31,0,0,27,76,0,1,19,50,40,91,3,24,2,370
"021051305","02","Caba","02105","Comuna 15",2,9,21,0,0,19,60,0,2,11,64,45,149,13,53,2,450
"021051306","02","Caba","02105","Comuna 15",1,2,23,0,0,36,101,1,0,14,79,72,164,5,73,7,578
"021051307","02","Caba","02105","Comuna 15",3,5,25,1,0,39,85,0,0,25,68,50,132,3,45,5,486
"021051308","02","Caba","02105","Comuna 15",0,4,27,0,0,24,68,0,4,13,48,30,78,2,34,2,334
"021051309","02","Caba","02105","Comuna 15",5,5,50,1,2,53,152,1,4,26,103,96,187,5,56,10,756
"021051310","02","Caba","02105","Comuna 15",2,4,37,0,1,21,139,0,1,27,83,53,160,8,58,9,603
"021051401","02","Caba","02105","Comuna 15",1,13,57,1,1,51,123,0,2,23,91,59,136,5,29,4,596
"021051402","02","Caba","02105","Comuna 15",7,6,46,0,1,46,144,1,5,17,92,71,152,6,20,5,619
"021051403","02","Caba","02105","Comuna 15",2,4,28,0,0,37,114,0,2,18,63,50,82,2,36,9,447
"021051404","02","Caba","02105","Comuna 15",4,2,31,1,1,41,125,1,1,18,94,53,157,15,64,7,615
"021051405","02","Caba","02105","Comuna 15",2,13,59,0,3,61,132,4,1,20,95,80,166,9,60,8,713
"021051406","02","Caba","02105","Comuna 15",3,6,23,0,0,29,75,0,4,11,46,45,121,3,27,1,394
"021051407","02","Caba","02105","Comuna 15",3,4,13,0,0,27,77,1,2,14,100,65,176,8,87,0,577
"021051408","02","Caba","02105","Comuna 15",2,9,66,0,0,73,153,1,2,25,92,78,203,12,63,5,784
"021051409","02","Caba","02105","Comuna 15",2,10,60,0,0,67,139,0,4,30,85,54,77,2,17,4,551
"021051410","02","Caba","02105","Comuna 15",1,8,64,0,1,42,139,0,0,19,35,42,82,4,18,7,462
"021051411","02","Caba","02105","Comuna 15",1,12,62,0,0,68,138,1,3,24,96,68,153,13,36,10,685
"021051501","02","Caba","02105","Comuna 15",1,4,45,1,1,42,123,0,2,23,64,46,80,0,23,2,457
"021051502","02","Caba","02105","Comuna 15",4,4,29,0,0,46,75,0,1,11,94,44,81,3,22,0,414
"021051503","02","Caba","02105","Comuna 15",6,6,39,0,2,43,130,0,4,22,102,70,141,5,47,4,621
"021051504","02","Caba","02105","Comuna 15",10,16,86,0,2,108,218,1,3,35,85,72,106,5,30,5,782
"021051505","02","Caba","02105","Comuna 15",6,10,73,0,2,89,138,0,3,23,56,50,66,3,18,3,540
"021051506","02","Caba","02105","Comuna 15",8,18,77,0,0,133,174,0,3,31,72,48,71,2,24,6,667
"021051507","02","Caba","02105","Comuna 15",6,12,60,1,1,82,157,0,0,25,65,47,94,5,23,6,584
"021051508","02","Caba","02105","Comuna 15",4,8,38,0,3,57,122,0,2,19,71,53,77,6,31,7,498
"021051509","02","Caba","02105","Comuna 15",12,14,56,0,3,74,191,0,5,44,124,86,168,6,59,8,850
"021051510","02","Caba","02105","Comuna 15",20,23,57,2,1,54,152,1,3,24,92,71,102,1,38,8,649
"021051601","02","Caba","02105","Comuna 15",0,10,36,0,0,51,154,0,3,31,80,90,140,5,51,9,660
"021051602","02","Caba","02105","Comuna 15",0,18,40,0,0,55,121,0,0,35,78,41,92,2,38,9,529
"021051603","02","Caba","02105","Comuna 15",1,6,45,1,0,50,154,0,2,25,85,72,141,8,51,5,646
"021051604","02","Caba","02105","Comuna 15",0,13,31,0,1,49,99,0,0,23,73,40,97,6,46,3,481
"021051605","02","Caba","02105","Comuna 15",0,4,34,0,0,27,74,0,0,12,55,59,56,3,27,2,353
"021051606","02","Caba","02105","Comuna 15",1,11,59,0,0,66,128,0,1,24,80,68,98,3,44,4,587
"021051607","02","Caba","02105","Comuna 15",0,11,35,0,0,46,100,0,1,25,64,67,131,4,47,6,537
"021051608","02","Caba","02105","Comuna 15",1,6,38,0,0,53,140,0,0,16,78,57,138,5,53,8,593
"021051609","02","Caba","02105","Comuna 15",0,8,22,0,0,39,101,0,0,18,58,56,95,4,36,4,441
"021051610","02","Caba","02105","Comuna 15",1,14,48,0,0,53,148,0,1,27,118,69,160,5,58,6,708
"021051611","02","Caba","02105","Comuna 15",7,10,22,0,1,36,90,0,1,11,40,51,88,4,37,2,400
"021051701","02","Caba","02105","Comuna 15",1,3,33,0,1,42,84,0,2,22,75,44,112,3,36,5,463
"021051702","02","Caba","02105","Comuna 15",0,6,36,1,0,54,107,0,1,28,63,42,107,5,38,7,495
"021051703","02","Caba","02105","Comuna 15",2,6,34,0,3,47,148,1,4,24,74,56,97,8,36,7,547
"021051704","02","Caba","02105","Comuna 15",5,6,32,0,0,39,98,0,5,14,83,64,104,1,28,3,482
"021051705","02","Caba","02105","Comuna 15",11,4,41,0,0,30,114,1,2,17,73,75,144,8,44,8,572
"021051706","02","Caba","02105","Comuna 15",2,3,35,0,0,29,102,0,1,19,77,35,94,5,40,4,446
"021051707","02","Caba","02105","Comuna 15",4,5,43,0,2,36,115,3,3,17,54,72,115,6,30,7,512
"021051708","02","Caba","02105","Comuna 15",0,4,26,0,0,26,95,0,1,15,67,41,99,4,24,2,404
"021051709","02","Caba","02105","Comuna 15",2,7,20,0,1,31,76,0,3,12,54,51,109,6,42,2,416
"021051710","02","Caba","02105","Comuna 15",4,8,18,0,1,55,112,0,3,17,73,62,135,9,57,11,565
"021051711","02","Caba","02105","Comuna 15",1,6,29,0,0,47,95,2,2,25,70,56,122,6,40,4,505
"021051712","02","Caba","02105","Comuna 15",0,10,38,0,0,29,77,1,2,13,67,45,132,5,53,2,474
"021051801","02","Caba","02105","Comuna 15",0,5,33,0,0,30,62,0,1,15,77,32,77,1,35,3,371
"021051802","02","Caba","02105","Comuna 15",0,3,23,0,1,28,64,0,0,9,59,36,58,1,22,4,308
"021051803","02","Caba","02105","Comuna 15",0,7,40,1,1,52,134,0,0,23,105,64,189,6,52,12,686
"021051804","02","Caba","02105","Comuna 15",0,7,23,1,0,24,82,1,2,18,56,24,110,7,37,6,398
"021051805","02","Caba","02105","Comuna 15",1,11,26,0,0,34,103,0,2,25,53,39,99,2,30,4,429
"021051806","02","Caba","02105","Comuna 15",0,9,31,0,1,24,89,0,2,12,54,38,97,3,40,1,401
"021051807","02","Caba","02105","Comuna 15",0,7,34,0,0,31,77,1,0,23,73,49,133,6,47,1,482
"021051808","02","Caba","02105","Comuna 15",1,7,28,0,1,27,75,0,0,16,50,36,88,4,33,3,369
"021051809","02","Caba","02105","Comuna 15",2,7,22,0,0,29,88,0,3,16,49,48,98,9,42,3,416
"021051810","02","Caba","02105","Comuna 15",0,8,20,0,0,25,76,0,2,13,40,35,86,7,27,4,343
"021051811","02","Caba","02105","Comuna 15",0,1,25,0,1,37,91,2,0,12,74,47,112,7,41,3,453
"021051812","02","Caba","02105","Comuna 15",0,5,25,0,0,32,74,0,2,24,62,54,143,5,52,3,481
"021051813","02","Caba","02105","Comuna 15",0,8,30,0,0,38,84,0,1,19,49,47,116,3,32,2,429
"021051901","02","Caba","02105","Comuna 15",0,8,21,0,1,33,80,0,0,20,48,45,95,3,31,1,386
"021051902","02","Caba","02105","Comuna 15",1,7,26,1,2,38,117,1,0,27,89,66,153,7,51,4,590
"021051903","02","Caba","02105","Comuna 15",0,7,42,0,0,42,82,0,2,25,63,52,125,7,39,7,493
"021051904","02","Caba","02105","Comuna 15",0,7,32,0,1,34,110,0,7,19,86,77,140,5,43,3,564
"021051905","02","Caba","02105","Comuna 15",7,9,31,0,1,44,140,0,1,25,100,69,187,9,54,2,679
"021051906","02","Caba","02105","Comuna 15",0,2,25,0,0,48,130,0,1,18,92,67,163,7,44,3,600
"021051907","02","Caba","02105","Comuna 15",0,6,44,0,1,43,111,0,1,19,95,62,138,13,34,6,573
"021051908","02","Caba","02105","Comuna 15",0,6,25,1,0,50,97,0,1,23,66,46,129,10,28,2,484
"021051909","02","Caba","02105","Comuna 15",1,5,25,0,2,31,107,0,2,20,72,61,145,7,43,2,523
"021051910","02","Caba","02105","Comuna 15",2,3,28,0,0,40,120,0,4,19,84,70,179,6,55,2,612
"021051911","02","Caba","02105","Comuna 15",0,6,24,0,0,39,94,0,2,15,68,54,79,5,24,3,413
"021052001","02","Caba","02105","Comuna 15",1,6,42,0,0,53,169,0,4,27,92,73,231,11,67,9,785
"021052002","02","Caba","02105","Comuna 15",0,3,46,0,0,57,130,0,0,23,82,64,131,5,49,4,594
"021052003","02","Caba","02105","Comuna 15",0,11,45,0,2,46,117,1,0,21,81,63,132,6,41,9,575
"021052004","02","Caba","02105","Comuna 15",0,4,33,0,0,45,96,0,2,16,82,54,124,0,33,2,491
"021052005","02","Caba","02105","Comuna 15",0,2,35,0,0,32,111,0,1,13,56,62,100,5,27,3,447
"021052006","02","Caba","02105","Comuna 15",0,7,42,0,0,35,90,0,2,27,76,52,110,6,36,5,488
"021052007","02","Caba","02105","Comuna 15",1,10,26,0,0,35,105,0,1,16,80,63,139,5,37,1,519
"021052008","02","Caba","02105","Comuna 15",1,5,22,0,0,24,68,0,1,14,46,43,76,5,21,3,329
"021052009","02","Caba","02105","Comuna 15",2,5,24,0,0,19,46,0,0,6,37,26,74,1,24,4,268
"021052010","02","Caba","02105","Comuna 15",2,8,24,0,2,34,83,1,1,17,67,50,132,8,43,7,479
"021052011","02","Caba","02105","Comuna 15",3,7,41,0,0,62,87,0,3,15,82,62,95,4,44,4,509
"021052012","02","Caba","02105","Comuna 15",0,9,28,1,1,39,123,0,1,18,63,50,82,4,32,1,452
"021052101","02","Caba","02105","Comuna 15",11,9,50,1,0,49,103,0,1,16,92,62,193,14,73,4,678
"021052102","02","Caba","02105","Comuna 15",14,11,43,0,1,55,122,0,2,13,66,79,196,12,74,2,690
"021052103","02","Caba","02105","Comuna 15",3,8,42,0,0,42,113,1,1,27,81,43,96,4,30,4,495
"021052104","02","Caba","02105","Comuna 15",0,4,40,0,1,35,89,0,1,20,70,51,152,7,49,6,525
"021052105","02","Caba","02105","Comuna 15",0,6,31,0,0,29,67,1,1,8,51,47,104,4,32,6,387
"021052106","02","Caba","02105","Comuna 15",15,10,60,1,2,73,199,2,5,24,127,105,264,17,119,2,1025
"021052107","02","Caba","02105","Comuna 15",0,10,35,0,0,30,63,0,1,18,55,35,93,3,25,2,370
"021052108","02","Caba","02105","Comuna 15",0,5,18,0,0,30,82,1,2,22,73,57,133,8,50,6,487
"021052109","02","Caba","02105","Comuna 15",30,11,41,3,0,57,169,2,10,43,102,88,194,17,58,3,828
"021052110","02","Caba","02105","Comuna 15",8,9,35,0,1,43,114,4,5,29,73,93,180,19,63,1,677
"021052111","02","Caba","02105","Comuna 15",0,6,25,0,0,41,111,2,3,26,78,55,185,13,62,2,609
"021052112","02","Caba","02105","Comuna 15",0,7,42,3,0,39,65,0,1,19,52,37,81,12,22,5,385
"021052113","02","Caba","02105","Comuna 15",0,8,26,1,0,27,93,2,2,19,80,70,138,5,68,4,543
